# energy grid [eV]  eels components [arbitrary units]
#
    0.050000000    0.000028603    0.000028816    0.000028053
    0.060000000    0.000034329    0.000034585    0.000033669
    0.070000000    0.000040059    0.000040358    0.000039289
    0.080000000    0.000045793    0.000046134    0.000044911
    0.090000000    0.000051530    0.000051915    0.000050538
    0.100000000    0.000057273    0.000057701    0.000056169
    0.110000000    0.000063021    0.000063493    0.000061805
    0.120000000    0.000068775    0.000069291    0.000067447
    0.130000000    0.000074535    0.000075095    0.000073095
    0.140000000    0.000080302    0.000080907    0.000078749
    0.150000000    0.000086077    0.000086727    0.000084411
    0.160000000    0.000091860    0.000092555    0.000090080
    0.170000000    0.000097652    0.000098393    0.000095757
    0.180000000    0.000103454    0.000104240    0.000101443
    0.190000000    0.000109265    0.000110097    0.000107138
    0.200000000    0.000115086    0.000115965    0.000112843
    0.210000000    0.000120919    0.000121845    0.000118558
    0.220000000    0.000126763    0.000127737    0.000124284
    0.230000000    0.000132619    0.000133641    0.000130022
    0.240000000    0.000138489    0.000139559    0.000135772
    0.250000000    0.000144371    0.000145491    0.000141534
    0.260000000    0.000150268    0.000151438    0.000147309
    0.270000000    0.000156180    0.000157400    0.000153098
    0.280000000    0.000162107    0.000163378    0.000158901
    0.290000000    0.000168049    0.000169372    0.000164720
    0.300000000    0.000174009    0.000175384    0.000170553
    0.310000000    0.000179986    0.000181414    0.000176403
    0.320000000    0.000185981    0.000187463    0.000182270
    0.330000000    0.000191994    0.000193532    0.000188154
    0.340000000    0.000198027    0.000199620    0.000194057
    0.350000000    0.000204080    0.000205730    0.000199978
    0.360000000    0.000210154    0.000211861    0.000205918
    0.370000000    0.000216249    0.000218015    0.000211879
    0.380000000    0.000222366    0.000224192    0.000217860
    0.390000000    0.000228507    0.000230393    0.000223863
    0.400000000    0.000234671    0.000236619    0.000229887
    0.410000000    0.000240860    0.000242870    0.000235935
    0.420000000    0.000247074    0.000249148    0.000242007
    0.430000000    0.000253315    0.000255454    0.000248103
    0.440000000    0.000259582    0.000261788    0.000254224
    0.450000000    0.000265877    0.000268151    0.000260371
    0.460000000    0.000272201    0.000274544    0.000266545
    0.470000000    0.000278555    0.000280968    0.000272746
    0.480000000    0.000284939    0.000287425    0.000278976
    0.490000000    0.000291355    0.000293914    0.000285236
    0.500000000    0.000297803    0.000300437    0.000291525
    0.510000000    0.000304284    0.000306996    0.000297846
    0.520000000    0.000310800    0.000313590    0.000304198
    0.530000000    0.000317351    0.000320221    0.000310584
    0.540000000    0.000323938    0.000326891    0.000317003
    0.550000000    0.000330563    0.000333600    0.000323457
    0.560000000    0.000337226    0.000340350    0.000329947
    0.570000000    0.000343929    0.000347142    0.000336474
    0.580000000    0.000350672    0.000353976    0.000343039
    0.590000000    0.000357458    0.000360855    0.000349643
    0.600000000    0.000364287    0.000367779    0.000356288
    0.610000000    0.000371160    0.000374750    0.000362973
    0.620000000    0.000378079    0.000381770    0.000369701
    0.630000000    0.000385044    0.000388839    0.000376473
    0.640000000    0.000392058    0.000395959    0.000383290
    0.650000000    0.000399122    0.000403131    0.000390153
    0.660000000    0.000406237    0.000410358    0.000397063
    0.670000000    0.000413404    0.000417641    0.000404022
    0.680000000    0.000420625    0.000424981    0.000411032
    0.690000000    0.000427902    0.000432379    0.000418093
    0.700000000    0.000435236    0.000439839    0.000425208
    0.710000000    0.000442628    0.000447361    0.000432377
    0.720000000    0.000450081    0.000454947    0.000439602
    0.730000000    0.000457597    0.000462600    0.000446886
    0.740000000    0.000465176    0.000470321    0.000454228
    0.750000000    0.000472821    0.000478112    0.000461632
    0.760000000    0.000480534    0.000485976    0.000469099
    0.770000000    0.000488317    0.000493914    0.000476631
    0.780000000    0.000496171    0.000501929    0.000484230
    0.790000000    0.000504100    0.000510023    0.000491897
    0.800000000    0.000512104    0.000518198    0.000499635
    0.810000000    0.000520187    0.000526458    0.000507446
    0.820000000    0.000528350    0.000534804    0.000515332
    0.830000000    0.000536597    0.000543240    0.000523295
    0.840000000    0.000544929    0.000551768    0.000531338
    0.850000000    0.000553349    0.000560391    0.000539462
    0.860000000    0.000561860    0.000569112    0.000547671
    0.870000000    0.000570465    0.000577934    0.000555967
    0.880000000    0.000579167    0.000586861    0.000564353
    0.890000000    0.000587967    0.000595895    0.000572831
    0.900000000    0.000596871    0.000605041    0.000581404
    0.910000000    0.000605880    0.000614302    0.000590076
    0.920000000    0.000614999    0.000623682    0.000598849
    0.930000000    0.000624230    0.000633184    0.000607727
    0.940000000    0.000633578    0.000642814    0.000616713
    0.950000000    0.000643046    0.000652575    0.000625811
    0.960000000    0.000652639    0.000662471    0.000635024
    0.970000000    0.000662359    0.000672509    0.000644356
    0.980000000    0.000672212    0.000682691    0.000653811
    0.990000000    0.000682202    0.000693025    0.000663394
    1.000000000    0.000692334    0.000703514    0.000673108
    1.010000000    0.000702612    0.000714165    0.000682958
    1.020000000    0.000713042    0.000724984    0.000692949
    1.030000000    0.000723629    0.000735976    0.000703085
    1.040000000    0.000734378    0.000747149    0.000713372
    1.050000000    0.000745296    0.000758509    0.000723816
    1.060000000    0.000756388    0.000770063    0.000734422
    1.070000000    0.000767661    0.000781819    0.000745195
    1.080000000    0.000779122    0.000793785    0.000756143
    1.090000000    0.000790777    0.000805969    0.000767271
    1.100000000    0.000802634    0.000818379    0.000778586
    1.110000000    0.000814700    0.000831026    0.000790096
    1.120000000    0.000826985    0.000843919    0.000801809
    1.130000000    0.000839495    0.000857067    0.000813731
    1.140000000    0.000852241    0.000870483    0.000825872
    1.150000000    0.000865232    0.000884177    0.000838240
    1.160000000    0.000878477    0.000898162    0.000850845
    1.170000000    0.000891988    0.000912450    0.000863696
    1.180000000    0.000905775    0.000927056    0.000876804
    1.190000000    0.000919851    0.000941993    0.000890179
    1.200000000    0.000934227    0.000957277    0.000903833
    1.210000000    0.000948916    0.000972924    0.000917779
    1.220000000    0.000963934    0.000988952    0.000932030
    1.230000000    0.000979293    0.001005379    0.000946598
    1.240000000    0.000995011    0.001022225    0.000961499
    1.250000000    0.001011103    0.001039510    0.000976748
    1.260000000    0.001027588    0.001057258    0.000992362
    1.270000000    0.001044484    0.001075492    0.001008358
    1.280000000    0.001061812    0.001094238    0.001024755
    1.290000000    0.001079591    0.001113524    0.001041572
    1.300000000    0.001097847    0.001133379    0.001058831
    1.310000000    0.001116602    0.001153835    0.001076555
    1.320000000    0.001135883    0.001174926    0.001094768
    1.330000000    0.001155718    0.001196690    0.001113496
    1.340000000    0.001176137    0.001219165    0.001132767
    1.350000000    0.001197172    0.001242395    0.001152611
    1.360000000    0.001218858    0.001266426    0.001173060
    1.370000000    0.001241232    0.001291309    0.001194149
    1.380000000    0.001264334    0.001317099    0.001215916
    1.390000000    0.001288209    0.001343855    0.001238400
    1.400000000    0.001312902    0.001371643    0.001261646
    1.410000000    0.001338466    0.001400532    0.001285701
    1.420000000    0.001364955    0.001430602    0.001310617
    1.430000000    0.001392431    0.001461935    0.001336450
    1.440000000    0.001420958    0.001494627    0.001363260
    1.450000000    0.001450609    0.001528780    0.001391115
    1.460000000    0.001481462    0.001564506    0.001420086
    1.470000000    0.001513603    0.001601931    0.001450253
    1.480000000    0.001547127    0.001641194    0.001481704
    1.490000000    0.001582139    0.001682449    0.001514534
    1.500000000    0.001618753    0.001725868    0.001548851
    1.510000000    0.001657097    0.001771643    0.001584770
    1.520000000    0.001697313    0.001819987    0.001622421
    1.530000000    0.001739559    0.001871144    0.001661948
    1.540000000    0.001784010    0.001925385    0.001703511
    1.550000000    0.001830863    0.001983018    0.001747290
    1.560000000    0.001880341    0.002044392    0.001793484
    1.570000000    0.001932694    0.002109906    0.001842319
    1.580000000    0.001988204    0.002180015    0.001894048
    1.590000000    0.002047194    0.002255242    0.001948958
    1.600000000    0.002110031    0.002336190    0.002007374
    1.610000000    0.002177135    0.002423559    0.002069668
    1.620000000    0.002248993    0.002518160    0.002136263
    1.630000000    0.002326164    0.002620947    0.002207647
    1.640000000    0.002409303    0.002733040    0.002284382
    1.650000000    0.002499173    0.002855763    0.002367119
    1.660000000    0.002596675    0.002990693    0.002456618
    1.670000000    0.002702875    0.003139719    0.002553768
    1.680000000    0.002819043    0.003305121    0.002659615
    1.690000000    0.002946708    0.003489663    0.002775401
    1.700000000    0.003087719    0.003696733    0.002902605
    1.710000000    0.003244332    0.003930507    0.003043003
    1.720000000    0.003419325    0.004196181    0.003198739
    1.730000000    0.003616149    0.004500273    0.003372428
    1.740000000    0.003839129    0.004851037    0.003567279
    1.750000000    0.004093738    0.005259021    0.003787261
    1.760000000    0.004386973    0.005737830    0.004037334
    1.770000000    0.004727853    0.006305165    0.004323747
    1.780000000    0.005128101    0.006984241    0.004654447
    1.790000000    0.005603040    0.007805683    0.005039639
    1.800000000    0.006172707    0.008809962    0.005492547
    1.810000000    0.006863097    0.010050269    0.006030449
    1.820000000    0.007707086    0.011595167    0.006676073
    1.830000000    0.008743811    0.013528896    0.007459414
    1.840000000    0.010013554    0.015943837    0.008419934
    1.850000000    0.011542637    0.018912931    0.009608780
    1.860000000    0.013312283    0.022421400    0.011089725
    1.870000000    0.015217781    0.026242781    0.012935299
    1.880000000    0.017059890    0.029810961    0.015209911
    1.890000000    0.018621647    0.032285128    0.017924460
    1.900000000    0.019768789    0.032982750    0.020945111
    1.910000000    0.020421184    0.031853453    0.023874554
    1.920000000    0.020474861    0.029425226    0.026038582
    1.930000000    0.019901901    0.026391746    0.026788530
    1.940000000    0.018904118    0.023340982    0.026007335
    1.950000000    0.017839546    0.020662393    0.024231581
    1.960000000    0.017021330    0.018539733    0.022219981
    1.970000000    0.016628005    0.017009500    0.020528923
    1.980000000    0.016733961    0.016037111    0.019425400
    1.990000000    0.017362320    0.015567931    0.018982833
    2.000000000    0.018508539    0.015545534    0.019169001
    2.010000000    0.020127480    0.015905973    0.019866262
    2.020000000    0.022100835    0.016564060    0.020844397
    2.030000000    0.024239253    0.017421798    0.021766176
    2.040000000    0.026386911    0.018422758    0.022331730
    2.050000000    0.028563642    0.019604675    0.022509245
    2.060000000    0.030924779    0.021062645    0.022584048
    2.070000000    0.033507496    0.022850111    0.022957629
    2.080000000    0.036038926    0.024941844    0.023951473
    2.090000000    0.038071115    0.027308615    0.025750574
    2.100000000    0.039393923    0.029984869    0.028396380
    2.110000000    0.040245184    0.032954328    0.031726324
    2.120000000    0.041017376    0.035906899    0.035258449
    2.130000000    0.041872124    0.038160961    0.038168212
    2.140000000    0.042632398    0.038966330    0.039565509
    2.150000000    0.042818347    0.037972451    0.038963972
    2.160000000    0.041814392    0.035398231    0.036505515
    2.170000000    0.039334569    0.031862900    0.032825116
    2.180000000    0.035771863    0.028093082    0.028733241
    2.190000000    0.031918258    0.024644303    0.024878470
    2.200000000    0.028442281    0.021791757    0.021595536
    2.210000000    0.025682572    0.019595458    0.018965086
    2.220000000    0.023730215    0.018010888    0.016937518
    2.230000000    0.022565272    0.016965511    0.015422248
    2.240000000    0.022143584    0.016394218    0.014331094
    2.250000000    0.022429820    0.016248536    0.013593768
    2.260000000    0.023389955    0.016489800    0.013160976
    2.270000000    0.024944543    0.017069274    0.013003250
    2.280000000    0.026882268    0.017900464    0.013108759
    2.290000000    0.028779304    0.018849782    0.013480615
    2.300000000    0.030069599    0.019790966    0.014132149
    2.310000000    0.030374973    0.020707575    0.015076161
    2.320000000    0.029822382    0.021715599    0.016301457
    2.330000000    0.028921281    0.022948683    0.017732648
    2.340000000    0.028163109    0.024436520    0.019192910
    2.350000000    0.027819158    0.026111234    0.020437564
    2.360000000    0.028012542    0.027940821    0.021311031
    2.370000000    0.028826537    0.030028481    0.021900214
    2.380000000    0.030280264    0.032510317    0.022482612
    2.390000000    0.032205652    0.035324835    0.023346873
    2.400000000    0.034144463    0.038054787    0.024708358
    2.410000000    0.035408709    0.039984582    0.026736542
    2.420000000    0.035436574    0.040477450    0.029571910
    2.430000000    0.034235942    0.039496127    0.033265920
    2.440000000    0.032378142    0.037681916    0.037644394
    2.450000000    0.030547346    0.035873402    0.042134703
    2.460000000    0.029210477    0.034678421    0.045744661
    2.470000000    0.028599186    0.034404127    0.047504181
    2.480000000    0.028793615    0.035132461    0.047216313
    2.490000000    0.029766426    0.036756818    0.045631586
    2.500000000    0.031394407    0.038994886    0.043751551
    2.510000000    0.033471247    0.041473218    0.042120384
    2.520000000    0.035709307    0.043872920    0.040721929
    2.530000000    0.037729600    0.045951761    0.039350966
    2.540000000    0.039173311    0.047461713    0.038024382
    2.550000000    0.039979830    0.048275526    0.037046749
    2.560000000    0.040488190    0.048622460    0.036763097
    2.570000000    0.041113771    0.048927443    0.037308784
    2.580000000    0.041931341    0.049314772    0.038494597
    2.590000000    0.042603714    0.049383921    0.039832487
    2.600000000    0.042753515    0.048586691    0.040787190
    2.610000000    0.042425580    0.046861072    0.041201975
    2.620000000    0.042077498    0.044758280    0.041458232
    2.630000000    0.042113100    0.042944328    0.042128014
    2.640000000    0.042495091    0.041741655    0.043499560
    2.650000000    0.042737604    0.041091651    0.045316892
    2.660000000    0.042271989    0.040812663    0.046793633
    2.670000000    0.040929109    0.040874183    0.047015126
    2.680000000    0.039058892    0.041422387    0.045619863
    2.690000000    0.037157277    0.042519101    0.043054071
    2.700000000    0.035461634    0.043839276    0.040073351
    2.710000000    0.033917249    0.044629706    0.037203669
    2.720000000    0.032450063    0.044125329    0.034701207
    2.730000000    0.031188805    0.042187193    0.032749274
    2.740000000    0.030409691    0.039438835    0.031527848
    2.750000000    0.030360325    0.036742807    0.031165377
    2.760000000    0.031164526    0.034692128    0.031703477
    2.770000000    0.032787155    0.033478162    0.033082772
    2.780000000    0.034968204    0.032949246    0.035122045
    2.790000000    0.037139361    0.032698583    0.037535977
    2.800000000    0.038502775    0.032237028    0.040072519
    2.810000000    0.038452411    0.031288600    0.042702324
    2.820000000    0.037054597    0.029976588    0.045605570
    2.830000000    0.034987045    0.028680303    0.048840439
    2.840000000    0.033019611    0.027759858    0.051922906
    2.850000000    0.031659456    0.027434040    0.053745352
    2.860000000    0.031135106    0.027805325    0.053186235
    2.870000000    0.031494217    0.028896576    0.050064159
    2.880000000    0.032656729    0.030639078    0.045326223
    2.890000000    0.034422834    0.032838379    0.040256447
    2.900000000    0.036524655    0.035203585    0.035748959
    2.910000000    0.038789867    0.037506685    0.032188046
    2.920000000    0.041277198    0.039725113    0.029641381
    2.930000000    0.044149002    0.041921309    0.028049613
    2.940000000    0.047379643    0.043997925    0.027330424
    2.950000000    0.050631123    0.045710454    0.027419846
    2.960000000    0.053408336    0.046936495    0.028280474
    2.970000000    0.055305914    0.047813784    0.029889402
    2.980000000    0.056137726    0.048567253    0.032203918
    2.990000000    0.055912471    0.049237989    0.035101468
    3.000000000    0.054703847    0.049533741    0.038315511
    3.010000000    0.052611965    0.048949063    0.041394048
    3.020000000    0.049918255    0.047176135    0.043675214
    3.030000000    0.047122146    0.044423687    0.044404803
    3.040000000    0.044687992    0.041277636    0.043198833
    3.050000000    0.042762050    0.038300837    0.040463679
    3.060000000    0.041122694    0.035789927    0.037140189
    3.070000000    0.039439435    0.033836193    0.034088695
    3.080000000    0.037641232    0.032505320    0.031791747
    3.090000000    0.035995170    0.031902884    0.030412329
    3.100000000    0.034845436    0.032116862    0.029932593
    3.110000000    0.034359128    0.033146758    0.030234424
    3.120000000    0.034456394    0.034848554    0.031135425
    3.130000000    0.034872858    0.036888103    0.032449846
    3.140000000    0.035298157    0.038751472    0.034080723
    3.150000000    0.035543687    0.039900160    0.036010341
    3.160000000    0.035670965    0.040086088    0.038105442
    3.170000000    0.035982444    0.039580253    0.039922275
    3.180000000    0.036843955    0.038989129    0.040828719
    3.190000000    0.038475843    0.038821744    0.040500280
    3.200000000    0.040814865    0.039215671    0.039277121
    3.210000000    0.043446431    0.039931809    0.037914845
    3.220000000    0.045692200    0.040578412    0.037095518
    3.230000000    0.046981222    0.040972820    0.037207730
    3.240000000    0.047288904    0.041334304    0.038363456
    3.250000000    0.047129479    0.042089569    0.040429569
    3.260000000    0.047101012    0.043524118    0.043011778
    3.270000000    0.047481044    0.045567664    0.045522017
    3.280000000    0.048117590    0.047770295    0.047491718
    3.290000000    0.048620664    0.049514972    0.048942594
    3.300000000    0.048749079    0.050450349    0.050342897
    3.310000000    0.048635925    0.050783955    0.052157616
    3.320000000    0.048571284    0.051058157    0.054436459
    3.330000000    0.048617073    0.051664892    0.056678641
    3.340000000    0.048536020    0.052657661    0.058040037
    3.350000000    0.048109062    0.053961939    0.057876289
    3.360000000    0.047424590    0.055574089    0.056310121
    3.370000000    0.046760076    0.057408861    0.054231267
    3.380000000    0.046299140    0.059059761    0.052688265
    3.390000000    0.046061805    0.059929184    0.052339276
    3.400000000    0.045930540    0.059628621    0.053280626
    3.410000000    0.045590749    0.058105986    0.055073363
    3.420000000    0.044615803    0.055478621    0.056901107
    3.430000000    0.042851074    0.052068473    0.057948195
    3.440000000    0.040652960    0.048500645    0.057763774
    3.450000000    0.038632387    0.045469888    0.056235111
    3.460000000    0.037265898    0.043421701    0.053444296
    3.470000000    0.036744800    0.042456396    0.049750416
    3.480000000    0.037008604    0.042400844    0.045786967
    3.490000000    0.037835402    0.042947613    0.042217540
    3.500000000    0.038973884    0.043819181    0.039507598
    3.510000000    0.040289101    0.044840120    0.037866516
    3.520000000    0.041807598    0.045865425    0.037299091
    3.530000000    0.043634065    0.046764184    0.037660343
    3.540000000    0.045853667    0.047550083    0.038683837
    3.550000000    0.048460816    0.048384842    0.040031613
    3.560000000    0.051275012    0.049324857    0.041407977
    3.570000000    0.053854001    0.050079531    0.042665993
    3.580000000    0.055563696    0.050094019    0.043767642
    3.590000000    0.055979105    0.049009393    0.044648760
    3.600000000    0.055286092    0.047047421    0.045162965
    3.610000000    0.054120115    0.044824433    0.045116378
    3.620000000    0.053050004    0.042872692    0.044422382
    3.630000000    0.052270000    0.041398807    0.043329363
    3.640000000    0.051621112    0.040349826    0.042389904
    3.650000000    0.050853182    0.039628404    0.042152252
    3.660000000    0.049896151    0.039258396    0.042927648
    3.670000000    0.048888861    0.039365928    0.044754495
    3.680000000    0.048058526    0.040047269    0.047451681
    3.690000000    0.047580828    0.041236477    0.050657778
    3.700000000    0.047431037    0.042630253    0.053800790
    3.710000000    0.047379305    0.043776012    0.056108981
    3.720000000    0.047173689    0.044341300    0.056894306
    3.730000000    0.046635687    0.044278100    0.055977193
    3.740000000    0.045572813    0.043682115    0.053710007
    3.750000000    0.043845869    0.042671950    0.050619891
    3.760000000    0.041622120    0.041491334    0.047249898
    3.770000000    0.039367725    0.040513870    0.044171104
    3.780000000    0.037535817    0.040019467    0.041859880
    3.790000000    0.036351417    0.040024822    0.040564119
    3.800000000    0.035842964    0.040342120    0.040292489
    3.810000000    0.035969507    0.040774331    0.040830061
    3.820000000    0.036690971    0.041272803    0.041733500
    3.830000000    0.037940121    0.041925134    0.042424505
    3.840000000    0.039549816    0.042763482    0.042426104
    3.850000000    0.041248048    0.043594033    0.041545079
    3.860000000    0.042773698    0.044074941    0.039888600
    3.870000000    0.044001441    0.043985908    0.037806820
    3.880000000    0.044930248    0.043369830    0.035763530
    3.890000000    0.045591980    0.042415912    0.034149477
    3.900000000    0.046053688    0.041329803    0.033155796
    3.910000000    0.046457166    0.040316184    0.032764398
    3.920000000    0.046916883    0.039535888    0.032836272
    3.930000000    0.047401122    0.039055747    0.033256224
    3.940000000    0.047832053    0.038912495    0.034024333
    3.950000000    0.048291590    0.039209896    0.035193931
    3.960000000    0.049009845    0.040092528    0.036727252
    3.970000000    0.050097839    0.041612628    0.038429778
    3.980000000    0.051339718    0.043626045    0.040047364
    3.990000000    0.052248371    0.045773943    0.041436731
    4.000000000    0.052325382    0.047552643    0.042654806
    4.010000000    0.051395569    0.048508933    0.043948355
    4.020000000    0.049782218    0.048521160    0.045635165
    4.030000000    0.048115401    0.047939107    0.047903390
    4.040000000    0.046926802    0.047366117    0.050701836
    4.050000000    0.046368351    0.047252373    0.053763796
    4.060000000    0.046211073    0.047673487    0.056638030
    4.070000000    0.046068333    0.048374966    0.058759573
    4.080000000    0.045662534    0.048932005    0.059669545
    4.090000000    0.044972291    0.048980095    0.059283729
    4.100000000    0.044223972    0.048480512    0.058022243
    4.110000000    0.043703672    0.047720681    0.056587077
    4.120000000    0.043486650    0.046968489    0.055480719
    4.130000000    0.043343282    0.046217554    0.054759476
    4.140000000    0.042959767    0.045337975    0.054208161
    4.150000000    0.042288296    0.044408417    0.053588173
    4.160000000    0.041626816    0.043783256    0.052687330
    4.170000000    0.041351031    0.043846905    0.051400075
    4.180000000    0.041661048    0.044782659    0.049914474
    4.190000000    0.042559761    0.046521844    0.048651763
    4.200000000    0.043938384    0.048814228    0.047980682
    4.210000000    0.045616812    0.051347761    0.048063280
    4.220000000    0.047355335    0.053866640    0.048859840
    4.230000000    0.048912096    0.056226015    0.050131709
    4.240000000    0.050127873    0.058346234    0.051440975
    4.250000000    0.050980520    0.060152979    0.052274594
    4.260000000    0.051561085    0.061571261    0.052298980
    4.270000000    0.051950499    0.062459786    0.051499692
    4.280000000    0.052116702    0.062533744    0.050101871
    4.290000000    0.051937969    0.061508656    0.048461591
    4.300000000    0.051250442    0.059327302    0.046940059
    4.310000000    0.049867743    0.056176728    0.045719225
    4.320000000    0.047698788    0.052410632    0.044745326
    4.330000000    0.044954780    0.048532660    0.043893853
    4.340000000    0.042154271    0.045099323    0.043163748
    4.350000000    0.039846373    0.042519702    0.042690743
    4.360000000    0.038357556    0.040937187    0.042676904
    4.370000000    0.037738396    0.040258126    0.043361106
    4.380000000    0.037824945    0.040251549    0.044933556
    4.390000000    0.038329143    0.040628033    0.047372386
    4.400000000    0.038961998    0.041063442    0.050313636
    4.410000000    0.039562892    0.041244989    0.053065757
    4.420000000    0.040121367    0.041003126    0.054887085
    4.430000000    0.040668355    0.040410957    0.055432899
    4.440000000    0.041180582    0.039705698    0.054882880
    4.450000000    0.041607241    0.039129979    0.053577729
    4.460000000    0.041952576    0.038857334    0.051686379
    4.470000000    0.042330788    0.039018006    0.049273241
    4.480000000    0.042984949    0.039747450    0.046568085
    4.490000000    0.044208695    0.041151891    0.044006957
    4.500000000    0.046155693    0.043187302    0.041983767
    4.510000000    0.048681107    0.045562609    0.040661101
    4.520000000    0.051337232    0.047749667    0.039990733
    4.530000000    0.053550341    0.049153724    0.039816023
    4.540000000    0.054896906    0.049431340    0.039962431
    4.550000000    0.055235642    0.048685223    0.040311840
    4.560000000    0.054595901    0.047301475    0.040837311
    4.570000000    0.053113585    0.045687832    0.041578177
    4.580000000    0.051143192    0.044199059    0.042592656
    4.590000000    0.049218141    0.043115306    0.043895878
    4.600000000    0.047769792    0.042548106    0.045377585
    4.610000000    0.046926836    0.042390667    0.046781938
    4.620000000    0.046552880    0.042410829    0.047816538
    4.630000000    0.046422821    0.042423222    0.048339028
    4.640000000    0.046350671    0.042349520    0.048409490
    4.650000000    0.046177803    0.042124730    0.048131090
    4.660000000    0.045723997    0.041642408    0.047534867
    4.670000000    0.044790473    0.040802728    0.046603876
    4.680000000    0.043251102    0.039581401    0.045299833
    4.690000000    0.041198478    0.038086783    0.043604116
    4.700000000    0.038954394    0.036549488    0.041617270
    4.710000000    0.036875425    0.035210721    0.039588702
    4.720000000    0.035168553    0.034213892    0.037791853
    4.730000000    0.033891123    0.033602584    0.036363765
    4.740000000    0.033059582    0.033382176    0.035246554
    4.750000000    0.032707999    0.033537022    0.034291261
    4.760000000    0.032864873    0.033992952    0.033448151
    4.770000000    0.033522250    0.034625668    0.032828743
    4.780000000    0.034626370    0.035352040    0.032585027
    4.790000000    0.036065745    0.036193444    0.032806123
    4.800000000    0.037679771    0.037233419    0.033528965
    4.810000000    0.039327422    0.038538798    0.034748941
    4.820000000    0.040945613    0.040095495    0.036364548
    4.830000000    0.042525345    0.041782345    0.038156704
    4.840000000    0.044069415    0.043439003    0.039884402
    4.850000000    0.045572023    0.044951718    0.041380618
    4.860000000    0.046981949    0.046226462    0.042515524
    4.870000000    0.048193875    0.047151187    0.043166670
    4.880000000    0.049131497    0.047687502    0.043344872
    4.890000000    0.049823710    0.047959936    0.043320962
    4.900000000    0.050352187    0.048180488    0.043541592
    4.910000000    0.050758069    0.048515482    0.044397097
    4.920000000    0.051034860    0.049038899    0.046046447
    4.930000000    0.051161190    0.049734443    0.048332020
    4.940000000    0.051083530    0.050488137    0.050746370
    4.950000000    0.050682690    0.051082579    0.052545077
    4.960000000    0.049833317    0.051236202    0.053103067
    4.970000000    0.048535872    0.050728008    0.052311517
    4.980000000    0.046962747    0.049565502    0.050647523
    4.990000000    0.045373430    0.048050505    0.048864440
    5.000000000    0.044008535    0.046640099    0.047575015
    5.010000000    0.043008559    0.045698551    0.047019820
    5.020000000    0.042365822    0.045351830    0.047129665
    5.030000000    0.041975371    0.045531649    0.047748504
    5.040000000    0.041734031    0.046074672    0.048746031
    5.050000000    0.041571521    0.046738924    0.049915340
    5.060000000    0.041460206    0.047235745    0.050881643
    5.070000000    0.041438542    0.047384350    0.051236611
    5.080000000    0.041552127    0.047216669    0.050801570
    5.090000000    0.041753217    0.046884243    0.049722919
    5.100000000    0.041929168    0.046538028    0.048308588
    5.110000000    0.042048674    0.046320497    0.046837486
    5.120000000    0.042247064    0.046395447    0.045499752
    5.130000000    0.042766356    0.046949997    0.044427471
    5.140000000    0.043805939    0.048129428    0.043694296
    5.150000000    0.045401529    0.049937199    0.043243826
    5.160000000    0.047409015    0.052200422    0.042873277
    5.170000000    0.049574202    0.054605071    0.042343791
    5.180000000    0.051659509    0.056789360    0.041544738
    5.190000000    0.053554548    0.058501215    0.040562780
    5.200000000    0.055251395    0.059688183    0.039578368
    5.210000000    0.056719078    0.060402844    0.038736070
    5.220000000    0.057831841    0.060656297    0.038122388
    5.230000000    0.058406756    0.060403630    0.037775275
    5.240000000    0.058318463    0.059630454    0.037673951
    5.250000000    0.057616894    0.058403765    0.037758016
    5.260000000    0.056506939    0.056841685    0.037953283
    5.270000000    0.055188823    0.055055641    0.038160170
    5.280000000    0.053768220    0.053136035    0.038272898
    5.290000000    0.052364314    0.051221254    0.038286880
    5.300000000    0.051217313    0.049542467    0.038353962
    5.310000000    0.050589792    0.048322623    0.038663158
    5.320000000    0.050617201    0.047656323    0.039272318
    5.330000000    0.051277093    0.047496419    0.040043374
    5.340000000    0.052408032    0.047678724    0.040708314
    5.350000000    0.053712726    0.047938678    0.041021731
    5.360000000    0.054801658    0.047980627    0.040894950
    5.370000000    0.055338923    0.047630229    0.040406565
    5.380000000    0.055227956    0.046968767    0.039718623
    5.390000000    0.054656514    0.046292950    0.039009531
    5.400000000    0.053936704    0.045912894    0.038420863
    5.410000000    0.053310774    0.045980585    0.037990643
    5.420000000    0.052877476    0.046470231    0.037649278
    5.430000000    0.052646791    0.047266086    0.037303258
    5.440000000    0.052640893    0.048255216    0.036932946
    5.450000000    0.052942506    0.049385537    0.036620550
    5.460000000    0.053656302    0.050688636    0.036494340
    5.470000000    0.054843238    0.052257479    0.036663060
    5.480000000    0.056505496    0.054201339    0.037174959
    5.490000000    0.058593724    0.056579489    0.037990658
    5.500000000    0.060982047    0.059310567    0.038989196
    5.510000000    0.063445028    0.062124831    0.040001035
    5.520000000    0.065694584    0.064638801    0.040852858
    5.530000000    0.067497757    0.066558307    0.041444168
    5.540000000    0.068788036    0.067841411    0.041780030
    5.550000000    0.069643796    0.068643867    0.041897315
    5.560000000    0.070206167    0.069173785    0.041821428
    5.570000000    0.070648799    0.069625502    0.041615001
    5.580000000    0.071139016    0.070147940    0.041409403
    5.590000000    0.071759527    0.070802842    0.041376410
    5.600000000    0.072459853    0.071545819    0.041657759
    5.610000000    0.073071455    0.072225620    0.042285311
    5.620000000    0.073403896    0.072619953    0.043172107
    5.630000000    0.073416096    0.072592105    0.044189252
    5.640000000    0.073319871    0.072282047    0.045244926
    5.650000000    0.073495987    0.072098822    0.046327707
    5.660000000    0.074263352    0.072456857    0.047508540
    5.670000000    0.075645715    0.073481603    0.048867187
    5.680000000    0.077333499    0.074955808    0.050408567
    5.690000000    0.078865769    0.076490756    0.052077046
    5.700000000    0.079854731    0.077698834    0.053828210
    5.710000000    0.080141871    0.078310551    0.055648156
    5.720000000    0.079872377    0.078307833    0.057514009
    5.730000000    0.079411674    0.077943574    0.059366413
    5.740000000    0.079114829    0.077567282    0.061135867
    5.750000000    0.079138686    0.077458150    0.062780601
    5.760000000    0.079432627    0.077794458    0.064274491
    5.770000000    0.079864685    0.078683784    0.065608209
    5.780000000    0.080318567    0.080139330    0.066842567
    5.790000000    0.080675082    0.081991475    0.068095499
    5.800000000    0.080814550    0.083878826    0.069433790
    5.810000000    0.080727170    0.085420428    0.070812633
    5.820000000    0.080567955    0.086419607    0.072151573
    5.830000000    0.080558345    0.086907636    0.073477168
    5.840000000    0.080852456    0.087047883    0.074952514
    5.850000000    0.081477418    0.087015620    0.076709502
    5.860000000    0.082332859    0.086915707    0.078674147
    5.870000000    0.083191321    0.086751923    0.080578756
    5.880000000    0.083758017    0.086477296    0.082171042
    5.890000000    0.083862056    0.086110342    0.083420389
    5.900000000    0.083590733    0.085781176    0.084428952
    5.910000000    0.083180338    0.085656234    0.085165791
    5.920000000    0.082833972    0.085849528    0.085435191
    5.930000000    0.082670695    0.086386713    0.085126712
    5.940000000    0.082753937    0.087214642    0.084395508
    5.950000000    0.083106008    0.088246385    0.083554819
    5.960000000    0.083695669    0.089384673    0.082849298
    5.970000000    0.084452438    0.090510922    0.082317779
    5.980000000    0.085354839    0.091535847    0.081828032
    5.990000000    0.086485106    0.092497369    0.081278949
    6.000000000    0.087902367    0.093519111    0.080766013
    6.010000000    0.089446398    0.094618082    0.080485376
    6.020000000    0.090761585    0.095635207    0.080541363
    6.030000000    0.091510223    0.096345788    0.080921475
    6.040000000    0.091464970    0.096503175    0.081570721
    6.050000000    0.090492756    0.095830936    0.082416694
    6.060000000    0.088631007    0.094152833    0.083363043
    6.070000000    0.086156170    0.091545848    0.084306821
    6.080000000    0.083494309    0.088335178    0.085159223
    6.090000000    0.081044938    0.084955542    0.085823554
    6.100000000    0.079071490    0.081821192    0.086171891
    6.110000000    0.077715937    0.079282148    0.086126639
    6.120000000    0.077036421    0.077586522    0.085779391
    6.130000000    0.077008801    0.076820083    0.085396376
    6.140000000    0.077519534    0.076879621    0.085265141
    6.150000000    0.078354641    0.077496636    0.085446047
    6.160000000    0.079232291    0.078319956    0.085670486
    6.170000000    0.079901473    0.079029834    0.085571630
    6.180000000    0.080226398    0.079423959    0.085038739
    6.190000000    0.080203701    0.079450287    0.084259939
    6.200000000    0.079931345    0.079182349    0.083453853
    6.210000000    0.079551020    0.078753403    0.082700965
    6.220000000    0.079177459    0.078288065    0.082010482
    6.230000000    0.078846421    0.077863337    0.081432153
    6.240000000    0.078533324    0.077516789    0.081078811
    6.250000000    0.078237251    0.077297093    0.081072091
    6.260000000    0.078035405    0.077301302    0.081474776
    6.270000000    0.078031024    0.077622402    0.082265107
    6.280000000    0.078244130    0.078240056    0.083370076
    6.290000000    0.078576868    0.078990285    0.084723157
    6.300000000    0.078906870    0.079676101    0.086301021
    6.310000000    0.079196944    0.080197363    0.088144885
    6.320000000    0.079501591    0.080569646    0.090328440
    6.330000000    0.079915129    0.080877699    0.092817025
    6.340000000    0.080541982    0.081241335    0.095318632
    6.350000000    0.081475492    0.081777288    0.097322615
    6.360000000    0.082762736    0.082540523    0.098416578
    6.370000000    0.084381074    0.083493188    0.098643080
    6.380000000    0.086244724    0.084545865    0.098480523
    6.390000000    0.088223658    0.085625892    0.098457683
    6.400000000    0.090166448    0.086697904    0.098822466
    6.410000000    0.091952151    0.087766992    0.099509178
    6.420000000    0.093565950    0.088899459    0.100355515
    6.430000000    0.095134573    0.090217921    0.101313091
    6.440000000    0.096857173    0.091846028    0.102452652
    6.450000000    0.098850650    0.093811798    0.103848670
    6.460000000    0.101034113    0.095985557    0.105457594
    6.470000000    0.103159173    0.098143253    0.107016195
    6.480000000    0.104961629    0.100090061    0.108036526
    6.490000000    0.106322911    0.101730950    0.108040110
    6.500000000    0.107289204    0.103052193    0.106954702
    6.510000000    0.107940791    0.104058337    0.105243281
    6.520000000    0.108331190    0.104780382    0.103558370
    6.530000000    0.108550571    0.105332248    0.102291398
    6.540000000    0.108737455    0.105854727    0.101434939
    6.550000000    0.109024851    0.106392023    0.100825511
    6.560000000    0.109515331    0.106893212    0.100488726
    6.570000000    0.110241939    0.107294705    0.100687650
    6.580000000    0.111071184    0.107482092    0.101645736
    6.590000000    0.111699472    0.107239401    0.103307477
    6.600000000    0.111870131    0.106427640    0.105341751
    6.610000000    0.111631804    0.105215123    0.107339058
    6.620000000    0.111317621    0.104005326    0.109080833
    6.630000000    0.111272171    0.103162226    0.110658023
    6.640000000    0.111684156    0.102896076    0.112313352
    6.650000000    0.112590673    0.103304760    0.114132283
    6.660000000    0.113876015    0.104372279    0.115771818
    6.670000000    0.115319492    0.105972518    0.116544878
    6.680000000    0.116755146    0.107959047    0.116015913
    6.690000000    0.118139154    0.110215230    0.114486871
    6.700000000    0.119454634    0.112605064    0.112749205
    6.710000000    0.120669454    0.114957312    0.111519107
    6.720000000    0.121789317    0.117123417    0.111159186
    6.730000000    0.122873864    0.119048007    0.111647769
    6.740000000    0.123993623    0.120806926    0.112618012
    6.750000000    0.125133784    0.122521354    0.113492671
    6.760000000    0.126116238    0.124177646    0.113716131
    6.770000000    0.126699420    0.125605092    0.113002887
    6.780000000    0.126798847    0.126673213    0.111473911
    6.790000000    0.126593487    0.127439089    0.109564222
    6.800000000    0.126436598    0.128116724    0.107824202
    6.810000000    0.126641647    0.128960183    0.106742159
    6.820000000    0.127278728    0.130105304    0.106544723
    6.830000000    0.128113213    0.131453204    0.107101930
    6.840000000    0.128679314    0.132708008    0.108134595
    6.850000000    0.128446665    0.133527431    0.109549375
    6.860000000    0.127089415    0.133652099    0.111463740
    6.870000000    0.124753555    0.133016833    0.113885105
    6.880000000    0.122068395    0.131874569    0.116493575
    6.890000000    0.119805113    0.130736646    0.118785559
    6.900000000    0.118475518    0.130053814    0.120375734
    6.910000000    0.118241360    0.129987333    0.121180010
    6.920000000    0.119063718    0.130507231    0.121404992
    6.930000000    0.120770096    0.131552650    0.121383430
    6.940000000    0.122996614    0.132975421    0.121342478
    6.950000000    0.125178840    0.134385918    0.121211865
    6.960000000    0.126731501    0.135232626    0.120671575
    6.970000000    0.127392288    0.135195675    0.119490353
    6.980000000    0.127364792    0.134432430    0.117779702
    6.990000000    0.127058104    0.133348659    0.115960669
    7.000000000    0.126741241    0.132212844    0.114573899
    7.010000000    0.126417279    0.131008575    0.113969936
    7.020000000    0.125973444    0.129637899    0.114053332
    7.030000000    0.125440948    0.128232316    0.114395139
    7.040000000    0.125064518    0.127160270    0.114651717
    7.050000000    0.125113843    0.126735279    0.114850299
    7.060000000    0.125682940    0.126988882    0.115317329
    7.070000000    0.126647520    0.127665571    0.116432508
    7.080000000    0.127716604    0.128350183    0.118426517
    7.090000000    0.128497228    0.128627802    0.121295309
    7.100000000    0.128606572    0.128209281    0.124779868
    7.110000000    0.127866974    0.127013518    0.128393787
    7.120000000    0.126424555    0.125203202    0.131608311
    7.130000000    0.124590456    0.123049958    0.134133391
    7.140000000    0.122557744    0.120690503    0.136006076
    7.150000000    0.120353259    0.118109420    0.137419852
    7.160000000    0.118044951    0.115380821    0.138508336
    7.170000000    0.115894057    0.112822810    0.139241712
    7.180000000    0.114275839    0.110858365    0.139544986
    7.190000000    0.113467533    0.109747171    0.139538655
    7.200000000    0.113500078    0.109458738    0.139539482
    7.210000000    0.114133981    0.109726682    0.139804964
    7.220000000    0.114919790    0.110177554    0.140389275
    7.230000000    0.115405146    0.110510907    0.141188048
    7.240000000    0.115447552    0.110702695    0.141992881
    7.250000000    0.115295206    0.111043332    0.142562326
    7.260000000    0.115309876    0.111910767    0.142776255
    7.270000000    0.115691149    0.113503165    0.142694657
    7.280000000    0.116464412    0.115769710    0.142421038
    7.290000000    0.117580309    0.118491952    0.142004366
    7.300000000    0.118945843    0.121338955    0.141447662
    7.310000000    0.120454497    0.123920400    0.140696655
    7.320000000    0.122060174    0.125939175    0.139678735
    7.330000000    0.123796033    0.127332532    0.138382672
    7.340000000    0.125654011    0.128207745    0.136838880
    7.350000000    0.127419173    0.128645639    0.135056905
    7.360000000    0.128724449    0.128661394    0.133046987
    7.370000000    0.129320950    0.128313116    0.130922870
    7.380000000    0.129222377    0.127687875    0.128934176
    7.390000000    0.128619990    0.126790871    0.127376680
    7.400000000    0.127746386    0.125577991    0.126465681
    7.410000000    0.126785635    0.124125201    0.126217777
    7.420000000    0.125846125    0.122708818    0.126412712
    7.430000000    0.125034195    0.121721773    0.126743103
    7.440000000    0.124525489    0.121512312    0.127085381
    7.450000000    0.124465360    0.122196216    0.127574198
    7.460000000    0.124827316    0.123538566    0.128350315
    7.470000000    0.125467381    0.125058987    0.129333411
    7.480000000    0.126234474    0.126308659    0.130334106
    7.490000000    0.126868046    0.126993968    0.131321339
    7.500000000    0.126934893    0.126911995    0.132474746
    7.510000000    0.126095903    0.125971783    0.134007111
    7.520000000    0.124304260    0.124208161    0.135983072
    7.530000000    0.121609403    0.121647558    0.138217034
    7.540000000    0.118033788    0.118336062    0.140273530
    7.550000000    0.113791011    0.114570913    0.141665450
    7.560000000    0.109390685    0.110895966    0.142167318
    7.570000000    0.105422939    0.107832448    0.141964656
    7.580000000    0.102285410    0.105670995    0.141502884
    7.590000000    0.100075683    0.104456540    0.141132451
    7.600000000    0.098673598    0.104094221    0.140885994
    7.610000000    0.097887160    0.104423699    0.140678495
    7.620000000    0.097567047    0.105227391    0.140702093
    7.630000000    0.097678763    0.106282394    0.141467316
    7.640000000    0.098260473    0.107443926    0.143362931
    7.650000000    0.099242136    0.108619786    0.146221283
    7.660000000    0.100334684    0.109681139    0.149321847
    7.670000000    0.101194820    0.110488961    0.151805480
    7.680000000    0.101725457    0.111011747    0.153170563
    7.690000000    0.102127186    0.111343637    0.153443858
    7.700000000    0.102628387    0.111580454    0.152863899
    7.710000000    0.103281604    0.111738827    0.151491843
    7.720000000    0.104076833    0.111844157    0.149277305
    7.730000000    0.105116556    0.112020645    0.146350803
    7.740000000    0.106531604    0.112396431    0.143024628
    7.750000000    0.108259297    0.112925665    0.139628215
    7.760000000    0.109989566    0.113342790    0.136464967
    7.770000000    0.111334436    0.113327713    0.133809209
    7.780000000    0.112056839    0.112771383    0.131851136
    7.790000000    0.112176387    0.111899328    0.130647173
    7.800000000    0.111911760    0.111125331    0.130122045
    7.810000000    0.111553925    0.110780064    0.130086890
    7.820000000    0.111337669    0.110929908    0.130221420
    7.830000000    0.111362799    0.111385523    0.130094833
    7.840000000    0.111620442    0.111856323    0.129372093
    7.850000000    0.112088182    0.112147846    0.128090689
    7.860000000    0.112781279    0.112274613    0.126631790
    7.870000000    0.113662491    0.112364323    0.125409096
    7.880000000    0.114523932    0.112463858    0.124688305
    7.890000000    0.115041839    0.112461069    0.124617895
    7.900000000    0.115002400    0.112182176    0.125270348
    7.910000000    0.114507570    0.111584763    0.126617263
    7.920000000    0.113938772    0.110831204    0.128498417
    7.930000000    0.113703561    0.110161034    0.130655312
    7.940000000    0.114003218    0.109751543    0.132827560
    7.950000000    0.114825781    0.109750597    0.134865707
    7.960000000    0.116162203    0.110412751    0.136801563
    7.970000000    0.118127913    0.112076151    0.138819679
    7.980000000    0.120821028    0.114959098    0.141158372
    7.990000000    0.124238419    0.119057696    0.144050394
    8.000000000    0.128416749    0.124238178    0.147692977
    8.010000000    0.133478075    0.130278489    0.152128111
    8.020000000    0.139412720    0.136728597    0.157127111
    8.030000000    0.145894634    0.142867547    0.162284016
    8.040000000    0.152379775    0.148018464    0.167237872
    8.050000000    0.158357268    0.151965073    0.171809339
    8.060000000    0.163515569    0.155004685    0.175998661
    8.070000000    0.167754214    0.157572578    0.179880196
    8.080000000    0.171085662    0.159812610    0.183474749
    8.090000000    0.173584117    0.161502614    0.186710673
    8.100000000    0.175432458    0.162334956    0.189459392
    8.110000000    0.176885890    0.162234900    0.191564387
    8.120000000    0.178150640    0.161493609    0.192871175
    8.130000000    0.179365151    0.160669270    0.193363021
    8.140000000    0.180658334    0.160270744    0.193327716
    8.150000000    0.182137861    0.160413720    0.193243789
    8.160000000    0.183843414    0.160786919    0.193389886
    8.170000000    0.185729717    0.160984560    0.193622374
    8.180000000    0.187630434    0.160801851    0.193607955
    8.190000000    0.189257864    0.160237479    0.193235687
    8.200000000    0.190409928    0.159499490    0.192787881
    8.210000000    0.191253513    0.159126021    0.192792288
    8.220000000    0.192215071    0.159826681    0.193760208
    8.230000000    0.193491892    0.162056875    0.195985070
    8.240000000    0.194777802    0.165742263    0.199383580
    8.250000000    0.195468455    0.170248596    0.203377197
    8.260000000    0.195123816    0.174570798    0.207054153
    8.270000000    0.193884624    0.177887653    0.209742834
    8.280000000    0.192437313    0.180157884    0.211530490
    8.290000000    0.191457365    0.181993342    0.213135928
    8.300000000    0.191142194    0.183949520    0.215260956
    8.310000000    0.191237232    0.186110299    0.218067771
    8.320000000    0.191359405    0.188237881    0.221210666
    8.330000000    0.191287987    0.190118482    0.224202909
    8.340000000    0.190985805    0.191714999    0.226612077
    8.350000000    0.190409331    0.193067164    0.228087769
    8.360000000    0.189452398    0.194196088    0.228485088
    8.370000000    0.188094178    0.195157218    0.227994254
    8.380000000    0.186497206    0.196146026    0.227090874
    8.390000000    0.184963184    0.197521077    0.226347376
    8.400000000    0.183840441    0.199691296    0.226283947
    8.410000000    0.183374682    0.202914637    0.227268475
    8.420000000    0.183481760    0.207044602    0.229339334
    8.430000000    0.183648583    0.211342721    0.232005382
    8.440000000    0.183153695    0.214641589    0.234387678
    8.450000000    0.181445557    0.215895761    0.235850141
    8.460000000    0.178429919    0.214731716    0.236497970
    8.470000000    0.174498470    0.211561371    0.236993359
    8.480000000    0.170218817    0.207157259    0.238086584
    8.490000000    0.165966217    0.202107122    0.240379529
    8.500000000    0.161928272    0.196746888    0.244362415
    8.510000000    0.158321605    0.191436854    0.250411416
    8.520000000    0.155342315    0.186556850    0.258370070
    8.530000000    0.152989794    0.182314291    0.267001838
    8.540000000    0.151144225    0.178786653    0.274164247
    8.550000000    0.149757688    0.176032675    0.277963762
    8.560000000    0.148842033    0.174005638    0.277875090
    8.570000000    0.148315417    0.172448135    0.274722645
    8.580000000    0.147939885    0.170968419    0.269848698
    8.590000000    0.147420804    0.169230262    0.264526881
    8.600000000    0.146568222    0.167098563    0.259806834
    8.610000000    0.145375170    0.164661091    0.256373135
    8.620000000    0.143973178    0.162138271    0.254495087
    8.630000000    0.142539021    0.159759782    0.254192950
    8.640000000    0.141237057    0.157710597    0.255427167
    8.650000000    0.140213984    0.156129061    0.258130171
    8.660000000    0.139590072    0.155079722    0.262109201
    8.670000000    0.139431426    0.154523080    0.266958255
    8.680000000    0.139742304    0.154319875    0.272103325
    8.690000000    0.140499538    0.154281895    0.277007231
    8.700000000    0.141685853    0.154256682    0.281315622
    8.710000000    0.143302422    0.154200633    0.284872746
    8.720000000    0.145339422    0.154142970    0.287644460
    8.730000000    0.147683322    0.154065824    0.289429447
    8.740000000    0.150088947    0.153902029    0.289659295
    8.750000000    0.152295080    0.153617629    0.287764050
    8.760000000    0.154099880    0.153160419    0.283676688
    8.770000000    0.155320173    0.152402052    0.277919349
    8.780000000    0.155838292    0.151280779    0.271418401
    8.790000000    0.155723087    0.149929864    0.265157354
    8.800000000    0.155206075    0.148592121    0.259811182
    8.810000000    0.154534184    0.147472295    0.255539408
    8.820000000    0.153877003    0.146679148    0.251994583
    8.830000000    0.153366039    0.146257102    0.248692758
    8.840000000    0.153180056    0.146254735    0.245482287
    8.850000000    0.153561141    0.146745859    0.242645670
    8.860000000    0.154729155    0.147736486    0.240628095
    8.870000000    0.156703778    0.149017737    0.239577191
    8.880000000    0.159157492    0.150163941    0.238961852
    8.890000000    0.161525758    0.150793652    0.237598167
    8.900000000    0.163329213    0.150843841    0.234216825
    8.910000000    0.164338336    0.150517635    0.228321331
    8.920000000    0.164495043    0.150040636    0.220601796
    8.930000000    0.163871576    0.149565518    0.212459593
    8.940000000    0.162698755    0.149214883    0.205242011
    8.950000000    0.161311286    0.149107237    0.199852788
    8.960000000    0.160072752    0.149395664    0.196699797
    8.970000000    0.159349470    0.150325966    0.195804115
    8.980000000    0.159453385    0.152178755    0.196972752
    8.990000000    0.160526660    0.155088353    0.199912730
    9.000000000    0.162476574    0.158937488    0.204241642
    9.010000000    0.165070360    0.163442364    0.209415989
    9.020000000    0.168099975    0.168253083    0.214633157
    9.030000000    0.171438370    0.172923905    0.218880384
    9.040000000    0.174988678    0.176902463    0.221287655
    9.050000000    0.178595440    0.179621551    0.221515402
    9.060000000    0.181914554    0.180595528    0.219732920
    9.070000000    0.184362764    0.179549818    0.216275878
    9.080000000    0.185326204    0.176605841    0.211493470
    9.090000000    0.184504830    0.172304968    0.205884599
    9.100000000    0.182080473    0.167362870    0.200106219
    9.110000000    0.178631890    0.162421043    0.194749604
    9.120000000    0.174916664    0.157972086    0.190183615
    9.130000000    0.171599993    0.154329041    0.186605609
    9.140000000    0.169056904    0.151597740    0.184156935
    9.150000000    0.167346668    0.149707681    0.182926824
    9.160000000    0.166331881    0.148500964    0.182861087
    9.170000000    0.165852941    0.147865139    0.183743166
    9.180000000    0.165842871    0.147861130    0.185273434
    9.190000000    0.166324543    0.148727739    0.187131916
    9.200000000    0.167315840    0.150709662    0.189040024
    9.210000000    0.168715785    0.153835999    0.190877256
    9.220000000    0.170262321    0.157819937    0.192672060
    9.230000000    0.171605207    0.162114572    0.194369633
    9.240000000    0.172457712    0.166059859    0.195677030
    9.250000000    0.172730017    0.169102156    0.196259647
    9.260000000    0.172554946    0.171033698    0.196053732
    9.270000000    0.172205157    0.172045735    0.195250641
    9.280000000    0.171957866    0.172495550    0.194005000
    9.290000000    0.171935618    0.172587571    0.192309523
    9.300000000    0.172020429    0.172265692    0.190188258
    9.310000000    0.172000025    0.171420007    0.187879908
    9.320000000    0.171816026    0.170148188    0.185735622
    9.330000000    0.171590415    0.168738568    0.184035173
    9.340000000    0.171445052    0.167430951    0.182948350
    9.350000000    0.171370886    0.166269333    0.182522239
    9.360000000    0.171290121    0.165214581    0.182667988
    9.370000000    0.171237930    0.164337972    0.183278428
    9.380000000    0.171452065    0.163833141    0.184360252
    9.390000000    0.172300030    0.163907619    0.185968936
    9.400000000    0.174115445    0.164713935    0.188049074
    9.410000000    0.177028150    0.166318352    0.190455173
    9.420000000    0.180910179    0.168701092    0.193128193
    9.430000000    0.185450615    0.171764862    0.196083191
    9.440000000    0.190218317    0.175283529    0.199179788
    9.450000000    0.194650090    0.178855974    0.202080241
    9.460000000    0.198107172    0.182001617    0.204473700
    9.470000000    0.200150127    0.184399016    0.206295331
    9.480000000    0.200827545    0.186079950    0.207778279
    9.490000000    0.200617644    0.187367308    0.209283150
    9.500000000    0.200105800    0.188618051    0.211025068
    9.510000000    0.199766839    0.190049723    0.212983829
    9.520000000    0.199930819    0.191782655    0.215100351
    9.530000000    0.200798135    0.193977705    0.217538615
    9.540000000    0.202409556    0.196843394    0.220666501
    9.550000000    0.204529338    0.200399180    0.224667000
    9.560000000    0.206645331    0.204270437    0.229209039
    9.570000000    0.208294335    0.207884717    0.233644371
    9.580000000    0.209402310    0.210891974    0.237541029
    9.590000000    0.210246799    0.213308735    0.241016129
    9.600000000    0.211177724    0.215334059    0.244623261
    9.610000000    0.212420034    0.217163057    0.248894040
    9.620000000    0.214067199    0.218972545    0.253901819
    9.630000000    0.216144398    0.220984953    0.259183782
    9.640000000    0.218595706    0.223400732    0.264003877
    9.650000000    0.221241902    0.226224617    0.267742470
    9.660000000    0.223796973    0.229236618    0.270163481
    9.670000000    0.225906882    0.232115257    0.271410847
    9.680000000    0.227165638    0.234482208    0.271875674
    9.690000000    0.227194037    0.235885895    0.272139945
    9.700000000    0.225869838    0.235987456    0.272946445
    9.710000000    0.223481803    0.234857979    0.274980836
    9.720000000    0.220595913    0.232996276    0.278481742
    9.730000000    0.217829027    0.231010307    0.282957476
    9.740000000    0.215730186    0.229320919    0.287307009
    9.750000000    0.214720558    0.228117544    0.290482232
    9.760000000    0.215016047    0.227461123    0.292236988
    9.770000000    0.216604594    0.227395881    0.293172243
    9.780000000    0.219305261    0.227977323    0.294111776
    9.790000000    0.222764961    0.229168138    0.295515967
    9.800000000    0.226407304    0.230735939    0.297342620
    9.810000000    0.229562996    0.232352156    0.299352540
    9.820000000    0.231743525    0.233807629    0.301394409
    9.830000000    0.232788127    0.235091445    0.303228117
    9.840000000    0.232824587    0.236308964    0.304306917
    9.850000000    0.232164906    0.237583056    0.304064186
    9.860000000    0.231210210    0.239038016    0.302357679
    9.870000000    0.230307857    0.240800349    0.299488289
    9.880000000    0.229610152    0.242920372    0.296048236
    9.890000000    0.229139152    0.245356431    0.292938756
    9.900000000    0.229048478    0.248151198    0.291130211
    9.910000000    0.229806247    0.251598433    0.291031560
    9.920000000    0.231986400    0.256060854    0.292109805
    9.930000000    0.235784999    0.261539781    0.293179044
    9.940000000    0.240801261    0.267542771    0.293038456
    9.950000000    0.246303994    0.273398320    0.290981789
    9.960000000    0.251652659    0.278581400    0.287057780
    9.970000000    0.256477049    0.282739874    0.281938500
    9.980000000    0.260635003    0.285668375    0.276383994
    9.990000000    0.264223848    0.287484399    0.270802199
   10.000000000    0.267587215    0.288666244    0.265237169
   10.010000000    0.271095822    0.289724033    0.259605592
   10.020000000    0.274821642    0.290863097    0.253847084
   10.030000000    0.278402905    0.291954919    0.247919274
   10.040000000    0.281276282    0.292772499    0.241844409
   10.050000000    0.283091853    0.293181716    0.235847699
   10.060000000    0.283824236    0.293052892    0.230288200
   10.070000000    0.283581853    0.292153734    0.225395385
   10.080000000    0.282522030    0.290337904    0.221192489
   10.090000000    0.280939920    0.287844414    0.217643744
   10.100000000    0.279271203    0.285271393    0.214787468
   10.110000000    0.277898376    0.283176351    0.212705826
   10.120000000    0.277005626    0.281733923    0.211355289
   10.130000000    0.276634235    0.280770515    0.210481522
   10.140000000    0.276792611    0.280039748    0.209714883
   10.150000000    0.277523044    0.279440078    0.208703161
   10.160000000    0.278870595    0.279002520    0.207146357
   10.170000000    0.280680025    0.278688598    0.204727359
   10.180000000    0.282465825    0.278337859    0.201175051
   10.190000000    0.283656200    0.277877119    0.196493210
   10.200000000    0.283941309    0.277374948    0.190974353
   10.210000000    0.283338584    0.276821021    0.184959722
   10.220000000    0.282064853    0.276006559    0.178666997
   10.230000000    0.280417830    0.274674603    0.172188661
   10.240000000    0.278629004    0.272669271    0.165547916
   10.250000000    0.276723961    0.269883134    0.158753422
   10.260000000    0.274543442    0.266121533    0.151863989
   10.270000000    0.271812101    0.261049889    0.145032397
   10.280000000    0.268173228    0.254394804    0.138486702
   10.290000000    0.263360123    0.246340446    0.132477182
   10.300000000    0.257445728    0.237643383    0.127275500
   10.310000000    0.250869100    0.229290326    0.123173121
   10.320000000    0.244230394    0.222075488    0.120369855
   10.330000000    0.238034999    0.216377033    0.118855066
   10.340000000    0.232537176    0.212172709    0.118442001
   10.350000000    0.227809117    0.209229120    0.118911800
   10.360000000    0.223908919    0.207309268    0.120078129
   10.370000000    0.220932191    0.206275821    0.121704092
   10.380000000    0.218953437    0.206049765    0.123426260
   10.390000000    0.217939413    0.206477221    0.124820994
   10.400000000    0.217639360    0.207229159    0.125567962
   10.410000000    0.217533970    0.207830493    0.125590301
   10.420000000    0.217029513    0.207843041    0.125069318
   10.430000000    0.215787455    0.207033966    0.124334529
   10.440000000    0.213818797    0.205351949    0.123720628
   10.450000000    0.211319681    0.202860065    0.123444527
   10.460000000    0.208529318    0.199774060    0.123533747
   10.470000000    0.205696908    0.196487801    0.123856522
   10.480000000    0.203066366    0.193481699    0.124249021
   10.490000000    0.200830123    0.191157503    0.124645135
   10.500000000    0.199074372    0.189692264    0.125091546
   10.510000000    0.197783647    0.189013418    0.125665111
   10.520000000    0.196924645    0.188949534    0.126406337
   10.530000000    0.196499044    0.189438652    0.127299565
   10.540000000    0.196487707    0.190574382    0.128294795
   10.550000000    0.196794331    0.192453670    0.129362233
   10.560000000    0.197294584    0.195016960    0.130522599
   10.570000000    0.197920376    0.198009173    0.131834311
   10.580000000    0.198676213    0.201051708    0.133361904
   10.590000000    0.199603503    0.203804720    0.135138845
   10.600000000    0.200729390    0.206097950    0.137147751
   10.610000000    0.201993161    0.207877227    0.139329544
   10.620000000    0.203186916    0.209055821    0.141615104
   10.630000000    0.203962024    0.209432328    0.143977695
   10.640000000    0.203924148    0.208738037    0.146459568
   10.650000000    0.202810528    0.206842839    0.149096642
   10.660000000    0.200622446    0.203935937    0.151783168
   10.670000000    0.197623102    0.200463930    0.154249952
   10.680000000    0.194237217    0.196928696    0.156207955
   10.690000000    0.190896970    0.193718787    0.157498092
   10.700000000    0.187924234    0.191039962    0.158134597
   10.710000000    0.185527500    0.188986576    0.158296697
   10.720000000    0.183823027    0.187639788    0.158288549
   10.730000000    0.182820021    0.187050323    0.158446024
   10.740000000    0.182422659    0.187153885    0.159010245
   10.750000000    0.182436752    0.187738727    0.159992269
   10.760000000    0.182565944    0.188485511    0.161177262
   10.770000000    0.182460537    0.189019036    0.162357043
   10.780000000    0.181863438    0.189006237    0.163544496
   10.790000000    0.180765349    0.188321305    0.164926218
   10.800000000    0.179424454    0.187129374    0.166690129
   10.810000000    0.178210408    0.185789293    0.168951073
   10.820000000    0.177403348    0.184663993    0.171757170
   10.830000000    0.177104824    0.183953838    0.175027602
   10.840000000    0.177268425    0.183636097    0.178420634
   10.850000000    0.177782770    0.183563206    0.181373975
   10.860000000    0.178547756    0.183610738    0.183440815
   10.870000000    0.179487825    0.183718468    0.184631859
   10.880000000    0.180523375    0.183871193    0.185372051
   10.890000000    0.181592002    0.184124669    0.186129683
   10.900000000    0.182708787    0.184599997    0.187099180
   10.910000000    0.183933784    0.185344070    0.188108665
   10.920000000    0.185249116    0.186179981    0.188751497
   10.930000000    0.186513671    0.186737917    0.188691317
   10.940000000    0.187535371    0.186630734    0.187938890
   10.950000000    0.188131094    0.185606001    0.186881922
   10.960000000    0.188146394    0.183635368    0.186025349
   10.970000000    0.187545524    0.180969224    0.185646724
   10.980000000    0.186503402    0.178058377    0.185671501
   10.990000000    0.185317683    0.175329653    0.185823703
   11.000000000    0.184215709    0.173036877    0.185816112
   11.010000000    0.183279070    0.171300235    0.185445006
   11.020000000    0.182483694    0.170168951    0.184667797
   11.030000000    0.181736928    0.169588219    0.183624129
   11.040000000    0.180943369    0.169382715    0.182516639
   11.050000000    0.180114939    0.169343096    0.181481359
   11.060000000    0.179389398    0.169330859    0.180559295
   11.070000000    0.178908562    0.169320228    0.179701976
   11.080000000    0.178730715    0.169418357    0.178771067
   11.090000000    0.178878857    0.169878992    0.177604634
   11.100000000    0.179368661    0.171003717    0.176143595
   11.110000000    0.180145712    0.172918108    0.174451052
   11.120000000    0.181076546    0.175424386    0.172605493
   11.130000000    0.182021853    0.178088593    0.170668017
   11.140000000    0.182869263    0.180467693    0.168722658
   11.150000000    0.183517781    0.182286121    0.166810606
   11.160000000    0.183891455    0.183481328    0.164836657
   11.170000000    0.183969812    0.184145826    0.162606615
   11.180000000    0.183768990    0.184407400    0.159913992
   11.190000000    0.183329288    0.184356005    0.156603863
   11.200000000    0.182772729    0.184098823    0.152670567
   11.210000000    0.182277856    0.183790976    0.148341929
   11.220000000    0.181907057    0.183520397    0.144020996
   11.230000000    0.181518104    0.183214225    0.140129004
   11.240000000    0.180922688    0.182754000    0.136981433
   11.250000000    0.180117701    0.182188534    0.134700070
   11.260000000    0.179300899    0.181753835    0.133177478
   11.270000000    0.178632575    0.181639794    0.132161240
   11.280000000    0.178010314    0.181750428    0.131387713
   11.290000000    0.177129819    0.181700144    0.130647588
   11.300000000    0.175758906    0.181069694    0.129802763
   11.310000000    0.173910320    0.179718707    0.128779647
   11.320000000    0.171807326    0.177903348    0.127552821
   11.330000000    0.169756923    0.176109683    0.126174085
   11.340000000    0.167988408    0.174728809    0.124801174
   11.350000000    0.166534406    0.173828617    0.123650598
   11.360000000    0.165273066    0.173196532    0.122914041
   11.370000000    0.164089905    0.172587928    0.122682952
   11.380000000    0.162999232    0.171947669    0.122896600
   11.390000000    0.162133424    0.171423320    0.123375128
   11.400000000    0.161634368    0.171194021    0.123946752
   11.410000000    0.161548726    0.171299495    0.124535588
   11.420000000    0.161817266    0.171638472    0.125127235
   11.430000000    0.162360254    0.172105370    0.125700933
   11.440000000    0.163154480    0.172650308    0.126184512
   11.450000000    0.164222838    0.173204021    0.126426359
   11.460000000    0.165588202    0.173652398    0.126246010
   11.470000000    0.167237317    0.173901957    0.125573186
   11.480000000    0.169076442    0.173922618    0.124547956
   11.490000000    0.170893447    0.173740008    0.123479336
   11.500000000    0.172383844    0.173372194    0.122695387
   11.510000000    0.173259136    0.172753334    0.122371484
   11.520000000    0.173380963    0.171769710    0.122439528
   11.530000000    0.172832464    0.170393084    0.122644538
   11.540000000    0.171888580    0.168762734    0.122716655
   11.550000000    0.170908775    0.167133633    0.122539857
   11.560000000    0.170203313    0.165771700    0.122187898
   11.570000000    0.169921091    0.164888047    0.121810206
   11.580000000    0.170025722    0.164601497    0.121506419
   11.590000000    0.170408019    0.164951549    0.121327466
   11.600000000    0.171029256    0.165958527    0.121294954
   11.610000000    0.171933702    0.167625484    0.121315727
   11.620000000    0.173135184    0.169863048    0.121155826
   11.630000000    0.174486764    0.172415839    0.120619995
   11.640000000    0.175654967    0.174868812    0.119755820
   11.650000000    0.176295791    0.176803792    0.118843029
   11.660000000    0.176307713    0.178029002    0.118210675
   11.670000000    0.175877242    0.178643495    0.118073588
   11.680000000    0.175319814    0.178889315    0.118505497
   11.690000000    0.174952399    0.178977923    0.119522085
   11.700000000    0.175021650    0.179009439    0.121121261
   11.710000000    0.175614515    0.178992776    0.123234146
   11.720000000    0.176626036    0.178925410    0.125690540
   11.730000000    0.177835935    0.178827496    0.128259378
   11.740000000    0.178990079    0.178664730    0.130711225
   11.750000000    0.179865956    0.178325810    0.132832177
   11.760000000    0.180399482    0.177762592    0.134436770
   11.770000000    0.180777486    0.177125064    0.135441903
   11.780000000    0.181333368    0.176743986    0.135935100
   11.790000000    0.182300893    0.176952402    0.136154936
   11.800000000    0.183630777    0.177866802    0.136386001
   11.810000000    0.184980001    0.179304924    0.136820528
   11.820000000    0.185898837    0.180902375    0.137483585
   11.830000000    0.186120228    0.182308603    0.138275199
   11.840000000    0.185717298    0.183321668    0.139057527
   11.850000000    0.184999325    0.183909302    0.139706996
   11.860000000    0.184271707    0.184124409    0.140152332
   11.870000000    0.183721928    0.184038902    0.140445573
   11.880000000    0.183484087    0.183764334    0.140828424
   11.890000000    0.183686499    0.183460429    0.141681968
   11.900000000    0.184374570    0.183261572    0.143332829
   11.910000000    0.185407983    0.183189841    0.145876135
   11.920000000    0.186485013    0.183170723    0.149138115
   11.930000000    0.187301824    0.183125604    0.152740970
   11.940000000    0.187689727    0.183027327    0.156250188
   11.950000000    0.187649024    0.182917308    0.159387624
   11.960000000    0.187345915    0.182915195    0.162149122
   11.970000000    0.187084734    0.183212698    0.164711404
   11.980000000    0.187208251    0.184030651    0.167242679
   11.990000000    0.187972223    0.185521023    0.169785268
   12.000000000    0.189456217    0.187654350    0.172246153
   12.010000000    0.191482734    0.190158521    0.174423614
   12.020000000    0.193607049    0.192565542    0.176028571
   12.030000000    0.195337512    0.194408609    0.176798628
   12.040000000    0.196438267    0.195442932    0.176737559
   12.050000000    0.196927280    0.195647370    0.176211850
   12.060000000    0.196822758    0.195070971    0.175691315
   12.070000000    0.196063685    0.193793009    0.175382861
   12.080000000    0.194655361    0.192003074    0.175151003
   12.090000000    0.192765391    0.190033192    0.174749324
   12.100000000    0.190683905    0.188278663    0.174100299
   12.110000000    0.188725203    0.187063489    0.173376934
   12.120000000    0.187170190    0.186581301    0.172881083
   12.130000000    0.186247561    0.186920715    0.172897494
   12.140000000    0.186079273    0.188028071    0.173589117
   12.150000000    0.186659144    0.189662905    0.174950238
   12.160000000    0.187928776    0.191524046    0.176866264
   12.170000000    0.189797038    0.193414278    0.179178053
   12.180000000    0.192013627    0.195218168    0.181618653
   12.190000000    0.194098382    0.196774276    0.183756518
   12.200000000    0.195503901    0.197848045    0.185156973
   12.210000000    0.195916369    0.198287795    0.185684215
   12.220000000    0.195422517    0.198189367    0.185628884
   12.230000000    0.194386254    0.197823594    0.185526858
   12.240000000    0.193188718    0.197413921    0.185862185
   12.250000000    0.192085098    0.197035145    0.186870713
   12.260000000    0.191230201    0.196711377    0.188521371
   12.270000000    0.190745679    0.196555188    0.190609030
   12.280000000    0.190717143    0.196725969    0.192841943
   12.290000000    0.191153783    0.197244088    0.194966712
   12.300000000    0.191997586    0.197925604    0.196960931
   12.310000000    0.193157194    0.198513709    0.199054348
   12.320000000    0.194499465    0.198843692    0.201443637
   12.330000000    0.195832432    0.198910065    0.203982891
   12.340000000    0.196957765    0.198831430    0.206204480
   12.350000000    0.197789835    0.198766425    0.207630042
   12.360000000    0.198423468    0.198837577    0.208016680
   12.370000000    0.199057816    0.199107144    0.207426622
   12.380000000    0.199882094    0.199632929    0.206222859
   12.390000000    0.201042864    0.200534785    0.204902172
   12.400000000    0.202614577    0.201924329    0.203794193
   12.410000000    0.204522598    0.203739787    0.202960445
   12.420000000    0.206560803    0.205742625    0.202369801
   12.430000000    0.208548653    0.207730892    0.202090959
   12.440000000    0.210438118    0.209694053    0.202347973
   12.450000000    0.212245361    0.211732732    0.203438423
   12.460000000    0.213918789    0.213861693    0.205625859
   12.470000000    0.215341058    0.215925711    0.209085276
   12.480000000    0.216510965    0.217750890    0.213845620
   12.490000000    0.217663710    0.219340894    0.219730012
   12.500000000    0.219111764    0.220823797    0.226361353
   12.510000000    0.221024698    0.222258985    0.233239441
   12.520000000    0.223394542    0.223578216    0.239868396
   12.530000000    0.226090052    0.224669441    0.245907948
   12.540000000    0.228984792    0.225553532    0.251301939
   12.550000000    0.232143564    0.226538729    0.256183186
   12.560000000    0.235772877    0.228124892    0.260522216
   12.570000000    0.239911117    0.230698819    0.264014930
   12.580000000    0.244231177    0.234292517    0.266386024
   12.590000000    0.248129004    0.238536990    0.267599037
   12.600000000    0.251032711    0.242839488    0.267752276
   12.610000000    0.252798346    0.246766300    0.266940493
   12.620000000    0.253859171    0.250354546    0.265264168
   12.630000000    0.254886254    0.253949722    0.262840949
   12.640000000    0.256268023    0.257694163    0.259711378
   12.650000000    0.257885147    0.261260073    0.255904393
   12.660000000    0.259302698    0.264074854    0.251653349
   12.670000000    0.260173814    0.265777357    0.247381841
   12.680000000    0.260487581    0.266478495    0.243499880
   12.690000000    0.260500086    0.266635561    0.240298288
   12.700000000    0.260537251    0.266757755    0.237978371
   12.710000000    0.260886313    0.267209834    0.236730383
   12.720000000    0.261743835    0.268145232    0.236780978
   12.730000000    0.263125003    0.269514863    0.238289440
   12.740000000    0.264815264    0.271121972    0.241148462
   12.750000000    0.266464314    0.272703402    0.244964571
   12.760000000    0.267761817    0.274002818    0.249245874
   12.770000000    0.268554611    0.274814776    0.253626375
   12.780000000    0.268861091    0.275033582    0.258040583
   12.790000000    0.268828604    0.274692314    0.262700240
   12.800000000    0.268695693    0.273969643    0.267815890
   12.810000000    0.268775858    0.273190225    0.273343145
   12.820000000    0.269396166    0.272739134    0.279008833
   12.830000000    0.270793283    0.272914143    0.284544086
   12.840000000    0.273090055    0.273916786    0.289911646
   12.850000000    0.276287210    0.275902272    0.295254813
   12.860000000    0.280194236    0.278851742    0.300612126
   12.870000000    0.284451315    0.282415690    0.305869978
   12.880000000    0.288654321    0.286052426    0.310863148
   12.890000000    0.292493426    0.289413696    0.315214964
   12.900000000    0.295847976    0.292530909    0.318266462
   12.910000000    0.298754495    0.295571309    0.319574270
   12.920000000    0.301261819    0.298490228    0.319442109
   12.930000000    0.303308668    0.300969566    0.318750604
   12.940000000    0.304839581    0.302754561    0.318397962
   12.950000000    0.306018144    0.304040101    0.318921317
   12.960000000    0.307189780    0.305407036    0.320364161
   12.970000000    0.308676441    0.307362540    0.322313291
   12.980000000    0.310573774    0.309917217    0.324129426
   12.990000000    0.312629135    0.312550787    0.325279784
   13.000000000    0.314427749    0.314664915    0.325546330
   13.010000000    0.315764041    0.316042106    0.325102297
   13.020000000    0.316700463    0.316751608    0.324505968
   13.030000000    0.317334397    0.316804372    0.324532477
   13.040000000    0.317722798    0.316189227    0.325941019
   13.050000000    0.317958139    0.315133256    0.329292476
   13.060000000    0.318143636    0.314097211    0.334722787
   13.070000000    0.318361642    0.313572938    0.341723596
   13.080000000    0.318746641    0.313927339    0.349193249
   13.090000000    0.319471225    0.315229244    0.355745174
   13.100000000    0.320565359    0.317103737    0.360122161
   13.110000000    0.321765178    0.318824547    0.361784079
   13.120000000    0.322619925    0.319631484    0.361355944
   13.130000000    0.322911031    0.319126665    0.360288772
   13.140000000    0.322985016    0.317535613    0.360034922
   13.150000000    0.323634661    0.315694519    0.361575733
   13.160000000    0.325675167    0.314762731    0.365312940
   13.170000000    0.329508680    0.315734982    0.370910300
   13.180000000    0.334914168    0.319000010    0.377168580
   13.190000000    0.341172789    0.324215868    0.382477485
   13.200000000    0.347450874    0.330640949    0.385889475
   13.210000000    0.353229402    0.337733940    0.387689517
   13.220000000    0.358500512    0.345464272    0.388696438
   13.230000000    0.363605647    0.354031590    0.389245111
   13.240000000    0.368860668    0.363384479    0.388967258
   13.250000000    0.374153986    0.372902248    0.387190733
   13.260000000    0.378762011    0.381340003    0.383420678
   13.270000000    0.381672895    0.387275941    0.377804771
   13.280000000    0.382263788    0.389934159    0.371306171
   13.290000000    0.380771409    0.389677018    0.365324044
   13.300000000    0.378191964    0.387689385    0.361090076
   13.310000000    0.375716214    0.385193052    0.359239142
   13.320000000    0.374066515    0.382836144    0.359683155
   13.330000000    0.373195973    0.380619326    0.361759915
   13.340000000    0.372696071    0.378423566    0.364530342
   13.350000000    0.372487708    0.376552865    0.367210974
   13.360000000    0.372901724    0.375553127    0.369540210
   13.370000000    0.374155201    0.375626073    0.371693642
   13.380000000    0.376049867    0.376497629    0.373894782
   13.390000000    0.378188059    0.377810291    0.376150975
   13.400000000    0.380261968    0.379468155    0.378268945
   13.410000000    0.382053022    0.381599796    0.380134692
   13.420000000    0.383290417    0.384272892    0.381995354
   13.430000000    0.383717616    0.387271935    0.384270982
   13.440000000    0.383343996    0.390109133    0.387066086
   13.450000000    0.382457235    0.392174539    0.390033284
   13.460000000    0.381398357    0.392930180    0.392743767
   13.470000000    0.380513648    0.392161677    0.395201537
   13.480000000    0.380119948    0.390082883    0.397966797
   13.490000000    0.380291645    0.387207630    0.401743984
   13.500000000    0.380865559    0.384190097    0.406868699
   13.510000000    0.381678921    0.381687830    0.413096496
   13.520000000    0.382610222    0.380153293    0.419691564
   13.530000000    0.383486235    0.379659401    0.425687770
   13.540000000    0.384162694    0.379998603    0.430257874
   13.550000000    0.384635672    0.380898700    0.433016118
   13.560000000    0.384939939    0.382033551    0.433971731
   13.570000000    0.384918670    0.382862843    0.433253577
   13.580000000    0.384209286    0.382702890    0.431065506
   13.590000000    0.382580371    0.381193102    0.427808631
   13.600000000    0.380305252    0.378710147    0.424042548
   13.610000000    0.378199247    0.376261953    0.420355885
   13.620000000    0.377224524    0.374924027    0.417309057
   13.630000000    0.378011422    0.375304985    0.415415952
   13.640000000    0.380692338    0.377420983    0.415191792
   13.650000000    0.384885659    0.380793898    0.417075256
   13.660000000    0.389552254    0.384422992    0.420966684
   13.670000000    0.393098338    0.386925463    0.425820127
   13.680000000    0.394154711    0.387286599    0.430061867
   13.690000000    0.392471754    0.385623284    0.432718502
   13.700000000    0.388920108    0.382980833    0.434038436
   13.710000000    0.384623460    0.380367452    0.434994251
   13.720000000    0.380302066    0.378153713    0.436425932
   13.730000000    0.376325777    0.376260508    0.438659675
   13.740000000    0.372987341    0.374589762    0.441688793
   13.750000000    0.370642942    0.373316186    0.445520370
   13.760000000    0.369707418    0.372980441    0.450225947
   13.770000000    0.370529760    0.374294900    0.455550682
   13.780000000    0.373165625    0.377700035    0.460622871
   13.790000000    0.377228548    0.383019917    0.464406302
   13.800000000    0.382099433    0.389553671    0.466577642
   13.810000000    0.387242185    0.396382194    0.467891361
   13.820000000    0.392143120    0.402492750    0.469552927
   13.830000000    0.396174659    0.406948673    0.472159252
   13.840000000    0.398995711    0.409460383    0.475428344
   13.850000000    0.401037069    0.410704287    0.478837712
   13.860000000    0.403108883    0.411624778    0.482018420
   13.870000000    0.405454313    0.412463400    0.484470192
   13.880000000    0.407370026    0.412681930    0.485369637
   13.890000000    0.407713186    0.411628049    0.484042421
   13.900000000    0.405697125    0.408994009    0.480403136
   13.910000000    0.401322795    0.404843428    0.474694025
   13.920000000    0.395325484    0.399593107    0.467185200
   13.930000000    0.388840098    0.393919552    0.458442736
   13.940000000    0.382884129    0.388404911    0.449601586
   13.950000000    0.377919179    0.383269824    0.442086915
   13.960000000    0.373853680    0.378500312    0.436982945
   13.970000000    0.370378370    0.374074429    0.434479538
   13.980000000    0.367331191    0.370046920    0.433816197
   13.990000000    0.364913848    0.366600803    0.433900842
   14.000000000    0.363579561    0.364092483    0.434154637
   14.010000000    0.363633850    0.362948528    0.434823013
   14.020000000    0.364893495    0.363404648    0.436543952
   14.030000000    0.366714218    0.365285994    0.439713400
   14.040000000    0.368432124    0.368057356    0.444264001
   14.050000000    0.369808088    0.371130627    0.449762991
   14.060000000    0.371004604    0.374112191    0.455506590
   14.070000000    0.372245375    0.376816694    0.460793699
   14.080000000    0.373656372    0.379238722    0.465560353
   14.090000000    0.375414261    0.381609646    0.470723902
   14.100000000    0.377826153    0.384358987    0.477584182
   14.110000000    0.381160940    0.387859241    0.486838280
   14.120000000    0.385500201    0.392164143    0.498120458
   14.130000000    0.390692623    0.396955359    0.510142277
   14.140000000    0.396372182    0.401725025    0.521077867
   14.150000000    0.402117946    0.406110036    0.529160139
   14.160000000    0.407637275    0.410117960    0.533485212
   14.170000000    0.412749837    0.414017756    0.534465644
   14.180000000    0.417276987    0.418054419    0.533453062
   14.190000000    0.421044484    0.422247275    0.531950365
   14.200000000    0.423968907    0.426322230    0.531027467
   14.210000000    0.426102467    0.429750405    0.530976373
   14.220000000    0.427584726    0.431936769    0.531194725
   14.230000000    0.428622204    0.432583777    0.530759008
   14.240000000    0.429578178    0.431933762    0.529514221
   14.250000000    0.430984888    0.430616433    0.528470802
   14.260000000    0.433360529    0.429373207    0.529059427
   14.270000000    0.436978582    0.428930493    0.532084535
   14.280000000    0.441804019    0.429953493    0.537291438
   14.290000000    0.447559475    0.432888162    0.543591886
   14.300000000    0.453749280    0.437643947    0.549379316
   14.310000000    0.459785851    0.443518009    0.553000114
   14.320000000    0.465383346    0.449691858    0.553762519
   14.330000000    0.470795650    0.455780950    0.552547001
   14.340000000    0.476557517    0.461760357    0.550993375
   14.350000000    0.483072672    0.467542337    0.550257219
   14.360000000    0.490383149    0.472855248    0.550789960
   14.370000000    0.498132720    0.477474574    0.552857009
   14.380000000    0.505716952    0.481495445    0.556696889
   14.390000000    0.512559288    0.485383074    0.562334504
   14.400000000    0.518335683    0.489756023    0.569595352
   14.410000000    0.523010384    0.495095789    0.578179847
   14.420000000    0.526636571    0.501500598    0.587731351
   14.430000000    0.529104743    0.508504967    0.597925764
   14.440000000    0.530086695    0.515106938    0.608241471
   14.450000000    0.529242038    0.520127375    0.617544222
   14.460000000    0.526529362    0.522776347    0.624147152
   14.470000000    0.522224741    0.522936402    0.626316313
   14.480000000    0.516686410    0.520920729    0.622990358
   14.490000000    0.510238570    0.517144144    0.614461205
   14.500000000    0.503175829    0.512078392    0.602299450
   14.510000000    0.495868488    0.506347395    0.588619829
   14.520000000    0.488936088    0.500721490    0.575484356
   14.530000000    0.483307282    0.496081472    0.564608706
   14.540000000    0.480065033    0.493385786    0.557034095
   14.550000000    0.479998877    0.493289528    0.552798171
   14.560000000    0.483005115    0.495468127    0.550999471
   14.570000000    0.487975302    0.498536204    0.550439309
   14.580000000    0.493545746    0.500988503    0.550395119
   14.590000000    0.499062207    0.502238018    0.550906797
   14.600000000    0.504846449    0.502772891    0.552488241
   14.610000000    0.511640923    0.503628277    0.555503658
   14.620000000    0.519831476    0.505810496    0.559685184
   14.630000000    0.529096189    0.509961611    0.564241790
   14.640000000    0.538484788    0.516138065    0.568271915
   14.650000000    0.546745060    0.523688791    0.571148465
   14.660000000    0.553049345    0.531674054    0.572907082
   14.670000000    0.557545424    0.539583742    0.574157133
   14.680000000    0.561033142    0.547515022    0.575478227
   14.690000000    0.564309928    0.555789865    0.577169209
   14.700000000    0.567784280    0.564413430    0.579279431
   14.710000000    0.571407292    0.572777140    0.581373257
   14.720000000    0.574897273    0.580038508    0.582649644
   14.730000000    0.577961900    0.585765070    0.582600643
   14.740000000    0.580306213    0.590043242    0.581102671
   14.750000000    0.581657385    0.593147454    0.578050991
   14.760000000    0.581887204    0.595268921    0.573475765
   14.770000000    0.581133594    0.596467224    0.567857111
   14.780000000    0.579922923    0.596862494    0.562189123
   14.790000000    0.579076370    0.596802225    0.557783230
   14.800000000    0.579317039    0.596721329    0.555710548
   14.810000000    0.580994470    0.597009910    0.556292717
   14.820000000    0.584122100    0.598071374    0.559189216
   14.830000000    0.588416984    0.600195021    0.563746100
   14.840000000    0.593275158    0.603227430    0.569147984
   14.850000000    0.597980783    0.606590545    0.574601302
   14.860000000    0.602013874    0.609786053    0.579614874
   14.870000000    0.605199305    0.612858399    0.584200164
   14.880000000    0.607823765    0.616343259    0.588969582
   14.890000000    0.610600371    0.620817458    0.594838696
   14.900000000    0.614316965    0.626517590    0.602301471
   14.910000000    0.619445064    0.633300930    0.611024916
   14.920000000    0.625982620    0.640846314    0.620219813
   14.930000000    0.633507410    0.648710452    0.629062482
   14.940000000    0.641215870    0.656133637    0.636418630
   14.950000000    0.647906526    0.662090144    0.640616754
   14.960000000    0.652243940    0.665748769    0.640361726
   14.970000000    0.653371744    0.666735486    0.636032266
   14.980000000    0.651374823    0.665089008    0.629496184
   14.990000000    0.647102931    0.661264726    0.622459048
   15.000000000    0.641606595    0.656151271    0.615494287
   15.010000000    0.635858745    0.650952460    0.608645291
   15.020000000    0.630783939    0.646783850    0.602155917
   15.030000000    0.627159178    0.644161415    0.596352279
   15.040000000    0.625492016    0.643027228    0.591635310
   15.050000000    0.626232718    0.643429267    0.589014968
   15.060000000    0.629970404    0.646009704    0.590031542
   15.070000000    0.637157204    0.651629775    0.595619447
   15.080000000    0.647649076    0.660492963    0.604884963
   15.090000000    0.660512193    0.671632842    0.614947321
   15.100000000    0.674156657    0.683210096    0.622373399
   15.110000000    0.686699044    0.693239191    0.625346030
   15.120000000    0.696387211    0.700110496    0.624588480
   15.130000000    0.702065478    0.702931280    0.622273995
   15.140000000    0.703687988    0.701912091    0.620450345
   15.150000000    0.702382013    0.698320133    0.620446432
   15.160000000    0.699597495    0.693611296    0.622814451
   15.170000000    0.696110124    0.688480705    0.627251432
   15.180000000    0.692089545    0.682946650    0.632900340
   15.190000000    0.687936829    0.677313106    0.638966391
   15.200000000    0.684491212    0.672582271    0.644879029
   15.210000000    0.682471927    0.669791339    0.649956913
   15.220000000    0.682245918    0.669434126    0.653385406
   15.230000000    0.684232856    0.671730752    0.654709843
   15.240000000    0.689160684    0.676996634    0.654340501
   15.250000000    0.697512812    0.685364938    0.653725424
   15.260000000    0.708925727    0.696456868    0.654955870
   15.270000000    0.722424589    0.709544672    0.659764454
   15.280000000    0.736918845    0.723789600    0.668468424
   15.290000000    0.751292336    0.738288222    0.679605977
   15.300000000    0.764330791    0.751952490    0.690529325
   15.310000000    0.774991033    0.763485352    0.698823798
   15.320000000    0.782954863    0.771762789    0.703626298
   15.330000000    0.788757577    0.776300867    0.705613091
   15.340000000    0.793250927    0.777334769    0.706054106
   15.350000000    0.797057840    0.775653522    0.706032177
   15.360000000    0.800517418    0.772536423    0.706045440
   15.370000000    0.803692165    0.769411073    0.706052168
   15.380000000    0.806052798    0.767043557    0.705745804
   15.390000000    0.806567246    0.765195806    0.704480193
   15.400000000    0.804622847    0.763171478    0.701271009
   15.410000000    0.800662233    0.760536601    0.695594921
   15.420000000    0.795748642    0.757481718    0.687950291
   15.430000000    0.790806751    0.754792508    0.679286355
   15.440000000    0.786424855    0.753477857    0.670399828
   15.450000000    0.783267027    0.754427675    0.662131968
   15.460000000    0.782297881    0.758344966    0.655618854
   15.470000000    0.784367243    0.765635593    0.651877661
   15.480000000    0.789695553    0.776149282    0.650985877
   15.490000000    0.797733585    0.789082925    0.651647212
   15.500000000    0.807282072    0.803105792    0.651689264
   15.510000000    0.816643521    0.816492517    0.649322582
   15.520000000    0.823913952    0.827423821    0.644292002
   15.530000000    0.827584116    0.834589627    0.637784993
   15.540000000    0.827201659    0.837729857    0.631222948
   15.550000000    0.823535332    0.837769095    0.625380888
   15.560000000    0.818079803    0.836395333    0.620353108
   15.570000000    0.812437590    0.835198118    0.615925216
   15.580000000    0.808169853    0.835129490    0.612101224
   15.590000000    0.806857757    0.836709160    0.609438405
   15.600000000    0.809646839    0.840204191    0.608767744
   15.610000000    0.816614836    0.845654297    0.610664164
   15.620000000    0.826740437    0.853141437    0.615314606
   15.630000000    0.838165237    0.862517863    0.622478924
   15.640000000    0.848495611    0.872595871    0.631209074
   15.650000000    0.855704056    0.881334877    0.639998116
   15.660000000    0.859436244    0.887373836    0.647871810
   15.670000000    0.861382246    0.891291729    0.655319215
   15.680000000    0.863984228    0.895050847    0.663603800
   15.690000000    0.868766255    0.900307829    0.673251338
   15.700000000    0.875924433    0.907604708    0.683639287
   15.710000000    0.885080763    0.916921095    0.693971446
   15.720000000    0.895893281    0.928290813    0.704225978
   15.730000000    0.908024033    0.941819638    0.714938184
   15.740000000    0.921262208    0.957640179    0.726177718
   15.750000000    0.935769370    0.975712690    0.737159678
   15.760000000    0.951703885    0.995175735    0.747296768
   15.770000000    0.968702485    1.013995477    0.757133534
   15.780000000    0.985968971    1.029501925    0.767630491
   15.790000000    1.002702455    1.039588834    0.779099215
   15.800000000    1.018444040    1.043967130    0.791257569
   15.810000000    1.033286571    1.044412861    0.803837132
   15.820000000    1.047711462    1.043632267    0.816835093
   15.830000000    1.062143233    1.044032445    0.830568506
   15.840000000    1.076778934    1.047276877    0.845493625
   15.850000000    1.091689197    1.054008354    0.861114301
   15.860000000    1.106726554    1.063501187    0.874881651
   15.870000000    1.121287786    1.073961154    0.883105693
   15.880000000    1.134275442    1.083592155    0.883641814
   15.890000000    1.144178433    1.091303834    0.877634497
   15.900000000    1.149421437    1.096793085    0.868675453
   15.910000000    1.149195553    1.100711599    0.860454162
   15.920000000    1.144161005    1.104474146    0.855080274
   15.930000000    1.136278484    1.109235188    0.852997059
   15.940000000    1.128017430    1.115100655    0.853725080
   15.950000000    1.121634158    1.121407183    0.856648867
   15.960000000    1.118718265    1.127459324    0.861670427
   15.970000000    1.119843581    1.132984054    0.869346947
   15.980000000    1.124423189    1.138070835    0.880216849
   15.990000000    1.131058520    1.142881810    0.893957169
   16.000000000    1.138134814    1.147560741    0.909181457
   16.010000000    1.144559778    1.152531528    0.923984578
   16.020000000    1.150549179    1.158624067    0.936771726
   16.030000000    1.157786328    1.166511061    0.946589919
   16.040000000    1.168398144    1.176117707    0.952837254
   16.050000000    1.183434542    1.186915944    0.955290535
   16.060000000    1.202521870    1.199047739    0.955017728
   16.070000000    1.224764825    1.213773250    0.954993275
   16.080000000    1.249164147    1.232179826    0.959294268
   16.090000000    1.274064288    1.253816214    0.971755450
   16.100000000    1.297116195    1.276841492    0.995003973
   16.110000000    1.316745327    1.299314344    1.029784490
   16.120000000    1.333647933    1.320777480    1.074833998
   16.130000000    1.350240341    1.342565605    1.127201967
   16.140000000    1.368844393    1.366320028    1.182167066
   16.150000000    1.390580306    1.392402326    1.233027439
   16.160000000    1.414739461    1.418887368    1.271897648
   16.170000000    1.438337538    1.441289927    1.292222313
   16.180000000    1.457184290    1.454547996    1.292608029
   16.190000000    1.468342005    1.456511551    1.278419756
   16.200000000    1.471193285    1.448796572    1.258363819
   16.210000000    1.466182619    1.434307426    1.239237349
   16.220000000    1.454137974    1.415652479    1.223546351
   16.230000000    1.437024422    1.395515785    1.210925667
   16.240000000    1.417505281    1.376241135    1.200498505
   16.250000000    1.397338117    1.358667964    1.191488343
   16.260000000    1.376915886    1.342225852    1.182915152
   16.270000000    1.356420191    1.326394547    1.173883494
   16.280000000    1.337133526    1.311851300    1.164128392
   16.290000000    1.321240298    1.300045265    1.154362694
   16.300000000    1.310298164    1.291881856    1.146085778
   16.310000000    1.304221131    1.287180818    1.140669425
   16.320000000    1.301925309    1.285579797    1.138630567
   16.330000000    1.302595208    1.287431479    1.139770992
   16.340000000    1.305603571    1.292951294    1.143642475
   16.350000000    1.309366424    1.300788402    1.149914856
   16.360000000    1.311029095    1.308185180    1.158561984
   16.370000000    1.307461222    1.312168284    1.169339995
   16.380000000    1.296817271    1.310496922    1.181099496
   16.390000000    1.279533515    1.302539503    1.192211505
   16.400000000    1.257881815    1.289682953    1.201179509
   16.410000000    1.234779243    1.274680508    1.206333811
   16.420000000    1.212900699    1.260453602    1.206384598
   16.430000000    1.194078979    1.248895290    1.202221284
   16.440000000    1.179043248    1.240277742    1.197032715
   16.450000000    1.167663645    1.233682640    1.194429283
   16.460000000    1.159457298    1.228057768    1.197000653
   16.470000000    1.153891928    1.222985041    1.205843630
   16.480000000    1.150638536    1.218952779    1.220670509
   16.490000000    1.149793798    1.217136333    1.240463580
   16.500000000    1.151576542    1.218531413    1.263853286
   16.510000000    1.155973620    1.223103746    1.289130422
   16.520000000    1.162841769    1.229561817    1.315113681
   16.530000000    1.172069595    1.235847862    1.342335143
   16.540000000    1.183420563    1.240079836    1.372754584
   16.550000000    1.195923386    1.240988803    1.408330259
   16.560000000    1.207277600    1.237459124    1.449859824
   16.570000000    1.214392495    1.228350496    1.495952347
   16.580000000    1.215101081    1.213426739    1.542143573
   16.590000000    1.209118593    1.194150638    1.581367636
   16.600000000    1.197663161    1.173200694    1.606712170
   16.610000000    1.183103619    1.153313773    1.615464289
   16.620000000    1.168576721    1.136521401    1.610806318
   16.630000000    1.156972138    1.124019622    1.599578735
   16.640000000    1.149877202    1.116166098    1.588747790
   16.650000000    1.147273456    1.112550510    1.583043280
   16.660000000    1.148121939    1.112387128    1.584486636
   16.670000000    1.151108257    1.114762041    1.592562642
   16.680000000    1.154810536    1.118420686    1.603923411
   16.690000000    1.157725872    1.121753797    1.613032374
   16.700000000    1.158827314    1.123336154    1.614899360
   16.710000000    1.158158630    1.122591103    1.608048199
   16.720000000    1.156747157    1.120193667    1.595126131
   16.730000000    1.156069450    1.118031010    1.581369069
   16.740000000    1.157414029    1.118391655    1.572541418
   16.750000000    1.161250474    1.122689710    1.573127389
   16.760000000    1.167126206    1.130951164    1.585307570
   16.770000000    1.174322773    1.142260833    1.608569347
   16.780000000    1.182457840    1.155247251    1.639411148
   16.790000000    1.191313115    1.168377345    1.671237513
   16.800000000    1.200438697    1.180462053    1.696012180
   16.810000000    1.209260271    1.191151161    1.708687933
   16.820000000    1.217665988    1.201006365    1.710452696
   16.830000000    1.226376272    1.211172834    1.706318606
   16.840000000    1.236573660    1.222730075    1.700506323
   16.850000000    1.249357398    1.236162409    1.695192357
   16.860000000    1.265545389    1.251375608    1.691683023
   16.870000000    1.285532975    1.267911577    1.691201710
   16.880000000    1.309078438    1.285096289    1.695145634
   16.890000000    1.335467372    1.302640622    1.704724290
   16.900000000    1.363563422    1.321217678    1.719664301
   16.910000000    1.390804069    1.341589863    1.736972632
   16.920000000    1.412541250    1.362818302    1.751370265
   16.930000000    1.424097722    1.381898415    1.758235170
   16.940000000    1.424400414    1.395913792    1.756934798
   16.950000000    1.417172649    1.404706357    1.750941248
   16.960000000    1.408275168    1.410858615    1.745014565
   16.970000000    1.402308836    1.417237123    1.742965264
   16.980000000    1.401664406    1.425365243    1.746872665
   16.990000000    1.407379361    1.435746628    1.756897710
   17.000000000    1.419595640    1.448636921    1.772441840
   17.010000000    1.437265835    1.464085068    1.794003709
   17.020000000    1.458200651    1.481576256    1.822705322
   17.030000000    1.479794749    1.500188946    1.857317137
   17.040000000    1.499746697    1.519214642    1.892493274
   17.050000000    1.516376910    1.538372267    1.920474327
   17.060000000    1.528750013    1.557484037    1.935342813
   17.070000000    1.536767184    1.575964791    1.936792899
   17.080000000    1.541430531    1.592759578    1.930083134
   17.090000000    1.545013119    1.607186556    1.922702679
   17.100000000    1.550408118    1.619742568    1.920952256
   17.110000000    1.559891420    1.631763056    1.927810380
   17.120000000    1.574551003    1.644662850    1.942127746
   17.130000000    1.594641068    1.659770431    1.959723577
   17.140000000    1.619512790    1.677950476    1.976549034
   17.150000000    1.647086912    1.698948770    1.991907782
   17.160000000    1.674938726    1.722105314    2.008962364
   17.170000000    1.702574857    1.747601192    2.031667037
   17.180000000    1.731065843    1.775409811    2.060592292
   17.190000000    1.759851459    1.802887858    2.091461015
   17.200000000    1.785180928    1.824777830    2.117230799
   17.210000000    1.801900734    1.836081218    2.132210448
   17.220000000    1.806773648    1.835195056    2.136170918
   17.230000000    1.800716520    1.824873646    2.134537406
   17.240000000    1.787706150    1.810131717    2.133652004
   17.250000000    1.771949960    1.795225419    2.136489640
   17.260000000    1.756722760    1.782491074    2.143106409
   17.270000000    1.744411292    1.772599317    2.152915088
   17.280000000    1.735921244    1.764635387    2.164574788
   17.290000000    1.730567973    1.756726440    2.174919074
   17.300000000    1.727534296    1.747999210    2.180231587
   17.310000000    1.727188931    1.739876305    2.179496628
   17.320000000    1.730686172    1.734848697    2.175169325
   17.330000000    1.738547113    1.733912719    2.169882906
   17.340000000    1.749580254    1.735148192    2.163715642
   17.350000000    1.760945057    1.734867347    2.154430410
   17.360000000    1.769670580    1.730733518    2.138537795
   17.370000000    1.774546504    1.723829208    2.112356207
   17.380000000    1.776424131    1.717326321    2.074199650
   17.390000000    1.776868000    1.713728267    2.026438504
   17.400000000    1.776935559    1.713671397    1.974721684
   17.410000000    1.777254073    1.716319633    1.925315429
   17.420000000    1.778535062    1.720096979    1.883160635
   17.430000000    1.781165491    1.723483804    1.851138164
   17.440000000    1.784913897    1.726256236    1.830476794
   17.450000000    1.789720156    1.730215441    1.821441842
   17.460000000    1.795913598    1.738017488    1.822684097
   17.470000000    1.803346747    1.751091248    1.830356808
   17.480000000    1.811312427    1.768503838    1.839540502
   17.490000000    1.818946690    1.787083807    1.846336648
   17.500000000    1.824494858    1.802078514    1.847517812
   17.510000000    1.825126276    1.808535782    1.839733842
   17.520000000    1.818834627    1.803683098    1.821162309
   17.530000000    1.805936499    1.788405991    1.793789673
   17.540000000    1.788364528    1.766444082    1.763089401
   17.550000000    1.768573168    1.742744892    1.734887100
   17.560000000    1.749010191    1.721962427    1.712491351
   17.570000000    1.730974560    1.706593454    1.696127815
   17.580000000    1.713646660    1.695890316    1.683960752
   17.590000000    1.695235602    1.687186025    1.673253095
   17.600000000    1.675409770    1.678387651    1.661194461
   17.610000000    1.656509828    1.669232480    1.645924443
   17.620000000    1.642547785    1.660947439    1.627290768
   17.630000000    1.637081644    1.655347699    1.606431290
   17.640000000    1.641545168    1.653967403    1.584935949
   17.650000000    1.654474973    1.657143826    1.564494008
   17.660000000    1.671707101    1.663296084    1.546958212
   17.670000000    1.688017836    1.669498596    1.534600458
   17.680000000    1.699345916    1.673252712    1.529476628
   17.690000000    1.703627278    1.673596278    1.531792705
   17.700000000    1.700227990    1.670712754    1.538971385
   17.710000000    1.689621774    1.665063338    1.546523806
   17.720000000    1.673878659    1.657145503    1.550282384
   17.730000000    1.656736224    1.647779386    1.548691905
   17.740000000    1.642169705    1.638172033    1.543699409
   17.750000000    1.632518519    1.629518180    1.539342705
   17.760000000    1.628020912    1.622596920    1.539235950
   17.770000000    1.627864014    1.617975121    1.545178551
   17.780000000    1.631475144    1.616664317    1.557393642
   17.790000000    1.639024236    1.620184734    1.575003696
   17.800000000    1.651101753    1.629745797    1.595833953
   17.810000000    1.668251029    1.645487032    1.616394242
   17.820000000    1.690555838    1.666523990    1.633036662
   17.830000000    1.716997385    1.691544454    1.643691348
   17.840000000    1.744570127    1.718676029    1.648460384
   17.850000000    1.768109524    1.744509303    1.648692387
   17.860000000    1.782160861    1.764283307    1.645810562
   17.870000000    1.783929250    1.774067671    1.640707323
   17.880000000    1.774380936    1.772909162    1.633835940
   17.890000000    1.756830165    1.763051902    1.626007905
   17.900000000    1.734761627    1.748334010    1.618569675
   17.910000000    1.710195843    1.731762588    1.611964691
   17.920000000    1.683474214    1.714179796    1.604923526
   17.930000000    1.654600731    1.695230601    1.595967872
   17.940000000    1.624553596    1.674891276    1.584864413
   17.950000000    1.595497964    1.653981886    1.572475868
   17.960000000    1.570325559    1.634186657    1.560818397
   17.970000000    1.551625199    1.617655911    1.553363575
   17.980000000    1.540400241    1.605945087    1.553531584
   17.990000000    1.535432588    1.598868333    1.562164473
   18.000000000    1.533696315    1.594222661    1.576532659
   18.010000000    1.531695131    1.588925372    1.591568243
   18.020000000    1.527176692    1.580910913    1.602175259
   18.030000000    1.520201674    1.570406718    1.605109394
   18.040000000    1.512545019    1.559426420    1.599542946
   18.050000000    1.506050673    1.550024576    1.586505636
   18.060000000    1.501728473    1.543292715    1.567962874
   18.070000000    1.499896324    1.539526467    1.546047784
   18.080000000    1.500644158    1.538606897    1.522854227
   18.090000000    1.504288883    1.540236752    1.500642779
   18.100000000    1.511326141    1.543975036    1.481748237
   18.110000000    1.521400555    1.548700555    1.467827052
   18.120000000    1.532350811    1.552226294    1.459129535
   18.130000000    1.540945082    1.552431402    1.454852813
   18.140000000    1.544672391    1.548649013    1.454005383
   18.150000000    1.542905170    1.541600624    1.455692351
   18.160000000    1.537081089    1.532808431    1.459152105
   18.170000000    1.529962851    1.524161801    1.463887592
   18.180000000    1.524436735    1.517386416    1.469398151
   18.190000000    1.522727225    1.513770513    1.474767586
   18.200000000    1.526115233    1.514172635    1.478810618
   18.210000000    1.534604026    1.518616515    1.480416483
   18.220000000    1.546309265    1.525397764    1.478611010
   18.230000000    1.557214571    1.530907478    1.472820382
   18.240000000    1.562700328    1.531501105    1.463675979
   18.250000000    1.560842962    1.526512860    1.453489852
   18.260000000    1.554076121    1.519025249    1.445572744
   18.270000000    1.547140276    1.513431636    1.443039456
   18.280000000    1.543881634    1.512867112    1.447818930
   18.290000000    1.545532241    1.518376093    1.459742190
   18.300000000    1.550950229    1.529114564    1.476320372
   18.310000000    1.558348710    1.543178603    1.494135771
   18.320000000    1.566775253    1.558662996    1.510904471
   18.330000000    1.575889535    1.573928692    1.526310738
   18.340000000    1.585118833    1.587370689    1.541473359
   18.350000000    1.593967338    1.598103587    1.558028377
   18.360000000    1.603140705    1.607156720    1.576974566
   18.370000000    1.614622499    1.617196274    1.598065390
   18.380000000    1.630222071    1.630423090    1.620602721
   18.390000000    1.650155060    1.646679590    1.644140978
   18.400000000    1.672929370    1.663897602    1.668045748
   18.410000000    1.696494047    1.680469020    1.691111756
   18.420000000    1.719471340    1.696421874    1.712074948
   18.430000000    1.740855008    1.711608103    1.730077858
   18.440000000    1.758750200    1.723536585    1.744473969
   18.450000000    1.770516123    1.728149445    1.754631433
   18.460000000    1.774600041    1.722967519    1.760378384
   18.470000000    1.771647747    1.709314367    1.762368851
   18.480000000    1.763710732    1.691524762    1.761391984
   18.490000000    1.753074971    1.674178280    1.757877498
   18.500000000    1.741866826    1.660216776    1.752804668
   18.510000000    1.732084379    1.651199535    1.748096542
   18.520000000    1.725216346    1.647978860    1.745207552
   18.530000000    1.721293816    1.650385108    1.744020298
   18.540000000    1.718306720    1.656710668    1.743813622
   18.550000000    1.712888541    1.664039231    1.744818725
   18.560000000    1.702317846    1.669537731    1.748240209
   18.570000000    1.686519060    1.672022399    1.755032273
   18.580000000    1.668403202    1.672711371    1.765296204
   18.590000000    1.652500788    1.674634297    1.778792298
   18.600000000    1.642923990    1.680921496    1.795271613
   18.610000000    1.641784772    1.692864294    1.814103071
   18.620000000    1.648880063    1.709155590    1.833520398
   18.630000000    1.662351434    1.726777171    1.849862352
   18.640000000    1.679230505    1.742338292    1.858300390
   18.650000000    1.695869052    1.752991890    1.855582808
   18.660000000    1.709079017    1.757284299    1.842169323
   18.670000000    1.717391496    1.755727940    1.821464941
   18.680000000    1.721083284    1.750235808    1.797074677
   18.690000000    1.721160306    1.742713977    1.770530907
   18.700000000    1.718357466    1.733960476    1.741322926
   18.710000000    1.712821625    1.723755969    1.708961270
   18.720000000    1.704686272    1.712188210    1.674560134
   18.730000000    1.694618890    1.700587120    1.640062804
   18.740000000    1.683287444    1.690603325    1.606758668
   18.750000000    1.670584282    1.682503217    1.575272254
   18.760000000    1.656025535    1.674887819    1.546331625
   18.770000000    1.639890729    1.666418090    1.521149227
   18.780000000    1.623670084    1.657678182    1.501375010
   18.790000000    1.609598324    1.651136160    1.488890204
   18.800000000    1.599807401    1.649360793    1.485045932
   18.810000000    1.595320612    1.653029755    1.488988137
   18.820000000    1.595291037    1.660008065    1.496706326
   18.830000000    1.597120961    1.666036714    1.502732032
   18.840000000    1.597663409    1.666895996    1.503195137
   18.850000000    1.594845125    1.660744421    1.497321618
   18.860000000    1.588896857    1.648957723    1.486734465
   18.870000000    1.582380551    1.635031826    1.473881543
   18.880000000    1.578700064    1.622685444    1.461071798
   18.890000000    1.580206377    1.614564405    1.450351352
   18.900000000    1.587423070    1.611971828    1.443460602
   18.910000000    1.599557523    1.615121856    1.441667631
   18.920000000    1.615337532    1.623365027    1.445555428
   18.930000000    1.633637414    1.635590858    1.454969614
   18.940000000    1.653660227    1.650928172    1.469303389
   18.950000000    1.674470927    1.669048094    1.487678519
   18.960000000    1.694542396    1.689526326    1.508620002
   18.970000000    1.712189651    1.711035400    1.529985696
   18.980000000    1.726487758    1.731553437    1.550109978
   18.990000000    1.737670214    1.749393096    1.569098147
   19.000000000    1.746847165    1.763939925    1.588229788
   19.010000000    1.755459545    1.775471311    1.608231653
   19.020000000    1.764524938    1.784218571    1.628558900
   19.030000000    1.773788939    1.789634380    1.647369854
   19.040000000    1.781388979    1.790677590    1.661761773
   19.050000000    1.784390043    1.786537320    1.668836145
   19.060000000    1.780053419    1.776857224    1.666814641
   19.070000000    1.767186892    1.761559635    1.655494779
   19.080000000    1.746599189    1.740800410    1.636309601
   19.090000000    1.720422828    1.715240725    1.611785400
   19.100000000    1.691165986    1.686404880    1.584806605
   19.110000000    1.661335143    1.656549241    1.558341825
   19.120000000    1.633630587    1.628148709    1.535270977
   19.130000000    1.611100881    1.603731006    1.518153325
   19.140000000    1.596719383    1.585913522    1.508932638
   19.150000000    1.592478785    1.576852653    1.508505384
   19.160000000    1.598718194    1.577345096    1.516580463
   19.170000000    1.614108272    1.586511483    1.532072651
   19.180000000    1.635958007    1.602130048    1.553563424
   19.190000000    1.660533758    1.621154415    1.579004025
   19.200000000    1.683805065    1.640449631    1.605004302
   19.210000000    1.702820590    1.657824375    1.627267785
   19.220000000    1.716775722    1.672761646    1.642440366
   19.230000000    1.726714583    1.686097889    1.649782330
   19.240000000    1.734009067    1.698846693    1.651281318
   19.250000000    1.739213334    1.711322205    1.650060518
   19.260000000    1.742567482    1.723292874    1.648378958
   19.270000000    1.744986060    1.734517888    1.647111810
   19.280000000    1.747812378    1.744614993    1.646391035
   19.290000000    1.751888587    1.752675990    1.645688293
   19.300000000    1.757290575    1.757744103    1.643588231
   19.310000000    1.763797882    1.759864069    1.638729916
   19.320000000    1.771134951    1.760245100    1.631190498
   19.330000000    1.778385549    1.759951045    1.622344080
   19.340000000    1.783572651    1.758506263    1.613695042
   19.350000000    1.784678219    1.754300049    1.606500408
   19.360000000    1.781191616    1.746237547    1.601605934
   19.370000000    1.774080563    1.734360195    1.598306981
   19.380000000    1.764389891    1.719360978    1.593947803
   19.390000000    1.752688198    1.702460026    1.585567176
   19.400000000    1.739948090    1.685743937    1.571993540
   19.410000000    1.728179260    1.672019889    1.554584077
   19.420000000    1.719613719    1.663767924    1.536042866
   19.430000000    1.715317309    1.661825505    1.518252467
   19.440000000    1.714641096    1.664917917    1.501206480
   19.450000000    1.716062419    1.670734885    1.484037835
   19.460000000    1.718520761    1.677656795    1.466669155
   19.470000000    1.721601560    1.685275330    1.450191610
   19.480000000    1.724712240    1.693450075    1.435978495
   19.490000000    1.726537130    1.701193257    1.424794737
   19.500000000    1.725498584    1.706831499    1.416871414
   19.510000000    1.721013272    1.709564989    1.412553044
   19.520000000    1.714006010    1.710368582    1.412264811
   19.530000000    1.705976573    1.710976542    1.415851335
   19.540000000    1.698115623    1.712431046    1.422388730
   19.550000000    1.691549354    1.714941564    1.430863527
   19.560000000    1.687972727    1.718882898    1.440946116
   19.570000000    1.689579033    1.725411869    1.452572476
   19.580000000    1.698295475    1.735967945    1.464991868
   19.590000000    1.715207839    1.751389635    1.477177542
   19.600000000    1.740402614    1.771415815    1.488858979
   19.610000000    1.772469915    1.794481204    1.500346544
   19.620000000    1.807943552    1.817784573    1.511908335
   19.630000000    1.842075499    1.838166708    1.523923908
   19.640000000    1.871052606    1.853727946    1.536939085
   19.650000000    1.893842851    1.864900282    1.551017575
   19.660000000    1.911895863    1.873862873    1.565397560
   19.670000000    1.927332472    1.883049797    1.579119258
   19.680000000    1.941851071    1.894406014    1.592058617
   19.690000000    1.957147029    1.909796853    1.605220671
   19.700000000    1.975211077    1.931150592    1.619699900
   19.710000000    1.997322844    1.959183134    1.635516814
   19.720000000    2.022912214    1.992054245    1.651911987
   19.730000000    2.049498209    2.025742663    1.668427104
   19.740000000    2.073692729    2.055740857    1.684962065
   19.750000000    2.092963654    2.078914636    1.701267424
   19.760000000    2.106947552    2.094656050    1.716933634
   19.770000000    2.117080851    2.104682685    1.730927251
   19.780000000    2.125304451    2.111898045    1.740895103
   19.790000000    2.132926127    2.118881387    1.743903551
   19.800000000    2.139502671    2.126099089    1.737978721
   19.810000000    2.142258328    2.131183563    1.722903023
   19.820000000    2.137400503    2.130464735    1.700253966
   19.830000000    2.122739227    2.121373694    1.673033724
   19.840000000    2.099499702    2.104040685    1.645062918
   19.850000000    2.072258521    2.081941818    1.620547376
   19.860000000    2.047110550    2.061155857    1.603536286
   19.870000000    2.029004767    2.047725445    1.596496790
   19.880000000    2.019804252    2.044739763    1.599018923
   19.890000000    2.018397517    2.051678274    1.608470433
   19.900000000    2.022526979    2.066113848    1.621957687
   19.910000000    2.030498227    2.085740164    1.637420440
   19.920000000    2.041464454    2.109110871    1.653505195
   19.930000000    2.054425681    2.134633992    1.669376364
   19.940000000    2.067173217    2.159099399    1.684530657
   19.950000000    2.076396217    2.177848238    1.697914593
   19.960000000    2.079298763    2.186973990    1.707794928
   19.970000000    2.075691243    2.185896495    1.713819201
   19.980000000    2.068333448    2.177795340    1.718403998
   19.990000000    2.060623855    2.166856736    1.724809302
   20.000000000    2.054103954    2.155262612    1.734131256
   20.010000000    2.048675744    2.143273662    1.744110126
   20.020000000    2.044335760    2.131006756    1.750547279
   20.030000000    2.041486547    2.118827861    1.750775294
   20.040000000    2.040236788    2.107046059    1.746430323
   20.050000000    2.040866957    2.096934560    1.742618040
