# energy grid [eV]     epsr_x  epsr_y  epsr_z
# plasmon frequences [eV]:    17.798702372   17.798928753   17.823203692
    0.050000000    6.905051415    6.909438227    7.074206305
    0.060000000    6.905351133    6.909740552    7.074514851
    0.070000000    6.905705444    6.910097949    7.074879596
    0.080000000    6.906114399    6.910510468    7.075300589
    0.090000000    6.906578055    6.910978168    7.075777887
    0.100000000    6.907096476    6.911501118    7.076311557
    0.110000000    6.907669737    6.912079393    7.076901671
    0.120000000    6.908297919    6.912713076    7.077548310
    0.130000000    6.908981109    6.913402259    7.078251562
    0.140000000    6.909719405    6.914147043    7.079011525
    0.150000000    6.910512912    6.914947535    7.079828303
    0.160000000    6.911361743    6.915803851    7.080702008
    0.170000000    6.912266017    6.916716118    7.081632761
    0.180000000    6.913225865    6.917684468    7.082620691
    0.190000000    6.914241423    6.918709043    7.083665936
    0.200000000    6.915312838    6.919789994    7.084768639
    0.210000000    6.916440263    6.920927480    7.085928957
    0.220000000    6.917623861    6.922121669    7.087147049
    0.230000000    6.918863803    6.923372738    7.088423088
    0.240000000    6.920160268    6.924680873    7.089757253
    0.250000000    6.921513446    6.926046269    7.091149731
    0.260000000    6.922923533    6.927469131    7.092600720
    0.270000000    6.924390736    6.928949671    7.094110426
    0.280000000    6.925915270    6.930488113    7.095679063
    0.290000000    6.927497361    6.932084690    7.097306857
    0.300000000    6.929137242    6.933739644    7.098994040
    0.310000000    6.930835157    6.935453227    7.100740855
    0.320000000    6.932591360    6.937225702    7.102547556
    0.330000000    6.934406112    6.939057341    7.104414403
    0.340000000    6.936279688    6.940948428    7.106341671
    0.350000000    6.938212371    6.942899256    7.108329640
    0.360000000    6.940204453    6.944910129    7.110378603
    0.370000000    6.942256239    6.946981362    7.112488864
    0.380000000    6.944368044    6.949113282    7.114660735
    0.390000000    6.946540192    6.951306226    7.116894541
    0.400000000    6.948773020    6.953560543    7.119190618
    0.410000000    6.951066876    6.955876596    7.121549311
    0.420000000    6.953422119    6.958254755    7.123970978
    0.430000000    6.955839120    6.960695408    7.126455988
    0.440000000    6.958318262    6.963198952    7.129004724
    0.450000000    6.960859939    6.965765797    7.131617577
    0.460000000    6.963464560    6.968396367    7.134294954
    0.470000000    6.966132544    6.971091100    7.137037273
    0.480000000    6.968864324    6.973850446    7.139844965
    0.490000000    6.971660348    6.976674871    7.142718474
    0.500000000    6.974521075    6.979564853    7.145658258
    0.510000000    6.977446979    6.982520886    7.148664789
    0.520000000    6.980438549    6.985543480    7.151738551
    0.530000000    6.983496287    6.988633158    7.154880045
    0.540000000    6.986620711    6.991790461    7.158089786
    0.550000000    6.989812354    6.995015945    7.161368304
    0.560000000    6.993071765    6.998310183    7.164716143
    0.570000000    6.996399509    7.001673766    7.168133866
    0.580000000    6.999796167    7.005107301    7.171622049
    0.590000000    7.003262338    7.008611414    7.175181287
    0.600000000    7.006798637    7.012186749    7.178812191
    0.610000000    7.010405698    7.015833970    7.182515391
    0.620000000    7.014084173    7.019553759    7.186291534
    0.630000000    7.017834734    7.023346819    7.190141285
    0.640000000    7.021658069    7.027213874    7.194065329
    0.650000000    7.025554890    7.031155671    7.198064371
    0.660000000    7.029525927    7.035172975    7.202139137
    0.670000000    7.033571933    7.039266576    7.206290371
    0.680000000    7.037693681    7.043437290    7.210518841
    0.690000000    7.041891968    7.047685952    7.214825336
    0.700000000    7.046167613    7.052013425    7.219210667
    0.710000000    7.050521460    7.056420598    7.223675672
    0.720000000    7.054954376    7.060908385    7.228221208
    0.730000000    7.059467254    7.065477729    7.232848162
    0.740000000    7.064061015    7.070129600    7.237557443
    0.750000000    7.068736605    7.074864999    7.242349987
    0.760000000    7.073494998    7.079684955    7.247226761
    0.770000000    7.078337198    7.084590530    7.252188756
    0.780000000    7.083264239    7.089582820    7.257236995
    0.790000000    7.088277185    7.094662951    7.262372530
    0.800000000    7.093377131    7.099832086    7.267596444
    0.810000000    7.098565209    7.105091426    7.272909855
    0.820000000    7.103842580    7.110442206    7.278313912
    0.830000000    7.109210444    7.115885702    7.283809800
    0.840000000    7.114670038    7.121423230    7.289398740
    0.850000000    7.120222635    7.127056148    7.295081989
    0.860000000    7.125869550    7.132785858    7.300860845
    0.870000000    7.131612136    7.138613807    7.306736644
    0.880000000    7.137451792    7.144541489    7.312710767
    0.890000000    7.143389959    7.150570447    7.318784633
    0.900000000    7.149428125    7.156702276    7.324959712
    0.910000000    7.155567825    7.162938623    7.331237517
    0.920000000    7.161810645    7.169281191    7.337619610
    0.930000000    7.168158221    7.175731741    7.344107605
    0.940000000    7.174612245    7.182292094    7.350703168
    0.950000000    7.181174464    7.188964134    7.357408020
    0.960000000    7.187846682    7.195749811    7.364223937
    0.970000000    7.194630767    7.202651144    7.371152759
    0.980000000    7.201528649    7.209670221    7.378196384
    0.990000000    7.208542323    7.216809209    7.385356776
    1.000000000    7.215673856    7.224070352    7.392635969
    1.010000000    7.222925385    7.231455974    7.400036064
    1.020000000    7.230299123    7.238968489    7.407559237
    1.030000000    7.237797364    7.246610398    7.415207744
    1.040000000    7.245422483    7.254384300    7.422983917
    1.050000000    7.253176941    7.262292890    7.430890176
    1.060000000    7.261063292    7.270338969    7.438929029
    1.070000000    7.269084183    7.278525449    7.447103075
    1.080000000    7.277242362    7.286855357    7.455415012
    1.090000000    7.285540681    7.295331839    7.463867641
    1.100000000    7.293982102    7.303958173    7.472463868
    1.110000000    7.302569703    7.312737768    7.481206712
    1.120000000    7.311306682    7.321674178    7.490099312
    1.130000000    7.320196368    7.330771107    7.499144930
    1.140000000    7.329242220    7.340032417    7.508346959
    1.150000000    7.338447844    7.349462137    7.517708933
    1.160000000    7.347816990    7.359064474    7.527234528
    1.170000000    7.357353569    7.368843824    7.536927576
    1.180000000    7.367061658    7.378804782    7.546792070
    1.190000000    7.376945511    7.388952151    7.556832176
    1.200000000    7.387009565    7.399290963    7.567052239
    1.210000000    7.397258457    7.409826485    7.577456799
    1.220000000    7.407697032    7.420564238    7.588050597
    1.230000000    7.418330355    7.431510014    7.598838590
    1.240000000    7.429163727    7.442669892    7.609825965
    1.250000000    7.440202699    7.454050256    7.621018150
    1.260000000    7.451453085    7.465657821    7.632420832
    1.270000000    7.462920983    7.477499648    7.644039973
    1.280000000    7.474612791    7.489583176    7.655881828
    1.290000000    7.486535227    7.501916244    7.667952963
    1.300000000    7.498695353    7.514507122    7.680260279
    1.310000000    7.511100594    7.527364542    7.692811029
    1.320000000    7.523758767    7.540497735    7.705612851
    1.330000000    7.536678109    7.553916464    7.718673787
    1.340000000    7.549867305    7.567631073    7.732002318
    1.350000000    7.563335521    7.581652526    7.745607393
    1.360000000    7.577092442    7.595992463    7.759498464
    1.370000000    7.591148312    7.610663252    7.773685526
    1.380000000    7.605513974    7.625678052    7.788179159
    1.390000000    7.620200919    7.641050879    7.802990569
    1.400000000    7.635221340    7.656796686    7.818131649
    1.410000000    7.650588189    7.672931440    7.833615021
    1.420000000    7.666315238    7.689472218    7.849454111
    1.430000000    7.682417152    7.706437311    7.865663207
    1.440000000    7.698909568    7.723846339    7.882257538
    1.450000000    7.715809177    7.741720377    7.899253358
    1.460000000    7.733133824    7.760082103    7.916668037
    1.470000000    7.750902615    7.778955956    7.934520165
    1.480000000    7.769136035    7.798368324    7.952829665
    1.490000000    7.787856083    7.818347745    7.971617923
    1.500000000    7.807086420    7.838925139    7.990907932
    1.510000000    7.826852543    7.860134075    8.010724452
    1.520000000    7.847181969    7.882011069    8.031094191
    1.530000000    7.868104454    7.904595919    8.052046011
    1.540000000    7.889652232    7.927932098    8.073611157
    1.550000000    7.911860294    7.952067197    8.095823519
    1.560000000    7.934766697    7.977053427    8.118719928
    1.570000000    7.958412924    8.002948204    8.142340492
    1.580000000    7.982844285    8.029814817    8.166728982
    1.590000000    8.008110385    8.057723197    8.191933269
    1.600000000    8.034265655    8.086750799    8.218005822
    1.610000000    8.061369959    8.116983624    8.245004289
    1.620000000    8.089489291    8.148517393    8.272992150
    1.630000000    8.118696578    8.181458894    8.302039480
    1.640000000    8.149072591    8.215927526    8.332223818
    1.650000000    8.180706990    8.252057058    8.363631169
    1.660000000    8.213699508    8.289997609    8.396357157
    1.670000000    8.248161281    8.329917841    8.430508345
    1.680000000    8.284216317    8.372007327    8.466203742
    1.690000000    8.322003077    8.416478977    8.503576509
    1.700000000    8.361676105    8.463571325    8.542775866
    1.710000000    8.403407551    8.513550221    8.583969184
    1.720000000    8.447388328    8.566709187    8.627344195
    1.730000000    8.493828372    8.623366992    8.673111194
    1.740000000    8.542955090    8.683859925    8.721504954
    1.750000000    8.595008312    8.748524226    8.772785847
    1.760000000    8.650228719    8.817660558    8.827239250
    1.770000000    8.708834367    8.891465995    8.885171540
    1.780000000    8.770975603    8.969907564    8.946899684
    1.790000000    8.836651195    9.052491224    9.012729039
    1.800000000    8.905555642    9.137846092    9.082909710
    1.810000000    8.976807518    9.222991150    9.157554225
    1.820000000    9.048483424    9.302089771    9.236485732
    1.830000000    9.116873549    9.364495716    9.318962500
    1.840000000    9.175468468    9.392214461    9.403186360
    1.850000000    9.214108464    9.358223098    9.485449722
    1.860000000    9.219766566    9.230253358    9.558735541
    1.870000000    9.181436409    8.987537425    9.610686664
    1.880000000    9.098863892    8.649156009    9.621507645
    1.890000000    8.986206819    8.284624205    9.564348391
    1.900000000    8.862529489    7.976377044    9.414071110
    1.910000000    8.742521975    7.769305227    9.169291881
    1.920000000    8.641820285    7.664045407    8.874491439
    1.930000000    8.580845343    7.641494238    8.607445504
    1.940000000    8.573656283    7.680000330    8.430091927
    1.950000000    8.618724934    7.760016209    8.357346550
    1.960000000    8.703371630    7.865569295    8.369138987
    1.970000000    8.812198294    7.984933466    8.435271934
    1.980000000    8.930905089    8.109924386    8.528677271
    1.990000000    9.045745848    8.234367427    8.627289817
    2.000000000    9.141662058    8.352642368    8.711805236
    2.010000000    9.202189359    8.459143985    8.764977981
    2.020000000    9.214289602    8.549554062    8.776564868
    2.030000000    9.177436161    8.623584718    8.753419673
    2.040000000    9.105512319    8.685279007    8.722776088
    2.050000000    9.010514356    8.737087300    8.716034474
    2.060000000    8.884978962    8.773216571    8.746309910
    2.070000000    8.711354531    8.781503256    8.802687484
    2.080000000    8.492610316    8.751897781    8.858053001
    2.090000000    8.265074542    8.679250954    8.876181284
    2.100000000    8.069113604    8.554883989    8.816662762
    2.110000000    7.912947045    8.363893482    8.647067871
    2.120000000    7.774682597    8.105305811    8.367821037
    2.130000000    7.629514573    7.815006311    8.030442373
    2.140000000    7.468383559    7.553252612    7.714968603
    2.150000000    7.303948871    7.366321745    7.481466262
    2.160000000    7.169111863    7.269515483    7.350179039
    2.170000000    7.098738097    7.256088054    7.313667965
    2.180000000    7.105987424    7.308434320    7.351450810
    2.190000000    7.179861019    7.406017638    7.439850920
    2.200000000    7.299433954    7.531166388    7.558707222
    2.210000000    7.445482871    7.671397747    7.693985942
    2.220000000    7.603911651    7.818861565    7.837211077
    2.230000000    7.764508394    7.968706708    7.983811187
    2.240000000    7.918288201    8.117426763    8.131603242
    2.250000000    8.054692928    8.261452212    8.279712824
    2.260000000    8.159328117    8.396076279    8.427845027
    2.270000000    8.214040700    8.515208146    8.575737599
    2.280000000    8.203278880    8.613175586    8.722632849
    2.290000000    8.129078791    8.689268812    8.866620962
    2.300000000    8.023634989    8.751273106    9.003755444
    2.310000000    7.936747042    8.810477905    9.127059452
    2.320000000    7.902571714    8.870140395    9.226241986
    2.330000000    7.923188514    8.921290547    9.290309705
    2.340000000    7.980458457    8.951289326    9.315601902
    2.350000000    8.053567528    8.955257839    9.315845691
    2.360000000    8.125121461    8.935593230    9.320328712
    2.370000000    8.176414384    8.887126633    9.354433367
    2.380000000    8.183729746    8.788619915    9.423028255
    2.390000000    8.126224907    8.618427642    9.512522351
    2.400000000    8.004644256    8.384067361    9.599801581
    2.410000000    7.855045345    8.136195497    9.653741669
    2.420000000    7.734565797    7.944476723    9.631631754
    2.430000000    7.684638813    7.853041392    9.484180095
    2.440000000    7.711258781    7.861422175    9.181859119
    2.450000000    7.796218035    7.940596514    8.756664147
    2.460000000    7.915153197    8.054323444    8.312869194
    2.470000000    8.045026908    8.167406741    7.966093634
    2.480000000    8.163587343    8.246002140    7.767663486
    2.490000000    8.248811976    8.261420507    7.695423046
    2.500000000    8.282004724    8.201222526    7.694991900
    2.510000000    8.252941600    8.076582647    7.719731754
    2.520000000    8.164569425    7.912316324    7.751210543
    2.530000000    8.037903791    7.733144557    7.796707693
    2.540000000    7.909745101    7.564758114    7.867264883
    2.550000000    7.811280098    7.430706570    7.957345537
    2.560000000    7.744339901    7.333784110    8.042292723
    2.570000000    7.684354017    7.251333233    8.089525298
    2.580000000    7.607893310    7.159863739    8.076744488
    2.590000000    7.518511440    7.064224175    8.011466434
    2.600000000    7.443583164    6.996586957    7.932521253
    2.610000000    7.402847728    6.983773697    7.878996481
    2.620000000    7.386422597    7.023295532    7.855539105
    2.630000000    7.364474854    7.090212138    7.830159744
    2.640000000    7.313942562    7.157383316    7.759404900
    2.650000000    7.240223612    7.210465921    7.622208655
    2.660000000    7.174866334    7.249530958    7.445106231
    2.670000000    7.148691679    7.276541049    7.290701960
    2.680000000    7.168884860    7.281286683    7.210298236
    2.690000000    7.221211539    7.243408332    7.213504387
    2.700000000    7.288275751    7.153717900    7.280995775
    2.710000000    7.364757751    7.036284735    7.391034931
    2.720000000    7.457224689    6.941613717    7.531299007
    2.730000000    7.570922625    6.910426934    7.694112243
    2.740000000    7.699465530    6.949448078    7.868456507
    2.750000000    7.824825653    7.038761564    8.037412339
    2.760000000    7.921284688    7.149257933    8.179192086
    2.770000000    7.960069543    7.253310149    8.270194190
    2.780000000    7.919878629    7.330977128    8.292843834
    2.790000000    7.806437642    7.377699308    8.246712978
    2.800000000    7.665192684    7.409581518    8.148835428
    2.810000000    7.560717314    7.454713057    8.013636266
    2.820000000    7.535218694    7.533620496    7.833704678
    2.830000000    7.591636163    7.648872419    7.591643538
    2.840000000    7.708440462    7.789941055    7.299279615
    2.850000000    7.858148690    7.941333689    7.018315724
    2.860000000    8.014702126    8.085558531    6.824489512
    2.870000000    8.153419495    8.202627959    6.754533051
    2.880000000    8.251546492    8.271871420    6.797424815
    2.890000000    8.294451200    8.280185769    6.920596025
    2.900000000    8.283838280    8.232466293    7.092583885
    2.910000000    8.233206017    8.148419915    7.290703311
    2.920000000    8.147109997    8.042307693    7.500151511
    2.930000000    8.011539584    7.913874035    7.710773521
    2.940000000    7.813925708    7.765166781    7.913940511
    2.950000000    7.568508983    7.613846537    8.099938293
    2.960000000    7.313736397    7.479818212    8.255740420
    2.970000000    7.087418418    7.366240901    8.363468274
    2.980000000    6.910189136    7.260313223    8.401178803
    2.990000000    6.786129124    7.148920073    8.349231936
    3.000000000    6.713043404    7.034962047    8.202724204
    3.010000000    6.690779161    6.942025397    7.982238009
    3.020000000    6.717389747    6.898844766    7.735699342
    3.030000000    6.781069668    6.918560434    7.528137577
    3.040000000    6.861098314    6.994176925    7.413671110
    3.050000000    6.937995243    7.108293250    7.408963266
    3.060000000    7.006233030    7.245073036    7.496292740
    3.070000000    7.077971194    7.395766267    7.644716709
    3.080000000    7.169685897    7.554792451    7.824933085
    3.090000000    7.284910100    7.712364652    8.012873387
    3.100000000    7.411119035    7.851307747    8.188184431
    3.110000000    7.528388230    7.949052549    8.333533482
    3.120000000    7.620179187    7.984359469    8.437393370
    3.130000000    7.682156332    7.949687331    8.496699650
    3.140000000    7.725063365    7.863643027    8.511266048
    3.150000000    7.768419413    7.769586252    8.474001249
    3.160000000    7.827487971    7.713315680    8.377056645
    3.170000000    7.900703202    7.715134627    8.237237102
    3.180000000    7.966286054    7.761602148    8.107275232
    3.190000000    7.989951693    7.819660865    8.045166146
    3.200000000    7.941333807    7.857858941    8.074012597
    3.210000000    7.817209534    7.865304713    8.176845847
    3.220000000    7.655535607    7.858434674    8.315669623
    3.230000000    7.514813430    7.863741070    8.446259918
    3.240000000    7.431041058    7.889247703    8.524374384
    3.250000000    7.398751050    7.914222571    8.514886206
    3.260000000    7.386613751    7.902858785    8.411493742
    3.270000000    7.362775417    7.829140240    8.251620829
    3.280000000    7.315197788    7.700471595    8.094545572
    3.290000000    7.257750575    7.559602101    7.972273483
    3.300000000    7.213119943    7.452985376    7.868323230
    3.310000000    7.187905474    7.394916904    7.740866086
    3.320000000    7.168740273    7.364369502    7.562551528
    3.330000000    7.141910391    7.330394372    7.350093982
    3.340000000    7.111629058    7.275964214    7.159660214
    3.350000000    7.094625955    7.197874218    7.047864404
    3.360000000    7.098945547    7.091536272    7.034549837
    3.370000000    7.116214513    6.952206700    7.096437819
    3.380000000    7.132622770    6.793660203    7.184380525
    3.390000000    7.138141577    6.649157028    7.243164970
    3.400000000    7.127951442    6.547418035    7.229187055
    3.410000000    7.108376617    6.499552620    7.131061013
    3.420000000    7.103113116    6.509155222    6.980788849
    3.430000000    7.140589671    6.577776704    6.832074531
    3.440000000    7.231882961    6.697462704    6.723735964
    3.450000000    7.365444899    6.848044591    6.672133870
    3.460000000    7.517304684    7.003265238    6.684752538
    3.470000000    7.661501396    7.138222973    6.763290167
    3.480000000    7.777175821    7.235996565    6.899684509
    3.490000000    7.854789404    7.292294655    7.077319490
    3.500000000    7.898175730    7.312704156    7.275202825
    3.510000000    7.916667077    7.304562319    7.470923803
    3.520000000    7.913178455    7.275596284    7.642087058
    3.530000000    7.880638893    7.236976384    7.768738811
    3.540000000    7.806462561    7.196179281    7.839229873
    3.550000000    7.679605273    7.147374268    7.856622592
    3.560000000    7.500492449    7.078469201    7.836835448
    3.570000000    7.292320429    6.991272017    7.796345793
    3.580000000    7.100979365    6.912102633    7.743691564
    3.590000000    6.969931966    6.875384571    7.684436742
    3.600000000    6.910710681    6.896334690    7.628690462
    3.610000000    6.902657993    6.964355263    7.594052341
    3.620000000    6.914515557    7.056922689    7.602007885
    3.630000000    6.923638929    7.154627529    7.663034465
    3.640000000    6.925656402    7.248889880    7.764035374
    3.650000000    6.930906637    7.340210050    7.871734222
    3.660000000    6.949753178    7.428465524    7.944452306
    3.670000000    6.983078829    7.505048806    7.944293131
    3.680000000    7.022441712    7.553441259    7.849056431
    3.690000000    7.053552086    7.557427646    7.661816923
    3.700000000    7.065071848    7.514879062    7.416307310
    3.710000000    7.057977438    7.446057991    7.171711188
    3.720000000    7.042519899    7.381324300    6.986536940
    3.730000000    7.029068341    7.340098097    6.888474177
    3.740000000    7.029987145    7.328823294    6.873128996
    3.750000000    7.063272004    7.351449442    6.925850141
    3.760000000    7.141935234    7.408011272    7.033439215
    3.770000000    7.262576686    7.486175830    7.179546589
    3.780000000    7.408646964    7.564019696    7.341108598
    3.790000000    7.561208821    7.623221155    7.491225835
    3.800000000    7.705571239    7.659265756    7.603251511
    3.810000000    7.830748777    7.679351185    7.656917846
    3.820000000    7.925487408    7.690392870    7.650024264
    3.830000000    7.977355776    7.688779055    7.606102142
    3.840000000    7.979337152    7.664186546    7.563023775
    3.850000000    7.938736447    7.615957965    7.552981437
    3.860000000    7.875448763    7.562019447    7.594011213
    3.870000000    7.808824774    7.526697835    7.689876434
    3.880000000    7.749224304    7.523366488    7.831287179
    3.890000000    7.701554524    7.552850464    7.999743022
    3.900000000    7.668130044    7.610958271    8.173899407
    3.910000000    7.644360058    7.690491895    8.336731418
    3.920000000    7.620536196    7.781549807    8.480994649
    3.930000000    7.593322421    7.876205296    8.607194982
    3.940000000    7.568600637    7.969917907    8.712914323
    3.950000000    7.547833626    8.054547799    8.785817625
    3.960000000    7.516876927    8.111832546    8.811369714
    3.970000000    7.455771425    8.117993943    8.789217287
    3.980000000    7.360454586    8.058055348    8.738959192
    3.990000000    7.252629200    7.939879410    8.686320574
    4.000000000    7.168800952    7.797545058    8.645534159
    4.010000000    7.138315933    7.677450133    8.609381690
    4.020000000    7.166784369    7.613547706    8.549181370
    4.030000000    7.235184338    7.609359416    8.431043480
    4.040000000    7.311626577    7.639217884    8.238896017
    4.050000000    7.368258606    7.666126449    7.985357262
    4.060000000    7.395896659    7.662811361    7.709430089
    4.070000000    7.406488553    7.624355840    7.463614768
    4.080000000    7.421066125    7.569176232    7.291013290
    4.090000000    7.454802878    7.527901083    7.208496570
    4.100000000    7.507555144    7.521265977    7.202770844
    4.110000000    7.563903251    7.545891995    7.238144057
    4.120000000    7.606524674    7.585405137    7.276982754
    4.130000000    7.634627682    7.633235376    7.300257077
    4.140000000    7.667826254    7.699654912    7.309963250
    4.150000000    7.726943887    7.794824791    7.317080428
    4.160000000    7.812864184    7.909766705    7.336393298
    4.170000000    7.906252080    8.015690398    7.384568916
    4.180000000    7.982033615    8.077412145    7.467219640
    4.190000000    8.020939420    8.069414588    7.570018077
    4.200000000    8.012541022    7.987211441    7.666435689
    4.210000000    7.956232942    7.847231490    7.729515302
    4.220000000    7.863148218    7.674627633    7.738983572
    4.230000000    7.753153815    7.489732162    7.688952659
    4.240000000    7.645938552    7.304946855    7.596552685
    4.250000000    7.552610534    7.128660782    7.498705097
    4.260000000    7.472796473    6.966108387    7.431465628
    4.270000000    7.400500398    6.822623763    7.412788703
    4.280000000    7.333589249    6.710741617    7.443811963
    4.290000000    7.276314576    6.646574107    7.514618208
    4.300000000    7.237175987    6.638996483    7.607043733
    4.310000000    7.229399816    6.688510512    7.703129984
    4.320000000    7.269428996    6.792084906    7.796450699
    4.330000000    7.367166826    6.942396800    7.892891479
    4.340000000    7.516427131    7.124308566    7.998841229
    4.350000000    7.696250090    7.316004083    8.112046949
    4.360000000    7.879273336    7.494295449    8.220507966
    4.370000000    8.039735700    7.640468976    8.299660849
    4.380000000    8.160249252    7.744144949    8.312236365
    4.390000000    8.237787100    7.804541652    8.224554469
    4.400000000    8.283937851    7.831797763    8.036255078
    4.410000000    8.314720397    7.847177592    7.796746479
    4.420000000    8.338717317    7.875296776    7.579601365
    4.430000000    8.356713670    7.930935317    7.432529748
    4.440000000    8.370351574    8.013941436    7.358640867
    4.450000000    8.386300226    8.114889746    7.340192491
    4.460000000    8.411939520    8.221802849    7.366358459
    4.470000000    8.448604588    8.321627970    7.439277578
    4.480000000    8.483841221    8.395912489    7.560938522
    4.490000000    8.487115890    8.418142593    7.720260146
    4.500000000    8.421270511    8.363639114    7.895060536
    4.510000000    8.269114251    8.229640767    8.062623673
    4.520000000    8.053653009    8.048252524    8.207233264
    4.530000000    7.827928011    7.875371761    8.322455386
    4.540000000    7.640350982    7.758705571    8.410291936
    4.550000000    7.513204889    7.714457970    8.476737375
    4.560000000    7.451322530    7.733227735    8.525149264
    4.570000000    7.455051823    7.797865861    8.552645712
    4.580000000    7.516579549    7.889861074    8.550531232
    4.590000000    7.613361854    7.987189180    8.508025400
    4.600000000    7.714677894    8.067918060    8.422169374
    4.610000000    7.795509258    8.120259562    8.307437979
    4.620000000    7.846013679    8.147909380    8.192044536
    4.630000000    7.869745323    8.162209374    8.099712036
    4.640000000    7.874602969    8.170782267    8.036214751
    4.650000000    7.868932496    8.178244313    7.996718406
    4.660000000    7.863894249    8.192659361    7.978250121
    4.670000000    7.875709738    8.225977551    7.981866361
    4.680000000    7.923683712    8.290478654    8.012008015
    4.690000000    8.021266865    8.393634125    8.076489815
    4.700000000    8.167490143    8.533146187    8.181180992
    4.710000000    8.349009903    8.697584019    8.322280871
    4.720000000    8.550337942    8.872912495    8.485562449
    4.730000000    8.761267148    9.047767423    8.653874893
    4.740000000    8.975254611    9.212503929    8.818379271
    4.750000000    9.183311959    9.356566395    8.984612032
    4.760000000    9.371624908    9.472282053    9.163694471
    4.770000000    9.523782978    9.561582180    9.356695467
    4.780000000    9.624335146    9.632920257    9.551094371
    4.790000000    9.664480765    9.689246523    9.728357482
    4.800000000    9.648727697    9.722297337    9.867738551
    4.810000000    9.592189223    9.717047093    9.946047923
    4.820000000    9.508803035    9.661606346    9.946778531
    4.830000000    9.406087343    9.558892581    9.875818576
    4.840000000    9.287785321    9.426494222    9.760425272
    4.850000000    9.156213397    9.283197167    9.630494841
    4.860000000    9.016800229    9.144844097    9.511855857
    4.870000000    8.882395766    9.029841041    9.431648746
    4.880000000    8.766726488    8.952817345    9.409804731
    4.890000000    8.673163763    8.911759486    9.440158613
    4.900000000    8.595667455    8.889381563    9.483956861
    4.910000000    8.528688843    8.865544858    9.483063226
    4.920000000    8.470967209    8.825236657    9.384709406
    4.930000000    8.422852803    8.761229908    9.172464661
    4.940000000    8.386738438    8.676943352    8.890439318
    4.950000000    8.371714523    8.589046365    8.628904529
    4.960000000    8.392598892    8.525543332    8.469077248
    4.970000000    8.460067666    8.515836752    8.440767810
    4.980000000    8.572811847    8.576236204    8.523828001
    4.990000000    8.718720219    8.700101527    8.669454979
    5.000000000    8.879378157    8.858955538    8.821161668
    5.010000000    9.035004337    9.014435822    8.934608658
    5.020000000    9.172801911    9.134626443    8.989630267
    5.030000000    9.291602125    9.203119821    8.983321773
    5.040000000    9.396540619    9.218247326    8.916768643
    5.050000000    9.493967046    9.194786932    8.801065353
    5.060000000    9.589335598    9.164814396    8.670947148
    5.070000000    9.681224013    9.160725682    8.574338006
    5.080000000    9.761331411    9.194923029    8.543309911
    5.090000000    9.828005868    9.261633242    8.580079140
    5.100000000    9.894166293    9.349789419    8.667883210
    5.110000000    9.974018164    9.446168279    8.786638550
    5.120000000   10.063092246    9.530722232    8.919483726
    5.130000000   10.130876828    9.571791554    9.050744629
    5.140000000   10.132543917    9.531097955    9.163646974
    5.150000000   10.035038362    9.384722630    9.248086439
    5.160000000    9.839643880    9.143399155    9.311585126
    5.170000000    9.583071751    8.853371934    9.377846892
    5.180000000    9.312775189    8.574482256    9.470762917
    5.190000000    9.057776376    8.347820184    9.598103755
    5.200000000    8.825684123    8.182027032    9.751186568
    5.210000000    8.621121909    8.068535967    9.915977288
    5.220000000    8.457658402    8.001866194   10.078714685
    5.230000000    8.354251807    7.983703482   10.226179580
    5.240000000    8.323940089    8.015549921   10.349235755
    5.250000000    8.363767804    8.093878002   10.445238454
    5.260000000    8.456747486    8.211968528   10.516373143
    5.270000000    8.585891446    8.364460440   10.571673735
    5.280000000    8.744520359    8.549636404   10.629357226
    5.290000000    8.927328076    8.763633531   10.703740450
    5.300000000    9.112880703    8.990445885   10.785426173
    5.310000000    9.263719898    9.202900296   10.842745872
    5.320000000    9.343112648    9.374489121   10.846322865
    5.330000000    9.330090651    9.489153424   10.795138379
    5.340000000    9.229561244    9.547798009   10.722567895
    5.350000000    9.078301719    9.573892686   10.675367850
    5.360000000    8.935848318    9.608992815   10.685075986
    5.370000000    8.856483119    9.691754456   10.757836302
    5.380000000    8.861770644    9.833100837   10.882738082
    5.390000000    8.936294651   10.008156758   11.039868672
    5.400000000    9.045739327   10.170826214   11.205003835
    5.410000000    9.158181791   10.278892611   11.361139918
    5.420000000    9.255480490   10.312386221   11.509423412
    5.430000000    9.330828232   10.274352696   11.665116162
    5.440000000    9.376135966   10.178532734   11.840573118
    5.450000000    9.372019556   10.034341252   12.030224069
    5.460000000    9.291665341    9.836623324   12.209700589
    5.470000000    9.115277233    9.567495157   12.344140205
    5.480000000    8.840031016    9.208616006   12.399671409
    5.490000000    8.483594416    8.761927312   12.359972279
    5.500000000    8.086773870    8.270299682   12.238219918
    5.510000000    7.706515787    7.810713290   12.074256255
    5.520000000    7.394431164    7.453101427   11.919489314
    5.530000000    7.173576388    7.220354464   11.810988770
    5.540000000    7.034358324    7.088199069   11.757258579
    5.550000000    6.951904408    7.016210248   11.754764091
    5.560000000    6.900638840    6.969980307   11.801915386
    5.570000000    6.856573027    6.924211320   11.888718280
    5.580000000    6.801103515    6.863479579   11.984589603
    5.590000000    6.729200566    6.785682249   12.038229893
    5.600000000    6.652398516    6.702214564   11.993548151
    5.610000000    6.592662526    6.634874715   11.822032809
    5.620000000    6.567478584    6.606992187   11.540999796
    5.630000000    6.572205730    6.623988151   11.192673224
    5.640000000    6.575173943    6.658275058   10.810189561
    5.650000000    6.531683272    6.657387762   10.397812672
    5.660000000    6.413215551    6.577308467    9.934804630
    5.670000000    6.235821584    6.419059684    9.408404294
    5.680000000    6.054206923    6.229496549    8.839488004
    5.690000000    5.923109252    6.065721154    8.264885491
    5.700000000    5.868653043    5.966085502    7.709320396
    5.710000000    5.884749953    5.941018452    7.186153713
    5.720000000    5.940881567    5.971443216    6.710642218
    5.730000000    5.996941939    6.019249798    6.299138905
    5.740000000    6.022674947    6.046590008    5.957118977
    5.750000000    6.010619658    6.027353530    5.677526959
    5.760000000    5.972971586    5.947572626    5.449774744
    5.770000000    5.926625526    5.804689020    5.257812207
    5.780000000    5.884230874    5.614125285    5.076882880
    5.790000000    5.856969177    5.415036906    4.889177669
    5.800000000    5.852583358    5.255015803    4.699535825
    5.810000000    5.865373543    5.161153064    4.525348517
    5.820000000    5.875690162    5.129972588    4.371173600
    5.830000000    5.862325203    5.140499340    4.218937057
    5.840000000    5.814984472    5.170093455    4.050631086
    5.850000000    5.738631728    5.203154659    3.878794172
    5.860000000    5.651511259    5.233943670    3.743079869
    5.870000000    5.580790184    5.265153330    3.675620666
    5.880000000    5.550573907    5.300394745    3.673557255
    5.890000000    5.564481530    5.334668095    3.709430580
    5.900000000    5.603491084    5.354225323    3.767144636
    5.910000000    5.642637695    5.345493574    3.855578836
    5.920000000    5.665009494    5.302622180    3.984984617
    5.930000000    5.662365518    5.229636022    4.142313421
    5.940000000    5.631655262    5.137727464    4.295385426
    5.950000000    5.574388462    5.039457411    4.415201128
    5.960000000    5.497731309    4.946387437    4.493070095
    5.970000000    5.410923605    4.868713462    4.542709402
    5.980000000    5.316121056    4.809382356    4.583892558
    5.990000000    5.208382184    4.760194917    4.617688698
    6.000000000    5.092649701    4.712622095    4.622851139
    6.010000000    4.994977471    4.672208651    4.580781320
    6.020000000    4.946014604    4.654807233    4.493723304
    6.030000000    4.960802430    4.674104934    4.377015422
    6.040000000    5.041281517    4.740835523    4.247506095
    6.050000000    5.183969888    4.864091358    4.121620251
    6.060000000    5.377443282    5.045034769    4.014192177
    6.070000000    5.599991796    5.273300158    3.934898356
    6.080000000    5.823781406    5.530013310    3.888349878
    6.090000000    6.021863778    5.792494068    3.878349470
    6.100000000    6.172773314    6.035929368    3.906143924
    6.110000000    6.260199201    6.231802376    3.960344300
    6.120000000    6.274177279    6.351335980    4.014314952
    6.130000000    6.216318847    6.377393188    4.037656459
    6.140000000    6.103953324    6.316953879    4.018450788
    6.150000000    5.969527792    6.203234888    3.980971147
    6.160000000    5.849500766    6.081045602    3.969291744
    6.170000000    5.767990376    5.985978574    4.004255006
    6.180000000    5.730210480    5.933603812    4.065427510
    6.190000000    5.726840272    5.920757959    4.117529524
    6.200000000    5.741323666    5.933149034    4.141544716
    6.210000000    5.756813220    5.953832189    4.135786016
    6.220000000    5.762605540    5.969289252    4.098501167
    6.230000000    5.757274559    5.971711733    4.018871302
    6.240000000    5.743598214    5.956505386    3.882846034
    6.250000000    5.718540382    5.916332628    3.685304016
    6.260000000    5.670468426    5.839442401    3.437528865
    6.270000000    5.589488027    5.720065466    3.162865085
    6.280000000    5.480211950    5.571548505    2.884156484
    6.290000000    5.359511998    5.422009000    2.615324221
    6.300000000    5.239312362    5.292811922    2.361805515
    6.310000000    5.116039494    5.185772279    2.126513896
    6.320000000    4.976554802    5.089092994    1.922335498
    6.330000000    4.807212522    4.986665019    1.778919523
    6.340000000    4.598310546    4.863194047    1.726757027
    6.350000000    4.348631932    4.710195740    1.768930596
    6.360000000    4.069675697    4.531988210    1.868833094
    6.370000000    3.783511332    4.343372408    1.967260253
    6.380000000    3.514713409    4.158415938    2.016016850
    6.390000000    3.282618276    3.982908412    2.002706108
    6.400000000    3.095913354    3.815791996    1.949383127
    6.410000000    2.949047176    3.650743038    1.886899682
    6.420000000    2.823995280    3.477604351    1.829299168
    6.430000000    2.700244973    3.288794827    1.774322735
    6.440000000    2.569574252    3.088384545    1.720255184
    6.450000000    2.444368605    2.896576907    1.676448903
    6.460000000    2.348857910    2.739751524    1.663566298
    6.470000000    2.300222297    2.632972745    1.705545588
    6.480000000    2.297157679    2.574299900    1.814154955
    6.490000000    2.323610700    2.551941385    1.973881712
    6.500000000    2.362707515    2.553962941    2.141939019
    6.510000000    2.405383602    2.571662180    2.268461128
    6.520000000    2.445555365    2.595305030    2.323989971
    6.530000000    2.475090746    2.614105499    2.313365709
    6.540000000    2.487226388    2.624487865    2.260883135
    6.550000000    2.480001126    2.632639181    2.177934547
    6.560000000    2.456668012    2.646170735    2.051938256
    6.570000000    2.428260504    2.670201226    1.873413405
    6.580000000    2.413422665    2.712216047    1.665365728
    6.590000000    2.426015745    2.777399336    1.475552557
    6.600000000    2.459781501    2.853838708    1.342522214
    6.610000000    2.489121750    2.911000377    1.271819175
    6.620000000    2.487940023    2.917821172    1.240753609
    6.630000000    2.446535991    2.859206478    1.223716364
    6.640000000    2.371555386    2.736170994    1.215109478
    6.650000000    2.279679086    2.562194800    1.234961002
    6.660000000    2.192160110    2.362353895    1.312133655
    6.670000000    2.123678751    2.163941193    1.451457587
    6.680000000    2.075250501    1.985253463    1.617335836
    6.690000000    2.042107593    1.837050595    1.753898892
    6.700000000    2.021946360    1.726813939    1.818874967
    6.710000000    2.012655323    1.656057962    1.802720741
    6.720000000    2.009925721    1.618296462    1.729057733
    6.730000000    2.009942941    1.601321552    1.643868503
    6.740000000    2.013146962    1.593362075    1.594452734
    6.750000000    2.026661807    1.591803051    1.606728906
    6.760000000    2.059799338    1.603647997    1.676701034
    6.770000000    2.113506880    1.633286914    1.775956928
    6.780000000    2.176114435    1.673826268    1.863855903
    6.790000000    2.229640694    1.711986587    1.900581721
    6.800000000    2.260425363    1.736911013    1.856849578
    6.810000000    2.268739489    1.746579918    1.726643245
    6.820000000    2.270821283    1.750904768    1.538159650
    6.830000000    2.290588551    1.766901742    1.336686111
    6.840000000    2.347964282    1.808081166    1.148144348
    6.850000000    2.449848025    1.878058522    0.973373826
    6.860000000    2.584890097    1.970863557    0.818652445
    6.870000000    2.723782402    2.071412665    0.710376016
    6.880000000    2.827747343    2.157002400    0.672229785
    6.890000000    2.865206639    2.207345085    0.702179701
    6.900000000    2.826712274    2.217681893    0.776064296
    6.910000000    2.724771064    2.198606576    0.863494100
    6.920000000    2.584959343    2.164198882    0.940782195
    6.930000000    2.441478738    2.127695185    0.999063249
    6.940000000    2.331102192    2.106505877    1.046934924
    6.950000000    2.279871800    2.120486792    1.102654700
    6.960000000    2.290095620    2.178018454    1.174231688
    6.970000000    2.339746914    2.266593317    1.246610440
    6.980000000    2.398829118    2.362684181    1.289503889
    6.990000000    2.448093101    2.449410946    1.272589616
    7.000000000    2.485385776    2.524753237    1.183146195
    7.010000000    2.518460250    2.595463745    1.042675288
    7.020000000    2.550836858    2.662241184    0.895440049
    7.030000000    2.574230831    2.712548419    0.768394633
    7.040000000    2.576097883    2.731232954    0.650950822
    7.050000000    2.553236716    2.716630416    0.514678647
    7.060000000    2.516620785    2.684859930    0.343268118
    7.070000000    2.485485100    2.660697675    0.147643247
    7.080000000    2.479035737    2.664977214   -0.038781723
    7.090000000    2.510463582    2.707333927   -0.177943956
    7.100000000    2.582200638    2.786144239   -0.244595604
    7.110000000    2.683570465    2.891063448   -0.236818457
    7.120000000    2.796007576    3.006785058   -0.175360704
    7.130000000    2.904937490    3.121562267   -0.089594141
    7.140000000    3.006589930    3.233452090   -0.001204366
    7.150000000    3.100984620    3.343094681    0.081826005
    7.160000000    3.179907233    3.440375667    0.161319286
    7.170000000    3.224572607    3.501901556    0.239776231
    7.180000000    3.215927893    3.504181931    0.311414018
    7.190000000    3.149611901    3.441417061    0.364616704
    7.200000000    3.043158802    3.331310853    0.394826077
    7.210000000    2.929979207    3.204790739    0.410087815
    7.220000000    2.842695472    3.088440477    0.423833291
    7.230000000    2.792513263    2.988678199    0.447563494
    7.240000000    2.761887552    2.887388890    0.487916591
    7.250000000    2.721428938    2.757093515    0.543733724
    7.260000000    2.653895917    2.586132303    0.606612168
    7.270000000    2.561087882    2.390167878    0.668653557
    7.280000000    2.453960296    2.200645870    0.727765153
    7.290000000    2.344383016    2.047347971    0.785062851
    7.300000000    2.242992159    1.949653368    0.842611877
    7.310000000    2.155781589    1.911790782    0.902445935
    7.320000000    2.082792773    1.922094627    0.963421698
    7.330000000    2.023862161    1.961411816    1.021549624
    7.340000000    1.986653449    2.015710111    1.073421157
    7.350000000    1.984579546    2.080100989    1.116092822
    7.360000000    2.022935487    2.151735168    1.142926165
    7.370000000    2.092058275    2.225531143    1.141660571
    7.380000000    2.175107361    2.298677581    1.099809872
    7.390000000    2.257319819    2.372269461    1.013122921
    7.400000000    2.329328621    2.444274933    0.891585700
    7.410000000    2.387068617    2.503273112    0.758115218
    7.420000000    2.429096654    2.531417928    0.635314958
    7.430000000    2.451969516    2.513756802    0.528870065
    7.440000000    2.451709336    2.449558345    0.427455149
    7.450000000    2.432511609    2.360296866    0.322231586
    7.460000000    2.408231637    2.282432218    0.220323871
    7.470000000    2.392852517    2.245098949    0.133525145
    7.480000000    2.397775339    2.257015354    0.060918427
    7.490000000    2.437602708    2.314890886   -0.008715826
    7.500000000    2.523954904    2.412501498   -0.080911895
    7.510000000    2.653878600    2.540651433   -0.147530638
    7.520000000    2.815858492    2.690595205   -0.191535676
    7.530000000    3.003419179    2.857897710   -0.197303161
    7.540000000    3.211583852    3.033606505   -0.161571915
    7.550000000    3.423221578    3.193914019   -0.098548200
    7.560000000    3.607214768    3.305425796   -0.033472807
    7.570000000    3.729359790    3.339961840    0.010338324
    7.580000000    3.766959015    3.286587701    0.023349482
    7.590000000    3.717851281    3.154017185    0.012705759
    7.600000000    3.596557657    2.964365103   -0.011070678
    7.610000000    3.422492454    2.747095336   -0.050428944
    7.620000000    3.209437565    2.532123585   -0.115975883
    7.630000000    2.963653212    2.338905126   -0.202127878
    7.640000000    2.697174273    2.174079048   -0.275528603
    7.650000000    2.440493856    2.040748946   -0.296994229
    7.660000000    2.226850036    1.941618324   -0.251589026
    7.670000000    2.060879337    1.871904316   -0.154086363
    7.680000000    1.914592905    1.817855137   -0.032559278
    7.690000000    1.757908536    1.766513023    0.091115351
    7.700000000    1.584944157    1.713806156    0.210362735
    7.710000000    1.405443749    1.659609115    0.325985809
    7.720000000    1.222458894    1.599006711    0.432200377
    7.730000000    1.035469137    1.526657614    0.515613626
    7.740000000    0.859730399    1.449048288    0.563518117
    7.750000000    0.724048535    1.385105883    0.566725358
    7.760000000    0.646896606    1.350758558    0.518972193
    7.770000000    0.621338981    1.342245339    0.420252923
    7.780000000    0.620952789    1.334003468    0.280858384
    7.790000000    0.615155012    1.293699459    0.120187799
    7.800000000    0.580890437    1.203337641   -0.039195164
    7.810000000    0.508332069    1.071620656   -0.177434171
    7.820000000    0.402158627    0.927542684   -0.282928973
    7.830000000    0.275710613    0.799207589   -0.360483014
    7.840000000    0.141122642    0.696197609   -0.435396053
    7.850000000    0.005288205    0.607940616   -0.541240115
    7.860000000   -0.124213928    0.517853177   -0.697564105
    7.870000000   -0.234089215    0.420152990   -0.900969676
    7.880000000   -0.314906843    0.321438220   -1.133608840
    7.890000000   -0.375503993    0.227783747   -1.372121337
    7.900000000   -0.444790794    0.131269260   -1.591670981
    7.910000000   -0.556772453    0.009892740   -1.771507153
    7.920000000   -0.728391681   -0.157347421   -1.902522548
    7.930000000   -0.948074890   -0.377429178   -1.990172490
    7.940000000   -1.186702120   -0.645711384   -2.049867520
    7.950000000   -1.421570565   -0.954673841   -2.098670629
    7.960000000   -1.642696247   -1.287393006   -2.147412997
    7.970000000   -1.837344172   -1.603013072   -2.196900424
    7.980000000   -1.988139718   -1.849089625   -2.240175837
    7.990000000   -2.086922599   -1.993152889   -2.266747341
    8.000000000   -2.132953667   -2.030987458   -2.264848214
    8.010000000   -2.121611578   -1.973312998   -2.226232955
    8.020000000   -2.048790159   -1.840296221   -2.153077133
    8.030000000   -1.922706670   -1.663198402   -2.057284516
    8.040000000   -1.763115895   -1.477542003   -1.952639748
    8.050000000   -1.591088844   -1.309652520   -1.848704869
    8.060000000   -1.421956874   -1.167692097   -1.749179325
    8.070000000   -1.264020598   -1.043139115   -1.653321622
    8.080000000   -1.121147489   -0.922857311   -1.559258819
    8.090000000   -0.996239666   -0.802310013   -1.466469469
    8.100000000   -0.890982982   -0.688962735   -1.376120630
    8.110000000   -0.803782302   -0.596810672   -1.290900757
    8.120000000   -0.731017390   -0.538303678   -1.215791040
    8.130000000   -0.669542386   -0.515694434   -1.157748292
    8.140000000   -0.616245990   -0.516016595   -1.120817846
    8.150000000   -0.566782278   -0.518507541   -1.100541379
    8.160000000   -0.516256505   -0.511236826   -1.086508008
    8.170000000   -0.460136326   -0.498147395   -1.072694127
    8.180000000   -0.395336816   -0.491138681   -1.063429325
    8.190000000   -0.323355477   -0.503072036   -1.068465039
    8.200000000   -0.252108788   -0.547395701   -1.093580782
    8.210000000   -0.189871195   -0.630028036   -1.134652223
    8.220000000   -0.135207868   -0.734838609   -1.178152668
    8.230000000   -0.076544109   -0.825952358   -1.206457381
    8.240000000   -0.003216020   -0.869338779   -1.205332249
    8.250000000    0.084811830   -0.852077662   -1.171905487
    8.260000000    0.175666986   -0.787633945   -1.118133072
    8.270000000    0.252043883   -0.706701911   -1.064283075
    8.280000000    0.303484623   -0.636832754   -1.025693284
    8.290000000    0.334614392   -0.585742447   -1.003069942
    8.300000000    0.360025957   -0.543427793   -0.984193046
    8.310000000    0.392237211   -0.497651200   -0.955627515
    8.320000000    0.434875431   -0.444736291   -0.912466835
    8.330000000    0.484949482   -0.388353054   -0.857403253
    8.340000000    0.539547836   -0.332811908   -0.795926968
    8.350000000    0.598307378   -0.280041524   -0.735248387
    8.360000000    0.659744218   -0.231613885   -0.684030313
    8.370000000    0.718768134   -0.190574925   -0.649939772
    8.380000000    0.768790511   -0.160129515   -0.636598382
    8.390000000    0.805023973   -0.139916911   -0.642257910
    8.400000000    0.827404622   -0.122787104   -0.660070537
    8.410000000    0.843885801   -0.094666358   -0.678718189
    8.420000000    0.870265339   -0.038762443   -0.685144257
    8.430000000    0.922032398    0.056028618   -0.671732720
    8.440000000    1.004784330    0.188404936   -0.643336058
    8.450000000    1.111990533    0.345853645   -0.614846428
    8.460000000    1.228640373    0.511188087   -0.600163360
    8.470000000    1.337871766    0.669463939   -0.604056647
    8.480000000    1.428635298    0.812907446   -0.622209515
    8.490000000    1.497488282    0.940265088   -0.645130218
    8.500000000    1.541765981    1.050120625   -0.660676186
    8.510000000    1.556669886    1.137908214   -0.653622813
    8.520000000    1.542276044    1.200748813   -0.608799532
    8.530000000    1.505831403    1.239949663   -0.520935168
    8.540000000    1.453941938    1.257995436   -0.400423383
    8.550000000    1.389297138    1.258857410   -0.267693539
    8.560000000    1.316801848    1.251490822   -0.142963562
    8.570000000    1.247024059    1.247937352   -0.040034759
    8.580000000    1.190826461    1.256558544    0.033806173
    8.590000000    1.151521027    1.277609654    0.075215963
    8.600000000    1.122709215    1.304113002    0.084879669
    8.610000000    1.092657257    1.325857403    0.068839402
    8.620000000    1.050029392    1.333768536    0.036417605
    8.630000000    0.987019150    1.322309486   -0.003161374
    8.640000000    0.899431534    1.289317808   -0.041722817
    8.650000000    0.786416365    1.236196240   -0.071337088
    8.660000000    0.651461755    1.168789958   -0.084705839
    8.670000000    0.502397534    1.096335803   -0.077159592
    8.680000000    0.348692752    1.028142431   -0.048583366
    8.690000000    0.198631593    0.969772096   -0.002684727
    8.700000000    0.058987277    0.921202536    0.055848076
    8.710000000   -0.063772510    0.878972305    0.123339408
    8.720000000   -0.161549794    0.841454793    0.198673966
    8.730000000   -0.226247061    0.810141289    0.283700634
    8.740000000   -0.255988608    0.785385542    0.379670526
    8.750000000   -0.256477686    0.766066891    0.483297402
    8.760000000   -0.235663706    0.752656817    0.587519634
    8.770000000   -0.202207535    0.743613073    0.684035589
    8.780000000   -0.167953071    0.730355667    0.765236254
    8.790000000   -0.145560292    0.701374511    0.826862934
    8.800000000   -0.143029202    0.649854842    0.870093884
    8.810000000   -0.162171442    0.575952495    0.901583037
    8.820000000   -0.201892260    0.484192160    0.929719199
    8.830000000   -0.261508376    0.379900654    0.958148158
    8.840000000   -0.339461435    0.268293291    0.983852420
    8.850000000   -0.428691762    0.157616545    1.001685962
    8.860000000   -0.513289827    0.061769396    1.011001229
    8.870000000   -0.571928631   -0.005014005    1.020355358
    8.880000000   -0.590136735   -0.040049871    1.045421075
    8.890000000   -0.570343496   -0.057045827    1.099756905
    8.900000000   -0.527297524   -0.075900035    1.185365732
    8.910000000   -0.476598980   -0.109413172    1.289670152
    8.920000000   -0.430877167   -0.161307190    1.390157715
    8.930000000   -0.401897618   -0.231909665    1.462424180
    8.940000000   -0.399781857   -0.320812989    1.486416085
    8.950000000   -0.430452372   -0.426779576    1.450909435
    8.960000000   -0.494689770   -0.547626574    1.357643207
    8.970000000   -0.586485847   -0.676343581    1.221651755
    8.980000000   -0.691039849   -0.796079058    1.066423556
    8.990000000   -0.787917392   -0.884371595    0.917528394
    9.000000000   -0.860493727   -0.925461311    0.797524952
    9.010000000   -0.902633112   -0.915757339    0.722771901
    9.020000000   -0.915719629   -0.858733086    0.701216096
    9.030000000   -0.902300583   -0.760693280    0.730333802
    9.040000000   -0.863220751   -0.630586334    0.797942285
    9.050000000   -0.797500731   -0.479026760    0.888153629
    9.060000000   -0.704641715   -0.317614103    0.988244602
    9.070000000   -0.589404017   -0.160456629    1.090461173
    9.080000000   -0.464262972   -0.024512083    1.187952156
    9.090000000   -0.346660595    0.073774130    1.271097980
    9.100000000   -0.254408293    0.122227304    1.329264484
    9.110000000   -0.202177128    0.113663626    1.354797125
    9.120000000   -0.197578367    0.046837205    1.344226260
    9.130000000   -0.237432952   -0.071025575    1.296788285
    9.140000000   -0.308776803   -0.225190055    1.214332239
    9.150000000   -0.395404797   -0.399222453    1.104296149
    9.160000000   -0.485302188   -0.581703008    0.980780117
    9.170000000   -0.573092852   -0.768553166    0.859781673
    9.180000000   -0.656602100   -0.957148926    0.753573296
    9.190000000   -0.732131537   -1.136013905    0.668544269
    9.200000000   -0.792892530   -1.282431893    0.604591435
    9.210000000   -0.831994583   -1.373784695    0.557235163
    9.220000000   -0.847354216   -1.401223231    0.523957636
    9.230000000   -0.844202608   -1.372715493    0.507390535
    9.240000000   -0.833381689   -1.307383467    0.509816814
    9.250000000   -0.826840486   -1.228344779    0.526410110
    9.260000000   -0.833039103   -1.155518287    0.547200228
    9.270000000   -0.854175748   -1.099327273    0.564906320
    9.280000000   -0.885608946   -1.059235001    0.577809372
    9.290000000   -0.918710990   -1.029395575    0.584528726
    9.300000000   -0.948168092   -1.007850703    0.578765531
    9.310000000   -0.976979125   -1.000392307    0.551788541
    9.320000000   -1.011749678   -1.014642031    0.498814370
    9.330000000   -1.054883418   -1.051893043    0.420852713
    9.340000000   -1.103713356   -1.106573108    0.323268399
    9.350000000   -1.155898173   -1.173397218    0.214726980
    9.360000000   -1.213823312   -1.252431767    0.103421476
    9.370000000   -1.282157762   -1.344993686   -0.006920628
    9.380000000   -1.361105496   -1.447421576   -0.114438341
    9.390000000   -1.442154154   -1.550663214   -0.214282561
    9.400000000   -1.509672823   -1.643299958   -0.300486337
    9.410000000   -1.548386790   -1.714994117   -0.371372553
    9.420000000   -1.550826729   -1.758998841   -0.428261832
    9.430000000   -1.518045193   -1.772347331   -0.469672939
    9.440000000   -1.456137429   -1.756325904   -0.492811444
    9.450000000   -1.374574279   -1.718258351   -0.500134064
    9.460000000   -1.286801382   -1.671171894   -0.500294924
    9.470000000   -1.208640656   -1.629469989   -0.503591341
    9.480000000   -1.152731741   -1.602581396   -0.516413940
    9.490000000   -1.123724435   -1.591346255   -0.537967064
    9.500000000   -1.118672218   -1.590427292   -0.562824482
    9.510000000   -1.130428753   -1.593833891   -0.587387628
    9.520000000   -1.149995996   -1.597585200   -0.612813014
    9.530000000   -1.167617760   -1.597579074   -0.640611631
    9.540000000   -1.173855951   -1.586671657   -0.665805805
    9.550000000   -1.163100302   -1.557601203   -0.677600183
    9.560000000   -1.138502735   -1.510502498   -0.669462494
    9.570000000   -1.110700783   -1.454379848   -0.645989239
    9.580000000   -1.089616929   -1.399914767   -0.618566870
    9.590000000   -1.078347783   -1.352876079   -0.596341285
    9.600000000   -1.073704033   -1.313908649   -0.579911889
    9.610000000   -1.070290173   -1.281603672   -0.561386526
    9.620000000   -1.063447048   -1.254233158   -0.531042025
    9.630000000   -1.049331737   -1.228649076   -0.484500756
    9.640000000   -1.024695990   -1.199439326   -0.424761144
    9.650000000   -0.987933282   -1.161572762   -0.359547843
    9.660000000   -0.939704890   -1.113394952   -0.297208322
    9.670000000   -0.882599511   -1.056161664   -0.244184511
    9.680000000   -0.821279580   -0.992652932   -0.204824783
    9.690000000   -0.763630294   -0.928280091   -0.181448038
    9.700000000   -0.720145236   -0.871882112   -0.172427622
    9.710000000   -0.700095799   -0.832554353   -0.169762149
    9.720000000   -0.708112311   -0.814720091   -0.160666150
    9.730000000   -0.743374405   -0.816382508   -0.134246698
    9.740000000   -0.799687842   -0.831870800   -0.088579255
    9.750000000   -0.865726355   -0.855414297   -0.031953966
    9.760000000   -0.927548028   -0.882683488    0.023449153
    9.770000000   -0.973175170   -0.910206177    0.069775256
    9.780000000   -0.995029586   -0.933844044    0.106906540
    9.790000000   -0.990148956   -0.949073992    0.140147547
    9.800000000   -0.961429303   -0.954101671    0.175071159
    9.810000000   -0.917670083   -0.951758127    0.214139916
    9.820000000   -0.870005013   -0.947089978    0.258516774
    9.830000000   -0.828043264   -0.943854055    0.310641063
    9.840000000   -0.798350407   -0.943383169    0.372132874
    9.850000000   -0.784404192   -0.945489199    0.440473048
    9.860000000   -0.786340300   -0.949275641    0.509901779
    9.870000000   -0.801046151   -0.952858245    0.574371495
    9.880000000   -0.824977031   -0.954147998    0.628010552
    9.890000000   -0.857473346   -0.952884234    0.665770071
    9.900000000   -0.899585695   -0.950151162    0.688138560
    9.910000000   -0.947714421   -0.944282052    0.704707800
    9.920000000   -0.989290437   -0.928599286    0.729624731
    9.930000000   -1.009149953   -0.896118190    0.772774703
    9.940000000   -1.000696459   -0.845790930    0.835825792
    9.950000000   -0.968465739   -0.782327457    0.913857508
    9.960000000   -0.921818579   -0.711735203    0.998467375
    9.970000000   -0.868999313   -0.639056688    1.081727255
    9.980000000   -0.815971848   -0.569294344    1.159745212
    9.990000000   -0.766526400   -0.506988571    1.233050127
   10.000000000   -0.720767041   -0.453373021    1.304057069
   10.010000000   -0.674601631   -0.405418440    1.374550834
   10.020000000   -0.622574822   -0.358438644    1.445270459
   10.030000000   -0.562210983   -0.309451129    1.516372341
   10.040000000   -0.496094087   -0.258190820    1.586496160
   10.050000000   -0.429360741   -0.205230971    1.651730687
   10.060000000   -0.365977781   -0.150642140    1.707812214
   10.070000000   -0.308317326   -0.095591657    1.753243301
   10.080000000   -0.258705244   -0.044138347    1.788898439
   10.090000000   -0.219493456   -0.001727709    1.815505515
   10.100000000   -0.191177299    0.028990912    1.832648564
   10.110000000   -0.171457299    0.050635965    1.840707891
   10.120000000   -0.156871170    0.068911505    1.843690180
   10.130000000   -0.144565430    0.088267726    1.848723575
   10.140000000   -0.132506094    0.109907874    1.862781899
   10.150000000   -0.118704077    0.133139157    1.890568181
   10.160000000   -0.099796502    0.158067108    1.935131860
   10.170000000   -0.071086769    0.186300077    1.999253644
   10.180000000   -0.029940559    0.218559619    2.083748582
   10.190000000    0.021575408    0.253831410    2.185125586
   10.200000000    0.078538831    0.291988679    2.297617987
   10.210000000    0.136377256    0.335135101    2.417006728
   10.220000000    0.192182219    0.385501825    2.541933271
   10.230000000    0.245073536    0.443467779    2.672979530
   10.240000000    0.296612455    0.508431529    2.811564956
   10.250000000    0.349853978    0.580545842    2.958915505
   10.260000000    0.407639816    0.661044491    3.114518130
   10.270000000    0.472014394    0.750615480    3.274593122
   10.280000000    0.543403851    0.845975049    3.431485227
   10.290000000    0.618833088    0.937710478    3.573362807
   10.300000000    0.691816603    1.012585679    3.682208720
   10.310000000    0.754697524    1.058508075    3.733486392
   10.320000000    0.801346201    1.069006452    3.704409051
   10.330000000    0.829115925    1.045579333    3.586911542
   10.340000000    0.838637204    0.996038813    3.391587501
   10.350000000    0.831262031    0.929746549    3.140324831
   10.360000000    0.807796668    0.854083839    2.861279724
   10.370000000    0.770033409    0.774699041    2.588699084
   10.380000000    0.722714435    0.698200206    2.354828143
   10.390000000    0.674322032    0.633357709    2.175782208
   10.400000000    0.635906361    0.588639314    2.045444249
   10.410000000    0.616285364    0.567822059    1.940965850
   10.420000000    0.616212815    0.567724747    1.834109004
   10.430000000    0.628524762    0.580874515    1.701808658
   10.440000000    0.643904500    0.599219230    1.533437146
   10.450000000    0.654975723    0.614202501    1.334259005
   10.460000000    0.656422369    0.615735019    1.121153736
   10.470000000    0.644356637    0.593857214    0.910400594
   10.480000000    0.616817433    0.542678450    0.707314761
   10.490000000    0.574722562    0.463969947    0.507398824
   10.500000000    0.521645438    0.367081129    0.305917140
   10.510000000    0.461672534    0.263387370    0.103819577
   10.520000000    0.397649199    0.159639115   -0.093586563
   10.530000000    0.332295146    0.057766117   -0.280728539
   10.540000000    0.269640918   -0.039170214   -0.455592928
   10.550000000    0.213490538   -0.123404000   -0.619847130
   10.560000000    0.165126499   -0.185503483   -0.775388237
   10.570000000    0.123746918   -0.219566851   -0.921577289
   10.580000000    0.088569105   -0.226126613   -1.054708242
   10.590000000    0.060228524   -0.211120632   -1.169654082
   10.600000000    0.041338430   -0.181278539   -1.262709780
   10.610000000    0.036058598   -0.140318572   -1.333395719
   10.620000000    0.048125624   -0.089257613   -1.384459177
   10.630000000    0.078414391   -0.029063404   -1.419640936
   10.640000000    0.123103284    0.036162014   -1.439709722
   10.650000000    0.173713005    0.097651248   -1.441179005
   10.660000000    0.219396437    0.144529991   -1.421327369
   10.670000000    0.249604148    0.168113257   -1.384366153
   10.680000000    0.256480268    0.164464449   -1.341147655
   10.690000000    0.236778014    0.134901943   -1.304081601
   10.700000000    0.191717444    0.084074638   -1.283472408
   10.710000000    0.125758828    0.017204595   -1.285689623
   10.720000000    0.046455301   -0.059579079   -1.310930417
   10.730000000   -0.036475036   -0.137447123   -1.352020742
   10.740000000   -0.113374889   -0.205993013   -1.396130559
   10.750000000   -0.176595126   -0.257032003   -1.431503130
   10.760000000   -0.222610336   -0.287237977   -1.455883741
   10.770000000   -0.254421844   -0.298930566   -1.476045960
   10.780000000   -0.281769779   -0.300350993   -1.498099239
   10.790000000   -0.317281774   -0.303572955   -1.520948934
   10.800000000   -0.370089193   -0.319419955   -1.538399624
   10.810000000   -0.441022265   -0.352679306   -1.543457192
   10.820000000   -0.523193735   -0.400400405   -1.529566819
   10.830000000   -0.606892625   -0.454102523   -1.491345842
   10.840000000   -0.684367755   -0.505416450   -1.428913816
   10.850000000   -0.751839938   -0.550712422   -1.351961838
   10.860000000   -0.808425893   -0.590356568   -1.276586706
   10.870000000   -0.854176445   -0.625730459   -1.215817124
   10.880000000   -0.889956123   -0.658319285   -1.171878497
   10.890000000   -0.917946292   -0.688879560   -1.136747679
   10.900000000   -0.939757208   -0.714735775   -1.099178515
   10.910000000   -0.954029494   -0.729327006   -1.052473589
   10.920000000   -0.957893936   -0.727071776   -0.999023195
   10.930000000   -0.950598552   -0.708597266   -0.948947670
   10.940000000   -0.934480410   -0.681068942   -0.913656780
   10.950000000   -0.913738987   -0.655569357   -0.898126070
   10.960000000   -0.894439999   -0.644943957   -0.896730031
   10.970000000   -0.884256779   -0.660698677   -0.897098462
   10.980000000   -0.888837143   -0.707956597   -0.889157216
   10.990000000   -0.908075785   -0.783347989   -0.870069940
   11.000000000   -0.937294858   -0.878626202   -0.842666251
   11.010000000   -0.971319000   -0.984526122   -0.812880823
   11.020000000   -1.006661254   -1.091154832   -0.787481225
   11.030000000   -1.042486079   -1.189452838   -0.770439540
   11.040000000   -1.081212328   -1.275252136   -0.761021846
   11.050000000   -1.126203451   -1.350625992   -0.755602571
   11.060000000   -1.177559703   -1.420908744   -0.750008468
   11.070000000   -1.231453038   -1.491250361   -0.740692495
   11.080000000   -1.283583296   -1.564112328   -0.726368036
   11.090000000   -1.330648415   -1.635891525   -0.709653103
   11.100000000   -1.369033179   -1.695373512   -0.695384346
   11.110000000   -1.395796200   -1.729514583   -0.686592942
   11.120000000   -1.410902377   -1.733010050   -0.683816565
   11.130000000   -1.416588020   -1.711463314   -0.687147908
   11.140000000   -1.415566007   -1.676507425   -0.695259830
   11.150000000   -1.410835507   -1.639480601   -0.703865657
   11.160000000   -1.405830858   -1.607981832   -0.708913983
   11.170000000   -1.403501120   -1.585117818   -0.710511987
   11.180000000   -1.405869704   -1.570989405   -0.713732093
   11.190000000   -1.414805101   -1.565439189   -0.729083783
   11.200000000   -1.430739270   -1.568253123   -0.772477979
   11.210000000   -1.450125131   -1.576900341   -0.860695201
   11.220000000   -1.467564825   -1.587258011   -1.003196610
   11.230000000   -1.481788912   -1.598021749   -1.196007092
   11.240000000   -1.497413568   -1.612405982   -1.420338505
   11.250000000   -1.519459561   -1.633383708   -1.648164256
   11.260000000   -1.546892683   -1.657814199   -1.855586665
   11.270000000   -1.573114861   -1.677317871   -2.033056599
   11.280000000   -1.593782573   -1.685860996   -2.183519102
   11.290000000   -1.612894179   -1.686414938   -2.315821795
   11.300000000   -1.640142688   -1.690401158   -2.440100179
   11.310000000   -1.683949274   -1.710733829   -2.565286958
   11.320000000   -1.746999665   -1.753538647   -2.699003149
   11.330000000   -1.825036840   -1.813693940   -2.846048523
   11.340000000   -1.909181275   -1.878275484   -3.004005485
   11.350000000   -1.992085730   -1.936361056   -3.161761382
   11.360000000   -2.072448266   -1.986191565   -3.303541031
   11.370000000   -2.153170826   -2.033221507   -3.415934534
   11.380000000   -2.235938198   -2.082447098   -3.494845760
   11.390000000   -2.317810781   -2.132887666   -3.546771933
   11.400000000   -2.392520050   -2.178738758   -3.581957487
   11.410000000   -2.454843713   -2.215150292   -3.607065375
   11.420000000   -2.503612041   -2.241895584   -3.624648854
   11.430000000   -2.540450079   -2.261157580   -3.636228947
   11.440000000   -2.566533998   -2.274202074   -3.644850703
   11.450000000   -2.581514760   -2.282214040   -3.657236008
   11.460000000   -2.584463020   -2.287982261   -3.683096092
   11.470000000   -2.574890898   -2.294871063   -3.729637001
   11.480000000   -2.553929374   -2.305195452   -3.795209336
   11.490000000   -2.525651191   -2.319533864   -3.867919165
   11.500000000   -2.497250594   -2.337570747   -3.931128680
   11.510000000   -2.477346336   -2.360700206   -3.973194173
   11.520000000   -2.473096976   -2.393060926   -3.994254027
   11.530000000   -2.487550180   -2.438849264   -4.004466363
   11.540000000   -2.518298296   -2.498440153   -4.015928958
   11.550000000   -2.558099546   -2.567117984   -4.034823680
   11.560000000   -2.597664007   -2.636930192   -4.059184894
   11.570000000   -2.629817428   -2.699299167   -4.083150812
   11.580000000   -2.652434719   -2.747590245   -4.102458201
   11.590000000   -2.667059227   -2.778286459   -4.114978793
   11.600000000   -2.674781365   -2.789685136   -4.119989495
   11.610000000   -2.674478691   -2.781100931   -4.121122921
   11.620000000   -2.664829762   -2.754155803   -4.126841624
   11.630000000   -2.647691582   -2.714255301   -4.143588059
   11.640000000   -2.629778775   -2.670521634   -4.168616703
   11.650000000   -2.619967987   -2.633002751   -4.190877815
   11.660000000   -2.623622986   -2.608105895   -4.198514443
   11.670000000   -2.639709371   -2.596306414   -4.185435436
   11.680000000   -2.662699349   -2.593979975   -4.151796068
   11.690000000   -2.685269669   -2.596766278   -4.100301489
   11.700000000   -2.700378618   -2.601921197   -4.034469157
   11.710000000   -2.704057722   -2.608721682   -3.959436800
   11.720000000   -2.697046423   -2.617090787   -3.881784346
   11.730000000   -2.683384763   -2.626434513   -3.807766470
   11.740000000   -2.668383738   -2.637036538   -3.742067223
   11.750000000   -2.657306964   -2.651311516   -3.688138215
   11.760000000   -2.652928714   -2.671373770   -3.648281305
   11.770000000   -2.652973126   -2.695428832   -3.622335206
   11.780000000   -2.651061901   -2.716825529   -3.606654426
   11.790000000   -2.641443455   -2.727380789   -3.594968684
   11.800000000   -2.623394521   -2.722876538   -3.580999952
   11.810000000   -2.602199937   -2.705750391   -3.561466107
   11.820000000   -2.586251684   -2.682840956   -3.537031183
   11.830000000   -2.581992269   -2.661223945   -3.510556541
   11.840000000   -2.590286554   -2.645457761   -3.484942695
   11.850000000   -2.606831011   -2.636972352   -3.462143389
   11.860000000   -2.625959689   -2.635410432   -3.442526716
   11.870000000   -2.643513301   -2.639927864   -3.423772652
   11.880000000   -2.656340302   -2.648870739   -3.400437029
   11.890000000   -2.661408141   -2.659381289   -3.366203735
   11.900000000   -2.657141981   -2.668603813   -3.318047325
   11.910000000   -2.645445510   -2.675571727   -3.258206520
   11.920000000   -2.631422802   -2.681335521   -3.192664179
   11.930000000   -2.620614112   -2.687344889   -3.128485610
   11.940000000   -2.616549211   -2.694272423   -3.071215451
   11.950000000   -2.620025790   -2.701581650   -3.022752678
   11.960000000   -2.628920913   -2.707283084   -2.981262498
   11.970000000   -2.638321718   -2.708036699   -2.943428944
   11.980000000   -2.642133406   -2.700001245   -2.906995948
   11.990000000   -2.635578019   -2.680665305   -2.871767618
   12.000000000   -2.617011858   -2.650678391   -2.839208040
   12.010000000   -2.589072816   -2.614423242   -2.811865074
   12.020000000   -2.558480955   -2.578897316   -2.793016115
   12.030000000   -2.532674804   -2.550897408   -2.785187714
   12.040000000   -2.515486503   -2.534183888   -2.787316946
   12.050000000   -2.506998686   -2.529518265   -2.793937934
   12.060000000   -2.507162494   -2.536788471   -2.798938276
   12.070000000   -2.517331685   -2.555579320   -2.800298814
   12.080000000   -2.538248310   -2.583722288   -2.800412690
   12.090000000   -2.568134299   -2.616264349   -2.802378826
   12.100000000   -2.602690726   -2.646434105   -2.806443284
   12.110000000   -2.636466809   -2.668205305   -2.809573436
   12.120000000   -2.664144560   -2.677968324   -2.807612969
   12.130000000   -2.681364124   -2.674455496   -2.797462291
   12.140000000   -2.685991133   -2.659120478   -2.778364530
   12.150000000   -2.678514217   -2.636256148   -2.751935510
   12.160000000   -2.660582435   -2.610632400   -2.720794251
   12.170000000   -2.634360733   -2.585122165   -2.687666191
   12.180000000   -2.603964693   -2.561234357   -2.656057513
   12.190000000   -2.576007895   -2.540945479   -2.630425902
   12.200000000   -2.557408389   -2.527094982   -2.614159821
   12.210000000   -2.551967786   -2.521478989   -2.606871133
   12.220000000   -2.558502201   -2.522798811   -2.603934671
   12.230000000   -2.572183731   -2.527501901   -2.599066870
   12.240000000   -2.587731928   -2.532607077   -2.587722560
   12.250000000   -2.601435396   -2.537057700   -2.568849005
   12.260000000   -2.610996372   -2.540457036   -2.544276066
   12.270000000   -2.614754634   -2.541314305   -2.517074101
   12.280000000   -2.611811368   -2.537724391   -2.490366822
   12.290000000   -2.602507868   -2.529747878   -2.466084458
   12.300000000   -2.588112584   -2.519936768   -2.443644149
   12.310000000   -2.570235396   -2.511425904   -2.420683900
   12.320000000   -2.550830904   -2.505961235   -2.396075066
   12.330000000   -2.532260388   -2.503301995   -2.371985232
   12.340000000   -2.516575487   -2.501805523   -2.352618821
   12.350000000   -2.504267199   -2.499505295   -2.341338357
   12.360000000   -2.493821769   -2.495012992   -2.339130513
   12.370000000   -2.482846770   -2.487722258   -2.344390954
   12.380000000   -2.469380754   -2.477108934   -2.353100765
   12.390000000   -2.452203082   -2.462128911   -2.360565927
   12.400000000   -2.431113408   -2.442195244   -2.364150993
   12.410000000   -2.407484227   -2.418707666   -2.363690882
   12.420000000   -2.383640591   -2.394460775   -2.359494937
   12.430000000   -2.361185128   -2.371285057   -2.350781979
   12.440000000   -2.340298074   -2.348980875   -2.335722331
   12.450000000   -2.320692677   -2.326559953   -2.312605866
   12.460000000   -2.302780041   -2.304088112   -2.280791054
   12.470000000   -2.287371412   -2.283047955   -2.240893142
   12.480000000   -2.274002663   -2.264703942   -2.194785696
   12.490000000   -2.260264413   -2.248623329   -2.145370774
   12.500000000   -2.243594001   -2.233533403   -2.095937988
   12.510000000   -2.223083524   -2.218977621   -2.049456092
   12.520000000   -2.199391859   -2.205542202   -2.008005678
   12.530000000   -2.173969890   -2.193941174   -1.972346277
   12.540000000   -2.147860068   -2.183546194   -1.941708550
   12.550000000   -2.120491880   -2.171467411   -1.914770884
   12.560000000   -2.090571754   -2.153905686   -1.891574788
   12.570000000   -2.058401979   -2.128840350   -1.873689691
   12.580000000   -2.026705219   -2.097438180   -1.862378890
   12.590000000   -1.999483816   -2.063440072   -1.857659662
   12.600000000   -1.979955250   -2.031155940   -1.858999404
   12.610000000   -1.968327898   -2.002895378   -1.866014226
   12.620000000   -1.961164277   -1.977642649   -1.878293667
   12.630000000   -1.953801675   -1.952848910   -1.895289973
   12.640000000   -1.943860776   -1.927790776   -1.916874834
   12.650000000   -1.932510732   -1.904728907   -1.942781465
   12.660000000   -1.922811834   -1.887081909   -1.971036976
   12.670000000   -1.916946819   -1.876720846   -1.998098820
   12.680000000   -1.914762677   -1.872636976   -2.020496560
   12.690000000   -1.914368901   -1.871769723   -2.035817432
   12.700000000   -1.913487041   -1.870803113   -2.042627743
   12.710000000   -1.910202618   -1.867434447   -2.040002952
   12.720000000   -1.903364820   -1.860831456   -2.027387704
   12.730000000   -1.893168982   -1.851516266   -2.005418410
   12.740000000   -1.881293273   -1.840900212   -1.976688466
   12.750000000   -1.870084937   -1.830693505   -1.944874079
   12.760000000   -1.861411909   -1.822455495   -1.913113734
   12.770000000   -1.856042558   -1.817374489   -1.882963766
   12.780000000   -1.853658607   -1.816008192   -1.854091734
   12.790000000   -1.853150188   -1.818051530   -1.825101222
   12.800000000   -1.852851622   -1.822263956   -1.795187034
   12.810000000   -1.850690095   -1.826452730   -1.764971886
   12.820000000   -1.844689571   -1.828092598   -1.735835379
   12.830000000   -1.833688840   -1.825366263   -1.708692432
   12.840000000   -1.817432100   -1.817257334   -1.683266882
   12.850000000   -1.796509708   -1.803269879   -1.658722389
   12.860000000   -1.772542227   -1.784141471   -1.634908466
   12.870000000   -1.747781864   -1.762405844   -1.612286578
   12.880000000   -1.724338647   -1.741201326   -1.591473490
   12.890000000   -1.703567255   -1.722177575   -1.573960127
   12.900000000   -1.685781468   -1.704883106   -1.562281811
   12.910000000   -1.670571486   -1.688322128   -1.557962669
   12.920000000   -1.657575145   -1.672727387   -1.559456543
   12.930000000   -1.647040836   -1.659692967   -1.562842800
   12.940000000   -1.639176501   -1.650377316   -1.564191152
   12.950000000   -1.633080956   -1.643621749   -1.561319762
   12.960000000   -1.626970927   -1.636375622   -1.554386915
   12.970000000   -1.619246996   -1.626117712   -1.545509272
   12.980000000   -1.609516022   -1.612966399   -1.537531122
   12.990000000   -1.599119087   -1.599621083   -1.532604898
   13.000000000   -1.590107855   -1.588986376   -1.531450754
   13.010000000   -1.583442151   -1.582045489   -1.533091553
   13.020000000   -1.578777842   -1.578429190   -1.534881944
   13.030000000   -1.575624180   -1.578108032   -1.533339055
   13.040000000   -1.573696991   -1.581192459   -1.525381199
   13.050000000   -1.572533825   -1.586572550   -1.509302408
   13.060000000   -1.571614829   -1.591863469   -1.485586961
   13.070000000   -1.570521326   -1.594471835   -1.457161480
   13.080000000   -1.568582162   -1.592530377   -1.428466115
   13.090000000   -1.564965417   -1.585845769   -1.404160156
   13.100000000   -1.559576282   -1.576480285   -1.388133535
   13.110000000   -1.553735727   -1.568048320   -1.382028090
   13.120000000   -1.549577951   -1.564132466   -1.383674321
   13.130000000   -1.548044222   -1.566530185   -1.387775688
   13.140000000   -1.547360337   -1.574017993   -1.388734408
   13.150000000   -1.543711475   -1.582247857   -1.382780887
   13.160000000   -1.533492635   -1.585260636   -1.368662799
   13.170000000   -1.515472112   -1.578447967   -1.348015763
   13.180000000   -1.491376144   -1.560977197   -1.325254704
   13.190000000   -1.464700278   -1.535701382   -1.305755246
   13.200000000   -1.438822440   -1.506671965   -1.292602432
   13.210000000   -1.415510274   -1.476334113   -1.284926589
   13.220000000   -1.394517073   -1.444765496   -1.279966608
   13.230000000   -1.374357671   -1.411211418   -1.276432442
   13.240000000   -1.353683348   -1.375841526   -1.275537757
   13.250000000   -1.332669778   -1.340554517   -1.279915490
   13.260000000   -1.313660655   -1.308975705   -1.292105828
   13.270000000   -1.300221840   -1.285309343   -1.312644202
   13.280000000   -1.295067392   -1.272296963   -1.338517099
   13.290000000   -1.298265983   -1.269625326   -1.363818169
   13.300000000   -1.306849493   -1.274102336   -1.382476002
   13.310000000   -1.316267192   -1.281622078   -1.391074339
   13.320000000   -1.323113688   -1.289513499   -1.389923459
   13.330000000   -1.327032871   -1.297488481   -1.382090406
   13.340000000   -1.329524556   -1.306014636   -1.371611594
   13.350000000   -1.331013764   -1.313949643   -1.361600163
   13.360000000   -1.330159906   -1.318882613   -1.353017055
   13.370000000   -1.325906906   -1.319613481   -1.345178804
   13.380000000   -1.318881911   -1.317018011   -1.337258073
   13.390000000   -1.310609509   -1.312531925   -1.329230210
   13.400000000   -1.302302623   -1.306631950   -1.321778031
   13.410000000   -1.294796573   -1.298838218   -1.315287875
   13.420000000   -1.289141918   -1.288780341   -1.308887318
   13.430000000   -1.286482922   -1.277086995   -1.301138255
   13.440000000   -1.287087554   -1.265399406   -1.291727813
   13.450000000   -1.290087513   -1.255896193   -1.281861683
   13.460000000   -1.294241625   -1.250740522   -1.272963650
   13.470000000   -1.298158625   -1.251246257   -1.265013556
   13.480000000   -1.300414838   -1.257294269   -1.256204902
   13.490000000   -1.300477634   -1.267467850   -1.244336654
   13.500000000   -1.298856399   -1.279416135   -1.228470099
   13.510000000   -1.296163350   -1.290320342   -1.209450324
   13.520000000   -1.292850688   -1.297874670   -1.189418522
   13.530000000   -1.289580061   -1.301312981   -1.170983631
   13.540000000   -1.286959868   -1.301212750   -1.156332493
   13.550000000   -1.285065198   -1.298557564   -1.146567168
   13.560000000   -1.283741083   -1.294544091   -1.141848745
   13.570000000   -1.283524743   -1.291209547   -1.142117639
   13.580000000   -1.285892369   -1.291361142   -1.147188981
   13.590000000   -1.292089460   -1.296928101   -1.156261231
   13.600000000   -1.301497044   -1.307073515   -1.167831876
   13.610000000   -1.311056545   -1.318014968   -1.180017704
   13.620000000   -1.316668516   -1.325098143   -1.190798413
   13.630000000   -1.315448843   -1.325416350   -1.198217642
   13.640000000   -1.306706843   -1.318697096   -1.200387577
   13.650000000   -1.291851216   -1.306760730   -1.195835413
   13.660000000   -1.274558061   -1.293294785   -1.184945558
   13.670000000   -1.260352033   -1.283335896   -1.170978731
   13.680000000   -1.254343665   -1.280924688   -1.158603696
   13.690000000   -1.258389370   -1.286378141   -1.150754623
   13.700000000   -1.270381227   -1.296322352   -1.146949164
   13.710000000   -1.286528421   -1.306845371   -1.144509363
   13.720000000   -1.303883905   -1.316170973   -1.140949541
   13.730000000   -1.320631251   -1.324371495   -1.135230640
   13.740000000   -1.335238724   -1.331744976   -1.127343244
   13.750000000   -1.345954558   -1.337576286   -1.117293658
   13.760000000   -1.350911692   -1.339732442   -1.104873616
   13.770000000   -1.348756560   -1.335543754   -1.090650855
   13.780000000   -1.339568740   -1.323677129   -1.076761808
   13.790000000   -1.325207954   -1.305276729   -1.065902461
   13.800000000   -1.308213687   -1.283162563   -1.059220474
   13.810000000   -1.290548339   -1.260442329   -1.055147386
   13.820000000   -1.273871581   -1.240139764   -1.050575444
   13.830000000   -1.260129177   -1.224968072   -1.043607796
   13.840000000   -1.250398824   -1.215868579   -1.034634576
   13.850000000   -1.243317313   -1.210907622   -1.024829581
   13.860000000   -1.236167600   -1.207069750   -1.014980562
   13.870000000   -1.227910740   -1.203332534   -1.006115300
   13.880000000   -1.220566677   -1.201257240   -1.000235642
   13.890000000   -1.217820153   -1.203086462   -0.999475649
   13.900000000   -1.222711868   -1.210246608   -1.004882897
   13.910000000   -1.236145820   -1.223099446   -1.016718485
   13.920000000   -1.256469147   -1.240739724   -1.035195138
   13.930000000   -1.279932180   -1.260971112   -1.059665452
   13.940000000   -1.302391149   -1.281457474   -1.087192221
   13.950000000   -1.321453675   -1.300986409   -1.112795298
   13.960000000   -1.336996496   -1.319276245   -1.131785206
   13.970000000   -1.349968169   -1.336153461   -1.142489266
   13.980000000   -1.360854908   -1.351179174   -1.146892167
   13.990000000   -1.368792066   -1.363440212   -1.148445185
   14.000000000   -1.372111244   -1.371444089   -1.149136466
   14.010000000   -1.369996622   -1.373677480   -1.148434631
   14.020000000   -1.363611352   -1.369701104   -1.144619020
   14.030000000   -1.355570326   -1.360771851   -1.136743809
   14.040000000   -1.348138936   -1.349243286   -1.125249116
   14.050000000   -1.341900242   -1.337260142   -1.111515861
   14.060000000   -1.336147823   -1.326030871   -1.097454652
   14.070000000   -1.330112240   -1.315974943   -1.084794690
   14.080000000   -1.323390853   -1.306917566   -1.073655772
   14.090000000   -1.315439086   -1.298003846   -1.061876571
   14.100000000   -1.305437330   -1.287953066   -1.046559200
   14.110000000   -1.292878456   -1.275892612   -1.026382344
   14.120000000   -1.277921443   -1.262002772   -1.002355175
   14.130000000   -1.261356572   -1.247418015   -0.977075404
   14.140000000   -1.244379340   -1.233535410   -0.953795848
   14.150000000   -1.228079148   -1.221137852   -0.935593220
   14.160000000   -1.213055798   -1.209993327   -0.924322205
   14.170000000   -1.199598052   -1.199309836   -0.919788795
   14.180000000   -1.187995290   -1.188493326   -0.919952014
   14.190000000   -1.178513624   -1.177580136   -0.922002169
   14.200000000   -1.171195300   -1.167300745   -0.923521406
   14.210000000   -1.165779644   -1.158907722   -0.923465857
   14.220000000   -1.161828232   -1.153706376   -0.922765533
   14.230000000   -1.158749825   -1.152235132   -0.923438140
   14.240000000   -1.155586567   -1.153741925   -0.926263502
   14.250000000   -1.151055024   -1.156551813   -0.929441209
   14.260000000   -1.144066619   -1.158728630   -0.929786274
   14.270000000   -1.134264693   -1.158443095   -0.925161571
   14.280000000   -1.122051043   -1.154207353   -0.915729030
   14.290000000   -1.108301000   -1.145356335   -0.903455748
   14.300000000   -1.094209286   -1.132678369   -0.891349659
   14.310000000   -1.080952776   -1.118190923   -0.882742091
   14.320000000   -1.068929825   -1.103757697   -0.879636260
   14.330000000   -1.057460980   -1.090054915   -0.881173536
   14.340000000   -1.045446342   -1.077010897   -0.884455841
   14.350000000   -1.032179201   -1.064744184   -0.886941242
   14.360000000   -1.017698576   -1.053726534   -0.887404779
   14.370000000   -1.002735124   -1.044284501   -0.885132927
   14.380000000   -0.988354510   -1.036105326   -0.879523945
   14.390000000   -0.975475601   -1.028202632   -0.870436613
   14.400000000   -0.964547767   -1.019380552   -0.858161230
   14.410000000   -0.955541841   -1.008799343   -0.843209275
   14.420000000   -0.948307787   -0.996393873   -0.826136116
   14.430000000   -0.943018651   -0.983095185   -0.807298717
   14.440000000   -0.940303649   -0.970672225   -0.787119499
   14.450000000   -0.940932067   -0.961114094   -0.766800959
   14.460000000   -0.945235146   -0.955778686   -0.748513336
   14.470000000   -0.952959383   -0.954979125   -0.735082854
   14.480000000   -0.963615534   -0.958349949   -0.729431080
   14.490000000   -0.976673451   -0.965339796   -0.733493234
   14.500000000   -0.991543593   -0.975212440   -0.747308480
   14.510000000   -1.007337847   -0.986779497   -0.768949455
   14.520000000   -1.022455756   -0.998359582   -0.794878634
   14.530000000   -1.034483470   -1.007898955   -0.820518521
   14.540000000   -1.040770174   -1.013205959   -0.841607904
   14.550000000   -1.039757118   -1.012969847   -0.856043339
   14.560000000   -1.032278822   -1.008158222   -0.864603285
   14.570000000   -1.021231544   -1.001790502   -0.869663082
   14.580000000   -1.009533154   -0.996782288   -0.873112911
   14.590000000   -0.998331417   -0.994075201   -0.875263240
   14.600000000   -0.986914243   -0.992567222   -0.875160986
   14.610000000   -0.974007859   -0.990223008   -0.871873231
   14.620000000   -0.959160601   -0.985238227   -0.865682446
   14.630000000   -0.943124620   -0.976706668   -0.858028262
   14.640000000   -0.927489369   -0.964928953   -0.850710737
   14.650000000   -0.914087006   -0.951357105   -0.845186558
   14.660000000   -0.903980138   -0.937641761   -0.841783912
   14.670000000   -0.896784043   -0.924509048   -0.839591952
   14.680000000   -0.891198968   -0.911697815   -0.837478632
   14.690000000   -0.885969713   -0.898675230   -0.834715818
   14.700000000   -0.880456711   -0.885436896   -0.830961552
   14.710000000   -0.874732159   -0.872842868   -0.826739874
   14.720000000   -0.869222721   -0.862009911   -0.823475660
   14.730000000   -0.864365312   -0.853452859   -0.822343618
   14.740000000   -0.860604719   -0.846995632   -0.823861345
   14.750000000   -0.858373027   -0.842236719   -0.828543812
   14.760000000   -0.857910977   -0.838913136   -0.836821448
   14.770000000   -0.859067388   -0.836966466   -0.848300933
   14.780000000   -0.861065192   -0.836264353   -0.861305562
   14.790000000   -0.862602102   -0.836331026   -0.872999455
   14.800000000   -0.862491646   -0.836528682   -0.880608853
   14.810000000   -0.860165060   -0.836264475   -0.882921950
   14.820000000   -0.855631227   -0.834920562   -0.880389871
   14.830000000   -0.849372604   -0.832049330   -0.874298355
   14.840000000   -0.842326438   -0.827864511   -0.866273857
   14.850000000   -0.835547753   -0.823209484   -0.857886493
   14.860000000   -0.829779602   -0.818822672   -0.850162659
   14.870000000   -0.825275739   -0.814676308   -0.843262885
   14.880000000   -0.821648247   -0.810042478   -0.836283958
   14.890000000   -0.817902616   -0.804128911   -0.827680243
   14.900000000   -0.812932275   -0.796620266   -0.816477536
   14.910000000   -0.806087051   -0.787718573   -0.803016888
   14.920000000   -0.797382098   -0.777837354   -0.788363359
   14.930000000   -0.787369808   -0.767489568   -0.773538231
   14.940000000   -0.777027692   -0.757528789   -0.759892987
   14.950000000   -0.767780368   -0.749144928   -0.749760436
   14.960000000   -0.761270737   -0.743382881   -0.745666769
   14.970000000   -0.758731727   -0.740858415   -0.748371058
   14.980000000   -0.760393407   -0.741797011   -0.756080922
   14.990000000   -0.765492556   -0.745951238   -0.766231363
   15.000000000   -0.772815595   -0.752429846   -0.777547614
   15.010000000   -0.781042126   -0.759692437   -0.789769517
   15.020000000   -0.788748508   -0.766051948   -0.802392560
   15.030000000   -0.794627316   -0.770538406   -0.814674439
   15.040000000   -0.797790171   -0.773071957   -0.825758217
   15.050000000   -0.797559962   -0.773569913   -0.833709131
   15.060000000   -0.793225338   -0.771209786   -0.835525309
   15.070000000   -0.784424479   -0.764919593   -0.829321277
   15.080000000   -0.771663574   -0.754542671   -0.816487846
   15.090000000   -0.756332904   -0.741357248   -0.801533388
   15.100000000   -0.740328307   -0.727513067   -0.789713484
   15.110000000   -0.725604910   -0.715154990   -0.784208844
   15.120000000   -0.713881032   -0.706012806   -0.784750022
   15.130000000   -0.706380490   -0.701239704   -0.788565699
   15.140000000   -0.703383949   -0.701008221   -0.792467330
   15.150000000   -0.703967741   -0.704278262   -0.794063557
   15.160000000   -0.706657006   -0.709484868   -0.792161635
   15.170000000   -0.710548490   -0.715715606   -0.787015654
   15.180000000   -0.715433937   -0.722897219   -0.779855955
   15.190000000   -0.720857976   -0.730678167   -0.771870920
   15.200000000   -0.725749724   -0.737720341   -0.763871155
   15.210000000   -0.729095743   -0.742491616   -0.756771356
   15.220000000   -0.730347231   -0.744195503   -0.751748130
   15.230000000   -0.728996245   -0.742551059   -0.749670141
   15.240000000   -0.724271496   -0.737304048   -0.750353294
   15.250000000   -0.715788039   -0.728510872   -0.752080177
   15.260000000   -0.704165475   -0.716842534   -0.751912796
   15.270000000   -0.690605330   -0.703273141   -0.747158705
   15.280000000   -0.676256912   -0.688739865   -0.737075451
   15.290000000   -0.662126190   -0.674083086   -0.723338802
   15.300000000   -0.649217625   -0.660194831   -0.709101237
   15.310000000   -0.638401316   -0.648123648   -0.697333432
   15.320000000   -0.629992869   -0.638844967   -0.689411010
   15.330000000   -0.623595079   -0.632915985   -0.684970979
   15.340000000   -0.618481272   -0.630374680   -0.682753441
   15.350000000   -0.614066790   -0.630789228   -0.681436550
   15.360000000   -0.609987975   -0.633162374   -0.680218523
   15.370000000   -0.606085448   -0.636092365   -0.678944855
   15.380000000   -0.602725688   -0.638600151   -0.677829071
   15.390000000   -0.600888566   -0.640714255   -0.677550169
   15.400000000   -0.601431439   -0.643087939   -0.679473888
   15.410000000   -0.604325123   -0.646251263   -0.684823795
   15.420000000   -0.608779275   -0.650132719   -0.693622991
   15.430000000   -0.613903915   -0.653970113   -0.704973019
   15.440000000   -0.619044521   -0.656655958   -0.717858413
   15.450000000   -0.623465491   -0.657173721   -0.731018704
   15.460000000   -0.626073205   -0.654762715   -0.742517844
   15.470000000   -0.625825714   -0.649057061   -0.750319298
   15.480000000   -0.622335694   -0.640299677   -0.753722334
   15.490000000   -0.616032616   -0.629327973   -0.754223305
   15.500000000   -0.607964223   -0.617338252   -0.754856037
   15.510000000   -0.599584775   -0.605727116   -0.758447737
   15.520000000   -0.592544212   -0.595923056   -0.765897237
   15.530000000   -0.588307905   -0.589041945   -0.775880420
   15.540000000   -0.587653166   -0.585524159   -0.786306661
   15.550000000   -0.590374011   -0.584922550   -0.795785621
   15.560000000   -0.595454960   -0.586027840   -0.803942253
   15.570000000   -0.601506581   -0.587478435   -0.810949639
   15.580000000   -0.606960115   -0.588329869   -0.816719608
   15.590000000   -0.610098299   -0.588012791   -0.820393899
   15.600000000   -0.609598768   -0.586206685   -0.820826530
   15.610000000   -0.605255122   -0.582835563   -0.817433293
   15.620000000   -0.597967861   -0.577822747   -0.810351830
   15.630000000   -0.589333239   -0.571232812   -0.800355869
   15.640000000   -0.581316882   -0.563902219   -0.788972973
   15.650000000   -0.575643791   -0.557381781   -0.778052383
   15.660000000   -0.572863659   -0.552876132   -0.768510384
   15.670000000   -0.571898021   -0.550230817   -0.759608820
   15.680000000   -0.570835461   -0.548111892   -0.750001446
   15.690000000   -0.568322166   -0.545206133   -0.739323276
   15.700000000   -0.564091370   -0.540997497   -0.728340251
   15.710000000   -0.558427990   -0.535470265   -0.717807183
   15.720000000   -0.551631417   -0.528623671   -0.707659788
   15.730000000   -0.543995963   -0.520412927   -0.697387799
   15.740000000   -0.535730718   -0.510760071   -0.686978708
   15.750000000   -0.526773264   -0.499629577   -0.677121650
   15.760000000   -0.517016241   -0.487388279   -0.668229744
   15.770000000   -0.506653461   -0.475035365   -0.659762120
   15.780000000   -0.496140751   -0.463999267   -0.650926858
   15.790000000   -0.485943823   -0.455645548   -0.641524161
   15.800000000   -0.476348853   -0.450645025   -0.631814308
   15.810000000   -0.467338978   -0.448568954   -0.622008650
   15.820000000   -0.458649677   -0.448156673   -0.612097813
   15.830000000   -0.450004593   -0.447937821   -0.601832499
   15.840000000   -0.441232639   -0.446625129   -0.590850481
   15.850000000   -0.432210387   -0.443414309   -0.579399079
   15.860000000   -0.422878568   -0.438330846   -0.569042592
   15.870000000   -0.413368486   -0.432197149   -0.562182896
   15.880000000   -0.404058524   -0.426055266   -0.560560207
   15.890000000   -0.395603520   -0.420690185   -0.563998331
   15.900000000   -0.388911669   -0.416544111   -0.570373009
   15.910000000   -0.384865976   -0.413569132   -0.576897021
   15.920000000   -0.383875299   -0.411134324   -0.581624485
   15.930000000   -0.385617977   -0.408467784   -0.583931534
   15.940000000   -0.389133685   -0.405253488   -0.584076731
   15.950000000   -0.393110109   -0.401698873   -0.582540532
   15.960000000   -0.396234582   -0.398193308   -0.579466465
   15.970000000   -0.397595529   -0.394989400   -0.574543910
   15.980000000   -0.397005822   -0.392138088   -0.567507907
   15.990000000   -0.394960269   -0.389615450   -0.558697268
   16.000000000   -0.392335068   -0.387421329   -0.549089775
   16.010000000   -0.389983682   -0.385446459   -0.539879564
   16.020000000   -0.388217908   -0.383298661   -0.531992248
   16.030000000   -0.386459024   -0.380508092   -0.525959038
   16.040000000   -0.383535747   -0.376941092   -0.522145758
   16.050000000   -0.378569505   -0.372852948   -0.520769422
   16.060000000   -0.371457259   -0.368356809   -0.521312871
   16.070000000   -0.362503461   -0.362935584   -0.522011920
   16.080000000   -0.352049233   -0.355851644   -0.520329481
   16.090000000   -0.340645851   -0.346943053   -0.514055319
   16.100000000   -0.329248981   -0.336800007   -0.502149868
   16.110000000   -0.318821312   -0.326332017   -0.484987251
   16.120000000   -0.309607598   -0.316054972   -0.463895994
   16.130000000   -0.300949054   -0.305654949   -0.440463174
   16.140000000   -0.291798359   -0.294307548   -0.416278509
   16.150000000   -0.281227864   -0.281284416   -0.393037248
   16.160000000   -0.268742099   -0.266418342   -0.372655199
   16.170000000   -0.254619156   -0.250488323   -0.357201956
   16.180000000   -0.239915436   -0.235122794   -0.348268213
   16.190000000   -0.225845445   -0.221925886   -0.345914803
   16.200000000   -0.213157222   -0.211648265   -0.348303943
   16.210000000   -0.202254070   -0.204341216   -0.352758034
   16.220000000   -0.193609000   -0.199926716   -0.357386048
   16.230000000   -0.187552698   -0.198109931   -0.361593200
   16.240000000   -0.183862050   -0.198119071   -0.365371760
   16.250000000   -0.182013367   -0.199130854   -0.368833102
   16.260000000   -0.181791468   -0.200907474   -0.372320815
   16.270000000   -0.183449464   -0.203766272   -0.376356815
   16.280000000   -0.187124594   -0.207869788   -0.381335617
   16.290000000   -0.192133188   -0.212689971   -0.387181233
   16.300000000   -0.197081260   -0.217289139   -0.393185506
   16.310000000   -0.200754755   -0.221035375   -0.398377993
   16.320000000   -0.202681523   -0.223734786   -0.402108736
   16.330000000   -0.202712064   -0.224984044   -0.404203871
   16.340000000   -0.200508166   -0.223957590   -0.404768343
   16.350000000   -0.195857692   -0.220186398   -0.403948820
   16.360000000   -0.189263612   -0.214130280   -0.401740714
   16.370000000   -0.182076788   -0.206948401   -0.398156753
   16.380000000   -0.176135493   -0.200151086   -0.393626616
   16.390000000   -0.173113935   -0.195272867   -0.388895391
   16.400000000   -0.173995255   -0.193369500   -0.384694203
   16.410000000   -0.178941241   -0.194629163   -0.381905851
   16.420000000   -0.187328416   -0.198291000   -0.381537867
   16.430000000   -0.197944902   -0.203005860   -0.383857878
   16.440000000   -0.209458482   -0.207590959   -0.387831419
   16.450000000   -0.220868912   -0.211613180   -0.391685524
   16.460000000   -0.231609380   -0.215314605   -0.393792215
   16.470000000   -0.241448393   -0.219133250   -0.393229393
   16.480000000   -0.250352570   -0.223233184   -0.389919944
   16.490000000   -0.258163233   -0.227138493   -0.384306682
   16.500000000   -0.264497186   -0.229831961   -0.377041446
   16.510000000   -0.269015282   -0.230347079   -0.368925991
   16.520000000   -0.271519206   -0.228337360   -0.360607532
   16.530000000   -0.271814095   -0.224245856   -0.352103698
   16.540000000   -0.269619385   -0.218947080   -0.342822036
   16.550000000   -0.264785173   -0.213251044   -0.332046349
   16.560000000   -0.257827095   -0.207915193   -0.319327518
   16.570000000   -0.250213257   -0.204066980   -0.304727287
   16.580000000   -0.243839423   -0.203204705   -0.289007573
   16.590000000   -0.240270793   -0.206549272   -0.273610353
   16.600000000   -0.240545147   -0.214410258   -0.260332905
   16.610000000   -0.245068192   -0.226068706   -0.250678826
   16.620000000   -0.253213496   -0.240107173   -0.245200275
   16.630000000   -0.263265738   -0.254805540   -0.243283633
   16.640000000   -0.273120187   -0.268540653   -0.243431089
   16.650000000   -0.281253803   -0.280230630   -0.243883898
   16.660000000   -0.287126775   -0.289424420   -0.243180935
   16.670000000   -0.290878207   -0.296063466   -0.240451916
   16.680000000   -0.293038341   -0.300492836   -0.235736236
   16.690000000   -0.294527482   -0.303616619   -0.230151232
   16.700000000   -0.296445203   -0.306722816   -0.225461789
   16.710000000   -0.299550765   -0.311024373   -0.223230738
   16.720000000   -0.303924351   -0.317148044   -0.224138640
   16.730000000   -0.308988069   -0.324680816   -0.227716433
   16.740000000   -0.313775129   -0.332169351   -0.232427221
   16.750000000   -0.317458067   -0.337967768   -0.236187866
   16.760000000   -0.319805316   -0.341171677   -0.237141617
   16.770000000   -0.321061593   -0.341758844   -0.234248066
   16.780000000   -0.321475207   -0.340291374   -0.227538148
   16.790000000   -0.321166498   -0.337682465   -0.218154779
   16.800000000   -0.320356916   -0.334900653   -0.208149923
   16.810000000   -0.319472500   -0.332601445   -0.199694147
   16.820000000   -0.318893759   -0.330922581   -0.193956016
   16.830000000   -0.318587958   -0.329495817   -0.190746388
   16.840000000   -0.318088182   -0.327713470   -0.189279415
   16.850000000   -0.316767691   -0.325115759   -0.188921288
   16.860000000   -0.314031716   -0.321545863   -0.189232586
   16.870000000   -0.309421199   -0.317091459   -0.189781369
   16.880000000   -0.302757566   -0.312052084   -0.189995742
   16.890000000   -0.294101323   -0.306720184   -0.189096550
   16.900000000   -0.283566237   -0.300939408   -0.186370165
   16.910000000   -0.271575406   -0.294160495   -0.181718049
   16.920000000   -0.259432583   -0.286221164   -0.176024255
   16.930000000   -0.249258263   -0.277962343   -0.170874222
   16.940000000   -0.242997961   -0.270851867   -0.167664729
   16.950000000   -0.241270847   -0.265875482   -0.166840513
   16.960000000   -0.243064748   -0.262846687   -0.167887520
   16.970000000   -0.246548984   -0.260839501   -0.169794554
   16.980000000   -0.250035525   -0.259018041   -0.171483866
   16.990000000   -0.252240396   -0.256911431   -0.172245120
   17.000000000   -0.252245739   -0.254212724   -0.171871820
   17.010000000   -0.249679425   -0.250667066   -0.170143090
   17.020000000   -0.244843111   -0.246209261   -0.166399281
   17.030000000   -0.238490558   -0.241033049   -0.160032489
   17.040000000   -0.231486281   -0.235398204   -0.151288810
   17.050000000   -0.224625101   -0.229443861   -0.141449673
   17.060000000   -0.218583247   -0.223195160   -0.132347555
   17.070000000   -0.213910844   -0.216729623   -0.125571462
   17.080000000   -0.210944340   -0.210354907   -0.121800417
   17.090000000   -0.209566058   -0.204510946   -0.120603424
   17.100000000   -0.209081047   -0.199434077   -0.120683401
   17.110000000   -0.208502940   -0.195011888   -0.120455731
   17.120000000   -0.206988746   -0.190934073   -0.118822999
   17.130000000   -0.203946644   -0.186771088   -0.115719533
   17.140000000   -0.199027216   -0.182014875   -0.111945117
   17.150000000   -0.192387582   -0.176370323   -0.108373464
   17.160000000   -0.184705177   -0.169846063   -0.105125652
   17.170000000   -0.176456780   -0.162307994   -0.101361735
   17.180000000   -0.167361658   -0.153276938   -0.095974065
   17.190000000   -0.156901987   -0.142505716   -0.088522656
   17.200000000   -0.145178446   -0.130549448   -0.079576086
   17.210000000   -0.133121112   -0.118653176   -0.070448691
   17.220000000   -0.122099766   -0.108206167   -0.062516069
   17.230000000   -0.113246368   -0.100119307   -0.056372877
   17.240000000   -0.106973237   -0.094471326   -0.051562463
   17.250000000   -0.103102672   -0.090706588   -0.047202239
   17.260000000   -0.101195250   -0.088073316   -0.042672321
   17.270000000   -0.100579503   -0.085852685   -0.037580542
   17.280000000   -0.100475225   -0.083561603   -0.031533399
   17.290000000   -0.100437133   -0.081273012   -0.024351055
   17.300000000   -0.100480498   -0.079538943   -0.016399815
   17.310000000   -0.100638406   -0.078718081   -0.008404203
   17.320000000   -0.100549271   -0.078400567   -0.000760428
   17.330000000   -0.099531432   -0.077601327    0.006795356
   17.340000000   -0.097019986   -0.075597227    0.014824662
   17.350000000   -0.093016891   -0.072646045    0.023764621
   17.360000000   -0.088174319   -0.069856204    0.033780850
   17.370000000   -0.083359751   -0.068246392    0.044626604
   17.380000000   -0.079111651   -0.067956334    0.055483397
   17.390000000   -0.075498259   -0.068352386    0.065124364
   17.400000000   -0.072379034   -0.068642257    0.072379888
   17.410000000   -0.069649213   -0.068310828    0.076498130
   17.420000000   -0.067158020   -0.067262673    0.077303588
   17.430000000   -0.064641367   -0.065848196    0.075202474
   17.440000000   -0.061941326   -0.064672214    0.071018833
   17.450000000   -0.059032804   -0.064027862    0.065957526
   17.460000000   -0.055757097   -0.063442969    0.061633411
   17.470000000   -0.051835888   -0.061873797    0.059516682
   17.480000000   -0.047089192   -0.058311205    0.060194961
   17.490000000   -0.041350266   -0.052235751    0.063543305
   17.500000000   -0.034451649   -0.043792906    0.069300330
   17.510000000   -0.026618457   -0.033853933    0.076979520
   17.520000000   -0.018605789   -0.023818210    0.085483159
   17.530000000   -0.011267721   -0.015111763    0.093216948
   17.540000000   -0.005182697   -0.008773678    0.098773369
   17.550000000   -0.000635816   -0.005271024    0.101655180
   17.560000000    0.002449379   -0.004281657    0.102413683
   17.570000000    0.004588993   -0.004666011    0.102186141
   17.580000000    0.006300328   -0.005146578    0.102099069
   17.590000000    0.007432175   -0.005184561    0.102915848
   17.600000000    0.007095006   -0.005095871    0.104862163
   17.610000000    0.004327642   -0.005507404    0.107547298
   17.620000000   -0.001035987   -0.006834494    0.110187772
   17.630000000   -0.007948452   -0.009030361    0.111995021
   17.640000000   -0.014462396   -0.011526129    0.112330744
   17.650000000   -0.018570406   -0.013359682    0.110683310
   17.660000000   -0.019147099   -0.013651208    0.106641579
   17.670000000   -0.016369214   -0.012192037    0.100085843
   17.680000000   -0.011267375   -0.009491542    0.091741746
   17.690000000   -0.005002375   -0.006283694    0.083354142
   17.700000000    0.001404459   -0.003115611    0.076868195
   17.710000000    0.006930968   -0.000331056    0.073249661
   17.720000000    0.010512074    0.001756847    0.071957910
   17.730000000    0.011413128    0.002822652    0.071311170
   17.740000000    0.009714757    0.002657484    0.069436991
   17.750000000    0.006271526    0.001269438    0.065307957
   17.760000000    0.002095388   -0.001208691    0.059170064
   17.770000000   -0.002184826   -0.004708753    0.052139255
   17.780000000   -0.006347719   -0.009177267    0.045561350
   17.790000000   -0.010249313   -0.014245592    0.040714505
   17.800000000   -0.013565874   -0.019087726    0.038621519
   17.810000000   -0.015753681   -0.022703521    0.039671564
   17.820000000   -0.016087723   -0.024322064    0.043373128
   17.830000000   -0.013757558   -0.023468829    0.048636948
   17.840000000   -0.008136166   -0.019760537    0.054390275
   17.850000000    0.000766360   -0.013019463    0.059969281
   17.860000000    0.012052916   -0.003689043    0.065119369
   17.870000000    0.024284966    0.007101242    0.069806757
   17.880000000    0.036131420    0.017968534    0.073960511
   17.890000000    0.046779078    0.027792107    0.077367607
   17.900000000    0.056016056    0.036081388    0.080025365
   17.910000000    0.064057272    0.043041533    0.082427704
   17.920000000    0.071095874    0.049126360    0.085064749
   17.930000000    0.076901570    0.054484576    0.087808368
   17.940000000    0.080847789    0.058884819    0.090061388
   17.950000000    0.082211560    0.061913370    0.091094104
   17.960000000    0.080572249    0.063184265    0.090078505
   17.970000000    0.076276238    0.062667516    0.086528954
   17.980000000    0.070573269    0.060970835    0.081184066
   17.990000000    0.065131521    0.059219166    0.076091599
   18.000000000    0.061211196    0.058440793    0.073482623
   18.010000000    0.059056199    0.058899814    0.074538414
   18.020000000    0.057884294    0.059942825    0.079075548
   18.030000000    0.056482967    0.060476486    0.086035815
   18.040000000    0.054015115    0.059730869    0.094131781
   18.050000000    0.050347143    0.057629225    0.102228928
   18.060000000    0.045778966    0.054546137    0.109460821
   18.070000000    0.040691125    0.050970316    0.115178491
   18.080000000    0.035377431    0.047367742    0.118803669
   18.090000000    0.030100047    0.044157366    0.119804257
   18.100000000    0.025389742    0.041794433    0.117944633
   18.110000000    0.022177313    0.040815933    0.113617306
   18.120000000    0.021252896    0.041459344    0.107746868
   18.130000000    0.022561408    0.043249817    0.101257066
   18.140000000    0.025177622    0.045268756    0.094789532
   18.150000000    0.027763937    0.046640500    0.088768796
   18.160000000    0.029061106    0.046708964    0.083431467
   18.170000000    0.028317017    0.045144846    0.078913093
   18.180000000    0.025476352    0.042015863    0.075423615
   18.190000000    0.021106064    0.037716145    0.073178310
   18.200000000    0.016254832    0.032948968    0.072184184
   18.210000000    0.012293382    0.028782226    0.072215246
   18.220000000    0.010546074    0.026369280    0.072834867
   18.230000000    0.011599794    0.026161357    0.073251577
   18.240000000    0.014633918    0.027223309    0.072260297
   18.250000000    0.017624658    0.027579560    0.068626605
   18.260000000    0.018592526    0.025537004    0.061724492
   18.270000000    0.016780352    0.020721045    0.051954104
   18.280000000    0.012859178    0.014030611    0.040805531
   18.290000000    0.008254446    0.006976398    0.030400787
   18.300000000    0.004124177    0.000948847    0.022383304
   18.310000000    0.000799029   -0.003313409    0.017020632
   18.320000000   -0.001870894   -0.005706985    0.013450954
   18.330000000   -0.003977719   -0.006428497    0.010595972
   18.340000000   -0.005601829   -0.005945132    0.007783036
   18.350000000   -0.007123607   -0.005118683    0.004966225
   18.360000000   -0.009063647   -0.004847704    0.002638309
   18.370000000   -0.011486600   -0.005346385    0.001306022
   18.380000000   -0.013728528   -0.005875402    0.001134944
   18.390000000   -0.014811564   -0.005384039    0.002174531
   18.400000000   -0.014090501   -0.003440011    0.004547208
   18.410000000   -0.011527254   -0.000340642    0.008269540
   18.420000000   -0.007364547    0.003686672    0.013133242
   18.430000000   -0.001674686    0.009015729    0.018857003
   18.440000000    0.005547425    0.016103553    0.025207692
   18.450000000    0.013934282    0.024638182    0.031919605
   18.460000000    0.022662795    0.033370874    0.038609969
   18.470000000    0.030864322    0.040708374    0.044937721
   18.480000000    0.037970236    0.045509749    0.050761296
   18.490000000    0.043710613    0.047505163    0.055926642
   18.500000000    0.047999612    0.047070728    0.060097254
   18.510000000    0.050954758    0.044817074    0.063093012
   18.520000000    0.053055969    0.041553774    0.065207058
   18.530000000    0.055150510    0.038345852    0.066895330
   18.540000000    0.058081264    0.036210288    0.068265877
   18.550000000    0.062124237    0.035620455    0.069108657
   18.560000000    0.066657883    0.036239330    0.069354009
   18.570000000    0.070375625    0.037107324    0.069297945
   18.580000000    0.071894870    0.037177575    0.069373863
   18.590000000    0.070415731    0.035927243    0.069937116
   18.600000000    0.066173776    0.033764599    0.071342021
   18.610000000    0.060391013    0.031878450    0.074063116
   18.620000000    0.054693282    0.031513673    0.078703975
   18.630000000    0.050502840    0.033330052    0.085779672
   18.640000000    0.048742414    0.037313748    0.095257616
   18.650000000    0.049648934    0.042950488    0.106354947
   18.660000000    0.052728826    0.049401085    0.117914582
   18.670000000    0.057100088    0.055789841    0.129014762
   18.680000000    0.061991678    0.061555877    0.139363508
   18.690000000    0.066992368    0.066601384    0.149240409
   18.700000000    0.071998683    0.071123776    0.158992558
   18.710000000    0.076975234    0.075217946    0.168522488
   18.720000000    0.081748067    0.078619338    0.177318925
   18.730000000    0.086107201    0.080974579    0.184931865
   18.740000000    0.090044865    0.082352702    0.191178883
   18.750000000    0.093670010    0.083297557    0.195905069
   18.760000000    0.096851692    0.084252237    0.198776359
   18.770000000    0.099089126    0.084998365    0.199308923
   18.780000000    0.099760180    0.084806193    0.197043021
   18.790000000    0.098475755    0.083161091    0.191838249
   18.800000000    0.095383098    0.080395283    0.184414687
   18.810000000    0.091295729    0.077709727    0.176705803
   18.820000000    0.087428919    0.076535267    0.171056191
   18.830000000    0.084764219    0.077658579    0.168694919
   18.840000000    0.083485963    0.080732088    0.169180699
   18.850000000    0.082872319    0.084480636    0.171093145
   18.860000000    0.081635555    0.087348522    0.172929704
   18.870000000    0.078603074    0.088149698    0.173569028
   18.880000000    0.073409875    0.086416552    0.172263546
   18.890000000    0.066669898    0.082380660    0.168540438
   18.900000000    0.059495631    0.076728431    0.162257828
   18.910000000    0.052890063    0.070349943    0.153703363
   18.920000000    0.047461991    0.064110075    0.143608144
   18.930000000    0.043455873    0.058595143    0.132954268
   18.940000000    0.040980914    0.054051406    0.122704217
   18.950000000    0.040178773    0.050642415    0.113729446
   18.960000000    0.041087089    0.048696874    0.106785020
   18.970000000    0.043420939    0.048563832    0.102177445
   18.980000000    0.046623485    0.050274312    0.099459196
   18.990000000    0.050123796    0.053472393    0.097828613
   19.000000000    0.053549670    0.057661579    0.096927697
   19.010000000    0.056843317    0.062516383    0.097036830
   19.020000000    0.060318840    0.068013738    0.098709568
   19.030000000    0.064559026    0.074269054    0.102478951
   19.040000000    0.070120687    0.081283064    0.108584714
   19.050000000    0.077219523    0.088891432    0.116776859
   19.060000000    0.085566488    0.096867192    0.126421420
   19.070000000    0.094447251    0.104966392    0.136673941
   19.080000000    0.102984920    0.112869683    0.146601111
   19.090000000    0.110376560    0.120087453    0.155326477
   19.100000000    0.115941359    0.125947257    0.162057151
   19.110000000    0.119020648    0.129725421    0.166047419
   19.120000000    0.118918925    0.130763503    0.166682455
   19.130000000    0.115081383    0.128504557    0.163650954
   19.140000000    0.107517904    0.122691699    0.157183809
   19.150000000    0.097157012    0.113777743    0.148195818
   19.160000000    0.085719781    0.103068602    0.138073600
   19.170000000    0.075155604    0.092311820    0.128246609
   19.180000000    0.067057241    0.083079018    0.119966001
   19.190000000    0.062269524    0.076315570    0.114358566
   19.200000000    0.060700362    0.072141515    0.112248408
   19.210000000    0.061473332    0.069970683    0.113683960
   19.220000000    0.063435432    0.068945668    0.117786288
   19.230000000    0.065725890    0.068447044    0.123145905
   19.240000000    0.068022202    0.068314592    0.128443540
   19.250000000    0.070273458    0.068662065    0.132971035
   19.260000000    0.072301709    0.069580733    0.136710985
   19.270000000    0.073832827    0.071097720    0.139958599
   19.280000000    0.074808849    0.073297939    0.143053491
   19.290000000    0.075458795    0.076241549    0.146413590
   19.300000000    0.076091597    0.079733903    0.150398739
   19.310000000    0.076944504    0.083338537    0.154934692
   19.320000000    0.078273978    0.086737986    0.159498022
   19.330000000    0.080451891    0.090064461    0.163561675
   19.340000000    0.083733977    0.093742517    0.166878877
   19.350000000    0.087913239    0.097959761    0.169424665
   19.360000000    0.092392413    0.102452299    0.171511920
   19.370000000    0.096637727    0.106755832    0.173961122
   19.380000000    0.100402214    0.110384846    0.177655728
   19.390000000    0.103481776    0.112769845    0.182837362
   19.400000000    0.105469396    0.113270508    0.188911117
   19.410000000    0.105942760    0.111470071    0.194833097
   19.420000000    0.104889687    0.107579044    0.199785200
   19.430000000    0.102851690    0.102527006    0.203651713
   19.440000000    0.100597148    0.097482434    0.206818138
   19.450000000    0.098617858    0.093141083    0.209488923
   19.460000000    0.097016681    0.089547262    0.211325703
   19.470000000    0.095831843    0.086546720    0.211725489
   19.480000000    0.095242995    0.084211269    0.210299509
   19.490000000    0.095426703    0.082773783    0.207035489
   19.500000000    0.096237036    0.082168904    0.202049759
   19.510000000    0.097091073    0.081803424    0.195417255
   19.520000000    0.097291497    0.080956882    0.187414758
   19.530000000    0.096380685    0.079300588    0.178694809
   19.540000000    0.094096267    0.076915414    0.169993859
   19.550000000    0.090143085    0.073901268    0.161690010
   19.560000000    0.084216832    0.070149823    0.153827026
   19.570000000    0.076320821    0.065557764    0.146598106
   19.580000000    0.067011735    0.060353761    0.140367111
   19.590000000    0.057318215    0.055151388    0.135156525
   19.600000000    0.048528855    0.050752120    0.130619043
   19.610000000    0.041962329    0.047885805    0.126474284
   19.620000000    0.038494203    0.046912834    0.122589040
   19.630000000    0.038068764    0.047577759    0.118839994
   19.640000000    0.039736012    0.049061438    0.115257299
   19.650000000    0.042245234    0.050393520    0.112140195
   19.660000000    0.044682090    0.050916560    0.109790336
   19.670000000    0.046655049    0.050424876    0.108157857
   19.680000000    0.048045201    0.048976295    0.106827136
   19.690000000    0.048800422    0.046755447    0.105427644
   19.700000000    0.049082050    0.044255268    0.104049845
   19.710000000    0.049425706    0.042410367    0.103113013
   19.720000000    0.050549901    0.042217428    0.102879157
   19.730000000    0.052984072    0.044178101    0.103347799
   19.740000000    0.056797868    0.048110853    0.104539661
   19.750000000    0.061579032    0.053329176    0.106569278
   19.760000000    0.066720227    0.058985840    0.109613427
   19.770000000    0.071775343    0.064399659    0.114022789
   19.780000000    0.076614252    0.069245720    0.120166658
   19.790000000    0.081434923    0.073663586    0.128043132
   19.800000000    0.086706195    0.078207799    0.137181756
   19.810000000    0.092897642    0.083461906    0.146806008
   19.820000000    0.100076558    0.089585634    0.155969658
   19.830000000    0.107734710    0.096186663    0.163648774
   19.840000000    0.114933008    0.102432646    0.168821141
   19.850000000    0.120620168    0.107243724    0.170568646
   19.860000000    0.124046704    0.109687228    0.168445640
   19.870000000    0.125136635    0.109529007    0.163053488
   19.880000000    0.124526768    0.107445605    0.156000891
   19.890000000    0.123136257    0.104574717    0.148967583
   19.900000000    0.121652859    0.101865850    0.142932970
   19.910000000    0.120402249    0.099831463    0.138237854
   19.920000000    0.119582708    0.098759104    0.134919028
   19.930000000    0.119512884    0.099022282    0.132867720
   19.940000000    0.120605598    0.101056737    0.132013509
   19.950000000    0.123086642    0.105011518    0.132450259
   19.960000000    0.126706731    0.110483823    0.134041765
   19.970000000    0.130742565    0.116605333    0.136002774
   19.980000000    0.134399793    0.122483177    0.137374756
   19.990000000    0.137313940    0.127689965    0.137932531
   20.000000000    0.139610279    0.132299886    0.138430385
   20.010000000    0.141487218    0.136480986    0.139992192
   20.020000000    0.142961103    0.140247116    0.143153383
   20.030000000    0.144016657    0.143555113    0.147277328
   20.040000000    0.144690446    0.146305468    0.150902837
   20.050000000    0.144893785    0.148174102    0.152781656
