# energy grid [eV]  eels components [arbitrary units]
#
    0.050000000    0.000028833    0.000029047    0.000028279
    0.060000000    0.000034605    0.000034863    0.000033940
    0.070000000    0.000040381    0.000040682    0.000039605
    0.080000000    0.000046160    0.000046505    0.000045272
    0.090000000    0.000051944    0.000052332    0.000050944
    0.100000000    0.000057732    0.000058164    0.000056621
    0.110000000    0.000063526    0.000064002    0.000062302
    0.120000000    0.000069326    0.000069847    0.000067989
    0.130000000    0.000075133    0.000075698    0.000073682
    0.140000000    0.000080947    0.000081556    0.000079382
    0.150000000    0.000086768    0.000087423    0.000085089
    0.160000000    0.000092597    0.000093297    0.000090804
    0.170000000    0.000098436    0.000099182    0.000096526
    0.180000000    0.000104283    0.000105075    0.000102258
    0.190000000    0.000110141    0.000110979    0.000107999
    0.200000000    0.000116009    0.000116895    0.000113749
    0.210000000    0.000121888    0.000122821    0.000119510
    0.220000000    0.000127779    0.000128760    0.000125282
    0.230000000    0.000133682    0.000134712    0.000131066
    0.240000000    0.000139598    0.000140677    0.000136861
    0.250000000    0.000145528    0.000146656    0.000142670
    0.260000000    0.000151472    0.000152650    0.000148491
    0.270000000    0.000157430    0.000158660    0.000154326
    0.280000000    0.000163404    0.000164685    0.000160176
    0.290000000    0.000169394    0.000170728    0.000166040
    0.300000000    0.000175401    0.000176787    0.000171921
    0.310000000    0.000181426    0.000182865    0.000177817
    0.320000000    0.000187468    0.000188962    0.000183731
    0.330000000    0.000193529    0.000195079    0.000189662
    0.340000000    0.000199610    0.000201215    0.000195611
    0.350000000    0.000205711    0.000207373    0.000201579
    0.360000000    0.000211833    0.000213553    0.000207566
    0.370000000    0.000217976    0.000219755    0.000213574
    0.380000000    0.000224142    0.000225981    0.000219603
    0.390000000    0.000230331    0.000232231    0.000225653
    0.400000000    0.000236544    0.000238506    0.000231726
    0.410000000    0.000242781    0.000244807    0.000237821
    0.420000000    0.000249045    0.000251135    0.000243941
    0.430000000    0.000255334    0.000257490    0.000250085
    0.440000000    0.000261651    0.000263874    0.000256254
    0.450000000    0.000267996    0.000270287    0.000262449
    0.460000000    0.000274369    0.000276730    0.000268672
    0.470000000    0.000280773    0.000283205    0.000274922
    0.480000000    0.000287207    0.000289712    0.000281201
    0.490000000    0.000293672    0.000296252    0.000287509
    0.500000000    0.000300171    0.000302826    0.000293848
    0.510000000    0.000306703    0.000309435    0.000300218
    0.520000000    0.000313269    0.000316081    0.000306620
    0.530000000    0.000319871    0.000322764    0.000313055
    0.540000000    0.000326509    0.000329486    0.000319524
    0.550000000    0.000333186    0.000336247    0.000326029
    0.560000000    0.000339901    0.000343049    0.000332569
    0.570000000    0.000346655    0.000349893    0.000339147
    0.580000000    0.000353451    0.000356780    0.000345763
    0.590000000    0.000360289    0.000363712    0.000352418
    0.600000000    0.000367171    0.000370690    0.000359114
    0.610000000    0.000374097    0.000377715    0.000365851
    0.620000000    0.000381069    0.000384788    0.000372631
    0.630000000    0.000388088    0.000391912    0.000379455
    0.640000000    0.000395156    0.000399086    0.000386324
    0.650000000    0.000402273    0.000406314    0.000393239
    0.660000000    0.000409443    0.000413596    0.000400203
    0.670000000    0.000416665    0.000420934    0.000407215
    0.680000000    0.000423941    0.000428330    0.000414279
    0.690000000    0.000431273    0.000435785    0.000421394
    0.700000000    0.000438663    0.000443301    0.000428562
    0.710000000    0.000446112    0.000450880    0.000435786
    0.720000000    0.000453621    0.000458524    0.000443066
    0.730000000    0.000461194    0.000466235    0.000450405
    0.740000000    0.000468830    0.000474014    0.000457803
    0.750000000    0.000476533    0.000481864    0.000465263
    0.760000000    0.000484304    0.000489787    0.000472787
    0.770000000    0.000492145    0.000497785    0.000480375
    0.780000000    0.000500059    0.000505860    0.000488031
    0.790000000    0.000508047    0.000514014    0.000495756
    0.800000000    0.000516111    0.000522251    0.000503552
    0.810000000    0.000524254    0.000530573    0.000511421
    0.820000000    0.000532479    0.000538981    0.000519366
    0.830000000    0.000540786    0.000547480    0.000527389
    0.840000000    0.000549180    0.000556071    0.000535491
    0.850000000    0.000557663    0.000564758    0.000543676
    0.860000000    0.000566237    0.000573543    0.000551946
    0.870000000    0.000574906    0.000582431    0.000560303
    0.880000000    0.000583671    0.000591423    0.000568751
    0.890000000    0.000592537    0.000600524    0.000577291
    0.900000000    0.000601506    0.000609737    0.000585928
    0.910000000    0.000610581    0.000619066    0.000594663
    0.920000000    0.000619767    0.000628514    0.000603501
    0.930000000    0.000629066    0.000638086    0.000612444
    0.940000000    0.000638482    0.000647786    0.000621495
    0.950000000    0.000648019    0.000657618    0.000630659
    0.960000000    0.000657681    0.000667586    0.000639940
    0.970000000    0.000667472    0.000677696    0.000649339
    0.980000000    0.000677396    0.000687953    0.000658863
    0.990000000    0.000687458    0.000698361    0.000668515
    1.000000000    0.000697663    0.000708925    0.000678299
    1.010000000    0.000708015    0.000719653    0.000688220
    1.020000000    0.000718520    0.000730549    0.000698282
    1.030000000    0.000729182    0.000741620    0.000708491
    1.040000000    0.000740009    0.000752873    0.000718852
    1.050000000    0.000751004    0.000764314    0.000729371
    1.060000000    0.000762175    0.000775950    0.000740052
    1.070000000    0.000773528    0.000787790    0.000750902
    1.080000000    0.000785070    0.000799840    0.000761927
    1.090000000    0.000796808    0.000812110    0.000773134
    1.100000000    0.000808748    0.000824608    0.000784529
    1.110000000    0.000820900    0.000837344    0.000796120
    1.120000000    0.000833270    0.000850327    0.000807915
    1.130000000    0.000845868    0.000863568    0.000819921
    1.140000000    0.000858703    0.000877077    0.000832147
    1.150000000    0.000871785    0.000890867    0.000844601
    1.160000000    0.000885122    0.000904949    0.000857293
    1.170000000    0.000898727    0.000919336    0.000870234
    1.180000000    0.000912609    0.000934043    0.000883432
    1.190000000    0.000926782    0.000949083    0.000896900
    1.200000000    0.000941257    0.000964473    0.000910649
    1.210000000    0.000956048    0.000980227    0.000924691
    1.220000000    0.000971168    0.000996365    0.000939039
    1.230000000    0.000986633    0.001012905    0.000953707
    1.240000000    0.001002458    0.001029865    0.000968710
    1.250000000    0.001018660    0.001047269    0.000984063
    1.260000000    0.001035257    0.001065137    0.000999783
    1.270000000    0.001052267    0.001083495    0.001015888
    1.280000000    0.001069712    0.001102368    0.001032395
    1.290000000    0.001087611    0.001121784    0.001049326
    1.300000000    0.001105990    0.001141773    0.001066702
    1.310000000    0.001124871    0.001162366    0.001084545
    1.320000000    0.001144281    0.001183598    0.001102880
    1.330000000    0.001164248    0.001205507    0.001121734
    1.340000000    0.001184803    0.001228132    0.001141133
    1.350000000    0.001205978    0.001251517    0.001161109
    1.360000000    0.001227808    0.001275707    0.001181694
    1.370000000    0.001250330    0.001300755    0.001202923
    1.380000000    0.001273584    0.001326716    0.001224833
    1.390000000    0.001297616    0.001353648    0.001247465
    1.400000000    0.001322472    0.001381618    0.001270864
    1.410000000    0.001348203    0.001410697    0.001295078
    1.420000000    0.001374865    0.001440963    0.001320157
    1.430000000    0.001402519    0.001472501    0.001346158
    1.440000000    0.001431232    0.001505405    0.001373143
    1.450000000    0.001461075    0.001539779    0.001401178
    1.460000000    0.001492127    0.001575736    0.001430336
    1.470000000    0.001524475    0.001613403    0.001460698
    1.480000000    0.001558215    0.001652919    0.001492352
    1.490000000    0.001593451    0.001694439    0.001525394
    1.500000000    0.001630299    0.001738136    0.001559930
    1.510000000    0.001668888    0.001784203    0.001596078
    1.520000000    0.001709359    0.001832855    0.001633970
    1.530000000    0.001751873    0.001884337    0.001673748
    1.540000000    0.001796604    0.001938921    0.001715575
    1.550000000    0.001843753    0.001996917    0.001759631
    1.560000000    0.001893543    0.002058678    0.001806116
    1.570000000    0.001946223    0.002124603    0.001855258
    1.580000000    0.002002081    0.002195150    0.001907311
    1.590000000    0.002061438    0.002270846    0.001962565
    1.600000000    0.002124665    0.002352298    0.002021345
    1.610000000    0.002192185    0.002440207    0.002084027
    1.620000000    0.002264486    0.002535392    0.002151035
    1.630000000    0.002342132    0.002638812    0.002222860
    1.640000000    0.002425781    0.002751591    0.002300067
    1.650000000    0.002516201    0.002875062    0.002383312
    1.660000000    0.002614297    0.003010813    0.002473359
    1.670000000    0.002721141    0.003160741    0.002571101
    1.680000000    0.002838012    0.003327138    0.002677591
    1.690000000    0.002966447    0.003512787    0.002794079
    1.700000000    0.003108305    0.003721092    0.002922050
    1.710000000    0.003265855    0.003956253    0.003063290
    1.720000000    0.003441891    0.004223494    0.003219958
    1.730000000    0.003639883    0.004529369    0.003394681
    1.740000000    0.003864180    0.004882177    0.003590686
    1.750000000    0.004120287    0.005292522    0.003811965
    1.760000000    0.004415239    0.005774081    0.004063505
    1.770000000    0.004758105    0.006344649    0.004351588
    1.780000000    0.005160674    0.007027565    0.004684206
    1.790000000    0.005638353    0.007853611    0.005071618
    1.800000000    0.006211290    0.008863473    0.005527118
    1.810000000    0.006905625    0.010110624    0.006068078
    1.820000000    0.007754419    0.011663994    0.006717347
    1.830000000    0.008797030    0.013608303    0.007505078
    1.840000000    0.010073988    0.016036516    0.008470945
    1.850000000    0.011611807    0.019022209    0.009666373
    1.860000000    0.013391703    0.022551060    0.011155488
    1.870000000    0.015308526    0.026396320    0.013011262
    1.880000000    0.017162049    0.029989819    0.015298574
    1.890000000    0.018734088    0.032486095    0.018028673
    1.900000000    0.019889474    0.033196674    0.021067537
    1.910000000    0.020547409    0.032067726    0.024016357
    1.920000000    0.020602982    0.029628447    0.026197366
    1.930000000    0.020027626    0.026576747    0.026957030
    1.940000000    0.019024022    0.023505353    0.026175398
    1.950000000    0.017952425    0.020807414    0.024390842
    1.960000000    0.017128176    0.018668719    0.022366882
    1.970000000    0.016731142    0.017126413    0.020664267
    1.980000000    0.016836277    0.016145810    0.019552415
    1.990000000    0.017466863    0.015671902    0.019105616
    2.000000000    0.018618338    0.015647834    0.019291640
    2.010000000    0.020245356    0.016009189    0.019992253
    2.020000000    0.022229055    0.016670187    0.020975958
    2.030000000    0.024379137    0.017532165    0.021903487
    2.040000000    0.026538890    0.018538258    0.022472848
    2.050000000    0.028728158    0.019726358    0.022651510
    2.060000000    0.031103290    0.021192149    0.022726208
    2.070000000    0.033702246    0.022989508    0.023100915
    2.080000000    0.036251293    0.025093222    0.024099314
    2.090000000    0.038299905    0.027474063    0.025907852
    2.100000000    0.039635723    0.030167010    0.028568791
    2.110000000    0.040496974    0.033156444    0.031919625
    2.120000000    0.041278480    0.036131547    0.035476992
    2.130000000    0.042143627    0.038407187    0.038412412
    2.140000000    0.042915114    0.039227347    0.039829345
    2.150000000    0.043110244    0.038236276    0.039235027
    2.160000000    0.042108141    0.035651377    0.036768531
    2.170000000    0.039618210    0.032094811    0.033067135
    2.180000000    0.036034030    0.028298803    0.028947294
    2.190000000    0.032153226    0.024824176    0.025063773
    2.200000000    0.028650511    0.021949260    0.021755183
    2.210000000    0.025868275    0.019735140    0.019103608
    2.220000000    0.023898967    0.018137215    0.017059433
    2.230000000    0.022722732    0.017082451    0.015531490
    2.240000000    0.022295081    0.016505209    0.014430917
    2.250000000    0.022580352    0.016356581    0.013686843
    2.260000000    0.023544257    0.016597554    0.013249531
    2.270000000    0.025106972    0.017179022    0.013089218
    2.280000000    0.027056199    0.018013923    0.013193904
    2.290000000    0.028965859    0.018967820    0.013566642
    2.300000000    0.030266265    0.019913593    0.014220780
    2.310000000    0.030575850    0.020834555    0.015169165
    2.320000000    0.030021088    0.021847299    0.016400547
    2.330000000    0.029114187    0.023086308    0.017839174
    2.340000000    0.028350053    0.024581575    0.019307289
    2.350000000    0.028002208    0.026264912    0.020558780
    2.360000000    0.028194889    0.028104099    0.021436913
    2.370000000    0.029012168    0.030202955    0.022028736
    2.380000000    0.030473696    0.032698743    0.022613150
    2.390000000    0.032411018    0.035530484    0.023480456
    2.400000000    0.034363758    0.038279580    0.024847286
    2.410000000    0.035639673    0.040226548    0.026884133
    2.420000000    0.035672036    0.040729256    0.029732474
    2.430000000    0.034466674    0.039747341    0.033444705
    2.440000000    0.032597495    0.037924207    0.037847114
    2.450000000    0.030753454    0.036103826    0.042366053
    2.460000000    0.029405360    0.034898934    0.046005238
    2.470000000    0.028787018    0.034619590    0.047787358
    2.480000000    0.028979451    0.035348934    0.047509581
    2.490000000    0.029955388    0.036980305    0.045923209
    2.500000000    0.031591100    0.039230291    0.044035695
    2.510000000    0.033679348    0.041723677    0.042396266
    2.520000000    0.035931145    0.044139858    0.040989983
    2.530000000    0.037965417    0.046235150    0.039610534
    2.540000000    0.039420720    0.047759638    0.038274576
    2.550000000    0.040234979    0.048584179    0.037288610
    2.560000000    0.040748537    0.048938284    0.037000399
    2.570000000    0.041379642    0.049249580    0.037546983
    2.580000000    0.042204461    0.049644299    0.038738822
    2.590000000    0.042884189    0.049720051    0.040085363
    2.600000000    0.043038390    0.048923935    0.041047620
    2.610000000    0.042710940    0.047191244    0.041466578
    2.620000000    0.042361996    0.045075746    0.041725014
    2.630000000    0.042398870    0.043248702    0.042398866
    2.640000000    0.042785291    0.042036146    0.043779575
    2.650000000    0.043032818    0.041380008    0.045611357
    2.660000000    0.042568248    0.041097618    0.047103930
    2.670000000    0.041219584    0.041158150    0.047335538
    2.680000000    0.039338016    0.041708979    0.045938857
    2.690000000    0.037423108    0.042813214    0.043360276
    2.700000000    0.035714671    0.044144808    0.040360229
    2.710000000    0.034158074    0.044945855    0.037469392
    2.720000000    0.032678685    0.044444391    0.034946733
    2.730000000    0.031405971    0.042497429    0.032977447
    2.740000000    0.030618121    0.039731065    0.031743147
    2.750000000    0.030564673    0.037014460    0.031373401
    2.760000000    0.031370588    0.034946346    0.031910244
    2.770000000    0.033000961    0.033720715    0.033294077
    2.780000000    0.035194872    0.033185611    0.035342807
    2.790000000    0.037381232    0.032931707    0.037769629
    2.800000000    0.038757115    0.032466194    0.040320994
    2.810000000    0.038710866    0.031510388    0.042967262
    2.820000000    0.037306724    0.030187704    0.045890094
    2.830000000    0.035225629    0.028879915    0.049149571
    2.840000000    0.033242985    0.027949857    0.052260949
    2.850000000    0.031870294    0.027618066    0.054110267
    2.860000000    0.031338295    0.027987840    0.053564747
    2.870000000    0.031695318    0.029082282    0.050434662
    2.880000000    0.032861021    0.030832406    0.045669393
    2.890000000    0.034634560    0.033042837    0.040562999
    2.900000000    0.036746529    0.035421124    0.036019155
    2.910000000    0.039023424    0.037737827    0.032427388
    2.920000000    0.041524183    0.039970090    0.029857056
    2.930000000    0.044412516    0.042180907    0.028248728
    2.940000000    0.047663707    0.044272755    0.027519433
    2.950000000    0.050938969    0.045999634    0.027604551
    2.960000000    0.053740714    0.047237734    0.028466219
    2.970000000    0.055660400    0.048125008    0.030081298
    2.980000000    0.056509142    0.048887874    0.032406970
    2.990000000    0.056293930    0.049568376    0.035320445
    3.000000000    0.055087456    0.049872912    0.038554451
    3.010000000    0.052989146    0.049292023    0.041655277
    3.020000000    0.050281343    0.047513701    0.043957490
    3.030000000    0.047467040    0.044746028    0.044700863
    3.040000000    0.045015064    0.041578517    0.043495429
    3.050000000    0.043074163    0.038578914    0.040746802
    3.060000000    0.041421959    0.036047118    0.037401373
    3.070000000    0.039725477    0.034075757    0.034326693
    3.080000000    0.037912537    0.032731247    0.032010225
    3.090000000    0.036251835    0.032120016    0.030617039
    3.100000000    0.035090302    0.032330762    0.030129579
    3.110000000    0.034596739    0.033363196    0.030429093
    3.120000000    0.034691196    0.035072762    0.031332048
    3.130000000    0.035107725    0.037123747    0.032651504
    3.140000000    0.035533779    0.038999369    0.034289879
    3.150000000    0.035779044    0.040157327    0.036229577
    3.160000000    0.035904852    0.040346545    0.038337182
    3.170000000    0.036215298    0.039838235    0.040166912
    3.180000000    0.037078719    0.039242336    0.041082396
    3.190000000    0.038717445    0.039071789    0.040755192
    3.200000000    0.041068797    0.039466033    0.039525515
    3.210000000    0.043716742    0.040185161    0.038153138
    3.220000000    0.045979267    0.040834957    0.037325076
    3.230000000    0.047280817    0.041230879    0.037433240
    3.240000000    0.047594475    0.041592824    0.038591062
    3.250000000    0.047436321    0.042350144    0.040665422
    3.260000000    0.047408460    0.043790870    0.043260625
    3.270000000    0.047791399    0.045845465    0.045785696
    3.280000000    0.048433297    0.048062337    0.047768683
    3.290000000    0.048941888    0.049820713    0.049229920
    3.300000000    0.049073638    0.050765620    0.050639580
    3.310000000    0.048961651    0.051104030    0.052466119
    3.320000000    0.048897984    0.051381106    0.054761417
    3.330000000    0.048945692    0.051991971    0.057023573
    3.340000000    0.048866265    0.052991423    0.058403441
    3.350000000    0.048438597    0.054304999    0.058249736
    3.360000000    0.047750870    0.055929565    0.056681569
    3.370000000    0.047082320    0.057780434    0.054592128
    3.380000000    0.046618301    0.059449611    0.053037735
    3.390000000    0.046379556    0.060335295    0.052683338
    3.400000000    0.046248298    0.060044353    0.053628495
    3.410000000    0.045908073    0.058521853    0.055433733
    3.420000000    0.044928708    0.055883862    0.057278773
    3.430000000    0.043152981    0.052453095    0.058342077
    3.440000000    0.040938612    0.048858978    0.058167514
    3.450000000    0.038900891    0.045802582    0.056638867
    3.460000000    0.037520500    0.043734339    0.053836271
    3.470000000    0.036990851    0.042756551    0.050119613
    3.480000000    0.037251555    0.042695593    0.046126835
    3.490000000    0.038079489    0.043242182    0.042527642
    3.500000000    0.039221687    0.044116886    0.039792462
    3.510000000    0.040542104    0.045143020    0.038133294
    3.520000000    0.042067236    0.046174568    0.037555548
    3.530000000    0.043902456    0.047079519    0.037913555
    3.540000000    0.046133809    0.047871257    0.038939325
    3.550000000    0.048756401    0.048712588    0.040292812
    3.560000000    0.051589720    0.049660989    0.041676310
    3.570000000    0.054189836    0.050424711    0.042941682
    3.580000000    0.055918550    0.050444825    0.044050527
    3.590000000    0.056345900    0.049357969    0.044938275
    3.600000000    0.055655937    0.047385293    0.045457510
    3.610000000    0.054486944    0.045146886    0.045412606
    3.620000000    0.053412206    0.043179629    0.044715307
    3.630000000    0.052628652    0.041692692    0.043614483
    3.640000000    0.051977140    0.040633381    0.042666022
    3.650000000    0.051205775    0.039903773    0.042422323
    3.660000000    0.050243442    0.039527788    0.043197541
    3.670000000    0.049229542    0.039632480    0.045031289
    3.680000000    0.048392947    0.040315124    0.047742445
    3.690000000    0.047911122    0.041509955    0.050968771
    3.700000000    0.047759942    0.042912315    0.054136233
    3.710000000    0.047708438    0.044066781    0.056468750
    3.720000000    0.047502870    0.044638040    0.057271930
    3.730000000    0.046963210    0.044576776    0.056361134
    3.740000000    0.045895163    0.043978625    0.054087835
    3.750000000    0.044157593    0.042962452    0.050981456
    3.760000000    0.041917902    0.041773234    0.047588883
    3.770000000    0.039645326    0.040787215    0.044486175
    3.780000000    0.037796797    0.040286830    0.042154477
    3.790000000    0.036599631    0.040289599    0.040844691
    3.800000000    0.036082878    0.040606848    0.040566481
    3.810000000    0.036205456    0.041040219    0.041104235
    3.820000000    0.036927107    0.041540510    0.042012294
    3.830000000    0.038180360    0.042195870    0.042708645
    3.840000000    0.039797351    0.043039079    0.042712392
    3.850000000    0.041504621    0.043875571    0.041827666
    3.860000000    0.043039354    0.044361259    0.040161058
    3.870000000    0.044275083    0.044273663    0.038064401
    3.880000000    0.045210401    0.043655055    0.036004743
    3.890000000    0.045877072    0.042695379    0.034376074
    3.900000000    0.046342263    0.041601503    0.033371432
    3.910000000    0.046748506    0.040579548    0.032973001
    3.920000000    0.047211196    0.039791672    0.033040978
    3.930000000    0.047698684    0.039305395    0.033459315
    3.940000000    0.048132540    0.039157755    0.034227935
    3.950000000    0.048594869    0.039453176    0.035400531
    3.960000000    0.049317371    0.040337335    0.036939386
    3.970000000    0.050412642    0.041863303    0.038649154
    3.980000000    0.051664574    0.043886822    0.040274230
    3.990000000    0.052583432    0.046047691    0.041670128
    4.000000000    0.052666711    0.047839511    0.042893520
    4.010000000    0.051736002    0.048805534    0.044192161
    4.020000000    0.050114831    0.048821551    0.045885747
    4.030000000    0.048437078    0.048237860    0.048164221
    4.040000000    0.047238995    0.047661247    0.050977244
    4.050000000    0.046674949    0.047545624    0.054057930
    4.060000000    0.046515460    0.047968347    0.056953624
    4.070000000    0.046371545    0.048674330    0.059096248
    4.080000000    0.045963253    0.049236427    0.060022570
    4.090000000    0.045268256    0.049287179    0.059644796
    4.100000000    0.044513942    0.048786356    0.058382912
    4.110000000    0.043988518    0.048022470    0.056942701
    4.120000000    0.043768439    0.047265357    0.055831166
    4.130000000    0.043623081    0.046509054    0.055106617
    4.140000000    0.043236317    0.045622681    0.054553350
    4.150000000    0.042559158    0.044684794    0.053931364
    4.160000000    0.041890907    0.044051731    0.053026765
    4.170000000    0.041609838    0.044110662    0.051732427
    4.180000000    0.041917868    0.045046712    0.050236687
    4.190000000    0.042818437    0.046791567    0.048963383
    4.200000000    0.044202540    0.049094216    0.048284316
    4.210000000    0.045889409    0.051641277    0.048363503
    4.220000000    0.047638213    0.054175638    0.049161928
    4.230000000    0.049205658    0.056551591    0.050440412
    4.240000000    0.050431211    0.058689003    0.051759050
    4.250000000    0.051292054    0.060513109    0.052601455
    4.260000000    0.051879435    0.061948453    0.052630687
    4.270000000    0.052274823    0.062852896    0.051830545
    4.280000000    0.052446148    0.062939371    0.050426382
    4.290000000    0.052270926    0.061919937    0.048776117
    4.300000000    0.051583972    0.059734685    0.047243660
    4.310000000    0.050197004    0.056570059    0.046012941
    4.320000000    0.048017129    0.052781292    0.045030436
    4.330000000    0.045255789    0.048875710    0.044170872
    4.340000000    0.042434790    0.045414852    0.043432907
    4.350000000    0.040107706    0.042812119    0.042952927
    4.360000000    0.038604206    0.041213046    0.042934218
    4.370000000    0.037975974    0.040524023    0.043617275
    4.380000000    0.038058480    0.040512883    0.045194005
    4.390000000    0.038562073    0.040888492    0.047643545
    4.400000000    0.039195913    0.041324672    0.050601417
    4.410000000    0.039798109    0.041506353    0.053373357
    4.420000000    0.040357873    0.041262226    0.055212981
    4.430000000    0.040906246    0.040665115    0.055771169
    4.440000000    0.041419821    0.039953371    0.055226180
    4.450000000    0.041847364    0.039371174    0.053919676
    4.460000000    0.042192858    0.039093302    0.052021360
    4.470000000    0.042570836    0.039250941    0.049595612
    4.480000000    0.043225592    0.039980526    0.046873212
    4.490000000    0.044452690    0.041389308    0.044293270
    4.500000000    0.046407487    0.043433771    0.042253179
    4.510000000    0.048945612    0.045822198    0.040917527
    4.520000000    0.051618111    0.048024222    0.040238388
    4.530000000    0.053848481    0.049441394    0.040058410
    4.540000000    0.055209940    0.049726585    0.040201999
    4.550000000    0.055558777    0.048981020    0.040550180
    4.560000000    0.054922883    0.047591934    0.041075686
    4.570000000    0.053437452    0.045969369    0.041818015
    4.580000000    0.051458063    0.044470631    0.042835840
    4.590000000    0.049521461    0.043378274    0.044144729
    4.600000000    0.048062736    0.042805332    0.045634331
    4.610000000    0.047212630    0.042645029    0.047047751
    4.620000000    0.046834783    0.042664083    0.048090783
    4.630000000    0.046703072    0.042675920    0.048619539
    4.640000000    0.046630452    0.042601594    0.048693751
    4.650000000    0.046457332    0.042375675    0.048416907
    4.660000000    0.046002285    0.041890964    0.047820138
    4.670000000    0.045064915    0.041046724    0.046886259
    4.680000000    0.043517529    0.039818059    0.045576522
    4.690000000    0.041452424    0.038313560    0.043871796
    4.700000000    0.039193041    0.036765095    0.041872812
    4.710000000    0.037098485    0.035415516    0.039830416
    4.720000000    0.035377552    0.034409401    0.038020100
    4.730000000    0.034088288    0.033790813    0.036580317
    4.740000000    0.033247349    0.033565267    0.035453255
    4.750000000    0.032889006    0.033717121    0.034489111
    4.760000000    0.033041927    0.034171897    0.033637623
    4.770000000    0.033698150    0.034804637    0.033010761
    4.780000000    0.034803711    0.035531630    0.032761379
    4.790000000    0.036246680    0.036374191    0.032979172
    4.800000000    0.037865754    0.037416240    0.033701350
    4.810000000    0.039519190    0.038725083    0.034923439
    4.820000000    0.041143511    0.040286858    0.036543729
    4.830000000    0.042729629    0.041980125    0.038342355
    4.840000000    0.044280382    0.043643906    0.040077239
    4.850000000    0.045790041    0.045163896    0.041580455
    4.860000000    0.047207290    0.046445566    0.042721361
    4.870000000    0.048426326    0.047376101    0.043376444
    4.880000000    0.049370212    0.047916374    0.043555738
    4.890000000    0.050067640    0.048190957    0.043530632
    4.900000000    0.050600559    0.048412721    0.043749827
    4.910000000    0.051010378    0.048749027    0.044606128
    4.920000000    0.051290639    0.049274624    0.046260338
    4.930000000    0.051419909    0.049973610    0.048555524
    4.940000000    0.051344440    0.050731916    0.050983306
    4.950000000    0.050944348    0.051331364    0.052796193
    4.960000000    0.050093166    0.051488811    0.053364493
    4.970000000    0.048790621    0.050981277    0.052575744
    4.980000000    0.047209486    0.049815007    0.050906974
    4.990000000    0.045610573    0.048292408    0.049114939
    5.000000000    0.044236112    0.046872864    0.047816665
    5.010000000    0.043227869    0.045923204    0.047255414
    5.020000000    0.042578601    0.045570887    0.047362656
    5.030000000    0.042183049    0.045747929    0.047982074
    5.040000000    0.041937538    0.046290643    0.048983159
    5.050000000    0.041771361    0.046956195    0.050158608
    5.060000000    0.041656611    0.047454486    0.051132172
    5.070000000    0.041631826    0.047603293    0.051492967
    5.080000000    0.041742895    0.047433997    0.051059992
    5.090000000    0.041942000    0.047098460    0.049979005
    5.100000000    0.042115904    0.046748219    0.048558939
    5.110000000    0.042232806    0.046526368    0.047080269
    5.120000000    0.042428276    0.046597459    0.045734501
    5.130000000    0.042945317    0.047149599    0.044654832
    5.140000000    0.043984474    0.048329121    0.043915791
    5.150000000    0.045582165    0.050140198    0.043461216
    5.160000000    0.047594296    0.052410051    0.043087595
    5.170000000    0.049766092    0.054824090    0.042554711
    5.180000000    0.051859097    0.057019285    0.041750855
    5.190000000    0.053762283    0.058742039    0.040762641
    5.200000000    0.055467577    0.059938877    0.039771304
    5.210000000    0.056944003    0.060662044    0.038922266
    5.220000000    0.058065381    0.060922389    0.038302646
    5.230000000    0.058647704    0.060674382    0.037950780
    5.240000000    0.058564180    0.059902917    0.037845967
    5.250000000    0.057863813    0.058674673    0.037927639
    5.260000000    0.056751683    0.057107973    0.038121337
    5.270000000    0.055428823    0.055314684    0.038327050
    5.280000000    0.054001474    0.053385612    0.038438384
    5.290000000    0.052589260    0.051459745    0.038450398
    5.300000000    0.051433469    0.049769497    0.038515374
    5.310000000    0.050798258    0.048539359    0.038823282
    5.320000000    0.050820338    0.047864997    0.039432668
    5.330000000    0.051477871    0.047699599    0.040205376
    5.340000000    0.052609461    0.047878690    0.040872493
    5.350000000    0.053917240    0.048136801    0.041187344
    5.360000000    0.055010319    0.048176820    0.041060297
    5.370000000    0.055550825    0.047822949    0.040569728
    5.380000000    0.055440511    0.047155936    0.039878076
    5.390000000    0.054866734    0.046473268    0.039164471
    5.400000000    0.054142464    0.046086490    0.038571272
    5.410000000    0.053511162    0.046148663    0.038136960
    5.420000000    0.053072378    0.046634305    0.037791856
    5.430000000    0.052836341    0.047427420    0.037442049
    5.440000000    0.052825289    0.048414636    0.037067625
    5.450000000    0.053122200    0.049543497    0.036750932
    5.460000000    0.053832224    0.050845483    0.036620689
    5.470000000    0.055016793    0.052413775    0.036786141
    5.480000000    0.056678453    0.054358140    0.037295912
    5.490000000    0.058768166    0.056738547    0.038110743
    5.500000000    0.061160296    0.059474274    0.039109515
    5.510000000    0.063629326    0.062295729    0.040122290
    5.520000000    0.065886514    0.064818655    0.040975151
    5.530000000    0.067697692    0.066747293    0.041567016
    5.540000000    0.068995156    0.068038217    0.041902656
    5.550000000    0.069856606    0.068846531    0.042018869
    5.560000000    0.070423004    0.069380443    0.041940961
    5.570000000    0.070868288    0.069834820    0.041731523
    5.580000000    0.071360502    0.070359367    0.041522141
    5.590000000    0.071983200    0.071016593    0.041485085
    5.600000000    0.072686396    0.071762587    0.041762692
    5.610000000    0.073301323    0.072446044    0.042387236
    5.620000000    0.073636501    0.072843783    0.043271798
    5.630000000    0.073649579    0.072817551    0.044287228
    5.640000000    0.073551997    0.072506314    0.045341367
    5.650000000    0.073725635    0.072319808    0.046422540
    5.660000000    0.074491547    0.072674632    0.047601697
    5.670000000    0.075875435    0.073698412    0.048958845
    5.680000000    0.077568375    0.075174879    0.050499142
    5.690000000    0.079108496    0.076714951    0.052166997
    5.700000000    0.080105899    0.077929632    0.053917950
    5.710000000    0.080399632    0.078547332    0.055738121
    5.720000000    0.080133334    0.078547985    0.057604740
    5.730000000    0.079672677    0.078183783    0.059458490
    5.740000000    0.079374362    0.077804981    0.061229754
    5.750000000    0.079396946    0.077692115    0.062876577
    5.760000000    0.079690680    0.078024767    0.064372639
    5.770000000    0.080123638    0.078911744    0.065708314
    5.780000000    0.080579270    0.080367499    0.066944164
    5.790000000    0.080937950    0.082223344    0.068198251
    5.800000000    0.081079143    0.084117756    0.069537798
    5.810000000    0.080992116    0.085668340    0.070918271
    5.820000000    0.080831696    0.086676427    0.072258999
    5.830000000    0.080820099    0.087171815    0.073586139
    5.840000000    0.081112635    0.087317395    0.075062946
    5.850000000    0.081737475    0.087288752    0.076822279
    5.860000000    0.082594860    0.087191348    0.078791261
    5.870000000    0.083457223    0.087029282    0.080702489
    5.880000000    0.084028572    0.086755334    0.082302818
    5.890000000    0.084136121    0.086387578    0.083560551
    5.900000000    0.083865950    0.086056196    0.084577707
    5.910000000    0.083454490    0.085928347    0.085323651
    5.920000000    0.083105694    0.086119016    0.085602017
    5.930000000    0.082939470    0.086654690    0.085300650
    5.940000000    0.083019936    0.087482698    0.084573415
    5.950000000    0.083369973    0.088516262    0.083733766
    5.960000000    0.083958710    0.089658095    0.083027635
    5.970000000    0.084715655    0.090789324    0.082495062
    5.980000000    0.085619165    0.091820007    0.082004040
    5.990000000    0.086751870    0.092787657    0.081452778
    6.000000000    0.088174085    0.093816464    0.080936320
    6.010000000    0.089726537    0.094924492    0.080651348
    6.020000000    0.091053153    0.095953044    0.080703120
    6.030000000    0.091814503    0.096676904    0.081079777
    6.040000000    0.091781019    0.096848227    0.081726671
    6.050000000    0.090817093    0.096188314    0.082571620
    6.060000000    0.088957810    0.094517761    0.083518358
    6.070000000    0.086478714    0.091910990    0.084463832
    6.080000000    0.083806974    0.088692650    0.085319039
    6.090000000    0.081344402    0.085298953    0.085987020
    6.100000000    0.079356691    0.082146674    0.086339210
    6.110000000    0.077987499    0.079588569    0.086296848
    6.120000000    0.077296158    0.077875248    0.085950471
    6.130000000    0.077259329    0.077094314    0.085566257
    6.140000000    0.077763916    0.077143502    0.085433043
    6.150000000    0.078595925    0.077754329    0.085613003
    6.160000000    0.079472875    0.078574810    0.085838260
    6.170000000    0.080142566    0.079283826    0.085740791
    6.180000000    0.080467910    0.079677544    0.085207888
    6.190000000    0.080444560    0.079702674    0.084426839
    6.200000000    0.080170058    0.079432105    0.083616727
    6.210000000    0.079786254    0.078999079    0.082858632
    6.220000000    0.079408380    0.078528563    0.082161891
    6.230000000    0.079072611    0.078097950    0.081576195
    6.240000000    0.078754398    0.077745022    0.081214546
    6.250000000    0.078452629    0.077518567    0.081199082
    6.260000000    0.078244554    0.077515985    0.081593224
    6.270000000    0.078233912    0.077830979    0.082375711
    6.280000000    0.078441317    0.078443910    0.083473733
    6.290000000    0.078769038    0.079190888    0.084820735
    6.300000000    0.079094252    0.079874289    0.086393296
    6.310000000    0.079379193    0.080393101    0.088232715
    6.320000000    0.079678077    0.080762293    0.090413360
    6.330000000    0.080085248    0.081066384    0.092901974
    6.340000000    0.080705381    0.081425312    0.095407908
    6.350000000    0.081632261    0.081956270    0.097420264
    6.360000000    0.082913522    0.082714823    0.098523812
    6.370000000    0.084527043    0.083663516    0.098757287
    6.380000000    0.086387403    0.084712933    0.098597247
    6.390000000    0.088364704    0.085790159    0.098573488
    6.400000000    0.090307306    0.086859515    0.098936204
    6.410000000    0.092093623    0.087925764    0.099621329
    6.420000000    0.093707983    0.089055002    0.100466829
    6.430000000    0.095276618    0.090370018    0.101423992
    6.440000000    0.096999076    0.091995158    0.102563670
    6.450000000    0.098993493    0.093959515    0.103961236
    6.460000000    0.101180286    0.096134290    0.105574632
    6.470000000    0.103311538    0.098295570    0.107141977
    6.480000000    0.105122281    0.100247944    0.108175058
    6.490000000    0.106492450    0.101895506    0.108192197
    6.500000000    0.107467088    0.103223807    0.107116250
    6.510000000    0.108125980    0.104236812    0.105407253
    6.520000000    0.108522233    0.104964858    0.103718631
    6.530000000    0.108745630    0.105521499    0.102444788
    6.540000000    0.108934753    0.106047939    0.101580505
    6.550000000    0.109223143    0.106589155    0.100962487
    6.560000000    0.109714241    0.107094612    0.100615600
    6.570000000    0.110442306    0.107500835    0.100803191
    6.580000000    0.111274918    0.107693430    0.101750504
    6.590000000    0.111908216    0.107455508    0.103404263
    6.600000000    0.112083426    0.106645814    0.105434714
    6.610000000    0.111846718    0.105430656    0.107432050
    6.620000000    0.111530498    0.104213505    0.109175992
    6.630000000    0.111480536    0.103359887    0.110756000
    6.640000000    0.111887323    0.103081785    0.112415103
    6.650000000    0.112789648    0.103478589    0.114240977
    6.660000000    0.114073067    0.104535592    0.115892860
    6.670000000    0.115517146    0.106127475    0.116682454
    6.680000000    0.116955272    0.108108103    0.116168414
    6.690000000    0.118343042    0.110361083    0.114646844
    6.700000000    0.119663370    0.112750691    0.112908039
    6.710000000    0.120883819    0.115105609    0.111671146
    6.720000000    0.122009681    0.117276611    0.111302998
    6.730000000    0.123100494    0.119207266    0.111785751
    6.740000000    0.124227284    0.120972665    0.112755121
    6.750000000    0.125376206    0.122694290    0.113634262
    6.760000000    0.126369540    0.124359396    0.113865351
    6.770000000    0.126964453    0.125797245    0.113158765
    6.780000000    0.127074039    0.126875939    0.111631549
    6.790000000    0.126875469    0.127650936    0.109716913
    6.800000000    0.126722232    0.128335645    0.107965833
    6.810000000    0.126930100    0.129185055    0.106868987
    6.820000000    0.127572247    0.130337142    0.106656098
    6.830000000    0.128416263    0.131695146    0.107199444
    6.840000000    0.128996445    0.132963948    0.108220201
    6.850000000    0.128779550    0.133800125    0.109624366
    6.860000000    0.127434307    0.133941572    0.111529798
    6.870000000    0.125101473    0.133319447    0.113945984
    6.880000000    0.122408845    0.132183794    0.116555146
    6.890000000    0.120130581    0.131046022    0.118853864
    6.900000000    0.118783263    0.130359787    0.120454592
    6.910000000    0.118532485    0.130289599    0.121269894
    6.920000000    0.119341943    0.130807579    0.121503820
    6.930000000    0.121041299    0.131854506    0.121488606
    6.940000000    0.123268338    0.133284135    0.121452828
    6.950000000    0.125458700    0.134707906    0.121328013
    6.960000000    0.127024351    0.135572298    0.120794009
    6.970000000    0.127698203    0.135552556    0.119616939
    6.980000000    0.127680297    0.134802020    0.117905276
    6.990000000    0.127379398    0.133725988    0.116078770
    7.000000000    0.127066215    0.132594785    0.114679345
    7.010000000    0.126745139    0.131393188    0.114060858
    7.020000000    0.126303008    0.130022375    0.114131126
    7.030000000    0.125769875    0.128612670    0.114462149
    7.040000000    0.125390525    0.127533531    0.114708568
    7.050000000    0.125436509    0.127101614    0.114895148
    7.060000000    0.126004394    0.127351787    0.115347163
    7.070000000    0.126971920    0.128030509    0.116445021
    7.080000000    0.128049020    0.128722619    0.118421479
    7.090000000    0.128842076    0.129011327    0.121275287
    7.100000000    0.128965648    0.128604361    0.124750438
    7.110000000    0.128238184    0.127417241    0.128362685
    7.120000000    0.126802915    0.125610517    0.131583056
    7.130000000    0.124970666    0.123455882    0.134118826
    7.140000000    0.122935545    0.121091021    0.136003965
    7.150000000    0.120724674    0.118500408    0.137430346
    7.160000000    0.118405438    0.115757269    0.138531517
    7.170000000    0.116239233    0.113180019    0.139277756
    7.180000000    0.114603166    0.111193971    0.139592777
    7.190000000    0.113777386    0.110061947    0.139595009
    7.200000000    0.113795549    0.109755806    0.139600715
    7.210000000    0.114419829    0.110010032    0.139869032
    7.220000000    0.115200668    0.110450476    0.140456420
    7.230000000    0.115683379    0.110774632    0.141260333
    7.240000000    0.115722151    0.110956139    0.142073314
    7.250000000    0.115563447    0.111284575    0.142653426
    7.260000000    0.115569748    0.112139150    0.142878783
    7.270000000    0.115942331    0.113720350    0.142807913
    7.280000000    0.116707869    0.115979464    0.142544026
    7.290000000    0.117817797    0.118699543    0.142136303
    7.300000000    0.119179562    0.121550441    0.141588057
    7.310000000    0.120686634    0.124141337    0.140845114
    7.320000000    0.122292689    0.126173080    0.139834304
    7.330000000    0.124031178    0.127580454    0.138543548
    7.340000000    0.125895242    0.128469346    0.137002734
    7.350000000    0.127670992    0.128920151    0.135221003
    7.360000000    0.128990466    0.128947433    0.133207771
    7.370000000    0.129601937    0.128608588    0.131075787
    7.380000000    0.129516195    0.127990598    0.129074485
    7.390000000    0.128922924    0.127098673    0.127500722
    7.400000000    0.128054540    0.125887836    0.126571888
    7.410000000    0.127095748    0.124432729    0.126306992
    7.420000000    0.126155601    0.123009292    0.126487363
    7.430000000    0.125340856    0.122011825    0.126805349
    7.440000000    0.124828077    0.121791500    0.127135720
    7.450000000    0.124764504    0.122467740    0.127612146
    7.460000000    0.125125533    0.123808515    0.128376203
    7.470000000    0.125768197    0.125334202    0.129348804
    7.480000000    0.126542149    0.126594688    0.130340371
    7.490000000    0.127187453    0.127294313    0.131318443
    7.500000000    0.127269644    0.127227729    0.132461868
    7.510000000    0.126446016    0.126301211    0.133984313
    7.520000000    0.124666314    0.124547441    0.135952706
    7.530000000    0.121977876    0.121991208    0.138184239
    7.540000000    0.118400949    0.118676474    0.140245071
    7.550000000    0.114147211    0.114899107    0.141646715
    7.560000000    0.109726873    0.111204270    0.142159420
    7.570000000    0.105733370    0.108116575    0.141964192
    7.580000000    0.102568384    0.105930131    0.141504602
    7.590000000    0.100332406    0.104692193    0.141132389
    7.600000000    0.098906523    0.104309090    0.140882007
    7.610000000    0.098098795    0.104621079    0.140668054
    7.620000000    0.097759391    0.105410746    0.140680860
    7.630000000    0.097853412    0.106454824    0.141431304
    7.640000000    0.098419344    0.107608001    0.143312627
    7.650000000    0.099388041    0.108777833    0.146163913
    7.660000000    0.100470761    0.109835235    0.149269706
    7.670000000    0.101323001    0.110640353    0.151770888
    7.680000000    0.101845605    0.111160495    0.153160845
    7.690000000    0.102238041    0.111489127    0.153460500
    7.700000000    0.102729097    0.111722144    0.152905584
    7.710000000    0.103372008    0.111876261    0.151556318
    7.720000000    0.104156777    0.111976563    0.149360107
    7.730000000    0.105185879    0.112147236    0.146444531
    7.740000000    0.106591158    0.112517392    0.143120546
    7.750000000    0.108311670    0.113042628    0.139717972
    7.760000000    0.110038484    0.113457976    0.136541445
    7.770000000    0.111383117    0.113442095    0.133867136
    7.780000000    0.112106449    0.112883339    0.131887526
    7.790000000    0.112225683    0.112005189    0.130661330
    7.800000000    0.111957904    0.111221389    0.130115253
    7.810000000    0.111593758    0.110864369    0.130062086
    7.820000000    0.111368759    0.111002779    0.130182717
    7.830000000    0.111383800    0.111448779    0.130046084
    7.840000000    0.111630780    0.111911895    0.129314477
    7.850000000    0.112087619    0.112196558    0.128021452
    7.860000000    0.112769991    0.112316046    0.126545762
    7.870000000    0.113641620    0.112397793    0.125301069
    7.880000000    0.114495560    0.112489273    0.124554099
    7.890000000    0.115007732    0.112478774    0.124454434
    7.900000000    0.114962207    0.112191877    0.125075735
    7.910000000    0.114458101    0.111584577    0.126391053
    7.920000000    0.113875157    0.110817879    0.128241733
    7.930000000    0.113621192    0.110130923    0.130370385
    7.940000000    0.113898846    0.109701100    0.132516690
    7.950000000    0.114697105    0.109676021    0.134529994
    7.960000000    0.116006781    0.110309705    0.136440106
    7.970000000    0.117943008    0.111940453    0.138429744
    7.980000000    0.120604359    0.114787880    0.140736192
    7.990000000    0.123988297    0.118850090    0.143592002
    8.000000000    0.128131660    0.123995662    0.147195387
    8.010000000    0.133157463    0.130005919    0.151591232
    8.020000000    0.139059222    0.136435599    0.156555087
    8.030000000    0.145515714    0.142567706    0.161684414
    8.040000000    0.151986932    0.147724906    0.166619317
    8.050000000    0.157963333    0.151685776    0.171179416
    8.060000000    0.163131935    0.154742068    0.175363227
    8.070000000    0.167389389    0.157327291    0.179244216
    8.080000000    0.170745057    0.159587087    0.182843520
    8.090000000    0.173269876    0.161300856    0.186090216
    8.100000000    0.175143552    0.162159292    0.188855991
    8.110000000    0.176619452    0.162083040    0.190983713
    8.120000000    0.177903492    0.161358422    0.192316693
    8.130000000    0.179134322    0.160541678    0.192833623
    8.140000000    0.180441308    0.160144013    0.192817091
    8.150000000    0.181933268    0.160286027    0.192743870
    8.160000000    0.183651641    0.160660099    0.192895695
    8.170000000    0.185553215    0.160860477    0.193133134
    8.180000000    0.187473626    0.160679897    0.193123352
    8.190000000    0.189125502    0.160113905    0.192751441
    8.200000000    0.190303803    0.159366988    0.192294772
    8.210000000    0.191171268    0.158974668    0.192278818
    8.220000000    0.192154087    0.159647631    0.193216507
    8.230000000    0.193454293    0.161846580    0.195406448
    8.240000000    0.194770806    0.165504936    0.198773519
    8.250000000    0.195499452    0.169996310    0.202748162
    8.260000000    0.195193824    0.174319594    0.206422826
    8.270000000    0.193985736    0.177649449    0.209120486
    8.280000000    0.192557618    0.179935029    0.210916827
    8.290000000    0.191588659    0.181782020    0.212522744
    8.300000000    0.191283280    0.183746980    0.214641496
    8.310000000    0.191391814    0.185918033    0.217443168
    8.320000000    0.191531964    0.188059804    0.220589504
    8.330000000    0.191481190    0.189957826    0.223597120
    8.340000000    0.191200836    0.191573217    0.226033409
    8.350000000    0.190646841    0.192944563    0.227544434
    8.360000000    0.189711680    0.194092003    0.227978164
    8.370000000    0.188371922    0.195069330    0.227516363
    8.380000000    0.186787888    0.196070146    0.226628585
    8.390000000    0.185260911    0.197452629    0.225885469
    8.400000000    0.184141396    0.199628477    0.225809274
    8.410000000    0.183679706    0.202862352    0.226773464
    8.420000000    0.183797600    0.207017835    0.228825418
    8.430000000    0.183985647    0.211366158    0.231483709
    8.440000000    0.183520678    0.214742298    0.233872824
    8.450000000    0.181844122    0.216091256    0.235349155
    8.460000000    0.178852874    0.215021768    0.236005033
    8.470000000    0.174933039    0.211930220    0.236493943
    8.480000000    0.170652328    0.207583227    0.237564520
    8.490000000    0.166389004    0.202569815    0.239821612
    8.500000000    0.162332970    0.197228032    0.243761165
    8.510000000    0.158702816    0.191920374    0.249770630
    8.520000000    0.155697603    0.187030914    0.257714830
    8.530000000    0.153319375    0.182771893    0.266384093
    8.540000000    0.151449245    0.179224313    0.273649790
    8.550000000    0.150039436    0.176450002    0.277601540
    8.560000000    0.149102621    0.174405561    0.277674158
    8.570000000    0.148558303    0.172835824    0.274655931
    8.580000000    0.148169155    0.171348816    0.269872032
    8.590000000    0.147639577    0.169605722    0.264594653
    8.600000000    0.146777399    0.167467950    0.259881195
    8.610000000    0.145573369    0.165020610    0.256428455
    8.620000000    0.144157635    0.162483249    0.254517297
    8.630000000    0.142706603    0.160086140    0.254176285
    8.640000000    0.141384863    0.158015500    0.255371898
    8.650000000    0.140339647    0.156411259    0.258042698
    8.660000000    0.139692028    0.155339747    0.262003211
    8.670000000    0.139509057    0.154763091    0.266854817
    8.680000000    0.139795792    0.154543039    0.272028145
    8.690000000    0.140529578    0.154491450    0.276986140
    8.700000000    0.141693528    0.154455047    0.281371364
    8.710000000    0.143289343    0.154389216    0.285024059
    8.720000000    0.145308296    0.154322899    0.287908173
    8.730000000    0.147638505    0.154238480    0.289823363
    8.740000000    0.150036020    0.154068635    0.290197918
    8.750000000    0.152239669    0.153779057    0.288447423
    8.760000000    0.154046915    0.153317484    0.284484510
    8.770000000    0.155273248    0.152554849    0.278815511
    8.780000000    0.155798453    0.151427435    0.272362127
    8.790000000    0.155688263    0.150066709    0.266115166
    8.800000000    0.155172146    0.148715156    0.260763709
    8.810000000    0.154496573    0.147578393    0.256481403
    8.820000000    0.153831421    0.146766346    0.252928708
    8.830000000    0.153308337    0.146324296    0.249620766
    8.840000000    0.153106140    0.146301433    0.246400965
    8.850000000    0.153467652    0.146772578    0.243550099
    8.860000000    0.154614957    0.147745716    0.241518670
    8.870000000    0.156571688    0.149014322    0.240465126
    8.880000000    0.159014659    0.150153526    0.239868034
    8.890000000    0.161381382    0.150779704    0.238543031
    8.900000000    0.163191090    0.150826102    0.235204765
    8.910000000    0.164210984    0.150493341    0.229331284
    8.920000000    0.164379366    0.150006337    0.221594775
    8.930000000    0.163764738    0.149517729    0.213396567
    8.940000000    0.162594729    0.149150111    0.206096390
    8.950000000    0.161202292    0.149021919    0.200612950
    8.960000000    0.159950635    0.149285961    0.197366044
    8.970000000    0.159206856    0.150188017    0.196384360
    8.980000000    0.159284976    0.152010021    0.197479502
    8.990000000    0.160330394    0.154889395    0.200362121
    9.000000000    0.162253789    0.158712854    0.204653949
    9.010000000    0.164824758    0.163200387    0.209816470
    9.020000000    0.167836452    0.168005674    0.215051142
    9.030000000    0.171162773    0.172686364    0.219344012
    9.040000000    0.174708407    0.176691918    0.221815367
    9.050000000    0.178320515    0.179453857    0.222110867
    9.060000000    0.181658278    0.180481433    0.220387239
    9.070000000    0.184139840    0.179491115    0.216972450
    9.080000000    0.185147550    0.176593773    0.212210584
    9.090000000    0.184372379    0.172323164    0.206597929
    9.100000000    0.181985988    0.167392851    0.200793510
    9.110000000    0.178560152    0.162446313    0.195394539
    9.120000000    0.174850758    0.157979937    0.190776289
    9.130000000    0.171525956    0.154311036    0.187140935
    9.140000000    0.168965844    0.151549226    0.184633428
    9.150000000    0.167234375    0.149626595    0.183346471
    9.160000000    0.166197053    0.148386323    0.183229169
    9.170000000    0.165695316    0.147715564    0.184067282
    9.180000000    0.165662292    0.147674088    0.185562294
    9.190000000    0.166121207    0.148500226    0.187394283
    9.200000000    0.167091308    0.150440161    0.189283430
    9.210000000    0.168473847    0.153526605    0.191107340
    9.220000000    0.170008828    0.157477578    0.192893965
    9.230000000    0.171346542    0.161750684    0.194589973
    9.240000000    0.172198545    0.165688180    0.195903030
    9.250000000    0.172471671    0.168734797    0.196495507
    9.260000000    0.172295382    0.170677498    0.196298633
    9.270000000    0.171940426    0.171701817    0.195500781
    9.280000000    0.171684244    0.172162250    0.194256267
    9.290000000    0.171651470    0.172263627    0.192557225
    9.300000000    0.171726317    0.171950659    0.190425333
    9.310000000    0.171696643    0.171112066    0.188097257
    9.320000000    0.171502295    0.169842649    0.185924533
    9.330000000    0.171263832    0.168429155    0.184189016
    9.340000000    0.171103231    0.167112142    0.183062990
    9.350000000    0.171012158    0.165937077    0.182596052
    9.360000000    0.170912422    0.164865000    0.182701030
    9.370000000    0.170837250    0.163966165    0.183270897
    9.380000000    0.171022200    0.163433482    0.184312014
    9.390000000    0.171833936    0.163474726    0.185880658
    9.400000000    0.173607527    0.164243482    0.187923044
    9.410000000    0.176476498    0.165807683    0.190294383
    9.420000000    0.180317744    0.168149627    0.192935389
    9.430000000    0.184825344    0.171174651    0.195862104
    9.440000000    0.189572933    0.174660067    0.198936655
    9.450000000    0.194001132    0.178208115    0.201822477
    9.460000000    0.197471465    0.181339269    0.204206482
    9.470000000    0.199538694    0.183729200    0.206019021
    9.480000000    0.200241493    0.185404101    0.207488726
    9.490000000    0.200049722    0.186682086    0.208974836
    9.500000000    0.199545109    0.187918308    0.210694236
    9.510000000    0.199202552    0.189330597    0.212628615
    9.520000000    0.199354145    0.191039706    0.214718253
    9.530000000    0.200203543    0.193206566    0.217124931
    9.540000000    0.201796179    0.196041260    0.220217042
    9.550000000    0.203902055    0.199568247    0.224183570
    9.560000000    0.206012766    0.203419415    0.228701480
    9.570000000    0.207663424    0.207025221    0.233125592
    9.580000000    0.208774301    0.210032840    0.237019091
    9.590000000    0.209618063    0.212453676    0.240490542
    9.600000000    0.210543229    0.214483031    0.244088743
    9.610000000    0.211776024    0.216314170    0.248348864
    9.620000000    0.213412079    0.218122785    0.253354270
    9.630000000    0.215479086    0.220130950    0.258652296
    9.640000000    0.217924368    0.222541166    0.263510984
    9.650000000    0.220572308    0.225362792    0.267306090
    9.660000000    0.223139862    0.228380724    0.269790915
    9.670000000    0.225274590    0.231276884    0.271098009
    9.680000000    0.226569873    0.233674821    0.271609438
    9.690000000    0.226641934    0.235121924    0.271901567
    9.700000000    0.225359589    0.235272744    0.272717054
    9.710000000    0.223002005    0.234187725    0.274749600
    9.720000000    0.220129257    0.232357079    0.278253439
    9.730000000    0.217356794    0.230386296    0.282754259
    9.740000000    0.215235427    0.228698465    0.287159852
    9.750000000    0.214190302    0.227486529    0.290414074
    9.760000000    0.214442819    0.226814235    0.292251192
    9.770000000    0.215986880    0.226727742    0.293257252
    9.780000000    0.218647516    0.227284805    0.294254910
    9.790000000    0.222078053    0.228451715    0.295713331
    9.800000000    0.225707730    0.229999840    0.297599676
    9.810000000    0.228868781    0.231601838    0.299679054
    9.820000000    0.231068633    0.233046621    0.301802519
    9.830000000    0.232138975    0.234320172    0.303733997
    9.840000000    0.232199736    0.235525525    0.304927054
    9.850000000    0.231556823    0.236784336    0.304805265
    9.860000000    0.230608132    0.238220258    0.303210723
    9.870000000    0.229701140    0.239960044    0.300431452
    9.880000000    0.228989950    0.242055354    0.297052386
    9.890000000    0.228496878    0.244465227    0.293975761
    9.900000000    0.228372991    0.247230705    0.292185806
    9.910000000    0.229083953    0.250643846    0.292114624
    9.920000000    0.231206455    0.255070854    0.293249207
    9.930000000    0.234945959    0.260523071    0.294409462
    9.940000000    0.239913325    0.266518988    0.294383857
    9.950000000    0.245385179    0.272392672    0.292444439
    9.960000000    0.250722519    0.277618612    0.288618115
    9.970000000    0.255552325    0.281840554    0.283566747
    9.980000000    0.259727366    0.284845224    0.278053872
    9.990000000    0.263338623    0.286738995    0.272496212
   10.000000000    0.266725200    0.287992010    0.266943837
   10.010000000    0.270259093    0.289114266    0.261315261
   10.020000000    0.274019293    0.290316742    0.255550090
   10.030000000    0.277651564    0.291476284    0.249605114
   10.040000000    0.280593805    0.292367259    0.243500751
   10.050000000    0.282489893    0.292854611    0.237461888
   10.060000000    0.283306317    0.292807994    0.231851524
   10.070000000    0.283144965    0.291992504    0.226905067
   10.080000000    0.282157320    0.290254205    0.222649792
   10.090000000    0.280633325    0.287822698    0.219051610
   10.100000000    0.279006811    0.285292470    0.216150273
   10.110000000    0.277663039    0.283226088    0.214030924
   10.120000000    0.276790963    0.281807138    0.212653781
   10.130000000    0.276435889    0.280868406    0.211766547
   10.140000000    0.276609084    0.280165114    0.210998854
   10.150000000    0.277355541    0.279594803    0.209995815
   10.160000000    0.278724932    0.279188794    0.208454002
   10.170000000    0.280569105    0.278910757    0.206051577
   10.180000000    0.282407672    0.278600868    0.202510232
   10.190000000    0.283666922    0.278184353    0.197826775
   10.200000000    0.284029372    0.277729740    0.192291139
   10.210000000    0.283504312    0.277229343    0.186246204
   10.220000000    0.282303141    0.276476170    0.179912509
   10.230000000    0.280721996    0.275211762    0.173384711
   10.240000000    0.278994753    0.273277217    0.166687162
   10.250000000    0.277150941    0.270562703    0.159828874
   10.260000000    0.275033854    0.266871139    0.152868876
   10.270000000    0.272368284    0.261862429    0.145960896
   10.280000000    0.268793948    0.255252174    0.139335017
   10.290000000    0.264035856    0.247212222    0.133244071
   10.300000000    0.258157335    0.238494285    0.127962366
   10.310000000    0.251592118    0.230090796    0.123784263
   10.320000000    0.244941617    0.222807776    0.120912278
   10.330000000    0.238717255    0.217035214    0.119337255
   10.340000000    0.233180045    0.212758927    0.118872378
   10.350000000    0.228406719    0.209749228    0.119298006
   10.360000000    0.224458140    0.207770023    0.120427367
   10.370000000    0.221432622    0.206684227    0.122023623
   10.380000000    0.219408134    0.206414012    0.123723056
   10.390000000    0.218355684    0.206807772    0.125100497
   10.400000000    0.218028816    0.207538521    0.125832730
   10.410000000    0.217910163    0.208130991    0.125839572
   10.420000000    0.217403065    0.208143580    0.125299960
   10.430000000    0.216162392    0.207338275    0.124542742
   10.440000000    0.214192969    0.205658772    0.123903479
   10.450000000    0.211687362    0.203163590    0.123600824
   10.460000000    0.208883310    0.200064601    0.123664004
   10.470000000    0.206029916    0.196753804    0.123962121
   10.480000000    0.203372195    0.193712682    0.124331087
   10.490000000    0.201104659    0.191346536    0.124703923
   10.500000000    0.199315864    0.189836838    0.125126683
   10.510000000    0.197992017    0.189114304    0.125676180
   10.520000000    0.197100559    0.189008449    0.126393240
   10.530000000    0.196643840    0.189456741    0.127262557
   10.540000000    0.196603887    0.190552853    0.128234196
   10.550000000    0.196885409    0.192395721    0.129278055
   10.560000000    0.197364156    0.194929159    0.130414449
   10.570000000    0.197971466    0.197901427    0.131701570
   10.580000000    0.198711443    0.200935694    0.133204080
   10.590000000    0.199625798    0.203691446    0.134955924
   10.600000000    0.200742960    0.205996410    0.136940370
   10.610000000    0.202004393    0.207794995    0.139098895
   10.620000000    0.203204377    0.209000003    0.141362606
   10.630000000    0.203995007    0.209409163    0.143704614
   10.640000000    0.203979734    0.208750465    0.146167169
   10.650000000    0.202890461    0.206887410    0.148787209
   10.660000000    0.200721942    0.204002434    0.151460983
   10.670000000    0.197732219    0.200538477    0.153920826
   10.680000000    0.194343867    0.196997721    0.155877305
   10.690000000    0.190989996    0.193771652    0.157169045
   10.700000000    0.187995065    0.191069502    0.157807075
   10.710000000    0.185570471    0.188988242    0.157967475
   10.720000000    0.183835421    0.187611151    0.157952315
   10.730000000    0.182801986    0.186991514    0.158097153
   10.740000000    0.182376874    0.187068076    0.158644773
   10.750000000    0.182368002    0.187631833    0.159609180
   10.760000000    0.182480268    0.188365153    0.160777713
   10.770000000    0.182363405    0.188892877    0.161941832
   10.780000000    0.181757363    0.188879508    0.163112426
   10.790000000    0.180648550    0.188194639    0.164474767
   10.800000000    0.179291820    0.186998828    0.166217037
   10.810000000    0.178056106    0.185648641    0.168455432
   10.820000000    0.177223134    0.184507669    0.171240353
   10.830000000    0.176896900    0.183778964    0.174494773
   10.840000000    0.177033089    0.183442685    0.177881660
   10.850000000    0.177521541    0.183352787    0.180841093
   10.860000000    0.178262655    0.183384975    0.182923138
   10.870000000    0.179181173    0.183478666    0.184131429
   10.880000000    0.180197680    0.183618128    0.184885404
   10.890000000    0.181249449    0.183858566    0.185652891
   10.900000000    0.182351006    0.184321537    0.186631951
   10.910000000    0.183562719    0.185056284    0.187655265
   10.920000000    0.184868180    0.185889111    0.188318074
   10.930000000    0.186127768    0.186451946    0.188281218
   10.940000000    0.187149897    0.186356481    0.187549553
   10.950000000    0.187750871    0.185346469    0.186506001
   10.960000000    0.187774431    0.183388171    0.185655222
   10.970000000    0.187181509    0.180726878    0.185278685
   10.980000000    0.186143552    0.177810919    0.185306659
   10.990000000    0.184956750    0.175067868    0.185466064
   11.000000000    0.183849296    0.172753841    0.185470147
   11.010000000    0.182904491    0.170991247    0.185113645
   11.020000000    0.182099791    0.169831429    0.184351114
   11.030000000    0.181343419    0.169221843    0.183319721
   11.040000000    0.180539630    0.168988921    0.182221474
   11.050000000    0.179698962    0.168923766    0.181193322
   11.060000000    0.178958158    0.168887036    0.180277784
   11.070000000    0.178459350    0.168851346    0.179427977
   11.080000000    0.178261797    0.168921881    0.178506621
   11.090000000    0.178389328    0.169350909    0.177351405
   11.100000000    0.178858714    0.170440557    0.175901622
   11.110000000    0.179617164    0.172319786    0.174219025
   11.120000000    0.180532576    0.174795776    0.172381708
   11.130000000    0.181466206    0.177438525    0.170450661
   11.140000000    0.182305780    0.179806101    0.168510189
   11.150000000    0.182950070    0.181621217    0.166602753
   11.160000000    0.183322338    0.182818137    0.164634685
   11.170000000    0.183400935    0.183486402    0.162412337
   11.180000000    0.183200886    0.183752034    0.159728422
   11.190000000    0.182761244    0.183703937    0.156425878
   11.200000000    0.182202694    0.183448167    0.152495847
   11.210000000    0.181703696    0.183139388    0.148163201
   11.220000000    0.181328490    0.182866612    0.143829838
   11.230000000    0.180936841    0.182558472    0.139917893
   11.240000000    0.180340247    0.182096284    0.136745103
   11.250000000    0.179533401    0.181526853    0.134436192
   11.260000000    0.178712574    0.181084993    0.132886521
   11.270000000    0.178039370    0.180962424    0.131845507
   11.280000000    0.177414360    0.181067284    0.131050226
   11.290000000    0.176534706    0.181017233    0.130291303
   11.300000000    0.175166507    0.180392371    0.129430049
   11.310000000    0.173319011    0.179047629    0.128392037
   11.320000000    0.171212450    0.177233497    0.127150800
   11.330000000    0.169152622    0.175433109    0.125756754
   11.340000000    0.167369826    0.174038813    0.124366243
   11.350000000    0.165898910    0.173122312    0.123194986
   11.360000000    0.164619640    0.172474296    0.122434781
   11.370000000    0.163417510    0.171850724    0.122178119
   11.380000000    0.162305637    0.171194731    0.122365967
   11.390000000    0.161415334    0.170652063    0.122819998
   11.400000000    0.160888528    0.170401819    0.123369007
   11.410000000    0.160772988    0.170485393    0.123936932
   11.420000000    0.161010758    0.170803254    0.124509220
   11.430000000    0.161522669    0.171250511    0.125065384
   11.440000000    0.162285445    0.171777607    0.125533980
   11.450000000    0.163321978    0.172316017    0.125764256
   11.460000000    0.164655659    0.172752202    0.125575763
   11.470000000    0.166274479    0.172992431    0.124896578
   11.480000000    0.168086817    0.173005781    0.123863930
   11.490000000    0.169883168    0.172817064    0.122784246
   11.500000000    0.171360980    0.172444264    0.121984557
   11.510000000    0.172231580    0.171821982    0.121641287
   11.520000000    0.172353818    0.170836132    0.121688917
   11.530000000    0.171806386    0.169456440    0.121875136
   11.540000000    0.170859872    0.167819253    0.121931282
   11.550000000    0.169871001    0.166177203    0.121740528
   11.560000000    0.169149601    0.164795139    0.121374791
   11.570000000    0.168846208    0.163884276    0.120982169
   11.580000000    0.168926856    0.163564414    0.120661983
   11.590000000    0.169283872    0.163876260    0.120465266
   11.600000000    0.169878706    0.164841260    0.120414204
   11.610000000    0.170755733    0.166464155    0.120417288
   11.620000000    0.171930277    0.168658621    0.120242405
   11.630000000    0.173258603    0.171173649    0.119694211
   11.640000000    0.174410498    0.173598399    0.118817614
   11.650000000    0.175042350    0.175516097    0.117888794
   11.660000000    0.175049135    0.176732310    0.117234392
   11.670000000    0.174612411    0.177341422    0.117068640
   11.680000000    0.174043862    0.177581795    0.117465776
   11.690000000    0.173658564    0.177663400    0.118442123
   11.700000000    0.173703315    0.177686539    0.119996461
   11.710000000    0.174267367    0.177660732    0.122061717
   11.720000000    0.175249273    0.177583584    0.124470464
   11.730000000    0.176431993    0.177475319    0.126994560
   11.740000000    0.177563556    0.177302431    0.129406956
   11.750000000    0.178421729    0.176954117    0.131495473
   11.760000000    0.178939960    0.176380679    0.133075300
   11.770000000    0.179300868    0.175728658    0.134062044
   11.780000000    0.179834975    0.175325540    0.134539993
   11.790000000    0.180776920    0.175503757    0.134743767
   11.800000000    0.182081923    0.176382879    0.134955003
   11.810000000    0.183412660    0.177786043    0.135365210
   11.820000000    0.184322509    0.179353776    0.136000806
   11.830000000    0.184542502    0.180737864    0.136763920
   11.840000000    0.184140229    0.181735798    0.137518398
   11.850000000    0.183419687    0.182313092    0.138141479
   11.860000000    0.182683779    0.182520440    0.138561400
   11.870000000    0.182119540    0.182427844    0.138827722
   11.880000000    0.181861033    0.182144829    0.139177719
   11.890000000    0.182037060    0.181829444    0.139987896
   11.900000000    0.182695265    0.181615797    0.141582921
   11.910000000    0.183699479    0.181527196    0.144059985
   11.920000000    0.184752123    0.181490553    0.147250775
   11.930000000    0.185551164    0.181427693    0.150784549
   11.940000000    0.185926782    0.181310829    0.154232519
   11.950000000    0.185876046    0.181179901    0.157318010
   11.960000000    0.185560771    0.181152532    0.160034146
   11.970000000    0.185281023    0.181418402    0.162553931
   11.980000000    0.185377096    0.182197314    0.165043876
   11.990000000    0.186105066    0.183642491    0.167547353
   12.000000000    0.187547900    0.185728741    0.169974237
   12.010000000    0.189534548    0.188190658    0.172126523
   12.020000000    0.191627776    0.190567019    0.173718518
   12.030000000    0.193339967    0.192394283    0.174488135
   12.040000000    0.194433808    0.193426055    0.174433825
   12.050000000    0.194923954    0.193637338    0.173913420
   12.060000000    0.194826999    0.193073532    0.173391095
   12.070000000    0.194080695    0.191810021    0.173074617
   12.080000000    0.192687177    0.190031427    0.172833114
   12.090000000    0.190809333    0.188064572    0.172423190
   12.100000000    0.188732813    0.186301056    0.171765784
   12.110000000    0.186768909    0.185063749    0.171029226
   12.120000000    0.185196950    0.184547120    0.170510769
   12.130000000    0.184245403    0.184841916    0.170492608
   12.140000000    0.184037719    0.185898512    0.171138014
   12.150000000    0.184570385    0.187481895    0.172444142
   12.160000000    0.185787762    0.189295067    0.174300232
   12.170000000    0.187602369    0.191142545    0.176551447
   12.180000000    0.189770127    0.192910021    0.178936858
   12.190000000    0.191818487    0.194438079    0.181031930
   12.200000000    0.193204581    0.195493815    0.182405377
   12.210000000    0.193612382    0.195923923    0.182917103
   12.220000000    0.193120903    0.195819075    0.182847542
   12.230000000    0.192085853    0.195445004    0.182722451
   12.240000000    0.190883405    0.195023101    0.183020545
   12.250000000    0.189766939    0.194628404    0.183978182
   12.260000000    0.188890755    0.194284851    0.185568813
   12.270000000    0.188376311    0.194103421    0.187593327
   12.280000000    0.188309783    0.194242821    0.189765650
   12.290000000    0.188702028    0.194725933    0.191835063
   12.300000000    0.189497228    0.195373312    0.193776631
   12.310000000    0.190606348    0.195931390    0.195815277
   12.320000000    0.191898964    0.196235618    0.198147354
   12.330000000    0.193185983    0.196278075    0.200634159
   12.340000000    0.194270610    0.196174043    0.202817983
   12.350000000    0.195065804    0.196079538    0.204225727
   12.360000000    0.195662514    0.196115864    0.204612459
   12.370000000    0.196256009    0.196344967    0.204032443
   12.380000000    0.197033140    0.196823940    0.202837566
   12.390000000    0.198139555    0.197671283    0.201515611
   12.400000000    0.199650734    0.198998870    0.200393504
   12.410000000    0.201495601    0.200748641    0.199534401
   12.420000000    0.203472276    0.202686939    0.198908089
   12.430000000    0.205402139    0.204613651    0.198580876
   12.440000000    0.207236497    0.206516537    0.198771922
   12.450000000    0.208990803    0.208494438    0.199774023
   12.460000000    0.210614381    0.210563406    0.201847925
   12.470000000    0.211990524    0.212571665    0.205168591
   12.480000000    0.213114950    0.214346672    0.209768941
   12.490000000    0.214216607    0.215889523    0.215480858
   12.500000000    0.215603505    0.217325326    0.221939657
   12.510000000    0.217445189    0.218713230    0.228658305
   12.520000000    0.219736659    0.219986508    0.235151063
   12.530000000    0.222350526    0.221033440    0.241081397
   12.540000000    0.225161997    0.221870882    0.246389931
   12.550000000    0.228233487    0.222798517    0.251205503
   12.560000000    0.231769564    0.224308197    0.255501495
   12.570000000    0.235813384    0.226785249    0.258980109
   12.580000000    0.240049443    0.230268742    0.261366595
   12.590000000    0.243886035    0.234402734    0.262618610
   12.600000000    0.246755900    0.238606811    0.262827676
   12.610000000    0.248506681    0.242450684    0.262083291
   12.620000000    0.249555008    0.245964671    0.260480999
   12.630000000    0.250559591    0.249487110    0.258134319
   12.640000000    0.251908778    0.253163139    0.255081626
   12.650000000    0.253492810    0.256676378    0.251347958
   12.660000000    0.254886610    0.259463536    0.247158348
   12.670000000    0.255745272    0.261161536    0.242927620
   12.680000000    0.256051686    0.261869022    0.239060606
   12.690000000    0.256053321    0.262029168    0.235846198
   12.700000000    0.256069695    0.262142033    0.233484819
   12.710000000    0.256384830    0.262569773    0.232165192
   12.720000000    0.257195704    0.263468541    0.232112081
   12.730000000    0.258522463    0.264795278    0.233486204
   12.740000000    0.260158817    0.266360317    0.236188392
   12.750000000    0.261762051    0.267906551    0.239837698
   12.760000000    0.263025115    0.269181390    0.243953353
   12.770000000    0.263793145    0.269980284    0.248174144
   12.780000000    0.264079442    0.270195047    0.252431181
   12.790000000    0.264024805    0.269853190    0.256929132
   12.800000000    0.263860848    0.269125687    0.261876256
   12.810000000    0.263894486    0.268328637    0.267233995
   12.820000000    0.264448371    0.267840668    0.272738272
   12.830000000    0.265758367    0.267957145    0.278125138
   12.840000000    0.267949495    0.268879522    0.283354942
   12.850000000    0.271027909    0.270764948    0.288567359
   12.860000000    0.274812474    0.273602065    0.293803270
   12.870000000    0.278954182    0.277054722    0.298954815
   12.880000000    0.283057332    0.280592953    0.303863731
   12.890000000    0.286815357    0.283870458    0.308165446
   12.900000000    0.290105564    0.286912907    0.311212415
   12.910000000    0.292960368    0.289884045    0.312554805
   12.920000000    0.295426476    0.292743276    0.312469202
   12.930000000    0.297442754    0.295179061    0.311806610
   12.940000000    0.298950853    0.296934869    0.311448934
   12.950000000    0.300106133    0.298192377    0.311933452
   12.960000000    0.301245676    0.299518049    0.313316931
   12.970000000    0.302688535    0.301416000    0.315206065
   12.980000000    0.304535590    0.303908672    0.316978354
   12.990000000    0.306545505    0.306493827    0.318106692
   13.000000000    0.308311708    0.308582404    0.318366338
   13.010000000    0.309627271    0.309953014    0.317913911
   13.020000000    0.310548831    0.310668103    0.317286152
   13.030000000    0.311170132    0.310735482    0.317239224
   13.040000000    0.311545648    0.310138774    0.318521351
   13.050000000    0.311764699    0.309093946    0.321693770
   13.060000000    0.311928154    0.308049970    0.326908842
   13.070000000    0.312116535    0.307491817    0.333692049
   13.080000000    0.312461521    0.307786712    0.340984089
   13.090000000    0.313134520    0.309013267    0.347434185
   13.100000000    0.314170122    0.310814685    0.351798286
   13.110000000    0.315314366    0.312483406    0.353513558
   13.120000000    0.316123557    0.313268217    0.353153104
   13.130000000    0.316373002    0.312763455    0.352116806
   13.140000000    0.316390022    0.311171548    0.351829542
   13.150000000    0.316946626    0.309299091    0.353269652
   13.160000000    0.318847891    0.308281022    0.356856053
   13.170000000    0.322502904    0.309103039    0.362290326
   13.180000000    0.327712641    0.312164129    0.368424811
   13.190000000    0.333785549    0.317146618    0.373686885
   13.200000000    0.339907441    0.323332911    0.377124069
   13.210000000    0.345562451    0.330191633    0.378985031
   13.220000000    0.350732472    0.337689727    0.380062075
   13.230000000    0.355747290    0.346027518    0.380692566
   13.240000000    0.360921854    0.355169640    0.380524820
   13.250000000    0.366160353    0.364528508    0.378896413
   13.260000000    0.370764779    0.372898322    0.375302998
   13.270000000    0.373738423    0.378877002    0.369860755
   13.280000000    0.374446146    0.381668680    0.363491690
   13.290000000    0.373088265    0.381585031    0.357564080
   13.300000000    0.370620968    0.379760889    0.353300010
   13.310000000    0.368212156    0.377392533    0.351345989
   13.320000000    0.366586818    0.375128950    0.351640454
   13.330000000    0.365716731    0.372982392    0.353553431
   13.340000000    0.365206518    0.370835963    0.356173312
   13.350000000    0.364973879    0.368983394    0.358728094
   13.360000000    0.365342749    0.367964867    0.360949551
   13.370000000    0.366535044    0.367991837    0.363000853
   13.380000000    0.368366928    0.368806479    0.365099832
   13.390000000    0.370453046    0.370060200    0.367256793
   13.400000000    0.372491212    0.371656326    0.369283183
   13.410000000    0.374266150    0.373721466    0.371061476
   13.420000000    0.375510368    0.376328755    0.372826008
   13.430000000    0.375965264    0.379276474    0.374988804
   13.440000000    0.375629021    0.382092902    0.377661877
   13.450000000    0.374775785    0.384179466    0.380513198
   13.460000000    0.373737162    0.384998835    0.383119698
   13.470000000    0.372853066    0.384323357    0.385472122
   13.480000000    0.372439260    0.382345028    0.388108459
   13.490000000    0.372577291    0.379555954    0.391721705
   13.500000000    0.373113063    0.376593677    0.396657427
   13.510000000    0.373888951    0.374107240    0.402699161
   13.520000000    0.374787336    0.372551848    0.409146225
   13.530000000    0.375639087    0.372012672    0.415061183
   13.540000000    0.376300594    0.372296227    0.419626808
   13.550000000    0.376765302    0.373141879    0.422446677
   13.560000000    0.377067919    0.374235465    0.423510473
   13.570000000    0.377057310    0.375050741    0.422928610
   13.580000000    0.376375378    0.374911044    0.420885345
   13.590000000    0.374782995    0.373443365    0.417759511
   13.600000000    0.372531501    0.370994086    0.414090853
   13.610000000    0.370410589    0.368539989    0.410453790
   13.620000000    0.369368385    0.367142046    0.407399656
   13.630000000    0.370039392    0.367415659    0.405437224
   13.640000000    0.372575051    0.369398447    0.405079540
   13.650000000    0.376625533    0.372642674    0.406773221
   13.660000000    0.381194953    0.376184176    0.410450236
   13.670000000    0.384727566    0.378668271    0.415116951
   13.680000000    0.385858139    0.379075638    0.419239651
   13.690000000    0.384299684    0.377484384    0.421839311
   13.700000000    0.380873110    0.374897786    0.423122025
   13.710000000    0.376671693    0.372306611    0.424019821
   13.720000000    0.372407141    0.370086213    0.425357392
   13.730000000    0.368448253    0.368166084    0.427466399
   13.740000000    0.365085571    0.366448795    0.430350228
   13.750000000    0.362671141    0.365099477    0.434021659
   13.760000000    0.361616708    0.364643723    0.438560734
   13.770000000    0.362274108    0.365784347    0.443737377
   13.780000000    0.364712761    0.368969267    0.448714853
   13.790000000    0.368569283    0.374048580    0.452471798
   13.800000000    0.373246311    0.380355410    0.454659008
   13.810000000    0.378222477    0.387002339    0.455981663
   13.820000000    0.382997373    0.393001812    0.457614426
   13.830000000    0.386953203    0.397425410    0.460164974
   13.840000000    0.389739519    0.399961230    0.463383062
   13.850000000    0.391759302    0.401245832    0.466768936
   13.860000000    0.393805367    0.402202647    0.469967401
   13.870000000    0.396135395    0.403085442    0.472496993
   13.880000000    0.398080267    0.403379231    0.473550907
   13.890000000    0.398520382    0.402440358    0.472447305
   13.900000000    0.396661925    0.399952024    0.469071673
   13.910000000    0.392472784    0.395958936    0.463637225
   13.920000000    0.386646842    0.390854567    0.456387995
   13.930000000    0.380286514    0.385295940    0.447855749
   13.940000000    0.374397511    0.379858938    0.439137555
   13.950000000    0.369449952    0.374769178    0.431635371
   13.960000000    0.365368802    0.370018673    0.426438352
   13.970000000    0.361856609    0.365587325    0.423769698
   13.980000000    0.358751799    0.361527790    0.422914167
   13.990000000    0.356246693    0.358017088    0.422809278
   14.000000000    0.354785531    0.355403166    0.422873549
   14.010000000    0.354676955    0.354107475    0.423328403
   14.020000000    0.355755920    0.354370858    0.424792756
   14.030000000    0.357401625    0.356035365    0.427663799
   14.040000000    0.358962560    0.358587075    0.431891446
   14.050000000    0.360194473    0.361452830    0.437067356
   14.060000000    0.361247320    0.364243877    0.442512053
   14.070000000    0.362336474    0.366772661    0.447532632
   14.080000000    0.363583445    0.369025954    0.452039491
   14.090000000    0.365157871    0.371221666    0.456901936
   14.100000000    0.367358644    0.373775680    0.463389572
   14.110000000    0.370452298    0.377056314    0.472215489
   14.120000000    0.374526387    0.381126816    0.483072280
   14.130000000    0.379442961    0.385687356    0.494750060
   14.140000000    0.384853185    0.390246657    0.505493804
   14.150000000    0.390349715    0.394445468    0.513566198
   14.160000000    0.395646061    0.398281917    0.518029190
   14.170000000    0.400564605    0.402013200    0.519214003
   14.180000000    0.404929268    0.405880744    0.518390617
   14.190000000    0.408565981    0.409911522    0.517013917
   14.200000000    0.411386221    0.413847688    0.516146221
   14.210000000    0.413432495    0.417178691    0.516106558
   14.220000000    0.414833130    0.419318796    0.516335279
   14.230000000    0.415781577    0.419959577    0.515927523
   14.240000000    0.416624005    0.419314580    0.514697162
   14.250000000    0.417875246    0.417981437    0.513599335
   14.260000000    0.420044398    0.416675864    0.514034335
   14.270000000    0.423409178    0.416106147    0.516825494
   14.280000000    0.427949264    0.416927633    0.521774419
   14.290000000    0.433407791    0.419591000    0.527861526
   14.300000000    0.439312500    0.424032131    0.533540925
   14.310000000    0.445092337    0.429587222    0.537181463
   14.320000000    0.450457112    0.435464371    0.538045851
   14.330000000    0.455638786    0.441282268    0.536925902
   14.340000000    0.461152629    0.447011851    0.535396075
   14.350000000    0.467399699    0.452569244    0.534597452
   14.360000000    0.474437954    0.457690133    0.534990648
   14.370000000    0.481939306    0.462147834    0.536848428
   14.380000000    0.489327322    0.466020222    0.540419588
   14.390000000    0.496041163    0.469747674    0.545748904
   14.400000000    0.501756374    0.473930506    0.552686545
   14.410000000    0.506427582    0.479049009    0.560959858
   14.420000000    0.510101869    0.485222360    0.570238815
   14.430000000    0.512672999    0.492026908    0.580227389
   14.440000000    0.513818739    0.498510028    0.590447952
   14.450000000    0.513194061    0.503525106    0.599828065
   14.460000000    0.510736373    0.506278833    0.606731432
   14.470000000    0.506695055    0.506621383    0.609427962
   14.480000000    0.501407188    0.504827957    0.606790647
   14.490000000    0.495181418    0.501281437    0.598990144
   14.500000000    0.488298694    0.496424404    0.587474579
   14.510000000    0.481111850    0.490851504    0.574277864
   14.520000000    0.474215906    0.485306420    0.561427327
   14.530000000    0.468512117    0.480647454    0.550641077
   14.540000000    0.465064132    0.477819308    0.542995561
   14.550000000    0.464667449    0.477490085    0.538588857
   14.560000000    0.467261366    0.479388529    0.536583798
   14.570000000    0.471801287    0.482199303    0.535821160
   14.580000000    0.476967301    0.484454214    0.535580415
   14.590000000    0.482102778    0.485547758    0.535880132
   14.600000000    0.487496145    0.485917160    0.537216522
   14.610000000    0.493864115    0.486548964    0.539962216
   14.620000000    0.501600867    0.488422643    0.543883748
   14.630000000    0.510424732    0.492179896    0.548228290
   14.640000000    0.519440195    0.497904923    0.552116510
   14.650000000    0.527437458    0.504994844    0.554916032
   14.660000000    0.533586206    0.512548146    0.556629363
   14.670000000    0.537987813    0.520059711    0.557830785
   14.680000000    0.541390970    0.527610887    0.559086848
   14.690000000    0.544565898    0.535514810    0.560700506
   14.700000000    0.547921865    0.543794717    0.562738332
   14.710000000    0.551427683    0.551881147    0.564796922
   14.720000000    0.554819448    0.558957899    0.566098969
   14.730000000    0.557816143    0.564584891    0.566131424
   14.740000000    0.560129759    0.568822097    0.564754471
   14.750000000    0.561487092    0.571920902    0.561847977
   14.760000000    0.561747701    0.574059892    0.557414891
   14.770000000    0.561023870    0.575290210    0.551893207
   14.780000000    0.559805473    0.575716309    0.546230890
   14.790000000    0.558881113    0.575663239    0.541706568
   14.800000000    0.558962350    0.575548377    0.539390802
   14.810000000    0.560408704    0.575750912    0.539636602
   14.820000000    0.563255782    0.576667429    0.542146508
   14.830000000    0.567252121    0.578594428    0.546307618
   14.840000000    0.571830089    0.581406525    0.551339657
   14.850000000    0.576299446    0.584556761    0.556468843
   14.860000000    0.580144674    0.587553814    0.561200543
   14.870000000    0.583174015    0.590419639    0.565519880
   14.880000000    0.585639315    0.593659967    0.570000279
   14.890000000    0.588215017    0.597839660    0.575533770
   14.900000000    0.591668167    0.603208594    0.582632589
   14.910000000    0.596478016    0.609651968    0.591015304
   14.920000000    0.602674472    0.616878989    0.599945030
   14.930000000    0.609882004    0.624481392    0.608642332
   14.940000000    0.617353299    0.631743791    0.616024134
   14.950000000    0.623943545    0.637675825    0.620456084
   14.960000000    0.628347706    0.641448594    0.620605891
   14.970000000    0.629686872    0.642659594    0.616733519
   14.980000000    0.627976069    0.641300464    0.610590917
   14.990000000    0.623985876    0.637767192    0.603844594
   15.000000000    0.618708214    0.632885283    0.597083915
   15.010000000    0.613077331    0.627806674    0.590363164
   15.020000000    0.607991587    0.623626024    0.583919066
   15.030000000    0.604217083    0.620874231    0.578069875
   15.040000000    0.602261790    0.619516554    0.573198873
   15.050000000    0.602573355    0.619598706    0.570277993
   15.060000000    0.605737517    0.621739267    0.570823068
   15.070000000    0.612225330    0.626796129    0.575810788
   15.080000000    0.621950434    0.635025826    0.584475518
   15.090000000    0.634070980    0.645566688    0.594101712
   15.100000000    0.647102040    0.656692797    0.601351662
   15.110000000    0.659248121    0.666496015    0.604359341
   15.120000000    0.668800250    0.673388034    0.603701343
   15.130000000    0.674579937    0.676434030    0.601418703
   15.140000000    0.676450468    0.675745731    0.599496558
   15.150000000    0.675422747    0.672479436    0.599256998
   15.160000000    0.672871479    0.668027423    0.601284315
   15.170000000    0.669556949    0.663080535    0.605334653
   15.180000000    0.665646173    0.657662651    0.610608536
   15.190000000    0.661511277    0.652047707    0.616344894
   15.200000000    0.657956444    0.647190841    0.621994011
   15.210000000    0.655689596    0.644110118    0.626897401
   15.220000000    0.655079854    0.643310553    0.630249100
   15.230000000    0.656537302    0.645023951    0.631562971
   15.240000000    0.660777123    0.649573444    0.631173843
   15.250000000    0.668306953    0.657120908    0.630433434
   15.260000000    0.678833526    0.667342159    0.631360581
   15.270000000    0.691464205    0.679571781    0.635686921
   15.280000000    0.705179662    0.693031193    0.643818619
   15.290000000    0.718926139    0.706876241    0.654444266
   15.300000000    0.731538591    0.720080140    0.665057314
   15.310000000    0.741982839    0.731394325    0.673292099
   15.320000000    0.749891678    0.739699089    0.678222291
   15.330000000    0.755722475    0.744459767    0.680416382
   15.340000000    0.760268953    0.745827332    0.681062386
   15.350000000    0.764132072    0.744496861    0.681210864
   15.360000000    0.767651326    0.741659748    0.681370476
   15.370000000    0.770911039    0.738694831    0.681527802
   15.380000000    0.773429026    0.736384687    0.681406578
   15.390000000    0.774205857    0.734544929    0.680396222
   15.400000000    0.772595383    0.732516185    0.677531135
   15.410000000    0.768956245    0.729858186    0.672251555
   15.420000000    0.764278310    0.726718203    0.664984051
   15.430000000    0.759452528    0.723826137    0.656624056
   15.440000000    0.755052691    0.722150001    0.647939483
   15.450000000    0.751719054    0.722561933    0.639744097
   15.460000000    0.750392848    0.725766789    0.633150993
   15.470000000    0.751933782    0.732199263    0.629189938
   15.480000000    0.756618276    0.741774205    0.628008406
   15.490000000    0.763987236    0.753782764    0.628419498
   15.500000000    0.772947720    0.767001075    0.628341798
   15.510000000    0.781905380    0.779804611    0.625996938
   15.520000000    0.789023978    0.790434741    0.621052842
   15.530000000    0.792788113    0.797565427    0.614597537
   15.540000000    0.792655330    0.800840210    0.607998161
   15.550000000    0.789259737    0.801043011    0.602026770
   15.560000000    0.783974153    0.799736927    0.596797253
   15.570000000    0.778317466    0.798449325    0.592108680
   15.580000000    0.773793878    0.798124559    0.587952412
   15.590000000    0.771953217    0.799293472    0.584850839
   15.600000000    0.773964939    0.802245332    0.583606883
   15.610000000    0.779997263    0.807047223    0.584793339
   15.620000000    0.789160003    0.813806358    0.588616571
   15.630000000    0.799738474    0.822435227    0.594880004
   15.640000000    0.809454936    0.831861511    0.602709602
   15.650000000    0.816297063    0.840138945    0.610668723
   15.660000000    0.819785960    0.845875938    0.617783558
   15.670000000    0.821418915    0.849500745    0.624467379
   15.680000000    0.823508340    0.852828300    0.631917563
   15.690000000    0.827568527    0.857468748    0.640673006
   15.700000000    0.833854794    0.863995252    0.650173031
   15.710000000    0.842044164    0.872423592    0.659652681
   15.720000000    0.851828876    0.882807523    0.669064914
   15.730000000    0.862897782    0.895273130    0.678915672
   15.740000000    0.875047725    0.909983691    0.689299058
   15.750000000    0.888432987    0.926968403    0.699484008
   15.760000000    0.903231980    0.945505174    0.708879930
   15.770000000    0.919141677    0.963738490    0.717962743
   15.780000000    0.935430760    0.979121507    0.727646807
   15.790000000    0.951332978    0.989519883    0.738261104
   15.800000000    0.966380302    0.994444666    0.749561732
   15.810000000    0.980620723    0.995402970    0.761299024
   15.820000000    0.994491918    0.994902290    0.773469683
   15.830000000    1.008405672    0.995267812    0.786381815
   15.840000000    1.022570682    0.998177442    0.800513480
   15.850000000    1.037083505    1.004375187    0.815497632
   15.860000000    1.051848531    1.013303518    0.829012203
   15.870000000    1.066343166    1.023328304    0.837514940
   15.880000000    1.079558525    1.032727278    0.838753268
   15.890000000    1.090049430    1.040394268    0.833550176
   15.900000000    1.096231203    1.045946538    0.825174878
   15.910000000    1.097163177    1.049912245    0.817156393
   15.920000000    1.093279412    1.053603875    0.811610463
   15.930000000    1.086315570    1.058167686    0.809066813
   15.940000000    1.078593560    1.063780576    0.809136139
   15.950000000    1.072319387    1.069852820    0.811253393
   15.960000000    1.069120229    1.075714485    0.815316137
   15.970000000    1.069681156    1.081072643    0.821855287
   15.980000000    1.073566063    1.085983966    0.831427877
   15.990000000    1.079512383    1.090585624    0.843808850
   16.000000000    1.085978911    1.094993659    0.857759159
   16.010000000    1.091845149    1.099582651    0.871501024
   16.020000000    1.097195309    1.105137727    0.883492658
   16.030000000    1.103553125    1.112341553    0.892766971
   16.040000000    1.112978959    1.121178262    0.898671325
   16.050000000    1.126601871    1.131152207    0.900871281
   16.060000000    1.144198224    1.142351808    0.900212013
   16.070000000    1.165007978    1.155968350    0.899370782
   16.080000000    1.188167190    1.173140872    0.902167633
   16.090000000    1.212186673    1.193600305    0.912296694
   16.100000000    1.234830228    1.215699872    0.932393932
   16.110000000    1.254443101    1.237568958    0.963390305
   16.120000000    1.271471394    1.258651301    1.004383804
   16.130000000    1.288117661    1.280145965    1.052942496
   16.140000000    1.306672567    1.303704210    1.105014906
   16.150000000    1.328412032    1.329903914    1.154622160
   16.160000000    1.352943614    1.357203864    1.194375291
   16.170000000    1.377659310    1.381490908    1.217604735
   16.180000000    1.398569263    1.397730311    1.222038539
   16.190000000    1.412607113    1.403332961    1.211853239
   16.200000000    1.418841625    1.399339660    1.194966369
   16.210000000    1.417418607    1.388273252    1.178040129
   16.220000000    1.408871929    1.372532759    1.163836941
   16.230000000    1.394877668    1.354695611    1.152273506
   16.240000000    1.377957380    1.337151130    1.142639729
   16.250000000    1.359906013    1.320902434    1.134267341
   16.260000000    1.341192574    1.305511855    1.126255151
   16.270000000    1.321986298    1.290464165    1.117722855
   16.280000000    1.303495989    1.276370777    1.108344540
   16.290000000    1.287906755    1.264671720    1.098721905
   16.300000000    1.276919822    1.256364741    1.090261264
   16.310000000    1.270659100    1.251386517    1.084325739
   16.320000000    1.268194784    1.249428852    1.081498602
   16.330000000    1.268796392    1.250878026    1.081665102
   16.340000000    1.271949101    1.256080596    1.084442132
   16.350000000    1.276239641    1.263907057    1.089535909
   16.360000000    1.278942840    1.271776460    1.096949212
   16.370000000    1.276891392    1.276751809    1.106520704
   16.380000000    1.267997176    1.276462571    1.117238251
   16.390000000    1.252352348    1.270002682    1.127580355
   16.400000000    1.231950141    1.258449897    1.136105539
   16.410000000    1.209574262    1.244347427    1.141161234
   16.420000000    1.187901389    1.230571508    1.141334096
   16.430000000    1.168860026    1.219118463    1.137194341
   16.440000000    1.153311053    1.210427115    1.131589895
   16.450000000    1.141238938    1.203706569    1.127946552
   16.460000000    1.132236328    1.197941138    1.128841425
   16.470000000    1.125811951    1.192675727    1.135482413
   16.480000000    1.121644337    1.188334134    1.147752739
   16.490000000    1.119825085    1.186065405    1.164802855
   16.500000000    1.120590556    1.186929826    1.185421696
   16.510000000    1.123965295    1.191038633    1.208026557
   16.520000000    1.129845686    1.197268140    1.231430770
   16.530000000    1.138167371    1.203674499    1.256009243
   16.540000000    1.148776698    1.208394740    1.283563912
   16.550000000    1.160845676    1.210120274    1.316054307
   16.560000000    1.172236361    1.207677923    1.354513739
   16.570000000    1.179911269    1.199811033    1.398067322
   16.580000000    1.181562274    1.186065837    1.442983571
   16.590000000    1.176643920    1.167658360    1.482837145
   16.600000000    1.166104739    1.147108626    1.510781262
   16.610000000    1.152089652    1.127125134    1.523362359
   16.620000000    1.137613622    1.109801499    1.522614623
   16.630000000    1.125586221    1.096437019    1.514465377
   16.640000000    1.117729893    1.087510009    1.505512915
   16.650000000    1.114201776    1.082724670    1.500592626
   16.660000000    1.114108956    1.081384214    1.502096479
   16.670000000    1.116236221    1.082650797    1.510034509
   16.680000000    1.119229529    1.085345256    1.521660618
   16.690000000    1.121607238    1.087903060    1.531867084
   16.700000000    1.122283775    1.088871590    1.535611245
   16.710000000    1.121181944    1.087566073    1.530868220
   16.720000000    1.119207751    1.084503288    1.519568995
   16.730000000    1.117765403    1.081424754    1.506405871
   16.740000000    1.118145618    1.080564110    1.496930992
   16.750000000    1.120889134    1.083398516    1.495750150
   16.760000000    1.125630798    1.090081285    1.505424736
   16.770000000    1.131698245    1.099826034    1.526026512
   16.780000000    1.138717170    1.111366940    1.554802011
   16.790000000    1.146481381    1.123232442    1.585915111
   16.800000000    1.154562873    1.134221426    1.611684814
   16.810000000    1.162380817    1.143901244    1.626621028
   16.820000000    1.169757630    1.152721597    1.630951856
   16.830000000    1.177317034    1.161739706    1.628965036
   16.840000000    1.186174243    1.172013658    1.624666545
   16.850000000    1.197413728    1.184068482    1.620255368
   16.860000000    1.211885740    1.197874951    1.617078613
   16.870000000    1.230070581    1.213040647    1.616392709
   16.880000000    1.251861357    1.228933885    1.619655990
   16.890000000    1.276703735    1.245242656    1.628263597
   16.900000000    1.303674324    1.262590342    1.642337857
   16.910000000    1.330523390    1.281801287    1.659414124
   16.920000000    1.352870836    1.302163138    1.674567369
   16.930000000    1.365933913    1.320891962    1.683001367
   16.940000000    1.368055382    1.335027698    1.683412423
   16.950000000    1.362244914    1.344076677    1.678576603
   16.960000000    1.353953110    1.350271411    1.672905395
   16.970000000    1.347752272    1.356344179    1.670204944
   16.980000000    1.346188268    1.363858519    1.672769531
   16.990000000    1.350490753    1.373394545    1.681049111
   17.000000000    1.361029070    1.385274357    1.694618142
   17.010000000    1.377032487    1.399636345    1.714033335
   17.020000000    1.396580228    1.416084146    1.740660762
   17.030000000    1.417249101    1.433787337    1.773910712
   17.040000000    1.436803110    1.452066521    1.809233607
   17.050000000    1.453518585    1.470642574    1.839262635
   17.060000000    1.466322199    1.489362817    1.857622193
   17.070000000    1.474899001    1.507701746    1.862850086
   17.080000000    1.479975751    1.524630027    1.859054991
   17.090000000    1.483562333    1.539370668    1.853151523
   17.100000000    1.488417640    1.552237512    1.851529848
   17.110000000    1.496861438    1.564417025    1.857736288
   17.120000000    1.510135740    1.577256738    1.871371972
   17.130000000    1.528694476    1.592089966    1.888801557
   17.140000000    1.552157805    1.609894791    1.906000359
   17.150000000    1.578738414    1.630604386    1.921834881
   17.160000000    1.606124417    1.653678615    1.939047854
   17.170000000    1.633723106    1.679380996    1.961709753
   17.180000000    1.662620146    1.707967231    1.991111197
   17.190000000    1.692601326    1.737290179    2.023846199
   17.200000000    1.720341002    1.762425768    2.053282207
   17.210000000    1.740754527    1.778166954    2.073258757
   17.220000000    1.750104254    1.782164385    2.082378237
   17.230000000    1.748485451    1.776315190    2.085065369
   17.240000000    1.739237434    1.765146769    2.087501609
   17.250000000    1.726317575    1.752889861    2.093109301
   17.260000000    1.713000942    1.742099738    2.102411164
   17.270000000    1.701831964    1.733741388    2.115170671
   17.280000000    1.693991796    1.727175777    2.130443404
   17.290000000    1.689029841    1.720629603    2.145381283
   17.300000000    1.686187400    1.713076557    2.156141086
   17.310000000    1.685796147    1.705730791    2.161123626
   17.320000000    1.689060710    1.701104245    2.162329069
   17.330000000    1.696721075    1.700503663    2.162480439
   17.340000000    1.707902716    1.702387689    2.162041135
   17.350000000    1.719998611    1.703184915    2.159056585
   17.360000000    1.730007887    1.700270778    2.150022207
   17.370000000    1.736444619    1.694291038    2.130793718
   17.380000000    1.739863544    1.688213534    2.098756328
   17.390000000    1.741687141    1.684651016    2.055306072
   17.400000000    1.742959752    1.684486926    2.005629735
   17.410000000    1.744314391    1.687106543    1.956161672
   17.420000000    1.746485341    1.691050722    1.912396540
   17.430000000    1.749946958    1.694757417    1.877865584
   17.440000000    1.754547772    1.697800046    1.854367350
   17.450000000    1.760246812    1.701784622    1.842688613
   17.460000000    1.767427739    1.709403600    1.842033944
   17.470000000    1.776073023    1.722399729    1.848999012
   17.480000000    1.785595198    1.740297353    1.858783481
   17.490000000    1.795248430    1.760352113    1.867363759
   17.500000000    1.803418198    1.778037597    1.871306600
   17.510000000    1.807248492    1.788227413    1.866845613
   17.520000000    1.804398272    1.787523891    1.851400497
   17.530000000    1.794725705    1.776021593    1.826142552
   17.540000000    1.779832646    1.756873979    1.796174125
   17.550000000    1.762026031    1.734809820    1.767562913
   17.560000000    1.743798134    1.714648320    1.744187177
   17.570000000    1.726675894    1.699340882    1.726812980
   17.580000000    1.710061373    1.688611083    1.713943114
   17.590000000    1.692139768    1.680002904    1.702959326
   17.600000000    1.672312264    1.671341910    1.690958194
   17.610000000    1.652656657    1.662168285    1.675809377
   17.620000000    1.637169242    1.653571095    1.657055412
   17.630000000    1.629688912    1.647364584    1.635634767
   17.640000000    1.632127620    1.645232097    1.613057464
   17.650000000    1.643563174    1.647786264    1.591010108
   17.660000000    1.660262965    1.653738508    1.571389550
   17.670000000    1.677140041    1.660291944    1.556590748
   17.680000000    1.689947193    1.664841673    1.548948436
   17.690000000    1.696263392    1.666201438    1.549068916
   17.700000000    1.695053361    1.664360820    1.554722053
   17.710000000    1.686364119    1.659650730    1.561514216
   17.720000000    1.671861068    1.652456954    1.565028273
   17.730000000    1.655060555    1.643494125    1.563216105
   17.740000000    1.640020987    1.633909717    1.557572684
   17.750000000    1.629378920    1.624909967    1.551985771
   17.760000000    1.623670925    1.617320434    1.550232162
   17.770000000    1.622249242    1.611726831    1.554410392
   17.780000000    1.624583672    1.609137052    1.565044566
   17.790000000    1.630858894    1.611131047    1.581550034
   17.800000000    1.641730442    1.619093945    1.602030662
   17.810000000    1.657886202    1.633417552    1.623153329
   17.820000000    1.679654724    1.653468610    1.641172753
   17.830000000    1.706377772    1.678169884    1.653687827
   17.840000000    1.735465604    1.705930062    1.660431347
   17.850000000    1.761994311    1.733621875    1.662512614
   17.860000000    1.780283077    1.756522515    1.661264101
   17.870000000    1.786847008    1.770306781    1.657565832
   17.880000000    1.781874384    1.773330226    1.651846379
   17.890000000    1.768182293    1.767204844    1.644868075
   17.900000000    1.749136201    1.755484960    1.638027926
   17.910000000    1.726870375    1.741261777    1.631952938
   17.920000000    1.701822351    1.725569210    1.625484889
   17.930000000    1.673944875    1.708111619    1.617041855
   17.940000000    1.644101177    1.688798651    1.606188949
   17.950000000    1.614412121    1.668361582    1.593608723
   17.960000000    1.587878139    1.648454953    1.581181546
   17.970000000    1.567372300    1.631335867    1.572412599
   17.980000000    1.554285883    1.618822702    1.571061660
   17.990000000    1.547758922    1.611061810    1.578525709
   18.000000000    1.544964163    1.606084752    1.592588179
   18.010000000    1.542364722    1.600803218    1.608418675
   18.020000000    1.537454287    1.592907224    1.620789521
   18.030000000    1.529987722    1.582314645    1.626037703
   18.040000000    1.521574926    1.570883052    1.622826256
   18.050000000    1.514073538    1.560713492    1.611760649
   18.060000000    1.508585894    1.553032071    1.594546843
   18.070000000    1.505516342    1.548264304    1.573207041
   18.080000000    1.505008985    1.546396517    1.549814168
   18.090000000    1.507425332    1.547219820    1.526682097
   18.100000000    1.513368794    1.550394056    1.506301625
   18.110000000    1.522693361    1.554922211    1.490582483
   18.120000000    1.533438148    1.558661362    1.480030508
   18.130000000    1.542383434    1.559344306    1.474003509
   18.140000000    1.546794015    1.556044593    1.471583327
   18.150000000    1.545684173    1.549253851    1.471908423
   18.160000000    1.540159049    1.540349828    1.474224075
   18.170000000    1.532811487    1.531183318    1.478036961
   18.180000000    1.526549363    1.523539697    1.482877019
   18.190000000    1.523752940    1.518825089    1.487857126
   18.200000000    1.525943107    1.518064069    1.491770345
   18.210000000    1.533429597    1.521515488    1.493429228
   18.220000000    1.544655597    1.527733598    1.491729086
   18.230000000    1.555800118    1.533215498    1.485886219
   18.240000000    1.562075809    1.534079176    1.476266279
   18.250000000    1.561013391    1.529154799    1.464982398
   18.260000000    1.554497652    1.521125620    1.455325180
   18.270000000    1.547086478    1.514337886    1.450571918
   18.280000000    1.542819527    1.512151090    1.452948661
   18.290000000    1.543279750    1.515927773    1.462646373
   18.300000000    1.547598703    1.525110842    1.477457449
   18.310000000    1.554070815    1.537970829    1.494022747
   18.320000000    1.561710532    1.552663242    1.509898979
   18.330000000    1.570159485    1.567551559    1.524541657
   18.340000000    1.578834480    1.580959262    1.538908038
   18.350000000    1.587145247    1.591791958    1.554611627
   18.360000000    1.595640924    1.600811737    1.572773112
   18.370000000    1.606247713    1.610581114    1.593299082
   18.380000000    1.620922934    1.623480695    1.615575123
   18.390000000    1.640167762    1.639675726    1.639217519
   18.400000000    1.662752355    1.657290512    1.663689396
   18.410000000    1.686745335    1.674682517    1.687860377
   18.420000000    1.710786882    1.691835725    1.710453571
   18.430000000    1.733925943    1.708760578    1.730541279
   18.440000000    1.754339657    1.723169251    1.747391396
   18.450000000    1.769269566    1.730880158    1.760242957
   18.460000000    1.776774015    1.728841483    1.768724622
   18.470000000    1.777039958    1.717668786    1.773305915
   18.480000000    1.771811855    1.701292184    1.774683828
   18.490000000    1.763252037    1.684324164    1.773197990
   18.500000000    1.753487710    1.669967999    1.769691805
   18.510000000    1.744625206    1.660062261    1.766065622
   18.520000000    1.738394800    1.655740818    1.763947433
   18.530000000    1.735163683    1.657148095    1.763410693
   18.540000000    1.733195258    1.662857335    1.763758819
   18.550000000    1.729133395    1.670073578    1.765147452
   18.560000000    1.719919405    1.675838076    1.768795845
   18.570000000    1.704960126    1.678641573    1.775813129
   18.580000000    1.686778838    1.679362639    1.786486217
   18.590000000    1.669854331    1.680888270    1.800729623
   18.600000000    1.658579984    1.686511352    1.818470139
   18.610000000    1.655523187    1.697919810    1.839325397
   18.620000000    1.660930194    1.714227311    1.861836560
   18.630000000    1.673300388    1.732674866    1.882546404
   18.640000000    1.689913772    1.749907716    1.896418248
   18.650000000    1.707197536    1.762891538    1.899483904
   18.660000000    1.721799062    1.769801711    1.891350693
   18.670000000    1.731925552    1.770747590    1.874934288
   18.680000000    1.737556540    1.767401198    1.853857304
   18.690000000    1.739536524    1.761649353    1.829899367
   18.700000000    1.738552206    1.754381490    1.802646592
   18.710000000    1.734714594    1.745401867    1.771460887
   18.720000000    1.728071095    1.734696166    1.737310366
   18.730000000    1.719219211    1.723521459    1.702200720
   18.740000000    1.708845995    1.713643146    1.667591753
   18.750000000    1.696877246    1.705557128    1.634229215
   18.760000000    1.682757470    1.697973419    1.602909574
   18.770000000    1.666610190    1.689418700    1.574925553
   18.780000000    1.649815390    1.680249287    1.552064507
   18.790000000    1.634637020    1.672872779    1.536437419
   18.800000000    1.623396917    1.670082640    1.529758359
   18.810000000    1.617425741    1.672974238    1.531606060
   18.820000000    1.616190746    1.679807206    1.538234704
   18.830000000    1.617267080    1.686455292    1.544051454
   18.840000000    1.617436850    1.688437493    1.544723914
   18.850000000    1.614326873    1.683366326    1.538952757
   18.860000000    1.607784177    1.672088607    1.528012227
   18.870000000    1.600124921    1.657845224    1.514227792
   18.880000000    1.594781808    1.644408894    1.499927009
   18.890000000    1.594348515    1.634658402    1.487247919
   18.900000000    1.599635691    1.630169825    1.478073257
   18.910000000    1.610066136    1.631404684    1.473846260
   18.920000000    1.624488688    1.637907539    1.475335057
   18.930000000    1.641831908    1.648677604    1.482547367
   18.940000000    1.661346999    1.662880848    1.495003704
   18.950000000    1.682178560    1.680236193    1.511945805
   18.960000000    1.702852498    1.700445769    1.532011851
   18.970000000    1.721617018    1.722331717    1.553078565
   18.980000000    1.737360907    1.743918246    1.573336818
   18.990000000    1.750108582    1.763413712    1.592708045
   19.000000000    1.760836128    1.780027938    1.612450606
   19.010000000    1.770983916    1.793918813    1.633446568
   19.020000000    1.781722516    1.805308108    1.655363608
   19.030000000    1.793044901    1.813664786    1.676533328
   19.040000000    1.803286404    1.817875010    1.694062647
   19.050000000    1.809501748    1.816958917    1.704806945
   19.060000000    1.808653968    1.810356947    1.706540035
   19.070000000    1.799049755    1.797783352    1.698537290
   19.080000000    1.781008014    1.779172015    1.681785033
   19.090000000    1.756350184    1.754951277    1.658557405
   19.100000000    1.727464938    1.726461273    1.631679360
   19.110000000    1.696858293    1.695899845    1.604205570
   19.120000000    1.667306833    1.665807996    1.579215124
   19.130000000    1.642032063    1.638857764    1.559543274
   19.140000000    1.624304033    1.617892371    1.547458529
   19.150000000    1.616506885    1.605393594    1.544190884
   19.160000000    1.619388390    1.602531512    1.549737222
   19.170000000    1.631983160    1.608762583    1.563233395
   19.180000000    1.651892611    1.622112160    1.583458466
   19.190000000    1.675558132    1.639659254    1.608587083
   19.200000000    1.698916992    1.658230895    1.635399185
   19.210000000    1.718745439    1.675436078    1.659524868
   19.220000000    1.733851441    1.690499487    1.677207866
   19.230000000    1.744988594    1.704091384    1.687136310
   19.240000000    1.753433203    1.717211609    1.690854390
   19.250000000    1.759724420    1.730237088    1.691370631
   19.260000000    1.764027205    1.742976393    1.691083493
   19.270000000    1.767167985    1.755205177    1.691051907
   19.280000000    1.770511598    1.766574984    1.691558978
   19.290000000    1.775025543    1.776178188    1.692206733
   19.300000000    1.780917866    1.782937381    1.691603575
   19.310000000    1.788062900    1.786698204    1.688218612
   19.320000000    1.796291554    1.788569395    1.681889400
   19.330000000    1.804823841    1.789712100    1.673883232
   19.340000000    1.811721691    1.789805176    1.665751440
   19.350000000    1.814775179    1.787220262    1.658881476
   19.360000000    1.813145479    1.780655963    1.654352122
   19.370000000    1.807569463    1.769918832    1.651735184
   19.380000000    1.799012807    1.755514923    1.648459636
   19.390000000    1.787976099    1.738510897    1.641321907
   19.400000000    1.775319135    1.720912028    1.628719569
   19.410000000    1.763022877    1.705610453    1.611682377
   19.420000000    1.753489935    1.695372137    1.592894268
   19.430000000    1.748094173    1.691426385    1.574452141
   19.440000000    1.746456326    1.692812173    1.556534003
   19.450000000    1.747152736    1.697313304    1.538266838
   19.460000000    1.749097340    1.703230049    1.519464614
   19.470000000    1.751866148    1.710075128    1.501179416
   19.480000000    1.754909589    1.717731576    1.484869203
   19.490000000    1.756917699    1.725265361    1.471426914
   19.500000000    1.756168019    1.730918197    1.461166931
   19.510000000    1.751798354    1.733632356    1.454490944
   19.520000000    1.744495267    1.734143601    1.451920279
   19.530000000    1.735667838    1.734132428    1.453419611
   19.540000000    1.726490992    1.734716203    1.458132645
   19.550000000    1.718061191    1.736148251    1.465024415
   19.560000000    1.712056993    1.738767728    1.473725251
   19.570000000    1.710754108    1.743715960    1.484200748
   19.580000000    1.716285013    1.752536220    1.495740152
   19.590000000    1.730019350    1.766288002    1.507261444
   19.600000000    1.752390079    1.784990417    1.518391368
   19.610000000    1.782401986    1.807351718    1.529388197
   19.620000000    1.816959841    1.830728157    1.540501981
   19.630000000    1.851414621    1.851865237    1.552099578
   19.640000000    1.881653290    1.868493987    1.564766233
   19.650000000    1.906111059    1.880592319    1.578662115
   19.660000000    1.925799080    1.890047252    1.593087855
   19.670000000    1.942643109    1.899228918    1.607031966
   19.680000000    1.958284368    1.910138091    1.620239255
   19.690000000    1.974406227    1.924750311    1.633647369
   19.700000000    1.993123888    1.945257425    1.648440973
   19.710000000    2.016060231    1.972872822    1.664796914
   19.720000000    2.043098613    2.006333896    1.682028899
   19.730000000    2.072108962    2.041994535    1.699679260
   19.740000000    2.099754442    2.075327971    1.717679304
   19.750000000    2.123195849    2.102776952    1.735844991
   19.760000000    2.141607483    2.123110773    1.753856793
   19.770000000    2.156104996    2.137529040    1.770815675
   19.780000000    2.168581097    2.148733287    1.784414385
   19.790000000    2.180553336    2.159491045    1.791488021
   19.800000000    2.191929018    2.170716819    1.789566736
   19.810000000    2.200115860    2.180364965    1.777843201
   19.820000000    2.201000550    2.184611930    1.757391420
   19.830000000    2.191571153    2.180251494    1.730929087
   19.840000000    2.172122723    2.166555680    1.702253419
   19.850000000    2.146691506    2.146307362    1.675785254
   19.860000000    2.121500218    2.125455290    1.656020448
   19.870000000    2.102184613    2.110596455    1.646036966
   19.880000000    2.091455962    2.105731465    1.645980535
   19.890000000    2.088817460    2.111127382    1.653513986
   19.900000000    2.092267005    2.124790774    1.665785480
   19.910000000    2.100156216    2.144579911    1.680669997
   19.920000000    2.111701105    2.169184341    1.696733127
   19.930000000    2.126070522    2.197276516    1.713060595
   19.940000000    2.141201427    2.225891723    1.729118131
   19.950000000    2.153660475    2.250236292    1.743847516
   19.960000000    2.160126598    2.265687505    1.755338780
   19.970000000    2.159691285    2.270629425    1.762845890
   19.980000000    2.154677363    2.267518714    1.768527836
   19.990000000    2.148571542    2.260500497    1.775821747
   20.000000000    2.143242601    2.252077186    1.786296136
   20.010000000    2.138767280    2.242703982    1.798061429
   20.020000000    2.135162975    2.232520084    1.806819042
   20.030000000    2.132883371    2.221900479    1.809289128
   20.040000000    2.132091675    2.211104050    1.806442360
   20.050000000    2.133031855    2.201290495    1.803238182
