# energy grid [eV]     epsi_x  epsi_y  epsi_z
#
    0.050000000    0.001363697    0.001375598    0.001403822
    0.060000000    0.001636859    0.001651154    0.001685008
    0.070000000    0.001910252    0.001926948    0.001966425
    0.080000000    0.002183914    0.002203021    0.002248111
    0.090000000    0.002457885    0.002479412    0.002530105
    0.100000000    0.002732203    0.002756163    0.002812446
    0.110000000    0.003006908    0.003033313    0.003095174
    0.120000000    0.003282040    0.003310904    0.003378327
    0.130000000    0.003557637    0.003588976    0.003661946
    0.140000000    0.003833741    0.003867571    0.003946070
    0.150000000    0.004110391    0.004146731    0.004230739
    0.160000000    0.004387628    0.004426498    0.004515995
    0.170000000    0.004665492    0.004706913    0.004801877
    0.180000000    0.004944026    0.004988020    0.005088427
    0.190000000    0.005223270    0.005269862    0.005375686
    0.200000000    0.005503266    0.005552481    0.005663696
    0.210000000    0.005784058    0.005835924    0.005952501
    0.220000000    0.006065687    0.006120232    0.006242141
    0.230000000    0.006348198    0.006405453    0.006532660
    0.240000000    0.006631633    0.006691630    0.006824103
    0.250000000    0.006916038    0.006978811    0.007116513
    0.260000000    0.007201458    0.007267041    0.007409935
    0.270000000    0.007487937    0.007556369    0.007704414
    0.280000000    0.007775522    0.007846842    0.007999997
    0.290000000    0.008064259    0.008138508    0.008296729
    0.300000000    0.008354197    0.008431418    0.008594658
    0.310000000    0.008645383    0.008725621    0.008893832
    0.320000000    0.008937867    0.009021168    0.009194300
    0.330000000    0.009231697    0.009318112    0.009496110
    0.340000000    0.009526924    0.009616504    0.009799313
    0.350000000    0.009823601    0.009916398    0.010103961
    0.360000000    0.010121777    0.010217849    0.010410104
    0.370000000    0.010421508    0.010520912    0.010717795
    0.380000000    0.010722847    0.010825645    0.011027089
    0.390000000    0.011025849    0.011132104    0.011338040
    0.400000000    0.011330571    0.011440348    0.011650703
    0.410000000    0.011637068    0.011750437    0.011965136
    0.420000000    0.011945401    0.012062433    0.012281396
    0.430000000    0.012255628    0.012376398    0.012599542
    0.440000000    0.012567810    0.012692396    0.012919635
    0.450000000    0.012882009    0.013010492    0.013241735
    0.460000000    0.013198289    0.013330753    0.013565907
    0.470000000    0.013516714    0.013653247    0.013892213
    0.480000000    0.013837351    0.013978044    0.014220720
    0.490000000    0.014160267    0.014305215    0.014551494
    0.500000000    0.014485532    0.014634834    0.014884604
    0.510000000    0.014813216    0.014966974    0.015220120
    0.520000000    0.015143393    0.015301715    0.015558114
    0.530000000    0.015476136    0.015639133    0.015898659
    0.540000000    0.015811522    0.015979310    0.016241832
    0.550000000    0.016149629    0.016322328    0.016587708
    0.560000000    0.016490537    0.016668274    0.016936367
    0.570000000    0.016834329    0.017017233    0.017287891
    0.580000000    0.017181089    0.017369297    0.017642362
    0.590000000    0.017530903    0.017724557    0.017999867
    0.600000000    0.017883861    0.018083108    0.018360492
    0.610000000    0.018240054    0.018445048    0.018724329
    0.620000000    0.018599576    0.018810478    0.019091469
    0.630000000    0.018962524    0.019179500    0.019462009
    0.640000000    0.019328998    0.019552221    0.019836045
    0.650000000    0.019699099    0.019928751    0.020213680
    0.660000000    0.020072933    0.020309204    0.020595016
    0.670000000    0.020450609    0.020693695    0.020980160
    0.680000000    0.020832238    0.021082345    0.021369223
    0.690000000    0.021217937    0.021475278    0.021762317
    0.700000000    0.021607822    0.021872623    0.022159560
    0.710000000    0.022002018    0.022274511    0.022561073
    0.720000000    0.022400651    0.022681080    0.022966978
    0.730000000    0.022803851    0.023092470    0.023377405
    0.740000000    0.023211753    0.023508829    0.023792487
    0.750000000    0.023624496    0.023930307    0.024212359
    0.760000000    0.024042225    0.024357060    0.024637163
    0.770000000    0.024465088    0.024789252    0.025067046
    0.780000000    0.024893239    0.025227050    0.025502157
    0.790000000    0.025326838    0.025670627    0.025942655
    0.800000000    0.025766049    0.026120165    0.026388699
    0.810000000    0.026211043    0.026575849    0.026840458
    0.820000000    0.026661997    0.027037876    0.027298105
    0.830000000    0.027119095    0.027506445    0.027761820
    0.840000000    0.027582526    0.027981768    0.028231789
    0.850000000    0.028052488    0.028464060    0.028708205
    0.860000000    0.028529186    0.028953548    0.029191268
    0.870000000    0.029012832    0.029450468    0.029681187
    0.880000000    0.029503646    0.029955065    0.030178178
    0.890000000    0.030001859    0.030467592    0.030682465
    0.900000000    0.030507709    0.030988317    0.031194281
    0.910000000    0.031021444    0.031517515    0.031713870
    0.920000000    0.031543321    0.032055476    0.032241483
    0.930000000    0.032073610    0.032602500    0.032777383
    0.940000000    0.032612592    0.033158901    0.033321845
    0.950000000    0.033160556    0.033725008    0.033875153
    0.960000000    0.033717809    0.034301164    0.034437604
    0.970000000    0.034284666    0.034887728    0.035009509
    0.980000000    0.034861460    0.035485074    0.035591191
    0.990000000    0.035448536    0.036093596    0.036182988
    1.000000000    0.036046257    0.036713705    0.036785253
    1.010000000    0.036654998    0.037345831    0.037398356
    1.020000000    0.037275157    0.037990428    0.038022681
    1.030000000    0.037907146    0.038647970    0.038658632
    1.040000000    0.038551400    0.039318954    0.039306633
    1.050000000    0.039208371    0.040003905    0.039967127
    1.060000000    0.039878536    0.040703373    0.040640578
    1.070000000    0.040562394    0.041417937    0.041327472
    1.080000000    0.041260470    0.042148207    0.042028322
    1.090000000    0.041973314    0.042894826    0.042743665
    1.100000000    0.042701504    0.043658470    0.043474065
    1.110000000    0.043445651    0.044439856    0.044220115
    1.120000000    0.044206395    0.045239739    0.044982442
    1.130000000    0.044984411    0.046058916    0.045761703
    1.140000000    0.045780411    0.046898231    0.046558591
    1.150000000    0.046595146    0.047758580    0.047373840
    1.160000000    0.047429408    0.048640908    0.048208220
    1.170000000    0.048284035    0.049546220    0.049062550
    1.180000000    0.049159912    0.050475583    0.049937690
    1.190000000    0.050057977    0.051430129    0.050834555
    1.200000000    0.050979223    0.052411064    0.051754113
    1.210000000    0.051924702    0.053419669    0.052697387
    1.220000000    0.052895530    0.054457312    0.053665465
    1.230000000    0.053892893    0.055525450    0.054659504
    1.240000000    0.054918053    0.056625641    0.055680729
    1.250000000    0.055972351    0.057759549    0.056730449
    1.260000000    0.057057216    0.058928956    0.057810053
    1.270000000    0.058174171    0.060135772    0.058921026
    1.280000000    0.059324844    0.061382044    0.060064951
    1.290000000    0.060510973    0.062669974    0.061243519
    1.300000000    0.061734417    0.064001927    0.062458539
    1.310000000    0.062997169    0.065380454    0.063711950
    1.320000000    0.064301365    0.066808305    0.065005829
    1.330000000    0.065649299    0.068288448    0.066342406
    1.340000000    0.067043439    0.069824098    0.067724080
    1.350000000    0.068486439    0.071418735    0.069153432
    1.360000000    0.069981165    0.073076135    0.070633242
    1.370000000    0.071530707    0.074800404    0.072166514
    1.380000000    0.073138412    0.076596013    0.073756493
    1.390000000    0.074807900    0.078467836    0.075406693
    1.400000000    0.076543103    0.080421201    0.077120925
    1.410000000    0.078348291    0.082461940    0.078903326
    1.420000000    0.080228114    0.084596454    0.080758401
    1.430000000    0.082187646    0.086831776    0.082691055
    1.440000000    0.084232430    0.089175655    0.084706647
    1.450000000    0.086368536    0.091636651    0.086811040
    1.460000000    0.088602627    0.094224234    0.089010661
    1.470000000    0.090942028    0.096948913    0.091312567
    1.480000000    0.093394818    0.099822377    0.093724531
    1.490000000    0.095969921    0.102857666    0.096255125
    1.500000000    0.098677225    0.106069362    0.098913834
    1.510000000    0.101527713    0.109473824    0.101711169
    1.520000000    0.104533617    0.113089461    0.104658817
    1.530000000    0.107708605    0.116937053    0.107769800
    1.540000000    0.111067992    0.121040139    0.111058677
    1.550000000    0.114628996    0.125425476    0.114541764
    1.560000000    0.118411041    0.130123593    0.118237410
    1.570000000    0.122436118    0.135169464    0.122166316
    1.580000000    0.126729224    0.140603315    0.126351915
    1.590000000    0.131318883    0.146471622    0.130820828
    1.600000000    0.136237784    0.152828325    0.135603418
    1.610000000    0.141523564    0.159736335    0.140734446
    1.620000000    0.147219763    0.167269403    0.146253884
    1.630000000    0.153377008    0.175514462    0.152207901
    1.640000000    0.160054490    0.184574571    0.158650068
    1.650000000    0.167321812    0.194572655    0.165642866
    1.660000000    0.175261327    0.205656282    0.173259545
    1.670000000    0.183971115    0.218003817    0.181586465
    1.680000000    0.193568799    0.231832413    0.190726050
    1.690000000    0.204196490    0.247408464    0.200800534
    1.700000000    0.216027237    0.265061415    0.211956776
    1.710000000    0.229273519    0.285202128    0.224372465
    1.720000000    0.244198521    0.308347537    0.238264203
    1.730000000    0.261131225    0.335153969    0.253898126
    1.740000000    0.280486751    0.366462474    0.271603954
    1.750000000    0.302793935    0.403360747    0.291793763
    1.760000000    0.328732803    0.447267725    0.314987243
    1.770000000    0.359185326    0.500048417    0.341845930
    1.780000000    0.395303295    0.564166755    0.373219852
    1.790000000    0.438596122    0.642880045    0.410211240
    1.800000000    0.491036095    0.740461210    0.454261297
    1.810000000    0.555161663    0.862383194    0.507266901
    1.820000000    0.634114108    1.015265660    0.571732766
    1.830000000    0.731437617    1.206076488    0.650956117
    1.840000000    0.850269662    1.439499962    0.749212990
    1.850000000    0.991307351    1.711738199    0.871838598
    1.860000000    1.149175850    1.999925048    1.024907689
    1.870000000    1.308909047    2.252986685    1.213828197
    1.880000000    1.448150739    2.402105223    1.439549793
    1.890000000    1.548375450    2.402188718    1.690918132
    1.900000000    1.603558729    2.268120840    1.934646488
    1.910000000    1.614021118    2.057596757    2.113963564
    1.920000000    1.580208171    1.826533185    2.173743682
    1.930000000    1.510819627    1.609437575    2.103207416
    1.940000000    1.428150051    1.424036986    1.946816220
    1.950000000    1.358063664    1.277988809    1.768220097
    1.960000000    1.318950952    1.172484850    1.614239731
    1.970000000    1.320224423    1.105288184    1.507351919
    1.980000000    1.365937425    1.073244018    1.454037700
    1.990000000    1.457563759    1.073518466    1.452966353
    2.000000000    1.593768689    1.103485847    1.497845070
    2.010000000    1.767260065    1.159569553    1.575533282
    2.020000000    1.961455815    1.236051615    1.663265890
    2.030000000    2.154021632    1.326233050    1.733154214
    2.040000000    2.331136900    1.427227156    1.769033888
    2.050000000    2.497181595    1.543243361    1.781441228
    2.060000000    2.660118196    1.680669042    1.800873186
    2.070000000    2.806775625    1.839388503    1.858191414
    2.080000000    2.902998753    2.011336836    1.972545166
    2.090000000    2.926817838    2.187857071    2.147558725
    2.100000000    2.895156137    2.361717781    2.366357889
    2.110000000    2.845887397    2.513503189    2.584082810
    2.120000000    2.801164649    2.602049633    2.731964908
    2.130000000    2.755211695    2.585812462    2.750045598
    2.140000000    2.685311975    2.458636933    2.628277850
    2.150000000    2.566240225    2.253281208    2.406563219
    2.160000000    2.387431390    2.014266900    2.139280377
    2.170000000    2.166829563    1.778374546    1.870672301
    2.180000000    1.941080074    1.569764282    1.629108862
    2.190000000    1.742285619    1.400018473    1.427769611
    2.200000000    1.587093008    1.271206327    1.268591148
    2.210000000    1.479968176    1.180503924    1.147659869
    2.220000000    1.419908471    1.123832516    1.059337684
    2.230000000    1.404943222    1.097755797    0.998402512
    2.240000000    1.433913010    1.100094747    0.960841454
    2.250000000    1.506076971    1.129722416    0.944012804
    2.260000000    1.618440713    1.185609104    0.946594323
    2.270000000    1.760312099    1.264982343    0.968494600
    2.280000000    1.906740973    1.361138589    1.010759639
    2.290000000    2.019116718    1.463597344    1.075391125
    2.300000000    2.063929474    1.564100002    1.164830661
    2.310000000    2.039753461    1.664804586    1.280613312
    2.320000000    1.979250582    1.777150056    1.420528636
    2.330000000    1.922475920    1.910206116    1.574456139
    2.340000000    1.894748207    2.061874447    1.722511597
    2.350000000    1.905337914    2.223072954    1.843096313
    2.360000000    1.956551911    2.390608698    1.930692587
    2.370000000    2.048074774    2.570014021    2.004367652
    2.380000000    2.170640711    2.758463301    2.094980065
    2.390000000    2.296574809    2.926331180    2.228561989
    2.400000000    2.381418771    3.022650682    2.421961103
    2.410000000    2.386429739    3.008877602    2.684358916
    2.420000000    2.308840006    2.893644351    3.011530180
    2.430000000    2.185240829    2.730119719    3.370068459
    2.440000000    2.063132603    2.579551652    3.684788407
    2.450000000    1.975965364    2.483115323    3.857986499
    2.460000000    1.939953838    2.459420606    3.833311618
    2.470000000    1.960982819    2.512086563    3.646055681
    2.480000000    2.038583733    2.632319317    3.392182089
    2.490000000    2.164899228    2.796049740    3.157101543
    2.500000000    2.322770127    2.965790423    2.978896679
    2.510000000    2.486740129    3.105253821    2.852964710
    2.520000000    2.626778953    3.194313542    2.755905255
    2.530000000    2.715930847    3.226292664    2.673314799
    2.540000000    2.746287122    3.202913827    2.613117072
    2.550000000    2.739439696    3.142191534    2.595304769
    2.560000000    2.730028480    3.074831715    2.632559176
    2.570000000    2.735356301    3.018480569    2.716894293
    2.580000000    2.742321919    2.960181332    2.816513346
    2.590000000    2.724556167    2.871655556    2.889056484
    2.600000000    2.674696335    2.744352983    2.912512965
    2.610000000    2.615161222    2.603090642    2.905606626
    2.620000000    2.574633495    2.483927987    2.909256071
    2.630000000    2.560017298    2.407831827    2.949392170
    2.640000000    2.549416415    2.373494158    3.014260907
    2.650000000    2.509476355    2.366514278    3.056056757
    2.660000000    2.424609436    2.375177880    3.020733284
    2.670000000    2.310038064    2.399552127    2.892375116
    2.680000000    2.195643465    2.443391017    2.705666426
    2.690000000    2.101729262    2.495669050    2.511970761
    2.700000000    2.029784117    2.522436828    2.344710740
    2.710000000    1.971483848    2.485232050    2.214838661
    2.720000000    1.924769477    2.375144200    2.124955692
    2.730000000    1.900334231    2.223099929    2.080484558
    2.740000000    1.914157256    2.074398303    2.089635974
    2.750000000    1.977635259    1.961797999    2.158479688
    2.760000000    2.091838074    1.898174202    2.286711712
    2.770000000    2.242334935    1.879570192    2.463503337
    2.780000000    2.393723107    1.888278355    2.664788377
    2.790000000    2.494361367    1.897529485    2.859723045
    2.800000000    2.503562264    1.884334435    3.028487045
    2.810000000    2.424054972    1.845335138    3.171894358
    2.820000000    2.299948339    1.798267410    3.293300548
    2.830000000    2.183156544    1.767547713    3.369249057
    2.840000000    2.108872541    1.771686948    3.348661710
    2.850000000    2.093774752    1.821099789    3.196450612
    2.860000000    2.142953592    1.920341808    2.935337667
    2.870000000    2.253630774    2.067803452    2.630540491
    2.880000000    2.413800107    2.251798061    2.343150500
    2.890000000    2.601113045    2.448279236    2.106735883
    2.900000000    2.790881333    2.629221840    1.931739386
    2.910000000    2.972021218    2.780233340    1.817225179
    2.920000000    3.149135067    2.904488594    1.759115363
    2.930000000    3.320449697    3.003734561    1.754010098
    2.940000000    3.460128350    3.066782469    1.800291531
    2.950000000    3.531828577    3.084858276    1.897733779
    2.960000000    3.517755167    3.067691085    2.045887093
    2.970000000    3.428009466    3.034813793    2.240762716
    2.980000000    3.287231456    2.996029799    2.469304137
    2.990000000    3.118659318    2.942813708    2.703452176
    3.000000000    2.937142211    2.855287538    2.900355443
    3.010000000    2.754404945    2.721472668    3.013328443
    3.020000000    2.586400419    2.552716732    3.009007455
    3.030000000    2.449557928    2.377508395    2.886525107
    3.040000000    2.350579647    2.223268461    2.685967147
    3.050000000    2.280838156    2.104959393    2.467529040
    3.060000000    2.221550059    2.025478029    2.280163714
    3.070000000    2.159793132    1.983923598    2.149732296
    3.080000000    2.101090752    1.983061254    2.084765412
    3.090000000    2.063529093    2.028926793    2.084842899
    3.100000000    2.062032143    2.124773012    2.144526645
    3.110000000    2.098689877    2.264417032    2.253207481
    3.120000000    2.161808577    2.426831875    2.395126471
    3.130000000    2.231722938    2.576017179    2.554412566
    3.140000000    2.291880991    2.673179745    2.721230296
    3.150000000    2.339545516    2.699362503    2.885723930
    3.160000000    2.389151697    2.670886795    3.022059121
    3.170000000    2.464631891    2.629641072    3.089982659
    3.180000000    2.584228975    2.615519488    3.067850149
    3.190000000    2.746501418    2.645541817    2.981348458
    3.200000000    2.922600524    2.709248688    2.888066242
    3.210000000    3.062409785    2.778595246    2.841043534
    3.220000000    3.123743230    2.831173486    2.870909965
    3.230000000    3.106534452    2.871542332    2.986155233
    3.240000000    3.051703566    2.926705837    3.174209791
    3.250000000    3.005719453    3.020196274    3.398122277
    3.260000000    2.991409234    3.150235050    3.600942900
    3.270000000    3.001810829    3.284738762    3.734391623
    3.280000000    3.011155144    3.377623976    3.796110076
    3.290000000    2.998126410    3.403091933    3.827731905
    3.300000000    2.964902752    3.378067536    3.871198626
    3.310000000    2.930494482    3.345499031    3.931530129
    3.320000000    2.906406125    3.337975255    3.972297854
    3.330000000    2.884238685    3.359186414    3.943350728
    3.340000000    2.848551252    3.394390423    3.823801726
    3.350000000    2.798191884    3.430934582    3.642917984
    3.360000000    2.748116762    3.460198070    3.461014117
    3.370000000    2.711822523    3.463361081    3.333784822
    3.380000000    2.690609455    3.414326836    3.289726070
    3.390000000    2.677106094    3.303594250    3.324291296
    3.400000000    2.658156125    3.146576511    3.400669355
    3.410000000    2.615539978    2.965700349    3.459846502
    3.420000000    2.538570247    2.779040400    3.450219187
    3.430000000    2.440006373    2.606630401    3.358477527
    3.440000000    2.350811518    2.471891920    3.204631516
    3.450000000    2.300193359    2.392641274    3.014432786
    3.460000000    2.303648790    2.374457868    2.810292484
    3.470000000    2.361836037    2.409898367    2.616200780
    3.480000000    2.462937165    2.481102688    2.455867758
    3.490000000    2.587707826    2.566804427    2.347196793
    3.500000000    2.719462670    2.651269354    2.300086880
    3.510000000    2.852995672    2.725634204    2.316744437
    3.520000000    2.992245964    2.783109551    2.391671980
    3.530000000    3.140110939    2.821497475    2.510228139
    3.540000000    3.290977194    2.848082544    2.648629601
    3.550000000    3.427265379    2.870380004    2.780498577
    3.560000000    3.519862756    2.880732391    2.888620696
    3.570000000    3.537927903    2.856368027    2.969618497
    3.580000000    3.471256534    2.780682479    3.025017424
    3.590000000    3.346295173    2.664715753    3.052577498
    3.600000000    3.210028530    2.541412956    3.047887513
    3.610000000    3.098095685    2.441212981    3.010822629
    3.620000000    3.020267376    2.377374524    2.955115873
    3.630000000    2.965243996    2.347232785    2.911743507
    3.640000000    2.914462068    2.341445935    2.915618393
    3.650000000    2.858325371    2.354878719    2.988357103
    3.660000000    2.801553117    2.390743054    3.129866823
    3.670000000    2.755068105    2.454467212    3.316918638
    3.680000000    2.727508562    2.544068243    3.506991825
    3.690000000    2.719038219    2.643332405    3.647889832
    3.700000000    2.717898835    2.723732778    3.692792548
    3.710000000    2.707519192    2.760752887    3.621934907
    3.720000000    2.677983490    2.751607601    3.457064337
    3.730000000    2.625676767    2.710988170    3.245966249
    3.740000000    2.548141872    2.653893324    3.030529697
    3.750000000    2.450817708    2.593078294    2.834920581
    3.760000000    2.353584181    2.545916630    2.675689889
    3.770000000    2.281335156    2.529788720    2.568162393
    3.780000000    2.250346030    2.549888242    2.522191869
    3.790000000    2.264717988    2.595638217    2.537599940
    3.800000000    2.321345318    2.649925987    2.602097611
    3.810000000    2.415544196    2.702310304    2.689033818
    3.820000000    2.541712345    2.753988691    2.760348503
    3.830000000    2.688711640    2.809400557    2.782937710
    3.840000000    2.836283342    2.862250471    2.746853051
    3.850000000    2.961312407    2.893574849    2.665130139
    3.860000000    3.051133195    2.887988738    2.562192404
    3.870000000    3.108196855    2.848831266    2.465483376
    3.880000000    3.141494070    2.793124261    2.399198345
    3.890000000    3.159295735    2.737493314    2.378634845
    3.900000000    3.171061010    2.694064401    2.407372801
    3.910000000    3.186490689    2.672360063    2.478411769
    3.920000000    3.207160930    2.677405256    2.580468489
    3.930000000    3.226550666    2.709533344    2.707534922
    3.940000000    3.243065509    2.770347059    2.861555816
    3.950000000    3.266397175    2.865786118    3.042396094
    3.960000000    3.304343308    2.998669188    3.236136186
    3.970000000    3.345611671    3.157110747    3.417556270
    3.980000000    3.361520786    3.310989999    3.568303033
    3.990000000    3.326427281    3.421531932    3.690998218
    4.000000000    3.237545126    3.460832673    3.806180509
    4.010000000    3.118807852    3.429957945    3.939614596
    4.020000000    3.007117806    3.360538287    4.104041754
    4.030000000    2.932508391    3.296839828    4.284411708
    4.040000000    2.904605208    3.270944214    4.442041979
    4.050000000    2.910057326    3.287762285    4.533074396
    4.060000000    2.922358656    3.327020322    4.527040985
    4.070000000    2.919890277    3.357340798    4.422458630
    4.080000000    2.898305389    3.353821916    4.249479582
    4.090000000    2.869624054    3.313394920    4.055628526
    4.100000000    2.852429417    3.256699519    3.886689078
    4.110000000    2.857167826    3.208490147    3.768082749
    4.120000000    2.875723577    3.176364054    3.695725297
    4.130000000    2.887832710    3.152135877    3.646447259
    4.140000000    2.882875722    3.132812890    3.598650196
    4.150000000    2.874186864    3.134549467    3.541021610
    4.160000000    2.888159373    3.182803172    3.470269298
    4.170000000    2.942934498    3.292556419    3.395576676
    4.180000000    3.039134937    3.457017363    3.340030914
    4.190000000    3.164216715    3.648597126    3.326283899
    4.200000000    3.299104228    3.830282547    3.362517779
    4.210000000    3.421696005    3.972074671    3.440473434
    4.220000000    3.512030644    4.061159564    3.537851019
    4.230000000    3.560095068    4.098543590    3.621142143
    4.240000000    3.569010251    4.089051523    3.656174043
    4.250000000    3.550790717    4.037338192    3.627169260
    4.260000000    3.517123785    3.947099628    3.545853518
    4.270000000    3.471126405    3.817752571    3.438917446
    4.280000000    3.408339578    3.648619904    3.332598579
    4.290000000    3.323541143    3.448900788    3.247769042
    4.300000000    3.213599681    3.236291215    3.195636753
    4.310000000    3.079074961    3.028301984    3.173267074
    4.320000000    2.930148927    2.840779203    3.169252576
    4.330000000    2.789805518    2.690411756    3.177717389
    4.340000000    2.685607698    2.592056764    3.205073659
    4.350000000    2.637338740    2.552936734    3.264119307
    4.360000000    2.650891431    2.569487507    3.368088792
    4.370000000    2.718122437    2.628217471    3.525988101
    4.380000000    2.819420018    2.709440654    3.729635127
    4.390000000    2.930135750    2.791210137    3.939696040
    4.400000000    3.031851353    2.852928557    4.091651721
    4.410000000    3.120370580    2.882477556    4.131710958
    4.420000000    3.200867409    2.884081378    4.056420339
    4.430000000    3.276702484    2.876113257    3.909490132
    4.440000000    3.346368504    2.879168122    3.739255154
    4.450000000    3.410064676    2.907560768    3.569225357
    4.460000000    3.475272401    2.969259622    3.403331014
    4.470000000    3.557143451    3.069621387    3.246124366
    4.480000000    3.674121830    3.211889594    3.113661309
    4.490000000    3.834371723    3.388821185    3.025826374
    4.500000000    4.018648165    3.572001489    2.993024183
    4.510000000    4.178820060    3.714445111    3.012117704
    4.520000000    4.262567635    3.772517565    3.070829196
    4.530000000    4.247474995    3.733873917    3.153813320
    4.540000000    4.150115046    3.625307671    3.248325426
    4.550000000    4.003084811    3.490579724    3.348635729
    4.560000000    3.833683392    3.364062843    3.455628735
    4.570000000    3.665597639    3.265233646    3.571783740
    4.580000000    3.525029288    3.205551987    3.695772996
    4.590000000    3.432848182    3.189019537    3.817005930
    4.600000000    3.393031268    3.207146844    3.913871876
    4.610000000    3.391502979    3.240243230    3.963491028
    4.620000000    3.405764232    3.268723199    3.958041749
    4.630000000    3.417178476    3.283750116    3.910490363
    4.640000000    3.414594066    3.284061713    3.840227503
    4.650000000    3.390012526    3.267083676    3.757361257
    4.660000000    3.336665026    3.229274763    3.663780936
    4.670000000    3.251839186    3.171352941    3.559663532
    4.680000000    3.142667925    3.101168270    3.445745929
    4.690000000    3.028631324    3.033896400    3.326898326
    4.700000000    2.933860959    2.987550367    3.215921592
    4.710000000    2.875290945    2.975316260    3.129691561
    4.720000000    2.858461199    3.001924869    3.079603697
    4.730000000    2.883201146    3.066815931    3.064831310
    4.740000000    2.951013250    3.168225150    3.073950665
    4.750000000    3.065788838    3.301569022    3.096996241
    4.760000000    3.229116929    3.455988677    3.138139567
    4.770000000    3.436403543    3.619138639    3.212973593
    4.780000000    3.675013586    3.787570774    3.334908602
    4.790000000    3.923924488    3.967657129    3.508662564
    4.800000000    4.159963184    4.165446097    3.731693779
    4.810000000    4.369308619    4.377298602    3.990968868
    4.820000000    4.549784223    4.586061203    4.256774902
    4.830000000    4.702978694    4.767371383    4.491109200
    4.840000000    4.829380484    4.905057031    4.669128464
    4.850000000    4.926743265    4.995689516    4.785594990
    4.860000000    4.989264687    5.040105240    4.844344512
    4.870000000    5.013901539    5.044434825    4.859153567
    4.880000000    5.008477073    5.027743539    4.862990824
    4.890000000    4.987093840    5.015290818    4.901299867
    4.900000000    4.958075638    5.022787325    5.008689256
    4.910000000    4.921465401    5.050933623    5.187114360
    4.920000000    4.874988240    5.089771113    5.396317520
    4.930000000    4.816440611    5.122706898    5.561046612
    4.940000000    4.741554746    5.129805039    5.605542893
    4.950000000    4.646235013    5.093956252    5.504471476
    4.960000000    4.534861244    5.010261637    5.301128239
    4.970000000    4.423603796    4.893528715    5.073566134
    4.980000000    4.333258486    4.776430322    4.891808696
    4.990000000    4.280447666    4.697189573    4.797093278
    5.000000000    4.273491062    4.683357395    4.796454352
    5.010000000    4.309635507    4.740350368    4.867457525
    5.020000000    4.375914823    4.851792499    4.975367014
    5.030000000    4.458158937    4.990276410    5.090731729
    5.040000000    4.548224568    5.125797127    5.187490995
    5.050000000    4.643385603    5.229885010    5.233569120
    5.060000000    4.746583582    5.288713416    5.202949471
    5.070000000    4.864404251    5.315018345    5.099033004
    5.080000000    4.996637044    5.336806798    4.955381170
    5.090000000    5.133046267    5.377299670    4.811686377
    5.100000000    5.268433679    5.451175140    4.693889076
    5.110000000    5.416839485    5.570551420    4.612603259
    5.120000000    5.605786643    5.746271670    4.570145318
    5.130000000    5.855762794    5.981066780    4.565249783
    5.140000000    6.159405473    6.255569990    4.589442886
    5.150000000    6.476234098    6.522773634    4.622543969
    5.160000000    6.750400451    6.724465173    4.640652598
    5.170000000    6.941055781    6.819513672    4.632627416
    5.180000000    7.042348875    6.805237982    4.608828433
    5.190000000    7.072923307    6.713186625    4.592173696
    5.200000000    7.049144360    6.580656282    4.601269027
    5.210000000    6.974956560    6.428430945    4.644298274
    5.220000000    6.852115372    6.263273648    4.722797851
    5.230000000    6.692151570    6.091332314    4.832503397
    5.240000000    6.519613584    5.923504720    4.963139049
    5.250000000    6.363859679    5.771560891    5.102591793
    5.260000000    6.244837979    5.643647906    5.239186123
    5.270000000    6.167990143    5.544274583    5.361882661
    5.280000000    6.135623772    5.479375608    5.468881776
    5.290000000    6.160790767    5.461908861    5.577626340
    5.300000000    6.261118800    5.506773350    5.713616263
    5.310000000    6.438785566    5.617467889    5.884016942
    5.320000000    6.671435693    5.780456371    6.064425493
    5.330000000    6.917156522    5.969030397    6.211367033
    5.340000000    7.124572994    6.149367628    6.291965836
    5.350000000    7.250170054    6.291709510    6.306476319
    5.360000000    7.281371110    6.388265876    6.283780247
    5.370000000    7.246893280    6.464147671    6.259444533
    5.380000000    7.200590011    6.566873659    6.261009903
    5.390000000    7.191175981    6.739532640    6.305340394
    5.400000000    7.242846739    6.997817698    6.395149655
    5.410000000    7.355907674    7.325679875    6.517332806
    5.420000000    7.519669344    7.689848305    6.654449641
    5.430000000    7.727077171    8.060380898    6.801900870
    5.440000000    7.979711397    8.422572452    6.974535280
    5.450000000    8.278736554    8.776856077    7.196533688
    5.460000000    8.610959784    9.127808610    7.485128503
    5.470000000    8.945182659    9.468895304    7.840350894
    5.480000000    9.240203343    9.772133150    8.239498064
    5.490000000    9.453364301    9.987507301    8.639346801
    5.500000000    9.551860464   10.064337388    8.992263682
    5.510000000    9.529229820    9.989456040    9.266363792
    5.520000000    9.413567842    9.805553351    9.460544692
    5.530000000    9.255110630    9.585793283    9.604564335
    5.540000000    9.099512436    9.389091550    9.734385125
    5.550000000    8.972331446    9.240755856    9.873729336
    5.560000000    8.883229253    9.142800957   10.044821151
    5.570000000    8.830828165    9.085481871   10.278180024
    5.580000000    8.801809593    9.050823338   10.603343883
    5.590000000    8.775169950    9.017469170   11.031346389
    5.600000000    8.733594858    8.968380385   11.537374672
    5.610000000    8.675150078    8.898323059   12.062872353
    5.620000000    8.618962392    8.822437966   12.549874108
    5.630000000    8.596252404    8.775803564   12.974048521
    5.640000000    8.628225898    8.792720448   13.345202527
    5.650000000    8.705497646    8.877179993   13.685310020
    5.660000000    8.782471275    8.988253728   13.997618398
    5.670000000    8.801428168    9.061816142   14.253242206
    5.680000000    8.734703305    9.056009546   14.418827462
    5.690000000    8.600613829    8.973111311   14.487243800
    5.700000000    8.443941741    8.846809117   14.470340155
    5.710000000    8.311132661    8.723720007   14.378513681
    5.720000000    8.233135594    8.645760102   14.220260308
    5.730000000    8.214658775    8.632889833   14.012921700
    5.740000000    8.235347819    8.679811199   13.782125594
    5.750000000    8.264768929    8.765783038   13.549469541
    5.760000000    8.281121048    8.863407851   13.330243618
    5.770000000    8.278025708    8.940247370   13.137781192
    5.780000000    8.257213021    8.960959165   12.973849221
    5.790000000    8.224363778    8.902709400   12.820770495
    5.800000000    8.193557730    8.774880210   12.657308808
    5.810000000    8.183498631    8.614694727   12.480963960
    5.820000000    8.203422959    8.461154938   12.307181606
    5.830000000    8.245308491    8.336821164   12.143958184
    5.840000000    8.288636382    8.246607237   11.971178422
    5.850000000    8.310784875    8.184278066   11.756459537
    5.860000000    8.295656504    8.140029940   11.491419515
    5.870000000    8.241329152    8.108075523   11.204418565
    5.880000000    8.166608404    8.091783229   10.935693544
    5.890000000    8.103198993    8.099264208   10.701702786
    5.900000000    8.074244417    8.132467358   10.491631045
    5.910000000    8.083027800    8.182402409   10.298305875
    5.920000000    8.120153015    8.233044017   10.138444346
    5.930000000    8.173414609    8.268039377   10.037764627
    5.940000000    8.230679932    8.276757227   10.004818096
    5.950000000    8.279896688    8.255714139   10.023316744
    5.960000000    8.311517873    8.206040164   10.064212094
    5.970000000    8.323424614    8.134235024   10.106074510
    5.980000000    8.318342436    8.052119998   10.150738090
    5.990000000    8.290649309    7.966918252   10.216099543
    6.000000000    8.221837228    7.871616807   10.308271518
    6.010000000    8.099437451    7.753272683   10.408632118
    6.020000000    7.934900947    7.608703536   10.491155207
    6.030000000    7.753907742    7.444649185   10.539973383
    6.040000000    7.580542483    7.271398324   10.549063281
    6.050000000    7.437214765    7.105141979   10.518404480
    6.060000000    7.346677156    6.968572258   10.454374747
    6.070000000    7.326465922    6.884039612   10.368048199
    6.080000000    7.383014275    6.867512793   10.270609709
    6.090000000    7.510621983    6.927204520   10.173261620
    6.100000000    7.695296208    7.065070539   10.092960062
    6.110000000    7.917667977    7.274936953   10.050202138
    6.120000000    8.151890632    7.535763498   10.055172224
    6.130000000    8.367152189    7.809558740   10.095195604
    6.140000000    8.534224089    8.050877388   10.134795521
    6.150000000    8.636226540    8.225804438   10.140413840
    6.160000000    8.678350119    8.327565415   10.115008023
    6.170000000    8.684459985    8.375007173   10.098310613
    6.180000000    8.683276206    8.398535528   10.127350585
    6.190000000    8.697371603    8.426197363   10.207005910
    6.200000000    8.738668768    8.475810049   10.320723896
    6.210000000    8.807916573    8.553647791   10.455847410
    6.220000000    8.897687803    8.657591025   10.610420190
    6.230000000    8.999940991    8.782516923   10.782188223
    6.240000000    9.113757664    8.925144137   10.957800223
    6.250000000    9.244023239    9.083710388   11.112513194
    6.260000000    9.390606544    9.249997154   11.220611078
    6.270000000    9.540801205    9.403352357   11.268013999
    6.280000000    9.676982610    9.520668188   11.255663195
    6.290000000    9.793329484    9.596279223   11.191993696
    6.300000000    9.900545544    9.646877038   11.084082051
    6.310000000   10.012666926    9.695567348   10.931265368
    6.320000000   10.134651199    9.757310124   10.726180290
    6.330000000   10.261151682    9.836262718   10.471673007
    6.340000000   10.378553892    9.926393482   10.198759165
    6.350000000   10.466918499   10.012501151    9.960954865
    6.360000000   10.506312605   10.077068738    9.804667006
    6.370000000   10.485815488   10.111291426    9.740214051
    6.380000000   10.408007458   10.118980647    9.736864990
    6.390000000   10.287359467   10.109532562    9.745060739
    6.400000000   10.145905201   10.091464605    9.728532047
    6.410000000   10.006048983   10.070308046    9.681563579
    6.420000000    9.880497932   10.044655878    9.616587909
    6.430000000    9.764714189   10.002965761    9.540392859
    6.440000000    9.639506427    9.926945772    9.447356279
    6.450000000    9.486419609    9.803825257    9.328092853
    6.460000000    9.304695778    9.639530243    9.181041910
    6.470000000    9.113155048    9.456043098    9.021945426
    6.480000000    8.936808744    9.276612225    8.885730682
    6.490000000    8.791140014    9.115399898    8.813750313
    6.500000000    8.677256232    8.977223985    8.830170236
    6.510000000    8.590834320    8.863870884    8.925224528
    6.520000000    8.529781451    8.776282293    9.060267443
    6.530000000    8.490789183    8.709115094    9.193893346
    6.540000000    8.465704879    8.650667012    9.309449130
    6.550000000    8.443818779    8.592589750    9.414261058
    6.560000000    8.413834163    8.534677135    9.508546809
    6.570000000    8.366148969    8.479239717    9.564754520
    6.580000000    8.301599765    8.431398192    9.547593363
    6.590000000    8.238157372    8.407402031    9.449418207
    6.600000000    8.201161547    8.429914869    9.299078533
    6.610000000    8.202680524    8.508376146    9.139275501
    6.620000000    8.231304761    8.628148804    8.996380623
    6.630000000    8.262544034    8.760261794    8.867974623
    6.640000000    8.274063184    8.874965579    8.734609944
    6.650000000    8.251935620    8.946278236    8.584081617
    6.660000000    8.195072620    8.958097096    8.433519875
    6.670000000    8.115845511    8.910901946    8.327385887
    6.680000000    8.028499908    8.815690422    8.304513167
    6.690000000    7.939323988    8.684552127    8.366958531
    6.700000000    7.850609965    8.531050666    8.479056668
    6.710000000    7.765448721    8.371257440    8.588679540
    6.720000000    7.685232096    8.219367398    8.650492323
    6.730000000    7.607369181    8.082712448    8.644109942
    6.740000000    7.526450820    7.958660991    8.583376007
    6.750000000    7.439321348    7.838579034    8.507689236
    6.760000000    7.352098801    7.719840870    8.461568868
    6.770000000    7.279015295    7.610950848    8.477262922
    6.780000000    7.231671967    7.521843012    8.565102590
    6.790000000    7.209767037    7.453658577    8.712452032
    6.800000000    7.199373920    7.397552212    8.886345167
    6.810000000    7.179342824    7.338637875    9.038513934
    6.820000000    7.133930153    7.264036777    9.126479333
    6.830000000    7.062696928    7.171960326    9.141433763
    6.840000000    6.981609242    7.073135453    9.102907252
    6.850000000    6.917731934    6.984065015    9.023290407
    6.860000000    6.900127308    6.920854930    8.896180235
    6.870000000    6.948006434    6.895588740    8.722915568
    6.880000000    7.059426598    6.909589561    8.531182388
    6.890000000    7.207939035    6.947656623    8.359537984
    6.900000000    7.354032033    6.985019358    8.234166125
    6.910000000    7.462356419    7.002766057    8.160807467
    6.920000000    7.508984062    6.992581676    8.127989378
    6.930000000    7.483674996    6.950142043    8.115351817
    6.940000000    7.395519827    6.874713515    8.105905612
    6.950000000    7.273983264    6.777837878    8.099898486
    6.960000000    7.158005497    6.685045906    8.117076690
    6.970000000    7.076110123    6.620709448    8.178857319
    6.980000000    7.033288804    6.591821692    8.289829303
    6.990000000    7.016217295    6.588509560    8.431526214
    7.000000000    7.008731164    6.597347826    8.564533233
    7.010000000    7.004833780    6.614669696    8.648525069
    7.020000000    7.009951382    6.647605584    8.675391507
    7.030000000    7.029123731    6.700166234    8.673544885
    7.040000000    7.055245672    6.760699141    8.673198691
    7.050000000    7.070738535    6.806122543    8.676443385
    7.060000000    7.059357384    6.817317890    8.658101124
    7.070000000    7.015328231    6.790409056    8.586114899
    7.080000000    6.944915532    6.736976834    8.443863688
    7.090000000    6.864083533    6.676535026    8.240486459
    7.100000000    6.794260335    6.628673110    8.006628083
    7.110000000    6.754418697    6.608370417    7.781318445
    7.120000000    6.752020236    6.621679291    7.594241967
    7.130000000    6.782016263    6.664721392    7.454175256
    7.140000000    6.837313123    6.732759675    7.352599391
    7.150000000    6.919064870    6.830478401    7.276035653
    7.160000000    7.033719967    6.968387852    7.216162589
    7.170000000    7.180487081    7.147759793    7.173728504
    7.180000000    7.342138183    7.349815469    7.152576094
    7.190000000    7.488351688    7.541396772    7.147860483
    7.200000000    7.590502934    7.693356893    7.144598386
    7.210000000    7.637607575    7.796136026    7.129219536
    7.220000000    7.644640774    7.863196119    7.097729266
    7.230000000    7.645096443    7.921243952    7.054343549
    7.240000000    7.667016748    7.989725625    7.008626247
    7.250000000    7.713178651    8.062672491    6.972058205
    7.260000000    7.765263728    8.111122427    6.951013685
    7.270000000    7.803107570    8.105496893    6.943567449
    7.280000000    7.815824150    8.035116321    6.945160714
    7.290000000    7.800199323    7.909425365    6.953387309
    7.300000000    7.758744071    7.750953846    6.967843619
    7.310000000    7.698177547    7.588010639    6.990982092
    7.320000000    7.623645894    7.444032275    7.027188378
    7.330000000    7.534129372    7.328483756    7.078906300
    7.340000000    7.426932846    7.238513608    7.146623746
    7.350000000    7.309255261    7.169800623    7.232030648
    7.360000000    7.200162151    7.122257538    7.338115352
    7.370000000    7.117790112    7.095363814    7.463435053
    7.380000000    7.069345416    7.085889483    7.596656669
    7.390000000    7.052300169    7.093653846    7.717722257
    7.400000000    7.059411301    7.124596175    7.805427487
    7.410000000    7.082821894    7.184115696    7.849581687
    7.420000000    7.117144509    7.267633841    7.859226385
    7.430000000    7.157863373    7.356478142    7.854350721
    7.440000000    7.195054628    7.421050797    7.845422250
    7.450000000    7.214141963    7.434169740    7.825292976
    7.460000000    7.206257510    7.389654510    7.784927617
    7.470000000    7.171820366    7.306338262    7.729633779
    7.480000000    7.113530316    7.210627929    7.672091289
    7.490000000    7.037923786    7.121955228    7.614884834
    7.500000000    6.963181031    7.054426946    7.547727321
    7.510000000    6.911410512    7.018585935    7.459358828
    7.520000000    6.894751635    7.019706511    7.348850537
    7.530000000    6.919375395    7.064277501    7.229599720
    7.540000000    6.998318393    7.166330915    7.125251009
    7.550000000    7.148814767    7.338043486    7.057494098
    7.560000000    7.377887666    7.575116722    7.033792127
    7.570000000    7.672980969    7.853140583    7.043977602
    7.580000000    8.003606637    8.135624640    7.066902565
    7.590000000    8.333836541    8.387288034    7.085505826
    7.600000000    8.636708677    8.582826999    7.097906299
    7.610000000    8.899664721    8.709929237    7.108035158
    7.620000000    9.119897903    8.772321074    7.105307666
    7.630000000    9.292423044    8.786266596    7.062971966
    7.640000000    9.403389134    8.768097387    6.964389097
    7.650000000    9.445806973    8.729324762    6.826013567
    7.660000000    9.441405376    8.683164930    6.687464454
    7.670000000    9.431596986    8.645357554    6.583757024
    7.680000000    9.442143849    8.624896171    6.528492981
    7.690000000    9.465214608    8.619140526    6.515753143
    7.700000000    9.478863590    8.621452712    6.534981025
    7.710000000    9.473753385    8.630283413    6.584863154
    7.720000000    9.450136694    8.645250197    6.670925971
    7.730000000    9.399161912    8.657709195    6.793750309
    7.740000000    9.307458680    8.654446235    6.946071662
    7.750000000    9.179960394    8.633142162    7.116732031
    7.760000000    9.045494237    8.610891138    7.290932982
    7.770000000    8.938743285    8.614822805    7.449605168
    7.780000000    8.880610150    8.662040060    7.573881441
    7.790000000    8.871864636    8.745210464    7.652300984
    7.800000000    8.897673639    8.834937317    7.684878452
    7.810000000    8.935341382    8.897819065    7.683057467
    7.820000000    8.963629029    8.918218050    7.668775392
    7.830000000    8.971171845    8.906094766    7.669742858
    7.840000000    8.956694818    8.885477257    7.705024340
    7.850000000    8.921529829    8.875143213    7.769248969
    7.860000000    8.864965161    8.876507487    7.834789611
    7.870000000    8.791730136    8.879727869    7.870754270
    7.880000000    8.720413446    8.880096000    7.856414559
    7.890000000    8.676223779    8.886112810    7.782601916
    7.900000000    8.672644701    8.912124310    7.651625764
    7.910000000    8.697390469    8.961771869    7.478148937
    7.920000000    8.715756441    9.019970653    7.285351783
    7.930000000    8.691366923    9.061885690    7.095501795
    7.940000000    8.608070308    9.065482578    6.921452830
    7.950000000    8.470247991    9.010403530    6.763572943
    7.960000000    8.282850599    8.870059710    6.612467756
    7.970000000    8.045809417    8.624544682    6.455996877
    7.980000000    7.767836854    8.286097553    6.285868148
    7.990000000    7.465655814    7.896162986    6.099632842
    8.000000000    7.150922622    7.498979277    5.901614645
    8.010000000    6.833115614    7.129689017    5.704602320
    8.020000000    6.530138439    6.816940503    5.525251342
    8.030000000    6.264090903    6.579014088    5.374527320
    8.040000000    6.048604337    6.415616306    5.253766554
    8.050000000    5.884621444    6.308562672    5.157757408
    8.060000000    5.764873712    6.232635201    5.079499763
    8.070000000    5.679783830    6.169905290    5.014083233
    8.080000000    5.621406623    6.118110136    4.960164885
    8.090000000    5.583114547    6.086069467    4.918645926
    8.100000000    5.557337851    6.082043753    4.890978037
    8.110000000    5.536659006    6.105549680    4.878583173
    8.120000000    5.516339248    6.145025539    4.882019825
    8.130000000    5.493602828    6.180924845    4.897943228
    8.140000000    5.465817130    6.196455400    4.917065374
    8.150000000    5.431184341    6.190436160    4.929072024
    8.160000000    5.389949180    6.177084979    4.931507608
    8.170000000    5.344537978    6.171552259    4.931338969
    8.180000000    5.300122797    6.179785847    4.935951138
    8.190000000    5.263918176    6.199902199    4.944108235
    8.200000000    5.239681848    6.221434876    4.945199055
    8.210000000    5.221743194    6.220501714    4.925534999
    8.220000000    5.198974447    6.169233734    4.876356113
    8.230000000    5.167026316    6.058048320    4.799122133
    8.240000000    5.134038256    5.905475036    4.706776852
    8.250000000    5.114493581    5.747425136    4.619671851
    8.260000000    5.118907595    5.617893150    4.555178160
    8.270000000    5.145345228    5.531218310    4.516963154
    8.280000000    5.178697425    5.476619753    4.493299296
    8.290000000    5.201554285    5.431524374    4.466564246
    8.300000000    5.206798075    5.381382127    4.426692340
    8.310000000    5.199502853    5.326648855    4.377077629
    8.320000000    5.189310207    5.274915531    4.328197217
    8.330000000    5.182324350    5.231031365    4.288821891
    8.340000000    5.179774551    5.194738526    4.264251708
    8.350000000    5.182758701    5.164343959    4.257281777
    8.360000000    5.194563861    5.138980256    4.266982519
    8.370000000    5.217451536    5.116960874    4.287536857
    8.380000000    5.249404044    5.093192718    4.309469189
    8.390000000    5.283815675    5.058865748    4.322543739
    8.400000000    5.310572242    5.004701704    4.318316746
    8.410000000    5.319424563    4.926346210    4.292756198
    8.420000000    5.307419377    4.829550688    4.249880019
    8.430000000    5.284285798    4.730972063    4.202868150
    8.440000000    5.268243224    4.651282424    4.167099104
    8.450000000    5.276955208    4.605879526    4.148846518
    8.460000000    5.320713307    4.600153287    4.141375466
    8.470000000    5.399181334    4.629944935    4.131187494
    8.480000000    5.503952487    4.686222474    4.105845896
    8.490000000    5.626772215    4.762207344    4.057498575
    8.500000000    5.763100456    4.855545530    3.982668590
    8.510000000    5.905940527    4.962727834    3.883399946
    8.520000000    6.043819812    5.076253708    3.772145377
    8.530000000    6.168788227    5.188706982    3.671360422
    8.540000000    6.279542068    5.294329288    3.602930265
    8.550000000    6.374654060    5.386548850    3.577544699
    8.560000000    6.449671422    5.460074081    3.593034686
    8.570000000    6.503250490    5.516524091    3.639578224
    8.580000000    6.542748320    5.565307440    3.705455648
    8.590000000    6.581823855    5.618577738    3.778820706
    8.600000000    6.632706557    5.685337137    3.847124439
    8.610000000    6.700559261    5.768314448    3.899333058
    8.620000000    6.783179224    5.864204876    3.928995031
    8.630000000    6.873881400    5.966320460    3.934000481
    8.640000000    6.964115557    6.066702332    3.914549230
    8.650000000    7.044144130    6.156729086    3.872683909
    8.660000000    7.104076816    6.228971899    3.813305682
    8.670000000    7.136601015    6.280119687    3.744297497
    8.680000000    7.138981840    6.312575464    3.674415663
    8.690000000    7.111897494    6.333128163    3.609995536
    8.700000000    7.057358643    6.349025147    3.553831960
    8.710000000    6.977650273    6.363634567    3.505983722
    8.720000000    6.876634432    6.376426693    3.465106394
    8.730000000    6.763661194    6.387971863    3.431602585
    8.740000000    6.652849802    6.401263563    3.410043267
    8.750000000    6.556150788    6.418217273    3.406484758
    8.760000000    6.480711964    6.441136990    3.424321410
    8.770000000    6.431940591    6.476191911    3.463036107
    8.780000000    6.412493001    6.528502867    3.517872199
    8.790000000    6.418338063    6.595180544    3.580371159
    8.800000000    6.439853897    6.666467293    3.641006262
    8.810000000    6.466977182    6.731640657    3.693179501
    8.820000000    6.492402453    6.783022395    3.737022262
    8.830000000    6.509826978    6.816084467    3.778012460
    8.840000000    6.510549150    6.826825292    3.820218250
    8.850000000    6.483703484    6.810838467    3.861370559
    8.860000000    6.421863360    6.768228539    3.893236687
    8.870000000    6.329774077    6.710590424    3.907566011
    8.880000000    6.227142097    6.659131071    3.904869999
    8.890000000    6.137949986    6.631071726    3.898535221
    8.900000000    6.076832562    6.628486883    3.910191726
    8.910000000    6.047430261    6.641920960    3.959736695
    8.920000000    6.048499741    6.660938261    4.056652074
    8.930000000    6.075738406    6.677962902    4.197213702
    8.940000000    6.120197641    6.686335118    4.366257277
    8.950000000    6.169142964    6.679296650    4.539978626
    8.960000000    6.207721419    6.648511159    4.690947671
    8.970000000    6.220200456    6.582702966    4.795942282
    8.980000000    6.194316334    6.473302228    4.841951762
    8.990000000    6.128173592    6.324252248    4.827788444
    9.000000000    6.031962778    6.152558645    4.762594080
    9.010000000    5.920389435    5.978067066    4.663140358
    9.020000000    5.804356799    5.816632904    4.551053702
    9.030000000    5.689897306    5.681016496    4.448793716
    9.040000000    5.581126584    5.581574588    4.373400785
    9.050000000    5.483239488    5.525716995    4.332262472
    9.060000000    5.405210267    5.518940265    4.325161576
    9.070000000    5.359250208    5.564841461    4.350373702
    9.080000000    5.355628754    5.662203897    4.408118743
    9.090000000    5.397631377    5.802708360    4.497860784
    9.100000000    5.480249915    5.972522652    4.614411269
    9.110000000    5.590776421    6.154721663    4.748222016
    9.120000000    5.710154794    6.329868773    4.888422840
    9.130000000    5.817799122    6.478866251    5.024165031
    9.140000000    5.898988490    6.588690813    5.143438688
    9.150000000    5.949323036    6.655720909    5.233644078
    9.160000000    5.972626692    6.683315782    5.286660904
    9.170000000    5.974447604    6.674404078    5.302963716
    9.180000000    5.957419119    6.624797302    5.290063521
    9.190000000    5.921809253    6.525924746    5.258815545
    9.200000000    5.869595975    6.377372764    5.219840381
    9.210000000    5.807926362    6.195806017    5.178995477
    9.220000000    5.748366620    6.009604015    5.136703453
    9.230000000    5.702332069    5.846137126    5.094282866
    9.240000000    5.676147563    5.723258518    5.059068516
    9.250000000    5.668762626    5.646346209    5.040294822
    9.260000000    5.672910900    5.608722698    5.041229009
    9.270000000    5.678523145    5.596447096    5.058518952
    9.280000000    5.677211790    5.596765154    5.088882146
    9.290000000    5.667180723    5.605090967    5.133373479
    9.300000000    5.654246578    5.624369254    5.193431725
    9.310000000    5.644845567    5.656687264    5.264698620
    9.320000000    5.638621635    5.696487803    5.337361208
    9.330000000    5.630168758    5.733319584    5.400932203
    9.340000000    5.615836522    5.760007316    5.446819659
    9.350000000    5.596543429    5.775942846    5.470337691
    9.360000000    5.573688361    5.781402129    5.472440328
    9.370000000    5.543246881    5.771570051    5.456152562
    9.380000000    5.495397597    5.738683312    5.421729029
    9.390000000    5.420091109    5.677454173    5.368671221
    9.400000000    5.314447580    5.587846332    5.300708726
    9.410000000    5.186549365    5.475380669    5.224161281
    9.420000000    5.051478119    5.349210690    5.142222687
    9.430000000    4.924275402    5.220148698    5.056230173
    9.440000000    4.816915733    5.100212891    4.971722725
    9.450000000    4.738677198    5.000672247    4.897436698
    9.460000000    4.695076821    4.927680271    4.838860310
    9.470000000    4.684385947    4.878777607    4.794506511
    9.480000000    4.696444499    4.843800942    4.756740103
    9.490000000    4.716879456    4.810686695    4.716840903
    9.500000000    4.732930979    4.771596113    4.670937794
    9.510000000    4.735998565    4.724022856    4.620501480
    9.520000000    4.721620748    4.667387766    4.566741057
    9.530000000    4.689381851    4.600428674    4.505787727
    9.540000000    4.643730651    4.523637827    4.431678078
    9.550000000    4.594839576    4.444105669    4.345351017
    9.560000000    4.554603757    4.373799344    4.257544279
    9.570000000    4.528458798    4.320798510    4.180161576
    9.580000000    4.512365883    4.284321763    4.116839381
    9.590000000    4.497761845    4.258201100    4.061522622
    9.600000000    4.477878550    4.236428158    4.003907971
    9.610000000    4.450229670    4.215150689    3.937720802
    9.620000000    4.415275270    4.191454634    3.865558470
    9.630000000    4.374830562    4.162518509    3.796415350
    9.640000000    4.332270555    4.127708502    3.739557710
    9.650000000    4.292548626    4.090520366    3.699974307
    9.660000000    4.261083437    4.056708085    3.677423502
    9.670000000    4.242992616    4.031496886    3.668177369
    9.680000000    4.243092348    4.019557351    3.666691256
    9.690000000    4.264774244    4.025245647    3.665579351
    9.700000000    4.306897194    4.049787679    3.655570325
    9.710000000    4.362261580    4.088332131    3.628656011
    9.720000000    4.419705979    4.131225245    3.583677611
    9.730000000    4.467030951    4.168924838    3.528974016
    9.740000000    4.493071700    4.195752637    3.478322483
    9.750000000    4.490286282    4.209873559    3.442235642
    9.760000000    4.457800280    4.211329928    3.421700526
    9.770000000    4.401520888    4.200360311    3.409517047
    9.780000000    4.331245573    4.177637706    3.396683975
    9.790000000    4.258815103    4.146353781    3.378078403
    9.800000000    4.196536989    4.112594082    3.353966097
    9.810000000    4.153327556    4.081876004    3.326739703
    9.820000000    4.131911284    4.055845618    3.297626061
    9.830000000    4.129703613    4.032739269    3.268302726
    9.840000000    4.141151357    4.009780162    3.243440657
    9.850000000    4.159335312    3.984690620    3.228668522
    9.860000000    4.177018813    3.955608072    3.226745813
    9.870000000    4.188808274    3.921257504    3.237096837
    9.880000000    4.192869990    3.882042329    3.256706124
    9.890000000    4.188604031    3.839179786    3.278463728
    9.900000000    4.171892287    3.791687140    3.290981961
    9.910000000    4.134223342    3.735893813    3.284852090
    9.920000000    4.070121201    3.670369450    3.260056236
    9.930000000    3.985619747    3.600457470    3.225736528
    9.940000000    3.895735926    3.535357165    3.193762833
    9.950000000    3.814095334    3.481870993    3.173460828
    9.960000000    3.746927637    3.442443640    3.169012343
    9.970000000    3.694569156    3.417293678    3.178743353
    9.980000000    3.654580037    3.405372019    3.197492543
    9.990000000    3.622451240    3.402896113    3.220629915
   10.000000000    3.592471646    3.403802090    3.246356067
   10.010000000    3.560913494    3.403245309    3.275082419
   10.020000000    3.528868374    3.400239611    3.307904280
   10.030000000    3.501631067    3.396977604    3.346441893
   10.040000000    3.484576377    3.395972434    3.393079110
   10.050000000    3.479420364    3.398440946    3.448991033
   10.060000000    3.484853472    3.405670809    3.511864203
   10.070000000    3.499133054    3.420164494    3.577384510
   10.080000000    3.520516888    3.443677674    3.642332984
   10.090000000    3.545873819    3.474078892    3.705032263
   10.100000000    3.570493134    3.505174779    3.763284612
   10.110000000    3.590230228    3.530622794    3.812635211
   10.120000000    3.603186005    3.548090559    3.847984334
   10.130000000    3.609071501    3.559419287    3.867211637
   10.140000000    3.607927358    3.567516232    3.872256232
   10.150000000    3.599370216    3.573605077    3.867241999
   10.160000000    3.583093617    3.577193010    3.856460498
   10.170000000    3.561337387    3.578516007    3.844992484
   10.180000000    3.539978556    3.579391149    3.840070543
   10.190000000    3.525242899    3.580699771    3.848553595
   10.200000000    3.520082710    3.581403255    3.873391191
   10.210000000    3.524049145    3.581059238    3.913998927
   10.220000000    3.534815793    3.581589713    3.969033282
   10.230000000    3.549164942    3.585807151    4.038313760
   10.240000000    3.564298924    3.595531859    4.123500760
   10.250000000    3.579495845    3.611978387    4.228596954
   10.260000000    3.596183990    3.637531730    4.360015770
   10.270000000    3.617402194    3.677456359    4.525601445
   10.280000000    3.647967873    3.739496772    4.733062798
   10.290000000    3.693376040    3.829810255    4.989091837
   10.300000000    3.756899710    3.948276948    5.297530743
   10.310000000    3.837709922    4.087125794    5.652798667
   10.320000000    3.931123768    4.232985781    6.033188827
   10.330000000    4.030485440    4.371458867    6.404798258
   10.340000000    4.130078243    4.492278435    6.735015964
   10.350000000    4.226114436    4.591148775    7.000966697
   10.360000000    4.314852367    4.667403733    7.189096940
   10.370000000    4.391225328    4.720725779    7.298441557
   10.380000000    4.449781458    4.750560939    7.347251720
   10.390000000    4.487073805    4.758835432    7.369031888
   10.400000000    4.504975179    4.752650076    7.398280183
   10.410000000    4.512801200    4.743624140    7.457181598
   10.420000000    4.523708956    4.743353045    7.549988845
   10.430000000    4.547295589    4.759208151    7.664954914
   10.440000000    4.586437758    4.794782199    7.780485053
   10.450000000    4.639685430    4.851731943    7.874713023
   10.460000000    4.703865502    4.928712349    7.936554238
   10.470000000    4.774541646    5.019089515    7.969841870
   10.480000000    4.845967080    5.110804439    7.985683492
   10.490000000    4.912068937    5.189788957    7.990535340
   10.500000000    4.968459948    5.245990045    7.982400422
   10.510000000    5.013496023    5.277464274    7.956282457
   10.520000000    5.046732207    5.287578389    7.909867436
   10.530000000    5.067272150    5.278101166    7.845420184
   10.540000000    5.075030300    5.246982166    7.767806254
   10.550000000    5.072441339    5.193102879    7.680184249
   10.560000000    5.063157102    5.121019052    7.582192938
   10.570000000    5.049483773    5.040686530    7.471586655
   10.580000000    5.031735689    4.963522547    7.346961643
   10.590000000    5.009187426    4.897536318    7.210027856
   10.600000000    4.981467905    4.845259017    7.065728163
   10.610000000    4.950379436    4.806414704    6.920290613
   10.620000000    4.921085485    4.781724674    6.778612241
   10.630000000    4.901598405    4.774614484    6.642073496
   10.640000000    4.900671163    4.790400057    6.509375100
   10.650000000    4.924562156    4.832594537    6.381570864
   10.660000000    4.974790713    4.899216219    6.265919256
   10.670000000    5.047773951    4.982735883    6.172477531
   10.680000000    5.135513981    5.072627089    6.107183955
   10.690000000    5.227682659    5.158573320    6.069049365
   10.700000000    5.314356403    5.233135361    6.051492190
   10.710000000    5.387079907    5.291304330    6.043724095
   10.720000000    5.439597264    5.328673078    6.032684541
   10.730000000    5.469596296    5.342597960    6.006970523
   10.740000000    5.479408386    5.335222302    5.961945485
   10.750000000    5.475635393    5.314098486    5.903144373
   10.760000000    5.468389766    5.289829627    5.841475635
   10.770000000    5.468779848    5.273506526    5.782465323
   10.780000000    5.484133291    5.273703972    5.722322495
   10.790000000    5.513755143    5.292640460    5.654167869
   10.800000000    5.548670836    5.324714021    5.574588588
   10.810000000    5.576444606    5.359211330    5.484490103
   10.820000000    5.587864455    5.385450650    5.387927828
   10.830000000    5.580349905    5.397923854    5.293179841
   10.840000000    5.556856763    5.398210997    5.213042167
   10.850000000    5.522464145    5.391440939    5.159167597
   10.860000000    5.481492779    5.381521042    5.133894738
   10.870000000    5.437197840    5.370180162    5.127893890
   10.880000000    5.392554912    5.357678533    5.126661616
   10.890000000    5.349309383    5.342251261    5.120205464
   10.900000000    5.306750955    5.321093024    5.108218263
   10.910000000    5.263807056    5.294891209    5.098808049
   10.920000000    5.222419242    5.270831657    5.102344265
   10.930000000    5.187315184    5.259612565    5.123893921
   10.940000000    5.163175558    5.270137474    5.159050335
   10.950000000    5.153408679    5.306749911    5.195701199
   10.960000000    5.159944451    5.368066361    5.221589872
   10.970000000    5.181102077    5.445619886    5.232755689
   10.980000000    5.210179266    5.525405714    5.234806851
   10.990000000    5.238712803    5.593822091    5.236866857
   11.000000000    5.261423640    5.642272370    5.246292716
   11.010000000    5.277364531    5.666630035    5.266955599
   11.020000000    5.288296349    5.666371677    5.298059483
   11.030000000    5.297280603    5.646032600    5.334616453
   11.040000000    5.306260636    5.614093563    5.371102688
   11.050000000    5.313279321    5.578125130    5.404545926
   11.060000000    5.313476847    5.541220935    5.434823150
   11.070000000    5.303487301    5.501744611    5.464346009
   11.080000000    5.283130815    5.453964958    5.497755779
   11.090000000    5.253305423    5.390024341    5.539550200
   11.100000000    5.215744526    5.306112025    5.590669970
   11.110000000    5.174534925    5.208802166    5.648791376
   11.120000000    5.134831114    5.113059394    5.711667602
   11.130000000    5.100380067    5.033207025    5.777581343
   11.140000000    5.073399983    4.976329166    5.844150994
   11.150000000    5.055306874    4.941969819    5.910985610
   11.160000000    5.046326917    4.925145651    5.982585598
   11.170000000    5.045222235    4.919741397    6.066574208
   11.180000000    5.050231983    4.921256532    6.170786477
   11.190000000    5.058977864    4.926873217    6.301156315
   11.200000000    5.067288880    4.933312616    6.457622515
   11.210000000    5.071463404    4.937305641    6.629416006
   11.220000000    5.072718057    4.938849307    6.795306872
   11.230000000    5.076554608    4.941266070    6.929842667
   11.240000000    5.086367739    4.946189040    7.012558969
   11.250000000    5.099130135    4.949799693    7.037905794
   11.260000000    5.108814592    4.946289013    7.018141120
   11.270000000    5.114174349    4.935329617    6.973801416
   11.280000000    5.121672151    4.924942107    6.922286497
   11.290000000    5.139381407    4.926237245    6.873963457
   11.300000000    5.169187534    4.944850552    6.832545422
   11.310000000    5.205301266    4.976097629    6.797006495
   11.320000000    5.237760299    5.006874832    6.762692635
   11.330000000    5.257193949    5.023431496    6.720222600
   11.340000000    5.259782879    5.020421641    6.657192891
   11.350000000    5.248667134    5.003381514    6.564419776
   11.360000000    5.229219303    4.981912801    6.441526696
   11.370000000    5.203180024    4.960797529    6.298463186
   11.380000000    5.167507742    4.937388612    6.151326323
   11.390000000    5.118081399    4.906269955    6.013430006
   11.400000000    5.054241094    4.865728324    5.889407137
   11.410000000    4.979965337    4.819599083    5.778025173
   11.420000000    4.900804927    4.773199296    5.677990579
   11.430000000    4.820201891    4.729272841    5.590091631
   11.440000000    4.739238154    4.689040661    5.516803811
   11.450000000    4.658818849    4.654494571    5.460049844
   11.460000000    4.580978536    4.627318001    5.416702034
   11.470000000    4.509155380    4.607282138    5.376019092
   11.480000000    4.448100472    4.592604873    5.323211148
   11.490000000    4.402729762    4.581325099    5.247448818
   11.500000000    4.375832352    4.573039998    5.148857151
   11.510000000    4.365993045    4.568812271    5.039029206
   11.520000000    4.367115839    4.568091973    4.933401298
   11.530000000    4.369907803    4.566136447    4.841474929
   11.540000000    4.364738553    4.555079813    4.762346445
   11.550000000    4.344984308    4.527721288    4.687806714
   11.560000000    4.309502434    4.480427224    4.609681834
   11.570000000    4.262600816    4.414000898    4.525224787
   11.580000000    4.210547693    4.332993110    4.436131516
   11.590000000    4.157196757    4.243298622    4.345190171
   11.600000000    4.103393526    4.150594066    4.256618182
   11.610000000    4.050088350    4.061154409    4.175489570
   11.620000000    4.000882921    3.982321581    4.101999827
   11.630000000    3.961465196    3.921029197    4.027865778
   11.640000000    3.935853697    3.880944109    3.941437189
   11.650000000    3.922154446    3.859883329    3.836624765
   11.660000000    3.912597883    3.850443864    3.716733893
   11.670000000    3.898315957    3.844250687    3.590908852
   11.680000000    3.873446565    3.835879996    3.467955199
   11.690000000    3.836178289    3.823778735    3.353993026
   11.700000000    3.789075518    3.808844891    3.253872096
   11.710000000    3.738360458    3.792236611    3.171469930
   11.720000000    3.690812728    3.774154067    3.108272057
   11.730000000    3.650859709    3.754823195    3.062831748
   11.740000000    3.619923651    3.735451797    3.031924829
   11.750000000    3.596080354    3.716060459    3.011496168
   11.760000000    3.574026165    3.693210711    2.996253996
   11.770000000    3.547827535    3.661425925    2.979735669
   11.780000000    3.515525962    3.617482698    2.956128250
   11.790000000    3.481125506    3.564184395    2.922667816
   11.800000000    3.452037159    3.509769688    2.880881564
   11.810000000    3.434228183    3.462986739    2.835396942
   11.820000000    3.428148870    3.428448453    2.790777377
   11.830000000    3.428201404    3.405718435    2.749185304
   11.840000000    3.426202752    3.391136397    2.710307373
   11.850000000    3.416192114    3.380430547    2.672128724
   11.860000000    3.396581842    3.370399161    2.631359649
   11.870000000    3.368336087    3.358567708    2.584328007
   11.880000000    3.333000798    3.342664841    2.529362145
   11.890000000    3.293274880    3.321518336    2.469416403
   11.900000000    3.253916177    3.296116244    2.411610821
   11.910000000    3.220284921    3.268819236    2.363446847
   11.920000000    3.195299891    3.241205125    2.329438442
   11.930000000    3.177940741    3.213124002    2.309911884
   11.940000000    3.164358635    3.183255822    2.301299245
   11.950000000    3.149587180    3.149799143    2.298067995
   11.960000000    3.128822573    3.111212709    2.295807742
   11.970000000    3.099144697    3.067203900    2.293179489
   11.980000000    3.061212774    3.019815757    2.291440127
   11.990000000    3.019325219    2.973770778    2.292671116
   12.000000000    2.980088213    2.935229019    2.298416597
   12.010000000    2.950404372    2.909463605    2.309135871
   12.020000000    2.934297062    2.898482719    2.323503164
   12.030000000    2.930430877    2.899910407    2.337393504
   12.040000000    2.933926187    2.908649174    2.344871443
   12.050000000    2.940880248    2.919904415    2.342209823
   12.060000000    2.949658409    2.929946304    2.331002051
   12.070000000    2.958235036    2.934713987    2.316099939
   12.080000000    2.962596039    2.929440241    2.300682503
   12.090000000    2.957975911    2.910289317    2.283829267
   12.100000000    2.940898085    2.876521783    2.262185258
   12.110000000    2.910333799    2.831034478    2.233388767
   12.120000000    2.867625596    2.778753390    2.197940430
   12.130000000    2.816323068    2.725336371    2.158911939
   12.140000000    2.761600203    2.676554781    2.120607291
   12.150000000    2.708399941    2.636304900    2.086722440
   12.160000000    2.660451740    2.605090030    2.059389690
   12.170000000    2.621316405    2.581582898    2.039858680
   12.180000000    2.594504153    2.564904970    2.028782545
   12.190000000    2.581231551    2.554681035    2.024793233
   12.200000000    2.578361212    2.549313700    2.023340327
   12.210000000    2.578965989    2.544941917    2.018113051
   12.220000000    2.575550700    2.537176286    2.004523929
   12.230000000    2.563504013    2.523937034    1.982242791
   12.240000000    2.541999498    2.505869648    1.954828946
   12.250000000    2.512376632    2.484253217    1.927222412
   12.260000000    2.476453256    2.459307547    1.903243191
   12.270000000    2.436261953    2.431026836    1.884658241
   12.280000000    2.394356549    2.401158858    1.871196761
   12.290000000    2.353346923    2.372895952    1.860742415
   12.300000000    2.315162367    2.348373783    1.850824628
   12.310000000    2.281033763    2.327174902    1.841168415
   12.320000000    2.251667766    2.307005556    1.834319555
   12.330000000    2.226828165    2.285285672    1.833099215
   12.340000000    2.204800229    2.260404202    1.837613248
   12.350000000    2.182794332    2.232133411    1.844878599
   12.360000000    2.158501839    2.201221103    1.850437958
   12.370000000    2.131311618    2.168523062    1.849841873
   12.380000000    2.102031700    2.134521888    1.840227583
   12.390000000    2.072244534    2.100076265    1.821898478
   12.400000000    2.044126906    2.067339521    1.797506508
   12.410000000    2.019646174    2.038738551    1.769269779
   12.420000000    1.999218236    2.014827118    1.737715796
   12.430000000    1.981663593    1.994060686    1.702640435
   12.440000000    1.965653915    1.974794272    1.664616157
   12.450000000    1.950756959    1.956907212    1.625631577
   12.460000000    1.936882872    1.941407569    1.588558919
   12.470000000    1.922945069    1.928613340    1.556451277
   12.480000000    1.906811556    1.917152199    1.532011421
   12.490000000    1.887251542    1.905269172    1.516958399
   12.500000000    1.865335383    1.892536395    1.511624945
   12.510000000    1.843349646    1.879515778    1.514992497
   12.520000000    1.823219216    1.866379131    1.525025747
   12.530000000    1.805744167    1.852054648    1.539207168
   12.540000000    1.790342418    1.834395567    1.555527304
   12.550000000    1.776269951    1.811951667    1.573685226
   12.560000000    1.764548617    1.786048970    1.594605516
   12.570000000    1.757772965    1.760670265    1.618328009
   12.580000000    1.757973579    1.740269952    1.643321792
   12.590000000    1.764824288    1.727443722    1.667766301
   12.600000000    1.775103339    1.721639692    1.690464941
   12.610000000    1.783877120    1.719700063    1.710547146
   12.620000000    1.787517647    1.718558954    1.727052024
   12.630000000    1.786229598    1.718021967    1.739207502
   12.640000000    1.783343804    1.720424620    1.746189293
   12.650000000    1.782193291    1.727643397    1.746105578
   12.660000000    1.783527985    1.738795898    1.736580207
   12.670000000    1.785383696    1.750441179    1.716644995
   12.680000000    1.785000096    1.758728122    1.687300954
   12.690000000    1.780682446    1.761511100    1.650654135
   12.700000000    1.772265974    1.758920026    1.609064435
   12.710000000    1.760743486    1.752690882    1.564918357
   12.720000000    1.748023852    1.745187773    1.521043556
   12.730000000    1.736461733    1.738540254    1.480918427
   12.740000000    1.727800998    1.734083040    1.447494076
   12.750000000    1.722290505    1.732171282    1.421728569
   12.760000000    1.718739407    1.732325086    1.402502650
   12.770000000    1.715248659    1.733399415    1.387526427
   12.780000000    1.709935101    1.733718170    1.374671940
   12.790000000    1.701335275    1.731401904    1.363287259
   12.800000000    1.688562716    1.724738076    1.354265187
   12.810000000    1.671551419    1.712727951    1.348699475
   12.820000000    1.651363341    1.695763142    1.346668115
   12.830000000    1.629887830    1.675373565    1.347155247
   12.840000000    1.609223547    1.653419691    1.349034062
   12.850000000    1.591494369    1.632162620    1.352218707
   12.860000000    1.578415269    1.614349914    1.357383755
   12.870000000    1.570622502    1.601940268    1.364995042
   12.880000000    1.567561652    1.594666173    1.375496532
   12.890000000    1.567835603    1.590445342    1.389364714
   12.900000000    1.569887784    1.587496202    1.405604161
   12.910000000    1.572701556    1.585727975    1.420790758
   12.920000000    1.575980737    1.586007218    1.430900240
   12.930000000    1.579454305    1.588271889    1.434040892
   12.940000000    1.582048413    1.590515200    1.431257089
   12.950000000    1.582449977    1.590148452    1.425524832
   12.960000000    1.580331918    1.586478975    1.420195074
   12.970000000    1.576743639    1.581600157    1.417509697
   12.980000000    1.573679045    1.578865849    1.417692219
   12.990000000    1.572784232    1.580206328    1.419142666
   13.000000000    1.573956618    1.584775735    1.419296331
   13.010000000    1.575735651    1.590418952    1.415454369
   13.020000000    1.576948000    1.595792822    1.405817749
   13.030000000    1.577176038    1.600210115    1.390450747
   13.040000000    1.576085790    1.602277159    1.371420775
   13.050000000    1.573343368    1.600150388    1.352348046
   13.060000000    1.568878579    1.592958677    1.337570471
   13.070000000    1.562659225    1.581433821    1.330668249
   13.080000000    1.554690073    1.567783298    1.333143119
   13.090000000    1.545616179    1.555195171    1.344105876
   13.100000000    1.536821383    1.546462502    1.360297382
   13.110000000    1.529440460    1.542425608    1.376319352
   13.120000000    1.522891141    1.541279836    1.386497242
   13.130000000    1.514542925    1.538995400    1.387865084
   13.140000000    1.501512815    1.530825748    1.381316100
   13.150000000    1.483025707    1.513464715    1.370442963
   13.160000000    1.461347043    1.487104814    1.360104515
   13.170000000    1.440704567    1.455860636    1.355173665
   13.180000000    1.425018417    1.425641787    1.358704480
   13.190000000    1.416106238    1.400917721    1.370077748
   13.200000000    1.413301184    1.382834251    1.385331501
   13.210000000    1.414377822    1.370039358    1.400426605
   13.220000000    1.417143322    1.361217900    1.414321742
   13.230000000    1.420754503    1.356749584    1.428581928
   13.240000000    1.426140393    1.358402556    1.444795330
   13.250000000    1.435404420    1.368179146    1.462815793
   13.260000000    1.450191375    1.386890891    1.480119955
   13.270000000    1.469936353    1.412857479    1.492061889
   13.280000000    1.491428369    1.441835891    1.493867426
   13.290000000    1.510071439    1.468646340    1.483497430
   13.300000000    1.522150726    1.489587233    1.463045333
   13.310000000    1.526842499    1.503885294    1.437674322
   13.320000000    1.526452940    1.513136607    1.412999133
   13.330000000    1.524115579    1.519036533    1.392841353
   13.340000000    1.520962530    1.521447718    1.378293217
   13.350000000    1.516199620    1.519330624    1.367959126
   13.360000000    1.509672272    1.513257234    1.359516107
   13.370000000    1.503005749    1.505658312    1.351525903
   13.380000000    1.498151586    1.498664929    1.343895714
   13.390000000    1.495944439    1.492763757    1.337092358
   13.400000000    1.496307279    1.487520463    1.331096943
   13.410000000    1.499076317    1.482973250    1.324940738
   13.420000000    1.504007976    1.480180326    1.317618436
   13.430000000    1.510085135    1.480639215    1.309497046
   13.440000000    1.515550826    1.485380028    1.302063718
   13.450000000    1.518968926    1.494465898    1.296250678
   13.460000000    1.519667133    1.506728099    1.291329457
   13.470000000    1.517491503    1.519838765    1.285499456
   13.480000000    1.513160134    1.531085374    1.277700431
   13.490000000    1.508156136    1.538194597    1.268833571
   13.500000000    1.503594071    1.539817147    1.261282274
   13.510000000    1.499879773    1.535989490    1.257539825
   13.520000000    1.497302134    1.528366529    1.259151358
   13.530000000    1.496022659    1.519410964    1.266254038
   13.540000000    1.495717945    1.511111042    1.277636426
   13.550000000    1.495935751    1.504723637    1.291394447
   13.560000000    1.496764132    1.501305674    1.305833182
   13.570000000    1.498701484    1.501587289    1.319613314
   13.580000000    1.501482825    1.504758848    1.331244594
   13.590000000    1.503179883    1.507750755    1.339095956
   13.600000000    1.500793245    1.506451509    1.341912521
   13.610000000    1.492197605    1.498270059    1.339080783
   13.620000000    1.477940944    1.483951009    1.330670922
   13.630000000    1.461100279    1.466983357    1.317417642
   13.640000000    1.445759189    1.451564405    1.300763776
   13.650000000    1.435979996    1.441339859    1.283396494
   13.660000000    1.434947516    1.438753560    1.269174200
   13.670000000    1.443265135    1.443633600    1.261153868
   13.680000000    1.457740772    1.452247820    1.259188085
   13.690000000    1.472627096    1.459079525    1.259909379
   13.700000000    1.482881549    1.460453688    1.259395111
   13.710000000    1.486419864    1.456311326    1.255766131
   13.720000000    1.483354732    1.448448985    1.249529973
   13.730000000    1.474232055    1.438044834    1.242162148
   13.740000000    1.459464764    1.424925449    1.234767446
   13.750000000    1.439678824    1.408169895    1.227960732
   13.760000000    1.416262635    1.387416141    1.222697916
   13.770000000    1.391675420    1.364186784    1.220612979
   13.780000000    1.369088055    1.341942107    1.222806785
   13.790000000    1.351089357    1.324394526    1.228312679
   13.800000000    1.338629471    1.313787000    1.234234050
   13.810000000    1.331586781    1.310748424    1.237771790
   13.820000000    1.329696663    1.314749204    1.238538633
   13.830000000    1.331997773    1.323753300    1.238624974
   13.840000000    1.336052398    1.334208850    1.240248761
   13.850000000    1.339426803    1.343154216    1.244332980
   13.860000000    1.342220276    1.350591135    1.251319053
   13.870000000    1.347081295    1.358791033    1.261958490
   13.880000000    1.356551566    1.369428976    1.276530871
   13.890000000    1.370731065    1.382145590    1.293837761
   13.900000000    1.387012425    1.395218783    1.311794944
   13.910000000    1.401284936    1.406376458    1.328497622
   13.920000000    1.409509247    1.413256621    1.341838561
   13.930000000    1.409334746    1.414387816    1.348732909
   13.940000000    1.401214725    1.409964886    1.346093742
   13.950000000    1.387654028    1.401081162    1.333071593
   13.960000000    1.371110430    1.388490919    1.312336472
   13.970000000    1.352626134    1.372379945    1.288842449
   13.980000000    1.331877387    1.352648109    1.266710377
   13.990000000    1.308356663    1.329164282    1.246931885
   14.000000000    1.282844774    1.302309400    1.227880553
   14.010000000    1.257673911    1.273613681    1.207758644
   14.020000000    1.235382575    1.245631880    1.186521724
   14.030000000    1.216966951    1.220815595    1.165702812
   14.040000000    1.201355162    1.200272293    1.147051969
   14.050000000    1.186643048    1.183569100    1.131711303
   14.060000000    1.171640722    1.169530387    1.119836484
   14.070000000    1.156118803    1.156911848    1.110119494
   14.080000000    1.140049238    1.144542876    1.100110080
   14.090000000    1.123320737    1.131565192    1.088118447
   14.100000000    1.106268989    1.117990771    1.074983815
   14.110000000    1.089856716    1.104847320    1.063613730
   14.120000000    1.075246857    1.093523856    1.057078151
   14.130000000    1.063385231    1.084888159    1.057263763
   14.140000000    1.054642145    1.078768905    1.064439239
   14.150000000    1.048691179    1.074128396    1.077107435
   14.160000000    1.044901902    1.069896138    1.092230601
   14.170000000    1.042761205    1.065726244    1.106287139
   14.180000000    1.041823125    1.062047825    1.116700608
   14.190000000    1.041489868    1.059637082    1.122645248
   14.200000000    1.041007105    1.059124409    1.125015421
   14.210000000    1.039649148    1.060545621    1.125849051
   14.220000000    1.036830594    1.062963287    1.126986725
   14.230000000    1.032007037    1.064528768    1.128333275
   14.240000000    1.024765835    1.063306856    1.127711949
   14.250000000    1.015249981    1.058129180    1.122992949
   14.260000000    1.004391962    1.048781996    1.114336699
   14.270000000    0.993573827    1.035878220    1.104326661
   14.280000000    0.984044840    1.020827896    1.096225501
   14.290000000    0.976647471    1.005804661    1.092441575
   14.300000000    0.971682859    0.993107082    1.093961229
   14.310000000    0.968618390    0.983906165    1.099752395
   14.320000000    0.966239744    0.977753368    1.106581532
   14.330000000    0.963572029    0.973579412    1.110726075
   14.340000000    0.960591015    0.970838850    1.110413312
   14.350000000    0.958094097    0.969474999    1.106139637
   14.360000000    0.957160960    0.969237937    1.099039040
   14.370000000    0.958622689    0.969376175    1.090010720
   14.380000000    0.962704298    0.968932825    1.080109582
   14.390000000    0.969017338    0.967355338    1.070579605
   14.400000000    0.976867143    0.964904082    1.062499916
   14.410000000    0.985693171    0.962616843    1.056706084
   14.420000000    0.995358809    0.961992939    1.053768166
   14.430000000    1.006005937    0.964461167    1.054226534
   14.440000000    1.017603003    0.970728915    1.059064830
   14.450000000    1.029534382    0.980326578    1.069554364
   14.460000000    1.040678342    0.991743059    1.086502826
   14.470000000    1.049951308    1.003192395    1.109678246
   14.480000000    1.056542972    1.013249432    1.137309307
   14.490000000    1.059770672    1.020806067    1.166007356
   14.500000000    1.058909133    1.024785375    1.191617685
   14.510000000    1.053060980    1.024202048    1.210344266
   14.520000000    1.041393882    1.018486764    1.219568931
   14.530000000    1.023833472    1.007753660    1.218674432
   14.540000000    1.001832601    0.993250090    1.209669698
   14.550000000    0.978551715    0.977735252    1.196500595
   14.560000000    0.957629158    0.964459984    1.182928876
   14.570000000    0.941078217    0.954978414    1.170654841
   14.580000000    0.928377587    0.948166674    1.159270422
   14.590000000    0.917607542    0.941453784    1.147647902
   14.600000000    0.907344578    0.932723823    1.135423010
   14.610000000    0.897703260    0.921336116    1.123630568
   14.620000000    0.889937185    0.908089011    1.113971349
   14.630000000    0.885345729    0.894656437    1.107560940
   14.640000000    0.884521833    0.882933697    1.104427145
   14.650000000    0.886889149    0.874129211    1.103508173
   14.660000000    0.890712091    0.868083291    1.103094359
   14.670000000    0.894118381    0.863796635    1.102001151
   14.680000000    0.896171330    0.860530968    1.100145322
   14.690000000    0.896999067    0.858355899    1.098038366
   14.700000000    0.897338705    0.857970612    1.096592688
   14.710000000    0.897926752    0.859893337    1.096973349
   14.720000000    0.899111223    0.863751044    1.099582041
   14.730000000    0.900937125    0.868542980    1.103734157
   14.740000000    0.903273759    0.873392032    1.108586996
   14.750000000    0.905725646    0.877856595    1.113331279
   14.760000000    0.907602125    0.881775815    1.116582813
   14.770000000    0.907994356    0.884948225    1.116415994
   14.780000000    0.906049630    0.886939544    1.111043890
   14.790000000    0.901529782    0.887329959    1.099876971
   14.800000000    0.895056666    0.886007132    1.084311388
   14.810000000    0.887708235    0.883077584    1.067008685
   14.820000000    0.880573433    0.878860120    1.050388553
   14.830000000    0.874604708    0.874103413    1.036008643
   14.840000000    0.870368746    0.869752179    1.024562002
   14.850000000    0.867770956    0.866226520    1.015818191
   14.860000000    0.866174970    0.863092420    1.008805746
   14.870000000    0.864657838    0.859545318    1.002201314
   14.880000000    0.862274193    0.855195886    0.994948351
   14.890000000    0.858545335    0.850403264    0.987134271
   14.900000000    0.853802696    0.845980140    0.980153089
   14.910000000    0.849016581    0.842695686    0.975659940
   14.920000000    0.845337380    0.841090381    0.974613053
   14.930000000    0.843766013    0.841652118    0.977551966
   14.940000000    0.845056746    0.844799917    0.985117248
   14.950000000    0.849523278    0.850465103    0.997340297
   14.960000000    0.856652276    0.857929701    1.012383003
   14.970000000    0.864980164    0.866132188    1.026776610
   14.980000000    0.872561567    0.873846835    1.037626026
   14.990000000    0.877745630    0.879722855    1.044321536
   15.000000000    0.879532656    0.882495752    1.047565267
   15.010000000    0.877412840    0.881441967    1.047559273
   15.020000000    0.871323529    0.876846258    1.043964824
   15.030000000    0.861772958    0.869771663    1.036564645
   15.040000000    0.849579165    0.861071944    1.024920842
   15.050000000    0.835551552    0.850892693    1.008580962
   15.060000000    0.820751742    0.839398690    0.988815428
   15.070000000    0.806799326    0.827752052    0.969514176
   15.080000000    0.795544025    0.818049165    0.955489018
   15.090000000    0.788446496    0.812255432    0.949568634
   15.100000000    0.786180052    0.811261823    0.950872792
   15.110000000    0.788565005    0.814798053    0.955432351
   15.120000000    0.794673039    0.821789914    0.958639299
   15.130000000    0.802885343    0.830522285    0.957687740
   15.140000000    0.811111255    0.838857596    0.952171560
   15.150000000    0.817558064    0.845018508    0.943281703
   15.160000000    0.821559517    0.848412275    0.933076142
   15.170000000    0.823327133    0.849372099    0.923662762
   15.180000000    0.822854020    0.847938135    0.916256391
   15.190000000    0.819608134    0.843365585    0.911096839
   15.200000000    0.813338473    0.835114597    0.908162226
   15.210000000    0.804479935    0.823732447    0.907416989
   15.220000000    0.793637644    0.810361086    0.908298531
   15.230000000    0.781239904    0.795969505    0.909358108
   15.240000000    0.768033016    0.781507328    0.908527137
   15.250000000    0.755483246    0.768208008    0.903973586
   15.260000000    0.745112788    0.757193648    0.895366612
   15.270000000    0.737747927    0.749104326    0.884634758
   15.280000000    0.733600095    0.744193379    0.875187444
   15.290000000    0.732608206    0.742544825    0.870091190
   15.300000000    0.734449132    0.744159929    0.870572972
   15.310000000    0.738334177    0.748762379    0.875603855
   15.320000000    0.743103465    0.755578250    0.882820322
   15.330000000    0.747753665    0.763445331    0.890043070
   15.340000000    0.751859362    0.771110312    0.896112283
   15.350000000    0.755474389    0.777385815    0.900934001
   15.360000000    0.758853903    0.781337037    0.905127323
   15.370000000    0.762465718    0.782809686    0.909442678
   15.380000000    0.766906949    0.782594898    0.914534693
   15.390000000    0.772264927    0.781659648    0.921037219
   15.400000000    0.777672467    0.780318388    0.928989372
   15.410000000    0.781832386    0.778118061    0.937181447
   15.420000000    0.783859332    0.774219187    0.943831600
   15.430000000    0.783497062    0.767950655    0.947705539
   15.440000000    0.780704264    0.759229537    0.948102483
   15.450000000    0.775369947    0.748540860    0.944420288
   15.460000000    0.767697683    0.736770176    0.936624077
   15.470000000    0.758634508    0.725141162    0.926140725
   15.480000000    0.749669381    0.715004753    0.915769832
   15.490000000    0.742287947    0.707466771    0.908228729
   15.500000000    0.737600785    0.703187804    0.904474614
   15.510000000    0.736173743    0.702329825    0.903067504
   15.520000000    0.737856291    0.704430084    0.901100332
   15.530000000    0.741655982    0.708360502    0.896210072
   15.540000000    0.745904756    0.712541141    0.887809182
   15.550000000    0.748790255    0.715375868    0.876583974
   15.560000000    0.748930373    0.715835580    0.863407441
   15.570000000    0.745572638    0.713789784    0.848607479
   15.580000000    0.738505638    0.709672909    0.831874877
   15.590000000    0.728247235    0.704040350    0.812968549
   15.600000000    0.716315395    0.697515678    0.792501893
   15.610000000    0.704754097    0.690664002    0.771789175
   15.620000000    0.695295976    0.684001927    0.752251174
   15.630000000    0.688957076    0.678367553    0.735193462
   15.640000000    0.685778651    0.674684160    0.721434222
   15.650000000    0.684562765    0.673014439    0.710575964
   15.660000000    0.683185794    0.672122507    0.700996672
   15.670000000    0.679769043    0.670255750    0.691229701
   15.680000000    0.673845506    0.666469648    0.681295916
   15.690000000    0.666284002    0.661069398    0.672255556
   15.700000000    0.658210344    0.654849629    0.664730161
   15.710000000    0.650281732    0.648353738    0.658324640
   15.720000000    0.642804345    0.641897669    0.652369093
   15.730000000    0.635929408    0.635785766    0.646821463
   15.740000000    0.629600546    0.630384511    0.642204553
   15.750000000    0.623766339    0.626298983    0.638631601
   15.760000000    0.618671216    0.624379309    0.635353657
   15.770000000    0.614694297    0.625302709    0.631659085
   15.780000000    0.612007591    0.629097170    0.627701293
   15.790000000    0.610475243    0.634898887    0.624081857
   15.800000000    0.609729373    0.641091743    0.621131566
   15.810000000    0.609340237    0.645959673    0.618841954
   15.820000000    0.609061989    0.648434765    0.617130396
   15.830000000    0.608903512    0.648310661    0.616042849
   15.840000000    0.608991075    0.646103626    0.616125770
   15.850000000    0.609504760    0.642922757    0.618590172
   15.860000000    0.610745783    0.640114595    0.624470589
   15.870000000    0.613112256    0.638610226    0.633332336
   15.880000000    0.616982365    0.638570321    0.642918940
   15.890000000    0.622596614    0.639615424    0.650165876
   15.900000000    0.629832170    0.641072566    0.652861752
   15.910000000    0.637974198    0.642109581    0.650716472
   15.920000000    0.645793011    0.642163850    0.644985563
   15.930000000    0.651956186    0.641351883    0.637289430
   15.940000000    0.655467912    0.640245156    0.628780646
   15.950000000    0.655936076    0.639315172    0.619918039
   15.960000000    0.653670710    0.638659591    0.610721666
   15.970000000    0.649607162    0.638098708    0.601378269
   15.980000000    0.644933311    0.637410535    0.592624734
   15.990000000    0.640586692    0.636443639    0.585463134
   16.000000000    0.636940495    0.635029660    0.580566828
   16.010000000    0.633660284    0.632880169    0.577927140
   16.020000000    0.629836788    0.629785963    0.576963924
   16.030000000    0.624566290    0.625911808    0.576903413
   16.040000000    0.617712492    0.621681468    0.576908254
   16.050000000    0.610051545    0.617283236    0.575779569
   16.060000000    0.602577688    0.612407222    0.571862582
   16.070000000    0.595958873    0.606761180    0.563805852
   16.080000000    0.590689772    0.600761087    0.551570785
   16.090000000    0.587273193    0.595359658    0.536651989
   16.100000000    0.585887118    0.591325529    0.521505512
   16.110000000    0.585945287    0.588721532    0.508627142
   16.120000000    0.586300110    0.586901663    0.499795033
   16.130000000    0.586031162    0.585155523    0.495995173
   16.140000000    0.584952528    0.583392322    0.497748320
   16.150000000    0.583566756    0.582269113    0.505248565
   16.160000000    0.582913984    0.582998515    0.518236915
   16.170000000    0.584250783    0.586878383    0.535623061
   16.180000000    0.588397932    0.594470363    0.555103436
   16.190000000    0.595328933    0.605151099    0.573571972
   16.200000000    0.604525745    0.617670411    0.588518358
   16.210000000    0.615552460    0.630990674    0.599271607
   16.220000000    0.627964580    0.644316152    0.606769502
   16.230000000    0.640966209    0.656787800    0.612221447
   16.240000000    0.653715432    0.667803884    0.616377985
   16.250000000    0.665855531    0.677445114    0.619757798
   16.260000000    0.677439704    0.686169607    0.622741399
   16.270000000    0.688303716    0.694064255    0.625337927
   16.280000000    0.697639637    0.700566422    0.627096077
   16.290000000    0.704422508    0.705001565    0.627263507
   16.300000000    0.708311879    0.707272247    0.625261214
   16.310000000    0.709934796    0.707832336    0.621152507
   16.320000000    0.710214769    0.707022748    0.615542743
   16.330000000    0.709765674    0.704895046    0.609122410
   16.340000000    0.709203805    0.701932385    0.602402770
   16.350000000    0.709634400    0.699409493    0.595673921
   16.360000000    0.712443195    0.698762470    0.589186972
   16.370000000    0.718673690    0.700961914    0.583452440
   16.380000000    0.728494322    0.706314322    0.579080457
   16.390000000    0.741056188    0.714311182    0.576340556
   16.400000000    0.754841791    0.723677417    0.575214004
   16.410000000    0.768137590    0.732777994    0.575497677
   16.420000000    0.779407462    0.740207972    0.576305297
   16.430000000    0.787683690    0.745380742    0.575926879
   16.440000000    0.792765720    0.748672676    0.572768633
   16.450000000    0.795011739    0.750908916    0.566272121
   16.460000000    0.794955824    0.752660953    0.556987406
   16.470000000    0.793088289    0.753942860    0.546146045
   16.480000000    0.789675879    0.754270943    0.535041350
   16.490000000    0.784755790    0.753052884    0.524596591
   16.500000000    0.778471466    0.750212261    0.515369828
   16.510000000    0.771195033    0.746474260    0.507513674
   16.520000000    0.763348075    0.743097425    0.500612274
   16.530000000    0.755341777    0.741287155    0.493966593
   16.540000000    0.747754940    0.741732324    0.487222014
   16.550000000    0.741596963    0.744705176    0.480652393
   16.560000000    0.738226873    0.750466699    0.475044261
   16.570000000    0.738663517    0.759210472    0.471503444
   16.580000000    0.742905745    0.770480953    0.471135799
   16.590000000    0.750042282    0.782882234    0.474594915
   16.600000000    0.758652381    0.794465372    0.481646677
   16.610000000    0.766881931    0.803416065    0.491001870
   16.620000000    0.772729756    0.808536217    0.500694286
   16.630000000    0.774838626    0.809412937    0.508805651
   16.640000000    0.773138517    0.806466970    0.514133114
   16.650000000    0.768688015    0.800726292    0.516502732
   16.660000000    0.762885885    0.793344673    0.516614975
   16.670000000    0.756908322    0.785414688    0.515790105
   16.680000000    0.751665629    0.778024068    0.515670754
   16.690000000    0.747710670    0.772020662    0.517572702
   16.700000000    0.744936335    0.767609063    0.521774400
   16.710000000    0.742565483    0.764171423    0.527338569
   16.720000000    0.739559270    0.760389761    0.532535715
   16.730000000    0.735083779    0.754716615    0.535491308
   16.740000000    0.728884465    0.746253189    0.534877809
   16.750000000    0.721407895    0.735355270    0.530482403
   16.760000000    0.713410037    0.723238201    0.523290777
   16.770000000    0.705387723    0.711194580    0.515110035
   16.780000000    0.697494678    0.700205540    0.508028724
   16.790000000    0.689855397    0.690782541    0.503870998
   16.800000000    0.682659012    0.682840758    0.503537351
   16.810000000    0.675920602    0.675798165    0.506469972
   16.820000000    0.669261837    0.668882163    0.510981280
   16.830000000    0.662073940    0.661487449    0.515428138
   16.840000000    0.653926357    0.653459883    0.518989636
   16.850000000    0.644749907    0.645062693    0.521413598
   16.860000000    0.634788199    0.636702175    0.522562502
   16.870000000    0.624560925    0.628750959    0.522297761
   16.880000000    0.614761567    0.621419426    0.520531690
   16.890000000    0.606047781    0.614557762    0.517464676
   16.900000000    0.599127513    0.607854429    0.513878001
   16.910000000    0.595024409    0.601491678    0.511061314
   16.920000000    0.594741615    0.596371959    0.510212948
   16.930000000    0.598323556    0.593405520    0.511644923
   16.940000000    0.604300371    0.592533716    0.514493395
   16.950000000    0.610195309    0.592562843    0.517267594
   16.960000000    0.613797844    0.592062199    0.518677948
   16.970000000    0.614086401    0.590305450    0.518042002
   16.980000000    0.611097066    0.587305200    0.515349280
   16.990000000    0.605409942    0.583313905    0.511096070
   17.000000000    0.597986381    0.578573132    0.505744126
   17.010000000    0.590083885    0.573404433    0.499405739
   17.020000000    0.582895052    0.568243305    0.492357392
   17.030000000    0.577190601    0.563434749    0.485634102
   17.040000000    0.573268076    0.559086419    0.480752755
   17.050000000    0.571076222    0.555176445    0.478882033
   17.060000000    0.570315868    0.551734329    0.480184360
   17.070000000    0.570467637    0.548924183    0.483673553
   17.080000000    0.570746140    0.546893445    0.487646789
   17.090000000    0.570180907    0.545494210    0.490397802
   17.100000000    0.567988874    0.544265519    0.490860311
   17.110000000    0.563943683    0.542723647    0.489008230
   17.120000000    0.558326330    0.540545917    0.485791868
   17.130000000    0.551664300    0.537561951    0.482477579
   17.140000000    0.544710192    0.533870706    0.479767960
   17.150000000    0.538339722    0.529851753    0.477384702
   17.160000000    0.532988679    0.525777977    0.474431050
   17.170000000    0.528376477    0.521673846    0.470316841
   17.180000000    0.524205561    0.517840638    0.465463687
   17.190000000    0.520930952    0.515207447    0.461094676
   17.200000000    0.519559379    0.514868003    0.458457308
   17.210000000    0.520907715    0.517384679    0.458117547
   17.220000000    0.525035348    0.522447205    0.459577199
   17.230000000    0.531146189    0.528990737    0.461554032
   17.240000000    0.538065388    0.535743595    0.462889813
   17.250000000    0.544794339    0.541803570    0.463200723
   17.260000000    0.550599421    0.546782205    0.462629549
   17.270000000    0.554987772    0.550715370    0.461378517
   17.280000000    0.557924936    0.554042197    0.459774701
   17.290000000    0.559780494    0.557344897    0.458446537
   17.300000000    0.560812811    0.560756226    0.458032302
   17.310000000    0.560873847    0.563716706    0.458620055
   17.320000000    0.559697950    0.565505264    0.459685515
   17.330000000    0.557375402    0.566047019    0.460706530
   17.340000000    0.554547542    0.566181066    0.461644259
   17.350000000    0.552163047    0.567061424    0.462892142
   17.360000000    0.550920215    0.569171044    0.465108184
   17.370000000    0.550865175    0.571914988    0.469112269
   17.380000000    0.551536137    0.574212957    0.475593648
   17.390000000    0.552424930    0.575357647    0.484679014
   17.400000000    0.553252571    0.575307226    0.495786741
   17.410000000    0.553862034    0.574473909    0.507824835
   17.420000000    0.554075140    0.573427337    0.519471368
   17.430000000    0.553840132    0.572602270    0.529479895
   17.440000000    0.553270977    0.571929808    0.536863635
   17.450000000    0.552392264    0.570734155    0.540925506
   17.460000000    0.551133094    0.568239261    0.541579605
   17.470000000    0.549589655    0.564241776    0.539730749
   17.480000000    0.547993521    0.559324786    0.536816273
   17.490000000    0.546594446    0.554605025    0.534003892
   17.500000000    0.545876346    0.551390483    0.532194964
   17.510000000    0.546564572    0.550806422    0.532378336
   17.520000000    0.549125706    0.553349429    0.535404056
   17.530000000    0.553453358    0.558701836    0.541381184
   17.540000000    0.559075431    0.565926389    0.549380425
   17.550000000    0.565380139    0.573712305    0.557834280
   17.560000000    0.571694707    0.580654419    0.565344677
   17.570000000    0.577625974    0.585878647    0.571251567
   17.580000000    0.583435972    0.589568965    0.575682945
   17.590000000    0.589747927    0.592610571    0.579307273
   17.600000000    0.596737575    0.595719324    0.583069930
   17.610000000    0.603600817    0.598980034    0.587837450
   17.620000000    0.608761435    0.601941303    0.594031804
   17.630000000    0.610692486    0.603920500    0.601600969
   17.640000000    0.608791391    0.604339796    0.610214232
   17.650000000    0.603802984    0.603104724    0.619356476
   17.660000000    0.597530095    0.600858402    0.628280852
   17.670000000    0.591910769    0.598686568    0.635832570
   17.680000000    0.588198452    0.597440119    0.640631851
   17.690000000    0.586892723    0.597402066    0.641957914
   17.700000000    0.588105509    0.598483146    0.640510532
   17.710000000    0.591719645    0.600529942    0.638154353
   17.720000000    0.597182174    0.603394511    0.636864087
   17.730000000    0.603332779    0.606816484    0.637682195
   17.740000000    0.608747657    0.610377127    0.640213949
   17.750000000    0.612438421    0.613627846    0.642944553
   17.760000000    0.614187677    0.616245717    0.644188299
   17.770000000    0.614246199    0.617972622    0.642895938
   17.780000000    0.612828462    0.618373376    0.638798755
   17.790000000    0.609898806    0.616836504    0.632247091
   17.800000000    0.605304051    0.612950114    0.624191664
   17.810000000    0.598967671    0.606825246    0.616055953
   17.820000000    0.591035313    0.599015622    0.609217861
   17.830000000    0.582038604    0.590194235    0.604422674
   17.840000000    0.573043235    0.581122955    0.601659454
   17.850000000    0.565526361    0.572882793    0.600502178
   17.860000000    0.560809074    0.566729879    0.600491339
   17.870000000    0.559457734    0.563538318    0.601339469
   17.880000000    0.561202221    0.563423072    0.602933798
   17.890000000    0.565287562    0.565784528    0.605060160
   17.900000000    0.570903628    0.569639120    0.607232947
   17.910000000    0.577575767    0.574171317    0.609157118
   17.920000000    0.585326006    0.579153758    0.611193272
   17.930000000    0.594377682    0.584765242    0.613970694
   17.940000000    0.604696297    0.591139532    0.617789395
   17.950000000    0.615738792    0.598144437    0.622560457
   17.960000000    0.626398531    0.605280941    0.627712600
   17.970000000    0.635278825    0.611709728    0.631864247
   17.980000000    0.641367759    0.616608710    0.633235705
   17.990000000    0.644653041    0.619734818    0.630909429
   18.000000000    0.646172219    0.621722724    0.625621437
   18.010000000    0.647435627    0.623745357    0.619288515
   18.020000000    0.649596074    0.626764869    0.613915092
   18.030000000    0.652871729    0.630931821    0.610841632
   18.040000000    0.656644882    0.635599030    0.610616615
   18.050000000    0.660098871    0.639911850    0.613223130
   18.060000000    0.662687453    0.643290782    0.618342643
   18.070000000    0.664170209    0.645476035    0.625553158
   18.080000000    0.664447224    0.646418061    0.634361622
   18.090000000    0.663350360    0.646183668    0.644044794
   18.100000000    0.660644931    0.644920623    0.653542367
   18.110000000    0.656489988    0.643062178    0.661720190
   18.120000000    0.651849158    0.641506669    0.667907230
   18.130000000    0.648116971    0.641183614    0.672047008
   18.140000000    0.646355627    0.642484582    0.674380334
   18.150000000    0.646886228    0.645255171    0.675236707
   18.160000000    0.649232736    0.648985447    0.674964691
   18.170000000    0.652331173    0.652926774    0.673818672
   18.180000000    0.654938657    0.656287808    0.672033560
   18.190000000    0.655986939    0.658391203    0.670028302
   18.200000000    0.654804500    0.658728169    0.668370777
   18.210000000    0.651351294    0.657183011    0.667621727
   18.220000000    0.646478477    0.654453643    0.668320161
   18.230000000    0.641911937    0.652107131    0.670919133
   18.240000000    0.639532341    0.651766354    0.675427889
   18.250000000    0.640143386    0.653873784    0.681031048
   18.260000000    0.642880549    0.657273864    0.686161817
   18.270000000    0.645866892    0.660048587    0.689010992
   18.280000000    0.647411619    0.660647578    0.688221297
   18.290000000    0.646869874    0.658473330    0.683647051
   18.300000000    0.644688474    0.653920678    0.676565568
   18.310000000    0.641652679    0.647944945    0.668796298
   18.320000000    0.638196863    0.641473429    0.661527879
   18.330000000    0.634485959    0.635236378    0.654949248
   18.340000000    0.630766369    0.629865031    0.648582611
   18.350000000    0.627233053    0.625648293    0.641744345
   18.360000000    0.623592300    0.622127523    0.634060530
   18.370000000    0.619075101    0.618256279    0.625699698
   18.380000000    0.613054287    0.613229756    0.616998022
   18.390000000    0.605589693    0.607183193    0.608158239
   18.400000000    0.597369740    0.600927015    0.599415044
   18.410000000    0.589173562    0.595019889    0.591156832
   18.420000000    0.581428905    0.589401009    0.583736585
   18.430000000    0.574373508    0.584054723    0.577338208
   18.440000000    0.568479398    0.579702990    0.572073385
   18.450000000    0.564410960    0.577550557    0.568072138
   18.460000000    0.562542158    0.578416684    0.565368384
   18.470000000    0.562701286    0.582131149    0.563781685
   18.480000000    0.564379773    0.587605874    0.563102368
   18.490000000    0.567004527    0.593453164    0.563260357
   18.500000000    0.570002612    0.598577312    0.564056706
   18.510000000    0.572753825    0.602232885    0.564950143
   18.520000000    0.574687120    0.603892246    0.565423282
   18.530000000    0.575622204    0.603429997    0.565418822
   18.540000000    0.576060067    0.601372848    0.565155275
   18.550000000    0.577069022    0.598775751    0.564611896
   18.560000000    0.579717683    0.596714670    0.563411857
   18.570000000    0.584410391    0.595713965    0.561177977
   18.580000000    0.590570989    0.595457800    0.557794212
   18.590000000    0.596782631    0.594922806    0.553284027
   18.600000000    0.601336371    0.592936119    0.547670583
   18.610000000    0.602992315    0.588936232    0.541043300
   18.620000000    0.601445855    0.583328656    0.533738635
   18.630000000    0.597234022    0.577135541    0.526552005
   18.640000000    0.591440852    0.571451746    0.520643451
   18.650000000    0.585404334    0.567147482    0.516980765
   18.660000000    0.580265929    0.564684958    0.515830673
   18.670000000    0.576570531    0.563992567    0.516744963
   18.680000000    0.574284657    0.564587251    0.518984109
   18.690000000    0.573119659    0.565926635    0.522089828
   18.700000000    0.572849004    0.567751607    0.526183137
   18.710000000    0.573446510    0.570152402    0.531685094
   18.720000000    0.574942060    0.573211941    0.538761422
   18.730000000    0.577204984    0.576607811    0.547180643
   18.740000000    0.580044501    0.579753837    0.556662890
   18.750000000    0.583503381    0.582385592    0.567083261
   18.760000000    0.587845735    0.584864963    0.578319392
   18.770000000    0.593191763    0.587744088    0.590020623
   18.780000000    0.599227667    0.591031486    0.601451354
   18.790000000    0.605196402    0.593946491    0.611396426
   18.800000000    0.610110181    0.595386204    0.618326333
   18.810000000    0.613187183    0.594742551    0.621285738
   18.820000000    0.614349265    0.592466137    0.620959722
   18.830000000    0.614378346    0.589950506    0.619461555
   18.840000000    0.614518300    0.588794227    0.618953626
   18.850000000    0.615813914    0.589989137    0.620640346
   18.860000000    0.618539220    0.593535224    0.624690584
   18.870000000    0.621971550    0.598573666    0.630657656
   18.880000000    0.624752486    0.603841311    0.637852552
   18.890000000    0.625670119    0.608148633    0.645422844
   18.900000000    0.624226577    0.610663208    0.652368165
   18.910000000    0.620610668    0.610993739    0.657664064
   18.920000000    0.615349981    0.609203040    0.660496260
   18.930000000    0.608974915    0.605676320    0.660480079
   18.940000000    0.601873654    0.600802138    0.657644009
   18.950000000    0.594432585    0.594776856    0.652302813
   18.960000000    0.587199635    0.587792292    0.645124870
   18.970000000    0.580745670    0.580322170    0.637158228
   18.980000000    0.575377322    0.573050211    0.629340101
   18.990000000    0.571028092    0.566524449    0.621861539
   19.000000000    0.567350285    0.560930073    0.614280215
   19.010000000    0.563865704    0.556148077    0.606210836
   19.020000000    0.560174407    0.552034641    0.597680163
   19.030000000    0.556216402    0.548665023    0.589145294
   19.040000000    0.552403567    0.546298940    0.581435451
   19.050000000    0.549509286    0.545193959    0.575466262
   19.060000000    0.548374511    0.545536888    0.571946566
   19.070000000    0.549585520    0.547500411    0.571295921
   19.080000000    0.553318989    0.551285510    0.573607875
   19.090000000    0.559420321    0.557067335    0.578683047
   19.100000000    0.567569700    0.564840123    0.586130190
   19.110000000    0.577334555    0.574308248    0.595340155
   19.120000000    0.588029825    0.584906764    0.605403892
   19.130000000    0.598511161    0.595774253    0.615099089
   19.140000000    0.607190409    0.605641851    0.623006786
   19.150000000    0.612484595    0.613001697    0.627872787
   19.160000000    0.613467634    0.616695371    0.629012690
   19.170000000    0.610224747    0.616434150    0.626396128
   19.180000000    0.603758423    0.612850646    0.620426876
   19.190000000    0.595649754    0.607196347    0.611879150
   19.200000000    0.587565480    0.600871092    0.602065590
   19.210000000    0.580696589    0.594914057    0.592662049
   19.220000000    0.575437528    0.589696222    0.585079729
   19.230000000    0.571519177    0.585020399    0.579933317
   19.240000000    0.568502566    0.580538977    0.576937301
   19.250000000    0.566193828    0.576103276    0.575243844
   19.260000000    0.564549455    0.571759873    0.574040774
   19.270000000    0.563336924    0.567565939    0.572872768
   19.280000000    0.562131355    0.563602903    0.571525511
   19.290000000    0.560598633    0.560121544    0.569981579
   19.300000000    0.558636538    0.557449586    0.568585488
   19.310000000    0.556258067    0.555669933    0.567902898
   19.320000000    0.553483176    0.554477368    0.568222162
   19.330000000    0.550493139    0.553485423    0.569347913
   19.340000000    0.547816728    0.552708551    0.570855679
   19.350000000    0.546116058    0.552606165    0.572254118
   19.360000000    0.545722851    0.553644442    0.572977805
   19.370000000    0.546527977    0.556028306    0.572770801
   19.380000000    0.548327242    0.559788271    0.572154651
   19.390000000    0.551063146    0.564813491    0.572212064
   19.400000000    0.554616442    0.570670777    0.573895142
   19.410000000    0.558490172    0.576467690    0.577468864
   19.420000000    0.561889004    0.581071380    0.582439462
   19.430000000    0.564175180    0.583681260    0.588071808
   19.440000000    0.565252121    0.584309445    0.594075652
   19.450000000    0.565473229    0.583616716    0.600728504
   19.460000000    0.565184969    0.582239464    0.608353187
   19.470000000    0.564528956    0.580411665    0.616835207
   19.480000000    0.563655651    0.578187234    0.625645286
   19.490000000    0.562960663    0.575866756    0.634213920
   19.500000000    0.563035528    0.574061271    0.642149650
   19.510000000    0.564289850    0.573211514    0.649043660
   19.520000000    0.566666565    0.573176253    0.654346267
   19.530000000    0.569814280    0.573436449    0.657678081
   19.540000000    0.573388118    0.573592452    0.659142063
   19.550000000    0.577033596    0.573528887    0.659157004
   19.560000000    0.580142533    0.573127896    0.657965106
   19.570000000    0.581792464    0.571998799    0.655592562
   19.580000000    0.581037831    0.569592983    0.652333354
   19.590000000    0.577268877    0.565537141    0.648748161
   19.600000000    0.570391021    0.559859634    0.645148675
   19.610000000    0.560985628    0.553058072    0.641517201
   19.620000000    0.550362063    0.546029607    0.637791646
   19.630000000    0.540122554    0.539766488    0.633858178
   19.640000000    0.531427115    0.534893373    0.629478471
   19.650000000    0.524564469    0.531382498    0.624540545
   19.660000000    0.519134944    0.528693179    0.619289104
   19.670000000    0.514561323    0.526160616    0.614154634
   19.680000000    0.510389482    0.523225143    0.609326291
   19.690000000    0.506182613    0.519346110    0.604518340
   19.700000000    0.501409982    0.513954669    0.599269836
   19.710000000    0.495681283    0.506807106    0.593448785
   19.720000000    0.489051258    0.498357182    0.587273985
   19.730000000    0.482039933    0.489598957    0.580918195
   19.740000000    0.475384941    0.481575421    0.574396343
   19.750000000    0.469657050    0.474971794    0.567730182
   19.760000000    0.464986399    0.469940993    0.560952029
   19.770000000    0.461116148    0.466174037    0.554203430
   19.780000000    0.457634582    0.463093135    0.548004911
   19.790000000    0.454178276    0.460092937    0.543181171
   19.800000000    0.450656518    0.456897960    0.540502587
   19.810000000    0.447450865    0.453813281    0.540479368
   19.820000000    0.445308396    0.451548055    0.543312828
   19.830000000    0.444945116    0.450810609    0.548863355
   19.840000000    0.446672543    0.452003777    0.556616549
   19.850000000    0.450189469    0.454983679    0.565574734
   19.860000000    0.454586029    0.458887471    0.574141709
   19.870000000    0.458653012    0.462340196    0.580512424
   19.880000000    0.461433562    0.464126889    0.583623510
   19.890000000    0.462608181    0.463765824    0.583623403
   19.900000000    0.462364522    0.461453920    0.581333583
   19.910000000    0.460984197    0.457607095    0.577567613
   19.920000000    0.458604239    0.452520137    0.572941705
   19.930000000    0.455325989    0.446441016    0.567875701
   19.940000000    0.451475738    0.439879880    0.562597211
   19.950000000    0.447705390    0.433681965    0.557423083
   19.960000000    0.444777529    0.428721533    0.552996920
   19.970000000    0.443135191    0.425461924    0.549785738
   19.980000000    0.442612919    0.423715783    0.547396980
   19.990000000    0.442635178    0.422884308    0.544788965
   20.000000000    0.442750474    0.422494943    0.541185588
   20.010000000    0.442860017    0.422423272    0.536786046
   20.020000000    0.442960069    0.422669275    0.532718933
   20.030000000    0.442958797    0.423207670    0.530203279
   20.040000000    0.442803066    0.424065414    0.529531035
   20.050000000    0.442484571    0.425193806    0.529722145
