# energy grid [eV]     epsr_x  epsr_y  epsr_z
# plasmon frequences [eV]:    17.798585469   17.798811803   17.823081689
    0.050000000    6.877291123    6.881666151    7.045709159
    0.060000000    6.877590823    6.881968459    7.046017686
    0.070000000    6.877945113    6.882325833    7.046382408
    0.080000000    6.878354042    6.882738327    7.046803376
    0.090000000    6.878817670    6.883206000    7.047280645
    0.100000000    6.879336060    6.883728918    7.047814283
    0.110000000    6.879909286    6.884307158    7.048404361
    0.120000000    6.880537429    6.884940803    7.049050960
    0.130000000    6.881220578    6.885629945    7.049754170
    0.140000000    6.881958829    6.886374683    7.050514086
    0.150000000    6.882752288    6.887175127    7.051330814
    0.160000000    6.883601067    6.888031392    7.052204466
    0.170000000    6.884505286    6.888943604    7.053135162
    0.180000000    6.885465076    6.889911896    7.054123033
    0.190000000    6.886480573    6.890936409    7.055168214
    0.200000000    6.887551923    6.892017295    7.056270851
    0.210000000    6.888679280    6.893154713    7.057431097
    0.220000000    6.889862807    6.894348831    7.058649116
    0.230000000    6.891102673    6.895599825    7.059925078
    0.240000000    6.892399061    6.896907882    7.061259162
    0.250000000    6.893752157    6.898273196    7.062651557
    0.260000000    6.895162159    6.899695973    7.064102458
    0.270000000    6.896629274    6.901176425    7.065612073
    0.280000000    6.898153717    6.902714776    7.067180616
    0.290000000    6.899735713    6.904311258    7.068808312
    0.300000000    6.901375497    6.905966114    7.070495394
    0.310000000    6.903073310    6.907679596    7.072242105
    0.320000000    6.904829408    6.909451966    7.074048697
    0.330000000    6.906644053    6.911283498    7.075915434
    0.340000000    6.908517517    6.913174473    7.077842586
    0.350000000    6.910450085    6.915125186    7.079830437
    0.360000000    6.912442049    6.917135941    7.081879279
    0.370000000    6.914493714    6.919207053    7.083989414
    0.380000000    6.916605394    6.921338848    7.086161157
    0.390000000    6.918777414    6.923531664    7.088394831
    0.400000000    6.921010111    6.925785850    7.090690772
    0.410000000    6.923303833    6.928101767    7.093049326
    0.420000000    6.925658938    6.930479789    7.095470851
    0.430000000    6.928075797    6.932920301    7.097955716
    0.440000000    6.930554795    6.935423700    7.100504302
    0.450000000    6.933096324    6.937990397    7.103117003
    0.460000000    6.935700793    6.940620816    7.105794224
    0.470000000    6.938368623    6.943315394    7.108536383
    0.480000000    6.941100246    6.946074583    7.111343912
    0.490000000    6.943896108    6.948898846    7.114217255
    0.500000000    6.946756671    6.951788663    7.117156870
    0.510000000    6.949682407    6.954744529    7.120163227
    0.520000000    6.952673806    6.957766951    7.123236813
    0.530000000    6.955731369    6.960856454    7.126378127
    0.540000000    6.958855615    6.964013579    7.129587685
    0.550000000    6.962047077    6.967238882    7.132866015
    0.560000000    6.965306304    6.970532936    7.136213664
    0.570000000    6.968633860    6.973896331    7.139631193
    0.580000000    6.972030327    6.977329675    7.143119179
    0.590000000    6.975496303    6.980833594    7.146678216
    0.600000000    6.979032405    6.984408731    7.150308917
    0.610000000    6.982639265    6.988055750    7.154011909
    0.620000000    6.986317536    6.991775334    7.157787841
    0.630000000    6.990067888    6.995568187    7.161637377
    0.640000000    6.993891012    6.999435031    7.165561204
    0.650000000    6.997787619    7.003376613    7.169560025
    0.660000000    7.001758438    7.007393699    7.173634566
    0.670000000    7.005804223    7.011487080    7.177785572
    0.680000000    7.009925747    7.015657568    7.182013810
    0.690000000    7.014123806    7.019906003    7.186320070
    0.700000000    7.018399220    7.024233245    7.190705164
    0.710000000    7.022752832    7.028640183    7.195169926
    0.720000000    7.027185510    7.033127733    7.199715218
    0.730000000    7.031698148    7.037696835    7.204341923
    0.740000000    7.036291664    7.042348462    7.209050951
    0.750000000    7.040967006    7.047083613    7.213843240
    0.760000000    7.045725149    7.051903318    7.218719755
    0.770000000    7.050567095    7.056808639    7.223681488
    0.780000000    7.055493878    7.061800670    7.228729461
    0.790000000    7.060506562    7.066880540    7.233864726
    0.800000000    7.065606245    7.072049412    7.239088368
    0.810000000    7.070794054    7.077308483    7.244401503
    0.820000000    7.076071154    7.082658992    7.249805280
    0.830000000    7.081438744    7.088102214    7.255300885
    0.840000000    7.086898061    7.093639464    7.260889538
    0.850000000    7.092450377    7.099272101    7.266572498
    0.860000000    7.098097007    7.105001527    7.272351060
    0.870000000    7.103839306    7.110829188    7.278226563
    0.880000000    7.109678671    7.116756578    7.284200385
    0.890000000    7.115616543    7.122785242    7.290273948
    0.900000000    7.121654411    7.128916773    7.296448720
    0.910000000    7.127793810    7.135152819    7.302726214
    0.920000000    7.134036326    7.141495082    7.309107993
    0.930000000    7.140383595    7.147945325    7.315595671
    0.940000000    7.146837308    7.154505367    7.322190913
    0.950000000    7.153399212    7.161177092    7.328895440
    0.960000000    7.160071113    7.167962452    7.335711030
    0.970000000    7.166854877    7.174863463    7.342639520
    0.980000000    7.173752434    7.181882216    7.349682811
    0.990000000    7.180765780    7.189020876    7.356842865
    1.000000000    7.187896982    7.196281687    7.364121716
    1.010000000    7.195148176    7.203666975    7.371521466
    1.020000000    7.202521577    7.211179152    7.379044292
    1.030000000    7.210019477    7.218820721    7.386692446
    1.040000000    7.217644252    7.226594277    7.394468264
    1.050000000    7.225398363    7.234502519    7.402374164
    1.060000000    7.233284362    7.242548248    7.410412655
    1.070000000    7.241304899    7.250734374    7.418586335
    1.080000000    7.249462720    7.259063923    7.426897904
    1.090000000    7.257760678    7.267540044    7.435350160
    1.100000000    7.266201735    7.276166013    7.443946011
    1.110000000    7.274788968    7.284945241    7.452688476
    1.120000000    7.283525576    7.293881280    7.461580693
    1.130000000    7.292414887    7.302977834    7.470625924
    1.140000000    7.301460362    7.312238766    7.479827564
    1.150000000    7.310665604    7.321668105    7.489189145
    1.160000000    7.320034366    7.331270058    7.498714343
    1.170000000    7.329570557    7.341049020    7.508406991
    1.180000000    7.339278256    7.351009586    7.518271082
    1.190000000    7.349161714    7.361156561    7.528310780
    1.200000000    7.359225370    7.371494974    7.538530434
    1.210000000    7.369473861    7.382030095    7.548934580
    1.220000000    7.379912032    7.392767444    7.559527960
    1.230000000    7.390544947    7.403712812    7.570315533
    1.240000000    7.401377908    7.414872278    7.581302483
    1.250000000    7.412416465    7.426252228    7.592494240
    1.260000000    7.423666433    7.437859374    7.603896491
    1.270000000    7.435133910    7.449700780    7.615515198
    1.280000000    7.446825293    7.461783884    7.627356615
    1.290000000    7.458747302    7.474116524    7.639427309
    1.300000000    7.470906997    7.486706970    7.651734180
    1.310000000    7.483311803    7.499563956    7.664284482
    1.320000000    7.495969539    7.512696710    7.677085852
    1.330000000    7.508888439    7.526114998    7.690146333
    1.340000000    7.522077190    7.539829162    7.703474405
    1.350000000    7.535544958    7.553850167    7.717079018
    1.360000000    7.549301429    7.568189653    7.730969623
    1.370000000    7.563356844    7.582859987    7.745156217
    1.380000000    7.577722047    7.597874328    7.759649376
    1.390000000    7.592408531    7.613246694    7.774460312
    1.400000000    7.607428488    7.628992036    7.789600911
    1.410000000    7.622794868    7.645126322    7.805083801
    1.420000000    7.638521446    7.661666628    7.820922405
    1.430000000    7.654622886    7.678631247    7.837131010
    1.440000000    7.671114823    7.696039797    7.853724848
    1.450000000    7.688013951    7.713913353    7.870720172
    1.460000000    7.705338114    7.732274594    7.888134351
    1.470000000    7.723106417    7.751147959    7.905985975
    1.480000000    7.741339345    7.770559835    7.924294968
    1.490000000    7.760058898    7.790538760    7.943082716
    1.500000000    7.779288737    7.811115656    7.962372211
    1.510000000    7.799054359    7.832324091    7.982188214
    1.520000000    7.819383280    7.854200579    8.002557432
    1.530000000    7.840305257    7.876784921    8.023508728
    1.540000000    7.861852523    7.900120589    8.045073346
    1.550000000    7.884060070    7.924255172    8.067285176
    1.560000000    7.906965955    7.949240883    8.090181050
    1.570000000    7.930611660    7.975135139    8.113801077
    1.580000000    7.955042496    8.002001227    8.138189025
    1.590000000    7.980308068    8.029909078    8.163392766
    1.600000000    8.006462807    8.058936148    8.189464771
    1.610000000    8.033566576    8.089168438    8.216462686
    1.620000000    8.061685370    8.120701669    8.244449992
    1.630000000    8.090892115    8.153642627    8.273496763
    1.640000000    8.121267582    8.188110714    8.303680539
    1.650000000    8.152901433    8.224239697    8.335087323
    1.660000000    8.185893399    8.262179696    8.367812742
    1.670000000    8.220354617    8.302099373    8.401963357
    1.680000000    8.256409095    8.344188300    8.437658178
    1.690000000    8.294195293    8.388659388    8.475030366
    1.700000000    8.333867756    8.435751170    8.514229140
    1.710000000    8.375598633    8.485729497    8.555421871
    1.720000000    8.419578838    8.538887892    8.598796292
    1.730000000    8.466018307    8.595545121    8.644562697
    1.740000000    8.515144447    8.656037475    8.692955860
    1.750000000    8.567197087    8.720701194    8.744236153
    1.760000000    8.622416909    8.789836940    8.798688952
    1.770000000    8.681021968    8.863641788    8.856620634
    1.780000000    8.743162612    8.942082764    8.918348168
    1.790000000    8.808837608    9.024665828    8.984176908
    1.800000000    8.877741457    9.110020097    9.054356961
    1.810000000    8.948992731    9.195164553    9.129000855
    1.820000000    9.020668032    9.274262568    9.207931738
    1.830000000    9.089057547    9.336667904    9.290407877
    1.840000000    9.147651855    9.364386037    9.374631106
    1.850000000    9.186291235    9.330394057    9.456893833
    1.860000000    9.191948719    9.202423699    9.530179013
    1.870000000    9.153617938    8.959707143    9.582129494
    1.880000000    9.071044795    8.621325101    9.592949829
    1.890000000    8.958387092    8.256792668    9.535789926
    1.900000000    8.834709129    7.948544874    9.385511992
    1.910000000    8.714700978    7.741472421    9.140732106
    1.920000000    8.613998648    7.636211961    8.845931004
    1.930000000    8.553023062    7.613660150    8.578884407
    1.940000000    8.545833356    7.652165595    8.401530162
    1.950000000    8.590901358    7.732180825    8.328784116
    1.960000000    8.675547401    7.837733258    8.340575879
    1.970000000    8.784373409    7.957096772    8.406708149
    1.980000000    8.903079545    8.082087033    8.500112806
    1.990000000    9.017919642    8.206529411    8.598724668
    2.000000000    9.113835185    8.324803686    8.683239399
    2.010000000    9.174361816    8.431304633    8.736411453
    2.020000000    9.186461386    8.521714036    8.747997645
    2.030000000    9.149607267    8.595744016    8.724851751
    2.040000000    9.077682745    8.657437625    8.694207463
    2.050000000    8.982684097    8.709245235    8.687465143
    2.060000000    8.857148016    8.745373820    8.717739870
    2.070000000    8.683522894    8.753659815    8.774116733
    2.080000000    8.464777985    8.724053646    8.829481534
    2.090000000    8.237241513    8.651406122    8.847609098
    2.100000000    8.041279874    8.527038456    8.788089854
    2.110000000    7.885112611    8.336047245    8.618494236
    2.120000000    7.746847456    8.077458865    8.339246673
    2.130000000    7.601678721    7.787158653    8.001867276
    2.140000000    7.440546992    7.525404239    7.686392770
    2.150000000    7.276111587    7.338472653    7.452889690
    2.160000000    7.141273858    7.241665670    7.321601724
    2.170000000    7.070899367    7.228237516    7.285089903
    2.180000000    7.078147967    7.280583055    7.322871998
    2.190000000    7.152020832    7.378165642    7.411271355
    2.200000000    7.271593033    7.503313658    7.530126899
    2.210000000    7.417641213    7.643544280    7.665404860
    2.220000000    7.576069252    7.791007357    7.808629231
    2.230000000    7.736665252    7.940851756    7.955228573
    2.240000000    7.890444312    8.089571064    8.103019857
    2.250000000    8.026848288    8.233595762    8.251128664
    2.260000000    8.131482724    8.368219075    8.399260090
    2.270000000    8.186194549    8.487350185    8.547151881
    2.280000000    8.175431969    8.585316864    8.694046345
    2.290000000    8.101231117    8.661409327    8.838033670
    2.300000000    7.995786549    8.723412854    8.975167360
    2.310000000    7.908897831    8.782616882    9.098470572
    2.320000000    7.874721729    8.842278598    9.197652307
    2.330000000    7.895337752    8.893427973    9.261719223
    2.340000000    7.952606913    8.923425970    9.287010614
    2.350000000    8.025715199    8.927393697    9.287253593
    2.360000000    8.097268343    8.907728299    9.291735801
    2.370000000    8.148560474    8.859260909    9.325839640
    2.380000000    8.155875041    8.760753395    9.394433707
    2.390000000    8.098369403    8.590560321    9.483926980
    2.400000000    7.976787950    8.356199237    9.571205383
    2.410000000    7.827188235    8.108326566    9.625144640
    2.420000000    7.706707877    7.916606981    9.603033891
    2.430000000    7.656780082    7.825170837    9.455581393
    2.440000000    7.683399234    7.833550804    9.153259574
    2.450000000    7.768357669    7.912724323    8.728063756
    2.460000000    7.887292009    8.026450431    8.284267952
    2.470000000    8.017164894    8.139532902    7.937491539
    2.480000000    8.135724501    8.218127472    7.739060534
    2.490000000    8.220948302    8.233545005    7.666819235
    2.500000000    8.254140214    8.173346187    7.666387226
    2.510000000    8.225076251    8.048705469    7.691126215
    2.520000000    8.136703234    7.884438301    7.722604134
    2.530000000    8.010036754    7.705265688    7.768100412
    2.540000000    7.881877215    7.536878395    7.838656726
    2.550000000    7.783411359    7.402825998    7.928736500
    2.560000000    7.716470306    7.305902682    8.013682803
    2.570000000    7.656483564    7.223450946    8.060914492
    2.580000000    7.580021994    7.131980589    8.048132792
    2.590000000    7.490639258    7.036340159    7.982853845
    2.600000000    7.415710113    6.968702071    7.903907766
    2.610000000    7.374973803    6.955887938    7.850382094
    2.620000000    7.358547796    6.995408896    7.826923813
    2.630000000    7.336599173    7.062324621    7.801543544
    2.640000000    7.286065997    7.129494914    7.730787789
    2.650000000    7.212346161    7.182576632    7.593590628
    2.660000000    7.146987992    7.221640777    7.416487285
    2.670000000    7.120812443    7.248649973    7.262082091
    2.680000000    7.141004727    7.253394709    7.181677441
    2.690000000    7.193330505    7.215515458    7.184882662
    2.700000000    7.260393814    7.125824123    7.252373117
    2.710000000    7.336874907    7.008390052    7.362411336
    2.720000000    7.429340934    6.913718124    7.502674472
    2.730000000    7.543037957    6.882530428    7.665486765
    2.740000000    7.671579945    6.921550654    7.839830083
    2.750000000    7.796939146    7.010863220    8.008784963
    2.760000000    7.893397257    7.121358664    8.150563757
    2.770000000    7.932181184    7.225409952    8.241564903
    2.780000000    7.891989338    7.303075999    8.264213586
    2.790000000    7.778547417    7.349797243    8.218081764
    2.800000000    7.637301520    7.381678515    8.120203245
    2.810000000    7.532825207    7.426809111    7.985003110
    2.820000000    7.507325642    7.505715605    7.805070547
    2.830000000    7.563742163    7.620966578    7.563008429
    2.840000000    7.680545511    7.762034263    7.270643523
    2.850000000    7.830252783    7.913425941    6.989678647
    2.860000000    7.986805261    8.057649824    6.795851447
    2.870000000    8.125521668    8.174718290    6.725893994
    2.880000000    8.223647700    8.243960784    6.768784761
    2.890000000    8.266551438    8.252274164    6.891954971
    2.900000000    8.255937545    8.204553715    7.063941828
    2.910000000    8.205304306    8.120506361    7.262060247
    2.920000000    8.119207307    8.014393159    7.471507437
    2.930000000    7.983635911    7.885958518    7.682128433
    2.940000000    7.786021047    7.737250277    7.885294405
    2.950000000    7.540603333    7.585929044    8.071291166
    2.960000000    7.285829753    7.451899725    8.227092269
    2.970000000    7.059510777    7.338321417    8.334819095
    2.980000000    6.882280495    7.232392739    8.372528591
    2.990000000    6.758219478    7.120998585    8.320580689
    3.000000000    6.685132751    7.007039550    8.174071917
    3.010000000    6.662867497    6.914101889    7.953584680
    3.020000000    6.689477068    6.870920243    7.707044967
    3.030000000    6.753155972    6.890634893    7.499482152
    3.040000000    6.833183597    6.966250364    7.385014632
    3.050000000    6.910079502    7.080365664    7.380305732
    3.060000000    6.978316261    7.217144423    7.467634146
    3.070000000    7.050053395    7.367836623    7.616057051
    3.080000000    7.141767063    7.526861773    7.796272359
    3.090000000    7.256990229    7.684432936    7.984211591
    3.100000000    7.383198123    7.823374989    8.159521560
    3.110000000    7.500466273    7.921118746    8.304869533
    3.120000000    7.592256181    7.956424617    8.408728339
    3.130000000    7.654232274    7.921751426    8.468033533
    3.140000000    7.697138251    7.835706065    8.482598842
    3.150000000    7.740493239    7.741648229    8.445332951
    3.160000000    7.799560735    7.685376594    8.348387250
    3.170000000    7.872774901    7.687194475    8.208566606
    3.180000000    7.938356684    7.733660925    8.078603632
    3.190000000    7.962021251    7.791718569    8.016493439
    3.200000000    7.913402288    7.829915569    8.045338779
    3.210000000    7.789276935    7.837360261    8.148170915
    3.220000000    7.627601925    7.830489139    8.286993574
    3.230000000    7.486878661    7.835794448    8.417582748
    3.240000000    7.403105199    7.861299991    8.495696091
    3.250000000    7.370814097    7.886273766    8.486206785
    3.260000000    7.358675702    7.874908882    8.382813190
    3.270000000    7.334836268    7.801189237    8.222939143
    3.280000000    7.287257535    7.672519487    8.065862747
    3.290000000    7.229809216    7.531648885    7.943589517
    3.300000000    7.185177474    7.425031049    7.839638119
    3.310000000    7.159961890    7.366961463    7.712179825
    3.320000000    7.140795573    7.336412943    7.533864114
    3.330000000    7.113964569    7.302436693    7.321405411
    3.340000000    7.083682112    7.248005410    7.130970482
    3.350000000    7.066677881    7.169914285    7.019173509
    3.360000000    7.070996341    7.063575206    7.005857774
    3.370000000    7.088264172    6.924244498    7.067744584
    3.380000000    7.104671291    6.765696860    7.155686115
    3.390000000    7.110188955    6.621192542    7.214469382
    3.400000000    7.099997674    6.519452402    7.200490286
    3.410000000    7.080421699    6.471585837    7.102363059
    3.420000000    7.075157045    6.481187286    6.952089706
    3.430000000    7.112632444    6.549807612    6.803374195
    3.440000000    7.203924575    6.669492451    6.695034432
    3.450000000    7.337485352    6.820073177    6.643431139
    3.460000000    7.489343971    6.975292658    6.656048604
    3.470000000    7.633539514    7.110249223    6.734585026
    3.480000000    7.749212766    7.208021643    6.870978157
    3.490000000    7.826825172    7.264318556    7.048611923
    3.500000000    7.870210318    7.284726877    7.246494041
    3.510000000    7.888700482    7.276583856    7.442213798
    3.520000000    7.885210671    7.247616634    7.613375827
    3.530000000    7.852669918    7.208995542    7.740026351
    3.540000000    7.778492392    7.168197244    7.810516181
    3.550000000    7.651633905    7.119391032    7.827907664
    3.560000000    7.472519880    7.050484763    7.808119281
    3.570000000    7.264346655    6.963286372    7.767628383
    3.580000000    7.073004382    6.884115778    7.714972907
    3.590000000    6.941955771    6.847396503    7.655716836
    3.600000000    6.882733271    6.868345406    7.599969302
    3.610000000    6.874679364    6.936364760    7.565329923
    3.620000000    6.886535707    7.028930963    7.573284206
    3.630000000    6.895657854    7.126634578    7.634309521
    3.640000000    6.897674098    7.220895701    7.735309162
    3.650000000    6.902923100    7.312214638    7.843006738
    3.660000000    6.921768406    7.400468876    7.915723547
    3.670000000    6.955092818    7.477050919    7.915563093
    3.680000000    6.994454457    7.525442128    7.820325111
    3.690000000    7.025563585    7.529427268    7.633084316
    3.700000000    7.037082097    7.486877433    7.387573413
    3.710000000    7.029986433    7.418055108    7.142975998
    3.720000000    7.014527636    7.353320159    6.957800452
    3.730000000    7.001074818    7.312092694    6.859736387
    3.740000000    7.001992357    7.300816626    6.844389901
    3.750000000    7.035275949    7.323441506    6.897109738
    3.760000000    7.113937908    7.380002064    7.004697499
    3.770000000    7.234578085    7.458165347    7.150803557
    3.780000000    7.380647086    7.536007935    7.312364247
    3.790000000    7.533207662    7.595208112    7.462480162
    3.800000000    7.677568795    7.631251428    7.574504511
    3.810000000    7.802745046    7.651335568    7.628169517
    3.820000000    7.897482385    7.662375961    7.621274601
    3.830000000    7.949349457    7.660760850    7.577351143
    3.840000000    7.951329534    7.636167041    7.534271435
    3.850000000    7.910727527    7.587937157    7.524227753
    3.860000000    7.847438537    7.533997332    7.565256180
    3.870000000    7.780813239    7.498674409    7.661120049
    3.880000000    7.721211455    7.495341747    7.802529439
    3.890000000    7.673540358    7.524824405    7.970983923
    3.900000000    7.640114559    7.582930891    8.145138946
    3.910000000    7.616343248    7.662463190    8.307969592
    3.920000000    7.592518059    7.753519774    8.452231453
    3.930000000    7.565302953    7.848173932    8.578430413
    3.940000000    7.540579834    7.941885208    8.684148378
    3.950000000    7.519811484    8.026513762    8.757050300
    3.960000000    7.488853443    8.083797167    8.782601005
    3.970000000    7.427746595    8.089957219    8.760447189
    3.980000000    7.332428405    8.030017274    8.710187703
    3.990000000    7.224601664    7.911839982    8.657547689
    4.000000000    7.140772058    7.769504273    8.616759875
    4.010000000    7.110285678    7.649407987    8.580606003
    4.020000000    7.138752751    7.585504196    8.520404277
    4.030000000    7.207151353    7.581314539    8.402264976
    4.040000000    7.283592222    7.611171636    8.210116100
    4.050000000    7.340222878    7.638078827    7.956575927
    4.060000000    7.367859554    7.634762362    7.680647333
    4.070000000    7.378450067    7.596305460    7.434830587
    4.080000000    7.393026255    7.541124467    7.262227680
    4.090000000    7.426761621    7.499847929    7.179709527
    4.100000000    7.479512496    7.493211431    7.173982365
    4.110000000    7.535859209    7.517836055    7.209354138
    4.120000000    7.578479234    7.557347799    7.248191393
    4.130000000    7.606580840    7.605176637    7.271464268
    4.140000000    7.639778007    7.671594768    7.281168991
    4.150000000    7.698894233    7.766763239    7.288284715
    4.160000000    7.784813118    7.881703741    7.307596127
    4.170000000    7.878199597    7.987626019    7.355770284
    4.180000000    7.953979714    8.049346346    7.438419543
    4.190000000    7.992884095    8.041347366    7.541216512
    4.200000000    7.984484271    7.959142791    7.637632651
    4.210000000    7.928174759    7.819161408    7.700710787
    4.220000000    7.835088601    7.646556115    7.710177577
    4.230000000    7.725092759    7.461659204    7.660145180
    4.240000000    7.617876053    7.276872453    7.567743718
    4.250000000    7.524546590    7.100584932    7.469894639
    4.260000000    7.444731081    6.938031086    7.402653675
    4.270000000    7.372433554    6.794545009    7.383975251
    4.280000000    7.305520950    6.682661405    7.414997009
    4.290000000    7.248244818    6.618492436    7.485801748
    4.300000000    7.209104767    6.610913348    7.578225763
    4.310000000    7.201327131    6.660425911    7.674310501
    4.320000000    7.241354842    6.763998836    7.767629700
    4.330000000    7.339091199    6.914309257    7.864068961
    4.340000000    7.488350029    7.096219546    7.970017187
    4.350000000    7.668171509    7.287913584    8.083221380
    4.360000000    7.851193272    7.466203467    8.191680866
    4.370000000    8.011654151    7.612375507    8.270832215
    4.380000000    8.132166213    7.716049990    8.283406192
    4.390000000    8.209702567    7.776445198    8.195722753
    4.400000000    8.255851820    7.803699810    8.007421815
    4.410000000    8.286632865    7.819078138    7.767911666
    4.420000000    8.310628280    7.847195816    7.550764998
    4.430000000    8.328623123    7.902832848    7.403691822
    4.440000000    8.342259515    7.985837454    7.329801380
    4.450000000    8.358206651    8.086784247    7.311351439
    4.460000000    8.383844425    8.193695830    7.337515838
    4.470000000    8.420507970    8.293519428    7.410433385
    4.480000000    8.455743075    8.367802419    7.532092753
    4.490000000    8.459016213    8.390030991    7.691412798
    4.500000000    8.393169298    8.335525976    7.866211605
    4.510000000    8.241011498    8.201526090    8.033773155
    4.520000000    8.025548711    8.020136304    8.178381157
    4.530000000    7.799822166    7.847253993    8.293601684
    4.540000000    7.612243586    7.730586252    8.381436636
    4.550000000    7.485095940    7.686337098    8.447880473
    4.560000000    7.423212025    7.705105306    8.496290756
    4.570000000    7.426939758    7.769741871    8.523785595
    4.580000000    7.488465922    7.861735521    8.521669502
    4.590000000    7.585246662    7.959062061    8.479162052
    4.600000000    7.686561133    8.039789370    8.393304406
    4.610000000    7.767390925    8.092129299    8.278571386
    4.620000000    7.817893769    8.119777539    8.163176315
    4.630000000    7.841623833    8.134075952    8.070842184
    4.640000000    7.846479895    8.142647260    8.007343263
    4.650000000    7.840807832    8.150107717    7.967845279
    4.660000000    7.835767993    8.164521173    7.949375351
    4.670000000    7.847581886    8.197837767    7.952989944
    4.680000000    7.895554261    8.262337271    7.983129948
    4.690000000    7.993135811    8.365491139    8.047610094
    4.700000000    8.139357483    8.505001595    8.152299613
    4.710000000    8.320875634    8.669437817    8.293397831
    4.720000000    8.522202060    8.844764679    8.456677745
    4.730000000    8.733129650    9.019617991    8.624988519
    4.740000000    8.947115493    9.184352876    8.789491226
    4.750000000    9.155171218    9.328413718    8.955722310
    4.760000000    9.343482540    9.444127748    9.134803070
    4.770000000    9.495638979    9.533426243    9.327802382
    4.780000000    9.596189512    9.604762685    9.522199598
    4.790000000    9.636333493    9.661087312    9.699461018
    4.800000000    9.620578783    9.694136482    9.838840393
    4.810000000    9.564038662    9.688884592    9.917148065
    4.820000000    9.480650824    9.633442194    9.917876969
    4.830000000    9.377933478    9.530726775    9.846915306
    4.840000000    9.259629799    9.398326758    9.731520290
    4.850000000    9.128056213    9.255028042    9.601588143
    4.860000000    8.988641381    9.116673306    9.482947440
    4.870000000    8.854235249    9.001668581    9.402738605
    4.880000000    8.738564300    8.924643213    9.380892865
    4.890000000    8.644999898    8.883583677    9.411245016
    4.900000000    8.567501910    8.861204074    9.455041531
    4.910000000    8.500521615    8.837365685    9.454146159
    4.920000000    8.442798294    8.797055797    9.355790598
    4.930000000    8.394682197    8.733047357    9.143544108
    4.940000000    8.358566139    8.648759106    8.861517016
    4.950000000    8.343540526    8.560860419    8.599980474
    4.960000000    8.364423194    8.497355684    8.440151436
    4.970000000    8.431890263    8.487647399    8.411840238
    4.980000000    8.544632737    8.548045143    8.494898666
    4.990000000    8.690539397    8.671908753    8.640523877
    5.000000000    8.851195620    8.830761048    8.792228794
    5.010000000    9.006820082    8.986239613    8.905674009
    5.020000000    9.144615933    9.106428511    8.960693838
    5.030000000    9.263414421    9.174920161    8.954383561
    5.040000000    9.368351185    9.190045935    8.887828645
    5.050000000    9.465775879    9.166583806    8.772123564
    5.060000000    9.561142694    9.136609532    8.642003565
    5.070000000    9.653029368    9.132519076    8.545392625
    5.080000000    9.733135022    9.166714677    8.514362729
    5.090000000    9.799807731    9.233423141    8.551130152
    5.100000000    9.865966404    9.321577565    8.638932414
    5.110000000    9.945816519    9.417954669    8.757685942
    5.120000000   10.034888843    9.502506861    8.890529302
    5.130000000   10.102671662    9.543574419    9.021788385
    5.140000000   10.104336984    9.502879052    9.134688907
    5.150000000   10.006829657    9.356501954    9.219126544
    5.160000000    9.811433399    9.115176703    9.282623399
    5.170000000    9.554859489    8.825147701    9.348883329
    5.180000000    9.284561143    8.546256238    9.441797515
    5.190000000    9.029560543    8.319592379    9.569136510
    5.200000000    8.797466499    8.153797436    9.722217477
    5.210000000    8.592902489    8.040304576    9.887006347
    5.220000000    8.429437185    7.973633005   10.049741889
    5.230000000    8.326028788    7.955468492   10.197204925
    5.240000000    8.295715265    7.987313127   10.320259238
    5.250000000    8.335541173    8.065639400   10.416260071
    5.260000000    8.428519045    8.183728115   10.487392889
    5.270000000    8.557661191    8.336218212   10.542691607
    5.280000000    8.716288287    8.521392358   10.600373219
    5.290000000    8.899094183    8.735387663   10.674754562
    5.300000000    9.084644985    8.962198191   10.756438399
    5.310000000    9.235482351    9.174650773   10.813756209
    5.320000000    9.314873268    9.346237765   10.817331308
    5.330000000    9.301849433    9.460900230   10.766144926
    5.340000000    9.201318185    9.519542975   10.693572540
    5.350000000    9.050056813    9.545635806   10.646370591
    5.360000000    8.907601563    9.580734086   10.656076819
    5.370000000    8.828234510    9.663493875   10.728835223
    5.380000000    8.833520179    9.804838401   10.853735087
    5.390000000    8.908042327    9.979892462   11.010863758
    5.400000000    9.017485140   10.142560055   11.175996997
    5.410000000    9.129925737   10.250624584   11.332131152
    5.420000000    9.227222565   10.284116322   11.480412714
    5.430000000    9.302568433   10.246080920   11.636103530
    5.440000000    9.347874289   10.150259078   11.811558546
    5.450000000    9.343755997   10.006065711   12.001207555
    5.460000000    9.263399895    9.808345894   12.180682128
    5.470000000    9.087009896    9.539215835   12.315119793
    5.480000000    8.811761784    9.180334787   12.370649042
    5.490000000    8.455323284    8.733644192   12.330947953
    5.500000000    8.058500833    8.242014657   12.209193630
    5.510000000    7.678240843    7.782426356   12.045228002
    5.520000000    7.366154308    7.424812581   11.890459090
    5.530000000    7.145297618    7.192063704   11.781956573
    5.540000000    7.006077637    7.059906392   11.728224405
    5.550000000    6.923621800    6.987915649   11.725727936
    5.560000000    6.872354309    6.941683784   11.772877245
    5.570000000    6.828286569    6.895912869   11.859678150
    5.580000000    6.772815125    6.835179195   11.955547481
    5.590000000    6.700910242    6.757379929   12.009185774
    5.600000000    6.624106253    6.673910305   11.964502032
    5.610000000    6.564368321    6.606568513   11.792984684
    5.620000000    6.539182433    6.578684038   11.511949662
    5.630000000    6.543907629    6.595678054   11.163621076
    5.640000000    6.546873890    6.629963007   10.781135396
    5.650000000    6.503381262    6.629073753   10.368756485
    5.660000000    6.384911581    6.548992497    9.905746417
    5.670000000    6.207515649    6.390741748    9.379344050
    5.680000000    6.025899019    6.201176643    8.810425725
    5.690000000    5.894799375    6.037399274    8.235821174
    5.700000000    5.840341189    5.937761644    7.680254037
    5.710000000    5.856436119    5.912692613    7.157085309
    5.720000000    5.912565750    5.943115393    6.681571764
    5.730000000    5.968624134    5.990919988    6.270066398
    5.740000000    5.994355152    6.018258206    5.928044414
    5.750000000    5.982297867    5.999019733    5.648450336
    5.760000000    5.944647797    5.919236830    5.420696056
    5.770000000    5.898299735    5.776351220    5.228731451
    5.780000000    5.855903077    5.585785478    5.047800051
    5.790000000    5.828639370    5.386695088    4.860092764
    5.800000000    5.824251538    5.226671970    4.670448839
    5.810000000    5.837039706    5.132807212    4.496259446
    5.820000000    5.847354304    5.101624715    4.342082441
    5.830000000    5.833987321    5.112149441    4.189843805
    5.840000000    5.786644562    5.141741527    4.021535739
    5.850000000    5.710289784    5.174800698    3.849696725
    5.860000000    5.623167279    5.205587672    3.713980318
    5.870000000    5.552444163    5.236795291    3.646519008
    5.880000000    5.522225841    5.272034661    3.644453487
    5.890000000    5.536131416    5.306305962    3.680324697
    5.900000000    5.575138919    5.325861137    3.738036634
    5.910000000    5.614283475    5.317127332    3.826468713
    5.920000000    5.636653214    5.274253876    3.955872367
    5.930000000    5.634007176    5.201265652    4.113199041
    5.940000000    5.603294853    5.109355025    4.266268912
    5.950000000    5.546025982    5.011082900    4.386082477
    5.960000000    5.469366754    4.918010848    4.463949302
    5.970000000    5.382556971    4.840334793    4.513586462
    5.980000000    5.287752340    4.781001603    4.554767468
    5.990000000    5.180011381    4.731812076    4.588561454
    6.000000000    5.064276807    4.684237163    4.593721737
    6.010000000    4.966602481    4.643821624    4.551649756
    6.020000000    4.917637517    4.626418106    4.464589573
    6.030000000    4.932423241    4.645713704    4.347879520
    6.040000000    5.012900222    4.712442187    4.218368019
    6.050000000    5.155586484    4.835695912    4.092479997
    6.060000000    5.349057766    5.016637211    3.985049741
    6.070000000    5.571604163    5.244900484    3.905753735
    6.080000000    5.795391654    5.501611515    3.859203068
    6.090000000    5.993471903    5.764090150    3.849200467
    6.100000000    6.144379311    6.007523322    3.876992723
    6.110000000    6.231803067    6.203394199    3.931190898
    6.120000000    6.245779010    6.322925667    3.985159345
    6.130000000    6.187918438    6.348980735    4.008498642
    6.140000000    6.075550771    6.288539281    3.989290758
    6.150000000    5.941123092    6.174818142    3.951808899
    6.160000000    5.821093915    6.052626703    3.940127275
    6.170000000    5.739581369    5.957557519    3.975088311
    6.180000000    5.701799314    5.905180597    4.036258585
    6.190000000    5.698426943    5.892332581    4.088358366
    6.200000000    5.712908170    5.904721489    4.112371321
    6.210000000    5.728395554    5.925402473    4.106610379
    6.220000000    5.734185699    5.940857361    4.069323284
    6.230000000    5.728852540    5.943277662    3.989691169
    6.240000000    5.715174013    5.928069133    3.853663647
    6.250000000    5.690113995    5.887894188    3.656119370
    6.260000000    5.642039850    5.811001769    3.408341956
    6.270000000    5.561057257    5.691622638    3.133675909
    6.280000000    5.451778983    5.543103478    2.854965037
    6.290000000    5.331076829    5.393561770    2.586130499
    6.300000000    5.210874988    5.264362484    2.332609514
    6.310000000    5.087599910    5.157320630    2.097315612
    6.320000000    4.948113004    5.060639130    1.893134926
    6.330000000    4.778768507    4.958208937    1.749716659
    6.340000000    4.569864308    4.834735743    1.697551869
    6.350000000    4.320183468    4.681735209    1.739723140
    6.360000000    4.041225002    4.503525449    1.839623337
    6.370000000    3.755058402    4.314907413    1.938048190
    6.380000000    3.486258241    4.129948704    1.986802477
    6.390000000    3.254160865    3.954438937    1.973489421
    6.400000000    3.067453698    3.787320275    1.920164121
    6.410000000    2.920585270    3.622269067    1.857678355
    6.420000000    2.795531121    3.449128127    1.800075514
    6.430000000    2.671778558    3.260316346    1.745096751
    6.440000000    2.541105577    3.059903802    1.691026866
    6.450000000    2.415897666    2.868093899    1.647218248
    6.460000000    2.320384704    2.711266247    1.634333301
    6.470000000    2.271746819    2.604485196    1.676310245
    6.480000000    2.268679927    2.545810074    1.784917261
    6.490000000    2.295130670    2.523449279    1.944641665
    6.500000000    2.334225201    2.525468552    2.112696613
    6.510000000    2.376899001    2.543165503    2.239216360
    6.520000000    2.417068474    2.566806061    2.294742836
    6.530000000    2.446601559    2.585604233    2.284116203
    6.540000000    2.458734902    2.595984299    2.231631255
    6.550000000    2.451507336    2.604133310    2.148680287
    6.560000000    2.428171916    2.617662556    2.022681613
    6.570000000    2.399762096    2.641690734    1.844154375
    6.580000000    2.384921942    2.683703239    1.636104307
    6.590000000    2.397512704    2.748884209    1.446288741
    6.600000000    2.431276138    2.825321258    1.313255999
    6.610000000    2.460614061    2.882480599    1.242550556
    6.620000000    2.459430004    2.889299064    1.211482584
    6.630000000    2.418023638    2.830682033    1.194442928
    6.640000000    2.343040694    2.707644210    1.185833627
    6.650000000    2.251162051    2.533665671    1.205682732
    6.660000000    2.163640729    2.333822419    1.282852962
    6.670000000    2.095157019    2.135407365    1.422174468
    6.680000000    2.046726415    1.956717280    1.588050285
    6.690000000    2.013581148    1.808512052    1.724610906
    6.700000000    1.993417553    1.698273033    1.789584541
    6.710000000    1.984124150    1.627514690    1.773427871
    6.720000000    1.981392178    1.589750818    1.699762415
    6.730000000    1.981407024    1.572773534    1.614570732
    6.740000000    1.984608666    1.564811678    1.565152506
    6.750000000    1.998121129    1.563250270    1.577426218
    6.760000000    2.031256274    1.575092829    1.647395882
    6.770000000    2.084961426    1.604729355    1.746649308
    6.780000000    2.147566587    1.645266313    1.834545810
    6.790000000    2.201090447    1.683424234    1.871269151
    6.800000000    2.231872714    1.708346257    1.827534527
    6.810000000    2.240184434    1.718012755    1.697325708
    6.820000000    2.242263819    1.722335194    1.508839621
    6.830000000    2.262028672    1.738329753    1.307363588
    6.840000000    2.319401986    1.779506759    1.118819325
    6.850000000    2.421283307    1.849481692    0.944046301
    6.860000000    2.556322955    1.942284300    0.789322412
    6.870000000    2.695212831    2.042830979    0.681043473
    6.880000000    2.799175339    2.128418279    0.642894727
    6.890000000    2.836632197    2.178758526    0.672842123
    6.900000000    2.798135390    2.189092890    0.746724196
    6.910000000    2.696191734    2.170015126    0.834151473
    6.920000000    2.556377563    2.135604979    0.911437038
    6.930000000    2.412894504    2.099098827    0.969715557
    6.940000000    2.302515500    2.077907060    1.017584692
    6.950000000    2.251282646    2.091885511    1.073301925
    6.960000000    2.261503999    2.149414707    1.144876366
    6.970000000    2.311152824    2.237987099    1.217252567
    6.980000000    2.370232554    2.334075488    1.260143461
    6.990000000    2.419494059    2.420799775    1.243226628
    7.000000000    2.456784252    2.496139583    1.153780643
    7.010000000    2.489856240    2.566847604    1.013307167
    7.020000000    2.522230359    2.633622553    0.866069356
    7.030000000    2.545621837    2.683927294    0.739021363
    7.040000000    2.547486391    2.702609329    0.621574971
    7.050000000    2.524622721    2.688004288    0.485300210
    7.060000000    2.488004284    2.656231294    0.313887091
    7.070000000    2.456866088    2.632066528    0.118259625
    7.080000000    2.450414210    2.636343552   -0.068167942
    7.090000000    2.481839536    2.678697745   -0.207332778
    7.100000000    2.553574070    2.757505534   -0.273987031
    7.110000000    2.654941371    2.862422216   -0.266212495
    7.120000000    2.767375952    2.978141295   -0.204757355
    7.130000000    2.876303331    3.092915969   -0.118993410
    7.140000000    2.977953233    3.204803254   -0.030606258
    7.150000000    3.072345380    3.314443301    0.052421487
    7.160000000    3.151265446    3.411721741    0.131912137
    7.170000000    3.195928269    3.473245078    0.210366448
    7.180000000    3.187281000    3.475522897    0.282001596
    7.190000000    3.120962449    3.412755466    0.335201639
    7.200000000    3.014506786    3.302646694    0.365408364
    7.210000000    2.901324623    3.176124010    0.380667450
    7.220000000    2.814038316    3.059771175    0.394410271
    7.230000000    2.763853532    2.960006320    0.418137814
    7.240000000    2.733225241    2.858714430    0.458488246
    7.250000000    2.692764044    2.728416469    0.514302711
    7.260000000    2.625228435    2.557452668    0.577178482
    7.270000000    2.532417809    2.361485649    0.639217194
    7.280000000    2.425287627    2.171961043    0.698326109
    7.290000000    2.315707746    2.018660542    0.755621121
    7.300000000    2.214314286    1.920963334    0.813167458
    7.310000000    2.127101108    1.883098139    0.872998821
    7.320000000    2.054109680    1.893399371    0.933971885
    7.330000000    1.995176451    1.932713943    0.992097108
    7.340000000    1.957965119    1.987009617    1.043965934
    7.350000000    1.955888592    2.051397870    1.086634888
    7.360000000    1.994241905    2.123029419    1.113465514
    7.370000000    2.063362060    2.196822762    1.112197200
    7.380000000    2.146408510    2.269966562    1.070343777
    7.390000000    2.228618327    2.343555801    0.983654097
    7.400000000    2.300624484    2.415558627    0.862114141
    7.410000000    2.358361830    2.474554156    0.728640921
    7.420000000    2.400387214    2.502696317    0.605837919
    7.430000000    2.423257419    2.485032533    0.499390279
    7.440000000    2.422994578    2.420831412    0.397972612
    7.450000000    2.403794184    2.331567267    0.292746295
    7.460000000    2.379511543    2.253699948    0.190835820
    7.470000000    2.364129748    2.216364004    0.104034330
    7.480000000    2.369049893    2.228277730    0.031424844
    7.490000000    2.408874580    2.286150579   -0.038212181
    7.500000000    2.495224090    2.383758505   -0.110411026
    7.510000000    2.625145096    2.511905749   -0.177032549
    7.520000000    2.787122295    2.661846826   -0.221040371
    7.530000000    2.974680284    2.829146632   -0.226810644
    7.540000000    3.182842255    3.004852725   -0.191082191
    7.550000000    3.394477275    3.165157531   -0.128061273
    7.560000000    3.578467753    3.276666597   -0.062988681
    7.570000000    3.700610060    3.311199924   -0.019180355
    7.580000000    3.738206566    3.257823064   -0.006172007
    7.590000000    3.689096108    3.125249823   -0.016818544
    7.600000000    3.567799756    2.935595012   -0.040597799
    7.610000000    3.393731820    2.718322512   -0.079958888
    7.620000000    3.180674194    2.503348022   -0.145508655
    7.630000000    2.934887101    2.310126821   -0.231663482
    7.640000000    2.668405417    2.145297997   -0.305067043
    7.650000000    2.411722251    2.011965146   -0.326535510
    7.660000000    2.198075677    1.912831769   -0.281133151
    7.670000000    2.032102221    1.843115003   -0.183633336
    7.680000000    1.885813028    1.789063062   -0.062109103
    7.690000000    1.729125893    1.737718181    0.061562668
    7.700000000    1.556158745    1.685008544    0.180807192
    7.710000000    1.376655563    1.630808729    0.296427401
    7.720000000    1.193667930    1.570203545    0.402639099
    7.730000000    1.006675391    1.497851665    0.486049473
    7.740000000    0.830933866    1.420239552    0.533951086
    7.750000000    0.695249212    1.356294356    0.537155443
    7.760000000    0.618094488    1.321944235    0.489399390
    7.770000000    0.592534065    1.313428216    0.390677227
    7.780000000    0.592145070    1.305183541    0.251279790
    7.790000000    0.586344485    1.264876724    0.090606302
    7.800000000    0.552077099    1.174512093   -0.068779567
    7.810000000    0.479515915    1.042792291   -0.207021486
    7.820000000    0.373339653    0.898711498   -0.312519203
    7.830000000    0.246888815    0.770373578   -0.390076163
    7.840000000    0.112298015    0.667360768   -0.464992126
    7.850000000   -0.023539254    0.579100942   -0.570839115
    7.860000000   -0.153044224    0.489010664   -0.727166037
    7.870000000   -0.262922352    0.391307634   -0.930574545
    7.880000000   -0.343742825    0.292590018   -1.163216649
    7.890000000   -0.404342826    0.198932694   -1.401732092
    7.900000000   -0.473632481    0.102415351   -1.621284685
    7.910000000   -0.585616999   -0.018964029   -1.801123811
    7.920000000   -0.757239089   -0.186207054   -1.932142165
    7.930000000   -0.976925165   -0.406291680   -2.019795069
    7.940000000   -1.215555267   -0.674576759   -2.079493068
    7.950000000   -1.450426588   -0.983542093   -2.128299149
    7.960000000   -1.671555149   -1.316264140   -2.177044492
    7.970000000   -1.866205958   -1.631887092   -2.226534900
    7.980000000   -2.017004392   -1.877966534   -2.269813299
    7.990000000   -2.115790165   -2.022032692   -2.296387792
    8.000000000   -2.161824129   -2.059870159   -2.294491658
    8.010000000   -2.150484940   -2.002198600   -2.255879397
    8.020000000   -2.077666426   -1.869184728   -2.182726577
    8.030000000   -1.951585846   -1.692089819   -2.086936965
    8.040000000   -1.791997984   -1.506436334   -1.982295208
    8.050000000   -1.619973850   -1.338549769   -1.878363344
    8.060000000   -1.450844802   -1.196592269   -1.778840819
    8.070000000   -1.292911451   -1.072042213   -1.682986139
    8.080000000   -1.150041272   -0.951763340   -1.588926364
    8.090000000   -1.025136384   -0.831218977   -1.496140048
    8.100000000   -0.919882638   -0.717874639   -1.405794246
    8.110000000   -0.832684901   -0.625725520   -1.320577414
    8.120000000   -0.759922936   -0.567221474   -1.245470744
    8.130000000   -0.698450885   -0.544615183   -1.187431047
    8.140000000   -0.645157445   -0.544940301   -1.150503656
    8.150000000   -0.595696694   -0.547434209   -1.130230249
    8.160000000   -0.545173886   -0.540166460   -1.116199942
    8.170000000   -0.489056676   -0.527079999   -1.102389130
    8.180000000   -0.424260139   -0.520074259   -1.093127402
    8.190000000   -0.352281778   -0.532010594   -1.098166194
    8.200000000   -0.281038070   -0.576337242   -1.123285019
    8.210000000   -0.218803463   -0.658972565   -1.164359547
    8.220000000   -0.164143126   -0.763786131   -1.207863084
    8.230000000   -0.105482363   -0.854902877   -1.236170894
    8.240000000   -0.032157272   -0.898292299   -1.235048862
    8.250000000    0.055867574   -0.881034187   -1.201625205
    8.260000000    0.146719722   -0.816593479   -1.147855899
    8.270000000    0.223093607   -0.735664459   -1.094009016
    8.280000000    0.274531330   -0.665798319   -1.055422343
    8.290000000    0.305658079   -0.614711035   -1.032802125
    8.300000000    0.331066618   -0.572399407   -1.013928357
    8.310000000    0.363274842   -0.526625845   -0.985365957
    8.320000000    0.405910027   -0.473713971   -0.942208413
    8.330000000    0.455981040   -0.417333774   -0.887147972
    8.340000000    0.510576351   -0.361795672   -0.825674832
    8.350000000    0.569332845   -0.309028335   -0.764999401
    8.360000000    0.630766634   -0.260603749   -0.713784482
    8.370000000    0.689787494   -0.219567846   -0.679697099
    8.380000000    0.739806811   -0.189125497   -0.666358873
    8.390000000    0.776037208   -0.168915959   -0.672021568
    8.400000000    0.798414787   -0.151789223   -0.689837368
    8.410000000    0.814892893   -0.123671552   -0.708488197
    8.420000000    0.841269353   -0.067770716   -0.714917447
    8.430000000    0.893033330    0.027017261   -0.701509097
    8.440000000    0.975782176    0.159390492   -0.673115625
    8.450000000    1.082985289    0.316836110   -0.644629190
    8.460000000    1.199632035    0.482167456   -0.629949323
    8.470000000    1.308860328    0.640440208   -0.633845814
    8.480000000    1.399620757    0.783880611   -0.652001891
    8.490000000    1.468470633    0.911235143   -0.674925808
    8.500000000    1.512745220    1.021087566   -0.690474995
    8.510000000    1.527646009    1.108872038   -0.683424845
    8.520000000    1.513249045    1.171709514   -0.638604791
    8.530000000    1.476801278    1.210907237   -0.550743659
    8.540000000    1.424908682    1.228949879   -0.430235110
    8.550000000    1.360260748    1.229808716   -0.297508508
    8.560000000    1.287762318    1.222438987   -0.172781776
    8.570000000    1.217981385    1.218882372   -0.069856224
    8.580000000    1.161780638    1.227500415    0.003981454
    8.590000000    1.122472051    1.248548370    0.045387984
    8.600000000    1.093657082    1.275048560    0.055048425
    8.610000000    1.063601962    1.296789798    0.039004889
    8.620000000    1.020970931    1.304697763    0.006579818
    8.630000000    0.957957519    1.293235542   -0.033002439
    8.640000000    0.870366728    1.260240687   -0.071567165
    8.650000000    0.757348380    1.207115939   -0.101184723
    8.660000000    0.622390585    1.139706471   -0.114556766
    8.670000000    0.473323176    1.067249127   -0.107013816
    8.680000000    0.319615201    0.999052561   -0.078440891
    8.690000000    0.169550845    0.940679028   -0.032545557
    8.700000000    0.029903327    0.892106265    0.025983936
    8.710000000   -0.092859666    0.849872827    0.093471953
    8.720000000   -0.190640161    0.812352103    0.168803191
    8.730000000   -0.255340643    0.781035383    0.253826535
    8.740000000   -0.285085409    0.756276415    0.349793098
    8.750000000   -0.285577711    0.736954538    0.453416641
    8.760000000   -0.264766960    0.723541234    0.557635535
    8.770000000   -0.231314021    0.714494256    0.654148147
    8.780000000   -0.197062795    0.701233611    0.735345466
    8.790000000   -0.174673257    0.672249211    0.796968794
    8.800000000   -0.172145414    0.620726294    0.840196388
    8.810000000   -0.191290905    0.546820694    0.871682178
    8.820000000   -0.231014980    0.455057102    0.899814975
    8.830000000   -0.290634357    0.350762333    0.928240563
    8.840000000   -0.368590681    0.239151703    0.953941448
    8.850000000   -0.457824278    0.128471685    0.971771610
    8.860000000   -0.542425617    0.032621260    0.981083492
    8.870000000   -0.601067700   -0.034165421    0.990434231
    8.880000000   -0.619279087   -0.069204571    1.015496553
    8.890000000   -0.599489135   -0.086203817    1.069828984
    8.900000000   -0.556446456   -0.105061317    1.155434407
    8.910000000   -0.505751207   -0.138577752    1.259735419
    8.920000000   -0.460032695   -0.190475072    1.360219570
    8.930000000   -0.431056451   -0.261080854    1.432482618
    8.940000000   -0.428944000   -0.349987489    1.456471100
    8.950000000   -0.459617831   -0.455957392    1.420961023
    8.960000000   -0.523858548   -0.576807711    1.327691363
    8.970000000   -0.615657950   -0.705528043    1.191696475
    8.980000000   -0.720215281   -0.825266851    1.036464834
    8.990000000   -0.817096158   -0.913562723    0.887566225
    9.000000000   -0.889675832   -0.954655778    0.767559332
    9.010000000   -0.931818560   -0.944955150    0.692802825
    9.020000000   -0.944908424   -0.887934244    0.671243559
    9.030000000   -0.931492728   -0.789897791    0.700357801
    9.040000000   -0.892416252   -0.659794201    0.767962814
    9.050000000   -0.826699592   -0.508237987    0.858170684
    9.060000000   -0.733843940   -0.346828696    0.958258178
    9.070000000   -0.618609610   -0.189674592    1.060471265
    9.080000000   -0.493471938   -0.053733420    1.157958761
    9.090000000   -0.375872939    0.044549414    1.241101091
    9.100000000   -0.283624019    0.092999204    1.299264097
    9.110000000   -0.231396240    0.084432138    1.324793235
    9.120000000   -0.226800872    0.017602323    1.314218862
    9.130000000   -0.266658852   -0.100263855    1.266777374
    9.140000000   -0.338006105   -0.254431738    1.184317810
    9.150000000   -0.424637505   -0.428467543    1.074278197
    9.160000000   -0.514538307   -0.610951510    0.950758638
    9.170000000   -0.602332386   -0.797805086    0.829756661
    9.180000000   -0.685845054   -0.986404267    0.723544748
    9.190000000   -0.761377915   -1.165272673    0.638512179
    9.200000000   -0.822142337   -1.311694092    0.574555798
    9.210000000   -0.861247824   -1.403050329    0.527195975
    9.220000000   -0.876610895   -1.430492304    0.493914892
    9.230000000   -0.873462730   -1.401988011    0.477344230
    9.240000000   -0.862645258   -1.336659433    0.479766943
    9.250000000   -0.856107506   -1.257624198    0.496356669
    9.260000000   -0.862309579   -1.184801164    0.517143211
    9.270000000   -0.883449686   -1.128613612    0.534845724
    9.280000000   -0.914886349   -1.088524808    0.547745191
    9.290000000   -0.947991864   -1.058688853    0.554460955
    9.300000000   -0.977452441   -1.037147458    0.548694165
    9.310000000   -1.006266954   -1.029692543    0.521713577
    9.320000000   -1.041040992   -1.043945752    0.468735801
    9.330000000   -1.084178221   -1.081200256    0.390770534
    9.340000000   -1.133011653   -1.135883816    0.293182606
    9.350000000   -1.185199969   -1.202711426    0.184637568
    9.360000000   -1.243128612   -1.281749480    0.073328440
    9.370000000   -1.311466569   -1.374314908   -0.037017293
    9.380000000   -1.390417817   -1.476746313   -0.144538640
    9.390000000   -1.471469992   -1.579991470   -0.244386498
    9.400000000   -1.538992183   -1.672631738   -0.330593918
    9.410000000   -1.577709676   -1.744329425   -0.401483782
    9.420000000   -1.580153147   -1.788337682   -0.458376715
    9.430000000   -1.547375147   -1.801689710   -0.499791480
    9.440000000   -1.485470923   -1.785671825   -0.522933647
    9.450000000   -1.403911318   -1.747607819   -0.530259935
    9.460000000   -1.316141971   -1.700524913   -0.530424467
    9.470000000   -1.237984799   -1.658826565   -0.533724561
    9.480000000   -1.182079444   -1.631941532   -0.546550842
    9.490000000   -1.153075702   -1.620709958   -0.568107653
    9.500000000   -1.148027054   -1.619794565   -0.592968763
    9.510000000   -1.159787163   -1.623204739   -0.617535606
    9.520000000   -1.179357985   -1.626959628   -0.642964693
    9.530000000   -1.196983333   -1.626957087   -0.670767017
    9.540000000   -1.203225111   -1.616053259   -0.695964902
    9.550000000   -1.192473055   -1.586986399   -0.707762997
    9.560000000   -1.167879085   -1.539891294   -0.699629029
    9.570000000   -1.140080735   -1.483772247   -0.676159501
    9.580000000   -1.119000487   -1.429310775   -0.648740863
    9.590000000   -1.107734953   -1.382275699   -0.626519014
    9.600000000   -1.103094819   -1.343311888   -0.610093359
    9.610000000   -1.099684580   -1.311010533   -0.591571742
    9.620000000   -1.092845081   -1.283643647   -0.561230992
    9.630000000   -1.078733400   -1.258063197   -0.514693479
    9.640000000   -1.054101289   -1.228857083   -0.454957628
    9.650000000   -1.017342221   -1.190994160   -0.389748092
    9.660000000   -0.969117474   -1.142819997   -0.327412342
    9.670000000   -0.912015744   -1.085590360   -0.274392307
    9.680000000   -0.850699468   -1.022085284   -0.235036361
    9.690000000   -0.793053841   -0.957716103   -0.211663402
    9.700000000   -0.749572447   -0.901321789   -0.202646777
    9.710000000   -0.729526680   -0.861997700   -0.199985100
    9.720000000   -0.737546865   -0.844167113   -0.190892903
    9.730000000   -0.772812639   -0.845833210   -0.164477257
    9.740000000   -0.829129760   -0.861325187   -0.118813625
    9.750000000   -0.895171961   -0.884872374   -0.062192152
    9.760000000   -0.956997327   -0.912145260   -0.006792853
    9.770000000   -1.002628168   -0.939671649    0.039529424
    9.780000000   -1.024486287   -0.963313219    0.076656877
    9.790000000   -1.019609364   -0.978546876    0.109894048
    9.800000000   -0.990893424   -0.983578269    0.144813818
    9.810000000   -0.947137920   -0.981238444    0.183878729
    9.820000000   -0.899476572   -0.976574018    0.228251737
    9.830000000   -0.857518550   -0.973341822    0.280372169
    9.840000000   -0.827829424   -0.972874670    0.341860120
    9.850000000   -0.813886945   -0.974984438    0.410196427
    9.860000000   -0.815826795   -0.978774622    0.479621287
    9.870000000   -0.830536392   -0.982360974    0.544087126
    9.880000000   -0.854471023   -0.983654480    0.597722302
    9.890000000   -0.886971095   -0.982394473    0.635477935
    9.900000000   -0.929087204   -0.979665164    0.657842533
    9.910000000   -0.977219696   -0.973799820    0.674407876
    9.920000000   -1.018799482   -0.958120826    0.699320905
    9.930000000   -1.038662773   -0.925643508    0.742466971
    9.940000000   -1.030213059   -0.875320029    0.805514149
    9.950000000   -0.997986123   -0.811860342    0.883541947
    9.960000000   -0.951342753   -0.741271880    0.968147893
    9.970000000   -0.898527282   -0.668597161    1.051403845
    9.980000000   -0.845503617   -0.598838619    1.129417870
    9.990000000   -0.796061972   -0.536536652    1.202718848
   10.000000000   -0.750306423   -0.482924913    1.273721848
   10.010000000   -0.704144827   -0.434974147    1.344211666
   10.020000000   -0.652121837   -0.387998172    1.414927338
   10.030000000   -0.591761822   -0.339014484    1.486025263
   10.040000000   -0.525648756   -0.287758005    1.556145119
   10.050000000   -0.458919243   -0.234801992    1.621375679
   10.060000000   -0.395540123   -0.180217001    1.677453233
   10.070000000   -0.337883512   -0.125170363    1.722880342
   10.080000000   -0.288275278   -0.073720903    1.758531497
   10.090000000   -0.249067344   -0.031314120    1.785134585
   10.100000000   -0.220755046   -0.000599359    1.802273640
   10.110000000   -0.201038910    0.021041828    1.810328968
   10.120000000   -0.186456649    0.039313498    1.813307253
   10.130000000   -0.174154782    0.058665844    1.818336639
   10.140000000   -0.162099326    0.080302111    1.832390949
   10.150000000   -0.148301192    0.103529509    1.860173212
   10.160000000   -0.129397505    0.128453570    1.904732866
   10.170000000   -0.100691666    0.156682644    1.968850621
   10.180000000   -0.059549354    0.188938285    2.053341525
   10.190000000   -0.008037291    0.224206171    2.154714488
   10.200000000    0.048922225    0.262359530    2.267202845
   10.210000000    0.106756736    0.305502038    2.386587537
   10.220000000    0.162557781    0.355864842    2.511510024
   10.230000000    0.215445174    0.413826872    2.642552222
   10.240000000    0.266980165    0.478786692    2.781133583
   10.250000000    0.320217755    0.550897070    2.928480061
   10.260000000    0.377999655    0.631391779    3.084078610
   10.270000000    0.442370289    0.720958823    3.244149521
   10.280000000    0.513755798    0.816314443    3.401037539
   10.290000000    0.589181082    0.908045917    3.542911028
   10.300000000    0.662160638    0.982917158    3.651752844
   10.310000000    0.725037596    1.028835588    3.703026414
   10.320000000    0.771682304    1.039329996    3.673944965
   10.330000000    0.799448055    1.015898902    3.556443343
   10.340000000    0.808965356    0.966354401    3.361115183
   10.350000000    0.801586199    0.900058151    3.109848389
   10.360000000    0.778116847    0.824391451    2.830799153
   10.370000000    0.740349595    0.745002657    2.558214377
   10.380000000    0.693026622    0.668499821    2.324339296
   10.390000000    0.644630215    0.603653319    2.145289215
   10.400000000    0.606210535    0.558930913    2.014947106
   10.410000000    0.586585523    0.538109642    1.910464550
   10.420000000    0.586508955    0.538008310    1.803603543
   10.430000000    0.598816878    0.551154052    1.671299030
   10.440000000    0.614192587    0.569494736    1.502923346
   10.450000000    0.625259775    0.584473971    1.303741028
   10.460000000    0.626702382    0.586002448    1.090631576
   10.470000000    0.614632606    0.564120597    0.879874246
   10.480000000    0.587089353    0.512937782    0.676784220
   10.490000000    0.544990428    0.434225223    0.476864084
   10.500000000    0.491909243    0.337332344    0.275378197
   10.510000000    0.431932275    0.233634518    0.073276425
   10.520000000    0.367904869    0.129882191   -0.124133929
   10.530000000    0.302546742    0.028005117   -0.311280124
   10.540000000    0.239888433   -0.068935296   -0.486148738
   10.550000000    0.183733968   -0.153173169   -0.650407170
   10.560000000    0.135365839   -0.215276744   -0.805952512
   10.570000000    0.093982161   -0.249344209   -0.952145805
   10.580000000    0.058800248   -0.255908073   -1.085281004
   10.590000000    0.030455562   -0.240906200   -1.200231095
   10.600000000    0.011561356   -0.211068219   -1.293291049
   10.610000000    0.006277408   -0.170112369   -1.363981250
   10.620000000    0.018340313   -0.119055533   -1.415048975
   10.630000000    0.048624953   -0.058865453   -1.450235007
   10.640000000    0.093309715    0.006355833   -1.470308071
   10.650000000    0.143915299    0.067840928   -1.471781637
   10.660000000    0.189594589    0.114715527   -1.451934289
   10.670000000    0.219798154    0.138294645   -1.414977367
   10.680000000    0.226670122    0.134641682   -1.371763169
   10.690000000    0.206963710    0.105075017   -1.334701420
   10.700000000    0.161898977    0.054243547   -1.314096537
   10.710000000    0.095936193   -0.012630666   -1.316318067
   10.720000000    0.016628493   -0.089418515   -1.341563183
   10.730000000   -0.066306022   -0.167290739   -1.382657835
   10.740000000   -0.143210059   -0.235840815   -1.426771984
   10.750000000   -0.206434485   -0.286883995   -1.462148893
   10.760000000   -0.252453890   -0.317094166   -1.486533847
   10.770000000   -0.284269597   -0.328790956   -1.506700415
   10.780000000   -0.311621737   -0.330215589   -1.528758047
   10.790000000   -0.347137942   -0.333441762   -1.551612101
   10.800000000   -0.399949576   -0.349292979   -1.569067156
   10.810000000   -0.470886869   -0.382556552   -1.574129093
   10.820000000   -0.553062565   -0.430281878   -1.560243095
   10.830000000   -0.636765685   -0.483988229   -1.522026500
   10.840000000   -0.714245051   -0.535306394   -1.459598859
   10.850000000   -0.781721476   -0.580606608   -1.382651273
   10.860000000   -0.838311677   -0.620255002   -1.307280538
   10.870000000   -0.884066481   -0.655633146   -1.246515360
   10.880000000   -0.919850415   -0.688226231   -1.202581141
   10.890000000   -0.947844846   -0.718790770   -1.167454738
   10.900000000   -0.969660029   -0.744651253   -1.129889993
   10.910000000   -0.983936587   -0.759246759   -1.083189492
   10.920000000   -0.987805307   -0.756995808   -1.029743528
   10.930000000   -0.980514206   -0.738525583   -0.979672439
   10.940000000   -0.964400352   -0.711001549   -0.944385990
   10.950000000   -0.943663223   -0.685506259   -0.928859727
   10.960000000   -0.924368534   -0.674885160   -0.927468140
   10.970000000   -0.914189618   -0.690644185   -0.927841029
   10.980000000   -0.918774291   -0.737906417   -0.919904246
   10.990000000   -0.938017248   -0.813302126   -0.900821440
   11.000000000   -0.967240642   -0.908584661   -0.873422225
   11.010000000   -1.001269110   -1.014488908   -0.843641277
   11.020000000   -1.036615695   -1.121121951   -0.818246165
   11.030000000   -1.072444856   -1.219424295   -0.801208971
   11.040000000   -1.111175448   -1.305227936   -0.791795774
   11.050000000   -1.156170917   -1.380606142   -0.786381001
   11.060000000   -1.207531522   -1.450893248   -0.780791406
   11.070000000   -1.261429214   -1.521239224   -0.771479947
   11.080000000   -1.313563835   -1.594105557   -0.757160006
   11.090000000   -1.360633323   -1.665889123   -0.740449598
   11.100000000   -1.399022461   -1.725375486   -0.726185372
   11.110000000   -1.425789861   -1.759520939   -0.717398504
   11.120000000   -1.440900422   -1.763020792   -0.714626668
   11.130000000   -1.446590455   -1.741478448   -0.717962559
   11.140000000   -1.445572838   -1.706526956   -0.726079033
   11.150000000   -1.440846739   -1.669504534   -0.734689419
   11.160000000   -1.435846495   -1.638010173   -0.739742310
   11.170000000   -1.433521169   -1.615150572   -0.741344884
   11.180000000   -1.435894170   -1.601026578   -0.744569565
   11.190000000   -1.444833989   -1.595480786   -0.759925836
   11.200000000   -1.460772587   -1.598299149   -0.803324620
   11.210000000   -1.480162881   -1.606950802   -0.891546435
   11.220000000   -1.497607014   -1.617312913   -1.034052442
   11.230000000   -1.511835545   -1.628081097   -1.226867529
   11.240000000   -1.527464650   -1.642469782   -1.451203552
   11.250000000   -1.549515099   -1.663451964   -1.679033919
   11.260000000   -1.576952681   -1.687886918   -1.886460950
   11.270000000   -1.603179325   -1.707395057   -2.063935511
   11.280000000   -1.623851508   -1.715942656   -2.214402646
   11.290000000   -1.642967591   -1.716501076   -2.346709978
   11.300000000   -1.670220583   -1.720491780   -2.470993006
   11.310000000   -1.714031656   -1.740828941   -2.596184435
   11.320000000   -1.777086541   -1.783638254   -2.729905281
   11.330000000   -1.855128215   -1.843798049   -2.876955317
   11.340000000   -1.939277154   -1.908384098   -3.034916946
   11.350000000   -2.022186119   -1.966474182   -3.192677516
   11.360000000   -2.102553170   -2.016309208   -3.334461843
   11.370000000   -2.183280250   -2.063343672   -3.446860030
   11.380000000   -2.266052149   -2.112573792   -3.525775945
   11.390000000   -2.347929264   -2.163018894   -3.577706813
   11.400000000   -2.422643070   -2.208874524   -3.612897067
   11.410000000   -2.484971275   -2.245290602   -3.638009662
   11.420000000   -2.533744152   -2.272040444   -3.655597854
   11.430000000   -2.570586744   -2.291306996   -3.667182665
   11.440000000   -2.596675221   -2.304356051   -3.675809145
   11.450000000   -2.611660549   -2.312372584   -3.688199180
   11.460000000   -2.614613378   -2.318145377   -3.714063999
   11.470000000   -2.605045832   -2.325038756   -3.760609649
   11.480000000   -2.584088890   -2.335367728   -3.826186732
   11.490000000   -2.555815293   -2.349710730   -3.898901315
   11.500000000   -2.527419288   -2.367752207   -3.962115589
   11.510000000   -2.507519628   -2.390886266   -4.004185848
   11.520000000   -2.503274872   -2.423251591   -4.025250471
   11.530000000   -2.517732685   -2.469044541   -4.035467583
   11.540000000   -2.548485416   -2.528640047   -4.046934960
   11.550000000   -2.588291286   -2.597322500   -4.065834470
   11.560000000   -2.627860373   -2.667139337   -4.090200477
   11.570000000   -2.660018426   -2.729512946   -4.114171194
   11.580000000   -2.682640353   -2.777808663   -4.133483388
   11.590000000   -2.697269505   -2.808509521   -4.146008791
   11.600000000   -2.704996291   -2.819912848   -4.151024309
   11.610000000   -2.704698271   -2.811333299   -4.152162558
   11.620000000   -2.695054001   -2.784392832   -4.157886090
   11.630000000   -2.677920486   -2.744496997   -4.174637359
   11.640000000   -2.660012350   -2.700768003   -4.199670844
   11.650000000   -2.650206238   -2.663253797   -4.221936802
   11.660000000   -2.653865919   -2.638361625   -4.229578282
   11.670000000   -2.669956992   -2.626566834   -4.216504133
   11.680000000   -2.692951663   -2.624245090   -4.182869629
   11.690000000   -2.715526683   -2.627036094   -4.131379919
   11.700000000   -2.730640336   -2.632195720   -4.065552462
   11.710000000   -2.734324151   -2.639000917   -3.990524987
   11.720000000   -2.727317567   -2.647374740   -3.912877419
   11.730000000   -2.713660628   -2.656723189   -3.838864437
   11.740000000   -2.698664330   -2.667329943   -3.773170089
   11.750000000   -2.687592290   -2.681609656   -3.719245986
   11.760000000   -2.683218779   -2.701676651   -3.679393988
   11.770000000   -2.683267935   -2.725736459   -3.653452806
   11.780000000   -2.681361460   -2.747137908   -3.637776949
   11.790000000   -2.671747770   -2.757697926   -3.626096136
   11.800000000   -2.653703598   -2.753198438   -3.612132340
   11.810000000   -2.632513781   -2.736077061   -3.592603437
   11.820000000   -2.616570301   -2.713172400   -3.568173459
   11.830000000   -2.612315665   -2.691560170   -3.541703771
   11.840000000   -2.620614734   -2.675798772   -3.516094884
   11.850000000   -2.637163981   -2.667318155   -3.493300543
   11.860000000   -2.656297456   -2.665761033   -3.473688841
   11.870000000   -2.673855869   -2.670283268   -3.454939753
   11.880000000   -2.686687678   -2.679230953   -3.431609113
   11.890000000   -2.691760330   -2.689746318   -3.397380809
   11.900000000   -2.687498989   -2.698973663   -3.349229394
   11.910000000   -2.675807343   -2.705946403   -3.289393590
   11.920000000   -2.661789465   -2.711715029   -3.223856255
   11.930000000   -2.650985611   -2.717729236   -3.159682699
   11.940000000   -2.646925551   -2.724661614   -3.102417560
   11.950000000   -2.650406978   -2.731975690   -3.053959812
   11.960000000   -2.659306954   -2.737681980   -3.012474664
   11.970000000   -2.668712618   -2.738440456   -2.974646147
   11.980000000   -2.672529172   -2.730409870   -2.938218194
   11.990000000   -2.665978656   -2.711078802   -2.902994913
   12.000000000   -2.647417371   -2.681096766   -2.870440391
   12.010000000   -2.619483211   -2.644846502   -2.843102487
   12.020000000   -2.588896238   -2.609325466   -2.824258596
   12.030000000   -2.563094981   -2.581330454   -2.816435270
   12.040000000   -2.545911581   -2.564621836   -2.818569582
   12.050000000   -2.537428670   -2.559961121   -2.825195656
   12.060000000   -2.537597390   -2.567236241   -2.830201090
   12.070000000   -2.547771498   -2.586032010   -2.831566727
   12.080000000   -2.568693047   -2.614179903   -2.831685708
   12.090000000   -2.598583964   -2.646726895   -2.833656955
   12.100000000   -2.633145327   -2.676901588   -2.837726530
   12.110000000   -2.666926351   -2.698677732   -2.840861805
   12.120000000   -2.694609050   -2.708445699   -2.838906467
   12.130000000   -2.711833566   -2.704937826   -2.828760925
   12.140000000   -2.716465534   -2.689607769   -2.809668305
   12.150000000   -2.708993582   -2.666748406   -2.783244433
   12.160000000   -2.691066772   -2.641129630   -2.752108327
   12.170000000   -2.664850046   -2.615624374   -2.718985428
   12.180000000   -2.634458989   -2.591741551   -2.687381917
   12.190000000   -2.606507179   -2.571457663   -2.661755477
   12.200000000   -2.587912667   -2.557612163   -2.645494575
   12.210000000   -2.582477065   -2.552001172   -2.638211073
   12.220000000   -2.589016486   -2.553326003   -2.635279801
   12.230000000   -2.602703029   -2.558034107   -2.630417198
   12.240000000   -2.618256245   -2.563144303   -2.619078092
   12.250000000   -2.631964737   -2.567599953   -2.600209746
   12.260000000   -2.641530743   -2.571004320   -2.575642023
   12.270000000   -2.645294041   -2.571866628   -2.548445281
   12.280000000   -2.642355816   -2.568281758   -2.521743230
   12.290000000   -2.633057365   -2.560310294   -2.497466101
   12.300000000   -2.618667134   -2.550504240   -2.475031033
   12.310000000   -2.600795006   -2.541998438   -2.452076031
   12.320000000   -2.581395580   -2.536538836   -2.427472451
   12.330000000   -2.562830135   -2.533884671   -2.403387877
   12.340000000   -2.547150312   -2.532393278   -2.384026732
   12.350000000   -2.534847107   -2.530098135   -2.372751540
   12.360000000   -2.524406767   -2.525610925   -2.370548975
   12.370000000   -2.513436863   -2.518325288   -2.375814703
   12.380000000   -2.499975949   -2.507717068   -2.384529804
   12.390000000   -2.482803385   -2.492742155   -2.392000265
   12.400000000   -2.461718824   -2.472813604   -2.395590635
   12.410000000   -2.438094763   -2.449331148   -2.395135834
   12.420000000   -2.414256254   -2.425089385   -2.390945206
   12.430000000   -2.391805922   -2.401918802   -2.382237571
   12.440000000   -2.370924007   -2.379619760   -2.367183252
   12.450000000   -2.351323753   -2.357203984   -2.344072122
   12.460000000   -2.333416268   -2.334737296   -2.312262653
   12.470000000   -2.318012796   -2.313702297   -2.272370089
   12.480000000   -2.304649210   -2.295363449   -2.226267997
   12.490000000   -2.290916128   -2.279288006   -2.176858437
   12.500000000   -2.274250891   -2.264203257   -2.127431019
   12.510000000   -2.253745595   -2.249652658   -2.080954497
   12.520000000   -2.230059117   -2.236222428   -2.039509463
   12.530000000   -2.204642340   -2.224626595   -2.003855449
   12.540000000   -2.178537717   -2.214236817   -1.973223115
   12.550000000   -2.151174735   -2.202163241   -1.946290848
   12.560000000   -2.121259820   -2.184606730   -1.923100159
   12.570000000   -2.089095262   -2.159546613   -1.905220474
   12.580000000   -2.057403726   -2.128149669   -1.893915093
   12.590000000   -2.030187553   -2.094156793   -1.889201291
   12.600000000   -2.010664224   -2.061877899   -1.890546464
   12.610000000   -1.999042114   -2.033622581   -1.897566725
   12.620000000   -1.991883741   -2.008375103   -1.909851611
   12.630000000   -1.984526394   -1.983586620   -1.926853368
   12.640000000   -1.974590756   -1.958533749   -1.948443688
   12.650000000   -1.963245978   -1.935477149   -1.974355784
   12.660000000   -1.953552354   -1.917835426   -2.002616765
   12.670000000   -1.947692618   -1.907479645   -2.029684087
   12.680000000   -1.945513762   -1.903401063   -2.052087311
   12.690000000   -1.945125278   -1.902539104   -2.067413674
   12.700000000   -1.944248715   -1.901577794   -2.074229482
   12.710000000   -1.940969596   -1.898214435   -2.071610194
   12.720000000   -1.934137108   -1.891616756   -2.059000456
   12.730000000   -1.923946587   -1.882306885   -2.037036679
   12.740000000   -1.912076201   -1.871696156   -2.008312258
   12.750000000   -1.900873195   -1.861494780   -1.976503400
   12.760000000   -1.892205502   -1.853262108   -1.944748591
   12.770000000   -1.886841493   -1.848186446   -1.914604166
   12.780000000   -1.884462891   -1.846825500   -1.885737683
   12.790000000   -1.883959825   -1.848874194   -1.856752727
   12.800000000   -1.883666621   -1.853091983   -1.826844101
   12.810000000   -1.881510461   -1.857286126   -1.796634523
   12.820000000   -1.875515310   -1.858931370   -1.767503591
   12.830000000   -1.864519959   -1.856210417   -1.740366226
   12.840000000   -1.848268605   -1.848106876   -1.714946265
   12.850000000   -1.827351605   -1.834124815   -1.690407368
   12.860000000   -1.803389523   -1.815001808   -1.666599047
   12.870000000   -1.778634565   -1.793271587   -1.643982768
   12.880000000   -1.755196759   -1.772072483   -1.623175296
   12.890000000   -1.734430784   -1.753054151   -1.605667554
   12.900000000   -1.716650421   -1.735765108   -1.593994867
   12.910000000   -1.701445869   -1.719209562   -1.589681361
   12.920000000   -1.688454965   -1.703620261   -1.591180878
   12.930000000   -1.677926099   -1.690591285   -1.594572783
   12.940000000   -1.670067212   -1.681281086   -1.595926791
   12.950000000   -1.663977123   -1.674530976   -1.593061063
   12.960000000   -1.657872556   -1.667290313   -1.586133885
   12.970000000   -1.650154094   -1.657037874   -1.577261917
   12.980000000   -1.640428594   -1.643892039   -1.569289450
   12.990000000   -1.630037140   -1.630552206   -1.564368915
   13.000000000   -1.621031396   -1.619922989   -1.563220467
   13.010000000   -1.614371186   -1.612987598   -1.564866969
   13.020000000   -1.609712377   -1.609376802   -1.566663069
   13.030000000   -1.606564222   -1.609061153   -1.565125896
   13.040000000   -1.604642546   -1.612151096   -1.557173763
   13.050000000   -1.603484900   -1.617536709   -1.541100701
   13.060000000   -1.602571431   -1.622833157   -1.517390991
   13.070000000   -1.601483460   -1.625447058   -1.488971253
   13.080000000   -1.599549836   -1.623511141   -1.460281637
   13.090000000   -1.595938637   -1.616832081   -1.435981435
   13.100000000   -1.590555054   -1.607472152   -1.419960578
   13.110000000   -1.584720058   -1.599045748   -1.413860903
   13.120000000   -1.580567847   -1.595135461   -1.415512912
   13.130000000   -1.579039689   -1.597538755   -1.419620063
   13.140000000   -1.578361382   -1.605032142   -1.420584573
   13.150000000   -1.574718106   -1.613267593   -1.414636849
   13.160000000   -1.564504857   -1.616285966   -1.400524565
   13.170000000   -1.546489931   -1.609478896   -1.379883342
   13.180000000   -1.522399567   -1.592013733   -1.357128100
   13.190000000   -1.495729312   -1.566743531   -1.337634467
   13.200000000   -1.469857091   -1.537719733   -1.324487485
   13.210000000   -1.446550549   -1.507387507   -1.316817481
   13.220000000   -1.425562978   -1.475824523   -1.311863345
   13.230000000   -1.405409212   -1.442276084   -1.308335032
   13.240000000   -1.384740533   -1.406911838   -1.307446206
   13.250000000   -1.363732612   -1.371630481   -1.311829805
   13.260000000   -1.344729147   -1.340057328   -1.324026017
   13.270000000   -1.331295995   -1.316396632   -1.344570271
   13.280000000   -1.326147217   -1.303389924   -1.370449055
   13.290000000   -1.329351485   -1.300723966   -1.395756019
   13.300000000   -1.337940678   -1.305206662   -1.414419753
   13.310000000   -1.347364067   -1.312732096   -1.423023999
   13.320000000   -1.354216259   -1.320629215   -1.421879034
   13.330000000   -1.358141145   -1.328609903   -1.414051902
   13.340000000   -1.360638540   -1.337141770   -1.403579019
   13.350000000   -1.362133465   -1.345082496   -1.393573524
   13.360000000   -1.361285329   -1.350021190   -1.384996359
   13.370000000   -1.357038060   -1.350757791   -1.377164058
   13.380000000   -1.350018800   -1.348168059   -1.369249284
   13.390000000   -1.341752142   -1.343687719   -1.361227384
   13.400000000   -1.333451006   -1.337793495   -1.353781176
   13.410000000   -1.325950712   -1.330005522   -1.347296998
   13.420000000   -1.320301820   -1.319953410   -1.340902425
   13.430000000   -1.317648594   -1.308265836   -1.333159355
   13.440000000   -1.318259002   -1.296584026   -1.323754911
   13.450000000   -1.321264744   -1.287086599   -1.313894788
   13.460000000   -1.325424647   -1.281936720   -1.305002768
   13.470000000   -1.329347443   -1.282448254   -1.297058694
   13.480000000   -1.331609459   -1.288502072   -1.288256067
   13.490000000   -1.331678065   -1.298681466   -1.276393854
   13.500000000   -1.330062647   -1.310635569   -1.260533340
   13.510000000   -1.327375422   -1.321545603   -1.241519614
   13.520000000   -1.324068590   -1.329105763   -1.221493867
   13.530000000   -1.320803800   -1.332549914   -1.203065039
   13.540000000   -1.318189451   -1.332455529   -1.188419972
   13.550000000   -1.316300631   -1.329806197   -1.178660723
   13.560000000   -1.314982374   -1.325798584   -1.173948385
   13.570000000   -1.314771899   -1.322469906   -1.174223370
   13.580000000   -1.317145395   -1.322627375   -1.179300811
   13.590000000   -1.323348364   -1.328200214   -1.188379167
   13.600000000   -1.332761833   -1.338351515   -1.199955925
   13.610000000   -1.342327226   -1.349298862   -1.212147873
   13.620000000   -1.347945095   -1.356387938   -1.222934709
   13.630000000   -1.346731327   -1.356712054   -1.230360073
   13.640000000   -1.337995240   -1.349998714   -1.232536150
   13.650000000   -1.323145532   -1.338068270   -1.227990135
   13.660000000   -1.305858303   -1.324608253   -1.217106436
   13.670000000   -1.291658208   -1.314655299   -1.203145772
   13.680000000   -1.285655780   -1.312250033   -1.190776908
   13.690000000   -1.289707431   -1.317709435   -1.182934013
   13.700000000   -1.301705242   -1.327659602   -1.179134739
   13.710000000   -1.317858396   -1.338188585   -1.176701130
   13.720000000   -1.335219848   -1.347520156   -1.173147508
   13.730000000   -1.351973169   -1.355726655   -1.167434815
   13.740000000   -1.366586622   -1.363106119   -1.159553633
   13.750000000   -1.377308445   -1.368943420   -1.149510268
   13.760000000   -1.382271574   -1.371105573   -1.137096455
   13.770000000   -1.380122444   -1.366922890   -1.122879930
   13.780000000   -1.370940632   -1.355062276   -1.108997127
   13.790000000   -1.356585863   -1.336667895   -1.098144031
   13.800000000   -1.339597619   -1.314559754   -1.091468302
   13.810000000   -1.321938300   -1.291845552   -1.087401479
   13.820000000   -1.305267579   -1.271549026   -1.082835810
   13.830000000   -1.291531220   -1.256383381   -1.075874442
   13.840000000   -1.281806917   -1.247289942   -1.066907509
   13.850000000   -1.274731465   -1.242335044   -1.057108809
   13.860000000   -1.267587817   -1.238503240   -1.047266092
   13.870000000   -1.259337028   -1.234772099   -1.038407140
   13.880000000   -1.251999044   -1.232702886   -1.032533800
   13.890000000   -1.249258606   -1.234538196   -1.031780131
   13.900000000   -1.254156414   -1.241704439   -1.037193711
   13.910000000   -1.267596466   -1.254563380   -1.049035639
   13.920000000   -1.287925901   -1.272209768   -1.067518638
   13.930000000   -1.311395048   -1.292447272   -1.091995306
   13.940000000   -1.333860139   -1.312939759   -1.119528438
   13.950000000   -1.352928794   -1.332474824   -1.145137884
   13.960000000   -1.368477750   -1.350770798   -1.164134169
   13.970000000   -1.381455566   -1.367654160   -1.174844613
   13.980000000   -1.392348455   -1.382686025   -1.179253905
   13.990000000   -1.400291770   -1.394953223   -1.180813324
   14.000000000   -1.403617111   -1.402963266   -1.181511011
   14.010000000   -1.401508661   -1.405202831   -1.180815591
   14.020000000   -1.395129569   -1.401232635   -1.177006401
   14.030000000   -1.387094728   -1.392309571   -1.169137619
   14.040000000   -1.379669531   -1.380787201   -1.157649363
   14.050000000   -1.373437036   -1.368810259   -1.143922553
   14.060000000   -1.367690825   -1.357587198   -1.129867796
   14.070000000   -1.361661456   -1.347537487   -1.117214294
   14.080000000   -1.354946290   -1.338486333   -1.106081842
   14.090000000   -1.347000752   -1.329578845   -1.094309116
   14.100000000   -1.337005232   -1.319534303   -1.078998227
   14.110000000   -1.324452601   -1.307480095   -1.058827861
   14.120000000   -1.309501839   -1.293596507   -1.034807189
   14.130000000   -1.292943225   -1.279018011   -1.009533924
   14.140000000   -1.275972258   -1.265141673   -0.986260880
   14.150000000   -1.259678338   -1.252750389   -0.968064773
   14.160000000   -1.244661267   -1.241612146   -0.956800286
   14.170000000   -1.231209808   -1.230934944   -0.952273412
   14.180000000   -1.219613339   -1.220124730   -0.952443174
   14.190000000   -1.210137975   -1.209217844   -0.954499880
   14.200000000   -1.202825959   -1.198944764   -0.956025676
   14.210000000   -1.197416619   -1.190558059   -0.955976694
   14.220000000   -1.193471530   -1.185363039   -0.955282944
   14.230000000   -1.190399453   -1.183898127   -0.955962133
   14.240000000   -1.187242532   -1.185411261   -0.958794084
   14.250000000   -1.182717334   -1.188227496   -0.961978388
   14.260000000   -1.175735281   -1.190410668   -0.962330059
   14.270000000   -1.165939715   -1.190131495   -0.957711968
   14.280000000   -1.153732431   -1.185902123   -0.948286048
   14.290000000   -1.139988762   -1.177057481   -0.936019394
   14.300000000   -1.125903430   -1.164385899   -0.923919941
   14.310000000   -1.112653310   -1.149904845   -0.915319017
   14.320000000   -1.100636755   -1.135478018   -0.912219837
   14.330000000   -1.089174314   -1.121781643   -0.913763773
   14.340000000   -1.077166087   -1.108744038   -0.917052745
   14.350000000   -1.063905365   -1.096483747   -0.919544822
   14.360000000   -1.049431167   -1.085472526   -0.920015042
   14.370000000   -1.034474148   -1.076036929   -0.917749880
   14.380000000   -1.020099975   -1.067864197   -0.912147597
   14.390000000   -1.007227514   -1.059967954   -0.903066971
   14.400000000   -0.996306137   -1.051152333   -0.890798302
   14.410000000   -0.987306673   -1.040577590   -0.875853069
   14.420000000   -0.980079091   -1.028178594   -0.858786640
   14.430000000   -0.974796433   -1.014886386   -0.839955979
   14.440000000   -0.972087917   -1.002469915   -0.819783508
   14.450000000   -0.972722827   -0.992918280   -0.799471721
   14.460000000   -0.977032407   -0.987589376   -0.781190859
   14.470000000   -0.984763152   -0.986796325   -0.767767147
   14.480000000   -0.995425820   -0.990173668   -0.762122151
   14.490000000   -1.008490260   -0.997170041   -0.766191090
   14.500000000   -1.023366933   -1.007049218   -0.780013130
   14.510000000   -1.039167726   -1.018622816   -0.801660906
   14.520000000   -1.054292180   -1.030209450   -0.827596894
   14.530000000   -1.066326448   -1.039755380   -0.853243599
   14.540000000   -1.072619713   -1.045068948   -0.874339808
   14.550000000   -1.071613226   -1.044839407   -0.888782076
   14.560000000   -1.064141507   -1.040034361   -0.897348864
   14.570000000   -1.053100813   -1.033673228   -0.902415510
   14.580000000   -1.041409015   -1.028671608   -0.905872197
   14.590000000   -1.030213877   -1.025971123   -0.908029391
   14.600000000   -1.018803309   -1.024469753   -0.907934011
   14.610000000   -1.005903540   -1.022132156   -0.904653137
   14.620000000   -0.991062904   -1.017154001   -0.898469242
   14.630000000   -0.975033553   -1.008629074   -0.890821956
   14.640000000   -0.959404939   -0.996857999   -0.883511337
   14.650000000   -0.946009221   -0.983292799   -0.877994072
   14.660000000   -0.935909007   -0.969584110   -0.874598348
   14.670000000   -0.928719572   -0.956458060   -0.872413318
   14.680000000   -0.923141166   -0.943653499   -0.870306937
   14.690000000   -0.917918587   -0.930637592   -0.867551069
   14.700000000   -0.912412268   -0.917405944   -0.863803758
   14.710000000   -0.906694407   -0.904818610   -0.859589043
   14.720000000   -0.901191669   -0.893992355   -0.856331799
   14.730000000   -0.896340966   -0.885442013   -0.855206737
   14.740000000   -0.892587087   -0.878991503   -0.856731451
   14.750000000   -0.890362118   -0.874239315   -0.861420914
   14.760000000   -0.889906798   -0.870922465   -0.869705554
   14.770000000   -0.891069947   -0.868982536   -0.881192051
   14.780000000   -0.893074496   -0.868287171   -0.894203700
   14.790000000   -0.894618161   -0.868360601   -0.905904621
   14.800000000   -0.894514466   -0.868565020   -0.913521056
   14.810000000   -0.892194649   -0.868307585   -0.915841198
   14.820000000   -0.887667593   -0.866970452   -0.913316172
   14.830000000   -0.881415755   -0.864106007   -0.907231718
   14.840000000   -0.874376382   -0.859927985   -0.899214289
   14.850000000   -0.867604497   -0.855279760   -0.890834003
   14.860000000   -0.861843154   -0.850899760   -0.883117256
   14.870000000   -0.857346107   -0.846760215   -0.876224577
   14.880000000   -0.853725440   -0.842133212   -0.869252753
   14.890000000   -0.849986641   -0.836226480   -0.860656150
   14.900000000   -0.845023140   -0.828724677   -0.849460562
   14.910000000   -0.838184764   -0.819829835   -0.836007043
   14.920000000   -0.829486667   -0.809955475   -0.821360650
   14.930000000   -0.819481241   -0.799614556   -0.806542667
   14.940000000   -0.809145997   -0.789660651   -0.792904576
   14.950000000   -0.799905552   -0.781283672   -0.782779187
   14.960000000   -0.793402808   -0.775528515   -0.778692691
   14.970000000   -0.790870694   -0.773010948   -0.781404158
   14.980000000   -0.792539278   -0.773956450   -0.789121210
   14.990000000   -0.797645338   -0.778117592   -0.799278846
   15.000000000   -0.804975297   -0.784603122   -0.810602301
   15.010000000   -0.813208756   -0.791872643   -0.822831416
   15.020000000   -0.820922072   -0.798239093   -0.835461680
   15.030000000   -0.826807824   -0.802732497   -0.847750788
   15.040000000   -0.829977631   -0.805273002   -0.858841804
   15.050000000   -0.829754381   -0.805777921   -0.866799965
   15.060000000   -0.825426725   -0.803424765   -0.868623398
   15.070000000   -0.816632842   -0.797141550   -0.862426629
   15.080000000   -0.803878921   -0.786771614   -0.849600470
   15.090000000   -0.788555242   -0.773593186   -0.834653293
   15.100000000   -0.772557646   -0.759756008   -0.822840679
   15.110000000   -0.757841257   -0.747404942   -0.817343336
   15.120000000   -0.746124395   -0.738269778   -0.817891820
   15.130000000   -0.738630877   -0.733503703   -0.821714812
   15.140000000   -0.735641370   -0.733279255   -0.825623766
   15.150000000   -0.736232202   -0.736556340   -0.827227326
   15.160000000   -0.738928516   -0.741769998   -0.825332745
   15.170000000   -0.742827057   -0.748007795   -0.820194113
   15.180000000   -0.747719568   -0.755196476   -0.813041772
   15.190000000   -0.753150682   -0.762984501   -0.805064104
   15.200000000   -0.758049511   -0.770033759   -0.797071715
   15.210000000   -0.761402619   -0.774812127   -0.789979299
   15.220000000   -0.762661205   -0.776523114   -0.784963466
   15.230000000   -0.761317326   -0.774885780   -0.782892878
   15.240000000   -0.756599691   -0.769645887   -0.783583441
   15.250000000   -0.748123357   -0.760859836   -0.785317744
   15.260000000   -0.736507924   -0.749198632   -0.785157790
   15.270000000   -0.722954918   -0.735636381   -0.780411136
   15.280000000   -0.708613647   -0.721110255   -0.770335327
   15.290000000   -0.694490081   -0.706460635   -0.756606132
   15.300000000   -0.681588681   -0.692579547   -0.742376030
   15.310000000   -0.670779543   -0.680515538   -0.730615696
   15.320000000   -0.662378277   -0.671244041   -0.722700754
   15.330000000   -0.655987676   -0.665322251   -0.718268213
   15.340000000   -0.650881067   -0.662788147   -0.716058173
   15.350000000   -0.646473790   -0.663209903   -0.714748789
   15.360000000   -0.642402189   -0.665590266   -0.713538277
   15.370000000   -0.638506884   -0.668527482   -0.712272133
   15.380000000   -0.635154355   -0.671042502   -0.711163883
   15.390000000   -0.633324472   -0.673163847   -0.710892523
   15.400000000   -0.633874593   -0.675544782   -0.712823793
   15.410000000   -0.636775533   -0.678715365   -0.718181260
   15.420000000   -0.641236949   -0.682604088   -0.726988026
   15.430000000   -0.646368862   -0.686448758   -0.738345631
   15.440000000   -0.651516750   -0.689141887   -0.751238612
   15.450000000   -0.655945009   -0.689666943   -0.764406499
   15.460000000   -0.658560021   -0.687263238   -0.775913244
   15.470000000   -0.658319837   -0.681564894   -0.783722312
   15.480000000   -0.654837132   -0.672814828   -0.787132971
   15.490000000   -0.648541378   -0.661850451   -0.787641573
   15.500000000   -0.640480317   -0.649868064   -0.788281946
   15.510000000   -0.632108210   -0.638264272   -0.791881296
   15.520000000   -0.625074996   -0.628467564   -0.799338454
   15.530000000   -0.620846046   -0.621593814   -0.809329305
   15.540000000   -0.620198673   -0.618083397   -0.819763223
   15.550000000   -0.622926893   -0.617489165   -0.829249869
   15.560000000   -0.628015226   -0.618601843   -0.837414196
   15.570000000   -0.634074239   -0.620059832   -0.844429286
   15.580000000   -0.639535173   -0.620918670   -0.850206969
   15.590000000   -0.642680766   -0.620609004   -0.853888982
   15.600000000   -0.642188653   -0.618810318   -0.854329345
   15.610000000   -0.637852433   -0.615446626   -0.850943849
   15.620000000   -0.630572607   -0.610441248   -0.843870136
   15.630000000   -0.621945428   -0.603858759   -0.833881934
   15.640000000   -0.613936524   -0.596535622   -0.822506806
   15.650000000   -0.608270894   -0.590022647   -0.811593993
   15.660000000   -0.605498232   -0.585524472   -0.802059781
   15.670000000   -0.604540072   -0.582886637   -0.793166013
   15.680000000   -0.603484998   -0.580775203   -0.783566444
   15.690000000   -0.600979199   -0.577876942   -0.772896089
   15.700000000   -0.596755907   -0.573675814   -0.761920887
   15.710000000   -0.591100041   -0.568156098   -0.751395651
   15.720000000   -0.584310989   -0.561317028   -0.741256098
   15.730000000   -0.576683066   -0.553113818   -0.730991961
   15.740000000   -0.568425360   -0.543468504   -0.720590730
   15.750000000   -0.559475455   -0.532345562   -0.710741543
   15.760000000   -0.549725988   -0.520111823   -0.701857515
   15.770000000   -0.539370774   -0.507766478   -0.693397781
   15.780000000   -0.528865639   -0.496737959   -0.684570416
   15.790000000   -0.518676294   -0.488391826   -0.675175627
   15.800000000   -0.509088916   -0.483398898   -0.665473691
   15.810000000   -0.500086642   -0.481330431   -0.655675959
   15.820000000   -0.491404951   -0.480925764   -0.645773057
   15.830000000   -0.482767486   -0.480714533   -0.635515688
   15.840000000   -0.474003160   -0.479409472   -0.624541624
   15.850000000   -0.464988544   -0.476206291   -0.613098186
   15.860000000   -0.455664370   -0.471130477   -0.602749672
   15.870000000   -0.446161943   -0.465004438   -0.595897958
   15.880000000   -0.436859644   -0.458870221   -0.594283262
   15.890000000   -0.428412312   -0.453512816   -0.597729388
   15.900000000   -0.421728142   -0.449374425   -0.604112077
   15.910000000   -0.417690140   -0.446407139   -0.610644110
   15.920000000   -0.416707161   -0.443980034   -0.615379604
   15.930000000   -0.418457547   -0.441321205   -0.617694693
   15.940000000   -0.421980972   -0.438114629   -0.617847939
   15.950000000   -0.425965122   -0.434567743   -0.616319799
   15.960000000   -0.429097331   -0.431069915   -0.613253801
   15.970000000   -0.430466022   -0.427873755   -0.608339323
   15.980000000   -0.429884067   -0.425030199   -0.601311408
   15.990000000   -0.427846276   -0.422515327   -0.592508867
   16.000000000   -0.425228847   -0.420328980   -0.582909481
   16.010000000   -0.422885241   -0.418361893   -0.573707386
   16.020000000   -0.421127256   -0.416221888   -0.565828197
   16.030000000   -0.419376171   -0.413439120   -0.559803123
   16.040000000   -0.416460702   -0.409879931   -0.555997988
   16.050000000   -0.411502276   -0.405799607   -0.554629807
   16.060000000   -0.404397856   -0.401311297   -0.555181421
   16.070000000   -0.395451893   -0.395897910   -0.555888645
   16.080000000   -0.385005509   -0.388821817   -0.554214390
   16.090000000   -0.373609980   -0.379921083   -0.547948422
   16.100000000   -0.362220973   -0.369785902   -0.536051175
   16.110000000   -0.351801175   -0.359325787   -0.518896772
   16.120000000   -0.342595341   -0.349056626   -0.497813738
   16.130000000   -0.333944688   -0.338664496   -0.474389151
   16.140000000   -0.324801892   -0.327324997   -0.450212730
   16.150000000   -0.314239305   -0.314309778   -0.426979721
   16.160000000   -0.301761458   -0.299451624   -0.406605936
   16.170000000   -0.287646442   -0.283529535   -0.391160965
   16.180000000   -0.272950658   -0.268171946   -0.382235504
   16.190000000   -0.258888613   -0.254982986   -0.379890387
   16.200000000   -0.246208344   -0.244713324   -0.382287829
   16.210000000   -0.235313157   -0.237414242   -0.386750232
   16.220000000   -0.226676060   -0.233007718   -0.391386568
   16.230000000   -0.220627741   -0.231198919   -0.395602052
   16.240000000   -0.216945085   -0.231216055   -0.399388954
   16.250000000   -0.215104404   -0.232235843   -0.402858648
   16.260000000   -0.214890516   -0.234020477   -0.406354723
   16.270000000   -0.216556532   -0.236887298   -0.410399094
   16.280000000   -0.220239692   -0.240998847   -0.415386279
   16.290000000   -0.225256325   -0.245827072   -0.421240287
   16.300000000   -0.230212445   -0.250434292   -0.427252962
   16.310000000   -0.233893998   -0.254188590   -0.432453861
   16.320000000   -0.235828834   -0.256896072   -0.436193027
   16.330000000   -0.235867452   -0.258153410   -0.438296593
   16.340000000   -0.233671640   -0.257135045   -0.438869508
   16.350000000   -0.229029263   -0.253371952   -0.438058437
   16.360000000   -0.222443287   -0.247323943   -0.435858794
   16.370000000   -0.215264578   -0.240150182   -0.432283306
   16.380000000   -0.209331408   -0.233360995   -0.427761651
   16.390000000   -0.206317984   -0.228490913   -0.423038918
   16.400000000   -0.207207447   -0.226595693   -0.418846234
   16.410000000   -0.212161586   -0.227863513   -0.416066395
   16.420000000   -0.220556924   -0.231533515   -0.415706935
   16.430000000   -0.231181582   -0.236256551   -0.418035479
   16.440000000   -0.242703344   -0.240849836   -0.422017565
   16.450000000   -0.254121965   -0.244880251   -0.425880224
   16.460000000   -0.264870635   -0.248589881   -0.427995480
   16.470000000   -0.274717858   -0.252416740   -0.427441232
   16.480000000   -0.283630256   -0.256524898   -0.424140368
   16.490000000   -0.291449149   -0.260438440   -0.418535701
   16.500000000   -0.297791342   -0.263140151   -0.411279071
   16.510000000   -0.302317688   -0.263663521   -0.403172232
   16.520000000   -0.304829870   -0.261662065   -0.394862399
   16.530000000   -0.305133028   -0.257578833   -0.386367202
   16.540000000   -0.302946597   -0.252288339   -0.377094187
   16.550000000   -0.298120673   -0.246600595   -0.366327157
   16.560000000   -0.291170893   -0.241273045   -0.353616994
   16.570000000   -0.283565363   -0.237433143   -0.339025442
   16.580000000   -0.277199846   -0.236579188   -0.323314416
   16.590000000   -0.273639544   -0.239932087   -0.307925896
   16.600000000   -0.273922234   -0.247801413   -0.294657157
   16.610000000   -0.278453627   -0.259468211   -0.285011798
   16.620000000   -0.286607288   -0.273515039   -0.279541977
   16.630000000   -0.296667896   -0.288221776   -0.277634077
   16.640000000   -0.306530722   -0.301965269   -0.277790285
   16.650000000   -0.314672724   -0.313663636   -0.278251855
   16.660000000   -0.320554092   -0.322865826   -0.277557665
   16.670000000   -0.324313931   -0.329513281   -0.274837429
   16.680000000   -0.326482481   -0.333951071   -0.270130544
   16.690000000   -0.327980048   -0.337083284   -0.264554344
   16.700000000   -0.329906206   -0.340197920   -0.259873716
   16.710000000   -0.333020214   -0.344507926   -0.257651490
   16.720000000   -0.337402255   -0.350640057   -0.258568229
   16.730000000   -0.342474440   -0.358181298   -0.262154868
   16.740000000   -0.347269976   -0.365678313   -0.266874514
   16.750000000   -0.350961399   -0.371485219   -0.270644027
   16.760000000   -0.353317144   -0.374697628   -0.271606658
   16.770000000   -0.354581927   -0.375293304   -0.268721997
   16.780000000   -0.355004057   -0.373834353   -0.262020979
   16.790000000   -0.354703875   -0.371233974   -0.252646522
   16.800000000   -0.353902829   -0.368460702   -0.242650587
   16.810000000   -0.353026959   -0.366170044   -0.234203745
   16.820000000   -0.352456775   -0.364499740   -0.228474557
   16.830000000   -0.352159540   -0.363081546   -0.225273883
   16.840000000   -0.351668341   -0.361307779   -0.223815875
   16.850000000   -0.350356437   -0.358718658   -0.223466725
   16.860000000   -0.347629059   -0.355157363   -0.223787009
   16.870000000   -0.343027148   -0.350711569   -0.224344791
   16.880000000   -0.336372133   -0.345680816   -0.224568172
   16.890000000   -0.327724518   -0.340357546   -0.223677999
   16.900000000   -0.317198069   -0.334585411   -0.220960645
   16.910000000   -0.305215887   -0.327815150   -0.216317571
   16.920000000   -0.293081722   -0.319884481   -0.210632829
   16.930000000   -0.282916070   -0.311634332   -0.205491860
   16.940000000   -0.276664447   -0.304532538   -0.202291442
   16.950000000   -0.274946022   -0.299564846   -0.201476311
   16.960000000   -0.276748622   -0.296544754   -0.202532414
   16.970000000   -0.280241568   -0.294546282   -0.204448556
   16.980000000   -0.283736830   -0.292733545   -0.206146986
   16.990000000   -0.285950431   -0.290635669   -0.206917370
   17.000000000   -0.285964515   -0.287945706   -0.206553211
   17.010000000   -0.283406952   -0.284408804   -0.204833633
   17.020000000   -0.278579400   -0.279959764   -0.201098987
   17.030000000   -0.272235619   -0.274792327   -0.194741369
   17.040000000   -0.265240124   -0.269166268   -0.186006876
   17.050000000   -0.258387737   -0.263220722   -0.176176935
   17.060000000   -0.252354686   -0.256980827   -0.167084025
   17.070000000   -0.247691098   -0.250524108   -0.160317151
   17.080000000   -0.244733418   -0.244158220   -0.156555336
   17.090000000   -0.243363970   -0.238323097   -0.155367585
   17.100000000   -0.242887805   -0.233255077   -0.155456814
   17.110000000   -0.242318554   -0.228841747   -0.155238408
   17.120000000   -0.240813226   -0.224772803   -0.153614951
   17.130000000   -0.237780001   -0.220618698   -0.150520771
   17.140000000   -0.232869460   -0.215871376   -0.146755653
   17.150000000   -0.226238724   -0.210235726   -0.143193309
   17.160000000   -0.218565228   -0.203720378   -0.139954817
   17.170000000   -0.210325750   -0.196191232   -0.136200232
   17.180000000   -0.201239559   -0.187169109   -0.130821905
   17.190000000   -0.190788829   -0.176406832   -0.123379850
   17.200000000   -0.179074238   -0.164459519   -0.114442646
   17.210000000   -0.167025866   -0.152572213   -0.105324629
   17.220000000   -0.156013493   -0.142134179   -0.097401395
   17.230000000   -0.147169079   -0.134056307   -0.091267604
   17.240000000   -0.140904942   -0.128417324   -0.086466602
   17.250000000   -0.137043381   -0.124661595   -0.082115802
   17.260000000   -0.135144975   -0.122037341   -0.077595319
   17.270000000   -0.134538254   -0.119825741   -0.072512986
   17.280000000   -0.134443014   -0.117543699   -0.066475301
   17.290000000   -0.134413970   -0.115264160   -0.059302426
   17.300000000   -0.134466393   -0.113539153   -0.051360668
   17.310000000   -0.134633371   -0.112727364   -0.043374549
   17.320000000   -0.134553317   -0.112418935   -0.035740279
   17.330000000   -0.133544569   -0.111628790   -0.028194010
   17.340000000   -0.131042224   -0.109633796   -0.020174232
   17.350000000   -0.127048243   -0.106691730   -0.011243813
   17.360000000   -0.122214794   -0.103911017   -0.001237134
   17.370000000   -0.117409362   -0.102310344    0.009599056
   17.380000000   -0.113170407   -0.102029435    0.020446275
   17.390000000   -0.109566173   -0.102434648    0.030077655
   17.400000000   -0.106456116   -0.102733690    0.037323581
   17.410000000   -0.103735473   -0.102411444    0.041432214
   17.420000000   -0.101253470   -0.101372482    0.042228050
   17.430000000   -0.098746018   -0.099967210    0.040117302
   17.440000000   -0.096055189   -0.098800444    0.035924016
   17.450000000   -0.093155890   -0.098165319    0.030853052
   17.460000000   -0.089889416   -0.097589663    0.026519267
   17.470000000   -0.085977453   -0.096029741    0.024392857
   17.480000000   -0.081240012   -0.092476409    0.025061443
   17.490000000   -0.075510354   -0.086410225    0.028400082
   17.500000000   -0.068621015   -0.077976663    0.034147391
   17.510000000   -0.060797113   -0.068046983    0.041816852
   17.520000000   -0.052793746   -0.058020565    0.050310750
   17.530000000   -0.045464990   -0.049323433    0.058034786
   17.540000000   -0.039389289   -0.042994675    0.063581442
   17.550000000   -0.034851743   -0.039501359    0.066453477
   17.560000000   -0.031775893   -0.038521342    0.067202191
   17.570000000   -0.029645637   -0.038915056    0.066964848
   17.580000000   -0.027943670   -0.039404995    0.066867963
   17.590000000   -0.026821202   -0.039452361    0.067674916
   17.600000000   -0.027167762   -0.039373066    0.069611394
   17.610000000   -0.029944528   -0.039794006    0.072286679
   17.620000000   -0.035317570   -0.041130512    0.074917291
   17.630000000   -0.042239460   -0.043335808    0.076714666
   17.640000000   -0.048762840   -0.045841016    0.077040503
   17.650000000   -0.052880298   -0.047684020    0.075383171
   17.660000000   -0.053466450   -0.047985009    0.071331528
   17.670000000   -0.050698035   -0.046535312    0.064765870
   17.680000000   -0.045605678   -0.043844302    0.056411837
   17.690000000   -0.039350171   -0.040645952    0.048014287
   17.700000000   -0.032952842   -0.037487378    0.041518379
   17.710000000   -0.027435849   -0.034712342    0.037889873
   17.720000000   -0.023864271   -0.032633971    0.036588137
   17.730000000   -0.022972756   -0.031577709    0.035931401
   17.740000000   -0.024680678   -0.031752432    0.034047212
   17.750000000   -0.028133471   -0.033150044    0.029908157
   17.760000000   -0.032319183   -0.035637751    0.023760230
   17.770000000   -0.036608982   -0.039147402    0.016719374
   17.780000000   -0.040781472   -0.043625517    0.010131410
   17.790000000   -0.044692675   -0.048703455    0.005274492
   17.800000000   -0.048018856   -0.053555213    0.003171423
   17.810000000   -0.050216295   -0.057180644    0.004211371
   17.820000000   -0.050559981   -0.058808834    0.007902825
   17.830000000   -0.048239472   -0.057965258    0.013156523
   17.840000000   -0.042627747   -0.054266638    0.018899716
   17.850000000   -0.033734900   -0.047535246    0.024468574
   17.860000000   -0.022458034   -0.038214521    0.029608503
   17.870000000   -0.010235687   -0.027433943    0.034285718
   17.880000000    0.001601053   -0.016576369    0.038429288
   17.890000000    0.012238985   -0.006762526    0.041826185
   17.900000000    0.021466225    0.001517013    0.044473733
   17.910000000    0.029497692    0.008467406    0.046865849
   17.920000000    0.036526533    0.014542466    0.049492658
   17.930000000    0.042322456    0.019890905    0.052226028
   17.940000000    0.046258889    0.024281360    0.054468786
   17.950000000    0.047612863    0.027300110    0.055491227
   17.960000000    0.045963743    0.028561192    0.054465341
   17.970000000    0.041657911    0.028034618    0.050905490
   17.980000000    0.035945110    0.026328100    0.045550289
   17.990000000    0.030493517    0.024566582    0.040447496
   18.000000000    0.026563335    0.023778348    0.037828181
   18.010000000    0.024398468    0.024227496    0.038873620
   18.020000000    0.023216682    0.025260622    0.043400389
   18.030000000    0.021805462    0.025784386    0.050350278
   18.040000000    0.019327705    0.025028860    0.058435853
   18.050000000    0.015649816    0.022917294    0.066522596
   18.060000000    0.011071709    0.019824273    0.073744073
   18.070000000    0.005973927    0.016238507    0.079451312
   18.080000000    0.000650279    0.012625975    0.083066048
   18.090000000   -0.004637071    0.009405629    0.084056179
   18.100000000   -0.009357354    0.007032714    0.082186085
   18.110000000   -0.012579773    0.006044219    0.077848276
   18.120000000   -0.013514192    0.006677625    0.071967342
   18.130000000   -0.012215695    0.008458078    0.065467030
   18.140000000   -0.009609507    0.010466987    0.058988974
   18.150000000   -0.007033232    0.011828688    0.052957703
   18.160000000   -0.005746114    0.011887096    0.047609825
   18.170000000   -0.006500267    0.010312910    0.043080889
   18.180000000   -0.009351008    0.007173847    0.039580835
   18.190000000   -0.013731384    0.002864037    0.037324942
   18.200000000   -0.018592718   -0.001913245    0.036320214
   18.210000000   -0.022564281   -0.006090105    0.036340659
   18.220000000   -0.024321714   -0.008513180    0.036949652
   18.230000000   -0.023278133   -0.008731246    0.037355719
   18.240000000   -0.020254159   -0.007679449    0.036353784
   18.250000000   -0.017273582   -0.007333364    0.032709423
   18.260000000   -0.016315890   -0.009386100    0.025796628
   18.270000000   -0.018138251   -0.014212252    0.016015543
   18.280000000   -0.022069626   -0.020912889    0.004856261
   18.290000000   -0.026684571   -0.027977320   -0.005559207
   18.300000000   -0.030825066   -0.034015101   -0.013587427
   18.310000000   -0.034160452   -0.038287600   -0.018960849
   18.320000000   -0.036840627   -0.040691431   -0.022541291
   18.330000000   -0.038957715   -0.041423210   -0.025407050
   18.340000000   -0.040592101   -0.040950125   -0.028230777
   18.350000000   -0.042124167   -0.040133969   -0.031058394
   18.360000000   -0.044074509   -0.039873297   -0.033397129
   18.370000000   -0.046507777   -0.040382296   -0.034740248
   18.380000000   -0.048760031   -0.040921644   -0.034922173
   18.390000000   -0.049853407   -0.040440625   -0.033893446
   18.400000000   -0.049142696   -0.038506954   -0.031531643
   18.410000000   -0.046589814   -0.035417954   -0.027820199
   18.420000000   -0.042437485   -0.031401023   -0.022967398
   18.430000000   -0.036758016   -0.026082361   -0.017254553
   18.440000000   -0.029546308   -0.019004945   -0.010914793
   18.450000000   -0.021169868   -0.010480736   -0.004213824
   18.460000000   -0.012451785   -0.001758479    0.002465583
   18.470000000   -0.004260700    0.005568575    0.008782364
   18.480000000    0.002834759    0.010359491    0.014594953
   18.490000000    0.008564667    0.012344432    0.019749301
   18.500000000    0.012843185    0.011899512    0.023908899
   18.510000000    0.015787836    0.009635359    0.026893630
   18.520000000    0.017878541    0.006361547    0.028996634
   18.530000000    0.019962561    0.003143101    0.030673851
   18.540000000    0.022882781    0.000996999    0.032033329
   18.550000000    0.026915208    0.000396615    0.032865025
   18.560000000    0.031438295    0.001004926    0.033099279
   18.570000000    0.035145464    0.001862343    0.033032102
   18.580000000    0.036654123    0.001922004    0.033096894
   18.590000000    0.035164386    0.000661069    0.033649006
   18.600000000    0.030911818   -0.001512191    0.035042757
   18.610000000    0.025118430   -0.003408970    0.037752683
   18.620000000    0.019410060   -0.003784391    0.042382357
   18.630000000    0.015208967   -0.001978668    0.049446857
   18.640000000    0.013437876    0.001994359    0.058913588
   18.650000000    0.014333717    0.007620416    0.069999693
   18.660000000    0.017402918    0.014060317    0.081548087
   18.670000000    0.021763475    0.020438364    0.092637011
   18.680000000    0.026644346    0.026193678    0.102974487
   18.690000000    0.031634305    0.031228449    0.112840104
   18.700000000    0.036629874    0.035740092    0.122580954
   18.710000000    0.041595666    0.039823499    0.132099570
   18.720000000    0.046357728    0.043214114    0.140884678
   18.730000000    0.050706076    0.045558565    0.148486276
   18.740000000    0.054632941    0.046925886    0.154721936
   18.750000000    0.058247274    0.047859924    0.159436750
   18.760000000    0.061418130    0.048803774    0.162296653
   18.770000000    0.063644724    0.049539057    0.162817816
   18.780000000    0.064304925    0.049336028    0.160540497
   18.790000000    0.063009634    0.047680054    0.155324295
   18.800000000    0.059906097    0.044903362    0.147889287
   18.810000000    0.055807833    0.042206908    0.140168942
   18.820000000    0.051930116    0.041021535    0.134507854
   18.830000000    0.049254494    0.042133922    0.132135092
   18.840000000    0.047965304    0.045196491    0.132609368
   18.850000000    0.047340711    0.048934086    0.134510294
   18.860000000    0.046092985    0.051791006    0.136335317
   18.870000000    0.043049527    0.052581201    0.136963092
   18.880000000    0.037845339    0.050837060    0.135646045
   18.890000000    0.031094358    0.046790161    0.131911357
   18.900000000    0.023909073    0.041126909    0.125617152
   18.910000000    0.017292474    0.034737386    0.117051077
   18.920000000    0.011853356    0.028486468    0.106944232
   18.930000000    0.007836178    0.022960471    0.096278716
   18.940000000    0.005350146    0.018405657    0.086017009
   18.950000000    0.004536918    0.014985574    0.077030568
   18.960000000    0.005434132    0.013028927    0.070074456
   18.970000000    0.007756868    0.012884765    0.065455181
   18.980000000    0.010948284    0.014584112    0.062725215
   18.990000000    0.014437452    0.017771044    0.061082901
   19.000000000    0.017852169    0.021949069    0.060170238
   19.010000000    0.021134644    0.026792696    0.060267609
   19.020000000    0.024598982    0.032278862    0.061928570
   19.030000000    0.028827968    0.038522974    0.065686159
   19.040000000    0.034378415    0.045525765    0.071780115
   19.050000000    0.041466023    0.053122900    0.079960436
   19.060000000    0.049801746    0.061087414    0.089593158
   19.070000000    0.058671253    0.069175352    0.099833824
   19.080000000    0.067197650    0.077067368    0.109749124
   19.090000000    0.074578005    0.084273848    0.118462604
   19.100000000    0.080131505    0.090122349    0.125181377
   19.110000000    0.083199481    0.093889195    0.129159728
   19.120000000    0.083086430    0.094915944    0.129782831
   19.130000000    0.079237546    0.092645651    0.126739382
   19.140000000    0.071662709    0.086821431    0.120260273
   19.150000000    0.061290447    0.077896100    0.111260303
   19.160000000    0.049841830    0.067175568    0.101126089
   19.170000000    0.039266253    0.056407382    0.091287087
   19.180000000    0.031156475    0.047163161    0.082994452
   19.190000000    0.026357328    0.040388278    0.077374975
   19.200000000    0.024776723    0.036202775    0.075252757
   19.210000000    0.025538234    0.034020480    0.076676236
   19.220000000    0.027488862    0.032983988    0.080766473
   19.230000000    0.029767833    0.032473871    0.086113984
   19.240000000    0.032052643    0.032329912    0.091399497
   19.250000000    0.034292381    0.032665864    0.095914854
   19.260000000    0.036309101    0.033572995    0.099642649
   19.270000000    0.037828672    0.035078431    0.102878093
   19.280000000    0.038793133    0.037267085    0.105960799
   19.290000000    0.039431504    0.040199114    0.109308694
   19.300000000    0.040052715    0.043679872    0.113281625
   19.310000000    0.040894017    0.047272897    0.117805343
   19.320000000    0.042211871    0.050660721    0.122356422
   19.330000000    0.044378148    0.053975555    0.126407807
   19.340000000    0.047648584    0.057641956    0.129712725
   19.350000000    0.051816181    0.061847531    0.132246213
   19.360000000    0.056283675    0.066328384    0.134321153
   19.370000000    0.060517294    0.070620218    0.136758022
   19.380000000    0.064270072    0.074237516    0.140440279
   19.390000000    0.067337908    0.076610786    0.145609547
   19.400000000    0.069313788    0.077099704    0.151670920
   19.410000000    0.069775397    0.075287508    0.157580502
   19.420000000    0.068710554    0.071384706    0.162520190
   19.430000000    0.066660771    0.066320878    0.166374272
   19.440000000    0.064394428    0.061264500    0.169528249
   19.450000000    0.062403323    0.056911328    0.172186569
   19.460000000    0.060790314    0.053305671    0.174010868
   19.470000000    0.059593631    0.050293279    0.174398157
   19.480000000    0.058992921    0.047945961    0.172959662
   19.490000000    0.059164752    0.046496593    0.169683111
   19.500000000    0.059963193    0.045879818    0.164684833
   19.510000000    0.060805322    0.045502426    0.158039764
   19.520000000    0.060993823    0.044643957    0.150024685
   19.530000000    0.060071074    0.042975719    0.141292138
   19.540000000    0.057774702    0.040578586    0.132578572
   19.550000000    0.053809551    0.037552466    0.124262091
   19.560000000    0.047871313    0.033789032    0.116386458
   19.570000000    0.039963302    0.029184968    0.109144872
   19.580000000    0.030642201    0.023968945    0.102901194
   19.590000000    0.020936649    0.018754535    0.097677908
   19.600000000    0.012135243    0.014343216    0.093127709
   19.610000000    0.005556655    0.011464834    0.088970216
   19.620000000    0.002076450    0.010479780    0.085072221
   19.630000000    0.001638918    0.011132606    0.081310406
   19.640000000    0.003294057    0.012604171    0.077714925
   19.650000000    0.005791154    0.013924123    0.074585018
   19.660000000    0.008215869    0.014435018    0.072222339
   19.670000000    0.010176671    0.013931172    0.070577022
   19.680000000    0.011554651    0.012470414    0.069233446
   19.690000000    0.012297684    0.010237373    0.067821082
   19.700000000    0.012567107    0.007724985    0.066430394
   19.710000000    0.012898543    0.005867858    0.065480655
   19.720000000    0.014010502    0.005662678    0.065233874
   19.730000000    0.016432422    0.007611095    0.065689574
   19.740000000    0.020233949    0.011531574    0.066868477
   19.750000000    0.025002830    0.016737608    0.068885116
   19.760000000    0.030131725    0.022381967    0.071916271
   19.770000000    0.035174525    0.027783465    0.076312621
   19.780000000    0.040001101    0.032617189    0.082443460
   19.790000000    0.044809424    0.037022702    0.090306886
   19.800000000    0.050068332    0.041554546    0.099432445
   19.810000000    0.056247399    0.046796267    0.109043613
   19.820000000    0.063413917    0.052907592    0.118194162
   19.830000000    0.071059657    0.059496204    0.125860160
   19.840000000    0.078245525    0.065729752    0.131019391
   19.850000000    0.083920241    0.070528380    0.132753741
   19.860000000    0.087334314    0.072959417    0.130617563
   19.870000000    0.088411767    0.072788713    0.125212220
   19.880000000    0.087789406    0.070692811    0.118146415
   19.890000000    0.086386384    0.067809407    0.111099880
   19.900000000    0.084890458    0.065088007    0.105052022
   19.910000000    0.083627304    0.063041072    0.100343645
   19.920000000    0.082795203    0.061956147    0.097011538
   19.930000000    0.082712801    0.062206743    0.094946931
   19.940000000    0.083792922    0.064228598    0.094079403
   19.950000000    0.086261356    0.068170765    0.094502817
   19.960000000    0.089868819    0.073630438    0.096080970
   19.970000000    0.093892009    0.079739299    0.098028607
   19.980000000    0.097536577    0.085604477    0.099387199
   19.990000000    0.100438047    0.090798584    0.099931565
   20.000000000    0.102721692    0.095395807    0.100415992
   20.010000000    0.104585920    0.099564191    0.101964354
   20.020000000    0.106047079    0.103317588    0.105112081
   20.030000000    0.107089889    0.106612836    0.109222543
   20.040000000    0.107750917    0.109350425    0.112834551
   20.050000000    0.107941478    0.111206276    0.114699850
