# energy grid [eV]  eels components [arbitrary units]
#
    0.050000000    0.000028447    0.000028659    0.000027903
    0.060000000    0.000034143    0.000034397    0.000033489
    0.070000000    0.000039841    0.000040138    0.000039078
    0.080000000    0.000045543    0.000045884    0.000044671
    0.090000000    0.000051250    0.000051633    0.000050267
    0.100000000    0.000056961    0.000057388    0.000055868
    0.110000000    0.000062678    0.000063148    0.000061475
    0.120000000    0.000068401    0.000068914    0.000067086
    0.130000000    0.000074130    0.000074687    0.000072704
    0.140000000    0.000079866    0.000080467    0.000078328
    0.150000000    0.000085609    0.000086256    0.000083959
    0.160000000    0.000091361    0.000092052    0.000089598
    0.170000000    0.000097122    0.000097858    0.000095245
    0.180000000    0.000102891    0.000103673    0.000100901
    0.190000000    0.000108671    0.000109499    0.000106565
    0.200000000    0.000114461    0.000115335    0.000112240
    0.210000000    0.000120262    0.000121183    0.000117925
    0.220000000    0.000126074    0.000127043    0.000123620
    0.230000000    0.000131899    0.000132916    0.000129327
    0.240000000    0.000137737    0.000138802    0.000135046
    0.250000000    0.000143588    0.000144702    0.000140778
    0.260000000    0.000149453    0.000150616    0.000146522
    0.270000000    0.000155332    0.000156546    0.000152281
    0.280000000    0.000161227    0.000162492    0.000158053
    0.290000000    0.000167138    0.000168454    0.000163841
    0.300000000    0.000173065    0.000174434    0.000169644
    0.310000000    0.000179010    0.000180431    0.000175463
    0.320000000    0.000184973    0.000186448    0.000181298
    0.330000000    0.000190954    0.000192483    0.000187151
    0.340000000    0.000196954    0.000198539    0.000193022
    0.350000000    0.000202975    0.000204616    0.000198912
    0.360000000    0.000209016    0.000210714    0.000204821
    0.370000000    0.000215078    0.000216835    0.000210750
    0.380000000    0.000221163    0.000222979    0.000216700
    0.390000000    0.000227271    0.000229147    0.000222671
    0.400000000    0.000233402    0.000235340    0.000228664
    0.410000000    0.000239558    0.000241558    0.000234681
    0.420000000    0.000245739    0.000247803    0.000240720
    0.430000000    0.000251946    0.000254075    0.000246784
    0.440000000    0.000258180    0.000260375    0.000252873
    0.450000000    0.000264442    0.000266704    0.000258988
    0.460000000    0.000270733    0.000273063    0.000265130
    0.470000000    0.000277052    0.000279453    0.000271299
    0.480000000    0.000283403    0.000285876    0.000277496
    0.490000000    0.000289784    0.000292330    0.000283723
    0.500000000    0.000296198    0.000298819    0.000289980
    0.510000000    0.000302645    0.000305343    0.000296267
    0.520000000    0.000309126    0.000311902    0.000302587
    0.530000000    0.000315643    0.000318499    0.000308939
    0.540000000    0.000322195    0.000325134    0.000315325
    0.550000000    0.000328785    0.000331808    0.000321746
    0.560000000    0.000335413    0.000338522    0.000328203
    0.570000000    0.000342081    0.000345278    0.000334696
    0.580000000    0.000348790    0.000352076    0.000341227
    0.590000000    0.000355540    0.000358919    0.000347797
    0.600000000    0.000362333    0.000365807    0.000354407
    0.610000000    0.000369170    0.000372742    0.000361058
    0.620000000    0.000376053    0.000379725    0.000367752
    0.630000000    0.000382982    0.000386757    0.000374489
    0.640000000    0.000389959    0.000393840    0.000381271
    0.650000000    0.000396986    0.000400976    0.000388099
    0.660000000    0.000404064    0.000408165    0.000394974
    0.670000000    0.000411194    0.000415410    0.000401898
    0.680000000    0.000418378    0.000422712    0.000408872
    0.690000000    0.000425617    0.000430072    0.000415897
    0.700000000    0.000432913    0.000437493    0.000422976
    0.710000000    0.000440268    0.000444977    0.000430109
    0.720000000    0.000447683    0.000452524    0.000437298
    0.730000000    0.000455160    0.000460138    0.000444544
    0.740000000    0.000462700    0.000467819    0.000451850
    0.750000000    0.000470306    0.000475570    0.000459217
    0.760000000    0.000477980    0.000483394    0.000466646
    0.770000000    0.000485723    0.000491292    0.000474141
    0.780000000    0.000493538    0.000499266    0.000481701
    0.790000000    0.000501426    0.000507319    0.000489330
    0.800000000    0.000509390    0.000515453    0.000497030
    0.810000000    0.000517431    0.000523671    0.000504802
    0.820000000    0.000525554    0.000531975    0.000512648
    0.830000000    0.000533759    0.000540368    0.000520572
    0.840000000    0.000542049    0.000548853    0.000528575
    0.850000000    0.000550427    0.000557433    0.000536659
    0.860000000    0.000558895    0.000566110    0.000544827
    0.870000000    0.000567457    0.000574888    0.000553083
    0.880000000    0.000576115    0.000583771    0.000561427
    0.890000000    0.000584872    0.000592760    0.000569863
    0.900000000    0.000593731    0.000601860    0.000578395
    0.910000000    0.000602695    0.000611075    0.000587024
    0.920000000    0.000611769    0.000620409    0.000595755
    0.930000000    0.000620955    0.000629864    0.000604590
    0.940000000    0.000630256    0.000639446    0.000613532
    0.950000000    0.000639678    0.000649159    0.000622586
    0.960000000    0.000649223    0.000659007    0.000631754
    0.970000000    0.000658896    0.000668995    0.000641041
    0.980000000    0.000668700    0.000679128    0.000650451
    0.990000000    0.000678642    0.000689411    0.000659987
    1.000000000    0.000688724    0.000699849    0.000669655
    1.010000000    0.000698952    0.000710448    0.000679458
    1.020000000    0.000709331    0.000721214    0.000689401
    1.030000000    0.000719867    0.000732153    0.000699489
    1.040000000    0.000730564    0.000743272    0.000709727
    1.050000000    0.000741429    0.000754577    0.000720122
    1.060000000    0.000752468    0.000766076    0.000730677
    1.070000000    0.000763687    0.000777775    0.000741400
    1.080000000    0.000775093    0.000789684    0.000752295
    1.090000000    0.000786692    0.000801809    0.000763371
    1.100000000    0.000798492    0.000814161    0.000774634
    1.110000000    0.000810501    0.000826747    0.000786090
    1.120000000    0.000822727    0.000839579    0.000797747
    1.130000000    0.000835179    0.000852665    0.000809614
    1.140000000    0.000847864    0.000866017    0.000821699
    1.150000000    0.000860794    0.000879647    0.000834009
    1.160000000    0.000873977    0.000893566    0.000846556
    1.170000000    0.000887424    0.000907787    0.000859347
    1.180000000    0.000901146    0.000922324    0.000872395
    1.190000000    0.000915156    0.000937191    0.000885709
    1.200000000    0.000929465    0.000952404    0.000899300
    1.210000000    0.000944086    0.000967978    0.000913183
    1.220000000    0.000959033    0.000983932    0.000927368
    1.230000000    0.000974322    0.001000283    0.000941870
    1.240000000    0.000989967    0.001017051    0.000956703
    1.250000000    0.001005985    0.001034257    0.000971883
    1.260000000    0.001022394    0.001051923    0.000987426
    1.270000000    0.001039213    0.001070073    0.001003350
    1.280000000    0.001056461    0.001088734    0.001019673
    1.290000000    0.001074160    0.001107931    0.001036415
    1.300000000    0.001092332    0.001127696    0.001053597
    1.310000000    0.001111002    0.001148059    0.001071242
    1.320000000    0.001130195    0.001169054    0.001089374
    1.330000000    0.001149941    0.001190719    0.001108018
    1.340000000    0.001170268    0.001213093    0.001127204
    1.350000000    0.001191208    0.001236218    0.001146960
    1.360000000    0.001212796    0.001260142    0.001167319
    1.370000000    0.001235070    0.001284914    0.001188315
    1.380000000    0.001258070    0.001310588    0.001209986
    1.390000000    0.001281838    0.001337225    0.001232372
    1.400000000    0.001306422    0.001364889    0.001255516
    1.410000000    0.001331872    0.001393651    0.001279467
    1.420000000    0.001358245    0.001423587    0.001304274
    1.430000000    0.001385599    0.001454782    0.001329995
    1.440000000    0.001414001    0.001487330    0.001356689
    1.450000000    0.001443522    0.001521333    0.001384423
    1.460000000    0.001474240    0.001556903    0.001413270
    1.470000000    0.001506241    0.001594164    0.001443307
    1.480000000    0.001539619    0.001633257    0.001474624
    1.490000000    0.001574479    0.001674333    0.001507314
    1.500000000    0.001610934    0.001717563    0.001541484
    1.510000000    0.001649113    0.001763140    0.001577251
    1.520000000    0.001689156    0.001811276    0.001614742
    1.530000000    0.001731220    0.001862213    0.001654102
    1.540000000    0.001775481    0.001916222    0.001695490
    1.550000000    0.001822135    0.001973608    0.001739085
    1.560000000    0.001871403    0.002034721    0.001785086
    1.570000000    0.001923533    0.002099957    0.001833716
    1.580000000    0.001978809    0.002169769    0.001885230
    1.590000000    0.002037550    0.002244679    0.001939911
    1.600000000    0.002100122    0.002325287    0.001998086
    1.610000000    0.002166945    0.002412289    0.002060122
    1.620000000    0.002238502    0.002506495    0.002126443
    1.630000000    0.002315352    0.002608855    0.002197534
    1.640000000    0.002398146    0.002720483    0.002273954
    1.650000000    0.002487644    0.002842699    0.002356354
    1.660000000    0.002584744    0.002977074    0.002445489
    1.670000000    0.002690507    0.003125490    0.002542244
    1.680000000    0.002806199    0.003290216    0.002647665
    1.690000000    0.002933343    0.003474010    0.002762985
    1.700000000    0.003073781    0.003680244    0.002889679
    1.710000000    0.003229759    0.003913079    0.003029516
    1.720000000    0.003404047    0.004177691    0.003184633
    1.730000000    0.003600080    0.004480576    0.003357635
    1.740000000    0.003822167    0.004829957    0.003551717
    1.750000000    0.004075762    0.005236342    0.003770837
    1.760000000    0.004367834    0.005713289    0.004019935
    1.770000000    0.004707369    0.006278433    0.004305237
    1.780000000    0.005106046    0.006954910    0.004634662
    1.790000000    0.005579129    0.007773233    0.005018378
    1.800000000    0.006146581    0.008773730    0.005469562
    1.810000000    0.006834298    0.010009402    0.006005430
    1.820000000    0.007675034    0.011548560    0.006648631
    1.830000000    0.008707771    0.013475122    0.007429052
    1.840000000    0.009972627    0.015881071    0.008386015
    1.850000000    0.011495793    0.018838922    0.009570484
    1.860000000    0.013258497    0.022333587    0.011045992
    1.870000000    0.015156325    0.026138802    0.012884781
    1.880000000    0.016990707    0.029689855    0.015150945
    1.890000000    0.018545507    0.032149088    0.017855152
    1.900000000    0.019687072    0.032837987    0.020863694
    1.910000000    0.020335725    0.031708501    0.023780260
    1.920000000    0.020388127    0.029287786    0.025933015
    1.930000000    0.019816797    0.026266648    0.026676532
    1.940000000    0.018822958    0.023229842    0.025895653
    1.950000000    0.017763139    0.020564335    0.024125765
    1.960000000    0.016949003    0.018452512    0.022122382
    1.970000000    0.016558184    0.016930435    0.020439002
    1.980000000    0.016664689    0.015963592    0.019341008
    1.990000000    0.017291531    0.015497601    0.018901247
    2.000000000    0.018434183    0.015476326    0.019087505
    2.010000000    0.020047649    0.015836140    0.019782533
    2.020000000    0.022013992    0.016492250    0.020756962
    2.030000000    0.024144505    0.017347114    0.021674921
    2.040000000    0.026283969    0.018344594    0.022237947
    2.050000000    0.028452207    0.019522320    0.022414701
    2.060000000    0.030803865    0.020974992    0.022489572
    2.070000000    0.033375585    0.022755756    0.022862398
    2.080000000    0.035895094    0.024839374    0.023853207
    2.090000000    0.037916181    0.027196619    0.025646027
    2.100000000    0.039230204    0.029861574    0.028281766
    2.110000000    0.040074725    0.032817519    0.031597823
    2.120000000    0.040840637    0.035754858    0.035113183
    2.130000000    0.041688374    0.037994354    0.038005927
    2.140000000    0.042441095    0.038789770    0.039390233
    2.150000000    0.042620879    0.037794053    0.038783969
    2.160000000    0.041615730    0.035227104    0.036330913
    2.170000000    0.039142796    0.031706161    0.032664494
    2.180000000    0.035594644    0.027954056    0.028591199
    2.190000000    0.031759439    0.024522745    0.024755510
    2.200000000    0.028301532    0.021685309    0.021489594
    2.210000000    0.025557038    0.019501043    0.018873154
    2.220000000    0.023616125    0.017925488    0.016856597
    2.230000000    0.022458801    0.016886445    0.015349729
    2.240000000    0.022041128    0.016319165    0.014264818
    2.250000000    0.022328002    0.016175465    0.013531964
    2.260000000    0.023285572    0.016416915    0.013102165
    2.270000000    0.024834651    0.016995032    0.012946149
    2.280000000    0.026764588    0.017823704    0.013052198
    2.290000000    0.028653082    0.018769918    0.013423461
    2.300000000    0.029936546    0.019707991    0.014073257
    2.310000000    0.030239085    0.020621647    0.015014357
    2.320000000    0.029687973    0.021626470    0.016235601
    2.330000000    0.028790798    0.022855538    0.017661845
    2.340000000    0.028036657    0.024338338    0.019116884
    2.350000000    0.027695332    0.026007209    0.020356991
    2.360000000    0.027889181    0.027830292    0.021227355
    2.370000000    0.028700945    0.029910367    0.021814780
    2.380000000    0.030149384    0.032382752    0.022395831
    2.390000000    0.032066695    0.035185610    0.023258059
    2.400000000    0.033996088    0.037902615    0.024615979
    2.410000000    0.035252457    0.039820812    0.026638390
    2.420000000    0.035277305    0.040307059    0.029465115
    2.430000000    0.034079896    0.039326171    0.033146995
    2.440000000    0.032229803    0.037518016    0.037509540
    2.450000000    0.030407962    0.035717534    0.041980815
    2.460000000    0.029078674    0.034529249    0.045571367
    2.470000000    0.028472138    0.034258355    0.047315919
    2.480000000    0.028667899    0.034985987    0.047021410
    2.490000000    0.029638579    0.036605581    0.045437829
    2.500000000    0.031261315    0.038835571    0.043562797
    2.510000000    0.033330425    0.041303711    0.041937138
    2.520000000    0.035559186    0.043692265    0.040543896
    2.530000000    0.037570025    0.045759989    0.039178578
    2.540000000    0.039005905    0.047260130    0.037858219
    2.550000000    0.039807201    0.048066715    0.036886114
    2.560000000    0.040312055    0.048408827    0.036605478
    2.570000000    0.040933908    0.048709567    0.037150556
    2.580000000    0.041746586    0.049091927    0.038332357
    2.590000000    0.042413999    0.049156650    0.039664499
    2.600000000    0.042560847    0.048358712    0.040614191
    2.610000000    0.042232602    0.046637913    0.041026213
    2.620000000    0.041885114    0.044543732    0.041281027
    2.630000000    0.041919865    0.042738633    0.041948105
    2.640000000    0.042298872    0.041542635    0.043313563
    2.650000000    0.042538016    0.040896772    0.045121310
    2.660000000    0.042071725    0.040620078    0.046587567
    2.670000000    0.040732782    0.040682259    0.046802395
    2.680000000    0.038870255    0.041228682    0.045408131
    2.690000000    0.036977632    0.042320312    0.042850869
    2.700000000    0.035290635    0.043632781    0.039882995
    2.710000000    0.033754501    0.044416067    0.037027354
    2.720000000    0.032295554    0.043909766    0.034538287
    2.730000000    0.031042027    0.041977634    0.032597852
    2.740000000    0.030268800    0.039241462    0.031384948
    2.750000000    0.030222173    0.036559336    0.031027281
    2.760000000    0.031025196    0.034520423    0.031566190
    2.770000000    0.032642572    0.033314322    0.032942449
    2.780000000    0.034814913    0.032789574    0.034975420
    2.790000000    0.036975793    0.032541093    0.037380776
    2.800000000    0.038330795    0.032082211    0.039907462
    2.810000000    0.038277677    0.031138766    0.042526328
    2.820000000    0.036884163    0.029833959    0.045416563
    2.830000000    0.034825775    0.028545434    0.048635100
    2.840000000    0.032868617    0.027631469    0.051698406
    2.850000000    0.031516919    0.027309667    0.053503088
    2.860000000    0.030997720    0.027681951    0.052935057
    2.870000000    0.031358220    0.028771026    0.049818405
    2.880000000    0.032518551    0.030508354    0.045098667
    2.890000000    0.034279607    0.032700114    0.040053199
    2.900000000    0.036374547    0.035056462    0.035569814
    2.910000000    0.038631841    0.037350357    0.032029341
    2.920000000    0.041110074    0.039559426    0.029498344
    2.930000000    0.043970685    0.041745736    0.027917534
    2.940000000    0.047187416    0.043812059    0.027205021
    2.950000000    0.050422816    0.045514900    0.027297274
    2.960000000    0.053183462    0.046732809    0.028157187
    2.970000000    0.055066136    0.047603371    0.029762007
    2.980000000    0.055886565    0.048350513    0.032069097
    2.990000000    0.055654594    0.049014679    0.034956058
    3.000000000    0.054444591    0.049304537    0.038156840
    3.010000000    0.052357119    0.048717352    0.041220586
    3.020000000    0.049672978    0.046948122    0.043487810
    3.030000000    0.046889187    0.044205997    0.044208299
    3.040000000    0.044467081    0.041074458    0.043002030
    3.050000000    0.042551246    0.038113059    0.040275857
    3.060000000    0.040920568    0.035616244    0.036966938
    3.070000000    0.039246239    0.033674398    0.033930821
    3.080000000    0.037457987    0.032352713    0.031646807
    3.090000000    0.035821800    0.031756194    0.030276502
    3.100000000    0.034680019    0.031972330    0.029801867
    3.110000000    0.034198593    0.033000488    0.030105216
    3.120000000    0.034297738    0.034697015    0.031004899
    3.130000000    0.034714143    0.036728823    0.032315961
    3.140000000    0.035138921    0.038583909    0.033941846
    3.150000000    0.035384621    0.039726341    0.035864760
    3.160000000    0.035512881    0.039910060    0.037951555
    3.170000000    0.035825044    0.039405905    0.039759831
    3.180000000    0.036685245    0.038818007    0.040660291
    3.190000000    0.038312489    0.038652750    0.040331053
    3.200000000    0.040643159    0.039046453    0.039112233
    3.210000000    0.043263643    0.039760562    0.037756659
    3.220000000    0.045498092    0.040405001    0.036943116
    3.230000000    0.046778668    0.040798383    0.037057993
    3.240000000    0.047082334    0.041159547    0.038212301
    3.250000000    0.046922066    0.041913408    0.040272914
    3.260000000    0.046893197    0.043343766    0.042846478
    3.270000000    0.047271268    0.045379829    0.045346861
    3.280000000    0.047904204    0.047572831    0.047307741
    3.290000000    0.048403563    0.049308257    0.048751741
    3.300000000    0.048529742    0.050237211    0.050145832
    3.310000000    0.048415813    0.050567586    0.051952700
    3.320000000    0.048350526    0.050839854    0.054220620
    3.330000000    0.048395031    0.051443800    0.056449563
    3.340000000    0.048312895    0.052432053    0.057798743
    3.350000000    0.047886435    0.053730048    0.057628394
    3.360000000    0.047204176    0.055333812    0.056063613
    3.370000000    0.046542397    0.057157723    0.053991818
    3.380000000    0.046083549    0.058796311    0.052456378
    3.390000000    0.045847172    0.059654808    0.052110965
    3.400000000    0.045715911    0.059347825    0.053049775
    3.410000000    0.045376429    0.057825180    0.054834215
    3.420000000    0.044404488    0.055205062    0.056650505
    3.430000000    0.042647203    0.051808879    0.057686887
    3.440000000    0.040460070    0.048258813    0.057495998
    3.450000000    0.038451065    0.045245350    0.055967405
    3.460000000    0.037093943    0.043210677    0.053184471
    3.470000000    0.036578596    0.042253768    0.049505737
    3.480000000    0.036844468    0.042201840    0.045561742
    3.490000000    0.037670476    0.042748708    0.042012034
    3.500000000    0.038806426    0.043618142    0.039318793
    3.510000000    0.040118112    0.044635564    0.037689669
    3.520000000    0.041632107    0.045656647    0.037129053
    3.530000000    0.043452642    0.046551226    0.037492425
    3.540000000    0.045664287    0.047333185    0.038514385
    3.550000000    0.048260988    0.048163512    0.039858355
    3.560000000    0.051062258    0.049097877    0.041229977
    3.570000000    0.053626984    0.049846465    0.042483107
    3.580000000    0.055323867    0.049857191    0.043579983
    3.590000000    0.055731262    0.048774112    0.044456709
    3.600000000    0.055036242    0.046819396    0.044967587
    3.610000000    0.053872340    0.044606827    0.044919898
    3.620000000    0.052805380    0.042665556    0.044228106
    3.630000000    0.052027790    0.041200472    0.043140266
    3.640000000    0.051380693    0.040158449    0.042206766
    3.650000000    0.050615099    0.039442539    0.041973104
    3.660000000    0.049661665    0.039076548    0.042748592
    3.670000000    0.048658848    0.039185980    0.044570834
    3.680000000    0.047832743    0.039866423    0.047258729
    3.690000000    0.047357831    0.041051820    0.050451396
    3.700000000    0.047208981    0.042439797    0.053578200
    3.710000000    0.047157102    0.043579682    0.055870296
    3.720000000    0.046951467    0.044140953    0.056643850
    3.730000000    0.046414602    0.044076464    0.055722630
    3.740000000    0.045355241    0.043481957    0.053459571
    3.750000000    0.043635487    0.042475858    0.050380286
    3.760000000    0.041422506    0.041301052    0.047025281
    3.770000000    0.039180375    0.040329356    0.043962335
    3.780000000    0.037359669    0.039838980    0.041664663
    3.790000000    0.036183864    0.039846070    0.040378173
    3.800000000    0.035680989    0.040163390    0.040110881
    3.810000000    0.035810184    0.040594810    0.040648315
    3.820000000    0.036531499    0.041092048    0.041548683
    3.830000000    0.037777856    0.041742327    0.042236150
    3.840000000    0.039382608    0.042577392    0.042236341
    3.850000000    0.041074725    0.043403935    0.041357786
    3.860000000    0.042594235    0.043881626    0.039708034
    3.870000000    0.043816584    0.043791638    0.037636117
    3.880000000    0.044740997    0.043177282    0.035603667
    3.890000000    0.045399398    0.042227260    0.033999285
    3.900000000    0.045858759    0.041146397    0.033012850
    3.910000000    0.046260373    0.040138400    0.032626092
    3.920000000    0.046718084    0.039363211    0.032700531
    3.930000000    0.047200131    0.038887201    0.033121534
    3.940000000    0.047629089    0.038746895    0.033889285
    3.950000000    0.048086741    0.039045614    0.035056875
    3.960000000    0.048802127    0.039927195    0.036586505
    3.970000000    0.049885208    0.041443314    0.038284215
    3.980000000    0.051120307    0.043449894    0.039896821
    3.990000000    0.052022094    0.045589027    0.041281847
    4.000000000    0.052094909    0.047358875    0.042496386
    4.010000000    0.051165739    0.048308613    0.043786544
    4.020000000    0.049557695    0.048318304    0.045468840
    4.030000000    0.047898270    0.047737374    0.047730247
    4.040000000    0.046716072    0.047166834    0.050519005
    4.050000000    0.046161392    0.047054358    0.053568534
    4.060000000    0.046005605    0.047474381    0.056428538
    4.070000000    0.045863659    0.048172821    0.058536127
    4.080000000    0.045459550    0.048726455    0.059435306
    4.090000000    0.044772520    0.048772764    0.059044217
    4.100000000    0.044028247    0.048274034    0.057783047
    4.110000000    0.043511402    0.047516951    0.056351261
    4.120000000    0.043296437    0.046768086    0.055248356
    4.130000000    0.043154410    0.046020778    0.054529319
    4.140000000    0.042773089    0.045145785    0.053979314
    4.150000000    0.042105454    0.044221842    0.053360670
    4.160000000    0.041448536    0.043601999    0.052462335
    4.170000000    0.041176303    0.043668809    0.051179793
    4.180000000    0.041487643    0.044604336    0.049700919
    4.190000000    0.042385084    0.046339666    0.048445224
    4.200000000    0.043759990    0.048625095    0.047779422
    4.210000000    0.045432707    0.051149478    0.047864262
    4.220000000    0.047164283    0.053657896    0.048659571
    4.230000000    0.048713834    0.056006082    0.049927046
    4.240000000    0.049923021    0.058114705    0.051230104
    4.250000000    0.050770151    0.059909754    0.052057919
    4.260000000    0.051346132    0.061316556    0.052079122
    4.270000000    0.051731535    0.062194393    0.051280431
    4.280000000    0.051894307    0.062259976    0.049886838
    4.290000000    0.051713234    0.061231158    0.048253188
    4.300000000    0.051025355    0.059052518    0.046738897
    4.310000000    0.049645576    0.055911491    0.045524611
    4.320000000    0.047484020    0.052160730    0.044556408
    4.330000000    0.044751724    0.048301390    0.043710288
    4.340000000    0.041965037    0.044886601    0.042985380
    4.350000000    0.039670069    0.042322543    0.042516980
    4.360000000    0.038191136    0.040751165    0.042506347
    4.370000000    0.037578074    0.040078797    0.043191284
    4.380000000    0.037667330    0.040075276    0.044760869
    4.390000000    0.038171918    0.040452333    0.047192576
    4.400000000    0.038804096    0.040887214    0.050122794
    4.410000000    0.039404101    0.041068667    0.052861785
    4.420000000    0.039961698    0.040828332    0.054671015
    4.430000000    0.040507742    0.040239495    0.055208677
    4.440000000    0.041019053    0.039538604    0.054655377
    4.450000000    0.041445109    0.038967245    0.053351172
    4.460000000    0.041790330    0.038698111    0.051464480
    4.470000000    0.042168690    0.038860812    0.049059726
    4.480000000    0.042822435    0.039590141    0.046366007
    4.490000000    0.044043901    0.040991632    0.043817338
    4.500000000    0.045985614    0.043020917    0.041805332
    4.510000000    0.048502431    0.045387361    0.040491249
    4.520000000    0.051147497    0.047564325    0.039826672
    4.530000000    0.053348965    0.048959552    0.039655433
    4.540000000    0.054685507    0.049232090    0.039803693
    4.550000000    0.055017468    0.048485635    0.040153901
    4.560000000    0.054375178    0.047105514    0.040679336
    4.570000000    0.052895007    0.045497905    0.041419219
    4.580000000    0.050930716    0.044015858    0.042431470
    4.590000000    0.049013472    0.042937906    0.043730926
    4.600000000    0.047572127    0.042374573    0.045207396
    4.610000000    0.046733990    0.042219058    0.046605742
    4.620000000    0.046362656    0.042239965    0.047634766
    4.630000000    0.046233712    0.042252735    0.048153122
    4.640000000    0.046161884    0.042179456    0.048221119
    4.650000000    0.045989194    0.041955433    0.047941709
    4.660000000    0.045536238    0.041474729    0.047345870
    4.670000000    0.044605325    0.040638134    0.046416813
    4.680000000    0.043071377    0.039421762    0.045116561
    4.690000000    0.041027183    0.037933811    0.043426827
    4.700000000    0.038793418    0.036404046    0.041448030
    4.710000000    0.036724956    0.035072562    0.039428621
    4.720000000    0.035027556    0.034081985    0.037640685
    4.730000000    0.033758091    0.033475575    0.036220333
    4.740000000    0.032932874    0.033258618    0.035109636
    4.750000000    0.032585833    0.033415467    0.034160194
    4.760000000    0.032745355    0.033872162    0.033322621
    4.770000000    0.033403491    0.034504849    0.032708137
    4.780000000    0.034506621    0.035230789    0.032468158
    4.790000000    0.035943551    0.036071400    0.032691426
    4.800000000    0.037554155    0.037109961    0.033414690
    4.810000000    0.039197887    0.038412988    0.034633248
    4.820000000    0.040811930    0.039966245    0.036245736
    4.830000000    0.042387340    0.041648752    0.038033590
    4.840000000    0.043926891    0.043300593    0.039756517
    4.850000000    0.045424734    0.044808394    0.041248087
    4.860000000    0.046829712    0.046078461    0.042379017
    4.870000000    0.048036840    0.046999268    0.043027556
    4.880000000    0.048970238    0.047532917    0.043205038
    4.890000000    0.049658938    0.047803905    0.043181919
    4.900000000    0.050184424    0.048023642    0.043403493
    4.910000000    0.050587656    0.048357751    0.044258457
    4.920000000    0.050862115    0.048879694    0.045904568
    4.930000000    0.050986475    0.049572915    0.048183754
    4.940000000    0.050907352    0.050323501    0.050589197
    4.950000000    0.050506025    0.050914572    0.052378519
    4.960000000    0.049657894    0.051065629    0.052929706
    4.970000000    0.048363908    0.050557009    0.052136336
    4.980000000    0.046796200    0.049397064    0.050475538
    4.990000000    0.045213363    0.047887208    0.048698400
    5.000000000    0.043854921    0.046482969    0.047414840
    5.010000000    0.042860518    0.045546889    0.046863649
    5.020000000    0.042222180    0.045203933    0.046975209
    5.030000000    0.041835162    0.045385613    0.047593654
    5.040000000    0.041596630    0.045928834    0.048588817
    5.050000000    0.041436587    0.046592201    0.049754056
    5.060000000    0.041327582    0.047088029    0.050715556
    5.070000000    0.041308016    0.047236497    0.051066681
    5.080000000    0.041423289    0.047069907    0.050630296
    5.090000000    0.041625710    0.046739581    0.049553217
    5.100000000    0.041803035    0.046396078    0.048142702
    5.110000000    0.041924290    0.046181455    0.046676625
    5.120000000    0.042124641    0.046258996    0.045344216
    5.130000000    0.042645437    0.046815157    0.044276830
    5.140000000    0.043685290    0.047994505    0.043547536
    5.150000000    0.045279441    0.049800023    0.043099783
    5.160000000    0.047283770    0.052058749    0.042731269
    5.170000000    0.049444477    0.054457041    0.042204036
    5.180000000    0.051524572    0.056633961    0.041408168
    5.190000000    0.053414101    0.058338459    0.040430355
    5.200000000    0.055105239    0.059518775    0.039450528
    5.210000000    0.056567019    0.060227711    0.038612689
    5.220000000    0.057673972    0.060476535    0.038002933
    5.230000000    0.058243900    0.060220752    0.037658962
    5.240000000    0.058152410    0.059446452    0.037559941
    5.250000000    0.057450054    0.058220844    0.037645584
    5.260000000    0.056341591    0.056661908    0.037841884
    5.270000000    0.055026693    0.054880774    0.038049543
    5.280000000    0.053610657    0.052967568    0.038163190
    5.290000000    0.052212363    0.051060273    0.038178471
    5.300000000    0.051071293    0.049389218    0.038246944
    5.310000000    0.050448952    0.048176311    0.038556986
    5.320000000    0.050479945    0.047515439    0.039165989
    5.330000000    0.051141412    0.047359227    0.039935945
    5.340000000    0.052271893    0.047543689    0.040599439
    5.350000000    0.053574492    0.047804879    0.040911909
    5.360000000    0.054660618    0.047848127    0.040785308
    5.370000000    0.055195698    0.047500070    0.040298375
    5.380000000    0.055084298    0.046842352    0.039612893
    5.390000000    0.054514440    0.046171153    0.038906792
    5.400000000    0.053797646    0.045795622    0.038321124
    5.410000000    0.053175341    0.045867023    0.037893613
    5.420000000    0.052745741    0.046359356    0.037554722
    5.430000000    0.052518662    0.047157042    0.037211209
    5.440000000    0.052516232    0.048147447    0.036843618
    5.450000000    0.052821005    0.049278737    0.036534065
    5.460000000    0.053537330    0.050582568    0.036410521
    5.470000000    0.054725842    0.052151761    0.036581399
    5.480000000    0.056388479    0.054095256    0.037094700
    5.490000000    0.058475676    0.056471854    0.037910964
    5.500000000    0.060861399    0.059199761    0.038909337
    5.510000000    0.063320267    0.062009141    0.039920549
    5.520000000    0.065564648    0.064517040    0.040771678
    5.530000000    0.067362401    0.066430365    0.041362617
    5.540000000    0.068647821    0.067708185    0.041698623
    5.550000000    0.069499738    0.068506686    0.041816617
    5.560000000    0.070059390    0.069033909    0.041742069
    5.570000000    0.070500233    0.069483830    0.041537637
    5.580000000    0.070989099    0.070004842    0.041334544
    5.590000000    0.071608129    0.070658170    0.041304240
    5.600000000    0.072306513    0.071399105    0.041588064
    5.610000000    0.072915867    0.072076436    0.042217601
    5.620000000    0.073246465    0.072468473    0.043105870
    5.630000000    0.073258077    0.072439542    0.044124143
    5.640000000    0.073162770    0.072130288    0.045180825
    5.650000000    0.073340553    0.071949277    0.046264662
    5.660000000    0.074108882    0.072309468    0.047446595
    5.670000000    0.075490191    0.073334845    0.048806224
    5.680000000    0.077174472    0.074807500    0.050348310
    5.690000000    0.078701427    0.076338971    0.052017187
    5.700000000    0.079684691    0.077542583    0.053768476
    5.710000000    0.079967394    0.078150264    0.055588256
    5.720000000    0.079695763    0.078145283    0.057453583
    5.730000000    0.079235045    0.077780998    0.059305074
    5.740000000    0.078939201    0.077406407    0.061073310
    5.750000000    0.078963917    0.077299793    0.062716640
    5.760000000    0.079257995    0.077638556    0.064209072
    5.770000000    0.079689441    0.078529445    0.065541477
    5.780000000    0.080142140    0.079984820    0.066774831
    5.790000000    0.080497194    0.081834435    0.068026981
    5.800000000    0.080635503    0.083716992    0.069364421
    5.810000000    0.080547893    0.085252517    0.070742165
    5.820000000    0.080389496    0.086245682    0.072079900
    5.830000000    0.080381227    0.086728753    0.073404452
    5.840000000    0.080676393    0.086865416    0.074878808
    5.850000000    0.081301425    0.086830724    0.076634212
    5.860000000    0.082155543    0.086729134    0.078595949
    5.870000000    0.083011364    0.086564204    0.080496136
    5.880000000    0.083574922    0.086289133    0.082083063
    5.890000000    0.083676603    0.085922734    0.083326831
    5.900000000    0.083404519    0.085595071    0.084329685
    5.910000000    0.082994856    0.085472090    0.085060481
    5.920000000    0.082650137    0.085667149    0.085323942
    5.930000000    0.082488849    0.086205338    0.085010768
    5.940000000    0.082573959    0.087033195    0.084276957
    5.950000000    0.082927393    0.088063692    0.083435603
    5.960000000    0.083517664    0.089199568    0.082730504
    5.970000000    0.084274298    0.090322441    0.082199698
    5.980000000    0.085175934    0.091343471    0.081710809
    5.990000000    0.086304535    0.092300851    0.081163182
    6.000000000    0.087718432    0.093317819    0.080652590
    6.010000000    0.089256763    0.094410676    0.080374830
    6.020000000    0.090564236    0.095420097    0.080433607
    6.030000000    0.091304317    0.096121743    0.080815999
    6.040000000    0.091251167    0.096269777    0.081466790
    6.050000000    0.090273426    0.095589297    0.082313426
    6.060000000    0.088410089    0.093906199    0.083259500
    6.070000000    0.085938193    0.091299171    0.084202137
    6.080000000    0.083283049    0.088093760    0.085052666
    6.090000000    0.080842613    0.084723669    0.085714570
    6.100000000    0.078878797    0.081601443    0.086060353
    6.110000000    0.077532440    0.079075260    0.086013193
    6.120000000    0.076860885    0.077391555    0.085665381
    6.130000000    0.076839454    0.076634865    0.085283172
    6.140000000    0.077354308    0.076701352    0.085153251
    6.150000000    0.078191481    0.077322510    0.085334783
    6.160000000    0.079069584    0.078147722    0.085558678
    6.170000000    0.079738412    0.078858165    0.085458910
    6.180000000    0.080063052    0.079252558    0.084926042
    6.190000000    0.080040799    0.079279695    0.084148751
    6.200000000    0.079769896    0.079013534    0.083345348
    6.210000000    0.079391922    0.078587344    0.082595923
    6.220000000    0.079021273    0.078125499    0.081909598
    6.230000000    0.078693427    0.077704738    0.081336158
    6.240000000    0.078383780    0.077362488    0.080988322
    6.250000000    0.078091548    0.077147343    0.080987392
    6.260000000    0.077893898    0.077156119    0.081395726
    6.270000000    0.077893730    0.077481320    0.082191237
    6.280000000    0.078110669    0.078102141    0.083300786
    6.290000000    0.078446779    0.078854542    0.084657867
    6.300000000    0.078779997    0.079541970    0.086239214
    6.310000000    0.079073522    0.080064871    0.088085985
    6.320000000    0.079382045    0.080439228    0.090271420
    6.330000000    0.079799863    0.080749944    0.092759928
    6.340000000    0.080431230    0.081116742    0.095258605
    6.350000000    0.081369189    0.081656047    0.097256990
    6.360000000    0.082660438    0.082422420    0.098344574
    6.370000000    0.084281989    0.083377741    0.098566453
    6.380000000    0.086147818    0.084432592    0.098402236
    6.390000000    0.088127810    0.085514483    0.098380008
    6.400000000    0.090070684    0.086588262    0.098746151
    6.410000000    0.091855932    0.087659240    0.099433897
    6.420000000    0.093469315    0.088793857    0.100280766
    6.430000000    0.095037893    0.090114612    0.101238590
    6.440000000    0.096760544    0.091744679    0.102378042
    6.450000000    0.098753336    0.093711355    0.103772994
    6.460000000    0.100934495    0.095884376    0.105378909
    6.470000000    0.103055321    0.098039600    0.106931671
    6.480000000    0.104852139    0.099982606    0.107943529
    6.490000000    0.106207392    0.101618955    0.107938145
    6.500000000    0.107168036    0.102935408    0.106846518
    6.510000000    0.107814685    0.103936904    0.105133553
    6.520000000    0.108201131    0.104654889    0.103451154
    6.530000000    0.108417804    0.105203526    0.102188770
    6.540000000    0.108603179    0.105723325    0.101337516
    6.550000000    0.108889899    0.106257969    0.100733792
    6.560000000    0.109379950    0.106756273    0.100403704
    6.570000000    0.110105556    0.107154574    0.100610126
    6.580000000    0.110932509    0.107338454    0.101575317
    6.590000000    0.111557405    0.107092567    0.103242296
    6.600000000    0.111725000    0.106279449    0.105279041
    6.610000000    0.111485595    0.105068753    0.107276266
    6.620000000    0.111172799    0.103863946    0.109016550
    6.630000000    0.111130392    0.103027953    0.110591821
    6.640000000    0.111545863    0.102769857    0.112244594
    6.650000000    0.112455172    0.103186527    0.114058865
    6.660000000    0.113741764    0.104261096    0.115690166
    6.670000000    0.115184787    0.105866913    0.116452256
    6.680000000    0.116618724    0.107857353    0.115913441
    6.690000000    0.118000148    0.110115621    0.114379519
    6.700000000    0.119312316    0.112505526    0.112642675
    6.710000000    0.120523301    0.114855892    0.111417118
    6.720000000    0.121639084    0.117018620    0.111062655
    6.730000000    0.122719373    0.118939052    0.111555078
    6.740000000    0.123834357    0.120693539    0.112525866
    6.750000000    0.124968578    0.122403053    0.113397532
    6.760000000    0.125943675    0.124053342    0.113615941
    6.770000000    0.126518947    0.125473726    0.112898323
    6.780000000    0.126611545    0.126534687    0.111368243
    6.790000000    0.126401638    0.127294394    0.109461896
    6.800000000    0.126242308    0.127967242    0.107729251
    6.810000000    0.126445459    0.128806662    0.106657037
    6.820000000    0.127079111    0.129947048    0.106469832
    6.830000000    0.127907158    0.131288090    0.107036193
    6.840000000    0.128463781    0.132533425    0.108076708
    6.850000000    0.128220573    0.133341550    0.109498471
    6.860000000    0.126855339    0.133454942    0.111418685
    6.870000000    0.124517571    0.132810889    0.113843395
    6.880000000    0.121837558    0.131664251    0.116451311
    6.890000000    0.119584440    0.130526290    0.118738748
    6.900000000    0.118266804    0.129845785    0.120321873
    6.910000000    0.118043817    0.129781802    0.121118818
    6.920000000    0.118874809    0.130302968    0.121337873
    6.930000000    0.120585835    0.131347328    0.121312113
    6.940000000    0.122811909    0.132765427    0.121267742
    6.950000000    0.124988577    0.134166944    0.121133302
    6.960000000    0.126532444    0.135001743    0.120588879
    6.970000000    0.127184434    0.134953255    0.119404963
    6.980000000    0.127150508    0.134181535    0.117695052
    6.990000000    0.126839957    0.133092644    0.115881034
    7.000000000    0.126520646    0.131953807    0.114502688
    7.010000000    0.126194771    0.130747821    0.113908358
    7.020000000    0.125749822    0.129377318    0.114000438
    7.030000000    0.125217785    0.127974578    0.114349371
    7.040000000    0.124843340    0.126907349    0.114612665
    7.050000000    0.124894911    0.126487030    0.114819187
    7.060000000    0.125464800    0.126742927    0.115296145
    7.070000000    0.126427363    0.127418226    0.116422758
    7.080000000    0.127491024    0.128097786    0.118428321
    7.090000000    0.128263277    0.128367969    0.121306929
    7.100000000    0.128363083    0.127941736    0.124797578
    7.110000000    0.127615397    0.126740256    0.128412442
    7.120000000    0.126168270    0.124927639    0.131622936
    7.130000000    0.124333032    0.122775443    0.134140803
    7.140000000    0.122302041    0.120419734    0.136005138
    7.150000000    0.120101948    0.117845162    0.137410489
    7.160000000    0.117801076    0.115126428    0.138490512
    7.170000000    0.115660543    0.112581417    0.139215330
    7.180000000    0.114054360    0.110631528    0.139510812
    7.190000000    0.113257808    0.109534338    0.139498814
    7.200000000    0.113300000    0.109257789    0.139496412
    7.210000000    0.113940336    0.109534925    0.139760005
    7.220000000    0.114729453    0.109992779    0.140342249
    7.230000000    0.115216570    0.110332292    0.141137579
    7.240000000    0.115261417    0.110530974    0.141936978
    7.250000000    0.115113349    0.110879790    0.142499336
    7.260000000    0.115133639    0.111755827    0.142705699
    7.270000000    0.115520734    0.113355687    0.142617015
    7.280000000    0.116299155    0.115627139    0.142336982
    7.290000000    0.117419019    0.118350728    0.141914423
    7.300000000    0.118787032    0.121195001    0.141352166
    7.310000000    0.120296690    0.123769991    0.140595878
    7.320000000    0.121902049    0.125779973    0.139573322
    7.330000000    0.123636070    0.127163861    0.138273830
    7.340000000    0.125489883    0.128029857    0.136728159
    7.350000000    0.127247860    0.128459074    0.134946121
    7.360000000    0.128543549    0.128467103    0.132938500
    7.370000000    0.129129983    0.128112522    0.130819686
    7.380000000    0.129022814    0.127482458    0.128839415
    7.390000000    0.128414352    0.126582100    0.127292738
    7.400000000    0.127537298    0.125367916    0.126393564
    7.410000000    0.126575288    0.123916757    0.126156900
    7.420000000    0.125636257    0.122505173    0.126361454
    7.430000000    0.124826260    0.121525165    0.126700033
    7.440000000    0.124320314    0.121323000    0.127050169
    7.450000000    0.124262504    0.122012018    0.127547159
    7.460000000    0.124625071    0.123355370    0.128331218
    7.470000000    0.125263371    0.124872196    0.129321212
    7.480000000    0.126025837    0.126114565    0.130327899
    7.490000000    0.126651523    0.126790253    0.131321148
    7.500000000    0.126708094    0.126697981    0.132481105
    7.510000000    0.125858867    0.125748650    0.134019960
    7.520000000    0.124059328    0.123978524    0.136000829
    7.530000000    0.121360315    0.121415127    0.138236280
    7.540000000    0.117785754    0.118105958    0.140289791
    7.550000000    0.113550507    0.114349158    0.141675195
    7.560000000    0.109163760    0.110687681    0.142169862
    7.570000000    0.105213407    0.107640473    0.141962292
    7.580000000    0.102094374    0.105495840    0.141499103
    7.590000000    0.099902305    0.104297164    0.141129867
    7.600000000    0.098516211    0.103948794    0.140886021
    7.610000000    0.097744072    0.104289990    0.140682802
    7.620000000    0.097436907    0.105103068    0.140713541
    7.630000000    0.097560493    0.106165371    0.141488500
    7.640000000    0.098152777    0.107332475    0.143393465
    7.650000000    0.099143119    0.108512346    0.146256324
    7.660000000    0.100242239    0.109576318    0.149353233
    7.670000000    0.101107656    0.110385931    0.151825090
    7.680000000    0.101643677    0.110910478    0.153173626
    7.690000000    0.102051640    0.111244546    0.153429470
    7.700000000    0.102559647    0.111483910    0.152832996
    7.710000000    0.103219773    0.111645138    0.151445974
    7.720000000    0.104022013    0.111753845    0.149219475
    7.730000000    0.105068848    0.111934234    0.146285943
    7.740000000    0.106490424    0.112313790    0.142958522
    7.750000000    0.108222895    0.112845694    0.139566371
    7.760000000    0.109955432    0.113264000    0.136412063
    7.770000000    0.111300418    0.113249467    0.133768694
    7.780000000    0.112022172    0.112694789    0.131824947
    7.790000000    0.112141929    0.111826862    0.130635733
    7.800000000    0.111879431    0.111059481    0.130124479
    7.810000000    0.111525856    0.110722123    0.130101235
    7.820000000    0.111315491    0.110879650    0.130244951
    7.830000000    0.111347412    0.111341715    0.130125015
    7.840000000    0.111612223    0.111817666    0.129408175
    7.850000000    0.112087287    0.112113793    0.128134520
    7.860000000    0.112787582    0.112245451    0.126686801
    7.870000000    0.113675217    0.112340516    0.125478727
    7.880000000    0.114541680    0.112445466    0.124775307
    7.890000000    0.115063431    0.112447866    0.124724286
    7.900000000    0.115028092    0.112174368    0.125397365
    7.910000000    0.114539531    0.111583630    0.126765177
    7.920000000    0.113980285    0.110838940    0.128666464
    7.930000000    0.113757725    0.110180095    0.130841999
    7.940000000    0.114072210    0.109784312    0.133031361
    7.950000000    0.114911141    0.109799630    0.135085899
    7.960000000    0.116265567    0.110480956    0.137038751
    7.970000000    0.118251110    0.112166325    0.139075678
    7.980000000    0.120965575    0.115073142    0.141435669
    7.990000000    0.124405429    0.119196156    0.144351595
    8.000000000    0.128607208    0.124400004    0.148020017
    8.010000000    0.133692308    0.130460340    0.152480986
    8.020000000    0.139648874    0.136923913    0.157503000
    8.030000000    0.146147594    0.143067129    0.162677840
    8.040000000    0.152641718    0.148213470    0.167643872
    8.050000000    0.158619507    0.152150174    0.172222474
    8.060000000    0.163770429    0.155178302    0.176415044
    8.070000000    0.167995997    0.157734304    0.180296535
    8.080000000    0.171310778    0.159960826    0.183887532
    8.090000000    0.173791190    0.161634663    0.187115918
    8.100000000    0.175622244    0.162449336    0.189852964
    8.110000000    0.177060367    0.162333234    0.191942586
    8.120000000    0.178311974    0.161580754    0.193231791
    8.130000000    0.179515356    0.160751353    0.193706889
    8.140000000    0.180799101    0.160352273    0.193659097
    8.150000000    0.182270097    0.160495881    0.193568052
    8.160000000    0.183966839    0.160868462    0.193710313
    8.170000000    0.185842660    0.161064242    0.193939473
    8.180000000    0.187729912    0.160880108    0.193921961
    8.190000000    0.189340705    0.160316865    0.193549484
    8.200000000    0.190474978    0.159584939    0.193107602
    8.210000000    0.191302397    0.159224194    0.193125520
    8.220000000    0.192249544    0.159943467    0.194113406
    8.230000000    0.193510498    0.162194561    0.196361207
    8.240000000    0.194775689    0.165897893    0.199780197
    8.250000000    0.195440728    0.170413949    0.203785918
    8.260000000    0.195069916    0.174735049    0.207463909
    8.270000000    0.193809969    0.178042836    0.210146247
    8.280000000    0.192349927    0.180302504    0.211927873
    8.290000000    0.191362707    0.182130012    0.213532756
    8.300000000    0.191041000    0.184080081    0.215661642
    8.310000000    0.191126977    0.186233722    0.218471460
    8.320000000    0.191237084    0.188351530    0.221611595
    8.330000000    0.191151836    0.190220204    0.224593164
    8.340000000    0.190835057    0.191803845    0.226983941
    8.350000000    0.190243586    0.193142955    0.228435938
    8.360000000    0.189272171    0.194259298    0.228809026
    8.370000000    0.187901731    0.195209427    0.228299000
    8.380000000    0.186296265    0.196190051    0.227385400
    8.390000000    0.184757685    0.197559951    0.226641748
    8.400000000    0.183632898    0.199726143    0.226586777
    8.410000000    0.183164467    0.202942035    0.227584627
    8.420000000    0.183264306    0.207054363    0.229667686
    8.430000000    0.183416925    0.211318231    0.232338443
    8.440000000    0.182902088    0.214564815    0.234715820
    8.450000000    0.181173018    0.215755274    0.236168834
    8.460000000    0.178141384    0.214528057    0.236811207
    8.470000000    0.174202552    0.211305412    0.237310794
    8.480000000    0.169923991    0.206863684    0.238418833
    8.490000000    0.165678918    0.201789639    0.240735143
    8.500000000    0.161653381    0.196417720    0.244746055
    8.510000000    0.158062679    0.191106699    0.250820163
    8.520000000    0.155100926    0.186233528    0.258786856
    8.530000000    0.152765748    0.182002391    0.267391978
    8.540000000    0.150936722    0.178488410    0.274484395
    8.550000000    0.149565837    0.175748268    0.278182316
    8.560000000    0.148664393    0.173733041    0.277987085
    8.570000000    0.148149653    0.172183853    0.274746768
    8.580000000    0.147783258    0.170709142    0.269814506
    8.590000000    0.147271236    0.168974438    0.264464514
    8.600000000    0.146425134    0.166846981    0.259741064
    8.610000000    0.145239504    0.164416303    0.256320565
    8.620000000    0.143846797    0.161903397    0.254464676
    8.630000000    0.142424021    0.159537530    0.254188208
    8.640000000    0.141135375    0.157502832    0.255447634
    8.650000000    0.140127191    0.155936586    0.258171350
    8.660000000    0.139519197    0.154902143    0.262161808
    8.670000000    0.139376863    0.154358923    0.267008191
    8.680000000    0.139703912    0.154167001    0.272133544
    8.690000000    0.140476830    0.154138129    0.277000733
    8.700000000    0.141678084    0.154120406    0.281257549
    8.710000000    0.143308490    0.154070910    0.284750954
    8.720000000    0.145357487    0.154019044    0.287448116
    8.730000000    0.147710438    0.153946774    0.289147167
    8.740000000    0.150121359    0.153787041    0.289282049
    8.750000000    0.152329015    0.153506130    0.287292454
    8.760000000    0.154132054    0.153051873    0.283124672
    8.770000000    0.155348206    0.152296416    0.277310973
    8.780000000    0.155861531    0.151179329    0.270780464
    8.790000000    0.155742966    0.149835069    0.264511612
    8.800000000    0.155225387    0.148506655    0.259170034
    8.810000000    0.154556011    0.147398239    0.254906022
    8.820000000    0.153904223    0.146617798    0.251367054
    8.830000000    0.153401427    0.146209177    0.248069878
    8.840000000    0.153226341    0.146220544    0.244866118
    8.850000000    0.153620545    0.146725027    0.242039339
    8.860000000    0.154802390    0.147727318    0.240031186
    8.870000000    0.156788895    0.149016969    0.238982214
    8.880000000    0.159249651    0.150167794    0.238355107
    8.890000000    0.161618778    0.150799833    0.236966470
    8.900000000    0.163417893    0.150852560    0.233557677
    8.910000000    0.164419697    0.150530769    0.227648876
    8.920000000    0.164568545    0.150060511    0.219941661
    8.930000000    0.163939186    0.149594471    0.211837169
    8.940000000    0.162764561    0.149255250    0.204674406
    8.950000000    0.161380527    0.149161397    0.199347300
    8.960000000    0.160150892    0.149466173    0.196255968
    8.970000000    0.159441428    0.150415382    0.195416556
    8.980000000    0.159562663    0.152288731    0.196633096
    8.990000000    0.160654581    0.155218442    0.199610251
    9.000000000    0.162622175    0.159084561    0.203962915
    9.010000000    0.165231100    0.163600758    0.209144359
    9.020000000    0.168272523    0.168414741    0.214349383
    9.030000000    0.171618756    0.173078529    0.218566157
    9.040000000    0.175171892    0.177038587    0.220931175
    9.050000000    0.178774724    0.179728636    0.221114620
    9.060000000    0.182080976    0.180666540    0.219293979
    9.070000000    0.184506522    0.179583769    0.215809880
    9.080000000    0.185440120    0.176608796    0.211014767
    9.090000000    0.184587798    0.172288020    0.205409143
    9.100000000    0.182138192    0.167338432    0.199648503
    9.110000000    0.178674665    0.162400137    0.194320179
    9.120000000    0.174955854    0.157963166    0.189788827
    9.130000000    0.171644914    0.154337689    0.186248659
    9.140000000    0.169113447    0.151627011    0.183838678
    9.150000000    0.167417587    0.149758908    0.182645855
    9.160000000    0.166417998    0.148574771    0.182613855
    9.170000000    0.165954393    0.147962426    0.183524623
    9.180000000    0.165959731    0.147983572    0.185077825
    9.190000000    0.166456644    0.148877312    0.186953476
    9.200000000    0.167462095    0.150887328    0.188873813
    9.210000000    0.168873615    0.154040278    0.190719586
    9.220000000    0.170427781    0.158046104    0.192519562
    9.230000000    0.171774022    0.162354892    0.194217981
    9.240000000    0.172626783    0.166305096    0.195521528
    9.250000000    0.172898504    0.169344220    0.196097625
    9.260000000    0.172724258    0.171268077    0.195885815
    9.270000000    0.172377964    0.172271752    0.195079390
    9.280000000    0.172136660    0.172714375    0.193833156
    9.290000000    0.172121479    0.172800085    0.192140205
    9.300000000    0.172212972    0.172472233    0.190026134
    9.310000000    0.172198791    0.171621845    0.187730955
    9.320000000    0.172021756    0.170348509    0.185605525
    9.330000000    0.171804797    0.168941601    0.183928233
    9.340000000    0.171669683    0.167640399    0.182867225
    9.350000000    0.171606884    0.166487907    0.182467940
    9.360000000    0.171538878    0.165444880    0.182640436
    9.370000000    0.171502145    0.164583282    0.183277460
    9.380000000    0.171735895    0.164097222    0.184385920
    9.390000000    0.172608170    0.164194055    0.186020758
    9.400000000    0.174451584    0.165025589    0.188125506
    9.410000000    0.177393476    0.166656955    0.190554215
    9.420000000    0.181302603    0.169066972    0.193248010
    9.430000000    0.185864696    0.172156576    0.196221292
    9.440000000    0.190645424    0.175697322    0.199332040
    9.450000000    0.195079078    0.179285854    0.202241776
    9.460000000    0.198526794    0.182440928    0.204641161
    9.470000000    0.200553118    0.184843090    0.206468543
    9.480000000    0.201213331    0.186527891    0.207960016
    9.490000000    0.200991225    0.187821411    0.209477041
    9.500000000    0.200474554    0.189081790    0.211233555
    9.510000000    0.200138037    0.190526357    0.213208111
    9.520000000    0.200310321    0.192275144    0.215342050
    9.530000000    0.201189582    0.194488941    0.217800783
    9.540000000    0.202813438    0.197375184    0.220951797
    9.550000000    0.204942302    0.200949943    0.224974093
    9.560000000    0.207061563    0.204834234    0.229531330
    9.570000000    0.208709215    0.208453719    0.233973334
    9.580000000    0.209815069    0.211460284    0.237871408
    9.590000000    0.210659914    0.213873924    0.241348298
    9.600000000    0.211594572    0.215896205    0.244960666
    9.610000000    0.212843100    0.217723462    0.249237675
    9.620000000    0.214497499    0.219533242    0.254246051
    9.630000000    0.216581250    0.221548182    0.259516363
    9.640000000    0.219036244    0.223967315    0.264310018
    9.650000000    0.221680857    0.226792252    0.268010581
    9.660000000    0.224227120    0.229799741    0.270389048
    9.670000000    0.226319985    0.232666068    0.271596836
    9.680000000    0.227553955    0.235011714    0.272030908
    9.690000000    0.227552971    0.236385892    0.272276800
    9.700000000    0.226200825    0.236454248    0.273077208
    9.710000000    0.223792671    0.235295019    0.275112351
    9.720000000    0.220898355    0.233412709    0.278610528
    9.730000000    0.218135589    0.231416823    0.283068734
    9.740000000    0.216052153    0.229726633    0.287380407
    9.750000000    0.215066499    0.228529181    0.290503005
    9.760000000    0.215390814    0.227883514    0.292203314
    9.770000000    0.217009038    0.227832554    0.293091938
    9.780000000    0.219736229    0.228430282    0.293993170
    9.790000000    0.223215020    0.229636970    0.295361509
    9.800000000    0.226865308    0.231217737    0.297148643
    9.810000000    0.230016876    0.232843234    0.299112629
    9.820000000    0.232184034    0.234305637    0.301100649
    9.830000000    0.233211134    0.235596123    0.302870039
    9.840000000    0.233231229    0.236821596    0.303874029
    9.850000000    0.232560363    0.238105731    0.303552574
    9.860000000    0.231601762    0.239573226    0.301773674
    9.870000000    0.230702648    0.241350400    0.298846484
    9.880000000    0.230014093    0.243486656    0.295367752
    9.890000000    0.229557979    0.245939875    0.292237784
    9.900000000    0.229489626    0.248753815    0.290417670
    9.910000000    0.230278730    0.252223323    0.290301244
    9.920000000    0.232497296    0.256708686    0.291342681
    9.930000000    0.236335015    0.262204448    0.292352647
    9.940000000    0.241383301    0.268210883    0.292137637
    9.950000000    0.246905798    0.274052879    0.290005681
    9.960000000    0.252261042    0.279205880    0.286019613
    9.970000000    0.257080804    0.283320645    0.280857865
    9.980000000    0.261226378    0.286197214    0.275277968
    9.990000000    0.264799364    0.287960551    0.269682055
   10.000000000    0.268146371    0.289094314    0.264110272
   10.010000000    0.271637182    0.290108582    0.258478144
   10.020000000    0.275339037    0.291204840    0.252725297
   10.030000000    0.278885193    0.292251008    0.246809903
   10.040000000    0.281711649    0.293019236    0.240755375
   10.050000000    0.283472761    0.293376067    0.234787077
   10.060000000    0.284148622    0.293192310    0.229261463
   10.070000000    0.283852006    0.292237479    0.224404153
   10.080000000    0.282744108    0.290370336    0.220235795
   10.090000000    0.281123478    0.287836097    0.216719557
   10.100000000    0.279426912    0.285235151    0.213892841
   10.110000000    0.278034964    0.283121495    0.211835884
   10.120000000    0.277128589    0.281663756    0.210502757
   10.130000000    0.276746372    0.280684129    0.209637852
   10.140000000    0.276894806    0.279935232    0.208872054
   10.150000000    0.277614368    0.279316154    0.207854937
   10.160000000    0.278947029    0.278857702    0.206288762
   10.170000000    0.280732856    0.278519981    0.203859511
   10.180000000    0.282483042    0.278142160    0.200300739
   10.190000000    0.283627220    0.277652132    0.195620690
   10.200000000    0.283860735    0.277118483    0.190113479
   10.210000000    0.283206447    0.276529143    0.184119230
   10.220000000    0.281884741    0.275674197    0.177853740
   10.230000000    0.280194305    0.274297747    0.171408078
   10.240000000    0.278364977    0.272245955    0.164804702
   10.250000000    0.276419716    0.269413006    0.158052043
   10.260000000    0.274197601    0.265605878    0.151208769
   10.270000000    0.271423257    0.260493694    0.144427038
   10.280000000    0.267742416    0.253810344    0.137933591
   10.290000000    0.262893905    0.245748031    0.131977058
   10.300000000    0.256956980    0.237066334    0.126827393
   10.310000000    0.250374094    0.228747997    0.122774194
   10.320000000    0.243744429    0.221579337    0.120015527
   10.330000000    0.237569293    0.215930706    0.118539806
   10.340000000    0.232098456    0.211774566    0.118160329
   10.350000000    0.227401113    0.208875122    0.118658749
   10.360000000    0.223533545    0.206994825    0.119849015
   10.370000000    0.220589575    0.205996199    0.121494196
   10.380000000    0.218641410    0.205799447    0.123231057
   10.390000000    0.217653005    0.206249200    0.124636969
   10.400000000    0.217370779    0.207015105    0.125393487
   10.410000000    0.217274206    0.207622251    0.125425909
   10.420000000    0.216771581    0.207634779    0.124917074
   10.430000000    0.215528788    0.206823313    0.124196920
   10.440000000    0.213560914    0.205139849    0.123599559
   10.450000000    0.211066444    0.202650465    0.123340768
   10.460000000    0.208285527    0.199573444    0.123446951
   10.470000000    0.205467395    0.196303845    0.123785785
   10.480000000    0.202855205    0.193321315    0.124193611
   10.490000000    0.200639990    0.191025214    0.124604892
   10.500000000    0.198906373    0.189589652    0.125066717
   10.510000000    0.197637783    0.188939901    0.125655968
   10.520000000    0.196800429    0.188903919    0.126412942
   10.530000000    0.196395546    0.189420134    0.127321747
   10.540000000    0.196403222    0.190582101    0.128332347
   10.550000000    0.196726493    0.192485426    0.129415146
   10.560000000    0.197240985    0.195068309    0.130591131
   10.570000000    0.197878993    0.198073465    0.131918861
   10.580000000    0.198645289    0.201121151    0.133462788
   10.590000000    0.199581074    0.203872004    0.135256060
   10.600000000    0.200712632    0.206157136    0.137280869
   10.610000000    0.201977808    0.207923334    0.139477773
   10.620000000    0.203167279    0.209084196    0.141777506
   10.630000000    0.203931974    0.209438930    0.144153434
   10.640000000    0.203879079    0.208721059    0.146647801
   10.650000000    0.202749415    0.206804735    0.149295857
   10.660000000    0.200548600    0.203883622    0.151990545
   10.670000000    0.197543214    0.200406680    0.154461690
   10.680000000    0.194159347    0.196875521    0.156420533
   10.690000000    0.190828509    0.193676702    0.157709508
   10.700000000    0.187870824    0.191013659    0.158344952
   10.710000000    0.185492839    0.188979011    0.158508142
   10.720000000    0.183808853    0.187652503    0.158504579
   10.730000000    0.182826172    0.187083158    0.158670315
   10.740000000    0.182447298    0.187204665    0.159245368
   10.750000000    0.182476661    0.187803473    0.160238855
   10.760000000    0.182617098    0.188559134    0.161434537
   10.770000000    0.182519320    0.189096458    0.162624482
   10.780000000    0.181928225    0.189084034    0.163822884
   10.790000000    0.180837373    0.188399126    0.165217191
   10.800000000    0.179507139    0.187209894    0.166995137
   10.810000000    0.178307625    0.185876668    0.169270666
   10.820000000    0.177517887    0.184761905    0.172090388
   10.830000000    0.177237843    0.184064162    0.175371000
   10.840000000    0.177419687    0.183758788    0.178767705
   10.850000000    0.177951234    0.183697222    0.181716720
   10.860000000    0.178732054    0.183754961    0.183773339
   10.870000000    0.179686394    0.183872023    0.184952917
   10.880000000    0.180734535    0.184033559    0.185683969
   10.890000000    0.181814290    0.184295686    0.186435035
   10.900000000    0.182941112    0.184779190    0.187398136
   10.910000000    0.184174836    0.185529392    0.188398427
   10.920000000    0.185496606    0.186367259    0.189028079
   10.930000000    0.186764328    0.186921862    0.188952608
   10.940000000    0.187785620    0.186806871    0.188186648
   10.950000000    0.188377761    0.185772427    0.187120997
   10.960000000    0.188387534    0.183793768    0.186260707
   10.970000000    0.187781410    0.181124644    0.185880740
   10.980000000    0.186736606    0.178217469    0.185903408
   10.990000000    0.185551718    0.175498528    0.186050864
   11.000000000    0.184453498    0.173220106    0.186035621
   11.010000000    0.183522385    0.171500901    0.185654987
   11.020000000    0.182733295    0.170388725    0.184868247
   11.030000000    0.181992997    0.169827272    0.183816648
   11.040000000    0.181206326    0.169640063    0.182703216
   11.050000000    0.180386128    0.169617474    0.181663369
   11.060000000    0.179670829    0.169621572    0.180737121
   11.070000000    0.179202019    0.169627658    0.179874966
   11.080000000    0.179037328    0.169744192    0.178937895
   11.090000000    0.179199202    0.170225885    0.177764236
   11.100000000    0.179702575    0.171373934    0.176295974
   11.110000000    0.180491953    0.173311634    0.174597083
   11.120000000    0.181432977    0.175837902    0.172746302
   11.130000000    0.182385967    0.178516170    0.170804793
   11.140000000    0.183238501    0.180902705    0.168856404
   11.150000000    0.183889754    0.182723128    0.166941494
   11.160000000    0.184264305    0.183917032    0.164963864
   11.170000000    0.184342471    0.184578913    0.162728974
   11.180000000    0.184141131    0.184837717    0.160030873
   11.190000000    0.183701414    0.184784096    0.156716039
   11.200000000    0.183146222    0.184525972    0.152780892
   11.210000000    0.182654133    0.184218757    0.148455159
   11.220000000    0.182286294    0.183949650    0.144142609
   11.230000000    0.181899161    0.183644802    0.140263875
   11.240000000    0.181304572    0.183185914    0.137132950
   11.250000000    0.180500887    0.182623134    0.134869706
   11.260000000    0.179686835    0.182193243    0.133364891
   11.270000000    0.179021817    0.182084891    0.132364900
   11.280000000    0.178401432    0.182199347    0.131605635
   11.290000000    0.177520441    0.182148885    0.130877842
   11.300000000    0.176147829    0.181514739    0.130043807
   11.310000000    0.174298674    0.180159694    0.129030488
   11.320000000    0.172198244    0.178343679    0.127813155
   11.330000000    0.170154311    0.176554669    0.126444512
   11.340000000    0.168395483    0.175182886    0.125083199
   11.350000000    0.166952902    0.174293666    0.123946229
   11.360000000    0.165703645    0.173672275    0.123225209
   11.370000000    0.164533255    0.173073721    0.123010899
   11.380000000    0.163456843    0.172444028    0.123241455
   11.390000000    0.162607485    0.171931966    0.123736024
   11.400000000    0.162127030    0.171716684    0.124322451
   11.410000000    0.162061396    0.171836783    0.124924972
   11.420000000    0.162350501    0.172189838    0.125529284
   11.430000000    0.162914238    0.172669813    0.126114452
   11.440000000    0.163729445    0.173226617    0.126607828
   11.450000000    0.164819011    0.173790490    0.126857245
   11.460000000    0.166205458    0.174246956    0.126682240
   11.470000000    0.167874696    0.174502705    0.126013624
   11.480000000    0.169731566    0.174528228    0.124993321
   11.490000000    0.171562195    0.174349695    0.123932032
   11.500000000    0.173060830    0.173985230    0.123158476
   11.510000000    0.173939131    0.173368695    0.122847327
   11.520000000    0.174060626    0.172386636    0.122928789
   11.530000000    0.173511433    0.171012181    0.123146141
   11.540000000    0.172569384    0.169386557    0.123228752
   11.550000000    0.171595739    0.167766282    0.123061142
   11.560000000    0.170901022    0.166417967    0.122718268
   11.570000000    0.170633015    0.165552637    0.122350425
   11.580000000    0.170753707    0.165288451    0.122057455
   11.590000000    0.171152908    0.165664091    0.121890211
   11.600000000    0.171791778    0.166699126    0.121869921
   11.610000000    0.172714507    0.168395470    0.121902343
   11.620000000    0.173933911    0.170661705    0.121752320
   11.630000000    0.175300914    0.173239532    0.121224673
   11.640000000    0.176479886    0.175711126    0.120368753
   11.650000000    0.177126611    0.177657426    0.119466613
   11.660000000    0.177141938    0.178888472    0.118848872
   11.670000000    0.176715680    0.179506448    0.118730739
   11.680000000    0.176165762    0.179755848    0.119185602
   11.690000000    0.175810382    0.179849102    0.120228717
   11.700000000    0.175896066    0.179886197    0.121857415
   11.710000000    0.176508203    0.179875638    0.124001619
   11.720000000    0.177539478    0.179814810    0.126489307
   11.730000000    0.178767461    0.179723824    0.129087492
   11.740000000    0.179936598    0.179567839    0.131565183
   11.750000000    0.180824219    0.179235237    0.133707353
   11.760000000    0.181367917    0.178678925    0.135328133
   11.770000000    0.181757328    0.178051193    0.136345293
   11.780000000    0.182327746    0.177684961    0.136848500
   11.790000000    0.183312310    0.177913639    0.137078926
   11.800000000    0.184658704    0.178851625    0.137323086
   11.810000000    0.186020118    0.180313040    0.137773667
   11.820000000    0.186944803    0.181930222    0.138454836
   11.830000000    0.187167034    0.183351097    0.139265237
   11.840000000    0.186763661    0.184374142    0.140065923
   11.850000000    0.186047472    0.184968588    0.140732797
   11.860000000    0.185325497    0.185188828    0.141194926
   11.870000000    0.184785496    0.185108051    0.141505990
   11.880000000    0.184561572    0.184839158    0.141910609
   11.890000000    0.184781694    0.184542981    0.142792859
   11.900000000    0.185489743    0.184354071    0.144480612
   11.910000000    0.186542628    0.184293668    0.147067601
   11.920000000    0.187635870    0.184286314    0.150376429
   11.930000000    0.188464469    0.184253111    0.154024648
   11.940000000    0.188860529    0.184167333    0.157574001
   11.950000000    0.188826536    0.184071383    0.160745417
   11.960000000    0.188531626    0.184086262    0.163536561
   11.970000000    0.188282964    0.184405017    0.166126607
   11.980000000    0.188424933    0.185249142    0.168684863
   11.990000000    0.189213028    0.186769726    0.171252937
   12.000000000    0.190724501    0.188934420    0.173735898
   12.010000000    0.192777519    0.191466616    0.175929589
   12.020000000    0.194922367    0.193893825    0.177542738
   12.030000000    0.196664763    0.195747130    0.178312809
   12.040000000    0.197769889    0.196782884    0.178247138
   12.050000000    0.198257951    0.196982564    0.177717907
   12.060000000    0.198148246    0.196397676    0.177198589
   12.070000000    0.197380603    0.195110109    0.176895471
   12.080000000    0.195962461    0.193312772    0.176670014
   12.090000000    0.194064579    0.191341146    0.176273841
   12.100000000    0.191980056    0.189592958    0.175630472
   12.110000000    0.190025172    0.188392919    0.174916001
   12.120000000    0.188481845    0.187934060    0.174435290
   12.130000000    0.187578887    0.188303539    0.174474730
   12.140000000    0.187437225    0.189444972    0.175197016
   12.150000000    0.188048873    0.191114246    0.176594515
   12.160000000    0.189353567    0.193007416    0.178550090
   12.170000000    0.191257717    0.194926129    0.180901747
   12.180000000    0.193506845    0.196754215    0.183378562
   12.190000000    0.195615725    0.198328894    0.185544407
   12.200000000    0.197034002    0.199414545    0.186962457
   12.210000000    0.197449441    0.199860631    0.187499833
   12.220000000    0.196953992    0.199766479    0.187453939
   12.230000000    0.195917042    0.199406320    0.187367293
   12.240000000    0.194723013    0.199004941    0.187727383
   12.250000000    0.193628264    0.198636957    0.188769647
   12.260000000    0.192787916    0.198326594    0.190459985
   12.270000000    0.192323726    0.198187478    0.192589281
   12.280000000    0.192320904    0.198379428    0.194862067
   12.290000000    0.192787507    0.198921095    0.197023217
   12.300000000    0.193664042    0.199625531    0.199052037
   12.310000000    0.194857591    0.200233786    0.201181440
   12.320000000    0.196233193    0.200581082    0.203608248
   12.330000000    0.197596970    0.200663589    0.206181754
   12.340000000    0.198749602    0.200602137    0.208427818
   12.350000000    0.199606442    0.200557106    0.209864710
   12.360000000    0.200264934    0.200651828    0.210250995
   12.370000000    0.200926822    0.200948755    0.209654239
   12.380000000    0.201782882    0.201506162    0.208444770
   12.390000000    0.202980257    0.202444788    0.207125247
   12.400000000    0.204592672    0.203876045    0.206027012
   12.410000000    0.206543085    0.205735637    0.205210471
   12.420000000    0.208622531    0.207781771    0.204643899
   12.430000000    0.210649214    0.209811298    0.204397586
   12.440000000    0.212575575    0.211814853    0.204698808
   12.450000000    0.214418253    0.213894238    0.205848266
   12.460000000    0.216125046    0.216063339    0.208111305
   12.470000000    0.217578215    0.218164615    0.211662858
   12.480000000    0.218778667    0.220023310    0.216529154
   12.490000000    0.219965799    0.221644844    0.222527424
   12.500000000    0.221455026    0.223159274    0.229272298
   12.510000000    0.223415877    0.224626128    0.236254858
   12.520000000    0.225838346    0.225976155    0.242972585
   12.530000000    0.228588592    0.227097124    0.249082854
   12.540000000    0.231539098    0.228012649    0.254531739
   12.550000000    0.234756270    0.229036717    0.259454703
   12.560000000    0.238447859    0.230674486    0.263820378
   12.570000000    0.242648952    0.233313610    0.267320585
   12.580000000    0.247024611    0.236981230    0.269679817
   12.590000000    0.250962567    0.241299525    0.270865632
   12.600000000    0.253888026    0.245667515    0.270980877
   12.610000000    0.255662875    0.249649327    0.270123801
   12.620000000    0.256731606    0.253286736    0.268398158
   12.630000000    0.257773460    0.256930002    0.265924302
   12.640000000    0.259176751    0.260719469    0.262744204
   12.650000000    0.260815636    0.264319656    0.258889400
   12.660000000    0.262248628    0.267151857    0.254598726
   12.670000000    0.263127681    0.268856433    0.250301493
   12.680000000    0.263446140    0.269552673    0.246411026
   12.690000000    0.263465882    0.269707339    0.243219340
   12.700000000    0.263517071    0.269835654    0.240928274
   12.710000000    0.263889021    0.270303991    0.239729054
   12.720000000    0.264777920    0.271263843    0.239849524
   12.730000000    0.266195544    0.272662014    0.241447924
   12.740000000    0.267921769    0.274296976    0.244411476
   12.750000000    0.269601243    0.275901551    0.248338393
   12.760000000    0.270921527    0.277216960    0.252729471
   12.770000000    0.271730703    0.278037251    0.257215646
   12.780000000    0.272050658    0.278258491    0.261733765
   12.790000000    0.272033160    0.277917566    0.266500245
   12.800000000    0.271921394    0.277198336    0.271727037
   12.810000000    0.272033231    0.276431164    0.277365799
   12.820000000    0.272698616    0.276005365    0.283137327
   12.830000000    0.274154647    0.276220222    0.288769575
   12.840000000    0.276522610    0.277277228    0.294226940
   12.850000000    0.279799485    0.279330176    0.299655091
   12.860000000    0.283788390    0.282355049    0.305090947
   12.870000000    0.288122244    0.285993327    0.310417070
   12.880000000    0.292391340    0.289695534    0.315463632
   12.890000000    0.296283775    0.293112264    0.319846022
   12.900000000    0.299680385    0.296278858    0.322898030
   12.910000000    0.302620509    0.299364875    0.324181042
   12.920000000    0.305154430    0.302322871    0.324017010
   12.930000000    0.307220810    0.304830428    0.323306026
   12.940000000    0.308766218    0.306634157    0.322956714
   12.950000000    0.309959804    0.307937926    0.323505723
   12.960000000    0.311152522    0.309332134    0.324987497
   12.970000000    0.312668123    0.311325754    0.326975606
   12.980000000    0.314598593    0.313921227    0.328819837
   12.990000000    0.316683655    0.316586181    0.329983948
   13.000000000    0.318503149    0.318716272    0.330254629
   13.010000000    0.319852565    0.320096834    0.329816268
   13.020000000    0.320798322    0.320801755    0.329241374
   13.030000000    0.321440244    0.320844144    0.329317405
   13.040000000    0.321836960    0.320216414    0.330810459
   13.050000000    0.322083052    0.319153141    0.334280746
   13.060000000    0.322283287    0.318122890    0.339852873
   13.070000000    0.322521226    0.317621931    0.346995755
   13.080000000    0.322933199    0.318016723    0.354579719
   13.090000000    0.323692501    0.319369323    0.361194989
   13.100000000    0.324825894    0.321292580    0.365576573
   13.110000000    0.326062867    0.323047806    0.367200363
   13.120000000    0.326948092    0.323869127    0.366726168
   13.130000000    0.327267373    0.323364282    0.365638503
   13.140000000    0.327380223    0.321774540    0.365407161
   13.150000000    0.328093218    0.319955924    0.367014701
   13.160000000    0.330227992    0.319083862    0.370850807
   13.170000000    0.334181614    0.320158699    0.376553742
   13.180000000    0.339717961    0.323561859    0.382890180
   13.190000000    0.346099807    0.328934817    0.388225676
   13.200000000    0.352480613    0.335519831    0.391617006
   13.210000000    0.358339577    0.342769047    0.393373613
   13.220000000    0.363675948    0.350653583    0.394331611
   13.230000000    0.368838965    0.359372396    0.394823880
   13.240000000    0.374144868    0.368862945    0.394471233
   13.250000000    0.379471272    0.378482117    0.392595541
   13.260000000    0.384077570    0.386959109    0.388708773
   13.270000000    0.386942391    0.392859925    0.382979710
   13.280000000    0.387451943    0.395423342    0.376398443
   13.290000000    0.385867822    0.395046446    0.370383869
   13.300000000    0.383212912    0.392947511    0.366173259
   13.310000000    0.380692697    0.390364781    0.364393215
   13.320000000    0.379027154    0.387945209    0.364937801
   13.330000000    0.378156590    0.385681472    0.367123488
   13.340000000    0.377663780    0.383453155    0.369993293
   13.350000000    0.377471884    0.381571077    0.372756609
   13.360000000    0.377916230    0.380584650    0.375156554
   13.370000000    0.379210407    0.380688753    0.377377002
   13.380000000    0.381146357    0.381598356    0.379645125
   13.390000000    0.383318259    0.382950105    0.381966249
   13.400000000    0.385414682    0.384648692    0.384144060
   13.410000000    0.387214969    0.386823936    0.386067063
   13.420000000    0.388446270    0.389539695    0.387990880
   13.430000000    0.388853686    0.392571144    0.390340622
   13.440000000    0.388454286    0.395419846    0.393215585
   13.450000000    0.387544808    0.397468567    0.396258261
   13.460000000    0.386472466    0.398179382    0.399036352
   13.470000000    0.385587643    0.397347231    0.401562888
   13.480000000    0.385207667    0.395200780    0.404412642
   13.490000000    0.385401952    0.392268321    0.408297120
   13.500000000    0.386001205    0.389214895    0.413544743
   13.510000000    0.386839251    0.386703355    0.419892182
   13.520000000    0.387792005    0.385183944    0.426580416
   13.530000000    0.388683564    0.384721124    0.432624825
   13.540000000    0.389369332    0.385097851    0.437192355
   13.550000000    0.389847191    0.386034202    0.439905041
   13.560000000    0.390151928    0.387196062    0.440785478
   13.570000000    0.390122942    0.388033895    0.439974944
   13.580000000    0.389394872    0.387859755    0.437690352
   13.590000000    0.387741784    0.386321874    0.434347454
   13.600000000    0.385451877    0.383817392    0.430518673
   13.610000000    0.383357401    0.381374807    0.426801648
   13.620000000    0.382429419    0.380078767    0.423762392
   13.630000000    0.383294920    0.380532767    0.421917785
   13.640000000    0.386073085    0.382738189    0.421784041
   13.650000000    0.390360695    0.386196366    0.423794004
   13.660000000    0.395089693    0.389882198    0.427826552
   13.670000000    0.398641515    0.392394728    0.432801178
   13.680000000    0.399645511    0.392723329    0.437118628
   13.690000000    0.397878018    0.391011463    0.439810456
   13.700000000    0.394243055    0.388332426    0.441153635
   13.710000000    0.389884182    0.385705544    0.442147259
   13.720000000    0.385526903    0.383497804    0.443640772
   13.730000000    0.381541499    0.381624266    0.445956269
   13.740000000    0.378222029    0.379986505    0.449080194
   13.750000000    0.375927276    0.378765699    0.453015712
   13.760000000    0.375073911    0.378512453    0.457828450
   13.770000000    0.376008706    0.379945140    0.463246948
   13.780000000    0.378777773    0.383498703    0.468376730
   13.790000000    0.382979010    0.388979332    0.472172813
   13.800000000    0.387978800    0.395663208    0.474329960
   13.810000000    0.393231321    0.402610127    0.475635288
   13.820000000    0.398214176    0.408790931    0.477313707
   13.830000000    0.402293646    0.413264257    0.479954035
   13.840000000    0.405135466    0.415756322    0.483253008
   13.850000000    0.407189244    0.416970405    0.486673331
   13.860000000    0.409276316    0.417864429    0.489837227
   13.870000000    0.411629588    0.418671268    0.492232329
   13.880000000    0.413522833    0.418837231    0.493025127
   13.890000000    0.413798353    0.417704684    0.491547311
   13.900000000    0.411675201    0.414972407    0.487733290
   13.910000000    0.407177049    0.410716925    0.481844556
   13.920000000    0.401066890    0.405370627    0.474168375
   13.930000000    0.394500859    0.399622745    0.465293197
   13.940000000    0.388503643    0.394059197    0.456378225
   13.950000000    0.383530631    0.388897027    0.448862832
   13.960000000    0.379479015    0.384118180    0.443826921
   13.970000000    0.376031713    0.379699489    0.441437742
   13.980000000    0.373026501    0.375697123    0.440904997
   13.990000000    0.370671407    0.372298112    0.441117715
   14.000000000    0.369425483    0.369864432    0.441499493
   14.010000000    0.369591836    0.368825849    0.442311812
   14.020000000    0.370974838    0.369414338    0.444204896
   14.030000000    0.372914527    0.371443504    0.447573353
   14.040000000    0.374739037    0.374363857    0.452338065
   14.050000000    0.376213021    0.377577449    0.458050041
   14.060000000    0.377507511    0.380687655    0.463989715
   14.070000000    0.378851772    0.383510827    0.469451296
   14.080000000    0.380374753    0.386046983    0.474388475
   14.090000000    0.382257829    0.388536615    0.479750255
   14.100000000    0.384813504    0.391418266    0.486855299
   14.110000000    0.388312012    0.395066921    0.496388539
   14.120000000    0.392830644    0.399529598    0.507944467
   14.130000000    0.398208884    0.404475394    0.520182475
   14.140000000    0.404069082    0.409385443    0.531231013
   14.150000000    0.409981280    0.413894384    0.539305804
   14.160000000    0.415648883    0.418016371    0.543528338
   14.170000000    0.420889893    0.422028249    0.544366413
   14.180000000    0.425524115    0.426177191    0.543225248
   14.190000000    0.429377436    0.430477148    0.541638007
   14.200000000    0.432370147    0.434643025    0.540678009
   14.210000000    0.434561200    0.438133843    0.540618321
   14.220000000    0.436097850    0.440348895    0.540828375
   14.230000000    0.437195496    0.440998671    0.540373393
   14.240000000    0.438228917    0.440345296    0.539119862
   14.250000000    0.439741829    0.439040050    0.538114365
   14.260000000    0.442258099    0.437841332    0.538806089
   14.270000000    0.446047845    0.437487286    0.541985289
   14.280000000    0.451065731    0.438649157    0.547359115
   14.290000000    0.457020336    0.441768995    0.553794019
   14.300000000    0.463400221    0.446737798    0.559644598
   14.310000000    0.469607052    0.452826255    0.563244812
   14.320000000    0.475358492    0.459198336    0.563935334
   14.330000000    0.480923453    0.465467762    0.562655699
   14.340000000    0.486849535    0.471612535    0.561087512
   14.350000000    0.493541645    0.477542331    0.560394300
   14.360000000    0.501030484    0.482980801    0.561020490
   14.370000000    0.508940565    0.487705341    0.563226036
   14.380000000    0.516648779    0.491823087    0.567242004
   14.390000000    0.523568573    0.495815963    0.573079574
   14.400000000    0.529376861    0.500314325    0.580547532
   14.410000000    0.534044823    0.505799681    0.589328232
   14.420000000    0.537629919    0.512355294    0.599047333
   14.430000000    0.540020627    0.519487011    0.609362056
   14.440000000    0.540885200    0.526159949    0.619721731
   14.450000000    0.539887127    0.531174330    0.628952356
   14.460000000    0.536999861    0.533744173    0.635336472
   14.470000000    0.532517576    0.533775057    0.637141679
   14.480000000    0.526812563    0.531606247    0.633353746
   14.490000000    0.520219246    0.527674116    0.624345928
   14.500000000    0.513041216    0.522469900    0.611767904
   14.510000000    0.505660361    0.516636871    0.597784441
   14.520000000    0.498712428    0.510962723    0.584477164
   14.530000000    0.493143933    0.506342621    0.573557546
   14.540000000    0.490049899    0.503743219    0.566041844
   14.550000000    0.490214642    0.503809541    0.561927195
   14.560000000    0.493504491    0.506180153    0.560270183
   14.570000000    0.498767815    0.509422739    0.559847261
   14.580000000    0.504612258    0.512008526    0.559935580
   14.590000000    0.510386302    0.513364533    0.560589420
   14.600000000    0.516434596    0.514013892    0.562333847
   14.610000000    0.523516333    0.515024178    0.565526699
   14.620000000    0.532010634    0.517418861    0.569877077
   14.630000000    0.541567591    0.521839093    0.574569204
   14.640000000    0.551199967    0.528321515    0.578687912
   14.650000000    0.559628115    0.536182090    0.581610835
   14.660000000    0.566028106    0.544455747    0.583396160
   14.670000000    0.570580378    0.552629805    0.584676079
   14.680000000    0.574119327    0.560812402    0.586038068
   14.690000000    0.577459952    0.569331051    0.587777634
   14.700000000    0.581009338    0.578178036    0.589932307
   14.710000000    0.584706162    0.586718378    0.592045293
   14.720000000    0.588256777    0.594092923    0.593300869
   14.730000000    0.591361524    0.599875729    0.593195518
   14.740000000    0.593721199    0.604171868    0.591616937
   14.750000000    0.595063862    0.607271534    0.588471015
   14.760000000    0.595270224    0.609374476    0.583806289
   14.770000000    0.594495992    0.610546119    0.578130580
   14.780000000    0.593292123    0.610917398    0.572467589
   14.790000000    0.592501012    0.610850863    0.568148910
   14.800000000    0.592852387    0.610792818    0.566244398
   14.810000000    0.594688009    0.611140194    0.567053897
   14.820000000    0.598005610    0.612300309    0.570208087
   14.830000000    0.602500554    0.614556711    0.575026028
   14.840000000    0.607544469    0.617736483    0.580669664
   14.850000000    0.612405003    0.621240888    0.586333276
   14.860000000    0.616560221    0.624567830    0.591528958
   14.870000000    0.619847214    0.627777564    0.596286210
   14.880000000    0.622576685    0.631425681    0.601242956
   14.890000000    0.625487448    0.636096054    0.607329015
   14.900000000    0.629380177    0.642015216    0.615024679
   14.910000000    0.634719715    0.649020904    0.623962088
   14.920000000    0.641481272    0.656771127    0.633317670
   14.930000000    0.649210445    0.664798836    0.642239205
   14.940000000    0.657065766    0.672314928    0.649560034
   14.950000000    0.663808776    0.678271495    0.653587391
   14.960000000    0.668086216    0.681838171    0.653054896
   14.970000000    0.669060152    0.682662260    0.648421557
   14.980000000    0.666864706    0.680815673    0.641629824
   14.990000000    0.662403236    0.676794418    0.634407959
   15.000000000    0.656764800    0.671529179    0.627317233
   15.010000000    0.650947119    0.666257198    0.620393522
   15.020000000    0.645891032    0.662106022    0.613885108
   15.030000000    0.642379521    0.659579953    0.608122926
   15.040000000    0.640918831    0.658604970    0.603519336
   15.050000000    0.641960151    0.659230625    0.601108513
   15.060000000    0.646093589    0.662114194    0.602444635
   15.070000000    0.653756519    0.668116981    0.608431209
   15.080000000    0.664763815    0.677404001    0.618088004
   15.090000000    0.678118072    0.688936576    0.628426406
   15.100000000    0.692158558    0.700799617    0.635955339
   15.110000000    0.704944586    0.710958377    0.638895738
   15.120000000    0.714698908    0.717793259    0.638070178
   15.130000000    0.720286236    0.720444545    0.635737706
   15.140000000    0.721725910    0.719192392    0.633984458
   15.150000000    0.720224531    0.715378683    0.634141114
   15.160000000    0.717280970    0.710499903    0.636736608
   15.170000000    0.713679428    0.705252123    0.641427921
   15.180000000    0.709590856    0.699649595    0.647320233
   15.190000000    0.705435685    0.694016714    0.653597295
   15.200000000    0.702075700    0.689386360    0.659675515
   15.210000000    0.700236290    0.686806709    0.664859500
   15.220000000    0.700281998    0.686762564    0.668330770
   15.230000000    0.702638250    0.689465291    0.669657602
   15.240000000    0.708039959    0.695223897    0.669301275
   15.250000000    0.716951572    0.704150437    0.668772588
   15.260000000    0.728959961    0.715827776    0.670207527
   15.270000000    0.743033891    0.729485252    0.675335006
   15.280000000    0.758034830    0.744243213    0.684409763
   15.290000000    0.772805448    0.759158467    0.695869377
   15.300000000    0.786100592    0.773102842    0.706975321
   15.310000000    0.796874868    0.784749537    0.715286083
   15.320000000    0.804846900    0.792976135    0.719985240
   15.330000000    0.810606176    0.797337308    0.721821842
   15.340000000    0.815042969    0.798127782    0.722118740
   15.350000000    0.818793657    0.796200658    0.721977904
   15.360000000    0.822195831    0.792893089    0.721888794
   15.370000000    0.825296234    0.789662260    0.721790318
   15.380000000    0.827534027    0.787259896    0.721355963
   15.390000000    0.827857777    0.785410611    0.719916946
   15.400000000    0.825680883    0.783394157    0.716478783
   15.410000000    0.821503907    0.780782508    0.710544418
   15.420000000    0.816438190    0.777796359    0.702659825
   15.430000000    0.811428999    0.775258532    0.693808371
   15.440000000    0.807072927    0.774203821    0.684804357
   15.450000000    0.804048816    0.775532027    0.676505835
   15.460000000    0.803334790    0.779942543    0.670062071
   15.470000000    0.805770835    0.787819029    0.666479431
   15.480000000    0.811536640    0.798964579    0.665787336
   15.490000000    0.820020271    0.812510662    0.666617476
   15.500000000    0.829950464    0.827054179    0.666740204
   15.510000000    0.839562171    0.840803831    0.664362921
   15.520000000    0.846910498    0.851904437    0.659283968
   15.530000000    0.850496919    0.859063481    0.652756180
   15.540000000    0.849935467    0.862091733    0.646234791
   15.550000000    0.846087855    0.862011002    0.640495104
   15.560000000    0.840529610    0.860591765    0.635617865
   15.570000000    0.834916702    0.859461590    0.631380099
   15.580000000    0.830845302    0.859574231    0.627794753
   15.590000000    0.829913488    0.861439419    0.625442102
   15.600000000    0.833245729    0.865307236    0.625170739
   15.610000000    0.840854514    0.871197501    0.627555726
   15.620000000    0.851627802    0.879173447    0.632769900
   15.630000000    0.863610681    0.889044226    0.640543013
   15.640000000    0.874335843    0.899543850    0.649877434
   15.650000000    0.881773819    0.908572841    0.659221014
   15.660000000    0.885661941    0.914798694    0.667602155
   15.670000000    0.887821934    0.918906702    0.675561829
   15.680000000    0.890778848    0.922956470    0.684405995
   15.690000000    0.896057180    0.928630509    0.694649192
   15.700000000    0.903809378    0.936445754    0.705626990
   15.710000000    0.913619155    0.946355546    0.716523740
   15.720000000    0.925121024    0.958378735    0.727335539
   15.730000000    0.937958822    0.972605292    0.738616443
   15.740000000    0.951916826    0.989144153    0.750418272
   15.750000000    0.967160642    1.007904808    0.761920793
   15.760000000    0.983832696    1.027928476    0.772541532
   15.770000000    1.001527240    1.047063147    0.782871835
   15.780000000    1.019404816    1.062566036    0.793901054
   15.790000000    1.036643793    1.072365604    0.805926791
   15.800000000    1.052794848    1.076320502    0.818640592
   15.810000000    1.067983311    1.076390660    0.831761653
   15.820000000    1.082719801    1.075409353    0.845287371
   15.830000000    1.097435622    1.075828495    0.859539509
   15.840000000    1.112318151    1.079291609    0.874956182
   15.850000000    1.127418766    1.086364757    0.890950916
   15.860000000    1.142553422    1.096204869    0.904825683
   15.870000000    1.157064759    1.106912490    0.912805272
   15.880000000    1.169799312    1.116649045    0.912834699
   15.890000000    1.179209812    1.124342543    0.906281618
   15.900000000    1.183739687    1.129749427    0.896948095
   15.910000000    1.182680898    1.133606398    0.888619122
   15.920000000    1.176850923    1.137393038    0.883390321
   15.930000000    1.168357372    1.142262550    0.881642003
   15.940000000    1.159758375    1.148269157    0.882833221
   15.950000000    1.153332060    1.154700648    0.886315649
   15.960000000    1.150632071    1.160847582    0.891994958
   15.970000000    1.152149839    1.166452974    0.900444175
   15.980000000    1.157194210    1.171629282    0.912185080
   15.990000000    1.164277485    1.176555546    0.926825075
   16.000000000    1.171741912    1.181394482    0.942878084
   16.010000000    1.178522209    1.186602603    0.958357307
   16.020000000    1.184927184    1.193036485    0.971639087
   16.030000000    1.192743875    1.201357143    0.981786909
   16.040000000    1.204132960    1.211447683    0.988239835
   16.050000000    1.220079573    1.222759938    0.990856873
   16.060000000    1.240102816    1.235473002    0.990860759
   16.070000000    1.263213992    1.250887190    0.991423285
   16.080000000    1.288321558    1.270043744    0.996784123
   16.090000000    1.313661425    1.292361761    1.010857522
   16.100000000    1.336822169    1.315872863    1.036246006
   16.110000000    1.356301822    1.338599651    1.073546661
   16.120000000    1.372972978    1.360160442    1.121229198
   16.130000000    1.389386373    1.381977223    1.175970803
   16.140000000    1.407866555    1.405670543    1.232586623
   16.150000000    1.429412045    1.431443946    1.283905027
   16.160000000    1.453094307    1.457116643    1.321769220
   16.170000000    1.475689685    1.477984912    1.339797532
   16.180000000    1.492909920    1.489023791    1.337263132
   16.190000000    1.501943457    1.488420358    1.320331758
   16.200000000    1.502405014    1.478179063    1.298182653
   16.210000000    1.494944730    1.461438303    1.277643037
   16.220000000    1.480583827    1.440921483    1.261014920
   16.230000000    1.461463585    1.419358000    1.247736869
   16.240000000    1.440316313    1.399038755    1.236821437
   16.250000000    1.418855658    1.380683864    1.227421783
   16.260000000    1.397417068    1.363636198    1.218509506
   16.270000000    1.376187428    1.347375563    1.209184767
   16.280000000    1.356489338    1.332619467    1.199227111
   16.290000000    1.340492542    1.320814337    1.189422639
   16.300000000    1.329648940    1.312797966    1.181326498
   16.310000000    1.323732472    1.308312534    1.176308243
   16.320000000    1.321562494    1.306961529    1.174835400
   16.330000000    1.322271231    1.309072530    1.176652520
   16.340000000    1.325159192    1.314769810    1.181268247
   16.350000000    1.328537213    1.322559748    1.188328504
   16.360000000    1.329482610    1.329582509    1.197786116
   16.370000000    1.324912023    1.332861144    1.209339336
   16.380000000    1.313155773    1.330259711    1.221748485
   16.390000000    1.294876327    1.321337174    1.233319716
   16.400000000    1.272514339    1.307678715    1.242528951
   16.410000000    1.249055713    1.292159375    1.247707958
   16.420000000    1.227158273    1.277711764    1.247665776
   16.430000000    1.208582244    1.266148281    1.243512571
   16.440000000    1.193967035    1.257628108    1.238655724
   16.450000000    1.183108782    1.251153033    1.236810834
   16.460000000    1.175477651    1.245652570    1.240558465
   16.470000000    1.170517168    1.240736125    1.250908117
   16.480000000    1.167895274    1.236932945    1.267450368
   16.490000000    1.167711736    1.235429711    1.289051781
   16.500000000    1.170172347    1.237172952    1.314236291
   16.510000000    1.175238126    1.242029861    1.341215053
   16.520000000    1.182738985    1.248602205    1.368819775
   16.530000000    1.192531252    1.254766927    1.397690755
   16.540000000    1.204322162    1.258640739    1.429881202
   16.550000000    1.217047181    1.258990019    1.467323408
   16.560000000    1.228307982    1.254745354    1.510626247
   16.570000000    1.234996825    1.244851411    1.558028232
   16.580000000    1.235057338    1.229218023    1.604579482
   16.590000000    1.228384092    1.209462534    1.642845989
   16.600000000    1.216369676    1.188352873    1.665980960
   16.610000000    1.201519183    1.168630409    1.671863264
   16.620000000    1.187033618    1.152276518    1.664461924
   16.630000000    1.175774576    1.140414530    1.651173215
   16.640000000    1.169231221    1.133321284    1.639130460
   16.650000000    1.167267203    1.130512266    1.632929298
   16.660000000    1.168749842    1.131145481    1.634305453
   16.670000000    1.172303631    1.134259359    1.642377921
   16.680000000    1.176467412    1.138553509    1.653411714
   16.690000000    1.179731540    1.142395644    1.661633972
   16.700000000    1.181114742    1.144386238    1.662153871
   16.710000000    1.180743498    1.144025502    1.653898600
   16.720000000    1.179722838    1.142093443    1.639981984
   16.730000000    1.179571156    1.140567746    1.625956077
   16.740000000    1.181568723    1.141763561    1.617670143
   16.750000000    1.186133673    1.147044810    1.619478377
   16.760000000    1.192755477    1.156349224    1.633272138
   16.770000000    1.200687567    1.168676373    1.658128594
   16.780000000    1.209543892    1.182587831    1.690049795
   16.790000000    1.219098709    1.196515632    1.721978580
   16.800000000    1.228889366    1.209285872    1.745735253
   16.810000000    1.238349552    1.220608137    1.756661891
   16.820000000    1.247414017    1.231119121    1.756609814
   16.830000000    1.256866163    1.242018358    1.751029648
   16.840000000    1.267927838    1.254393245    1.744233581
   16.850000000    1.281700943    1.268695884    1.738352922
   16.860000000    1.298974104    1.284786266    1.734648781
   16.870000000    1.320078296    1.302162426    1.734306756
   16.880000000    1.344675993    1.320124638    1.738664991
   16.890000000    1.371942439    1.338401580    1.748789297
   16.900000000    1.400597722    1.357695774    1.764133943
   16.910000000    1.427879749    1.378718965    1.781375796
   16.920000000    1.448995650    1.400378876    1.795059817
   16.930000000    1.459390843    1.419540505    1.800748692
   16.940000000    1.458415581    1.433345468    1.798282546
   16.950000000    1.450257089    1.441875984    1.791564378
   16.960000000    1.441007803    1.447939265    1.785529796
   16.970000000    1.435248934    1.454471183    1.783944231
   16.980000000    1.435244820    1.462953236    1.788714786
   16.990000000    1.441891537    1.473830438    1.799801982
   17.000000000    1.455170386    1.487308675    1.816493878
   17.010000000    1.473846732    1.503372424    1.839238683
   17.020000000    1.495559072    1.521426953    1.868968543
   17.030000000    1.517595908    1.540494220    1.904020806
   17.040000000    1.537631655    1.559851566    1.938573353
   17.050000000    1.554035800    1.579219214    1.964722233
   17.060000000    1.565981286    1.598403658    1.976974147
   17.070000000    1.573523218    1.616784352    1.975828346
   17.080000000    1.577846482    1.633300598    1.967239274
   17.090000000    1.581384674    1.647346103    1.958962981
   17.100000000    1.587095406    1.659541605    1.957142952
   17.110000000    1.597201018    1.671312374    1.964330938
   17.120000000    1.612670014    1.684104178    1.978886545
   17.130000000    1.633611976    1.699226320    1.996320535
   17.140000000    1.659193110    1.717453106    2.012628739
   17.150000000    1.687149023    1.738400866    2.027421055
   17.160000000    1.715001987    1.761332421    2.044092602
   17.170000000    1.742334566    1.786368406    2.066454123
   17.180000000    1.770195537    1.813286603    2.094579305
   17.190000000    1.797793613    1.839137314    2.123678025
   17.200000000    1.821137920    1.858512323    2.146565758
   17.210000000    1.835107025    1.866637833    2.157981781
   17.220000000    1.836861315    1.862450202    2.158483773
   17.230000000    1.827867607    1.849244092    2.154054133
   17.240000000    1.812475661    1.832286592    2.151020875
   17.250000000    1.794998909    1.815788430    2.152011975
   17.260000000    1.778665777    1.801907088    2.156778769
   17.270000000    1.765727035    1.791108336    2.164518127
   17.280000000    1.756894115    1.782305261    2.173660289
   17.290000000    1.751334667    1.773580846    2.180896902
   17.300000000    1.748202067    1.764172444    2.182666837
   17.310000000    1.747885748    1.755623290    2.178347436
   17.320000000    1.751493530    1.750382496    2.170636398
   17.330000000    1.759394248    1.749231318    2.162062932
   17.340000000    1.770197701    1.750021878    2.152465870
   17.350000000    1.780940303    1.749031443    2.139476582
   17.360000000    1.788707244    1.744138811    2.119678909
   17.370000000    1.792487600    1.736700058    2.089732156
   17.380000000    1.793320031    1.729984867    2.048520511
   17.390000000    1.792844245    1.726397877    1.998927113
   17.400000000    1.792113291    1.726407313    1.946757954
   17.410000000    1.791742736    1.729041340    1.898075316
   17.420000000    1.792420427    1.732664412    1.857431558
   17.430000000    1.794471238    1.735801136    1.827302554
   17.440000000    1.797613889    1.738362598    1.808581124
   17.450000000    1.801776396    1.742257576    1.801230169
   17.460000000    1.807248793    1.750088786    1.803589152
   17.470000000    1.813800894    1.763063141    1.811590197
   17.480000000    1.820656882    1.779957999    1.820299842
   17.490000000    1.826888278    1.797360019    1.825944306
   17.500000000    1.830673990    1.810430633    1.825464727
   17.510000000    1.829238195    1.814399687    1.815806025
   17.520000000    1.820816459    1.806938358    1.795616996
   17.530000000    1.806012693    1.789426076    1.767330724
   17.540000000    1.786941396    1.765921741    1.736560895
   17.550000000    1.766115850    1.741445138    1.708918684
   17.560000000    1.745923997    1.720490361    1.687344925
   17.570000000    1.727505416    1.705241472    1.671751243
   17.580000000    1.709909757    1.694663455    1.660126183
   17.590000000    1.691379704    1.685984977    1.649693010
   17.600000000    1.671753926    1.677186450    1.637725447
   17.610000000    1.653514599    1.668132333    1.622540015
   17.620000000    1.640647225    1.660124469    1.604163376
   17.630000000    1.636503546    1.654961242    1.583837124
   17.640000000    1.642203944    1.654068119    1.563181843
   17.650000000    1.655953286    1.657604807    1.543873459
   17.660000000    1.673349049    1.663820000    1.527724773
   17.670000000    1.689130926    1.669735229    1.516919245
   17.680000000    1.699400739    1.672945032    1.513333953
   17.690000000    1.702347444    1.672639942    1.516936596
   17.700000000    1.697600373    1.669124512    1.524962819
   17.710000000    1.685895956    1.662937103    1.532902754
   17.720000000    1.669532605    1.654639672    1.536773674
   17.730000000    1.652344487    1.645109584    1.535329389
   17.740000000    1.638214592    1.635578821    1.530770255
   17.750000000    1.629275740    1.627223341    1.527188857
   17.760000000    1.625579254    1.620786197    1.528071807
   17.770000000    1.626217420    1.616817988    1.535024048
   17.780000000    1.630596320    1.616324105    1.548084042
   17.790000000    1.638874333    1.620773628    1.566201427
   17.800000000    1.651593674    1.631253051    1.587048317
   17.810000000    1.669198226    1.647738102    1.607070233
   17.820000000    1.691611888    1.669189039    1.622715874
   17.830000000    1.717593652    1.694152727    1.632141053
   17.840000000    1.743905639    1.720594627    1.635673368
   17.850000000    1.765295222    1.744964772    1.634792881
   17.860000000    1.776527258    1.762540183    1.630962208
   17.870000000    1.775285489    1.769697694    1.625071020
   17.880000000    1.763012091    1.765937425    1.617581544
   17.890000000    1.743282798    1.753870823    1.609325259
   17.900000000    1.719605286    1.737461130    1.601604447
   17.910000000    1.693899459    1.719622904    1.594749017
   17.920000000    1.666438350    1.701066710    1.587435992
   17.930000000    1.637252089    1.681401983    1.578262473
   17.940000000    1.607374876    1.660643417    1.567115836
   17.950000000    1.578976493    1.639654742    1.554956191
   17.960000000    1.554858648    1.620120668    1.543861066
   17.970000000    1.537420317    1.604106631    1.537251964
   17.980000000    1.527425924    1.592995298    1.538319339
   17.990000000    1.523452201    1.586401726    1.547568141
   18.000000000    1.522377404    1.582000752    1.561985160
   18.010000000    1.520758794    1.576741607    1.576405800
   18.020000000    1.516518074    1.568726953    1.585863297
   18.030000000    1.509902372    1.558370738    1.587398568
   18.040000000    1.502772752    1.547763347    1.580496367
   18.050000000    1.496949896    1.538913093    1.566424812
   18.060000000    1.493379330    1.532820629    1.547277876
   18.070000000    1.492323839    1.529700347    1.525228260
   18.080000000    1.493839526    1.529370135    1.502359352
   18.090000000    1.498213043    1.531480868    1.480879833
   18.100000000    1.505868579    1.535532816    1.463015463
   18.110000000    1.516322465    1.540337457    1.450264439
   18.120000000    1.527305672    1.543699571    1.442728492
   18.130000000    1.535606387    1.543607501    1.439518376
   18.140000000    1.538875916    1.539560244    1.439607463
   18.150000000    1.536715224    1.532413778    1.442087707
   18.160000000    1.530754973    1.523765019    1.446198662
   18.170000000    1.523838271    1.515510548    1.451444211
   18.180000000    1.518813506    1.509325347    1.457308784
   18.190000000    1.517790915    1.506415397    1.462865780
   18.200000000    1.521892492    1.507530548    1.466952359
   18.210000000    1.530930313    1.512549003    1.468512779
   18.220000000    1.542830391    1.519619679    1.466658889
   18.230000000    1.553488582    1.525097947    1.460946450
   18.240000000    1.558432048    1.525517841    1.452159321
   18.250000000    1.556095526    1.520531301    1.442709275
   18.260000000    1.549231178    1.513440855    1.435894473
   18.270000000    1.542649755    1.508632514    1.434711422
   18.280000000    1.540044413    1.509078087    1.440898227
   18.290000000    1.542419532    1.515616806    1.454069509
   18.300000000    1.548472914    1.527231894    1.471582118
   18.310000000    1.556381792    1.541924146    1.490006608
   18.320000000    1.565222094    1.557764590    1.507173218
   18.330000000    1.574667306    1.573126022    1.522908090
   18.340000000    1.584156141    1.586463028    1.538418911
   18.350000000    1.593256450    1.597030370    1.555340587
   18.360000000    1.602765427    1.606015925    1.574587180
   18.370000000    1.614683620    1.616125541    1.595819064
   18.380000000    1.630708935    1.629425565    1.618291917
   18.390000000    1.650872848    1.645556310    1.641525597
   18.400000000    1.673530238    1.662348676    1.664832213
   18.410000000    1.696574598    1.678232996    1.686974510
   18.420000000    1.718632478    1.693265972    1.706712780
   18.430000000    1.738677111    1.707204345    1.723245845
   18.440000000    1.754795281    1.717461534    1.735990799
   18.450000000    1.764457229    1.720107170    1.744405061
   18.460000000    1.766376017    1.713046822    1.748441483
   18.470000000    1.761474875    1.698020938    1.748857717
   18.480000000    1.751966998    1.679556786    1.746487806
   18.490000000    1.740182803    1.662159661    1.741808379
   18.500000000    1.728219826    1.648580936    1.735865678
   18.510000000    1.717985513    1.640195887    1.730571627
   18.520000000    1.710804658    1.637678679    1.727260014
   18.530000000    1.706504332    1.640670258    1.725701803
   18.540000000    1.702931401    1.647307469    1.725169573
   18.550000000    1.696750845    1.654628138    1.725936124
   18.560000000    1.685474745    1.659905192    1.729183085
   18.570000000    1.669337970    1.662167082    1.735761821
   18.580000000    1.651450440    1.662827434    1.745662346
   18.590000000    1.636326019    1.664971699    1.758555999
   18.600000000    1.627869171    1.671598012    1.774092631
   18.610000000    1.627899934    1.683740025    1.791503014
   18.620000000    1.635946035    1.699844044    1.808866011
   18.630000000    1.649947518    1.716764051    1.822457073
   18.640000000    1.666811288    1.731126660    1.827646291
   18.650000000    1.682879749    1.740236372    1.821651026
   18.660000000    1.695101084    1.742887206    1.805413531
   18.670000000    1.702222865    1.739832320    1.782560723
   18.680000000    1.704701697    1.733107097    1.756627136
   18.690000000    1.703630856    1.724604887    1.728977078
   18.700000000    1.699766003    1.715057681    1.699045507
   18.710000000    1.693273258    1.704232976    1.666425011
   18.720000000    1.684335039    1.692277148    1.632290772
   18.730000000    1.673651797    1.680547666    1.598524892
   18.740000000    1.661871426    1.670608248    1.566307697
   18.750000000    1.648866330    1.662585867    1.536192047
   18.760000000    1.634199024    1.655031842    1.508864213
   18.770000000    1.618237230    1.646701361    1.485485109
   18.780000000    1.602520490    1.638308111    1.467618783
   18.790000000    1.589244666    1.632331060    1.457007318
   18.800000000    1.580410438    1.631179593    1.454790694
   18.810000000    1.576850767    1.635275159    1.459879008
   18.820000000    1.577540372    1.642267575    1.468144499
   18.830000000    1.579802516    1.647862065    1.474235197
   18.840000000    1.580562093    1.648040793    1.474577345
   18.850000000    1.577944893    1.641308641    1.468701118
   18.860000000    1.572408728    1.629340477    1.458410728
   18.870000000    1.566638380    1.615745357    1.446200043
   18.880000000    1.563989794    1.604171916    1.434347334
   18.890000000    1.566648229    1.597103260    1.424830892
   18.900000000    1.574960028    1.595669666    1.419298546
   18.910000000    1.588008224    1.599936537    1.418910905
   18.920000000    1.604456453    1.609143621    1.424141765
   18.930000000    1.623153977    1.622123193    1.434744331
   18.940000000    1.643280031    1.637987707    1.450040879
   18.950000000    1.663859116    1.656380062    1.469087383
   18.960000000    1.683347879    1.676801340    1.490351929
   18.970000000    1.700122022    1.697846036    1.511697613
   18.980000000    1.713382923    1.717487095    1.531556734
   18.990000000    1.723490767    1.734122182    1.550141125
   19.000000000    1.731625538    1.747253938    1.568730925
   19.010000000    1.739212406    1.757232009    1.587955614
   19.020000000    1.747165314    1.764293731    1.607153207
   19.030000000    1.755085277    1.767891611    1.624403612
   19.040000000    1.761016046    1.767043238    1.636835509
   19.050000000    1.762068580    1.761049415    1.641731495
   19.060000000    1.755718746    1.749677428    1.637594907
   19.070000000    1.741084868    1.732969529    1.624522148
   19.080000000    1.719247734    1.711203841    1.604176116
   19.090000000    1.692486951    1.685162018    1.579187487
   19.100000000    1.663342707    1.656450509    1.552435012
   19.110000000    1.634289209    1.627329881    1.526804895
   19.120000000    1.607954290    1.600210195    1.505038724
   19.130000000    1.587260520    1.577514186    1.489522267
   19.140000000    1.574987621    1.561710041    1.482005459
   19.150000000    1.572887365    1.554751916    1.483192988
   19.160000000    1.581057141    1.557214985    1.492633525
   19.170000000    1.597960211    1.568029458    1.509122046
   19.180000000    1.620748903    1.584842894    1.531133848
   19.190000000    1.645614209    1.604557266    1.556504976
   19.200000000    1.668583482    1.624087000    1.581777322
   19.210000000    1.686902441    1.641381264    1.602742671
   19.220000000    1.700011754    1.656083711    1.616319863
   19.230000000    1.709120858    1.669122329    1.622110617
   19.240000000    1.715644637    1.681508612    1.622335315
   19.250000000    1.720140445    1.693516160    1.620146546
   19.260000000    1.722890536    1.704892538    1.617697899
   19.270000000    1.724851029    1.715390577    1.615750285
   19.280000000    1.727336390    1.724613349    1.614348809
   19.290000000    1.731104202    1.731664363    1.612897872
   19.300000000    1.736150857    1.735671236    1.609984948
   19.310000000    1.742202196    1.736796872    1.604359528
   19.320000000    1.748922992    1.736295309    1.596230924
   19.330000000    1.755328091    1.735160086    1.587016186
   19.340000000    1.759443072    1.732830604    1.578176034
   19.350000000    1.759389692    1.727726152    1.570881094
   19.360000000    1.754857237    1.718885349    1.565839034
   19.370000000    1.746935659    1.706484346    1.562200168
   19.380000000    1.736701202    1.691313996    1.557291084
   19.390000000    1.724753121    1.674666830    1.548316686
   19.400000000    1.712116291    1.658651851    1.534354338
   19.410000000    1.700792689    1.645997198    1.516924008
   19.420000000    1.692889987    1.638993085    1.498710050
   19.430000000    1.689283985    1.638242457    1.481457535
   19.440000000    1.689176796    1.642301273    1.465059425
   19.450000000    1.691005269    1.648827516    1.448660726
   19.460000000    1.693735586    1.656264658    1.432244679
   19.470000000    1.696963170    1.664254356    1.416914694
   19.480000000    1.700076962    1.672643292    1.403987027
   19.490000000    1.701773258    1.680422619    1.394151771
   19.500000000    1.700577682    1.685987967    1.387594218
   19.510000000    1.696076626    1.688701160    1.384626001
   19.520000000    1.689322836    1.689667268    1.385616247
   19.530000000    1.681851502    1.690632762    1.390343737
   19.540000000    1.674849477    1.692583945    1.397853235
   19.550000000    1.669449318    1.695702381    1.407150277
   19.560000000    1.667339506    1.700380103    1.417929211
   19.570000000    1.670644063    1.707770289    1.430108482
   19.580000000    1.681150033    1.719234103    1.442919866
   19.590000000    1.699761438    1.735467173    1.455376096
   19.600000000    1.726350678    1.756040712    1.467267161
   19.610000000    1.759264838    1.779240409    1.478930220
   19.620000000    1.794845403    1.802202794    1.490641120
   19.630000000    1.828339690    1.821866964    1.502782966
   19.640000000    1.856169118    1.836582669    1.515873580
   19.650000000    1.877643995    1.847050579    1.529920388
   19.660000000    1.894462908    1.855595856    1.544132779
   19.670000000    1.908836025    1.864657430    1.557589998
   19.680000000    1.922471931    1.876119690    1.570244513
   19.690000000    1.937047712    1.891755055    1.583129701
   19.700000000    1.954448781    1.913304247    1.597276783
   19.710000000    1.975728506    1.941169700    1.612616148
   19.720000000    2.000053136    1.973185928    1.628354477
   19.730000000    2.024772506    2.005166548    1.644038358
   19.740000000    2.046528577    2.032694031    1.659551593
   19.750000000    2.063022100    2.052950930    1.674611581
   19.760000000    2.074175812    2.065720594    1.688764527
   19.770000000    2.081592916    2.073001864    1.700916852
   19.780000000    2.087209236    2.077766149    1.708724048
   19.790000000    2.092188497    2.082436213    1.709425685
   19.800000000    2.095896124    2.087210311    1.701353506
   19.810000000    2.095507114    2.089580363    1.684616819
   19.820000000    2.087486665    2.086035470    1.661041238
   19.830000000    2.070148766    2.074418581    1.633736249
   19.840000000    2.045206165    2.055337504    1.606481676
   19.850000000    2.017437214    2.032584196    1.583316964
   19.860000000    1.992747924    2.012194263    1.568008302
   19.870000000    1.975622137    1.999795888    1.562669138
   19.880000000    1.967426861    1.997919674    1.566591658
   19.890000000    1.966731167    2.005612331    1.577006622
   19.900000000    1.971172728    2.020239216    1.591024050
   19.910000000    1.979058183    2.039434705    1.606638637
   19.920000000    1.989518373    2.061696171    1.622555032
   19.930000000    2.001475261    2.085308782    1.637990431
   19.940000000    2.012678077    2.106986873    1.652465092
   19.950000000    2.019946143    2.122247847    1.664941993
   19.960000000    2.020829723    2.127678087    1.673809300
   19.970000000    2.015541840    2.123294347    1.678939337
   19.980000000    2.007030723    2.112609936    1.682861987
   19.990000000    1.998582148    2.099742376    1.688698112
   20.000000000    1.991529192    2.086648606    1.697268431
   20.010000000    1.985679404    2.073474044    1.706137741
   20.020000000    1.981017640    2.060318138    1.711218717
   20.030000000    1.977911338    2.047532539    1.710217622
   20.040000000    1.976437510    2.035445619    1.705112926
   20.050000000    1.976891427    2.025366471    1.701020863
