# energy grid [eV]     epsi_x  epsi_y  epsi_z
#
    0.050000000    0.001363817    0.001375717    0.001403944
    0.060000000    0.001637003    0.001651297    0.001685155
    0.070000000    0.001910419    0.001927115    0.001966596
    0.080000000    0.002184105    0.002203212    0.002248306
    0.090000000    0.002458100    0.002479627    0.002530325
    0.100000000    0.002732442    0.002756402    0.002812691
    0.110000000    0.003007171    0.003033576    0.003095443
    0.120000000    0.003282326    0.003311190    0.003378620
    0.130000000    0.003557948    0.003589286    0.003662263
    0.140000000    0.003834075    0.003867906    0.003946412
    0.150000000    0.004110749    0.004147089    0.004231106
    0.160000000    0.004388010    0.004426880    0.004516386
    0.170000000    0.004665898    0.004707319    0.004802292
    0.180000000    0.004944455    0.004988450    0.005088867
    0.190000000    0.005223723    0.005270315    0.005376151
    0.200000000    0.005503744    0.005552959    0.005664185
    0.210000000    0.005784559    0.005836425    0.005953014
    0.220000000    0.006066212    0.006120758    0.006242679
    0.230000000    0.006348747    0.006406002    0.006533223
    0.240000000    0.006632206    0.006692203    0.006824690
    0.250000000    0.006916635    0.006979408    0.007117124
    0.260000000    0.007202078    0.007267662    0.007410571
    0.270000000    0.007488581    0.007557014    0.007705075
    0.280000000    0.007776190    0.007847511    0.008000681
    0.290000000    0.008064952    0.008139201    0.008297438
    0.300000000    0.008354914    0.008432135    0.008595392
    0.310000000    0.008646124    0.008726362    0.008894590
    0.320000000    0.008938631    0.009021933    0.009195082
    0.330000000    0.009232485    0.009318900    0.009496917
    0.340000000    0.009527736    0.009617316    0.009800145
    0.350000000    0.009824436    0.009917234    0.010104816
    0.360000000    0.010122637    0.010218709    0.010410984
    0.370000000    0.010422392    0.010521796    0.010718700
    0.380000000    0.010723755    0.010826552    0.011028018
    0.390000000    0.011026780    0.011133035    0.011338994
    0.400000000    0.011331526    0.011441303    0.011651681
    0.410000000    0.011638047    0.011751417    0.011966139
    0.420000000    0.011946404    0.012063436    0.012282423
    0.430000000    0.012256654    0.012377425    0.012600594
    0.440000000    0.012568860    0.012693447    0.012920711
    0.450000000    0.012883084    0.013011567    0.013242836
    0.460000000    0.013199387    0.013331852    0.013567032
    0.470000000    0.013517836    0.013654370    0.013893362
    0.480000000    0.013838497    0.013979191    0.014221893
    0.490000000    0.014161437    0.014306386    0.014552692
    0.500000000    0.014486726    0.014636028    0.014885826
    0.510000000    0.014814434    0.014968193    0.015221367
    0.520000000    0.015144634    0.015302957    0.015559386
    0.530000000    0.015477401    0.015640399    0.015899955
    0.540000000    0.015812811    0.015980600    0.016243152
    0.550000000    0.016150942    0.016323642    0.016589053
    0.560000000    0.016491874    0.016669612    0.016937737
    0.570000000    0.016835690    0.017018595    0.017289285
    0.580000000    0.017182474    0.017370683    0.017643781
    0.590000000    0.017532312    0.017725967    0.018001310
    0.600000000    0.017885294    0.018084542    0.018361960
    0.610000000    0.018241511    0.018446506    0.018725821
    0.620000000    0.018601057    0.018811959    0.019092986
    0.630000000    0.018964029    0.019181005    0.019463550
    0.640000000    0.019330526    0.019553750    0.019837611
    0.650000000    0.019700651    0.019930304    0.020215270
    0.660000000    0.020074509    0.020310781    0.020596630
    0.670000000    0.020452209    0.020695296    0.020981799
    0.680000000    0.020833862    0.021083970    0.021370886
    0.690000000    0.021219585    0.021476927    0.021764005
    0.700000000    0.021609494    0.021874295    0.022161273
    0.710000000    0.022003714    0.022276207    0.022562809
    0.720000000    0.022402371    0.022682800    0.022968740
    0.730000000    0.022805594    0.023094215    0.023379191
    0.740000000    0.023213520    0.023510597    0.023794297
    0.750000000    0.023626288    0.023932099    0.024214194
    0.760000000    0.024044040    0.024358877    0.024639023
    0.770000000    0.024466927    0.024791092    0.025068930
    0.780000000    0.024895102    0.025228914    0.025504066
    0.790000000    0.025328725    0.025672515    0.025944588
    0.800000000    0.025767960    0.026122076    0.026390657
    0.810000000    0.026212978    0.026577785    0.026842440
    0.820000000    0.026663956    0.027039836    0.027300112
    0.830000000    0.027121078    0.027508429    0.027763851
    0.840000000    0.027584533    0.027983775    0.028233844
    0.850000000    0.028054519    0.028466091    0.028710285
    0.860000000    0.028531241    0.028955604    0.029193373
    0.870000000    0.029014910    0.029452548    0.029683316
    0.880000000    0.029505749    0.029957168    0.030180332
    0.890000000    0.030003986    0.030469720    0.030684643
    0.900000000    0.030509859    0.030990468    0.031196484
    0.910000000    0.031023618    0.031519691    0.031716097
    0.920000000    0.031545519    0.032057675    0.032243735
    0.930000000    0.032075833    0.032604723    0.032779659
    0.940000000    0.032614838    0.033161148    0.033324146
    0.950000000    0.033162826    0.033727279    0.033877478
    0.960000000    0.033720103    0.034303459    0.034439954
    0.970000000    0.034286984    0.034890047    0.035011883
    0.980000000    0.034863802    0.035487417    0.035593590
    0.990000000    0.035450902    0.036095963    0.036185411
    1.000000000    0.036048646    0.036716096    0.036787701
    1.010000000    0.036657412    0.037348246    0.037400828
    1.020000000    0.037277595    0.037992867    0.038025177
    1.030000000    0.037909608    0.038650432    0.038661154
    1.040000000    0.038553885    0.039321441    0.039309179
    1.050000000    0.039210881    0.040006416    0.039969698
    1.060000000    0.039881070    0.040705908    0.040643173
    1.070000000    0.040564952    0.041420496    0.041330092
    1.080000000    0.041263051    0.042150790    0.042030966
    1.090000000    0.041975919    0.042897432    0.042746334
    1.100000000    0.042704134    0.043661101    0.043476758
    1.110000000    0.043448305    0.044442511    0.044222833
    1.120000000    0.044209073    0.045242417    0.044985184
    1.130000000    0.044987113    0.046061618    0.045764470
    1.140000000    0.045783136    0.046900958    0.046561383
    1.150000000    0.046597895    0.047761330    0.047376656
    1.160000000    0.047432181    0.048643682    0.048211061
    1.170000000    0.048286832    0.049549019    0.049065415
    1.180000000    0.049162734    0.050478406    0.049940580
    1.190000000    0.050060823    0.051432976    0.050837470
    1.200000000    0.050982092    0.052413934    0.051757051
    1.210000000    0.051927595    0.053422563    0.052700350
    1.220000000    0.052898447    0.054460230    0.053668453
    1.230000000    0.053895835    0.055528392    0.054662516
    1.240000000    0.054921019    0.056628607    0.055683767
    1.250000000    0.055975340    0.057762540    0.056733511
    1.260000000    0.057060229    0.058931971    0.057813140
    1.270000000    0.058177208    0.060138810    0.058924137
    1.280000000    0.059327905    0.061385107    0.060068086
    1.290000000    0.060514058    0.062673060    0.061246679
    1.300000000    0.061737526    0.064005038    0.062461724
    1.310000000    0.063000302    0.065383589    0.063715159
    1.320000000    0.064304522    0.066811463    0.065009063
    1.330000000    0.065652481    0.068291631    0.066345665
    1.340000000    0.067046644    0.069827305    0.067727364
    1.350000000    0.068489669    0.071421965    0.069156739
    1.360000000    0.069984418    0.073079390    0.070636574
    1.370000000    0.071533985    0.074803683    0.072169871
    1.380000000    0.073141713    0.076599316    0.073759874
    1.390000000    0.074811226    0.078471163    0.075410099
    1.400000000    0.076546452    0.080424551    0.077124356
    1.410000000    0.078351664    0.082465315    0.078906782
    1.420000000    0.080231512    0.084599853    0.080761881
    1.430000000    0.082191068    0.086835198    0.082694559
    1.440000000    0.084235876    0.089179103    0.084710176
    1.450000000    0.086372006    0.091640122    0.086814594
    1.460000000    0.088606120    0.094227729    0.089014239
    1.470000000    0.090945546    0.096952432    0.091316170
    1.480000000    0.093398360    0.099825921    0.093728158
    1.490000000    0.095973487    0.102861233    0.096258778
    1.500000000    0.098680815    0.106072953    0.098917511
    1.510000000    0.101531327    0.109477440    0.101714871
    1.520000000    0.104537255    0.113093101    0.104662543
    1.530000000    0.107712267    0.116940717    0.107773551
    1.540000000    0.111071679    0.121043827    0.111062452
    1.550000000    0.114632706    0.125429187    0.114545564
    1.560000000    0.118414775    0.130127329    0.118241235
    1.570000000    0.122439877    0.135173224    0.122170166
    1.580000000    0.126733007    0.140607099    0.126355789
    1.590000000    0.131322689    0.146475430    0.130824727
    1.600000000    0.136241614    0.152832157    0.135607341
    1.610000000    0.141527419    0.159740191    0.140738394
    1.620000000    0.147223642    0.167273284    0.146257857
    1.630000000    0.153380911    0.175518367    0.152211898
    1.640000000    0.160058417    0.184578500    0.158654091
    1.650000000    0.167325763    0.194576608    0.165646913
    1.660000000    0.175265302    0.205660259    0.173263616
    1.670000000    0.183975114    0.218007818    0.181590562
    1.680000000    0.193572822    0.231836437    0.190730171
    1.690000000    0.204200537    0.247412513    0.200804679
    1.700000000    0.216031308    0.265065488    0.211960946
    1.710000000    0.229277614    0.285206225    0.224376659
    1.720000000    0.244202641    0.308351658    0.238268422
    1.730000000    0.261135369    0.335158114    0.253902370
    1.740000000    0.280490918    0.366466643    0.271608222
    1.750000000    0.302798127    0.403364940    0.291798056
    1.760000000    0.328737018    0.447271942    0.314991561
    1.770000000    0.359189565    0.500052658    0.341850273
    1.780000000    0.395307559    0.564171020    0.373224219
    1.790000000    0.438600409    0.642884335    0.410215632
    1.800000000    0.491040406    0.740465524    0.454265714
    1.810000000    0.555165998    0.862387531    0.507271342
    1.820000000    0.634118467    1.015270021    0.571737232
    1.830000000    0.731442000    1.206080874    0.650960608
    1.840000000    0.850274069    1.439504372    0.749217505
    1.850000000    0.991311781    1.711742633    0.871843137
    1.860000000    1.149180303    1.999929506    1.024912252
    1.870000000    1.308913524    2.252991166    1.213832785
    1.880000000    1.448155240    2.402109728    1.439554405
    1.890000000    1.548379974    2.402193247    1.690922768
    1.900000000    1.603563277    2.268125393    1.934651148
    1.910000000    1.614025690    2.057601334    2.113968248
    1.920000000    1.580212767    1.826537788    2.173748390
    1.930000000    1.510824248    1.609442201    2.103212149
    1.940000000    1.428154696    1.424041636    1.946820978
    1.950000000    1.358068334    1.277993484    1.768224880
    1.960000000    1.318955646    1.172489550    1.614244540
    1.970000000    1.320229141    1.105292907    1.507356753
    1.980000000    1.365942167    1.073248766    1.454042558
    1.990000000    1.457568526    1.073523238    1.452971235
    2.000000000    1.593773479    1.103490643    1.497849977
    2.010000000    1.767264879    1.159574373    1.575538214
    2.020000000    1.961460652    1.236056459    1.663270846
    2.030000000    2.154026493    1.326237918    1.733159194
    2.040000000    2.331141785    1.427232048    1.769038893
    2.050000000    2.497186504    1.543248277    1.781446258
    2.060000000    2.660123130    1.680673981    1.800878241
    2.070000000    2.806780583    1.839393465    1.858196494
    2.080000000    2.903003735    2.011341821    1.972550271
    2.090000000    2.926822843    2.187862079    2.147563856
    2.100000000    2.895161167    2.361722812    2.366363044
    2.110000000    2.845892451    2.513508243    2.584087989
    2.120000000    2.801169726    2.602054710    2.731970112
    2.130000000    2.755216796    2.585817563    2.750050828
    2.140000000    2.685317100    2.458642059    2.628283104
    2.150000000    2.566245375    2.253286359    2.406568500
    2.160000000    2.387436564    2.014272076    2.139285682
    2.170000000    2.166834763    1.778379748    1.870677632
    2.180000000    1.941085300    1.569769510    1.629114219
    2.190000000    1.742290870    1.400023726    1.427774993
    2.200000000    1.587098284    1.271211605    1.268596555
    2.210000000    1.479973477    1.180509227    1.147665301
    2.220000000    1.419913797    1.123837844    1.059343141
    2.230000000    1.404948573    1.097761149    0.998407994
    2.240000000    1.433918386    1.100100124    0.960846961
    2.250000000    1.506082372    1.129727817    0.944018336
    2.260000000    1.618446138    1.185614530    0.946599880
    2.270000000    1.760317548    1.264987793    0.968500182
    2.280000000    1.906746447    1.361144063    1.010765245
    2.290000000    2.019122217    1.463602842    1.075396756
    2.300000000    2.063934996    1.564105524    1.164836317
    2.310000000    2.039759007    1.664810131    1.280618993
    2.320000000    1.979256152    1.777155624    1.420534341
    2.330000000    1.922481514    1.910211706    1.574461869
    2.340000000    1.894753825    2.061880060    1.722517352
    2.350000000    1.905343556    2.223078589    1.843102092
    2.360000000    1.956557577    2.390614356    1.930698391
    2.370000000    2.048080464    2.570019702    2.004373481
    2.380000000    2.170646426    2.758469004    2.094985918
    2.390000000    2.296580548    2.926336906    2.228567868
    2.400000000    2.381424534    3.022656431    2.421967006
    2.410000000    2.386435527    3.008883376    2.684364844
    2.420000000    2.308845819    2.893650150    3.011536132
    2.430000000    2.185246666    2.730125545    3.370074435
    2.440000000    2.063138464    2.579557503    3.684794407
    2.450000000    1.975971250    2.483121200    3.857992524
    2.460000000    1.939959748    2.459426508    3.833317668
    2.470000000    1.960988754    2.512092490    3.646061757
    2.480000000    2.038589692    2.632325268    3.392188190
    2.490000000    2.164905212    2.796055715    3.157107670
    2.500000000    2.322776135    2.965796422    2.978902831
    2.510000000    2.486746161    3.105259846    2.852970888
    2.520000000    2.626785010    3.194319591    2.755911458
    2.530000000    2.715936929    3.226298738    2.673321029
    2.540000000    2.746293228    3.202919927    2.613123327
    2.550000000    2.739445827    3.142197659    2.595311050
    2.560000000    2.730034635    3.074837864    2.632565481
    2.570000000    2.735362481    3.018486744    2.716900625
    2.580000000    2.742328123    2.960187531    2.816519702
    2.590000000    2.724562395    2.871661780    2.889062865
    2.600000000    2.674702588    2.744359231    2.912519371
    2.610000000    2.615167499    2.603096915    2.905613057
    2.620000000    2.574639795    2.483934284    2.909262527
    2.630000000    2.560023622    2.407838149    2.949398651
    2.640000000    2.549422763    2.373500505    3.014267412
    2.650000000    2.509482728    2.366520649    3.056063286
    2.660000000    2.424615833    2.375184277    3.020739839
    2.670000000    2.310044486    2.399558549    2.892381696
    2.680000000    2.195649912    2.443397465    2.705673031
    2.690000000    2.101735733    2.495675523    2.511977392
    2.700000000    2.029790613    2.522443326    2.344717396
    2.710000000    1.971490369    2.485238574    2.214845342
    2.720000000    1.924776022    2.375150748    2.124962398
    2.730000000    1.900340801    2.223106502    2.080491290
    2.740000000    1.914163850    2.074404900    2.089642732
    2.750000000    1.977641876    1.961804620    2.158486471
    2.760000000    2.091844715    1.898180848    2.286718520
    2.770000000    2.242341601    1.879576861    2.463510171
    2.780000000    2.393729796    1.888285049    2.664795235
    2.790000000    2.494368080    1.897536203    2.859729929
    2.800000000    2.503569002    1.884341177    3.028493955
    2.810000000    2.424061735    1.845341904    3.171901294
    2.820000000    2.299955126    1.798274201    3.293307510
    2.830000000    2.183163355    1.767554529    3.369256046
    2.840000000    2.108879377    1.771693788    3.348668725
    2.850000000    2.093781612    1.821106654    3.196457652
    2.860000000    2.142960476    1.920348696    2.935344732
    2.870000000    2.253637682    2.067810365    2.630547581
    2.880000000    2.413807039    2.251804999    2.343157614
    2.890000000    2.601120000    2.448286198    2.106743022
    2.900000000    2.790888312    2.629228825    1.931746550
    2.910000000    2.972028221    2.780240350    1.817232368
    2.920000000    3.149142094    2.904495628    1.759122577
    2.930000000    3.320456748    3.003741620    1.754017337
    2.940000000    3.460135425    3.066789552    1.800298795
    2.950000000    3.531835676    3.084865383    1.897741069
    2.960000000    3.517762291    3.067698216    2.045894408
    2.970000000    3.428016615    3.034820948    2.240770055
    2.980000000    3.287238629    2.996036978    2.469311502
    2.990000000    3.118666515    2.942820911    2.703459566
    3.000000000    2.937149433    2.855294765    2.900362858
    3.010000000    2.754412192    2.721479920    3.013335884
    3.020000000    2.586407692    2.552724008    3.009014922
    3.030000000    2.449565226    2.377515697    2.886532599
    3.040000000    2.350586970    2.223275787    2.685974664
    3.050000000    2.280845504    2.104966745    2.467536583
    3.060000000    2.221557431    2.025485406    2.280171281
    3.070000000    2.159800530    1.983930999    2.149739888
    3.080000000    2.101098174    1.983068680    2.084773029
    3.090000000    2.063536540    2.028934242    2.084850540
    3.100000000    2.062039613    2.124780485    2.144534311
    3.110000000    2.098697372    2.264424528    2.253215172
    3.120000000    2.161816096    2.426839394    2.395134188
    3.130000000    2.231730481    2.576024722    2.554420309
    3.140000000    2.291888559    2.673187311    2.721238064
    3.150000000    2.339553108    2.699370094    2.885731723
    3.160000000    2.389159315    2.670894412    3.022066940
    3.170000000    2.464639534    2.629648714    3.089990503
    3.180000000    2.584236642    2.615527156    3.067858019
    3.190000000    2.746509110    2.645549510    2.981356354
    3.200000000    2.922608240    2.709256406    2.888074164
    3.210000000    3.062417525    2.778602989    2.841051482
    3.220000000    3.123750995    2.831181254    2.870917938
    3.230000000    3.106542241    2.871550124    2.986163232
    3.240000000    3.051711381    2.926713655    3.174217817
    3.250000000    3.005727293    3.020204117    3.398130329
    3.260000000    2.991417099    3.150242918    3.600950977
    3.270000000    3.001818719    3.284746655    3.734399726
    3.280000000    3.011163059    3.377631893    3.796118204
    3.290000000    2.998134349    3.403099874    3.827740059
    3.300000000    2.964910716    3.378075503    3.871206805
    3.310000000    2.930502469    3.345507022    3.931538334
    3.320000000    2.906414136    3.337983271    3.972306083
    3.330000000    2.884246720    3.359194453    3.943358982
    3.340000000    2.848559312    3.394398486    3.823810005
    3.350000000    2.798199968    3.430942669    3.642926288
    3.360000000    2.748124870    3.460206181    3.461022446
    3.370000000    2.711830656    3.463369216    3.333793176
    3.380000000    2.690617613    3.414334996    3.289734449
    3.390000000    2.677114277    3.303602435    3.324299702
    3.400000000    2.658164332    3.146584722    3.400677786
    3.410000000    2.615548210    2.965708586    3.459854959
    3.420000000    2.538578505    2.779048663    3.450227669
    3.430000000    2.440014657    2.606638690    3.358486034
    3.440000000    2.350819828    2.471900236    3.204640049
    3.450000000    2.300201694    2.392649615    3.014441344
    3.460000000    2.303657150    2.374466235    2.810301067
    3.470000000    2.361844422    2.409906759    2.616209388
    3.480000000    2.462945574    2.481111104    2.455876391
    3.490000000    2.587716260    2.566812867    2.347205451
    3.500000000    2.719471127    2.651277818    2.300095563
    3.510000000    2.853004154    2.725642691    2.316753145
    3.520000000    2.992254471    2.783118062    2.391680713
    3.530000000    3.140119471    2.821506011    2.510236899
    3.540000000    3.290985751    2.848091103    2.648638386
    3.550000000    3.427273962    2.870388588    2.780507388
    3.560000000    3.519871363    2.880741000    2.888629533
    3.570000000    3.537936536    2.856376660    2.969627359
    3.580000000    3.471265193    2.780691138    3.025026312
    3.590000000    3.346303858    2.664724437    3.052586411
    3.600000000    3.210037240    2.541421667    3.047896451
    3.610000000    3.098104420    2.441221718    3.010831593
    3.620000000    3.020276136    2.377383287    2.955124862
    3.630000000    2.965252781    2.347241573    2.911752522
    3.640000000    2.914470878    2.341454748    2.915627434
    3.650000000    2.858334206    2.354887557    2.988366169
    3.660000000    2.801561976    2.390751918    3.129875914
    3.670000000    2.755076989    2.454476100    3.316927754
    3.680000000    2.727517471    2.544077156    3.507000967
    3.690000000    2.719047153    2.643341342    3.647898999
    3.700000000    2.717907794    2.723741740    3.692801741
    3.710000000    2.707528176    2.760761874    3.621944125
    3.720000000    2.677992499    2.751616612    3.457073581
    3.730000000    2.625685801    2.710997207    3.245975518
    3.740000000    2.548150932    2.653902387    3.030538992
    3.750000000    2.450826793    2.593087382    2.834929902
    3.760000000    2.353593292    2.545925743    2.675699235
    3.770000000    2.281344292    2.529797859    2.568171766
    3.780000000    2.250355192    2.549897405    2.522201269
    3.790000000    2.264727176    2.595647406    2.537609366
    3.800000000    2.321354530    2.649935200    2.602107063
    3.810000000    2.415553433    2.702319542    2.689043296
    3.820000000    2.541721608    2.753997953    2.760358007
    3.830000000    2.688720927    2.809409843    2.782947241
    3.840000000    2.836292654    2.862259782    2.746862607
    3.850000000    2.961321744    2.893584184    2.665139721
    3.860000000    3.051142556    2.887998098    2.562202012
    3.870000000    3.108206241    2.848840651    2.465493009
    3.880000000    3.141503481    2.793133672    2.399208004
    3.890000000    3.159305170    2.737502750    2.378644530
    3.900000000    3.171070469    2.694073863    2.407382512
    3.910000000    3.186500173    2.672369551    2.478421506
    3.920000000    3.207170439    2.677414770    2.580478252
    3.930000000    3.226560199    2.709542884    2.707544711
    3.940000000    3.243075066    2.770356624    2.861565630
    3.950000000    3.266406756    2.865795709    3.042405934
    3.960000000    3.304352914    2.998678804    3.236146051
    3.970000000    3.345621301    3.157120387    3.417566160
    3.980000000    3.361530440    3.310999664    3.568312948
    3.990000000    3.326436960    3.421541621    3.691008158
    4.000000000    3.237554831    3.460842388    3.806190475
    4.010000000    3.118817584    3.429967684    3.939624587
    4.020000000    3.007127564    3.360548052    4.104051771
    4.030000000    2.932518175    3.296849618    4.284421751
    4.040000000    2.904615018    3.270954029    4.442052048
    4.050000000    2.910067162    3.287772125    4.533084491
    4.060000000    2.922368518    3.327030188    4.527051106
    4.070000000    2.919900165    3.357350689    4.422468776
    4.080000000    2.898315303    3.353831832    4.249489753
    4.090000000    2.869633993    3.313404862    4.055638723
    4.100000000    2.852439381    3.256709487    3.886699301
    4.110000000    2.857177816    3.208500141    3.768092998
    4.120000000    2.875733592    3.176374075    3.695735571
    4.130000000    2.887842751    3.152145923    3.646457558
    4.140000000    2.882885788    3.132822961    3.598660521
    4.150000000    2.874196956    3.134559564    3.541031962
    4.160000000    2.888169490    3.182813294    3.470279676
    4.170000000    2.942944640    3.292566565    3.395587079
    4.180000000    3.039145103    3.457027533    3.340041343
    4.190000000    3.164226906    3.648607320    3.326294353
    4.200000000    3.299114443    3.830292765    3.362528259
    4.210000000    3.421706245    3.972084912    3.440483940
    4.220000000    3.512040909    4.061169829    3.537861550
    4.230000000    3.560105358    4.098553879    3.621152700
    4.240000000    3.569020567    4.089061838    3.656184627
    4.250000000    3.550801059    4.037348533    3.627179870
    4.260000000    3.517134153    3.947109994    3.545864154
    4.270000000    3.471136800    3.817762964    3.438928109
    4.280000000    3.408349999    3.648630324    3.332609268
    4.290000000    3.323551591    3.448911236    3.247779757
    4.300000000    3.213610155    3.236301691    3.195647495
    4.310000000    3.079085461    3.028312487    3.173277843
    4.320000000    2.930159453    2.840789732    3.169263372
    4.330000000    2.789816070    2.690422312    3.177728211
    4.340000000    2.685618277    2.592067347    3.205084507
    4.350000000    2.637349344    2.552947342    3.264130182
    4.360000000    2.650902061    2.569498141    3.368099693
    4.370000000    2.718133092    2.628228131    3.525999028
    4.380000000    2.819430697    2.709451339    3.729646080
    4.390000000    2.930146454    2.791220847    3.939707019
    4.400000000    3.031862082    2.852939292    4.091662725
    4.410000000    3.120381334    2.882488316    4.131721987
    4.420000000    3.200878187    2.884092163    4.056431395
    4.430000000    3.276713286    2.876124067    3.909501213
    4.440000000    3.346379331    2.879178957    3.739266262
    4.450000000    3.410075527    2.907571628    3.569236491
    4.460000000    3.475283276    2.969270507    3.403342175
    4.470000000    3.557154351    3.069632296    3.246135553
    4.480000000    3.674132754    3.211900528    3.113672523
    4.490000000    3.834382672    3.388832142    3.025837614
    4.500000000    4.018659138    3.572012470    2.993035449
    4.510000000    4.178831057    3.714456117    3.012128996
    4.520000000    4.262578657    3.772528597    3.070840515
    4.530000000    4.247486043    3.733884974    3.153824664
    4.540000000    4.150126122    3.625318755    3.248336796
    4.550000000    4.003095914    3.490590835    3.348647125
    4.560000000    3.833694522    3.364073981    3.455640157
    4.570000000    3.665608797    3.265244811    3.571795188
    4.580000000    3.525040473    3.205563179    3.695784470
    4.590000000    3.432859394    3.189030755    3.817017431
    4.600000000    3.393042506    3.207158088    3.913883403
    4.610000000    3.391514243    3.240254500    3.963502581
    4.620000000    3.405775522    3.268734495    3.958053329
    4.630000000    3.417189790    3.283761438    3.910501969
    4.640000000    3.414605406    3.284073061    3.840239134
    4.650000000    3.390023891    3.267095050    3.757372914
    4.660000000    3.336676416    3.229286163    3.663792620
    4.670000000    3.251850602    3.171364366    3.559675243
    4.680000000    3.142679367    3.101179722    3.445757666
    4.690000000    3.028642794    3.033907878    3.326910089
    4.700000000    2.933872455    2.987561872    3.215933382
    4.710000000    2.875302467    2.975327790    3.129703377
    4.720000000    2.858472747    3.001936425    3.079615540
    4.730000000    2.883212721    3.066827512    3.064843179
    4.740000000    2.951024851    3.168236757    3.073962560
    4.750000000    3.065800464    3.301580655    3.097008162
    4.760000000    3.229128581    3.456000334    3.138151514
    4.770000000    3.436415219    3.619150322    3.212985566
    4.780000000    3.675025287    3.787582482    3.334920601
    4.790000000    3.923936214    3.967668863    3.508674588
    4.800000000    4.159974935    4.165457856    3.731705828
    4.810000000    4.369320395    4.377310387    3.990980942
    4.820000000    4.549796024    4.586073013    4.256787001
    4.830000000    4.702990520    4.767383218    4.491121325
    4.840000000    4.829392336    4.905068891    4.669140614
    4.850000000    4.926755142    4.995701401    4.785607168
    4.860000000    4.989276589    5.040117150    4.844356715
    4.870000000    5.013913467    5.044446760    4.859165798
    4.880000000    5.008489026    5.027755499    4.863003081
    4.890000000    4.987105818    5.015302803    4.901312151
    4.900000000    4.958087642    5.022799336    5.008701566
    4.910000000    4.921477431    5.050945659    5.187126697
    4.920000000    4.875000296    5.089783174    5.396329882
    4.930000000    4.816452692    5.122718985    5.561059000
    4.940000000    4.741566854    5.129817152    5.605555307
    4.950000000    4.646247147    5.093968391    5.504483917
    4.960000000    4.534873405    5.010273802    5.301140706
    4.970000000    4.423615983    4.893540907    5.073578629
    4.980000000    4.333270700    4.776442541    4.891821217
    4.990000000    4.280459907    4.697201817    4.797105826
    5.000000000    4.273503328    4.683369665    4.796466927
    5.010000000    4.309647800    4.740362664    4.867470126
    5.020000000    4.375927141    4.851804820    4.975379642
    5.030000000    4.458171281    4.990288757    5.090744383
    5.040000000    4.548236938    5.125809499    5.187503677
    5.050000000    4.643397998    5.229897408    5.233581829
    5.060000000    4.746596003    5.288725839    5.202962207
    5.070000000    4.864416697    5.315030794    5.099045767
    5.080000000    4.996649515    5.336819272    4.955393960
    5.090000000    5.133058763    5.377312170    4.811699195
    5.100000000    5.268446200    5.451187666    4.693901921
    5.110000000    5.416852031    5.570563971    4.612616132
    5.120000000    5.605799214    5.746284245    4.570158217
    5.130000000    5.855775388    5.981079380    4.565262709
    5.140000000    6.159418091    6.255582614    4.589455839
    5.150000000    6.476246740    6.522786284    4.622556949
    5.160000000    6.750413117    6.724477848    4.640665604
    5.170000000    6.941068472    6.819526373    4.632640448
    5.180000000    7.042361591    6.805250710    4.608841492
    5.190000000    7.072936049    6.713199381    4.592186782
    5.200000000    7.049157128    6.580669065    4.601282139
    5.210000000    6.974969356    6.428443756    4.644311413
    5.220000000    6.852128194    6.263286487    4.722811016
    5.230000000    6.692164421    6.091345181    4.832516589
    5.240000000    6.519626463    5.923517615    4.963152267
    5.250000000    6.363872586    5.771573813    5.102605036
    5.260000000    6.244850913    5.643660855    5.239199393
    5.270000000    6.168003105    5.544287559    5.361895957
    5.280000000    6.135636761    5.479388610    5.468895099
    5.290000000    6.160803782    5.461921889    5.577639690
    5.300000000    6.261131840    5.506786404    5.713629640
    5.310000000    6.438798631    5.617480968    5.884030346
    5.320000000    6.671448782    5.780469476    6.064438924
    5.330000000    6.917169637    5.969043527    6.211380491
    5.340000000    7.124586134    6.149380783    6.291979321
    5.350000000    7.250183219    6.291722690    6.306489831
    5.360000000    7.281384301    6.388279082    6.283793786
    5.370000000    7.246906498    6.464160902    6.259458100
    5.380000000    7.200603255    6.566886916    6.261023497
    5.390000000    7.191189253    6.739545922    6.305354014
    5.400000000    7.242860036    6.997831003    6.395163303
    5.410000000    7.355920997    7.325693203    6.517346480
    5.420000000    7.519682692    7.689861657    6.654463341
    5.430000000    7.727090544    8.060394274    6.801914597
    5.440000000    7.979724795    8.422585852    6.974549033
    5.450000000    8.278749976    8.776869501    7.196547468
    5.460000000    8.610973231    9.127822059    7.485142309
    5.470000000    8.945196129    9.468908778    7.840364727
    5.480000000    9.240216838    9.772146649    8.239511923
    5.490000000    9.453377821    9.987520826    8.639360687
    5.500000000    9.551874010   10.064350939    8.992277594
    5.510000000    9.529243394    9.989469619    9.266377732
    5.520000000    9.413581443    9.805566958    9.460558659
    5.530000000    9.255124260    9.585806919    9.604578329
    5.540000000    9.099526094    9.389105214    9.734399146
    5.550000000    8.972345132    9.240769548    9.873743384
    5.560000000    8.883242967    9.142814676   10.044835225
    5.570000000    8.830841907    9.085495618   10.278194125
    5.580000000    8.801823362    9.050837112   10.603358010
    5.590000000    8.775183747    9.017482971   11.031360542
    5.600000000    8.733608682    8.968394215   11.537388851
    5.610000000    8.675163929    8.898336916   12.062886557
    5.620000000    8.618976271    8.822451851   12.549888338
    5.630000000    8.596266311    8.775817477   12.974062777
    5.640000000    8.628239832    8.792734387   13.345216808
    5.650000000    8.705511607    8.877193958   13.685324327
    5.660000000    8.782485262    8.988267719   13.997632731
    5.670000000    8.801442181    9.061830159   14.253256565
    5.680000000    8.734717345    9.056023590   14.418841848
    5.690000000    8.600627897    8.973125381   14.487258213
    5.700000000    8.443955836    8.846823215   14.470354596
    5.710000000    8.311146783    8.723734133   14.378528149
    5.720000000    8.233149744    8.645774255   14.220274804
    5.730000000    8.214672951    8.632904013   14.012936224
    5.740000000    8.235362023    8.679825406   13.782140145
    5.750000000    8.264783160    8.765797272   13.549484120
    5.760000000    8.281135306    8.863422112   13.330258225
    5.770000000    8.278039993    8.940261657   13.137795826
    5.780000000    8.257227334    8.960973478   12.973863883
    5.790000000    8.224378118    8.902723741   12.820785184
    5.800000000    8.193572098    8.774894578   12.657323525
    5.810000000    8.183513026    8.614709122   12.480978705
    5.820000000    8.203437381    8.461169361   12.307196379
    5.830000000    8.245322939    8.336835614   12.143972986
    5.840000000    8.288650857    8.246621714   11.971193252
    5.850000000    8.310799376    8.184292570   11.756474396
    5.860000000    8.295671031    8.140044470   11.491434403
    5.870000000    8.241343706    8.108090079   11.204433482
    5.880000000    8.166622985    8.091797811   10.935708490
    5.890000000    8.103213601    8.099278817   10.701717761
    5.900000000    8.074259053    8.132481993   10.491646048
    5.910000000    8.083042462    8.182417071   10.298320907
    5.920000000    8.120167704    8.233058705   10.138459406
    5.930000000    8.173429325    8.268054091   10.037779714
    5.940000000    8.230694674    8.276771968   10.004833211
    5.950000000    8.279911457    8.255728908   10.023331887
    5.960000000    8.311532668    8.206054960   10.064227264
    5.970000000    8.323439436    8.134249848   10.106089707
    5.980000000    8.318357284    8.052134850   10.150753315
    5.990000000    8.290664185    7.966933132   10.216114796
    6.000000000    8.221852131    7.871631714   10.308286799
    6.010000000    8.099452383    7.753287619   10.408647426
    6.020000000    7.934915906    7.608718500   10.491170543
    6.030000000    7.753922730    7.444664178   10.539988748
    6.040000000    7.580557499    7.271413346   10.549078675
    6.050000000    7.437229810    7.105157030   10.518419902
    6.060000000    7.346692230    6.968587337   10.454390198
    6.070000000    7.326481024    6.884054719   10.368063679
    6.080000000    7.383029405    6.867527928   10.270625216
    6.090000000    7.510637140    6.927219682   10.173277156
    6.100000000    7.695311392    7.065085729   10.092975626
    6.110000000    7.917683187    7.274952169   10.050217729
    6.120000000    8.151905869    7.535778740   10.055187843
    6.130000000    8.367167453    7.809574007   10.095211250
    6.140000000    8.534239380    8.050892681   10.134811195
    6.150000000    8.636241857    8.225819758   10.140429542
    6.160000000    8.678365463    8.327580762   10.115023753
    6.170000000    8.684475357    8.375022547   10.098326370
    6.180000000    8.683291604    8.398550930   10.127366370
    6.190000000    8.697387029    8.426212792   10.207021723
    6.200000000    8.738684221    8.475825505   10.320739736
    6.210000000    8.807932053    8.553663273   10.455863278
    6.220000000    8.897703310    8.657606534   10.610436085
    6.230000000    8.999956524    8.782532459   10.782204145
    6.240000000    9.113773224    8.925159700   10.957816173
    6.250000000    9.244038826    9.083725976   11.112529171
    6.260000000    9.390622158    9.250012769   11.220627082
    6.270000000    9.540816845    9.403367999   11.268030031
    6.280000000    9.676998276    9.520683856   11.255679254
    6.290000000    9.793345177    9.596294919   11.192009783
    6.300000000    9.900561263    9.646892762   11.084098166
    6.310000000   10.012682672    9.695583100   10.931281512
    6.320000000   10.134666971    9.757325904   10.726196463
    6.330000000   10.261167480    9.836278525   10.471689209
    6.340000000   10.378569716    9.926409317   10.198775397
    6.350000000   10.466934350   10.012517013    9.960971126
    6.360000000   10.506328483   10.077084627    9.804683296
    6.370000000   10.485831394   10.111307343    9.740230370
    6.380000000   10.408023392   10.118996592    9.736881338
    6.390000000   10.287375429   10.109548535    9.745077115
    6.400000000   10.145921193   10.091480607    9.728548452
    6.410000000   10.006065005   10.070324076    9.681580013
    6.420000000    9.880513982   10.044671936    9.616604372
    6.430000000    9.764730269   10.002981847    9.540409351
    6.440000000    9.639522535    9.926961887    9.447372801
    6.450000000    9.486435747    9.803841400    9.328109403
    6.460000000    9.304711945    9.639546414    9.181058489
    6.470000000    9.113171243    9.456059298    9.021962034
    6.480000000    8.936824968    9.276628453    8.885747318
    6.490000000    8.791156266    9.115416154    8.813766978
    6.500000000    8.677272512    8.977240269    8.830186929
    6.510000000    8.590850627    8.863887196    8.925241249
    6.520000000    8.529797786    8.776298631    9.060284192
    6.530000000    8.490805545    8.709131460    9.193910124
    6.540000000    8.465721269    8.650683406    9.309465936
    6.550000000    8.443835197    8.592606173    9.414277893
    6.560000000    8.413850609    8.534693585    9.508563673
    6.570000000    8.366165444    8.479256196    9.564771413
    6.580000000    8.301616269    8.431414700    9.547610285
    6.590000000    8.238173904    8.407418568    9.449435158
    6.600000000    8.201178107    8.429931433    9.299095513
    6.610000000    8.202697113    8.508392739    9.139292510
    6.620000000    8.231321377    8.628165423    8.996397661
    6.630000000    8.262560678    8.760278441    8.867991690
    6.640000000    8.274079855    8.874982254    8.734627041
    6.650000000    8.251952319    8.946294939    8.584098742
    6.660000000    8.195089347    8.958113828    8.433537029
    6.670000000    8.115862266    8.910918706    8.327403069
    6.680000000    8.028516691    8.815707210    8.304530378
    6.690000000    7.939340799    8.684568944    8.366975770
    6.700000000    7.850626803    8.531067511    8.479073935
    6.710000000    7.765465588    8.371274313    8.588696835
    6.720000000    7.685248990    8.219384299    8.650509647
    6.730000000    7.607386103    8.082729377    8.644127294
    6.740000000    7.526467769    7.958677948    8.583393387
    6.750000000    7.439338325    7.838596019    8.507706645
    6.760000000    7.352115807    7.719857883    8.461586305
    6.770000000    7.279032329    7.610967890    8.477280388
    6.780000000    7.231689030    7.521860082    8.565120084
    6.790000000    7.209784128    7.453675675    8.712469553
    6.800000000    7.199391040    7.397569338    8.886362715
    6.810000000    7.179359972    7.338655029    9.038531510
    6.820000000    7.133947330    7.264053960    9.126496937
    6.830000000    7.062714133    7.171977538    9.141451396
    6.840000000    6.981626477    7.073152693    9.102924914
    6.850000000    6.917749197    6.984082283    9.023308098
    6.860000000    6.900144599    6.920872225    8.896197955
    6.870000000    6.948023753    6.895606064    8.722933318
    6.880000000    7.059443946    6.909606912    8.531200168
    6.890000000    7.207956410    6.947674001    8.359555794
    6.900000000    7.354049435    6.985036764    8.234183965
    6.910000000    7.462373848    7.002783491    8.160825336
    6.920000000    7.509001519    6.992599138    8.128007276
    6.930000000    7.483692481    6.950159534    8.115369745
    6.940000000    7.395537339    6.874731035    8.105923569
    6.950000000    7.274000805    6.777855426    8.099916473
    6.960000000    7.158023066    6.685063483    8.117094706
    6.970000000    7.076127721    6.620727054    8.178875365
    6.980000000    7.033306430    6.591839328    8.289847378
    6.990000000    7.016234949    6.588527224    8.431544318
    7.000000000    7.008748847    6.597365518    8.564551365
    7.010000000    7.004851491    6.614687416    8.648543230
    7.020000000    7.009969120    6.647623332    8.675409697
    7.030000000    7.029141498    6.700184010    8.673563104
    7.040000000    7.055263466    6.760716945    8.673216938
    7.050000000    7.070756358    6.806140375    8.676461661
    7.060000000    7.059375235    6.817335751    8.658119430
    7.070000000    7.015346110    6.790426945    8.586133234
    7.080000000    6.944933440    6.736994753    8.443882053
    7.090000000    6.864101470    6.676552973    8.240504855
    7.100000000    6.794278300    6.628691086    8.006646509
    7.110000000    6.754436692    6.608388422    7.781336902
    7.120000000    6.752038259    6.621697324    7.594260454
    7.130000000    6.782034314    6.664739454    7.454193772
    7.140000000    6.837331203    6.732777765    7.352617937
    7.150000000    6.919082978    6.830496518    7.276054229
    7.160000000    7.033738103    6.968405998    7.216181195
    7.170000000    7.180505244    7.147777966    7.173747140
    7.180000000    7.342156375    7.349833669    7.152594759
    7.190000000    7.488369908    7.541415000    7.147879177
    7.200000000    7.590521182    7.693375149    7.144617109
    7.210000000    7.637625852    7.796154309    7.129238289
    7.220000000    7.644659080    7.863214431    7.097748048
    7.230000000    7.645114778    7.921262292    7.054362360
    7.240000000    7.667035111    7.989743994    7.008645087
    7.250000000    7.713197043    8.062690887    6.972077075
    7.260000000    7.765282150    8.111140852    6.951032583
    7.270000000    7.803126020    8.105515347    6.943586377
    7.280000000    7.815842629    8.035134804    6.945179671
    7.290000000    7.800217830    7.909443878    6.953406295
    7.300000000    7.758762607    7.750972388    6.967862634
    7.310000000    7.698196111    7.588029211    6.991001135
    7.320000000    7.623664487    7.444050876    7.027207450
    7.330000000    7.534147994    7.328502386    7.078925401
    7.340000000    7.426951497    7.238532268    7.146642876
    7.350000000    7.309273941    7.169819313    7.232049806
    7.360000000    7.200180860    7.122276256    7.338134539
    7.370000000    7.117808850    7.095382561    7.463454269
    7.380000000    7.069364183    7.085908259    7.596675913
    7.390000000    7.052318965    7.093672650    7.717741530
    7.400000000    7.059430125    7.124615008    7.805446789
    7.410000000    7.082840747    7.184134558    7.849601019
    7.420000000    7.117163391    7.267652731    7.859245747
    7.430000000    7.157882284    7.356497060    7.854370112
    7.440000000    7.195073568    7.421069745    7.845441671
    7.450000000    7.214160932    7.434188717    7.825312427
    7.460000000    7.206276509    7.389673516    7.784947098
    7.470000000    7.171839395    7.306357298    7.729653291
    7.480000000    7.113549374    7.210646995    7.672110832
    7.490000000    7.037942874    7.121974324    7.614904407
    7.500000000    6.963200149    7.054446071    7.547746924
    7.510000000    6.911429659    7.018605090    7.459378463
    7.520000000    6.894770811    7.019725695    7.348870203
    7.530000000    6.919394599    7.064296714    7.229619416
    7.540000000    6.998337627    7.166350157    7.125270735
    7.550000000    7.148834029    7.338062757    7.057513855
    7.560000000    7.377906957    7.575136020    7.033811914
    7.570000000    7.673000288    7.853159909    7.043997418
    7.580000000    8.003625985    8.135643994    7.066922412
    7.590000000    8.333855917    8.387307417    7.085525703
    7.600000000    8.636728081    8.582846411    7.097926206
    7.610000000    8.899684155    8.709948678    7.108055094
    7.620000000    9.119917365    8.772340544    7.105327632
    7.630000000    9.292442534    8.786286096    7.062991962
    7.640000000    9.403408654    8.768116916    6.964409123
    7.650000000    9.445826522    8.729344321    6.826033623
    7.660000000    9.441424955    8.683184518    6.687484541
    7.670000000    9.431616594    8.645377172    6.583777141
    7.680000000    9.442163487    8.624915819    6.528513129
    7.690000000    9.465234276    8.619160203    6.515773321
    7.700000000    9.478883288    8.621472418    6.535001234
    7.710000000    9.473773112    8.630303149    6.584883393
    7.720000000    9.450156451    8.645269962    6.670946239
    7.730000000    9.399181699    8.657728990    6.793770607
    7.740000000    9.307478496    8.654466059    6.946091990
    7.750000000    9.179980240    8.633162016    7.116752387
    7.760000000    9.045514112    8.610911021    7.290953367
    7.770000000    8.938763190    8.614842717    7.449625582
    7.780000000    8.880630085    8.662060001    7.573901884
    7.790000000    8.871884600    8.745230434    7.652321456
    7.800000000    8.897693633    8.834957317    7.684898954
    7.810000000    8.935361405    8.897839094    7.683078000
    7.820000000    8.963649082    8.918238108    7.668795957
    7.830000000    8.971191927    8.906114853    7.669763454
    7.840000000    8.956714930    8.885497373    7.705044967
    7.850000000    8.921549970    8.875163359    7.769269627
    7.860000000    8.864985332    8.876527662    7.834810299
    7.870000000    8.791750337    8.879748074    7.870774989
    7.880000000    8.720433676    8.880116234    7.856435309
    7.890000000    8.676244038    8.886133073    7.782622696
    7.900000000    8.672664989    8.912144604    7.651646575
    7.910000000    8.697410787    8.961792192    7.478169779
    7.920000000    8.715776788    9.019991006    7.285372656
    7.930000000    8.691387300    9.061906072    7.095522699
    7.940000000    8.608090716    9.065502990    6.921473765
    7.950000000    8.470268429    9.010423972    6.763593909
    7.960000000    8.282871068    8.870080183    6.612488754
    7.970000000    8.045829916    8.624565185    6.456017906
    7.980000000    7.767857384    8.286118087    6.285889209
    7.990000000    7.465676374    7.896183552    6.099653935
    8.000000000    7.150943213    7.498999873    5.901635769
    8.010000000    6.833136235    7.129709645    5.704623477
    8.020000000    6.530159091    6.816961161    5.525272531
    8.030000000    6.264111585    6.579034778    5.374548540
    8.040000000    6.048625050    6.415637026    5.253787805
    8.050000000    5.884642187    6.308583423    5.157778691
    8.060000000    5.764894486    6.232655982    5.079521077
    8.070000000    5.679804634    6.169926102    5.014104578
    8.080000000    5.621427457    6.118130978    4.960186261
    8.090000000    5.583135410    6.086090338    4.918667333
    8.100000000    5.557358744    6.082064654    4.890999475
    8.110000000    5.536679929    6.105570611    4.878604641
    8.120000000    5.516360201    6.145046500    4.882041324
    8.130000000    5.493623810    6.180945836    4.897964758
    8.140000000    5.465838143    6.196476421    4.917086935
    8.150000000    5.431205383    6.190457210    4.929093616
    8.160000000    5.389970253    6.177106060    4.931529231
    8.170000000    5.344559082    6.171573370    4.931360622
    8.180000000    5.300143931    6.179806988    4.935972823
    8.190000000    5.263939341    6.199923369    4.944129951
    8.200000000    5.239703043    6.221456076    4.945220801
    8.210000000    5.221764419    6.220522944    4.925556777
    8.220000000    5.198995702    6.169254994    4.876377922
    8.230000000    5.167047602    6.058069611    4.799143973
    8.240000000    5.134059573    5.905496357    4.706798723
    8.250000000    5.114514927    5.747446488    4.619693754
    8.260000000    5.118928972    5.617914533    4.555200094
    8.270000000    5.145366634    5.531239723    4.516985119
    8.280000000    5.178718862    5.476641197    4.493321291
    8.290000000    5.201575751    5.431545849    4.466586273
    8.300000000    5.206819571    5.381403633    4.426714399
    8.310000000    5.199524380    5.326670392    4.377099719
    8.320000000    5.189331764    5.274937098    4.328219339
    8.330000000    5.182345938    5.231052963    4.288844044
    8.340000000    5.179796169    5.194760154    4.264273893
    8.350000000    5.182780350    5.164365618    4.257303993
    8.360000000    5.194585540    5.139001946    4.267004767
    8.370000000    5.217473245    5.116982594    4.287559136
    8.380000000    5.249425784    5.093214469    4.309491500
    8.390000000    5.283837446    5.058887530    4.322566081
    8.400000000    5.310594044    5.004723516    4.318339119
    8.410000000    5.319446396    4.926368053    4.292778602
    8.420000000    5.307441241    4.829572562    4.249902454
    8.430000000    5.284307693    4.730993968    4.202890616
    8.440000000    5.268265151    4.651304361    4.167121602
    8.450000000    5.276977166    4.605901493    4.148869046
    8.460000000    5.320735295    4.600175285    4.141398026
    8.470000000    5.399203353    4.629966964    4.131210086
    8.480000000    5.503974537    4.686244533    4.105868518
    8.490000000    5.626794295    4.762229433    4.057521229
    8.500000000    5.763122567    4.855567650    3.982691276
    8.510000000    5.905962668    4.962749985    3.883422664
    8.520000000    6.043841983    5.076275889    3.772168126
    8.530000000    6.168810429    5.188729193    3.671383203
    8.540000000    6.279564300    5.294351529    3.602953079
    8.550000000    6.374676321    5.386571121    3.577567544
    8.560000000    6.449693714    5.460096383    3.593057563
    8.570000000    6.503272812    5.516546422    3.639601132
    8.580000000    6.542770673    5.565329802    3.705478588
    8.590000000    6.581846238    5.618600131    3.778843677
    8.600000000    6.632728971    5.685359561    3.847147442
    8.610000000    6.700581706    5.768336902    3.899356092
    8.620000000    6.783201700    5.864227361    3.929018097
    8.630000000    6.873903906    5.966342975    3.934023579
    8.640000000    6.964138094    6.066724878    3.914572360
    8.650000000    7.044166697    6.156751663    3.872707071
    8.660000000    7.104099414    6.228994506    3.813328876
    8.670000000    7.136623643    6.280142325    3.744320723
    8.680000000    7.139004498    6.312598133    3.674438922
    8.690000000    7.111920183    6.333150862    3.610018827
    8.700000000    7.057381363    6.349047877    3.553855283
    8.710000000    6.977673023    6.363657327    3.506007078
    8.720000000    6.876657214    6.376449483    3.465129782
    8.730000000    6.763684006    6.387994684    3.431626005
    8.740000000    6.652872645    6.401286415    3.410066718
    8.750000000    6.556173661    6.418240156    3.406508242
    8.760000000    6.480734868    6.441159903    3.424344926
    8.770000000    6.431963526    6.476214854    3.463059655
    8.780000000    6.412515967    6.528525840    3.517895779
    8.790000000    6.418361058    6.595203547    3.580394771
    8.800000000    6.439876923    6.666490327    3.641029906
    8.810000000    6.467000239    6.731663721    3.693203177
    8.820000000    6.492425540    6.783045489    3.737045970
    8.830000000    6.509850096    6.816107592    3.778036200
    8.840000000    6.510572298    6.826848448    3.820242021
    8.850000000    6.483726664    6.810861654    3.861394363
    8.860000000    6.421886571    6.768251758    3.893260523
    8.870000000    6.329797320    6.710613675    3.907589879
    8.880000000    6.227165371    6.659154354    3.904893900
    8.890000000    6.137973292    6.631095041    3.898559155
    8.900000000    6.076855900    6.628510230    3.910215693
    8.910000000    6.047453629    6.641944338    3.959760694
    8.920000000    6.048523142    6.660961671    4.056676106
    8.930000000    6.075761837    6.677986343    4.197237766
    8.940000000    6.120221103    6.686358590    4.366281374
    8.950000000    6.169166457    6.679320153    4.540002754
    8.960000000    6.207744943    6.648534694    4.690971832
    8.970000000    6.220224012    6.582726532    4.795966475
    8.980000000    6.194339921    6.473325826    4.841975987
    8.990000000    6.128197211    6.324275878    4.827812701
    9.000000000    6.031986430    6.152582307    4.762618371
    9.010000000    5.920413119    5.978090761    4.663164682
    9.020000000    5.804380516    5.816656631    4.551078058
    9.030000000    5.689921056    5.681040256    4.448818105
    9.040000000    5.581150366    5.581598381    4.373425208
    9.050000000    5.483263303    5.525740820    4.332286928
    9.060000000    5.405234115    5.518964122    4.325186064
    9.070000000    5.359274089    5.564865351    4.350398224
    9.080000000    5.355652667    5.662227819    4.408143297
    9.090000000    5.397655323    5.802732313    4.497885371
    9.100000000    5.480273893    5.972546637    4.614435889
    9.110000000    5.590800431    6.154745679    4.748246668
    9.120000000    5.710178835    6.329892821    4.888447524
    9.130000000    5.817823195    6.478890331    5.024189748
    9.140000000    5.899012595    6.588714924    5.143463437
    9.150000000    5.949347172    6.655745052    5.233668859
    9.160000000    5.972650861    6.683339957    5.286685718
    9.170000000    5.974471805    6.674428284    5.302988563
    9.180000000    5.957443352    6.624821541    5.290088401
    9.190000000    5.921833518    6.525949017    5.258840459
    9.200000000    5.869620273    6.377397068    5.219865327
    9.210000000    5.807950692    6.195830354    5.179020456
    9.220000000    5.748390983    6.009628384    5.136728466
    9.230000000    5.702356464    5.846161528    5.094307912
    9.240000000    5.676171990    5.723282953    5.059093596
    9.250000000    5.668787086    5.646370677    5.040319935
    9.260000000    5.672935392    5.608747198    5.041254155
    9.270000000    5.678547669    5.596471629    5.058544131
    9.280000000    5.677236347    5.596789719    5.088907358
    9.290000000    5.667205312    5.605115564    5.133398725
    9.300000000    5.654271199    5.624393883    5.193457004
    9.310000000    5.644870220    5.656711926    5.264723931
    9.320000000    5.638646321    5.696512497    5.337386552
    9.330000000    5.630193476    5.733344310    5.400957581
    9.340000000    5.615861273    5.760032074    5.446845070
    9.350000000    5.596568212    5.775967637    5.470363135
    9.360000000    5.573713176    5.781426953    5.472465806
    9.370000000    5.543271730    5.771594906    5.456178073
    9.380000000    5.495422478    5.738708200    5.421754574
    9.390000000    5.420116023    5.677479094    5.368696799
    9.400000000    5.314472527    5.587871285    5.300734338
    9.410000000    5.186574345    5.475405655    5.224186927
    9.420000000    5.051503132    5.349235709    5.142248367
    9.430000000    4.924300448    5.220173750    5.056255887
    9.440000000    4.816940812    5.100237976    4.971748473
    9.450000000    4.738702310    5.000697364    4.897462479
    9.460000000    4.695101966    4.927705422    4.838886125
    9.470000000    4.684411125    4.878802791    4.794532361
    9.480000000    4.696469709    4.843826158    4.756765986
    9.490000000    4.716904698    4.810711944    4.716866820
    9.500000000    4.732956253    4.771621394    4.670963745
    9.510000000    4.736023872    4.724048170    4.620527465
    9.520000000    4.721646087    4.667413113    4.566767076
    9.530000000    4.689407223    4.600454054    4.505813780
    9.540000000    4.643756056    4.523663241    4.431704165
    9.550000000    4.594865014    4.444131116    4.345377138
    9.560000000    4.554629229    4.373824824    4.257570434
    9.570000000    4.528484303    4.320824023    4.180187765
    9.580000000    4.512391420    4.284347309    4.116865604
    9.590000000    4.497787416    4.258226679    4.061548878
    9.600000000    4.477904154    4.236453770    4.003934262
    9.610000000    4.450255307    4.215176335    3.937747126
    9.620000000    4.415300939    4.191480313    3.865584828
    9.630000000    4.374856264    4.162544222    3.796441743
    9.640000000    4.332296291    4.127734248    3.739584136
    9.650000000    4.292574395    4.090546145    3.700000767
    9.660000000    4.261109239    4.056733897    3.677449996
    9.670000000    4.243018451    4.031522731    3.668203896
    9.680000000    4.243118216    4.019583230    3.666717817
    9.690000000    4.264800145    4.025271559    3.665605947
    9.700000000    4.306923127    4.049813624    3.655596955
    9.710000000    4.362287546    4.088358110    3.628682674
    9.720000000    4.419731978    4.131251257    3.583704309
    9.730000000    4.467056983    4.168950883    3.529000749
    9.740000000    4.493097765    4.195778715    3.478349249
    9.750000000    4.490312380    4.209899670    3.442262443
    9.760000000    4.457826411    4.211356073    3.421727361
    9.770000000    4.401547054    4.200386489    3.409543917
    9.780000000    4.331271772    4.177663917    3.396710879
    9.790000000    4.258841336    4.146380026    3.378105342
    9.800000000    4.196563256    4.112620360    3.353993070
    9.810000000    4.153353857    4.081902316    3.326766710
    9.820000000    4.131937618    4.055871963    3.297653103
    9.830000000    4.129729981    4.032765648    3.268329802
    9.840000000    4.141177758    4.009806574    3.243467767
    9.850000000    4.159361747    3.984717065    3.228695667
    9.860000000    4.177045281    3.955634551    3.226772993
    9.870000000    4.188834776    3.921284017    3.237124052
    9.880000000    4.192896525    3.882068875    3.256733373
    9.890000000    4.188630601    3.839206366    3.278491012
    9.900000000    4.171918891    3.791713753    3.291009280
    9.910000000    4.134249980    3.735920461    3.284879443
    9.920000000    4.070147873    3.670396131    3.260083624
    9.930000000    3.985646453    3.600484185    3.225763950
    9.940000000    3.895762666    3.535383913    3.193790291
    9.950000000    3.814122107    3.481897775    3.173488320
    9.960000000    3.746954444    3.442470456    3.169039870
    9.970000000    3.694595997    3.417320528    3.178770915
    9.980000000    3.654606912    3.405398903    3.197520140
    9.990000000    3.622478149    3.402923031    3.220657547
   10.000000000    3.592498588    3.403829041    3.246383734
   10.010000000    3.560940470    3.403272295    3.275110120
   10.020000000    3.528895384    3.400266631    3.307932016
   10.030000000    3.501658111    3.397004658    3.346469665
   10.040000000    3.484603454    3.395999522    3.393106916
   10.050000000    3.479447476    3.398468068    3.449018874
   10.060000000    3.484880618    3.405697965    3.511892079
   10.070000000    3.499160233    3.420191684    3.577412421
   10.080000000    3.520544102    3.443704898    3.642360930
   10.090000000    3.545901066    3.474106149    3.705060243
   10.100000000    3.570520416    3.505202070    3.763312628
   10.110000000    3.590257544    3.530650119    3.812663262
   10.120000000    3.603213355    3.548117919    3.848012420
   10.130000000    3.609098885    3.559446681    3.867239759
   10.140000000    3.607954776    3.567543659    3.872284389
   10.150000000    3.599397668    3.573632539    3.867270191
   10.160000000    3.583121103    3.577220506    3.856488725
   10.170000000    3.561364907    3.578543538    3.845020746
   10.180000000    3.540006111    3.579418714    3.840098840
   10.190000000    3.525270488    3.580727370    3.848581928
   10.200000000    3.520110334    3.581430888    3.873419559
   10.210000000    3.524076802    3.581086906    3.914027330
   10.220000000    3.534843485    3.581617415    3.969061719
   10.230000000    3.549192668    3.585834888    4.038342233
   10.240000000    3.564326684    3.595559630    4.123529268
   10.250000000    3.579523639    3.612006193    4.228625497
   10.260000000    3.596211819    3.637559570    4.360044348
   10.270000000    3.617430057    3.677484233    4.525630058
   10.280000000    3.647995770    3.739524681    4.733091446
   10.290000000    3.693403972    3.829838198    4.989120520
   10.300000000    3.756927676    3.948304926    5.297559460
   10.310000000    3.837737923    4.087153806    5.652827419
   10.320000000    3.931151803    4.233013827    6.033217613
   10.330000000    4.030513510    4.371486947    6.404827079
   10.340000000    4.130106347    4.492306549    6.735044818
   10.350000000    4.226142574    4.591176924    7.000995586
   10.360000000    4.314880539    4.667431916    7.189125863
   10.370000000    4.391253535    4.720753996    7.298470515
   10.380000000    4.449809699    4.750589192    7.347280713
   10.390000000    4.487102081    4.758863719    7.369060916
   10.400000000    4.505003489    4.752678398    7.398309246
   10.410000000    4.512829545    4.743652497    7.457210697
   10.420000000    4.523737336    4.743381436    7.550017979
   10.430000000    4.547324003    4.759236577    7.664984084
   10.440000000    4.586466208    4.794810660    7.780514258
   10.450000000    4.639713915    4.851760439    7.874742264
   10.460000000    4.703894022    4.928740881    7.936583515
   10.470000000    4.774570201    5.019118081    7.969871182
   10.480000000    4.845995669    5.110833040    7.985712840
   10.490000000    4.912097561    5.189817593    7.990564725
   10.500000000    4.968488607    5.246018717    7.982429843
   10.510000000    5.013524717    5.277492980    7.956311915
   10.520000000    5.046760936    5.287607130    7.909896931
   10.530000000    5.067300914    5.278129942    7.845449715
   10.540000000    5.075059099    5.247010977    7.767835822
   10.550000000    5.072470174    5.193131726    7.680213854
   10.560000000    5.063185971    5.121047934    7.582222579
   10.570000000    5.049512678    5.040715447    7.471616333
   10.580000000    5.031764629    4.963551499    7.346991358
   10.590000000    5.009216401    4.897565305    7.210057608
   10.600000000    4.981496916    4.845288040    7.065757951
   10.610000000    4.950408482    4.806443761    6.920320438
   10.620000000    4.921114566    4.781753766    6.778642103
   10.630000000    4.901627521    4.774643611    6.642103395
   10.640000000    4.900700315    4.790429220    6.509405035
   10.650000000    4.924591343    4.832623735    6.381600836
   10.660000000    4.974819935    4.899245452    6.265949264
   10.670000000    5.047803208    4.982765151    6.172507577
   10.680000000    5.135543274    5.072656392    6.107214037
   10.690000000    5.227711987    5.158602658    6.069079484
   10.700000000    5.314385766    5.233164735    6.051522345
   10.710000000    5.387109305    5.291333738    6.043754287
   10.720000000    5.439626697    5.328702522    6.032714769
   10.730000000    5.469625764    5.342627439    6.007000788
   10.740000000    5.479437890    5.335251817    5.961975787
   10.750000000    5.475664932    5.314128037    5.903174712
   10.760000000    5.468419340    5.289859214    5.841506011
   10.770000000    5.468809458    5.273536148    5.782495737
   10.780000000    5.484162937    5.273733630    5.722352946
   10.790000000    5.513784824    5.292670154    5.654198358
   10.800000000    5.548700553    5.324743751    5.574619114
   10.810000000    5.576474359    5.359241095    5.484520667
   10.820000000    5.587894244    5.385480452    5.387958429
   10.830000000    5.580379729    5.397953691    5.293210478
   10.840000000    5.556886624    5.398240870    5.213072842
   10.850000000    5.522494042    5.391470849    5.159198309
   10.860000000    5.481522713    5.381550988    5.133925486
   10.870000000    5.437227811    5.370210144    5.127924676
   10.880000000    5.392584919    5.357708552    5.126692439
   10.890000000    5.349339426    5.342281316    5.120236325
   10.900000000    5.306781035    5.321123115    5.108249160
   10.910000000    5.263837171    5.294921336    5.098838985
   10.920000000    5.222449394    5.270861820    5.102375237
   10.930000000    5.187345372    5.259642765    5.123924931
   10.940000000    5.163205782    5.270167710    5.159081382
   10.950000000    5.153438939    5.306780183    5.195732284
   10.960000000    5.159974747    5.368096669    5.221620994
   10.970000000    5.181132409    5.445650230    5.232786849
   10.980000000    5.210209634    5.525436094    5.234838048
   10.990000000    5.238743207    5.593852507    5.236898092
   11.000000000    5.261454080    5.642302822    5.246323988
   11.010000000    5.277395007    5.666660524    5.266986908
   11.020000000    5.288326861    5.666402201    5.298090830
   11.030000000    5.297311152    5.646063161    5.334647837
   11.040000000    5.306291221    5.614124160    5.371134110
   11.050000000    5.313309942    5.578155763    5.404577385
   11.060000000    5.313507504    5.541251605    5.434854646
   11.070000000    5.303517994    5.501775318    5.464377543
   11.080000000    5.283161546    5.453995701    5.497787350
   11.090000000    5.253336190    5.390055121    5.539581809
   11.100000000    5.215775330    5.306142841    5.590701617
   11.110000000    5.174565766    5.208833019    5.648823060
   11.120000000    5.134861992    5.113090283    5.711699324
   11.130000000    5.100410981    5.033237952    5.777613102
   11.140000000    5.073430934    4.976360129    5.844182790
   11.150000000    5.055337861    4.942000820    5.911017444
   11.160000000    5.046357940    4.925176688    5.982617470
   11.170000000    5.045253295    4.919772471    6.066606117
   11.180000000    5.050263080    4.921287643    6.170818423
   11.190000000    5.059008997    4.926904365    6.301188299
   11.200000000    5.067320050    4.933343800    6.457654536
   11.210000000    5.071494611    4.937336862    6.629448064
   11.220000000    5.072749301    4.938880565    6.795338968
   11.230000000    5.076585889    4.941297365    6.929874801
   11.240000000    5.086399057    4.946220372    7.012591140
   11.250000000    5.099161489    4.949831061    7.037938004
   11.260000000    5.108845984    4.946320418    7.018173368
   11.270000000    5.114205778    4.935361059    6.973833703
   11.280000000    5.121703617    4.924973586    6.922318823
   11.290000000    5.139412910    4.926268761    6.873995821
   11.300000000    5.169219074    4.944882105    6.832577825
   11.310000000    5.205332843    4.976129219    6.797038936
   11.320000000    5.237791913    5.006906460    6.762725115
   11.330000000    5.257225600    5.023463160    6.720255119
   11.340000000    5.259814568    5.020453343    6.657225449
   11.350000000    5.248698860    5.003413253    6.564452373
   11.360000000    5.229251067    4.981944578    6.441559333
   11.370000000    5.203211825    4.960829343    6.298495863
   11.380000000    5.167539580    4.937420464    6.151359040
   11.390000000    5.118113275    4.906301844    6.013462762
   11.400000000    5.054273008    4.865760251    5.889439932
   11.410000000    4.979997289    4.819631048    5.778058007
   11.420000000    4.900836917    4.773231298    5.678023453
   11.430000000    4.820233919    4.729304881    5.590124543
   11.440000000    4.739270219    4.689072738    5.516836762
   11.450000000    4.658850953    4.654526686    5.460082834
   11.460000000    4.581010677    4.627350154    5.416735063
   11.470000000    4.509187559    4.607314328    5.376052160
   11.480000000    4.448132688    4.592637101    5.323244255
   11.490000000    4.402762017    4.581357365    5.247481964
   11.500000000    4.375864644    4.573072301    5.148890338
   11.510000000    4.366025375    4.568844612    5.039062432
   11.520000000    4.367148208    4.568124352    4.933434565
   11.530000000    4.369940209    4.566168864    4.841508236
   11.540000000    4.364770997    4.555112268    4.762379792
   11.550000000    4.345016789    4.527753781    4.687840101
   11.560000000    4.309534954    4.480459756    4.609715260
   11.570000000    4.262633374    4.414033468    4.525258253
   11.580000000    4.210580289    4.333025718    4.436165022
   11.590000000    4.157229391    4.243331269    4.345223717
   11.600000000    4.103426198    4.150626751    4.256651769
   11.610000000    4.050121060    4.061187133    4.175523196
   11.620000000    4.000915669    3.982354343    4.102033492
   11.630000000    3.961497983    3.921061998    4.027899483
   11.640000000    3.935886522    3.880976948    3.941470934
   11.650000000    3.922187309    3.859916207    3.836658551
   11.660000000    3.912630785    3.850476780    3.716767719
   11.670000000    3.898348896    3.844283641    3.590942718
   11.680000000    3.873479543    3.835912989    3.467989105
   11.690000000    3.836211305    3.823811766    3.354026972
   11.700000000    3.789108573    3.808877961    3.253906083
   11.710000000    3.738393552    3.792269720    3.171503957
   11.720000000    3.690845860    3.774187214    3.108306123
   11.730000000    3.650892880    3.754856381    3.062865854
   11.740000000    3.619956860    3.735485021    3.031958975
   11.750000000    3.596113602    3.716093722    3.011530354
   11.760000000    3.574059451    3.693244012    2.996288222
   11.770000000    3.547860860    3.661459265    2.979769935
   11.780000000    3.515559326    3.617516077    2.956162556
   11.790000000    3.481158908    3.564217812    2.922702162
   11.800000000    3.452070601    3.509803145    2.880915950
   11.810000000    3.434261663    3.463020234    2.835431368
   11.820000000    3.428182390    3.428481987    2.790811844
   11.830000000    3.428234962    3.405752008    2.749219811
   11.840000000    3.426236349    3.391170009    2.710341920
   11.850000000    3.416225750    3.380464198    2.672163312
   11.860000000    3.396615516    3.370432850    2.631394277
   11.870000000    3.368369801    3.358601437    2.584362676
   11.880000000    3.333034551    3.342698608    2.529396855
   11.890000000    3.293308672    3.321552143    2.469451154
   11.900000000    3.253950009    3.296150089    2.411645612
   11.910000000    3.220318793    3.268853121    2.363481678
   11.920000000    3.195333802    3.241239049    2.329473314
   11.930000000    3.177974691    3.213157966    2.309946796
   11.940000000    3.164392624    3.183289825    2.301334198
   11.950000000    3.149621209    3.149833186    2.298102989
   11.960000000    3.128856641    3.111246791    2.295842777
   11.970000000    3.099178804    3.067238021    2.293214564
   11.980000000    3.061246921    3.019849918    2.291475243
   11.990000000    3.019359405    2.973804978    2.292706272
   12.000000000    2.980122439    2.935263258    2.298451794
   12.010000000    2.950438638    2.909497884    2.309171109
   12.020000000    2.934331367    2.898517038    2.323538442
   12.030000000    2.930465222    2.899944765    2.337428823
   12.040000000    2.933960571    2.908683571    2.344906803
   12.050000000    2.940914671    2.919938852    2.342245224
   12.060000000    2.949692872    2.929980781    2.331037493
   12.070000000    2.958269539    2.934748503    2.316135422
   12.080000000    2.962630581    2.929474797    2.300718027
   12.090000000    2.958010493    2.910323912    2.283864832
   12.100000000    2.940932706    2.876556418    2.262220865
   12.110000000    2.910368459    2.831069153    2.233424414
   12.120000000    2.867660297    2.778788105    2.197976119
   12.130000000    2.816357809    2.725371125    2.158947668
   12.140000000    2.761634983    2.676589576    2.120643063
   12.150000000    2.708434760    2.636339734    2.086758253
   12.160000000    2.660486600    2.605124904    2.059425544
   12.170000000    2.621351304    2.581617812    2.039894575
   12.180000000    2.594539093    2.564939924    2.028818482
   12.190000000    2.581266530    2.554716029    2.024829211
   12.200000000    2.578396232    2.549348734    2.023376346
   12.210000000    2.579001048    2.544976991    2.018149112
   12.220000000    2.575585800    2.537211400    2.004560032
   12.230000000    2.563539153    2.523972189    1.982278935
   12.240000000    2.542034678    2.505904843    1.954865132
   12.250000000    2.512411853    2.484288452    1.927258640
   12.260000000    2.476488518    2.459342823    1.903279460
   12.270000000    2.436297255    2.431062153    1.884694553
   12.280000000    2.394391892    2.401194215    1.871233114
   12.290000000    2.353382306    2.372931350    1.860778809
   12.300000000    2.315197791    2.348409221    1.850861064
   12.310000000    2.281069228    2.327210381    1.841204893
   12.320000000    2.251703272    2.307041076    1.834356075
   12.330000000    2.226863712    2.285321233    1.833135777
   12.340000000    2.204835817    2.260439803    1.837649852
   12.350000000    2.182829961    2.232169053    1.844915245
   12.360000000    2.158537508    2.201256785    1.850474646
   12.370000000    2.131347328    2.168558786    1.849878603
   12.380000000    2.102067450    2.134557653    1.840264356
   12.390000000    2.072280325    2.100112071    1.821935293
   12.400000000    2.044162738    2.067375367    1.797543365
   12.410000000    2.019682046    2.038774438    1.769306679
   12.420000000    1.999254149    2.014863045    1.737752738
   12.430000000    1.981699546    1.994096655    1.702677420
   12.440000000    1.965689909    1.974830281    1.664653184
   12.450000000    1.950792994    1.956943261    1.625668646
   12.460000000    1.936918948    1.941443660    1.588596031
   12.470000000    1.922981186    1.928649471    1.556488432
   12.480000000    1.906847714    1.917188372    1.532048618
   12.490000000    1.887287741    1.905305385    1.516995639
   12.500000000    1.865371623    1.892572650    1.511662228
   12.510000000    1.843385927    1.879552074    1.515029822
   12.520000000    1.823255539    1.866415469    1.525063115
   12.530000000    1.805780530    1.852091027    1.539244578
   12.540000000    1.790378823    1.834431987    1.555564757
   12.550000000    1.776306397    1.811988128    1.573722722
   12.560000000    1.764585105    1.786085473    1.594643054
   12.570000000    1.757809494    1.760706810    1.618365590
   12.580000000    1.758010149    1.740306538    1.643359416
   12.590000000    1.764860899    1.727480349    1.667803968
   12.600000000    1.775139992    1.721676361    1.690502651
   12.610000000    1.783913815    1.719736774    1.710584898
   12.620000000    1.787554383    1.718595706    1.727089819
   12.630000000    1.786266376    1.718058761    1.739245340
   12.640000000    1.783380623    1.720461455    1.746227175
   12.650000000    1.782230151    1.727680274    1.746143502
   12.660000000    1.783564888    1.738832816    1.736618175
   12.670000000    1.785420640    1.750478139    1.716683006
   12.680000000    1.785037082    1.758765123    1.687339009
   12.690000000    1.780719473    1.761548143    1.650692233
   12.700000000    1.772303043    1.758957111    1.609102576
   12.710000000    1.760780597    1.752728009    1.564956542
   12.720000000    1.748061005    1.745224942    1.521081785
   12.730000000    1.736498928    1.738577465    1.480956699
   12.740000000    1.727838235    1.734120293    1.447532392
   12.750000000    1.722327784    1.732208576    1.421766929
   12.760000000    1.718776728    1.732362422    1.402541054
   12.770000000    1.715286022    1.733436793    1.387564874
   12.780000000    1.709972505    1.733755590    1.374710431
   12.790000000    1.701372721    1.731439367    1.363325793
   12.800000000    1.688600204    1.724775581    1.354303766
   12.810000000    1.671588950    1.712765498    1.348738097
   12.820000000    1.651400914    1.695800731    1.346706781
   12.830000000    1.629925446    1.675411196    1.347193957
   12.840000000    1.609261205    1.653457365    1.349072816
   12.850000000    1.591532069    1.632200336    1.352257505
   12.860000000    1.578453012    1.614387673    1.357422597
   12.870000000    1.570660287    1.601978070    1.365033928
   12.880000000    1.567599480    1.594704017    1.375535462
   12.890000000    1.567873474    1.590483228    1.389403688
   12.900000000    1.569925698    1.587534131    1.405643179
   12.910000000    1.572739513    1.585765947    1.420829821
   12.920000000    1.576018736    1.586045233    1.430939346
   12.930000000    1.579492346    1.588309946    1.434080043
   12.940000000    1.582086498    1.590553300    1.431296284
   12.950000000    1.582488105    1.590186594    1.425564071
   12.960000000    1.580370089    1.586517160    1.420234358
   12.970000000    1.576781852    1.581638385    1.417549026
   12.980000000    1.573717301    1.578904120    1.417731592
   12.990000000    1.572822531    1.580244642    1.419182084
   13.000000000    1.573994960    1.584814092    1.419335793
   13.010000000    1.575774036    1.590457352    1.415493876
   13.020000000    1.576986428    1.595831266    1.405857301
   13.030000000    1.577214509    1.600248602    1.390490343
   13.040000000    1.576124304    1.602315688    1.371460417
   13.050000000    1.573381925    1.600188961    1.352387732
   13.060000000    1.568917179    1.592997293    1.337610202
   13.070000000    1.562697869    1.581472481    1.330708025
   13.080000000    1.554728760    1.567822001    1.333182940
   13.090000000    1.545654909    1.555233917    1.344145742
   13.100000000    1.536860157    1.546501291    1.360337293
   13.110000000    1.529479277    1.542464441    1.376359308
   13.120000000    1.522930002    1.541318712    1.386537243
   13.130000000    1.514581830    1.539034320    1.387905130
   13.140000000    1.501551763    1.530864712    1.381356192
   13.150000000    1.483064699    1.513503723    1.370483100
   13.160000000    1.461386079    1.487143865    1.360144697
   13.170000000    1.440743647    1.455899731    1.355213893
   13.180000000    1.425057540    1.425680926    1.358744753
   13.190000000    1.416145405    1.400956904    1.370118067
   13.200000000    1.413340395    1.382873478    1.385371865
   13.210000000    1.414417077    1.370078629    1.400467014
   13.220000000    1.417182621    1.361257215    1.414362197
   13.230000000    1.420793845    1.356788942    1.428622429
   13.240000000    1.426179780    1.358441958    1.444835876
   13.250000000    1.435443850    1.368218592    1.462856385
   13.260000000    1.450230849    1.386930381    1.480160592
   13.270000000    1.469975871    1.412897013    1.492102572
   13.280000000    1.491467930    1.441875468    1.493908155
   13.290000000    1.510111045    1.468685961    1.483538205
   13.300000000    1.522190376    1.489626899    1.463086154
   13.310000000    1.526882193    1.503925004    1.437715189
   13.320000000    1.526492678    1.513176361    1.413040046
   13.330000000    1.524155361    1.519076332    1.392882313
   13.340000000    1.521002357    1.521487561    1.378334222
   13.350000000    1.516239491    1.519370512    1.368000178
   13.360000000    1.509712188    1.513297166    1.359557205
   13.370000000    1.503045709    1.505698288    1.351567047
   13.380000000    1.498191590    1.498704951    1.343936904
   13.390000000    1.495984488    1.492803823    1.337133595
   13.400000000    1.496347372    1.487560574    1.331138226
   13.410000000    1.499116455    1.483013405    1.324982068
   13.420000000    1.504048159    1.480220526    1.317659812
   13.430000000    1.510125363    1.480679460    1.309538469
   13.440000000    1.515591099    1.485420317    1.302105187
   13.450000000    1.519009244    1.494506232    1.296292194
   13.460000000    1.519707496    1.506768478    1.291371019
   13.470000000    1.517531911    1.519879189    1.285541065
   13.480000000    1.513200586    1.531125843    1.277742087
   13.490000000    1.508196634    1.538235111    1.268875273
   13.500000000    1.503634614    1.539857706    1.261324024
   13.510000000    1.499920361    1.536030094    1.257581622
   13.520000000    1.497342767    1.528407178    1.259193201
   13.530000000    1.496063337    1.519451658    1.266295928
   13.540000000    1.495758668    1.511151781    1.277678363
   13.550000000    1.495976520    1.504764422    1.291436431
   13.560000000    1.496804946    1.501346504    1.305875213
   13.570000000    1.498742344    1.501628164    1.319655392
   13.580000000    1.501523730    1.504799769    1.331286720
   13.590000000    1.503220833    1.507791720    1.339138128
   13.600000000    1.500834240    1.506492520    1.341954741
   13.610000000    1.492238645    1.498311116    1.339123050
   13.620000000    1.477982030    1.483992112    1.330713237
   13.630000000    1.461141411    1.467024505    1.317460004
   13.640000000    1.445800366    1.451605599    1.300806186
   13.650000000    1.436021219    1.441381098    1.283438951
   13.660000000    1.434988785    1.438794845    1.269216705
   13.670000000    1.443306449    1.443674931    1.261196420
   13.680000000    1.457782131    1.452289197    1.259230685
   13.690000000    1.472668501    1.459120948    1.259952026
   13.700000000    1.482923000    1.460495157    1.259437807
   13.710000000    1.486461361    1.456352840    1.255808875
   13.720000000    1.483396275    1.448490545    1.249572764
   13.730000000    1.474273645    1.438086440    1.242204987
   13.740000000    1.459506399    1.424967101    1.234810333
   13.750000000    1.439720505    1.408211594    1.228003667
   13.760000000    1.416304363    1.387457886    1.222740900
   13.770000000    1.391717194    1.364228575    1.220656011
   13.780000000    1.369129875    1.341983944    1.222849865
   13.790000000    1.351131224    1.324436410    1.228355807
   13.800000000    1.338671385    1.313828930    1.234277226
   13.810000000    1.331628741    1.310790400    1.237815015
   13.820000000    1.329738669    1.314791227    1.238581907
   13.830000000    1.332039825    1.323795369    1.238668296
   13.840000000    1.336094497    1.334250965    1.240292131
   13.850000000    1.339468949    1.343196378    1.244376399
   13.860000000    1.342262468    1.350633343    1.251362520
   13.870000000    1.347123534    1.358833288    1.262002005
   13.880000000    1.356593851    1.369471278    1.276574435
   13.890000000    1.370773397    1.382187939    1.293881374
   13.900000000    1.387054804    1.395261178    1.311838606
   13.910000000    1.401327362    1.406418900    1.328541333
   13.920000000    1.409551720    1.413299110    1.341882320
   13.930000000    1.409377266    1.414430352    1.348776717
   13.940000000    1.401257292    1.410007470    1.346137599
   13.950000000    1.387696642    1.401123793    1.333115499
   13.960000000    1.371153091    1.388533597    1.312380426
   13.970000000    1.352668842    1.372422670    1.288886452
   13.980000000    1.331920143    1.352690882    1.266754430
   13.990000000    1.308399466    1.329207102    1.246975987
   14.000000000    1.282887625    1.302352267    1.227924704
   14.010000000    1.257716809    1.273656595    1.207802844
   14.020000000    1.235425520    1.245674842    1.186565974
   14.030000000    1.217009944    1.220858604    1.165747112
   14.040000000    1.201398202    1.200315350    1.147096318
   14.050000000    1.186686135    1.183612205    1.131755701
   14.060000000    1.171683856    1.169573539    1.119880933
   14.070000000    1.156161985    1.156955047    1.110163992
   14.080000000    1.140092468    1.144586123    1.100154628
   14.090000000    1.123364015    1.131608487    1.088163044
   14.100000000    1.106312314    1.118034114    1.075028462
   14.110000000    1.089900089    1.104890711    1.063658426
   14.120000000    1.075290278    1.093567294    1.057122898
   14.130000000    1.063428699    1.084931646    1.057308560
   14.140000000    1.054685662    1.078812440    1.064484086
   14.150000000    1.048734744    1.074171978    1.077152332
   14.160000000    1.044945515    1.069939769    1.092275548
   14.170000000    1.042804866    1.065769923    1.106332136
   14.180000000    1.041866835    1.062091553    1.116745654
   14.190000000    1.041533626    1.059680857    1.122690345
   14.200000000    1.041050910    1.059168233    1.125060568
   14.210000000    1.039693002    1.060589493    1.125894249
   14.220000000    1.036874496    1.063007208    1.127031973
   14.230000000    1.032050988    1.064572737    1.128378573
   14.240000000    1.024809835    1.063350874    1.127757298
   14.250000000    1.015294029    1.058173246    1.123038349
   14.260000000    1.004436058    1.048826111    1.114382149
   14.270000000    0.993617972    1.035922384    1.104372161
   14.280000000    0.984089033    1.020872109    1.096271052
   14.290000000    0.976691714    1.005848922    1.092487177
   14.300000000    0.971727150    0.993151392    1.094006882
   14.310000000    0.968662730    0.983950523    1.099798098
   14.320000000    0.966284133    0.977797775    1.106627286
   14.330000000    0.963616467    0.973623868    1.110771880
   14.340000000    0.960635502    0.970883355    1.110459168
   14.350000000    0.958138633    0.969519553    1.106185544
   14.360000000    0.957205545    0.969282540    1.099084999
   14.370000000    0.958667323    0.969420827    1.090056729
   14.380000000    0.962748981    0.968977527    1.080155643
   14.390000000    0.969062071    0.967400089    1.070625717
   14.400000000    0.976911925    0.964948882    1.062546079
   14.410000000    0.985738002    0.962661692    1.056752298
   14.420000000    0.995403690    0.962037838    1.053814432
   14.430000000    1.006050866    0.964506115    1.054272852
   14.440000000    1.017647982    0.970773913    1.059111200
   14.450000000    1.029579410    0.980371625    1.069600785
   14.460000000    1.040723420    0.991788155    1.086549299
   14.470000000    1.049996436    1.003237542    1.109724770
   14.480000000    1.056588149    1.013294628    1.137355883
   14.490000000    1.059815899    1.020851312    1.166053984
   14.500000000    1.058954410    1.024830670    1.191664364
   14.510000000    1.053106307    1.024247394    1.210390997
   14.520000000    1.041439258    1.018532159    1.219615714
   14.530000000    1.023878899    1.007799105    1.218721267
   14.540000000    1.001878077    0.993295585    1.209716585
   14.550000000    0.978597241    0.977780797    1.196547535
   14.560000000    0.957674734    0.964505579    1.182975868
   14.570000000    0.941123844    0.955024059    1.170701885
   14.580000000    0.928423264    0.948212370    1.159317520
   14.590000000    0.917653269    0.941499530    1.147695052
   14.600000000    0.907390355    0.932769619    1.135470213
   14.610000000    0.897749087    0.921381963    1.123677823
   14.620000000    0.889983063    0.908134908    1.114018657
   14.630000000    0.885391658    0.894702384    1.107608301
   14.640000000    0.884567812    0.882979695    1.104474558
   14.650000000    0.886935179    0.874175260    1.103555639
   14.660000000    0.890758171    0.868129391    1.103141878
   14.670000000    0.894164512    0.863842786    1.102048723
   14.680000000    0.896217511    0.860577169    1.100192947
   14.690000000    0.897045300    0.858402150    1.098086044
   14.700000000    0.897384989    0.858016915    1.096640418
   14.710000000    0.897973086    0.859939691    1.097021132
   14.720000000    0.899157608    0.863797448    1.099629878
   14.730000000    0.900983561    0.868589436    1.103782047
   14.740000000    0.903320246    0.873438539    1.108634939
   14.750000000    0.905772184    0.877903153    1.113379275
   14.760000000    0.907648714    0.881822424    1.116630863
   14.770000000    0.908040997    0.884994885    1.116464097
   14.780000000    0.906096322    0.886986255    1.111092047
   14.790000000    0.901576525    0.887376722    1.099925181
   14.800000000    0.895103460    0.886053946    1.084359652
   14.810000000    0.887755081    0.883124450    1.067057002
   14.820000000    0.880620330    0.878907037    1.050436925
   14.830000000    0.874651657    0.874150381    1.036057068
   14.840000000    0.870415746    0.869799199    1.024610481
   14.850000000    0.867818008    0.866273592    1.015866724
   14.860000000    0.866222074    0.863139543    1.008854333
   14.870000000    0.864704993    0.859592493    1.002249955
   14.880000000    0.862321399    0.855243113    0.994997046
   14.890000000    0.858592593    0.850450543    0.987183020
   14.900000000    0.853850006    0.846027471    0.980201892
   14.910000000    0.849063943    0.842743069    0.975708798
   14.920000000    0.845384794    0.841137816    0.974661965
   14.930000000    0.843813479    0.841699605    0.977600932
   14.940000000    0.845104265    0.844847456    0.985166269
   14.950000000    0.849570849    0.850512695    0.997389372
   14.960000000    0.856699899    0.857977345    1.012432132
   14.970000000    0.865027840    0.866179884    1.026825794
   14.980000000    0.872609294    0.873894583    1.037675265
   14.990000000    0.877793410    0.879770656    1.044370829
   15.000000000    0.879580489    0.882543605    1.047614615
   15.010000000    0.877460726    0.881489872    1.047608676
   15.020000000    0.871371467    0.876894216    1.044014282
   15.030000000    0.861820949    0.869819674    1.036614158
   15.040000000    0.849627208    0.861120007    1.024970411
   15.050000000    0.835599648    0.850940810    1.008630585
   15.060000000    0.820799891    0.839446860    0.988865107
   15.070000000    0.806847528    0.827800274    0.969563910
   15.080000000    0.795592279    0.818097440    0.955538808
   15.090000000    0.788494804    0.812303760    0.949618479
   15.100000000    0.786228413    0.811310204    0.950922693
   15.110000000    0.788613419    0.814846487    0.955482307
   15.120000000    0.794721506    0.821838401    0.958689311
   15.130000000    0.802933864    0.830570825    0.957737808
   15.140000000    0.811159829    0.838906190    0.952221683
   15.150000000    0.817606691    0.845067155    0.943331882
   15.160000000    0.821608198    0.848460975    0.933126377
   15.170000000    0.823375866    0.849420852    0.923713053
   15.180000000    0.822902807    0.847986942    0.916306738
   15.190000000    0.819656975    0.843414445    0.911147242
   15.200000000    0.813387367    0.835163511    0.908212684
   15.210000000    0.804528883    0.823781415    0.907467503
   15.220000000    0.793686645    0.810410108    0.908349102
   15.230000000    0.781288959    0.796018580    0.909408735
   15.240000000    0.768082125    0.781556457    0.908577821
   15.250000000    0.755532409    0.768257192    0.904024326
   15.260000000    0.745162005    0.757242886    0.895417409
   15.270000000    0.737797198    0.749153618    0.884685612
   15.280000000    0.733649420    0.744242725    0.875238354
   15.290000000    0.732657585    0.742594225    0.870142157
   15.300000000    0.734498566    0.744209384    0.870623996
   15.310000000    0.738383666    0.748811888    0.875654935
   15.320000000    0.743153007    0.755627813    0.882871459
   15.330000000    0.747803262    0.763494949    0.890094264
   15.340000000    0.751909013    0.771159984    0.896163534
   15.350000000    0.755524095    0.777435541    0.900985310
   15.360000000    0.758903664    0.781386818    0.905178688
   15.370000000    0.762515533    0.782859521    0.909494101
   15.380000000    0.766956818    0.782644789    0.914586173
   15.390000000    0.772314851    0.781709593    0.921088757
   15.400000000    0.777722446    0.780368388    0.929040967
   15.410000000    0.781882420    0.778168115    0.937233099
   15.420000000    0.783909421    0.774269297    0.943883310
   15.430000000    0.783547205    0.768000820    0.947757306
   15.440000000    0.780754463    0.759279756    0.948154307
   15.450000000    0.775420201    0.748591135    0.944472170
   15.460000000    0.767747992    0.736820506    0.936676017
   15.470000000    0.758684872    0.725191547    0.926192723
   15.480000000    0.749719801    0.715055194    0.915821888
   15.490000000    0.742338422    0.707517268    0.908280843
   15.500000000    0.737651316    0.703238356    0.904526787
   15.510000000    0.736224329    0.702380432    0.903119735
   15.520000000    0.737906932    0.704480747    0.901152621
   15.530000000    0.741706679    0.708411220    0.896262420
   15.540000000    0.745955509    0.712591915    0.887861587
   15.550000000    0.748841064    0.715426698    0.876636438
   15.560000000    0.748981237    0.715886466    0.863459964
   15.570000000    0.745623559    0.713840726    0.848660060
   15.580000000    0.738556614    0.709723906    0.831927516
   15.590000000    0.728298267    0.704091403    0.813021248
   15.600000000    0.716366483    0.697566787    0.792554650
   15.610000000    0.704805242    0.690715168    0.771841991
   15.620000000    0.695347177    0.684053149    0.752304049
   15.630000000    0.689008333    0.678418831    0.735246396
   15.640000000    0.685829965    0.674735495    0.721487216
   15.650000000    0.684614135    0.673065830    0.710629016
   15.660000000    0.683237221    0.672173954    0.701049783
   15.670000000    0.679820526    0.670307254    0.691282872
   15.680000000    0.673897046    0.666521209    0.681349146
   15.690000000    0.666335598    0.661121015    0.672308845
   15.700000000    0.658261996    0.654901303    0.664783511
   15.710000000    0.650333441    0.648405469    0.658378048
   15.720000000    0.642856111    0.641949457    0.652422561
   15.730000000    0.635981231    0.635837610    0.646874991
   15.740000000    0.629652426    0.630436413    0.642258141
   15.750000000    0.623818276    0.626350941    0.638685249
   15.760000000    0.618723210    0.624431324    0.635407365
   15.770000000    0.614746348    0.625354782    0.631712853
   15.780000000    0.612059700    0.629149300    0.627755120
   15.790000000    0.610527409    0.634951074    0.624135745
   15.800000000    0.609781596    0.641143987    0.621185514
   15.810000000    0.609392518    0.646011975    0.618895962
   15.820000000    0.609114327    0.648487125    0.617184464
   15.830000000    0.608955908    0.648363078    0.616096977
   15.840000000    0.609043529    0.646156101    0.616179959
   15.850000000    0.609557271    0.642975290    0.618644421
   15.860000000    0.610798352    0.640167186    0.624524899
   15.870000000    0.613164882    0.638662874    0.633386707
   15.880000000    0.617035049    0.638623027    0.642973372
   15.890000000    0.622649356    0.639668189    0.650220368
   15.900000000    0.629884971    0.641125388    0.652916305
   15.910000000    0.638027056    0.642162462    0.650771086
   15.920000000    0.645845927    0.642216789    0.645040238
   15.930000000    0.652009161    0.641404880    0.637344166
   15.940000000    0.655520945    0.640298211    0.628835444
   15.950000000    0.655989167    0.639368286    0.619972898
   15.960000000    0.653723860    0.638712763    0.610776586
   15.970000000    0.649660370    0.638151939    0.601433251
   15.980000000    0.644986578    0.637463824    0.592679777
   15.990000000    0.640640017    0.636496987    0.585518239
   16.000000000    0.636993879    0.635083066    0.580621995
   16.010000000    0.633713727    0.632933634    0.577982368
   16.020000000    0.629890289    0.629839487    0.577019214
   16.030000000    0.624619850    0.625965391    0.576958765
   16.040000000    0.617766112    0.621735110    0.576963669
   16.050000000    0.610105223    0.617336937    0.575835046
   16.060000000    0.602631426    0.612460982    0.571918120
   16.070000000    0.596012670    0.606815000    0.563861453
   16.080000000    0.590743629    0.600814966    0.551626448
   16.090000000    0.587327109    0.595413597    0.536707714
   16.100000000    0.585941094    0.591379527    0.521561300
   16.110000000    0.585999321    0.588775589    0.508682992
   16.120000000    0.586354204    0.586955780    0.499850946
   16.130000000    0.586085316    0.585209700    0.496051149
   16.140000000    0.585006742    0.583446559    0.497804358
   16.150000000    0.583621030    0.582323410    0.505304666
   16.160000000    0.582968317    0.583052871    0.518293079
   16.170000000    0.584305176    0.586932799    0.535679287
   16.180000000    0.588452385    0.594524839    0.555159726
   16.190000000    0.595383446    0.605205635    0.573628325
   16.200000000    0.604580318    0.617725007    0.588574774
   16.210000000    0.615607093    0.631045330    0.599328086
   16.220000000    0.628019274    0.644370868    0.606826045
   16.230000000    0.641020963    0.656842576    0.612278053
   16.240000000    0.653770245    0.667858720    0.616434655
   16.250000000    0.665910405    0.677500010    0.619814531
   16.260000000    0.677494639    0.686224564    0.622798196
   16.270000000    0.688358711    0.694119272    0.625394787
   16.280000000    0.697694693    0.700621500    0.627153001
   16.290000000    0.704477625    0.705056704    0.627320494
   16.300000000    0.708367056    0.707327447    0.625318266
   16.310000000    0.709990034    0.707887596    0.621209623
   16.320000000    0.710270068    0.707078070    0.615599923
   16.330000000    0.709821033    0.704950428    0.609179654
   16.340000000    0.709259225    0.701987828    0.602460078
   16.350000000    0.709689882    0.699464998    0.595731293
   16.360000000    0.712498739    0.698818036    0.589244410
   16.370000000    0.718729294    0.701017541    0.583509942
   16.380000000    0.728549988    0.706370011    0.579138024
   16.390000000    0.741111915    0.714366932    0.576398187
   16.400000000    0.754897580    0.723733229    0.575271700
   16.410000000    0.768193441    0.732833868    0.575555438
   16.420000000    0.779463375    0.740263907    0.576363123
   16.430000000    0.787739664    0.745436739    0.575984770
   16.440000000    0.792821756    0.748728735    0.572826589
   16.450000000    0.795067837    0.750965037    0.566330143
   16.460000000    0.795011983    0.752717136    0.557045492
   16.470000000    0.793144510    0.753999105    0.546204197
   16.480000000    0.789732163    0.754327251    0.535099568
   16.490000000    0.784812137    0.753109254    0.524654874
   16.500000000    0.778527875    0.750268693    0.515428176
   16.510000000    0.771251504    0.746530755    0.507572088
   16.520000000    0.763404609    0.743153982    0.500670755
   16.530000000    0.755398374    0.741343775    0.494025139
   16.540000000    0.747811599    0.741789007    0.487280626
   16.550000000    0.741653685    0.744761921    0.480711071
   16.560000000    0.738283657    0.750523507    0.475103005
   16.570000000    0.738720365    0.759267343    0.471562254
   16.580000000    0.742962656    0.770537887    0.471194676
   16.590000000    0.750099255    0.782939231    0.474653859
   16.600000000    0.758709418    0.794522432    0.481705687
   16.610000000    0.766939031    0.803473189    0.491060946
   16.620000000    0.772786919    0.808593404    0.500753428
   16.630000000    0.774895853    0.809470187    0.508864861
   16.640000000    0.773195807    0.806524283    0.514192391
   16.650000000    0.768745369    0.800783669    0.516562075
   16.660000000    0.762943303    0.793402114    0.516674385
   16.670000000    0.756965803    0.785472192    0.515849583
   16.680000000    0.751723173    0.778081635    0.515730299
   16.690000000    0.747768279    0.772078294    0.517632315
   16.700000000    0.744994008    0.767666759    0.521834079
   16.710000000    0.742623219    0.764229183    0.527398316
   16.720000000    0.739617070    0.760447585    0.532595529
   16.730000000    0.735141643    0.754774503    0.535551190
   16.740000000    0.728942393    0.746311141    0.534937759
   16.750000000    0.721465888    0.735413286    0.530542420
   16.760000000    0.713468094    0.723296282    0.523350862
   16.770000000    0.705445845    0.711252725    0.515170189
   16.780000000    0.697552865    0.700263750    0.508088946
   16.790000000    0.689913648    0.690840816    0.503931288
   16.800000000    0.682717328    0.682899098    0.503597710
   16.810000000    0.675978982    0.675856570    0.506530399
   16.820000000    0.669320283    0.668940632    0.511041775
   16.830000000    0.662132451    0.661545984    0.515488702
   16.840000000    0.653984933    0.653518482    0.519050268
   16.850000000    0.644808548    0.645121358    0.521474299
   16.860000000    0.634846906    0.636760905    0.522623272
   16.870000000    0.624619697    0.628809755    0.522358600
   16.880000000    0.614820404    0.621478287    0.520592598
   16.890000000    0.606106684    0.614616689    0.517525652
   16.900000000    0.599186481    0.607913421    0.513939047
   16.910000000    0.595083443    0.601550736    0.511122428
   16.920000000    0.594800715    0.596431082    0.510274132
   16.930000000    0.598382721    0.593464709    0.511706177
   16.940000000    0.604359602    0.592592971    0.514554719
   16.950000000    0.610254606    0.592622164    0.517328987
   16.960000000    0.613857206    0.592121586    0.518739410
   16.970000000    0.614145830    0.590364903    0.518103534
   16.980000000    0.611156561    0.587364719    0.515410882
   16.990000000    0.605469503    0.583373491    0.511157742
   17.000000000    0.598046008    0.578632784    0.505805868
   17.010000000    0.590143580    0.573464151    0.499467551
   17.020000000    0.582954812    0.568303090    0.492419274
   17.030000000    0.577250429    0.563494600    0.485696055
   17.040000000    0.573327970    0.559146338    0.480814778
   17.050000000    0.571136183    0.555236430    0.478944127
   17.060000000    0.570375896    0.551794381    0.480246524
   17.070000000    0.570527731    0.548984302    0.483735788
   17.080000000    0.570806302    0.546953631    0.487709095
   17.090000000    0.570241136    0.545554464    0.490460179
   17.100000000    0.568049170    0.544325840    0.490922759
   17.110000000    0.564004047    0.542784035    0.489070749
   17.120000000    0.558386761    0.540606372    0.485854458
   17.130000000    0.551724799    0.537622474    0.482540240
   17.140000000    0.544770759    0.533931297    0.479830693
   17.150000000    0.538400356    0.529912411    0.477447506
   17.160000000    0.533049381    0.525838703    0.474493926
   17.170000000    0.528437247    0.521734640    0.470379788
   17.180000000    0.524266399    0.517901500    0.465526707
   17.190000000    0.520991858    0.515268377    0.461157767
   17.200000000    0.519620352    0.514929001    0.458520471
   17.210000000    0.520968757    0.517445745    0.458180782
   17.220000000    0.525096458    0.522508340    0.459640507
   17.230000000    0.531207368    0.529051940    0.461617412
   17.240000000    0.538126635    0.535804867    0.462953264
   17.250000000    0.544855654    0.541864910    0.463264247
   17.260000000    0.550660805    0.546843614    0.462693146
   17.270000000    0.555049224    0.550776847    0.461442186
   17.280000000    0.557986457    0.554103743    0.459838443
   17.290000000    0.559842084    0.557406512    0.458510352
   17.300000000    0.560874471    0.560817910    0.458096190
   17.310000000    0.560935575    0.563778459    0.458684017
   17.320000000    0.559759747    0.565567087    0.459749549
   17.330000000    0.557437268    0.566108911    0.460770638
   17.340000000    0.554609478    0.566243028    0.461708440
   17.350000000    0.552225053    0.567123455    0.462956396
   17.360000000    0.550982290    0.569233144    0.465172512
   17.370000000    0.550927319    0.571977158    0.469176670
   17.380000000    0.551598351    0.574275196    0.475658123
   17.390000000    0.552487214    0.575419956    0.484743563
   17.400000000    0.553314925    0.575369605    0.495851364
   17.410000000    0.553924458    0.574536358    0.507889533
   17.420000000    0.554137634    0.573489856    0.519536140
   17.430000000    0.553902697    0.572664859    0.529544741
   17.440000000    0.553333612    0.571992468    0.536928555
   17.450000000    0.552454969    0.570796885    0.540990500
   17.460000000    0.551195870    0.568302062    0.541644674
   17.470000000    0.549652501    0.564304647    0.539795893
   17.480000000    0.548056437    0.559387728    0.536881492
   17.490000000    0.546657433    0.554668037    0.534069186
   17.500000000    0.545939404    0.551453566    0.532260333
   17.510000000    0.546627701    0.550869577    0.532443780
   17.520000000    0.549188905    0.553412655    0.535469575
   17.530000000    0.553516629    0.558765133    0.541446778
   17.540000000    0.559138773    0.565989757    0.549446095
   17.550000000    0.565443552    0.573775745    0.557900025
   17.560000000    0.571758192    0.580717930    0.565410498
   17.570000000    0.577689530    0.585942229    0.571317464
   17.580000000    0.583499599    0.589632619    0.575748917
   17.590000000    0.589811627    0.592674297    0.579373322
   17.600000000    0.596801346    0.595783121    0.583136054
   17.610000000    0.603664660    0.599043904    0.587903650
   17.620000000    0.608825350    0.602005245    0.594098080
   17.630000000    0.610756473    0.603984513    0.601667322
   17.640000000    0.608855450    0.604403882    0.610280661
   17.650000000    0.603867115    0.603168881    0.619422982
   17.660000000    0.597594299    0.600922632    0.628347435
   17.670000000    0.591975045    0.598750871    0.635899230
   17.680000000    0.588262801    0.597504494    0.640698587
   17.690000000    0.586957145    0.597466514    0.642024727
   17.700000000    0.588170003    0.598547667    0.640577423
   17.710000000    0.591784212    0.600594535    0.638221321
   17.720000000    0.597246814    0.603459177    0.636931132
   17.730000000    0.603397492    0.606881224    0.637749318
   17.740000000    0.608812443    0.610441940    0.640281149
   17.750000000    0.612503280    0.613692732    0.643011830
   17.760000000    0.614252610    0.616310676    0.644255655
   17.770000000    0.614311205    0.618037655    0.642963372
   17.780000000    0.612893542    0.618438483    0.638866267
   17.790000000    0.609963959    0.616901685    0.632314681
   17.800000000    0.605369278    0.613015367    0.624259333
   17.810000000    0.599032972    0.606890573    0.616123700
   17.820000000    0.591100687    0.599081023    0.609285686
   17.830000000    0.582104053    0.590259711    0.604490578
   17.840000000    0.573108758    0.581188505    0.601727437
   17.850000000    0.565591958    0.572948417    0.600570239
   17.860000000    0.560874746    0.566795578    0.600559479
   17.870000000    0.559523480    0.563604091    0.601407688
   17.880000000    0.561268041    0.563488920    0.603002097
   17.890000000    0.565353458    0.565850451    0.605128538
   17.900000000    0.570969598    0.569705117    0.607301404
   17.910000000    0.577641812    0.574237389    0.609225655
   17.920000000    0.585392126    0.579219905    0.611261888
   17.930000000    0.594443877    0.584831464    0.614039390
   17.940000000    0.604762567    0.591205829    0.617858171
   17.950000000    0.615805137    0.598210810    0.622629313
   17.960000000    0.626464952    0.605347389    0.627781536
   17.970000000    0.635345321    0.611776252    0.631933263
   17.980000000    0.641434331    0.616675310    0.633304801
   17.990000000    0.644719688    0.619801493    0.630978606
   18.000000000    0.646238942    0.621789475    0.625690695
   18.010000000    0.647502426    0.623812184    0.619357854
   18.020000000    0.649662949    0.626831772    0.613984511
   18.030000000    0.652938680    0.630998800    0.610911132
   18.040000000    0.656711909    0.635666085    0.610686196
   18.050000000    0.660165974    0.639978981    0.613292792
   18.060000000    0.662754634    0.643357990    0.618412386
   18.070000000    0.664237466    0.645543320    0.625622982
   18.080000000    0.664514558    0.646485422    0.634431528
   18.090000000    0.663417770    0.646251106    0.644114782
   18.100000000    0.660712418    0.644988137    0.653612436
   18.110000000    0.656557552    0.643129770    0.661790341
   18.120000000    0.651916799    0.641574338    0.667977463
   18.130000000    0.648184690    0.641251361    0.672117322
   18.140000000    0.646423422    0.642552406    0.674450731
   18.150000000    0.646954101    0.645323072    0.675307186
   18.160000000    0.649300686    0.649053425    0.675035253
   18.170000000    0.652399201    0.652994830    0.673889316
   18.180000000    0.655006763    0.656355942    0.672104287
   18.190000000    0.656055122    0.658459414    0.670099112
   18.200000000    0.654872761    0.658796458    0.668441670
   18.210000000    0.651419634    0.657251379    0.667692703
   18.220000000    0.646546894    0.654522089    0.668391221
   18.230000000    0.641980433    0.652175655    0.670990276
   18.240000000    0.639600915    0.651834957    0.675499115
   18.250000000    0.640212039    0.653942465    0.681102358
   18.260000000    0.642949280    0.657342623    0.686233210
   18.270000000    0.645935702    0.660117426    0.689082469
   18.280000000    0.647480508    0.660716496    0.688292858
   18.290000000    0.646938842    0.658542327    0.683718696
   18.300000000    0.644757521    0.653989753    0.676637297
   18.310000000    0.641721805    0.648014099    0.668868112
   18.320000000    0.638266069    0.641542663    0.661599777
   18.330000000    0.634555243    0.635305691    0.655021230
   18.340000000    0.630835733    0.629934423    0.648654678
   18.350000000    0.627302497    0.625717765    0.641816497
   18.360000000    0.623661823    0.622197075    0.634132768
   18.370000000    0.619144705    0.618325911    0.625772021
   18.380000000    0.613123971    0.613299467    0.617070429
   18.390000000    0.605659457    0.607252985    0.608230732
   18.400000000    0.597439583    0.600996888    0.599487623
   18.410000000    0.589243486    0.595089841    0.591229496
   18.420000000    0.581498909    0.589471042    0.583809335
   18.430000000    0.574443593    0.584124837    0.577411044
   18.440000000    0.568549563    0.579773185    0.572146307
   18.450000000    0.564481206    0.577620832    0.568145146
   18.460000000    0.562612485    0.578487040    0.565441479
   18.470000000    0.562771694    0.582201586    0.563854866
   18.480000000    0.564450262    0.587676392    0.563175635
   18.490000000    0.567075098    0.593523764    0.563333711
   18.500000000    0.570073264    0.598647993    0.564130147
   18.510000000    0.572824558    0.602303648    0.565023671
   18.520000000    0.574757935    0.603963090    0.565496897
   18.530000000    0.575693101    0.603500923    0.565492524
   18.540000000    0.576131046    0.601443856    0.565229065
   18.550000000    0.577140083    0.598846841    0.564685773
   18.560000000    0.579788826    0.596785842    0.563485822
   18.570000000    0.584481616    0.595785219    0.561252029
   18.580000000    0.590642297    0.595529136    0.557868353
   18.590000000    0.596854021    0.594994225    0.553358256
   18.600000000    0.601407844    0.593007621    0.547744899
   18.610000000    0.603063870    0.589007817    0.541117705
   18.620000000    0.601517493    0.583400323    0.533813128
   18.630000000    0.597305742    0.577207292    0.526626587
   18.640000000    0.591512656    0.571523580    0.520718122
   18.650000000    0.585476221    0.567219399    0.517055525
   18.660000000    0.580337899    0.564756958    0.515905522
   18.670000000    0.576642584    0.564064650    0.516819900
   18.680000000    0.574356794    0.564659419    0.519059136
   18.690000000    0.573191880    0.565998886    0.522164944
   18.700000000    0.572921309    0.567823942    0.526258342
   18.710000000    0.573518898    0.570224821    0.531760389
   18.720000000    0.575014532    0.573284444    0.538836807
   18.730000000    0.577277541    0.576680398    0.547256117
   18.740000000    0.580117142    0.579826508    0.556738455
   18.750000000    0.583576107    0.582458348    0.567158916
   18.760000000    0.587918545    0.584937803    0.578395137
   18.770000000    0.593264658    0.587817013    0.590096459
   18.780000000    0.599300647    0.591104496    0.601527280
   18.790000000    0.605269466    0.594019586    0.611472443
   18.800000000    0.610183330    0.595459383    0.618402441
   18.810000000    0.613260418    0.594815816    0.621361937
   18.820000000    0.614422585    0.592539487    0.621036012
   18.830000000    0.614451751    0.590023941    0.619537936
   18.840000000    0.614591790    0.588867748    0.619030099
   18.850000000    0.615887490    0.590062744    0.620716911
   18.860000000    0.618612882    0.593608917    0.624767241
   18.870000000    0.622045298    0.598647445    0.630734405
   18.880000000    0.624826320    0.603915176    0.637929393
   18.890000000    0.625744039    0.608222584    0.645499777
   18.900000000    0.624300584    0.610737245    0.652445191
   18.910000000    0.620684760    0.611067862    0.657741182
   18.920000000    0.615424160    0.609277250    0.660573470
   18.930000000    0.609049181    0.605750617    0.660557382
   18.940000000    0.601948007    0.600876521    0.657721405
   18.950000000    0.594507025    0.594851326    0.652380303
   18.960000000    0.587274162    0.587866849    0.645202452
   18.970000000    0.580820284    0.580396815    0.637235904
   18.980000000    0.575452023    0.573124943    0.629417871
   18.990000000    0.571102881    0.566599269    0.621939403
   19.000000000    0.567425161    0.561004980    0.614358173
   19.010000000    0.563940669    0.556223072    0.606288888
   19.020000000    0.560249459    0.552109724    0.597758310
   19.030000000    0.556291542    0.548740194    0.589223535
   19.040000000    0.552478796    0.546374200    0.581513786
   19.050000000    0.549584603    0.545269307    0.575544692
   19.060000000    0.548449916    0.545612325    0.572025091
   19.070000000    0.549661013    0.547575936    0.571374541
   19.080000000    0.553394572    0.551361124    0.573686590
   19.090000000    0.559495992    0.557143038    0.578761857
   19.100000000    0.567645460    0.564915914    0.586209096
   19.110000000    0.577410404    0.574384128    0.595419156
   19.120000000    0.588105764    0.584982734    0.605482989
   19.130000000    0.598587189    0.595850313    0.615178282
   19.140000000    0.607266527    0.605718001    0.623086075
   19.150000000    0.612560803    0.613077936    0.627952172
   19.160000000    0.613543931    0.616771699    0.629092171
   19.170000000    0.610301134    0.616510568    0.626475706
   19.180000000    0.603834900    0.612927154    0.620506551
   19.190000000    0.595726321    0.607272946    0.611958922
   19.200000000    0.587642138    0.600947781    0.602145459
   19.210000000    0.580773337    0.594990836    0.592742015
   19.220000000    0.575514367    0.589773092    0.585159793
   19.230000000    0.571596107    0.585097360    0.580013478
   19.240000000    0.568579586    0.580616029    0.577017560
   19.250000000    0.566270939    0.576180419    0.575324201
   19.260000000    0.564626657    0.571837107    0.574121229
   19.270000000    0.563414218    0.567643264    0.572953320
   19.280000000    0.562208740    0.563680320    0.571606162
   19.290000000    0.560676110    0.560199052    0.570062328
   19.300000000    0.558714106    0.557527186    0.568666336
   19.310000000    0.556335727    0.555747625    0.567983844
   19.320000000    0.553560928    0.554555153    0.568303208
   19.330000000    0.550570983    0.553563300    0.569429057
   19.340000000    0.547894664    0.552786520    0.570936922
   19.350000000    0.546194087    0.552684226    0.572335461
   19.360000000    0.545800972    0.553722596    0.573059248
   19.370000000    0.546606191    0.556106553    0.572852344
   19.380000000    0.548405549    0.559866611    0.572236293
   19.390000000    0.551141546    0.564891923    0.572293806
   19.400000000    0.554694935    0.570749303    0.573976984
   19.410000000    0.558568758    0.576546310    0.577550807
   19.420000000    0.561967684    0.581150093    0.582521506
   19.430000000    0.564253954    0.583760066    0.588153953
   19.440000000    0.565330988    0.584388346    0.594157898
   19.450000000    0.565552190    0.583695710    0.600810851
   19.460000000    0.565264024    0.582318553    0.608435635
   19.470000000    0.564608105    0.580490848    0.616917756
   19.480000000    0.563734894    0.578266512    0.625727937
   19.490000000    0.563040001    0.575946128    0.634296673
   19.500000000    0.563114960    0.574140738    0.642232505
   19.510000000    0.564369378    0.573291075    0.649126616
   19.520000000    0.566746188    0.573255910    0.654429326
   19.530000000    0.569893998    0.573516200    0.657761243
   19.540000000    0.573467932    0.573672299    0.659225327
   19.550000000    0.577113505    0.573608829    0.659240371
   19.560000000    0.580222537    0.573207934    0.658048576
   19.570000000    0.581872564    0.572078933    0.655676136
   19.580000000    0.581118027    0.569673213    0.652417031
   19.590000000    0.577349169    0.565617467    0.648831942
   19.600000000    0.570471409    0.559940056    0.645232560
   19.610000000    0.561066112    0.553138590    0.641601189
   19.620000000    0.550442644    0.546110222    0.637875738
   19.630000000    0.540203231    0.539847200    0.633942375
   19.640000000    0.531507890    0.534974182    0.629562772
   19.650000000    0.524645340    0.531463404    0.624624951
   19.660000000    0.519215913    0.528774182    0.619373615
   19.670000000    0.514642389    0.526241717    0.614239249
   19.680000000    0.510470645    0.523306340    0.609411011
   19.690000000    0.506263874    0.519427405    0.604603166
   19.700000000    0.501491341    0.514036062    0.599354768
   19.710000000    0.495762739    0.506888597    0.593533822
   19.720000000    0.489132812    0.498438771    0.587359128
   19.730000000    0.482121586    0.489680644    0.581003444
   19.740000000    0.475466693    0.481657206    0.574481698
   19.750000000    0.469738900    0.475053678    0.567815643
   19.760000000    0.465068347    0.470022976    0.561037597
   19.770000000    0.461198196    0.466256119    0.554289105
   19.780000000    0.457716729    0.463175316    0.548090693
   19.790000000    0.454260522    0.460175217    0.543267060
   19.800000000    0.450738863    0.456980340    0.540588584
   19.810000000    0.447533310    0.453895760    0.540565472
   19.820000000    0.445390941    0.451630633    0.543399040
   19.830000000    0.445027760    0.450893288    0.548949674
   19.840000000    0.446755288    0.452086556    0.556702976
   19.850000000    0.450272313    0.455066558    0.565661270
   19.860000000    0.454668974    0.458970450    0.574228353
   19.870000000    0.458736058    0.462423276    0.580599177
   19.880000000    0.461516708    0.464210070    0.583710372
   19.890000000    0.462691428    0.463849106    0.583710373
   19.900000000    0.462447870    0.461537303    0.581420663
   19.910000000    0.461067647    0.457690579    0.577654802
   19.920000000    0.458687789    0.452603723    0.573029004
   19.930000000    0.455409640    0.446524703    0.567963110
   19.940000000    0.451559492    0.439963668    0.562684730
   19.950000000    0.447789245    0.433765855    0.557510712
   19.960000000    0.444861486    0.428805525    0.553084660
   19.970000000    0.443219250    0.425546019    0.549873588
   19.980000000    0.442697081    0.423799980    0.547484941
   19.990000000    0.442719443    0.422968608    0.544877037
   20.000000000    0.442834841    0.422579345    0.541273771
   20.010000000    0.442944487    0.422507777    0.536874340
   20.020000000    0.443044642    0.422753883    0.532807339
   20.030000000    0.443043473    0.423292382    0.530291797
   20.040000000    0.442887846    0.424150229    0.529619665
   20.050000000    0.442569454    0.425278724    0.529810887
