# energy grid [eV]     epsi_x  epsi_y  epsi_z
#
    0.050000000    0.000676828    0.000963063    0.000859795
    0.060000000    0.000812284    0.001155824    0.001031869
    0.070000000    0.000947788    0.001348666    0.001204007
    0.080000000    0.001083350    0.001541602    0.001376218
    0.090000000    0.001218977    0.001734647    0.001548513
    0.100000000    0.001354677    0.001927813    0.001720902
    0.110000000    0.001490459    0.002121115    0.001893397
    0.120000000    0.001626332    0.002314565    0.002066008
    0.130000000    0.001762302    0.002508178    0.002238745
    0.140000000    0.001898380    0.002701968    0.002411619
    0.150000000    0.002034572    0.002895948    0.002584641
    0.160000000    0.002170887    0.003090131    0.002757821
    0.170000000    0.002307334    0.003284532    0.002931171
    0.180000000    0.002443921    0.003479165    0.003104700
    0.190000000    0.002580656    0.003674044    0.003278420
    0.200000000    0.002717548    0.003869182    0.003452342
    0.210000000    0.002854605    0.004064593    0.003626477
    0.220000000    0.002991836    0.004260293    0.003800834
    0.230000000    0.003129250    0.004456294    0.003975427
    0.240000000    0.003266854    0.004652612    0.004150264
    0.250000000    0.003404658    0.004849260    0.004325358
    0.260000000    0.003542670    0.005046253    0.004500720
    0.270000000    0.003680899    0.005243606    0.004676360
    0.280000000    0.003819354    0.005441333    0.004852290
    0.290000000    0.003958043    0.005639448    0.005028522
    0.300000000    0.004096975    0.005837967    0.005205066
    0.310000000    0.004236160    0.006036904    0.005381934
    0.320000000    0.004375605    0.006236274    0.005559137
    0.330000000    0.004515321    0.006436092    0.005736688
    0.340000000    0.004655316    0.006636374    0.005914597
    0.350000000    0.004795600    0.006837134    0.006092876
    0.360000000    0.004936181    0.007038388    0.006271538
    0.370000000    0.005077069    0.007240152    0.006450593
    0.380000000    0.005218272    0.007442441    0.006630054
    0.390000000    0.005359802    0.007645270    0.006809933
    0.400000000    0.005501666    0.007848656    0.006990242
    0.410000000    0.005643875    0.008052615    0.007170993
    0.420000000    0.005786438    0.008257162    0.007352198
    0.430000000    0.005929364    0.008462314    0.007533870
    0.440000000    0.006072664    0.008668087    0.007716021
    0.450000000    0.006216347    0.008874499    0.007898664
    0.460000000    0.006360424    0.009081565    0.008081811
    0.470000000    0.006504904    0.009289302    0.008265476
    0.480000000    0.006649797    0.009497728    0.008449670
    0.490000000    0.006795114    0.009706859    0.008634407
    0.500000000    0.006940864    0.009916714    0.008819700
    0.510000000    0.007087059    0.010127309    0.009005563
    0.520000000    0.007233709    0.010338662    0.009192008
    0.530000000    0.007380823    0.010550792    0.009379050
    0.540000000    0.007528414    0.010763716    0.009566701
    0.550000000    0.007676492    0.010977452    0.009754976
    0.560000000    0.007825067    0.011192020    0.009943887
    0.570000000    0.007974151    0.011407437    0.010133451
    0.580000000    0.008123754    0.011623723    0.010323679
    0.590000000    0.008273889    0.011840897    0.010514587
    0.600000000    0.008424566    0.012058978    0.010706190
    0.610000000    0.008575797    0.012277986    0.010898501
    0.620000000    0.008727594    0.012497941    0.011091536
    0.630000000    0.008879968    0.012718863    0.011285309
    0.640000000    0.009032932    0.012940772    0.011479836
    0.650000000    0.009186496    0.013163688    0.011675131
    0.660000000    0.009340674    0.013387633    0.011871211
    0.670000000    0.009495478    0.013612628    0.012068090
    0.680000000    0.009650921    0.013838694    0.012265785
    0.690000000    0.009807014    0.014065853    0.012464311
    0.700000000    0.009963771    0.014294126    0.012663685
    0.710000000    0.010121205    0.014523537    0.012863922
    0.720000000    0.010279329    0.014754107    0.013065041
    0.730000000    0.010438155    0.014985860    0.013267056
    0.740000000    0.010597699    0.015218819    0.013469986
    0.750000000    0.010757972    0.015453007    0.013673847
    0.760000000    0.010918990    0.015688449    0.013878657
    0.770000000    0.011080765    0.015925168    0.014084434
    0.780000000    0.011243313    0.016163189    0.014291195
    0.790000000    0.011406648    0.016402537    0.014498958
    0.800000000    0.011570784    0.016643237    0.014707742
    0.810000000    0.011735736    0.016885316    0.014917565
    0.820000000    0.011901519    0.017128799    0.015128446
    0.830000000    0.012068149    0.017373713    0.015340405
    0.840000000    0.012235640    0.017620084    0.015553460
    0.850000000    0.012404009    0.017867940    0.015767632
    0.860000000    0.012573271    0.018117310    0.015982939
    0.870000000    0.012743443    0.018368220    0.016199403
    0.880000000    0.012914541    0.018620700    0.016417044
    0.890000000    0.013086582    0.018874779    0.016635882
    0.900000000    0.013259582    0.019130487    0.016855939
    0.910000000    0.013433559    0.019387853    0.017077236
    0.920000000    0.013608530    0.019646908    0.017299795
    0.930000000    0.013784513    0.019907685    0.017523638
    0.940000000    0.013961526    0.020170213    0.017748788
    0.950000000    0.014139587    0.020434525    0.017975266
    0.960000000    0.014318715    0.020700655    0.018203096
    0.970000000    0.014498928    0.020968635    0.018432302
    0.980000000    0.014680246    0.021238500    0.018662907
    0.990000000    0.014862689    0.021510283    0.018894936
    1.000000000    0.015046276    0.021784021    0.019128413
    1.010000000    0.015231028    0.022059749    0.019363364
    1.020000000    0.015416964    0.022337503    0.019599812
    1.030000000    0.015604106    0.022617320    0.019837785
    1.040000000    0.015792475    0.022899239    0.020077309
    1.050000000    0.015982093    0.023183297    0.020318410
    1.060000000    0.016172982    0.023469534    0.020561115
    1.070000000    0.016365163    0.023757990    0.020805452
    1.080000000    0.016558661    0.024048706    0.021051449
    1.090000000    0.016753497    0.024341723    0.021299135
    1.100000000    0.016949696    0.024637082    0.021548538
    1.110000000    0.017147282    0.024934828    0.021799688
    1.120000000    0.017346279    0.025235005    0.022052615
    1.130000000    0.017546712    0.025537656    0.022307350
    1.140000000    0.017748607    0.025842828    0.022563923
    1.150000000    0.017951988    0.026150568    0.022822367
    1.160000000    0.018156884    0.026460922    0.023082713
    1.170000000    0.018363320    0.026773939    0.023344994
    1.180000000    0.018571324    0.027089669    0.023609245
    1.190000000    0.018780924    0.027408162    0.023875498
    1.200000000    0.018992148    0.027729470    0.024143789
    1.210000000    0.019205026    0.028053645    0.024414153
    1.220000000    0.019419586    0.028380741    0.024686625
    1.230000000    0.019635860    0.028710812    0.024961243
    1.240000000    0.019853877    0.029043915    0.025238044
    1.250000000    0.020073670    0.029380107    0.025517065
    1.260000000    0.020295270    0.029719446    0.025798346
    1.270000000    0.020518710    0.030061991    0.026081927
    1.280000000    0.020744023    0.030407804    0.026367846
    1.290000000    0.020971244    0.030756947    0.026656147
    1.300000000    0.021200406    0.031109483    0.026946869
    1.310000000    0.021431547    0.031465478    0.027240057
    1.320000000    0.021664700    0.031824997    0.027535754
    1.330000000    0.021899905    0.032188109    0.027834004
    1.340000000    0.022137198    0.032554883    0.028134853
    1.350000000    0.022376619    0.032925391    0.028438347
    1.360000000    0.022618206    0.033299704    0.028744534
    1.370000000    0.022862000    0.033677898    0.029053460
    1.380000000    0.023108041    0.034060048    0.029365177
    1.390000000    0.023356373    0.034446232    0.029679734
    1.400000000    0.023607038    0.034836529    0.029997182
    1.410000000    0.023860080    0.035231022    0.030317573
    1.420000000    0.024115545    0.035629793    0.030640963
    1.430000000    0.024373477    0.036032929    0.030967404
    1.440000000    0.024633924    0.036440516    0.031296953
    1.450000000    0.024896935    0.036852644    0.031629667
    1.460000000    0.025162558    0.037269405    0.031965604
    1.470000000    0.025430844    0.037690893    0.032304825
    1.480000000    0.025701844    0.038117203    0.032647389
    1.490000000    0.025975611    0.038548436    0.032993359
    1.500000000    0.026252199    0.038984692    0.033342800
    1.510000000    0.026531664    0.039426075    0.033695775
    1.520000000    0.026814061    0.039872690    0.034052351
    1.530000000    0.027099450    0.040324648    0.034412598
    1.540000000    0.027387889    0.040782059    0.034776583
    1.550000000    0.027679440    0.041245039    0.035144380
    1.560000000    0.027974164    0.041713705    0.035516060
    1.570000000    0.028272125    0.042188178    0.035891698
    1.580000000    0.028573390    0.042668581    0.036271370
    1.590000000    0.028878025    0.043155042    0.036655156
    1.600000000    0.029186099    0.043647692    0.037043135
    1.610000000    0.029497683    0.044146664    0.037435389
    1.620000000    0.029812848    0.044652096    0.037832001
    1.630000000    0.030131671    0.045164129    0.038233059
    1.640000000    0.030454225    0.045682908    0.038638650
    1.650000000    0.030780591    0.046208583    0.039048864
    1.660000000    0.031110847    0.046741306    0.039463794
    1.670000000    0.031445077    0.047281236    0.039883535
    1.680000000    0.031783365    0.047828534    0.040308185
    1.690000000    0.032125798    0.048383367    0.040737842
    1.700000000    0.032472465    0.048945906    0.041172609
    1.710000000    0.032823457    0.049516326    0.041612590
    1.720000000    0.033178870    0.050094810    0.042057894
    1.730000000    0.033538799    0.050681543    0.042508631
    1.740000000    0.033903344    0.051276717    0.042964913
    1.750000000    0.034272607    0.051880529    0.043426857
    1.760000000    0.034646693    0.052493184    0.043894583
    1.770000000    0.035025711    0.053114889    0.044368212
    1.780000000    0.035409771    0.053745861    0.044847870
    1.790000000    0.035798989    0.054386321    0.045333686
    1.800000000    0.036193480    0.055036499    0.045825792
    1.810000000    0.036593367    0.055696629    0.046324326
    1.820000000    0.036998774    0.056366954    0.046829426
    1.830000000    0.037409830    0.057047726    0.047341236
    1.840000000    0.037826666    0.057739202    0.047859904
    1.850000000    0.038249419    0.058441649    0.048385582
    1.860000000    0.038678228    0.059155340    0.048918427
    1.870000000    0.039113239    0.059880561    0.049458597
    1.880000000    0.039554600    0.060617602    0.050006260
    1.890000000    0.040002465    0.061366767    0.050561584
    1.900000000    0.040456991    0.062128366    0.051124744
    1.910000000    0.040918343    0.062902722    0.051695920
    1.920000000    0.041386688    0.063690167    0.052275298
    1.930000000    0.041862199    0.064491045    0.052863068
    1.940000000    0.042345057    0.065305711    0.053459427
    1.950000000    0.042835446    0.066134531    0.054064575
    1.960000000    0.043333557    0.066977886    0.054678723
    1.970000000    0.043839588    0.067836168    0.055302084
    1.980000000    0.044353742    0.068709782    0.055934879
    1.990000000    0.044876229    0.069599149    0.056577337
    2.000000000    0.045407267    0.070504703    0.057229693
    2.010000000    0.045947081    0.071426894    0.057892188
    2.020000000    0.046495904    0.072366188    0.058565074
    2.030000000    0.047053976    0.073323069    0.059248607
    2.040000000    0.047621545    0.074298035    0.059943055
    2.050000000    0.048198870    0.075291605    0.060648691
    2.060000000    0.048786216    0.076304315    0.061365800
    2.070000000    0.049383859    0.077336724    0.062094674
    2.080000000    0.049992085    0.078389409    0.062835616
    2.090000000    0.050611190    0.079462968    0.063588938
    2.100000000    0.051241481    0.080558025    0.064354963
    2.110000000    0.051883275    0.081675223    0.065134026
    2.120000000    0.052536901    0.082815234    0.065926470
    2.130000000    0.053202702    0.083978755    0.066732654
    2.140000000    0.053881032    0.085166508    0.067552946
    2.150000000    0.054572259    0.086379245    0.068387727
    2.160000000    0.055276764    0.087617749    0.069237394
    2.170000000    0.055994943    0.088882833    0.070102356
    2.180000000    0.056727210    0.090175342    0.070983036
    2.190000000    0.057473991    0.091496157    0.071879873
    2.200000000    0.058235731    0.092846194    0.072793322
    2.210000000    0.059012892    0.094226408    0.073723853
    2.220000000    0.059805956    0.095637793    0.074671956
    2.230000000    0.060615422    0.097081385    0.075638136
    2.240000000    0.061441811    0.098558265    0.076622919
    2.250000000    0.062285665    0.100069560    0.077626851
    2.260000000    0.063147548    0.101616444    0.078650495
    2.270000000    0.064028049    0.103200145    0.079694441
    2.280000000    0.064927780    0.104821943    0.080759297
    2.290000000    0.065847381    0.106483177    0.081845697
    2.300000000    0.066787517    0.108185244    0.082954298
    2.310000000    0.067748886    0.109929606    0.084085786
    2.320000000    0.068732211    0.111717790    0.085240872
    2.330000000    0.069738253    0.113551396    0.086420294
    2.340000000    0.070767802    0.115432098    0.087624824
    2.350000000    0.071821686    0.117361646    0.088855262
    2.360000000    0.072900772    0.119341877    0.090112444
    2.370000000    0.074005964    0.121374716    0.091397237
    2.380000000    0.075138209    0.123462177    0.092710547
    2.390000000    0.076298501    0.125606379    0.094053318
    2.400000000    0.077487877    0.127809542    0.095426534
    2.410000000    0.078707427    0.130073996    0.096831222
    2.420000000    0.079958291    0.132402193    0.098268453
    2.430000000    0.081241668    0.134796707    0.099739344
    2.440000000    0.082558815    0.137260246    0.101245064
    2.450000000    0.083911049    0.139795659    0.102786833
    2.460000000    0.085299759    0.142405944    0.104365926
    2.470000000    0.086726399    0.145094262    0.105983676
    2.480000000    0.088192503    0.147863942    0.107641477
    2.490000000    0.089699682    0.150718494    0.109340791
    2.500000000    0.091249635    0.153661624    0.111083144
    2.510000000    0.092844147    0.156697241    0.112870138
    2.520000000    0.094485104    0.159829477    0.114703450
    2.530000000    0.096174494    0.163062699    0.116584838
    2.540000000    0.097914412    0.166401527    0.118516148
    2.550000000    0.099707074    0.169850849    0.120499316
    2.560000000    0.101554820    0.173415843    0.122536373
    2.570000000    0.103460123    0.177101996    0.124629455
    2.580000000    0.105425600    0.180915128    0.126780807
    2.590000000    0.107454023    0.184861416    0.128992788
    2.600000000    0.109548327    0.188947419    0.131267880
    2.610000000    0.111711625    0.193180110    0.133608699
    2.620000000    0.113947218    0.197566905    0.136017995
    2.630000000    0.116258614    0.202115700    0.138498672
    2.640000000    0.118649537    0.206834905    0.141053788
    2.650000000    0.121123950    0.211733488    0.143686572
    2.660000000    0.123686069    0.216821020    0.146400430
    2.670000000    0.126340387    0.222107723    0.149198965
    2.680000000    0.129091690    0.227604523    0.152085980
    2.690000000    0.131945089    0.233323113    0.155065502
    2.700000000    0.134906040    0.239276015    0.158141792
    2.710000000    0.137980374    0.245476653    0.161319362
    2.720000000    0.141174333    0.251939431    0.164602995
    2.730000000    0.144494601    0.258679824    0.167997765
    2.740000000    0.147948342    0.265714469    0.171509056
    2.750000000    0.151543246    0.273061277    0.175142588
    2.760000000    0.155287575    0.280739550    0.178904441
    2.770000000    0.159190213    0.288770109    0.182801081
    2.780000000    0.163260727    0.297175449    0.186839397
    2.790000000    0.167509429    0.305979891    0.191026723
    2.800000000    0.171947449    0.315209775    0.195370886
    2.810000000    0.176586813    0.324893656    0.199880236
    2.820000000    0.181440533    0.335062533    0.204563694
    2.830000000    0.186522707    0.345750108    0.209430800
    2.840000000    0.191848628    0.356993071    0.214491761
    2.850000000    0.197434914    0.368831422    0.219757514
    2.860000000    0.203299641    0.381308838    0.225239783
    2.870000000    0.209462507    0.394473086    0.230951156
    2.880000000    0.215945012    0.408376489    0.236905154
    2.890000000    0.222770655    0.423076459    0.243116323
    2.900000000    0.229965168    0.438636100    0.249600323
    2.910000000    0.237556776    0.455124899    0.256374037
    2.920000000    0.245576496    0.472619517    0.263455683
    2.930000000    0.254058475    0.491204690    0.270864947
    2.940000000    0.263040383    0.510974275    0.278623124
    2.950000000    0.272563859    0.532032446    0.286753281
    2.960000000    0.282675030    0.554495086    0.295280437
    2.970000000    0.293425104    0.578491396    0.304231761
    2.980000000    0.304871068    0.604165769    0.313636802
    2.990000000    0.317076489    0.631679979    0.323527742
    3.000000000    0.330112454    0.661215740    0.333939681
    3.010000000    0.344058676    0.692977723    0.344910963
    3.020000000    0.359004779    0.727197105    0.356483539
    3.030000000    0.375051834    0.764135781    0.368703386
    3.040000000    0.392314163    0.804091367    0.381620974
    3.050000000    0.410921493    0.847403177    0.395291803
    3.060000000    0.431021527    0.894459387    0.409777021
    3.070000000    0.452783035    0.945705672    0.425144121
    3.080000000    0.476399578    1.001655658    0.441467746
    3.090000000    0.502094022    1.062903637    0.458830620
    3.100000000    0.530124044    1.130140126    0.477324612
    3.110000000    0.560788881    1.204170992    0.497051973
    3.120000000    0.594437644    1.285941117    0.518126777
    3.130000000    0.631479634    1.376563840    0.540676587
    3.140000000    0.672397218    1.477357839    0.564844409
    3.150000000    0.717762014    1.589893619    0.590790980
    3.160000000    0.768255363    1.716052529    0.618697460
    3.170000000    0.824694440    1.858102228    0.648768609
    3.180000000    0.888065785    2.018793908    0.681236552
    3.190000000    0.959568726    2.201488533    0.716365256
    3.200000000    1.040672050    2.410322066    0.754455886
    3.210000000    1.133188614    2.650423510    0.795853226
    3.220000000    1.239374356    2.928205012    0.840953419
    3.230000000    1.362060804    3.251750965    0.890213352
    3.240000000    1.504833773    3.631343842    0.944162068
    3.250000000    1.672275980    4.080179508    1.003414744
    3.260000000    1.870298083    4.615344896    1.068689884
    3.270000000    2.106591125    5.259156232    1.140830607
    3.280000000    2.391242420    6.040982901    1.220831147
    3.290000000    2.737561770    6.999696296    1.309870065
    3.300000000    3.163151485    8.186842259    1.409352145
    3.310000000    3.691183669    9.670425166    1.520961612
    3.320000000    4.351625699   11.538523264    1.646730220
    3.330000000    5.181555691   13.900156256    1.789125023
    3.340000000    6.222276201   16.876524056    1.951162412
    3.350000000    7.508000453   20.566931407    2.136557457
    3.360000000    9.036641562   24.960978552    2.349921097
    3.370000000   10.713509762   29.769417277    2.597022638
    3.380000000   12.284227835   34.222580987    2.885142023
    3.390000000   13.344090916   37.098036599    3.223546106
    3.400000000   13.538516573   37.321352954    3.624136814
    3.410000000   12.847570105   34.818881219    4.102337327
    3.420000000   11.609188329   30.586337260    4.678305254
    3.430000000   10.249052420   25.876936085    5.378585912
    3.440000000    9.057764776   21.530930945    6.238330895
    3.450000000    8.163960769   17.892372485    7.304167902
    3.460000000    7.599753644   15.002382119    8.637611124
    3.470000000    7.361398574   12.778253782   10.318281204
    3.480000000    7.441751954   11.110261051   12.444541083
    3.490000000    7.840436274    9.899606709   15.125191045
    3.500000000    8.556777959    9.065658944   18.447805279
    3.510000000    9.562516138    8.536697288   22.397832138
    3.520000000   10.748693573    8.229129125   26.704253648
    3.530000000   11.863810519    8.023478106   30.659641361
    3.540000000   12.524926191    7.765190724   33.156359591
    3.550000000   12.403945005    7.324482826   33.242475064
    3.560000000   11.482926390    6.679763172   30.882082210
    3.570000000   10.064600688    5.919905074   26.987917294
    3.580000000    8.522603568    5.160089960   22.680378704
    3.590000000    7.102867306    4.474945466   18.698250091
    3.600000000    5.902281328    3.890948311   15.335845995
    3.610000000    4.927735830    3.405747781   12.618812428
    3.620000000    4.149510420    3.005695564   10.463026347
    3.630000000    3.529858781    2.675174031    8.759735445
    3.640000000    3.034377895    2.400234657    7.409501497
    3.650000000    2.635083194    2.169507626    6.331464397
    3.660000000    2.310270338    1.974066957    5.463030452
    3.670000000    2.043428261    1.806999353    4.756720038
    3.680000000    1.822064181    1.662958778    4.176736914
    3.690000000    1.636707607    1.537792162    3.696056525
    3.700000000    1.480137357    1.428248240    3.294167026
    3.710000000    1.346803997    1.331758305    2.955383259
    3.720000000    1.232405080    1.246273178    2.667608813
    3.730000000    1.133574238    1.170142259    2.421431688
    3.740000000    1.047653302    1.102023501    2.209462996
    3.750000000    0.972524483    1.040815989    2.025851204
    3.760000000    0.906485951    0.985609040    1.865923035
    3.770000000    0.848158894    0.935643444    1.725916004
    3.780000000    0.796417499    0.890281683    1.602777618
    3.790000000    0.750335779    0.848984832    1.494013381
    3.800000000    0.709146841    0.811294499    1.397570796
    3.810000000    0.672211435    0.776818571    1.311750140
    3.820000000    0.638993475    0.745219877    1.235135278
    3.830000000    0.609040841    0.716207101    1.166539630
    3.840000000    0.581970211    0.689527447    1.104963649
    3.850000000    0.557454990    0.664960672    1.049561143
    3.860000000    0.535215648    0.642314209    0.999612410
    3.870000000    0.515011929    0.621419150    0.954502684
    3.880000000    0.496636537    0.602126921    0.913704737
    3.890000000    0.479909981    0.584306523    0.876764748
    3.900000000    0.464676362    0.567842220    0.843290778
    3.910000000    0.450799887    0.552631608    0.812943308
    3.920000000    0.438161999    0.538583988    0.785427451
    3.930000000    0.426658986    0.525618994    0.760486497
    3.940000000    0.416199982    0.513665435    0.737896554
    3.950000000    0.406705307    0.502660325    0.717462075
    3.960000000    0.398105064    0.492548055    0.699012119
    3.970000000    0.390337968    0.483279709    0.682397205
    3.980000000    0.383350354    0.474812487    0.667486681
    3.990000000    0.377095354    0.467109236    0.654166494
    4.000000000    0.371532197    0.460138071    0.642337318
    4.010000000    0.366625631    0.453872081    0.631912975
    4.020000000    0.362345446    0.448289116    0.622819111
    4.030000000    0.358666080    0.443371651    0.614992076
    4.040000000    0.355566312    0.439106725    0.608378005
    4.050000000    0.353029021    0.435485970    0.602932049
    4.060000000    0.351041019    0.432505708    0.598617758
    4.070000000    0.349592952    0.430167165    0.595406584
    4.080000000    0.348679261    0.428476773    0.593277511
    4.090000000    0.348298222    0.427446608    0.592216782
    4.100000000    0.348452056    0.427094972    0.592217743
    4.110000000    0.349147122    0.427447157    0.593280765
    4.120000000    0.350394213    0.428536431    0.595413289
    4.130000000    0.352208960    0.430405302    0.598629946
    4.140000000    0.354612379    0.433107138    0.602952795
    4.150000000    0.357631586    0.436708231    0.608411663
    4.160000000    0.361300734    0.441290456    0.615044604
    4.170000000    0.365662223    0.446954690    0.622898483
    4.180000000    0.370768279    0.453825248    0.632029709
    4.190000000    0.376682997    0.462055666    0.642505130
    4.200000000    0.383485027    0.471836294    0.654403112
    4.210000000    0.391271110    0.483404358    0.667814836
    4.220000000    0.400160765    0.497057374    0.682845860
    4.230000000    0.410302560    0.513171193    0.699617965
    4.240000000    0.421882562    0.532224433    0.718271372
    4.250000000    0.435135781    0.554831748    0.738967384
    4.260000000    0.450361745    0.581789299    0.761891544
    4.270000000    0.467945677    0.614136819    0.787257416
    4.280000000    0.488387046    0.653241552    0.815311134
    4.290000000    0.512337181    0.700909063    0.846336883
    4.300000000    0.540646155    0.759521530    0.880663537
    4.310000000    0.574413889    0.832188263    0.918672718
    4.320000000    0.615025270    0.922847748    0.960808648
    4.330000000    0.664110909    1.036146023    1.007590231
    4.340000000    0.723290556    1.176662274    1.059625966
    4.350000000    0.793406809    1.346604423    1.117632442
    4.360000000    0.872832975    1.540726082    1.182457427
    4.370000000    0.954848270    1.738444175    1.255108873
    4.380000000    1.026061546    1.899100502    1.336791581
    4.390000000    1.070597636    1.974509092    1.428953899
    4.400000000    1.081070234    1.941860602    1.533347600
    4.410000000    1.065385904    1.824116907    1.652105282
    4.420000000    1.040107187    1.670078926    1.787841172
    4.430000000    1.019464488    1.521395630    1.943783487
    4.440000000    1.011096161    1.399751089    2.123949670
    4.450000000    1.017615701    1.311524358    2.333380264
    4.460000000    1.039279668    1.255740605    2.578453539
    4.470000000    1.075740678    1.229263110    2.867311825
    4.480000000    1.126882965    1.229214130    3.210442687
    4.490000000    1.193161574    1.253881690    3.621474146
    4.500000000    1.275746355    1.303007417    4.118262457
    4.510000000    1.376623844    1.377903071    4.724368965
    4.520000000    1.498726386    1.481587860    5.471023634
    4.530000000    1.646119065    1.619015790    6.399612165
    4.540000000    1.824252559    1.797386145    7.564483676
    4.550000000    2.040258747    2.026423614    9.035168471
    4.560000000    2.303191852    2.318275267   10.895273556
    4.570000000    2.623946369    2.686133873   13.231170848
    4.580000000    3.014256878    3.139690503   16.095822229
    4.590000000    3.483832857    3.674435858   19.424722507
    4.600000000    4.035267066    4.253579219   22.894376409
    4.610000000    4.660303736    4.793269134   25.805383565
    4.620000000    5.348089290    5.183215746   27.237120196
    4.630000000    6.111305387    5.361568675   26.620068311
    4.640000000    7.007162729    5.378549960   24.225718791
    4.650000000    8.121637252    5.363130328   20.923962962
    4.660000000    9.524129561    5.434198276   17.545700475
    4.670000000   11.210870357    5.644049915   14.557293986
    4.680000000   13.032180742    5.959656843   12.107951774
    4.690000000   14.628041116    6.258605170   10.179254166
    4.700000000   15.492156151    6.362907086    8.690228458
    4.710000000   15.265667656    6.142893265    7.544402186
    4.720000000   14.031152836    5.617369523    6.643810246
    4.730000000   12.227600160    4.925726531    5.896295225
    4.740000000   10.311284546    4.214734768    5.232518653
    4.750000000    8.559183757    3.572698583    4.622732709
    4.760000000    7.077712532    3.032060301    4.069586077
    4.770000000    5.874701583    2.593142572    3.583727896
    4.780000000    4.915794034    2.242755993    3.168370228
    4.790000000    4.155636010    1.964454318    2.818397745
    4.800000000    3.551748974    1.743054881    2.524715975
    4.810000000    3.069007677    1.566055544    2.277701445
    4.820000000    2.679936409    1.423678078    2.068786603
    4.830000000    2.363562338    1.308445246    1.890885280
    4.840000000    2.104013551    1.214683399    1.738317541
    4.850000000    1.889280159    1.138087140    1.606580332
    4.860000000    1.710234609    1.075376008    1.492106268
    4.870000000    1.559893159    1.024035722    1.392056859
    4.880000000    1.432870687    0.982126960    1.304158276
    4.890000000    1.324981317    0.948145079    1.226574969
    4.900000000    1.232946045    0.920917299    1.157813554
    4.910000000    1.154178088    0.899527191    1.096649876
    4.920000000    1.086624560    0.883259053    1.042073494
    4.930000000    1.028649160    0.871556882    0.993245215
    4.940000000    0.978944954    0.863994172    0.949464438
    4.950000000    0.936469527    0.860251879    0.910143929
    4.960000000    0.900397094    0.860102726    0.874790292
    4.970000000    0.870083792    0.863400608    0.842988910
    4.980000000    0.845043684    0.870074322    0.814392459
    4.990000000    0.824933926    0.880125236    0.788712414
    5.000000000    0.809548404    0.893628843    0.765713167
    5.010000000    0.798819793    0.910740441    0.745208569
    5.020000000    0.792830469    0.931705486    0.727060845
    5.030000000    0.791832687    0.956875279    0.711181820
    5.040000000    0.796277077    0.986728448    0.697536103
    5.050000000    0.806843445    1.021897286    0.686144759
    5.060000000    0.824453881    1.063193778    0.677084897
    5.070000000    0.850214033    1.111619321    0.670473036
    5.080000000    0.885157285    1.168319143    0.666404450
    5.090000000    0.929559659    1.234407501    0.664797087
    5.100000000    0.981581259    1.310586025    0.665086024
    5.110000000    1.035568360    1.396668977    0.665841719
    5.120000000    1.082085551    1.491701136    0.664767635
    5.130000000    1.112683259    1.595645937    0.659740334
    5.140000000    1.127231720    1.711843558    0.650421266
    5.150000000    1.135032931    1.847106840    0.638523652
    5.160000000    1.147833754    2.008377593    0.626358847
    5.170000000    1.172899388    2.197879581    0.615521706
    5.180000000    1.210264345    2.407513095    0.606672399
    5.190000000    1.252421833    2.613727362    0.599882301
    5.200000000    1.286748338    2.780652731    0.594975438
    5.210000000    1.303032127    2.880388386    0.591717843
    5.220000000    1.301823997    2.917111105    0.589895189
    5.230000000    1.293815413    2.924934521    0.589335290
    5.240000000    1.291457814    2.942755026    0.589908865
    5.250000000    1.303107230    2.996752657    0.591523746
    5.260000000    1.332818552    3.099848753    0.594118405
    5.270000000    1.382398686    3.257926045    0.597656611
    5.280000000    1.453164987    3.475149747    0.602123395
    5.290000000    1.546943291    3.757005573    0.607521516
    5.300000000    1.666582408    4.111917835    0.613866513
    5.310000000    1.816260095    4.552340795    0.621176417
    5.320000000    2.001720157    5.095856281    0.629449584
    5.330000000    2.230512122    5.766578546    0.638625707
    5.340000000    2.512402173    6.597098949    0.648545472
    5.350000000    2.860408060    7.631220668    0.658971653
    5.360000000    3.292843334    8.927534556    0.669734257
    5.370000000    3.835476930   10.562948163    0.680898024
    5.380000000    4.521668853   12.633501864    0.692739634
    5.390000000    5.388750302   15.246706398    0.705566949
    5.400000000    6.467695862   18.492707459    0.719597828
    5.410000000    7.758687598   22.371023351    0.734958242
    5.420000000    9.184920787   26.651208214    0.751725810
    5.430000000   10.537928118   30.708208545    0.769965669
    5.440000000   11.481024546   33.532381671    0.789749485
    5.450000000   11.694827018   34.165933373    0.811163637
    5.460000000   11.099231906   32.368819380    0.834312461
    5.470000000    9.916859667   28.809082658    0.859319831
    5.480000000    8.501129639   24.547090501    0.886330512
    5.490000000    7.132025985   20.422845307    0.915511866
    5.500000000    5.947513289   16.850241722    0.947056151
    5.510000000    4.979958934   13.926341147    0.981183535
    5.520000000    4.210687302   11.595039082    1.018145905
    5.530000000    3.605171406    9.752642610    1.058231611
    5.540000000    3.129032024    8.295868535    1.101771294
    5.550000000    2.753359385    7.137807705    1.149145040
    5.560000000    2.455459995    6.210163352    1.200791123
    5.570000000    2.218045928    5.460815481    1.257216761
    5.580000000    2.028102922    4.850420304    1.319011362
    5.590000000    1.875863618    4.349323555    1.386862950
    5.600000000    1.753990256    3.935100412    1.461578652
    5.610000000    1.656959117    3.590698513    1.544110413
    5.620000000    1.580608830    3.303069956    1.635587521
    5.630000000    1.521813381    3.062174138    1.737358049
    5.640000000    1.478247658    2.860254027    1.851042046
    5.650000000    1.448221423    2.691312382    1.978600301
    5.660000000    1.430564507    2.550734689    2.122423753
    5.670000000    1.424551347    2.435021060    2.285450114
    5.680000000    1.429856843    2.341600012    2.471315732
    5.690000000    1.446537715    2.268702784    2.684551030
    5.700000000    1.475033642    2.215275385    2.930824360
    5.710000000    1.516178176    2.180890865    3.217224995
    5.720000000    1.571196887    2.165583648    3.552538244
    5.730000000    1.641644203    2.169446111    3.947388502
    5.740000000    1.729199634    2.191730421    4.414035177
    5.750000000    1.835282423    2.229308788    4.965729573
    5.760000000    1.960754817    2.275275953    5.616503268
    5.770000000    2.106606611    2.320352333    6.384160291
    5.780000000    2.276293522    2.359123313    7.298449068
    5.790000000    2.478031496    2.396155831    8.408708351
    5.800000000    2.724263755    2.444082637    9.781124528
    5.810000000    3.028795447    2.516260775   11.484210280
    5.820000000    3.403494650    2.622007009   13.562531157
    5.830000000    3.853837535    2.765398617   15.988454744
    5.840000000    4.372541033    2.944709140   18.590967299
    5.850000000    4.937147354    3.152804120   21.022092983
    5.860000000    5.525402628    3.382895431   22.895913014
    5.870000000    6.148726571    3.639942321   24.107079628
    5.880000000    6.867772214    3.945800614   24.994495372
    5.890000000    7.761955119    4.328630821   26.108401049
    5.900000000    8.874971734    4.803524894   27.847152356
    5.910000000   10.157805590    5.351007139   30.231159088
    5.920000000   11.412915898    5.894944536   32.783954091
    5.930000000   12.291744748    6.300607579   34.553173392
    5.940000000   12.448331104    6.433388435   34.523309865
    5.950000000   11.799939641    6.260421025   32.351295890
    5.960000000   10.599034115    5.880237917   28.643251899
    5.970000000    9.217919952    5.439736345   24.404702380
    5.980000000    7.927306108    5.047199974   20.398583875
    5.990000000    6.847383779    4.752487794   16.971504434
    6.000000000    5.999184044    4.566959106   14.183968125
    6.010000000    5.360592895    4.485560901   11.968040490
    6.020000000    4.898593928    4.499712746   10.220770650
    6.030000000    4.582932253    4.602957874    8.844176781
    6.040000000    4.390405067    4.793005494    7.757559948
    6.050000000    4.305439513    5.072424511    6.898529072
    6.060000000    4.319595441    5.449074406    6.220424963
    6.070000000    4.431057361    5.936754392    5.689191862
    6.080000000    4.644501767    6.556299281    5.280713163
    6.090000000    4.971457344    7.337248930    4.978837074
    6.100000000    5.431138241    8.320127909    4.774032941
    6.110000000    6.051535461    9.559139335    4.662489644
    6.120000000    6.870063297   11.124414587    4.645297664
    6.130000000    7.931853993   13.101269906    4.726962103
    6.140000000    9.281203129   15.580140768    4.911657067
    6.150000000   10.937429673   18.624102263    5.194371628
    6.160000000   12.844192327   22.194611003    5.544024588
    6.170000000   14.796962147   26.029931321    5.882733431
    6.180000000   16.410285607   29.544001919    6.086314438
    6.190000000   17.240478233   31.926547641    6.041583898
    6.200000000   17.061182542   32.564003463    5.733193556
    6.210000000   16.039709057   31.510307000    5.256047701
    6.220000000   14.614902736   29.491686026    4.735755747
    6.230000000   13.223656436   27.413891383    4.258411625
    6.240000000   12.133132089   25.909688674    3.859683454
    6.250000000   11.429311845   25.216185496    3.543715733
    6.260000000   11.058876529   25.214778633    3.301472340
    6.270000000   10.857669726   25.469334922    3.120843366
    6.280000000   10.593491172   25.335320586    2.990767982
    6.290000000   10.078512364   24.291546456    2.902417277
    6.300000000    9.293934441   22.314057832    2.849221905
    6.310000000    8.379219263   19.845392392    2.826552545
    6.320000000    7.502906271   17.408790732    2.831365464
    6.330000000    6.770938892   15.334666959    2.861914096
    6.340000000    6.220123872   13.742120172    2.917547918
    6.350000000    5.844125754   12.617725897    2.998594760
    6.360000000    5.611817285   11.871127814    3.106318332
    6.370000000    5.472669056   11.351531058    3.242945874
    6.380000000    5.363291197   10.867470963    3.411766514
    6.390000000    5.231638064   10.259408339    3.617307868
    6.400000000    5.067773898    9.491846657    3.865606569
    6.410000000    4.904136436    8.653766391    4.164598492
    6.420000000    4.784648292    7.865391936    4.524667168
    6.430000000    4.740742883    7.205436802    4.959404965
    6.440000000    4.789133342    6.703235997    5.486660498
    6.450000000    4.939422080    6.359965689    6.129963176
    6.460000000    5.201238981    6.167930448    6.920417218
    6.470000000    5.588652874    6.121159819    7.899101132
    6.480000000    6.122668032    6.220070252    9.119787271
    6.490000000    6.832441552    6.473258404   10.651155745
    6.500000000    7.754661757    6.897793475   12.576092364
    6.510000000    8.928881195    7.517747084   14.982338499
    6.520000000   10.385193332    8.359322535   17.933692766
    6.530000000   12.122653448    9.440390520   21.409459595
    6.540000000   14.087042579   10.753699836   25.219700452
    6.550000000   16.166810173   12.244727447   28.956257516
    6.560000000   18.205022440   13.782636506   32.048564041
    6.570000000   19.987508254   15.134083658   33.877285927
    6.580000000   21.226062330   16.004322082   33.923925095
    6.590000000   21.655022552   16.202811095   32.089264164
    6.600000000   21.222324117   15.794508280   28.913436525
    6.610000000   20.150696026   15.034391901   25.258785368
    6.620000000   18.758715736   14.151317742   21.791038792
    6.630000000   17.225801322   13.204404291   18.786761044
    6.640000000   15.562257753   12.129138115   16.253168123
    6.650000000   13.776460788   10.899480293   14.118720046
    6.660000000   11.982700413    9.607359591   12.337372638
    6.670000000   10.334729761    8.390177437   10.888444735
    6.680000000    8.930044187    7.339978629    9.748123996
    6.690000000    7.792336415    6.485613774    8.882744198
    6.700000000    6.901372796    5.818231505    8.257317137
    6.710000000    6.222369347    5.316200924    7.843299809
    6.720000000    5.721557479    4.957732970    7.621580415
    6.730000000    5.372040541    4.725717117    7.582844465
    6.740000000    5.155207591    4.609433140    7.726789446
    6.750000000    5.060512924    4.605076518    8.059813354
    6.760000000    5.084754088    4.715749578    8.589851792
    6.770000000    5.231175951    4.950936620    9.318022032
    6.780000000    5.508436541    5.324753667   10.232955483
    6.790000000    5.929191573    5.851006668   11.323234240
    6.800000000    6.506266805    6.530885311   12.611252509
    6.810000000    7.240886794    7.328041101   14.164031964
    6.820000000    8.098973890    8.135687705   16.028131205
    6.830000000    8.984945898    8.770676510   18.103322022
    6.840000000    9.738766772    9.044468799   20.025598320
    6.850000000   10.181541477    8.880676966   21.193483228
    6.860000000   10.212077066    8.357846069   21.085356865
    6.870000000    9.896510631    7.647208578   19.681574412
    6.880000000    9.441111473    6.924339771   17.480187220
    6.890000000    9.060122189    6.310020685   15.090411370
    6.900000000    8.874802414    5.855376470   12.912899600
    6.910000000    8.887990747    5.554142143   11.107172932
    6.920000000    8.990964421    5.357462134    9.687478960
    6.930000000    8.999430292    5.191596669    8.609295382
    6.940000000    8.755170795    4.993926722    7.816659090
    6.950000000    8.244902720    4.753116788    7.262121823
    6.960000000    7.601070615    4.509343057    6.912463767
    6.970000000    6.988686638    4.316426039    6.748409737
    6.980000000    6.519550744    4.213166934    6.763237948
    6.990000000    6.245145319    4.221007711    6.961997445
    7.000000000    6.182970494    4.352798210    7.360877212
    7.010000000    6.337935045    4.619448570    7.985023275
    7.020000000    6.708876193    5.030135735    8.861166145
    7.030000000    7.280414263    5.584096969    9.997949480
    7.040000000    8.000193608    6.251289452   11.344398189
    7.050000000    8.744445238    6.943475447   12.728531909
    7.060000000    9.300245799    7.499987167   13.827719737
    7.070000000    9.433677721    7.742848140   14.281078443
    7.080000000    9.051944376    7.604830851   13.947317701
    7.090000000    8.287808181    7.195265033   13.036897581
    7.100000000    7.385764214    6.710005140   11.934152482
    7.110000000    6.540901580    6.302058732   10.943745978
    7.120000000    5.841413162    6.028523385   10.193419523
    7.130000000    5.290152574    5.856151025    9.656387397
    7.140000000    4.842363959    5.688445245    9.207391505
    7.150000000    4.443179198    5.421176871    8.705616081
    7.160000000    4.061959923    5.015821585    8.092097061
    7.170000000    3.702655068    4.521202756    7.418717847
    7.180000000    3.384760793    4.020125985    6.782417329
    7.190000000    3.122431874    3.572887548    6.254971601
    7.200000000    2.919172473    3.204040574    5.866385998
    7.210000000    2.771896848    2.914756214    5.620168310
    7.220000000    2.675638251    2.696608263    5.510565491
    7.230000000    2.626267802    2.539501625    5.532772570
    7.240000000    2.621676162    2.435009682    5.687722396
    7.250000000    2.662248487    2.377426654    5.984356023
    7.260000000    2.751134191    2.363947578    6.441132478
    7.270000000    2.894500294    2.394603489    7.087428914
    7.280000000    3.101698986    2.472114538    7.964506550
    7.290000000    3.384919633    2.601479605    9.124262738
    7.300000000    3.757191020    2.788663738   10.621085215
    7.310000000    4.226326268    3.036995877   12.486856419
    7.320000000    4.781082133    3.339126572   14.673688134
    7.330000000    5.368179326    3.663760011   16.958787466
    7.340000000    5.874075592    3.945133278   18.868921532
    7.350000000    6.151804264    4.098394069   19.791250684
    7.360000000    6.114489579    4.073286825   19.359921401
    7.370000000    5.811976096    3.898144276   17.772677150
    7.380000000    5.388549274    3.655578124   15.615362205
    7.390000000    4.980715495    3.423739889   13.438236198
    7.400000000    4.667193512    3.247574248   11.548050150
    7.410000000    4.478060906    3.144057294   10.044603127
    7.420000000    4.419448559    3.116384221    8.921481992
    7.430000000    4.490991022    3.164047614    8.137107899
    7.440000000    4.693974560    3.287692314    7.648591682
    7.450000000    5.033363519    3.490667849    7.423248612
    7.460000000    5.516271486    3.778742611    7.439363983
    7.470000000    6.149277460    4.158901597    7.682494238
    7.480000000    6.936801490    4.637570603    8.139884306
    7.490000000    7.875434242    5.215560110    8.788062779
    7.500000000    8.928278704    5.873364372    9.560884017
    7.510000000    9.981433690    6.549514042   10.305506993
    7.520000000   10.838044277    7.140291473   10.788640973
    7.530000000   11.315810406    7.554307301   10.820191054
    7.540000000   11.393520730    7.790900755   10.411435412
    7.550000000   11.238924873    7.951054946    9.769168266
    7.560000000   11.082870084    8.164542455    9.132021033
    7.570000000   11.073326434    8.507081058    8.638893983
    7.580000000   11.202115969    8.955221295    8.300265947
    7.590000000   11.311796227    9.386845411    8.028299914
    7.600000000   11.192225666    9.647131820    7.703247099
    7.610000000   10.745094863    9.669330792    7.263245383
    7.620000000   10.066825158    9.532280483    6.746019102
    7.630000000    9.351207899    9.375175644    6.235805668
    7.640000000    8.748243772    9.279927073    5.788219441
    7.650000000    8.321051220    9.246713424    5.410385842
    7.660000000    8.085329961    9.260423400    5.091135890
    7.670000000    8.057949807    9.360808091    4.834383575
    7.680000000    8.272072789    9.641683216    4.661022706
    7.690000000    8.766864291   10.204809455    4.588738691
    7.700000000    9.574357301   11.130953840    4.614811043
    7.710000000   10.705093548   12.474334458    4.707908531
    7.720000000   12.123345009   14.254545094    4.811623157
    7.730000000   13.709334522   16.426871892    4.872036947
    7.740000000   15.220116744   18.819966014    4.878776276
    7.750000000   16.299428596   21.060070286    4.870071213
    7.760000000   16.612542990   22.588817068    4.886250036
    7.770000000   16.048062957   22.903120468    4.920088085
    7.780000000   14.778429550   21.896946483    4.906599957
    7.790000000   13.121965473   19.920086846    4.764612472
    7.800000000   11.368808631   17.483557793    4.464784981
    7.810000000    9.706575887   14.987567170    4.054413652
    7.820000000    8.231800956   12.667512499    3.614448256
    7.830000000    6.980927405   10.641308937    3.207967081
    7.840000000    5.952113846    8.947302427    2.864286637
    7.850000000    5.121215553    7.569713221    2.588345369
    7.860000000    4.455427426    6.464872849    2.373786363
    7.870000000    3.922452281    5.582281900    2.211218007
    7.880000000    3.494681633    4.875895556    2.091915078
    7.890000000    3.150134439    4.307934630    2.009030053
    7.900000000    2.871949981    3.848956049    1.957768034
    7.910000000    2.647473161    3.476604018    1.935242397
    7.920000000    2.467376343    3.174161392    1.940308506
    7.930000000    2.324958648    2.929303181    1.973483139
    7.940000000    2.215639629    2.733143299    2.036978932
    7.950000000    2.136620810    2.579550809    2.134841114
    7.960000000    2.086669201    2.464669137    2.273115728
    7.970000000    2.065946182    2.386533443    2.459840538
    7.980000000    2.075727691    2.344596425    2.704324080
    7.990000000    2.117696757    2.338792399    3.014522107
    8.000000000    2.192254868    2.367514860    3.390423351
    8.010000000    2.295353414    2.423962973    3.811666013
    8.020000000    2.414872885    2.492069940    4.223846810
    8.030000000    2.531401962    2.547617095    4.543573170
    8.040000000    2.628577806    2.570669829    4.704697960
    8.050000000    2.704450532    2.560305116    4.715884115
    8.060000000    2.764804324    2.530496888    4.656601577
    8.070000000    2.802686055    2.490075590    4.616343993
    8.080000000    2.793263532    2.433594994    4.653578435
    8.090000000    2.717188305    2.354013881    4.801000084
    8.100000000    2.585968749    2.258886436    5.085974010
    8.110000000    2.435787470    2.168437973    5.536128167
    8.120000000    2.301598498    2.101376881    6.166132415
    8.130000000    2.202627366    2.065796189    6.951065090
    8.140000000    2.143411430    2.057750879    7.789069006
    8.150000000    2.119721981    2.063253538    8.478942921
    8.160000000    2.124416340    2.064769779    8.780042600
    8.170000000    2.152783605    2.053048189    8.572567687
    8.180000000    2.204492938    2.034165929    7.960135554
    8.190000000    2.279582821    2.022704973    7.173064700
    8.200000000    2.372831064    2.030253363    6.402951641
    8.210000000    2.474041925    2.061682501    5.740182277
    8.220000000    2.577066720    2.119543749    5.207161907
    8.230000000    2.689552800    2.209676105    4.806843691
    8.240000000    2.831600921    2.342037970    4.542986686
    8.250000000    3.026133617    2.527165802    4.418363008
    8.260000000    3.292385931    2.771488059    4.429745608
    8.270000000    3.644831409    3.071515562    4.563762831
    8.280000000    4.093895430    3.407080214    4.791854221
    8.290000000    4.648461666    3.741906948    5.071775224
    8.300000000    5.323316833    4.044856334    5.369411292
    8.310000000    6.146190327    4.321756888    5.690532043
    8.320000000    7.145868833    4.615756705    6.078589799
    8.330000000    8.310124683    4.963615392    6.564257308
    8.340000000    9.524088789    5.345313977    7.104356846
    8.350000000   10.529931274    5.662151158    7.551112493
    8.360000000   10.996850918    5.772499349    7.697361597
    8.370000000   10.738209530    5.591628002    7.415272503
    8.380000000    9.875381825    5.167023067    6.767136896
    8.390000000    8.729171544    4.634008509    5.946164683
    8.400000000    7.587322586    4.115657070    5.132060541
    8.410000000    6.594330648    3.674861844    4.419345799
    8.420000000    5.773195425    3.323532449    3.829223495
    8.430000000    5.088928503    3.049163849    3.346471883
    8.440000000    4.504244553    2.837223179    2.949285222
    8.450000000    4.004610623    2.681379036    2.623038520
    8.460000000    3.590779697    2.581787827    2.359758247
    8.470000000    3.263506623    2.540321470    2.153405763
    8.480000000    3.018402702    2.559028710    1.997848492
    8.490000000    2.848306491    2.641005085    1.886898518
    8.500000000    2.746409766    2.791232744    1.814026751
    8.510000000    2.707632968    3.016076008    1.770710507
    8.520000000    2.728184358    3.320623741    1.744080813
    8.530000000    2.803566330    3.703107396    1.717061349
    8.540000000    2.925128165    4.145787611    1.674830452
    8.550000000    3.075318428    4.602276742    1.613687848
    8.560000000    3.223988970    4.987812977    1.541095873
    8.570000000    3.334353141    5.197819166    1.466893284
    8.580000000    3.384893747    5.173577918    1.397254068
    8.590000000    3.387741188    4.957869353    1.335599948
    8.600000000    3.376679686    4.663212269    1.285350890
    8.610000000    3.380314471    4.394799587    1.250205988
    8.620000000    3.414487937    4.214361527    1.233083574
    8.630000000    3.494426987    4.150213384    1.235831703
    8.640000000    3.642073357    4.215380001    1.259448652
    8.650000000    3.877850657    4.413399221    1.303640553
    8.660000000    4.205443726    4.731389631    1.364921580
    8.670000000    4.594655105    5.123780369    1.433408343
    8.680000000    4.965998878    5.496697335    1.490978708
    8.690000000    5.199950168    5.721841996    1.516331561
    8.700000000    5.198676670    5.704106940    1.497997052
    8.710000000    4.963271938    5.456107370    1.443493592
    8.720000000    4.592914202    5.088441206    1.373187908
    8.730000000    4.206848712    4.727496074    1.306605716
    8.740000000    3.884443642    4.456909367    1.255221940
    8.750000000    3.659357038    4.313500090    1.223275779
    8.760000000    3.536878173    4.304062028    1.210912125
    8.770000000    3.507372132    4.415063716    1.216112166
    8.780000000    3.549556921    4.608676176    1.234879743
    8.790000000    3.628560341    4.813623212    1.260661231
    8.800000000    3.700849598    4.935260163    1.285214434
    8.810000000    3.735699120    4.905389848    1.302723563
    8.820000000    3.737180931    4.734725820    1.314141213
    8.830000000    3.736708516    4.499799544    1.326145021
    8.840000000    3.763336138    4.281413683    1.346137594
    8.850000000    3.824278627    4.126126472    1.379160640
    8.860000000    3.907998720    4.048133114    1.428007085
    8.870000000    4.003541985    4.048086717    1.494469516
    8.880000000    4.118777497    4.128999659    1.580371143
    8.890000000    4.279456323    4.301012099    1.688185034
    8.900000000    4.515220947    4.578575961    1.821422130
    8.910000000    4.851031113    4.977218177    1.984954890
    8.920000000    5.307341041    5.510651216    2.185362596
    8.930000000    5.902230464    6.184762731    2.431309998
    8.940000000    6.651679109    6.987894692    2.733892264
    8.950000000    7.570460958    7.887043160    3.106812461
    8.960000000    8.679685550    8.848647431    3.566374748
    8.970000000   10.018474358    9.879682808    4.131908758
    8.980000000   11.639998613   11.039366757    4.827819105
    8.990000000   13.574332379   12.390504908    5.685830813
    9.000000000   15.758789240   13.917450874    6.739608720
    9.010000000   17.963800363   15.454992513    8.002912900
    9.020000000   19.809681686   16.703632910    9.429193760
    9.030000000   20.975200108   17.395686420   10.860560041
    9.040000000   21.449351185   17.487717681   12.007309099
    9.050000000   21.482710217   17.144127399   12.540042922
    9.060000000   21.267299097   16.545660493   12.289055779
    9.070000000   20.733058553   15.748179511   11.359549840
    9.080000000   19.660145054   14.695347939   10.043141380
    9.090000000   17.973838473   13.354831594    8.645429599
    9.100000000   15.889541224   11.825270792    7.372694221
    9.110000000   13.758442494   10.292165306    6.314886276
    9.120000000   11.850520042    8.915583075    5.484309770
    9.130000000   10.286502871    7.775528097    4.858615762
    9.140000000    9.081885731    6.885167208    4.407329646
    9.150000000    8.206229592    6.224024862    4.103734661
    9.160000000    7.619671860    5.761767383    3.928788032
    9.170000000    7.288013313    5.468783373    3.871624032
    9.180000000    7.185066403    5.319141698    3.928607850
    9.190000000    7.287022089    5.291499905    4.101059107
    9.200000000    7.558525753    5.368458159    4.390272857
    9.210000000    7.930748754    5.529977514    4.787289355
    9.220000000    8.288206602    5.744870376    5.255786359
    9.230000000    8.499463121    5.977511432    5.714079646
    9.240000000    8.491088642    6.212701975    6.039076782
    9.250000000    8.292519640    6.471376531    6.121319113
    9.260000000    8.008437460    6.798196798    5.947788382
    9.270000000    7.757456613    7.228893461    5.618688020
    9.280000000    7.618550137    7.747386947    5.272507031
    9.290000000    7.607092427    8.252365742    5.012401717
    9.300000000    7.690773808    8.578201746    4.890857244
    9.310000000    7.839175562    8.602298029    4.927065406
    9.320000000    8.068349664    8.356857818    5.123916923
    9.330000000    8.430722956    8.004104343    5.474883376
    9.340000000    8.962142657    7.708913525    5.963950664
    9.350000000    9.635238991    7.553110807    6.562882673
    9.360000000   10.337186944    7.525731318    7.228231310
    9.370000000   10.881746285    7.549654633    7.907312594
    9.380000000   11.076429861    7.527109884    8.561557287
    9.390000000   10.829001411    7.395126956    9.181027960
    9.400000000   10.207585789    7.152977183    9.742646841
    9.410000000    9.376627756    6.830012405   10.133409265
    9.420000000    8.478912265    6.440173293   10.157990505
    9.430000000    7.597421907    5.991264671    9.692251028
    9.440000000    6.790152411    5.521509386    8.822587960
    9.450000000    6.107597172    5.094249826    7.783165959
    9.460000000    5.579378065    4.762441031    6.789831648
    9.470000000    5.205673610    4.550542028    5.959765697
    9.480000000    4.961218291    4.458516924    5.327915637
    9.490000000    4.805475673    4.472118579    4.888220994
    9.500000000    4.700672019    4.572948560    4.623138108
    9.510000000    4.631297050    4.743762278    4.517990063
    9.520000000    4.603185898    4.960378287    4.563337168
    9.530000000    4.620967648    5.176041078    4.747750643
    9.540000000    4.670576160    5.323740197    5.042785275
    9.550000000    4.719672709    5.348954487    5.383558969
    9.560000000    4.725421190    5.244006239    5.658603665
    9.570000000    4.645982798    5.048534358    5.736721123
    9.580000000    4.465804513    4.825033833    5.542521388
    9.590000000    4.217006866    4.636680768    5.118162935
    9.600000000    3.962729638    4.534404281    4.588624046
    9.610000000    3.759510707    4.551553555    4.072012913
    9.620000000    3.638697752    4.706085908    3.631075059
    9.630000000    3.610045501    5.005673157    3.277606820
    9.640000000    3.671422522    5.450874422    2.995267164
    9.650000000    3.815853490    6.033711003    2.762627035
    9.660000000    4.031758124    6.724658074    2.569036836
    9.670000000    4.294608291    7.444986771    2.415486752
    9.680000000    4.561233278    8.054788734    2.304532176
    9.690000000    4.785589571    8.406582864    2.231807194
    9.700000000    4.947510432    8.437561084    2.183540900
    9.710000000    5.056991782    8.189647428    2.139611036
    9.720000000    5.131963867    7.752422909    2.083407436
    9.730000000    5.180568525    7.222789093    2.012366634
    9.740000000    5.195234391    6.686401854    1.936632879
    9.750000000    5.166177126    6.203045605    1.869390593
    9.760000000    5.113834391    5.814811430    1.822183453
    9.770000000    5.096596076    5.559469072    1.804984931
    9.780000000    5.177716566    5.465595352    1.825159990
    9.790000000    5.390256934    5.540391498    1.885264003
    9.800000000    5.721313780    5.759732234    1.980546937
    9.810000000    6.105974165    6.056653806    2.095600519
    9.820000000    6.426172901    6.311976889    2.201632797
    9.830000000    6.535598456    6.375283162    2.261678423
    9.840000000    6.339045835    6.145138477    2.251005595
    9.850000000    5.871046413    5.649522861    2.176912398
    9.860000000    5.265646690    5.018486714    2.069386378
    9.870000000    4.651408416    4.382646600    1.952456841
    9.880000000    4.093347551    3.814639448    1.830637498
    9.890000000    3.606475604    3.335857491    1.699312631
    9.900000000    3.190192259    2.943717783    1.560591682
    9.910000000    2.844455439    2.629084004    1.425409051
    9.920000000    2.567804897    2.381562502    1.304791824
    9.930000000    2.353314925    2.190356089    1.204141570
    9.940000000    2.188303280    2.044671048    1.123759114
    9.950000000    2.056565911    1.934353901    1.061409704
    9.960000000    1.943429885    1.851322908    1.014208812
    9.970000000    1.842078722    1.791453123    0.979502612
    9.980000000    1.754827025    1.754861297    0.955145014
    9.990000000    1.687945695    1.744132653    0.939513179
   10.000000000    1.646708945    1.762699019    0.931438364
   10.010000000    1.634366135    1.814556385    0.930125361
   10.020000000    1.653143768    1.904564821    0.935085555
   10.030000000    1.704903916    2.038222669    0.946089594
   10.040000000    1.790288295    2.219813210    0.963139392
   10.050000000    1.905588390    2.447384517    0.986457982
   10.060000000    2.037268896    2.703279003    1.016496433
   10.070000000    2.157492501    2.943493382    1.053958385
   10.080000000    2.229496252    3.100580128    1.099844417
   10.090000000    2.227617343    3.117322682    1.155520172
   10.100000000    2.155986505    2.991655390    1.222813728
   10.110000000    2.044254221    2.778728410    1.304148010
   10.120000000    1.927211516    2.547536828    1.402710386
   10.130000000    1.830037582    2.345516953    1.522646596
   10.140000000    1.765704945    2.193785917    1.669222833
   10.150000000    1.738865743    2.097150193    1.848793602
   10.160000000    1.750281573    2.053609740    2.068195574
   10.170000000    1.799207908    2.059255413    2.332880113
   10.180000000    1.883446723    2.109478936    2.643121379
   10.190000000    1.997792802    2.198442495    2.989277746
   10.200000000    2.132541134    2.319344028    3.350912041
   10.210000000    2.274047946    2.467378119    3.704693202
   10.220000000    2.408011998    2.643430034    4.036203349
   10.230000000    2.526164835    2.855007290    4.347593869
   10.240000000    2.634037509    3.113810404    4.659334017
   10.250000000    2.747942852    3.427326532    4.994427532
   10.260000000    2.878144688    3.782527177    5.343245954
   10.270000000    3.015250538    4.130311776    5.644626654
   10.280000000    3.134577449    4.390043523    5.821574683
   10.290000000    3.216925919    4.490474656    5.852433693
   10.300000000    3.268275512    4.424471869    5.792078399
   10.310000000    3.318465963    4.256857914    5.714106378
   10.320000000    3.401915813    4.073659243    5.657116598
   10.330000000    3.543244857    3.934393074    5.633566617
   10.340000000    3.756399456    3.865108323    5.664844974
   10.350000000    4.047117236    3.874379382    5.785114994
   10.360000000    4.413098703    3.966993537    6.016071861
   10.370000000    4.848263963    4.148814399    6.351152069
   10.380000000    5.355556809    4.429258562    6.765155583
   10.390000000    5.955600403    4.822669107    7.240552638
   10.400000000    6.674091091    5.342111520    7.788675630
   10.410000000    7.506691840    5.981898305    8.434938452
   10.420000000    8.376183061    6.692988316    9.166653434
   10.430000000    9.119682184    7.372024044    9.899266430
   10.440000000    9.556308960    7.900848117   10.523466327
   10.450000000    9.618296627    8.235771676   11.011568818
   10.460000000    9.409754293    8.453802908   11.448644251
   10.470000000    9.113077892    8.685488533   11.923105297
   10.480000000    8.861663286    9.011920518   12.402583578
   10.490000000    8.693214441    9.419914548   12.728304299
   10.500000000    8.565958351    9.816632013   12.724033615
   10.510000000    8.402764300   10.074224658   12.307687882
   10.520000000    8.148542472   10.083138837   11.521050439
   10.530000000    7.800734590    9.790891796   10.487346112
   10.540000000    7.394096191    9.223829709    9.347335453
   10.550000000    6.968986273    8.484911381    8.226012385
   10.560000000    6.540957899    7.696883036    7.221716673
   10.570000000    6.089652033    6.931342269    6.394174507
   10.580000000    5.588370816    6.200037742    5.763228162
   10.590000000    5.046066350    5.501715045    5.321379317
   10.600000000    4.509110899    4.855632154    5.046180190
   10.610000000    4.026892574    4.290895042    4.903774155
   10.620000000    3.625940458    3.823922555    4.847141324
   10.630000000    3.309508978    3.453143719    4.821442882
   10.640000000    3.069492182    3.166770135    4.782635437
   10.650000000    2.896645246    2.950903022    4.709796301
   10.660000000    2.784400467    2.793179734    4.594677141
   10.670000000    2.729147688    2.684637994    4.435506910
   10.680000000    2.730528877    2.621834194    4.251308527
   10.690000000    2.791659590    2.606910917    4.084393681
   10.700000000    2.918522740    2.645150300    3.979539437
   10.710000000    3.118775619    2.742768789    3.967241109
   10.720000000    3.399401774    2.905678360    4.062407189
   10.730000000    3.761644514    3.137567737    4.267860154
   10.740000000    4.193143047    3.436471225    4.574525423
   10.750000000    4.663008361    3.792281024    4.960939081
   10.760000000    5.130345675    4.189602431    5.400278747
   10.770000000    5.563467240    4.612193852    5.872244307
   10.780000000    5.947831671    5.035155373    6.361009927
   10.790000000    6.277053957    5.407002792    6.833308448
   10.800000000    6.537941108    5.649043971    7.211759426
   10.810000000    6.696939962    5.693293535    7.373527869
   10.820000000    6.709443972    5.534521181    7.217012655
   10.830000000    6.555180271    5.236993778    6.759725608
   10.840000000    6.257254893    4.889064647    6.140291678
   10.850000000    5.863246813    4.559427264    5.517341471
   10.860000000    5.428794224    4.288557943    4.990267233
   10.870000000    5.017645995    4.100513066    4.592100070
   10.880000000    4.689643892    4.010048123    4.317176767
   10.890000000    4.483472091    4.023387008    4.149341254
   10.900000000    4.412746123    4.136210443    4.075359688
   10.910000000    4.468140394    4.324994474    4.078671496
   10.920000000    4.615194549    4.537325707    4.124430659
   10.930000000    4.791431442    4.701319430    4.156243771
   10.940000000    4.915196422    4.763506579    4.118811864
   10.950000000    4.915006914    4.723518980    3.994811610
   10.960000000    4.770642243    4.628721723    3.816995002
   10.970000000    4.527769455    4.539411564    3.639260388
   10.980000000    4.258548528    4.492112138    3.500211276
   10.990000000    4.008730501    4.479631750    3.410220118
   11.000000000    3.784364229    4.462972163    3.360533998
   11.010000000    3.577827220    4.413857938    3.342035944
   11.020000000    3.395557376    4.349377318    3.359246295
   11.030000000    3.257852843    4.317794113    3.429012468
   11.040000000    3.180871506    4.355400046    3.571179364
   11.050000000    3.164410389    4.457176275    3.803918017
   11.060000000    3.191449711    4.574217835    4.144809888
   11.070000000    3.238021260    4.641439256    4.612711462
   11.080000000    3.288917137    4.626481349    5.226936460
   11.090000000    3.343641866    4.550965278    6.002132526
   11.100000000    3.405886046    4.456961016    6.937818999
   11.110000000    3.473626430    4.366492432    8.001462628
   11.120000000    3.541474827    4.277491055    9.107441651
   11.130000000    3.609468423    4.186243623   10.110395083
   11.140000000    3.689160625    4.105357920   10.850795755
   11.150000000    3.802573525    4.061265929   11.254832792
   11.160000000    3.974700365    4.079890789   11.375844649
   11.170000000    4.219654098    4.170466982   11.290050765
   11.180000000    4.525111375    4.313768316   10.987684022
   11.190000000    4.844335947    4.462129421   10.415929260
   11.200000000    5.106355285    4.556527298    9.589432558
   11.210000000    5.252104903    4.560635035    8.608941137
   11.220000000    5.276314038    4.489366991    7.601611881
   11.230000000    5.232934399    4.397481721    6.671155923
   11.240000000    5.198771327    4.337585525    5.879319586
   11.250000000    5.229844963    4.327314699    5.247671429
   11.260000000    5.341842127    4.345821405    4.770259954
   11.270000000    5.519563907    4.358051246    4.429610020
   11.280000000    5.734458224    4.345393787    4.208993487
   11.290000000    5.951287605    4.313640236    4.096898547
   11.300000000    6.140233697    4.282558788    4.085959384
   11.310000000    6.309089402    4.280096105    4.170280645
   11.320000000    6.514659199    4.337637874    4.340119131
   11.330000000    6.825096703    4.476816224    4.574079183
   11.340000000    7.276393430    4.700470881    4.838894909
   11.350000000    7.862533408    4.999301602    5.107440429
   11.360000000    8.544901614    5.360955332    5.380108403
   11.370000000    9.244567910    5.758360375    5.674479417
   11.380000000    9.818810596    6.123319651    5.984579653
   11.390000000   10.079035611    6.345591480    6.258452743
   11.400000000    9.887067176    6.327442154    6.432463689
   11.410000000    9.265322722    6.061560705    6.496797282
   11.420000000    8.395500138    5.645463458    6.511304442
   11.430000000    7.493346392    5.208221310    6.545791031
   11.440000000    6.696143663    4.834095039    6.616799823
   11.450000000    6.046042423    4.545477131    6.685126684
   11.460000000    5.531587570    4.326639568    6.707600667
   11.470000000    5.126872112    4.148516225    6.683041078
   11.480000000    4.806023143    3.980939614    6.650210885
   11.490000000    4.547578830    3.804034473    6.663243983
   11.500000000    4.338981070    3.617179326    6.768653104
   11.510000000    4.175908141    3.432440340    6.986587146
   11.520000000    4.059121300    3.263156050    7.309739882
   11.530000000    3.992789691    3.122211409    7.709296361
   11.540000000    3.977328238    3.020825338    8.115543688
   11.550000000    3.998481387    2.961946676    8.397083633
   11.560000000    4.027986055    2.938559425    8.414492831
   11.570000000    4.037841646    2.939176415    8.135098366
   11.580000000    4.011454053    2.950945753    7.665942383
   11.590000000    3.941855831    2.957852502    7.158336307
   11.600000000    3.828008817    2.943011671    6.716583315
   11.610000000    3.679394115    2.897518143    6.387791886
   11.620000000    3.516570289    2.824413865    6.185014107
   11.630000000    3.362685338    2.736070995    6.100805587
   11.640000000    3.237298229    2.651441128    6.109176571
   11.650000000    3.152029402    2.590166224    6.157899659
   11.660000000    3.107383530    2.565887910    6.169962671
   11.670000000    3.097039974    2.585876569    6.079629007
   11.680000000    3.115880809    2.654398464    5.873278351
   11.690000000    3.162829415    2.772467512    5.585513430
   11.700000000    3.237903562    2.931783964    5.271464430
   11.710000000    3.332981752    3.104600162    4.987097891
   11.720000000    3.420148026    3.238920291    4.768890450
   11.730000000    3.457431070    3.278315815    4.616521961
   11.740000000    3.420849313    3.203796833    4.491651882
   11.750000000    3.330855362    3.052171528    4.334756933
   11.760000000    3.239506651    2.886790243    4.101612206
   11.770000000    3.197751718    2.759683243    3.799075491
   11.780000000    3.236410264    2.698564639    3.477993016
   11.790000000    3.361518283    2.711118109    3.191769992
   11.800000000    3.550553497    2.790315170    2.968062839
   11.810000000    3.747709458    2.916293270    2.806016742
   11.820000000    3.874673056    3.061060437    2.684941827
   11.830000000    3.871833465    3.203235688    2.577855493
   11.840000000    3.741752759    3.344900781    2.468379434
   11.850000000    3.544493007    3.510861550    2.360981655
   11.860000000    3.351152231    3.726656411    2.274589536
   11.870000000    3.204796025    3.992130195    2.227411403
   11.880000000    3.111565585    4.268664198    2.227229240
   11.890000000    3.054540853    4.495008132    2.269187456
   11.900000000    3.017765119    4.633773667    2.337033407
   11.910000000    3.003245660    4.709470777    2.406179322
   11.920000000    3.026907262    4.792811526    2.448057452
   11.930000000    3.102042303    4.949192497    2.438014742
   11.940000000    3.227219897    5.197605379    2.368181251
   11.950000000    3.380784403    5.493268714    2.253395905
   11.960000000    3.520126764    5.735453954    2.119033026
   11.970000000    3.595922233    5.815556147    1.985136422
   11.980000000    3.580530266    5.687972271    1.864259829
   11.990000000    3.482205076    5.395787369    1.766296681
   12.000000000    3.329594230    5.025088569    1.698829633
   12.010000000    3.147558373    4.642111089    1.663908802
   12.020000000    2.949725788    4.272168991    1.655823874
   12.030000000    2.748243786    3.923691254    1.660768911
   12.040000000    2.561660342    3.614158103    1.658576257
   12.050000000    2.409620541    3.368194507    1.630493496
   12.060000000    2.304412347    3.203980132    1.572322542
   12.070000000    2.248342054    3.128097853    1.498028466
   12.080000000    2.234139635    3.135869963    1.427193035
   12.090000000    2.245629961    3.208951676    1.371385898
   12.100000000    2.259937036    3.310147048    1.330852497
   12.110000000    2.254642497    3.385710712    1.299910879
   12.120000000    2.219472623    3.388134654    1.275540981
   12.130000000    2.163903098    3.309981851    1.261773649
   12.140000000    2.112068445    3.190313564    1.266472700
   12.150000000    2.088283799    3.082034615    1.295977741
   12.160000000    2.106475657    3.018865508    1.352848288
   12.170000000    2.170168899    3.009922061    1.436723628
   12.180000000    2.278741994    3.054037035    1.546439036
   12.190000000    2.430646495    3.151985441    1.680057147
   12.200000000    2.616364178    3.300641004    1.830112545
   12.210000000    2.805357165    3.474769629    1.977667619
   12.220000000    2.941635700    3.617094033    2.092873276
   12.230000000    2.964797591    3.657496223    2.148105881
   12.240000000    2.853512699    3.562104874    2.139261751
   12.250000000    2.645675911    3.363246851    2.090683054
   12.260000000    2.405967192    3.127734014    2.031430773
   12.270000000    2.182469689    2.904051865    1.969743952
   12.280000000    1.993237007    2.703150100    1.891411561
   12.290000000    1.836922032    2.513575748    1.779209468
   12.300000000    1.707995543    2.325801127    1.632407830
   12.310000000    1.605250758    2.144495577    1.468493786
   12.320000000    1.531503006    1.982963375    1.310079282
   12.330000000    1.490172138    1.852799879    1.172879903
   12.340000000    1.484143649    1.761105245    1.063128220
   12.350000000    1.516209020    1.712369709    0.980848297
   12.360000000    1.588662722    1.709012466    0.923497002
   12.370000000    1.701158246    1.749848332    0.887959874
   12.380000000    1.846301456    1.826777694    0.871073120
   12.390000000    2.003934738    1.920352052    0.869377809
   12.400000000    2.140927363    1.999901654    0.879130654
   12.410000000    2.227119970    2.037487647    0.897712258
   12.420000000    2.261125048    2.030288250    0.925887037
   12.430000000    2.275746851    2.005239374    0.968078247
   12.440000000    2.314806465    1.998900058    1.029677272
   12.450000000    2.409351596    2.036902135    1.113540848
   12.460000000    2.568510309    2.126146804    1.216828837
   12.470000000    2.777366497    2.252773673    1.328472021
   12.480000000    2.996874445    2.381439991    1.429804384
   12.490000000    3.170478804    2.462081668    1.500315983
   12.500000000    3.241915105    2.450926973    1.524462956
   12.510000000    3.181571297    2.336574620    1.496759853
   12.520000000    3.004922667    2.146341599    1.427047824
   12.530000000    2.759277756    1.924512922    1.339088727
   12.540000000    2.488408890    1.705635681    1.258722954
   12.550000000    2.215577497    1.506020159    1.203768349
   12.560000000    1.954005406    1.331109558    1.183186060
   12.570000000    1.717115429    1.183110540    1.200950524
   12.580000000    1.515816918    1.062568383    1.259283898
   12.590000000    1.354113946    0.967937780    1.359373926
   12.600000000    1.229701255    0.896033807    1.499001234
   12.610000000    1.136538090    0.842813242    1.666635915
   12.620000000    1.066725883    0.803911263    1.833947938
   12.630000000    1.012150562    0.775351270    1.956021204
   12.640000000    0.966932316    0.754732147    1.992206934
   12.650000000    0.929482040    0.742006048    1.938119214
   12.660000000    0.901894974    0.738892116    1.830975430
   12.670000000    0.887389824    0.747578533    1.720242272
   12.680000000    0.888524696    0.769843964    1.639750718
   12.690000000    0.906968493    0.806622628    1.600193233
   12.700000000    0.943872824    0.857514928    1.591914185
   12.710000000    1.000233859    0.920423038    1.590235075
   12.720000000    1.077354093    0.992216984    1.567219802
   12.730000000    1.177267670    1.070144778    1.509029468
   12.740000000    1.302367317    1.151900093    1.422150149
   12.750000000    1.454509940    1.235361129    1.322269833
   12.760000000    1.634405697    1.321117296    1.223708197
   12.770000000    1.838421106    1.412953947    1.137878261
   12.780000000    2.048995561    1.509509617    1.072796438
   12.790000000    2.225163005    1.593471143    1.030990240
   12.800000000    2.311498922    1.632867158    1.008812518
   12.810000000    2.271937419    1.600587694    0.998225837
   12.820000000    2.117842133    1.496472448    0.990402909
   12.830000000    1.898018604    1.347679547    0.978573617
   12.840000000    1.665833001    1.188665651    0.958024871
   12.850000000    1.456786463    1.043704153    0.926702539
   12.860000000    1.285976176    0.923364767    0.888253848
   12.870000000    1.155074296    0.828997077    0.851421884
   12.880000000    1.058763032    0.757511284    0.824445753
   12.890000000    0.988221295    0.704122736    0.811063175
   12.900000000    0.933656208    0.663877976    0.811308522
   12.910000000    0.887677543    0.632989274    0.824874814
   12.920000000    0.847622858    0.609623226    0.852793169
   12.930000000    0.813826779    0.593267740    0.894748800
   12.940000000    0.785961504    0.583431896    0.943914394
   12.950000000    0.761771917    0.579137713    0.984060893
   12.960000000    0.738658319    0.579376089    0.994618819
   12.970000000    0.716035975    0.583855537    0.964149407
   12.980000000    0.696267980    0.593344735    0.898888369
   12.990000000    0.683252382    0.609440962    0.815685386
   13.000000000    0.680562077    0.634362458    0.730298429
   13.010000000    0.690730189    0.670675921    0.652733619
   13.020000000    0.714979598    0.720224172    0.587654893
   13.030000000    0.752432587    0.782135766    0.535875868
   13.040000000    0.798656801    0.850279719    0.495832130
   13.050000000    0.844857378    0.912007316    0.464753517
   13.060000000    0.880828423    0.952555153    0.439713235
   13.070000000    0.902075948    0.965779471    0.418750438
   13.080000000    0.913348200    0.960294572    0.401431177
   13.090000000    0.922511363    0.952320622    0.388312528
   13.100000000    0.932170115    0.954677668    0.380084100
   13.110000000    0.938925208    0.973150160    0.377223662
   13.120000000    0.940170184    1.008994159    0.380071736
   13.130000000    0.939130004    1.060485713    0.388926177
   13.140000000    0.941201677    1.119804352    0.403911298
   13.150000000    0.947128819    1.169658331    0.424468972
   13.160000000    0.951716616    1.188506207    0.448440139
   13.170000000    0.948505936    1.165264306    0.471306915
   13.180000000    0.934179866    1.108032067    0.487244610
   13.190000000    0.909666689    1.036087836    0.492932996
   13.200000000    0.880400631    0.967461855    0.490769693
   13.210000000    0.854913095    0.913762388    0.487150819
   13.220000000    0.840878840    0.880335109    0.487992666
   13.230000000    0.842137766    0.867727147    0.496011395
   13.240000000    0.858289103    0.872809888    0.510099114
   13.250000000    0.885894477    0.889558701    0.525559169
   13.260000000    0.921233789    0.911029093    0.535724590
   13.270000000    0.964109673    0.933392272    0.535683766
   13.280000000    1.019618810    0.959144786    0.525646036
   13.290000000    1.096263796    0.995967537    0.510437245
   13.300000000    1.203026574    1.052859927    0.496122063
   13.310000000    1.347529846    1.137275187    0.487279384
   13.320000000    1.534181639    1.253629983    0.486171960
   13.330000000    1.760108622    1.401160201    0.492995390
   13.340000000    2.008151371    1.569704153    0.506268605
   13.350000000    2.240288322    1.734950750    0.523211354
   13.360000000    2.400926494    1.859683501    0.540476248
   13.370000000    2.441022843    1.909894070    0.555409395
   13.380000000    2.354317028    1.880540838    0.567425818
   13.390000000    2.185998041    1.802577694    0.578422329
   13.400000000    1.999613110    1.720556833    0.591901912
   13.410000000    1.842943990    1.669097438    0.611811487
   13.420000000    1.740256217    1.667525708    0.641732801
   13.430000000    1.700252379    1.725284743    0.684611452
   13.440000000    1.724466374    1.847249942    0.742911197
   13.450000000    1.810490010    2.034544704    0.818647197
   13.460000000    1.949315411    2.279536884    0.912735637
   13.470000000    2.117722538    2.555319459    1.023508648
   13.480000000    2.271657039    2.806864863    1.145488198
   13.490000000    2.355678722    2.963337942    1.271501163
   13.500000000    2.336560583    2.981936869    1.399705088
   13.510000000    2.230669460    2.883103267    1.538943610
   13.520000000    2.087927741    2.728558282    1.704582812
   13.530000000    1.954393535    2.572877481    1.909797467
   13.540000000    1.854821954    2.444388626    2.160348072
   13.550000000    1.795551447    2.352873160    2.449082865
   13.560000000    1.769088641    2.294831428    2.743978371
   13.570000000    1.755699179    2.251455899    2.980147746
   13.580000000    1.730270568    2.194829302    3.080374564
   13.590000000    1.677998325    2.108364065    3.005776780
   13.600000000    1.605676096    2.002041243    2.788687812
   13.610000000    1.534899081    1.903340393    2.507773646
   13.620000000    1.486159703    1.837454684    2.236818426
   13.630000000    1.469541099    1.817002930    2.017894764
   13.640000000    1.483203191    1.840343192    1.863561006
   13.650000000    1.514747364    1.890950869    1.766989868
   13.660000000    1.545708589    1.938921777    1.708454773
   13.670000000    1.561257025    1.951920800    1.660544800
   13.680000000    1.560361873    1.914867683    1.598647346
   13.690000000    1.557253235    1.840996447    1.514266750
   13.700000000    1.573287431    1.761689707    1.418098349
   13.710000000    1.627860229    1.707553555    1.329028876
   13.720000000    1.734426124    1.698275731    1.262124466
   13.730000000    1.899573019    1.742451044    1.225214273
   13.740000000    2.119854761    1.839169524    1.221321042
   13.750000000    2.373445550    1.976050847    1.251741124
   13.760000000    2.611318950    2.125575614    1.317857322
   13.770000000    2.765439632    2.249679973    1.421850439
   13.780000000    2.788076411    2.320585769    1.566535799
   13.790000000    2.690905353    2.340515944    1.753455205
   13.800000000    2.531773669    2.332522608    1.978118297
   13.810000000    2.366571711    2.315315205    2.224185264
   13.820000000    2.222180765    2.294007604    2.462381849
   13.830000000    2.099154737    2.264382934    2.657876707
   13.840000000    1.983854528    2.215012713    2.781161127
   13.850000000    1.862383030    2.132696485    2.819307455
   13.860000000    1.732938303    2.014369496    2.787235735
   13.870000000    1.606460200    1.870746651    2.724546713
   13.880000000    1.497380900    1.720069393    2.676518482
   13.890000000    1.416031540    1.581796518    2.677644475
   13.900000000    1.364999398    1.470464955    2.742340719
   13.910000000    1.337438337    1.390695932    2.860157107
   13.920000000    1.318547201    1.336797878    2.997790839
   13.930000000    1.291962274    1.296392414    3.107792237
   13.940000000    1.247715074    1.255596416    3.138010599
   13.950000000    1.184932688    1.204297969    3.046304943
   13.960000000    1.109558646    1.141024762    2.828133727
   13.970000000    1.031567984    1.073772342    2.527839962
   13.980000000    0.961750455    1.014362818    2.209517356
   13.990000000    0.908257847    0.971708763    1.920933372
   14.000000000    0.875053213    0.949093264    1.682639150
   14.010000000    0.862609500    0.945014922    1.495570863
   14.020000000    0.869533946    0.956010697    1.351931741
   14.030000000    0.893972252    0.980447657    1.243445286
   14.040000000    0.933869618    1.020424552    1.165190954
   14.050000000    0.986237733    1.079494415    1.114600674
   14.060000000    1.046914484    1.158288895    1.088301702
   14.070000000    1.109959969    1.250080842    1.079376566
   14.080000000    1.164518027    1.336853064    1.075551708
   14.090000000    1.193907035    1.391516274    1.060667084
   14.100000000    1.184554086    1.392640012    1.022643279
   14.110000000    1.137323737    1.339934960    0.962027141
   14.120000000    1.065400841    1.250010394    0.889987425
   14.130000000    0.983488579    1.140618937    0.818984425
   14.140000000    0.903042330    1.024986729    0.757336615
   14.150000000    0.832764885    0.914226916    0.709165443
   14.160000000    0.778519258    0.817118923    0.675913562
   14.170000000    0.743159457    0.738267600    0.657761251
   14.180000000    0.727560605    0.678471069    0.654688710
   14.190000000    0.732056468    0.636556937    0.667142071
   14.200000000    0.757463485    0.610943839    0.696376838
   14.210000000    0.805550068    0.600441434    0.744555408
   14.220000000    0.878968777    0.604456519    0.814519209
   14.230000000    0.980385273    0.622733208    0.908859808
   14.240000000    1.110044066    0.654501443    1.027501454
   14.250000000    1.260746280    0.696748856    1.162891608
   14.260000000    1.410811718    0.741827214    1.293719535
   14.270000000    1.521659956    0.776610461    1.383982202
   14.280000000    1.552506724    0.787369927    1.398347038
   14.290000000    1.489866233    0.769595803    1.328551441
   14.300000000    1.359567411    0.731999963    1.200698695
   14.310000000    1.204635304    0.689150386    1.053328600
   14.320000000    1.058400195    0.652525424    0.914635166
   14.330000000    0.936797749    0.627977345    0.797251795
   14.340000000    0.843664615    0.617542290    0.703465879
   14.350000000    0.777423076    0.621730017    0.631016883
   14.360000000    0.735134511    0.640952519    0.576461148
   14.370000000    0.714297241    0.676205499    0.536602750
   14.380000000    0.713435254    0.729310948    0.508932867
   14.390000000    0.732092785    0.802813167    0.491650715
   14.400000000    0.770373428    0.899308104    0.483505038
   14.410000000    0.827789196    1.019615701    0.483498443
   14.420000000    0.901030831    1.159055751    0.490413527
   14.430000000    0.981013985    1.302406226    0.502232327
   14.440000000    1.052218158    1.422716641    0.515991015
   14.450000000    1.099473204    1.492868814    0.528987943
   14.460000000    1.120218449    1.506636256    0.540967458
   14.470000000    1.128261963    1.485450208    0.554738366
   14.480000000    1.143500388    1.461349249    0.574236288
   14.490000000    1.180033623    1.457297630    0.602312645
   14.500000000    1.241398060    1.480317726    0.639849554
   14.510000000    1.321223278    1.525188764    0.686057155
   14.520000000    1.406941702    1.583239882    0.740007856
   14.530000000    1.485021556    1.650068460    0.803014774
   14.540000000    1.545547038    1.726611816    0.879477380
   14.550000000    1.584718722    1.814469318    0.974733445
   14.560000000    1.601933559    1.909056693    1.092144272
   14.570000000    1.593646260    1.996732052    1.232159500
   14.580000000    1.556508407    2.063746348    1.393308594
   14.590000000    1.497354472    2.108843024    1.571232317
   14.600000000    1.432237151    2.141525321    1.752222620
   14.610000000    1.375609020    2.170107452    1.907034514
   14.620000000    1.333959502    2.194655192    1.998556022
   14.630000000    1.306393914    2.206106723    2.006431765
   14.640000000    1.287378609    2.187563799    1.943730014
   14.650000000    1.270705871    2.121468268    1.844169591
   14.660000000    1.255563727    2.006299079    1.740116572
   14.670000000    1.248608810    1.863830733    1.652353669
   14.680000000    1.257624824    1.722625683    1.587334859
   14.690000000    1.284618500    1.599276966    1.539628758
   14.700000000    1.325037553    1.496641743    1.502158129
   14.710000000    1.368849531    1.411019044    1.476893623
   14.720000000    1.399186986    1.335403687    1.474861812
   14.730000000    1.396316747    1.261228913    1.508783188
   14.740000000    1.352430308    1.184886612    1.588541762
   14.750000000    1.280899378    1.112113584    1.719371159
   14.760000000    1.205606816    1.052867736    1.897006291
   14.770000000    1.143611090    1.012994059    2.098248518
   14.780000000    1.097496763    0.990246100    2.273477540
   14.790000000    1.058426704    0.975201541    2.358173117
   14.800000000    1.015000945    0.955541385    2.312398710
   14.810000000    0.961371086    0.921525276    2.153069221
   14.820000000    0.899267944    0.870357157    1.936349491
   14.830000000    0.835403059    0.807630809    1.715238524
   14.840000000    0.777405643    0.743522792    1.518817967
   14.850000000    0.730095992    0.686362040    1.354695997
   14.860000000    0.694077922    0.639492235    1.217020766
   14.870000000    0.667478796    0.602629586    1.094764195
   14.880000000    0.649430969    0.575012050    0.980607519
   14.890000000    0.641767455    0.557203468    0.875008919
   14.900000000    0.647189937    0.550487076    0.782478050
   14.910000000    0.666037270    0.555342341    0.706355053
   14.920000000    0.693593567    0.570272022    0.647156972
   14.930000000    0.718888083    0.591260873    0.603378769
   14.940000000    0.727818335    0.612683308    0.572563866
   14.950000000    0.711807339    0.629887535    0.551829270
   14.960000000    0.673900443    0.640326873    0.537629130
   14.970000000    0.624068937    0.641083852    0.525244420
   14.980000000    0.570834159    0.627877936    0.509732424
   14.990000000    0.519119330    0.599567394    0.488862319
   15.000000000    0.472296953    0.561768488    0.464768514
   15.010000000    0.432997811    0.523595950    0.441883827
   15.020000000    0.402630774    0.492367849    0.423933735
   15.030000000    0.381388363    0.471885989    0.412864559
   15.040000000    0.368763780    0.463515821    0.409229751
   15.050000000    0.363989673    0.467591366    0.412742859
   15.060000000    0.366256362    0.484150043    0.422606750
   15.070000000    0.374824928    0.512913521    0.437745661
   15.080000000    0.388907799    0.552454955    0.456686733
   15.090000000    0.407011744    0.598587555    0.476605747
   15.100000000    0.426226633    0.643149652    0.492632418
   15.110000000    0.442774872    0.675716418    0.499943062
   15.120000000    0.454013473    0.688896912    0.498046611
   15.130000000    0.460161185    0.683217897    0.492019290
   15.140000000    0.464432285    0.667178555    0.488897142
   15.150000000    0.471587162    0.652329961    0.493851969
   15.160000000    0.485475464    0.647266065    0.508901569
   15.170000000    0.506654664    0.654239257    0.532778987
   15.180000000    0.530998626    0.668548233    0.560760273
   15.190000000    0.550400840    0.680407772    0.585514676
   15.200000000    0.556959302    0.680411269    0.600659975
   15.210000000    0.548754190    0.666373651    0.605345583
   15.220000000    0.531414645    0.645006752    0.605244184
   15.230000000    0.513655483    0.626681775    0.608912189
   15.240000000    0.502083037    0.619370515    0.623314555
   15.250000000    0.499690044    0.626392422    0.651417999
   15.260000000    0.506973726    0.646623432    0.691152170
   15.270000000    0.522691754    0.674380950    0.734595655
   15.280000000    0.543456183    0.699223842    0.769102532
   15.290000000    0.563962685    0.709024327    0.783301560
   15.300000000    0.579252069    0.697159376    0.775238441
   15.310000000    0.587705659    0.667438566    0.754062502
   15.320000000    0.591957764    0.630762997    0.733348793
   15.330000000    0.596168622    0.597518765    0.723955705
   15.340000000    0.601609389    0.573026894    0.731975750
   15.350000000    0.605280450    0.557854048    0.760297156
   15.360000000    0.603964666    0.551023625    0.810724994
   15.370000000    0.599529850    0.553074615    0.885025684
   15.380000000    0.598794795    0.566253312    0.984175655
   15.390000000    0.608723527    0.592317756    1.106055034
   15.400000000    0.632704536    0.630487388    1.243403183
   15.410000000    0.669486650    0.676682114    1.385245507
   15.420000000    0.712955439    0.723517127    1.521959191
   15.430000000    0.752073312    0.760161917    1.646503266
   15.440000000    0.773342264    0.773834452    1.748579997
   15.450000000    0.767767388    0.756172229    1.812581606
   15.460000000    0.737091416    0.710277096    1.824988674
   15.470000000    0.692006455    0.649225649    1.784114053
   15.480000000    0.645296802    0.587475140    1.706558263
   15.490000000    0.607098568    0.534757325    1.623642472
   15.500000000    0.583444906    0.495409897    1.567252429
   15.510000000    0.576539663    0.470102865    1.558896156
   15.520000000    0.585589449    0.457466853    1.608278054
   15.530000000    0.607514771    0.455010566    1.714572035
   15.540000000    0.637341822    0.459531983    1.863564339
   15.550000000    0.667676924    0.467004539    2.020230255
   15.560000000    0.687768504    0.472293513    2.126740967
   15.570000000    0.686493901    0.470615790    2.124302619
   15.580000000    0.660535978    0.461017946    1.994633579
   15.590000000    0.618276337    0.447654069    1.774703530
   15.600000000    0.573401618    0.436794006    1.523957710
   15.610000000    0.536784947    0.433494604    1.287100303
   15.620000000    0.514155919    0.440838810    1.084359285
   15.630000000    0.507742528    0.460776468    0.919260933
   15.640000000    0.518198496    0.495030881    0.787860844
   15.650000000    0.545344455    0.545480325    0.684189955
   15.660000000    0.587521677    0.613863080    0.602583199
   15.670000000    0.639800483    0.700647766    0.538399192
   15.680000000    0.692413687    0.803018802    0.488085430
   15.690000000    0.732428789    0.912348716    0.449036366
   15.700000000    0.749444223    1.011837503    0.419421676
   15.710000000    0.739518199    1.076616120    0.398043122
   15.720000000    0.704159494    1.082883328    0.384229866
   15.730000000    0.649776903    1.025752792    0.377758541
   15.740000000    0.587298458    0.925537163    0.378760008
   15.750000000    0.527895904    0.812160387    0.387529386
   15.760000000    0.478650538    0.707645248    0.404077226
   15.770000000    0.441930997    0.621625737    0.427196322
   15.780000000    0.416800185    0.554956770    0.453040799
   15.790000000    0.400270920    0.503963519    0.474260539
   15.800000000    0.388341968    0.463490526    0.482129565
   15.810000000    0.377657974    0.429431285    0.472197845
   15.820000000    0.367256166    0.400289679    0.447968477
   15.830000000    0.358419352    0.376669675    0.417714242
   15.840000000    0.352603705    0.359522569    0.388526667
   15.850000000    0.349791112    0.348971547    0.363525138
   15.860000000    0.348700815    0.344199823    0.342711839
   15.870000000    0.348247131    0.343736838    0.325154224
   15.880000000    0.348371213    0.345385196    0.310343862
   15.890000000    0.349424061    0.346057729    0.298088346
   15.900000000    0.351709640    0.342940043    0.288189425
   15.910000000    0.356166973    0.335767556    0.280775606
   15.920000000    0.364807864    0.327342648    0.276559134
   15.930000000    0.380106125    0.321502027    0.276520153
   15.940000000    0.404332020    0.321214082    0.281557770
   15.950000000    0.439459506    0.328262473    0.292466680
   15.960000000    0.487309806    0.343733414    0.310049474
   15.970000000    0.549555489    0.368431476    0.335102285
   15.980000000    0.627366627    0.402908609    0.368078319
   15.990000000    0.720088285    0.446858058    0.408226434
   16.000000000    0.822087098    0.497539898    0.452226248
   16.010000000    0.918919706    0.547713197    0.493361817
   16.020000000    0.987922133    0.585457534    0.523406572
   16.030000000    1.008196830    0.598883923    0.537346681
   16.040000000    0.975169052    0.584191095    0.536555648
   16.050000000    0.904923441    0.548847282    0.527468966
   16.060000000    0.822605421    0.505482784    0.517897357
   16.070000000    0.748175835    0.463936036    0.513862551
   16.080000000    0.691570324    0.428965681    0.518757913
   16.090000000    0.654976579    0.402099488    0.534051850
   16.100000000    0.635820229    0.383252555    0.559041003
   16.110000000    0.628532010    0.371111122    0.589635699
   16.120000000    0.626607558    0.363614757    0.618510455
   16.130000000    0.625516040    0.359013814    0.637384379
   16.140000000    0.624433207    0.356663756    0.639977125
   16.150000000    0.626077262    0.357198278    0.625249001
   16.160000000    0.635801172    0.362364792    0.599218086
   16.170000000    0.659731574    0.374370281    0.571864584
   16.180000000    0.702286759    0.394909612    0.551832377
   16.190000000    0.763873103    0.424198254    0.543435146
   16.200000000    0.838113644    0.459762534    0.545509872
   16.210000000    0.909104787    0.495255647    0.550946174
   16.220000000    0.953798606    0.521436087    0.548580780
   16.230000000    0.954752954    0.531459547    0.529601635
   16.240000000    0.914115390    0.526664198    0.494315233
   16.250000000    0.850584051    0.515225594    0.451094804
   16.260000000    0.782928143    0.505046521    0.409091388
   16.270000000    0.719725773    0.498892055    0.373253815
   16.280000000    0.661065866    0.494374440    0.343997885
   16.290000000    0.604773478    0.486831853    0.319093385
   16.300000000    0.550425059    0.473339782    0.296146172
   16.310000000    0.499985003    0.455507788    0.274444392
   16.320000000    0.456362466    0.438362819    0.254874876
   16.330000000    0.421639963    0.426925016    0.238604594
   16.340000000    0.396487291    0.424325356    0.226254268
   16.350000000    0.380631389    0.432052237    0.217917810
   16.360000000    0.373497359    0.450843254    0.213470876
   16.370000000    0.374577033    0.481280587    0.212813295
   16.380000000    0.383460530    0.523799729    0.215996857
   16.390000000    0.399566182    0.578068781    0.223282309
   16.400000000    0.421735984    0.642109318    0.235157195
   16.410000000    0.448153854    0.712230570    0.252311369
   16.420000000    0.477199534    0.785094433    0.275516198
   16.430000000    0.508795634    0.860641051    0.305260190
   16.440000000    0.544117018    0.940858184    0.340885352
   16.450000000    0.582894079    1.022986396    0.379100750
   16.460000000    0.620801556    1.093433217    0.412688703
   16.470000000    0.650323416    1.130902651    0.431945897
   16.480000000    0.666429287    1.121799290    0.430559950
   16.490000000    0.672281059    1.074173828    0.411032060
   16.500000000    0.678003847    1.012409499    0.382619885
   16.510000000    0.694535209    0.960701628    0.354681563
   16.520000000    0.729408261    0.933968226    0.332909379
   16.530000000    0.785731270    0.938265259    0.319586935
   16.540000000    0.861632883    0.973404368    0.315093265
   16.550000000    0.948889219    1.033482617    0.318925379
   16.560000000    1.032865608    1.105620483    0.330003153
   16.570000000    1.097235019    1.170374187    0.346659878
   16.580000000    1.132560899    1.208370076    0.366961250
   16.590000000    1.142610205    1.212598617    0.389600736
   16.600000000    1.142784181    1.194722203    0.414438175
   16.610000000    1.150908398    1.176236509    0.441820564
   16.620000000    1.178615204    1.174507675    0.471807641
   16.630000000    1.228955755    1.196223554    0.504562286
   16.640000000    1.296491607    1.237554105    0.540786298
   16.650000000    1.366440565    1.285855911    0.580842361
   16.660000000    1.416852484    1.322597482    0.623282301
   16.670000000    1.428119346    1.330591773    0.664012012
   16.680000000    1.393333453    1.303214418    0.696602285
   16.690000000    1.319932405    1.248047726    0.714657814
   16.700000000    1.225247332    1.182509263    0.716612248
   16.710000000    1.129375757    1.124042253    0.707711222
   16.720000000    1.046074297    1.080590426    0.694707704
   16.730000000    0.977805548    1.047270247    0.679341517
   16.740000000    0.918948898    1.011397383    0.658395066
   16.750000000    0.864195053    0.963802884    0.629925123
   16.760000000    0.814202574    0.907037391    0.597850230
   16.770000000    0.773228548    0.851777239    0.569468933
   16.780000000    0.742982037    0.806994289    0.550240415
   16.790000000    0.719185987    0.773997255    0.540936784
   16.800000000    0.693210019    0.746587474    0.537329927
   16.810000000    0.658074741    0.715832854    0.532388023
   16.820000000    0.613703517    0.676977039    0.521241174
   16.830000000    0.565853769    0.632973698    0.505092142
   16.840000000    0.520982017    0.591310180    0.489611986
   16.850000000    0.483150500    0.558714406    0.480692415
   16.860000000    0.454323138    0.538962255    0.482400902
   16.870000000    0.435361064    0.533161057    0.496686509
   16.880000000    0.426114019    0.540022213    0.522623312
   16.890000000    0.425010242    0.555402106    0.554792202
   16.900000000    0.428842328    0.572217343    0.582361034
   16.910000000    0.433355021    0.582668933    0.592247829
   16.920000000    0.434767897    0.582352161    0.577144169
   16.930000000    0.431295457    0.571989744    0.540888440
   16.940000000    0.423589590    0.554744596    0.494610872
   16.950000000    0.413900038    0.532729628    0.449066299
   16.960000000    0.404988948    0.506841881    0.410748064
   16.970000000    0.399843145    0.479303428    0.382308985
   16.980000000    0.401573459    0.454445867    0.364348871
   16.990000000    0.412925942    0.436686092    0.356734664
   17.000000000    0.435883445    0.428808518    0.359232410
   17.010000000    0.471382058    0.431823726    0.371658597
   17.020000000    0.518484992    0.445284241    0.393608595
   17.030000000    0.572673023    0.467204729    0.423758190
   17.040000000    0.624342290    0.493902480    0.459060511
   17.050000000    0.660592432    0.520932034    0.494935529
   17.060000000    0.672078518    0.545678898    0.527575281
   17.070000000    0.659733880    0.569561591    0.556981252
   17.080000000    0.633809339    0.596850643    0.586996268
   17.090000000    0.606210050    0.630370202    0.621134393
   17.100000000    0.583449175    0.667196797    0.657391452
   17.110000000    0.564963009    0.697881878    0.686697550
   17.120000000    0.546815391    0.712088111    0.698351144
   17.130000000    0.527319443    0.707857308    0.689292053
   17.140000000    0.508944083    0.694031865    0.666389387
   17.150000000    0.495274468    0.682608398    0.639066673
   17.160000000    0.488015368    0.680694664    0.613289897
   17.170000000    0.486906431    0.688114304    0.592773601
   17.180000000    0.490773000    0.698723810    0.581828557
   17.190000000    0.498315829    0.704199271    0.584941562
   17.200000000    0.509081805    0.700146019    0.604534106
   17.210000000    0.523514111    0.689404972    0.638912263
   17.220000000    0.540597755    0.678154388    0.680254267
   17.230000000    0.555471052    0.670235768    0.713776197
   17.240000000    0.561205596    0.666537223    0.722483503
   17.250000000    0.554872056    0.668474357    0.698447344
   17.260000000    0.541080306    0.679571604    0.649481925
   17.270000000    0.527969377    0.702278713    0.592106767
   17.280000000    0.520736210    0.733258246    0.540243755
   17.290000000    0.519070208    0.761649308    0.500790403
   17.300000000    0.519272783    0.773794964    0.475188393
   17.310000000    0.518756266    0.763439555    0.462455541
   17.320000000    0.518665675    0.737100357    0.461392193
   17.330000000    0.521880103    0.707423326    0.470834503
   17.340000000    0.528747472    0.682551902    0.487860791
   17.350000000    0.534391737    0.661221783    0.505637349
   17.360000000    0.530073288    0.635274366    0.513937060
   17.370000000    0.509217888    0.597474490    0.504552659
   17.380000000    0.473335358    0.548457310    0.477644526
   17.390000000    0.430776814    0.495738030    0.441142734
   17.400000000    0.390310786    0.447325999    0.404273912
   17.410000000    0.357027598    0.407610128    0.372915056
   17.420000000    0.332294615    0.377186208    0.349033971
   17.430000000    0.315260927    0.354272798    0.332090121
   17.440000000    0.304356152    0.336328974    0.320794331
   17.450000000    0.298450995    0.321469947    0.314473944
   17.460000000    0.297313633    0.309059901    0.313495238
   17.470000000    0.301244301    0.299338455    0.318873764
   17.480000000    0.310539860    0.292931459    0.331775010
   17.490000000    0.325094847    0.290526287    0.353013188
   17.500000000    0.343576474    0.292272953    0.382073429
   17.510000000    0.362129829    0.297051305    0.415511280
   17.520000000    0.374344497    0.302381373    0.445627760
   17.530000000    0.374580319    0.305711895    0.462069498
   17.540000000    0.362648743    0.306403658    0.458140114
   17.550000000    0.344063670    0.306147917    0.436543796
   17.560000000    0.325534469    0.307332503    0.406954853
   17.570000000    0.311244368    0.311389101    0.378610768
   17.580000000    0.302112425    0.318033463    0.356034880
   17.590000000    0.296544775    0.325064921    0.339193140
   17.600000000    0.291917224    0.329423980    0.325646475
   17.610000000    0.286561033    0.329658725    0.312989984
   17.620000000    0.280740195    0.327179944    0.300128172
   17.630000000    0.275813958    0.324629240    0.287112679
   17.640000000    0.273069443    0.323582857    0.274899624
   17.650000000    0.273139121    0.323555229    0.265171466
   17.660000000    0.275743358    0.322495922    0.259605315
   17.670000000    0.279795986    0.318596693    0.259165980
   17.680000000    0.283693528    0.311721791    0.263959773
   17.690000000    0.285742578    0.302999338    0.273432752
   17.700000000    0.285138970    0.294000016    0.286552668
   17.710000000    0.282524386    0.286502728    0.301749573
   17.720000000    0.279136891    0.282088380    0.316985444
   17.730000000    0.275929787    0.281711800    0.330519319
   17.740000000    0.273449199    0.285666486    0.341399730
   17.750000000    0.271711209    0.293709375    0.348754221
   17.760000000    0.270433150    0.305466039    0.351821912
   17.770000000    0.269965252    0.321072393    0.351685834
   17.780000000    0.271536245    0.341102458    0.351691269
   17.790000000    0.276220384    0.365526592    0.355245388
   17.800000000    0.283886546    0.392748081    0.363538952
   17.810000000    0.292836465    0.419132233    0.374749150
   17.820000000    0.300098147    0.439032654    0.384833160
   17.830000000    0.302939719    0.446988923    0.390249362
   17.840000000    0.301140184    0.442157280    0.390845071
   17.850000000    0.297377055    0.429733804    0.389541667
   17.860000000    0.295091523    0.416899362    0.389641513
   17.870000000    0.296460947    0.408469136    0.393041220
   17.880000000    0.302015818    0.406246265    0.399630632
   17.890000000    0.311344071    0.410733801    0.407375881
   17.900000000    0.324096625    0.422473789    0.413903001
   17.910000000    0.340809746    0.442252997    0.419172838
   17.920000000    0.362961996    0.470864175    0.426462954
   17.930000000    0.391917131    0.508281754    0.440260455
   17.940000000    0.427265359    0.551951813    0.463310563
   17.950000000    0.465629531    0.595742105    0.494929312
   17.960000000    0.501141347    0.631812153    0.530835554
   17.970000000    0.528051728    0.654501161    0.564600675
   17.980000000    0.543523031    0.661742160    0.589893708
   17.990000000    0.547822773    0.653214207    0.601646112
   18.000000000    0.542441452    0.629514441    0.596787103
   18.010000000    0.528769463    0.593234574    0.576118666
   18.020000000    0.508506174    0.549627286    0.545585005
   18.030000000    0.484560965    0.505478230    0.514143999
   18.040000000    0.460630573    0.466666833    0.489269999
   18.050000000    0.439918062    0.436648610    0.473977518
   18.060000000    0.424086292    0.416577439    0.466625541
   18.070000000    0.413003802    0.406113926    0.462689556
   18.080000000    0.405926213    0.404367667    0.458003411
   18.090000000    0.403131426    0.410596793    0.451432729
   18.100000000    0.406089034    0.424365060    0.444339049
   18.110000000    0.416589599    0.445730971    0.438594757
   18.120000000    0.436391298    0.475828881    0.436275833
   18.130000000    0.467114856    0.516712331    0.439862085
   18.140000000    0.509434498    0.569648076    0.451028133
   18.150000000    0.561597160    0.632638221    0.468926785
   18.160000000    0.618104152    0.698422235    0.489558072
   18.170000000    0.670165604    0.754782946    0.507471444
   18.180000000    0.708808771    0.788666307    0.519691627
   18.190000000    0.728206028    0.792092705    0.528076886
   18.200000000    0.727241587    0.766239620    0.537179184
   18.210000000    0.710617694    0.721361764    0.550901593
   18.220000000    0.687895422    0.671479566    0.571182947
   18.230000000    0.668802388    0.627795404    0.597650855
   18.240000000    0.658925522    0.595886093    0.627388407
   18.250000000    0.659387236    0.576728333    0.656072093
   18.260000000    0.669324263    0.569166004    0.681048532
   18.270000000    0.687893567    0.571851496    0.703855262
   18.280000000    0.713630939    0.583487740    0.728728543
   18.290000000    0.742577824    0.601912794    0.758003688
   18.300000000    0.768921132    0.623876501    0.789586783
   18.310000000    0.788783265    0.646309192    0.818986734
   18.320000000    0.803108353    0.668320346    0.843616544
   18.330000000    0.816563770    0.692278120    0.866017961
   18.340000000    0.833783658    0.722288638    0.893066169
   18.350000000    0.856068632    0.760914937    0.930430581
   18.360000000    0.881202894    0.807188627    0.976247838
   18.370000000    0.905533200    0.856552118    1.019619265
   18.380000000    0.924783174    0.901405115    1.047109438
   18.390000000    0.934890336    0.934009277    1.053118070
   18.400000000    0.935529657    0.952089324    1.042880620
   18.410000000    0.931149831    0.959514036    1.024827616
   18.420000000    0.925849807    0.958716642    1.002279165
   18.430000000    0.918974899    0.945031509    0.972992087
   18.440000000    0.907136459    0.911395052    0.934988195
   18.450000000    0.889298462    0.857708093    0.891468951
   18.460000000    0.869474647    0.793139032    0.850270936
   18.470000000    0.855495572    0.730242121    0.820386561
   18.480000000    0.854710723    0.678638450    0.809270426
   18.490000000    0.869371515    0.642364935    0.821515255
   18.500000000    0.895162212    0.620425716    0.858361449
   18.510000000    0.924074253    0.608981413    0.917166807
   18.520000000    0.949022601    0.603524711    0.990779596
   18.530000000    0.965262148    0.599661056    1.068587431
   18.540000000    0.969167905    0.593273797    1.140581570
   18.550000000    0.959600842    0.581875144    1.201924220
   18.560000000    0.940156170    0.565911205    1.253127092
   18.570000000    0.916688238    0.547775263    1.294274507
   18.580000000    0.891797510    0.529383590    1.318344800
   18.590000000    0.862693567    0.510747632    1.312389880
   18.600000000    0.825833729    0.491135796    1.270055137
   18.610000000    0.783622446    0.471513993    1.202410169
   18.620000000    0.744368665    0.454891572    1.132037483
   18.630000000    0.716146853    0.444217246    1.078528812
   18.640000000    0.702490318    0.440576017    1.051156893
   18.650000000    0.702615108    0.443254201    1.050061183
   18.660000000    0.713353791    0.450951204    1.069008912
   18.670000000    0.729835480    0.462548564    1.095240168
   18.680000000    0.745331131    0.476938473    1.109222022
   18.690000000    0.753580900    0.493219469    1.092102209
   18.700000000    0.753461552    0.511775529    1.039592842
   18.710000000    0.749488346    0.534091371    0.965948482
   18.720000000    0.746195771    0.560584200    0.892014280
   18.730000000    0.744321417    0.589653563    0.832904275
   18.740000000    0.743330295    0.619642241    0.795140710
   18.750000000    0.744419799    0.650075329    0.778501263
   18.760000000    0.748089133    0.679055903    0.777132156
   18.770000000    0.750246284    0.700873982    0.780253256
   18.780000000    0.743673412    0.708863445    0.775656619
   18.790000000    0.724021638    0.700851003    0.755920935
   18.800000000    0.693628176    0.681087999    0.722102243
   18.810000000    0.659810867    0.657729402    0.681924954
   18.820000000    0.629910090    0.638237875    0.644709479
   18.830000000    0.606823861    0.625075747    0.616563565
   18.840000000    0.587965743    0.614620220    0.598530794
   18.850000000    0.568428381    0.600905887    0.587878890
   18.860000000    0.545732960    0.581511908    0.580539847
   18.870000000    0.521104751    0.559251965    0.572465927
   18.880000000    0.496673873    0.538428358    0.560273682
   18.890000000    0.473380957    0.521653430    0.543019752
   18.900000000    0.451558262    0.510348727    0.523360367
   18.910000000    0.432206504    0.506253752    0.505749025
   18.920000000    0.417140040    0.511224974    0.493696593
   18.930000000    0.407940394    0.525828684    0.488779850
   18.940000000    0.404953339    0.548502079    0.491015067
   18.950000000    0.407022845    0.575618763    0.498728954
   18.960000000    0.411775769    0.601741152    0.507800006
   18.970000000    0.416620741    0.620758152    0.512597737
   18.980000000    0.420376288    0.628781389    0.510043315
   18.990000000    0.423870344    0.625653145    0.502977582
   19.000000000    0.428990014    0.613379921    0.498215736
   19.010000000    0.438149882    0.595689190    0.501855594
   19.020000000    0.454360111    0.578833112    0.516635477
   19.030000000    0.480238736    0.569674820    0.541882950
   19.040000000    0.516084760    0.572411590    0.575108623
   19.050000000    0.558215517    0.587158585    0.614605819
   19.060000000    0.598848971    0.610533065    0.660352454
   19.070000000    0.629000592    0.637319149    0.710323582
   19.080000000    0.642750327    0.661966522    0.754896955
   19.090000000    0.638363693    0.679227554    0.776758540
   19.100000000    0.617511397    0.686277829    0.761261912
   19.110000000    0.585987841    0.686021373    0.709359869
   19.120000000    0.552314484    0.685534576    0.636962988
   19.130000000    0.523224118    0.689779661    0.562125006
   19.140000000    0.501206020    0.698085479    0.495965347
   19.150000000    0.485769899    0.706327657    0.442353057
   19.160000000    0.475495194    0.710428926    0.401055130
   19.170000000    0.468434988    0.706301242    0.370118087
   19.180000000    0.461751118    0.688693887    0.346773790
   19.190000000    0.452800616    0.654522112    0.327945798
   19.200000000    0.441080925    0.607371858    0.311259288
   19.210000000    0.428650282    0.555810321    0.296008749
   19.220000000    0.418908194    0.507958968    0.282968368
   19.230000000    0.415104258    0.468716792    0.273286778
   19.240000000    0.419312138    0.440099761    0.267726866
   19.250000000    0.431806297    0.422289618    0.266710061
   19.260000000    0.450565693    0.414174697    0.270603897
   19.270000000    0.471381899    0.413517806    0.279719717
   19.280000000    0.489787305    0.417448769    0.294027845
   19.290000000    0.504248750    0.423504008    0.312845845
   19.300000000    0.517088106    0.430448010    0.334671461
   19.310000000    0.531624525    0.438075301    0.357029906
   19.320000000    0.548655163    0.445922896    0.376347523
   19.330000000    0.565578883    0.452124503    0.389039512
   19.340000000    0.578743403    0.454218709    0.394157629
   19.350000000    0.586430487    0.451298664    0.394587719
   19.360000000    0.589207079    0.444839709    0.394957551
   19.370000000    0.588156773    0.437461385    0.398712895
   19.380000000    0.584092304    0.431522378    0.406841604
   19.390000000    0.578233878    0.428823763    0.418569993
   19.400000000    0.573039654    0.431116162    0.433285150
   19.410000000    0.572335908    0.440510574    0.452245781
   19.420000000    0.579854290    0.458963225    0.478346721
   19.430000000    0.596650857    0.486965018    0.513752357
   19.440000000    0.619748134    0.522398948    0.557098899
   19.450000000    0.643913089    0.560651094    0.602130103
   19.460000000    0.665469087    0.596634314    0.639727796
   19.470000000    0.683836539    0.627595629    0.663514374
   19.480000000    0.698906138    0.653766156    0.673587987
   19.490000000    0.708093631    0.676170379    0.674229459
   19.500000000    0.707215138    0.694894382    0.670440856
   19.510000000    0.694372875    0.709492375    0.667036386
   19.520000000    0.672149088    0.719206427    0.667860290
   19.530000000    0.645467646    0.721979926    0.674517340
   19.540000000    0.618560999    0.715362420    0.686426149
   19.550000000    0.594381107    0.699442463    0.701115701
   19.560000000    0.574586508    0.676509500    0.712628450
   19.570000000    0.558933000    0.647696284    0.711174728
   19.580000000    0.546201878    0.613141798    0.688964970
   19.590000000    0.536031856    0.575012179    0.647309160
   19.600000000    0.528540110    0.537111426    0.595020824
   19.610000000    0.522869755    0.502096477    0.541215937
   19.620000000    0.517917286    0.471144117    0.492034795
   19.630000000    0.513910792    0.445339048    0.451336336
   19.640000000    0.511401063    0.425705534    0.421403005
   19.650000000    0.508868800    0.412231806    0.403213624
   19.660000000    0.503333541    0.404051101    0.396956849
   19.670000000    0.494253905    0.400941429    0.402561295
   19.680000000    0.485524444    0.404157535    0.419851147
   19.690000000    0.482938829    0.415576675    0.448170664
   19.700000000    0.490838828    0.436389531    0.485564044
   19.710000000    0.510908707    0.466466495    0.528219896
   19.720000000    0.542466051    0.504504342    0.571605622
   19.730000000    0.583188309    0.548687523    0.613233600
   19.740000000    0.629918522    0.597169822    0.653460691
   19.750000000    0.678744474    0.647358515    0.691826315
   19.760000000    0.723584480    0.693716043    0.722421065
   19.770000000    0.756134730    0.727099947    0.734592020
   19.780000000    0.770881154    0.739831633    0.720944397
   19.790000000    0.770207129    0.732546140    0.684381602
   19.800000000    0.761541217    0.713437372    0.635576801
   19.810000000    0.749833304    0.690726810    0.585648959
   19.820000000    0.734383770    0.667705485    0.541830183
   19.830000000    0.712547169    0.644206490    0.506877649
   19.840000000    0.684693822    0.620080135    0.480224446
   19.850000000    0.653697202    0.595586188    0.459200681
   19.860000000    0.621355343    0.570533079    0.440389512
   19.870000000    0.588087509    0.545557235    0.421663524
   19.880000000    0.555007338    0.523202570    0.403223811
   19.890000000    0.524642205    0.506652896    0.386374774
   19.900000000    0.499987515    0.497951304    0.371759469
   19.910000000    0.482953144    0.496888317    0.358884904
   19.920000000    0.473347204    0.500531734    0.346847439
   19.930000000    0.469096006    0.503786621    0.335047139
   19.940000000    0.467480324    0.501447513    0.323529354
   19.950000000    0.466581684    0.491302888    0.313273038
   19.960000000    0.465586499    0.475610258    0.305876487
   19.970000000    0.463947463    0.459045761    0.302604316
   19.980000000    0.461351632    0.445746189    0.303762089
   19.990000000    0.458800549    0.438340485    0.308876592
   20.000000000    0.458598717    0.438335014    0.317441250
   20.010000000    0.462586823    0.446299973    0.329457736
   20.020000000    0.470683056    0.461796285    0.345186279
   20.030000000    0.481506876    0.483884428    0.364731375
   20.040000000    0.494190107    0.512084321    0.387965696
   20.050000000    0.508594043    0.546141938    0.413982527
