# energy grid [eV]     epsr_x  epsr_y  epsr_z
# plasmon frequences [eV]:    17.395240756   17.800513782   17.724528565
    0.050000000    5.798422167    6.660084150    6.519734967
    0.060000000    5.798571002    6.660295914    6.519924036
    0.070000000    5.798746920    6.660546215    6.520147509
    0.080000000    5.798949931    6.660835071    6.520405399
    0.090000000    5.799180046    6.661162502    6.520697721
    0.100000000    5.799437281    6.661528532    6.521024495
    0.110000000    5.799721650    6.661933186    6.521385738
    0.120000000    5.800033171    6.662376491    6.521781475
    0.130000000    5.800371861    6.662858480    6.522211728
    0.140000000    5.800737743    6.663379186    6.522676525
    0.150000000    5.801130838    6.663938646    6.523175893
    0.160000000    5.801551169    6.664536899    6.523709864
    0.170000000    5.801998763    6.665173987    6.524278469
    0.180000000    5.802473645    6.665849955    6.524881744
    0.190000000    5.802975846    6.666564851    6.525519725
    0.200000000    5.803505395    6.667318724    6.526192453
    0.210000000    5.804062325    6.668111629    6.526899968
    0.220000000    5.804646669    6.668943621    6.527642314
    0.230000000    5.805258464    6.669814759    6.528419536
    0.240000000    5.805897745    6.670725105    6.529231682
    0.250000000    5.806564553    6.671674724    6.530078803
    0.260000000    5.807258928    6.672663682    6.530960951
    0.270000000    5.807980913    6.673692051    6.531878180
    0.280000000    5.808730551    6.674759902    6.532830548
    0.290000000    5.809507888    6.675867313    6.533818112
    0.300000000    5.810312973    6.677014363    6.534840935
    0.310000000    5.811145854    6.678201133    6.535899080
    0.320000000    5.812006583    6.679427709    6.536992612
    0.330000000    5.812895213    6.680694178    6.538121600
    0.340000000    5.813811799    6.682000632    6.539286115
    0.350000000    5.814756397    6.683347164    6.540486229
    0.360000000    5.815729067    6.684733871    6.541722017
    0.370000000    5.816729867    6.686160854    6.542993557
    0.380000000    5.817758861    6.687628216    6.544300928
    0.390000000    5.818816113    6.689136063    6.545644213
    0.400000000    5.819901687    6.690684505    6.547023497
    0.410000000    5.821015653    6.692273654    6.548438866
    0.420000000    5.822158080    6.693903627    6.549890409
    0.430000000    5.823329040    6.695574542    6.551378220
    0.440000000    5.824528605    6.697286522    6.552902392
    0.450000000    5.825756853    6.699039693    6.554463022
    0.460000000    5.827013859    6.700834182    6.556060209
    0.470000000    5.828299704    6.702670124    6.557694056
    0.480000000    5.829614470    6.704547653    6.559364667
    0.490000000    5.830958239    6.706466909    6.561072150
    0.500000000    5.832331098    6.708428034    6.562816613
    0.510000000    5.833733133    6.710431175    6.564598170
    0.520000000    5.835164435    6.712476480    6.566416934
    0.530000000    5.836625096    6.714564103    6.568273025
    0.540000000    5.838115209    6.716694201    6.570166562
    0.550000000    5.839634871    6.718866933    6.572097668
    0.560000000    5.841184179    6.721082465    6.574066469
    0.570000000    5.842763235    6.723340964    6.576073094
    0.580000000    5.844372141    6.725642601    6.578117675
    0.590000000    5.846011001    6.727987551    6.580200345
    0.600000000    5.847679924    6.730375995    6.582321241
    0.610000000    5.849379017    6.732808114    6.584480505
    0.620000000    5.851108394    6.735284095    6.586678277
    0.630000000    5.852868168    6.737804130    6.588914706
    0.640000000    5.854658456    6.740368414    6.591189939
    0.650000000    5.856479376    6.742977146    6.593504128
    0.660000000    5.858331049    6.745630528    6.595857429
    0.670000000    5.860213600    6.748328768    6.598249999
    0.680000000    5.862127155    6.751072078    6.600681999
    0.690000000    5.864071841    6.753860674    6.603153595
    0.700000000    5.866047791    6.756694776    6.605664954
    0.710000000    5.868055138    6.759574608    6.608216246
    0.720000000    5.870094019    6.762500400    6.610807645
    0.730000000    5.872164572    6.765472386    6.613439330
    0.740000000    5.874266939    6.768490804    6.616111480
    0.750000000    5.876401265    6.771555896    6.618824280
    0.760000000    5.878567696    6.774667910    6.621577918
    0.770000000    5.880766383    6.777827100    6.624372585
    0.780000000    5.882997478    6.781033722    6.627208475
    0.790000000    5.885261137    6.784288038    6.630085787
    0.800000000    5.887557519    6.787590316    6.633004722
    0.810000000    5.889886784    6.790940829    6.635965487
    0.820000000    5.892249097    6.794339853    6.638968290
    0.830000000    5.894644625    6.797787672    6.642013345
    0.840000000    5.897073540    6.801284574    6.645100868
    0.850000000    5.899536013    6.804830852    6.648231081
    0.860000000    5.902032223    6.808426805    6.651404208
    0.870000000    5.904562349    6.812072739    6.654620478
    0.880000000    5.907126574    6.815768963    6.657880123
    0.890000000    5.909725085    6.819515793    6.661183381
    0.900000000    5.912358071    6.823313552    6.664530493
    0.910000000    5.915025725    6.827162566    6.667921704
    0.920000000    5.917728245    6.831063171    6.671357264
    0.930000000    5.920465830    6.835015706    6.674837426
    0.940000000    5.923238684    6.839020518    6.678362450
    0.950000000    5.926047014    6.843077959    6.681932598
    0.960000000    5.928891032    6.847188389    6.685548137
    0.970000000    5.931770952    6.851352173    6.689209340
    0.980000000    5.934686992    6.855569684    6.692916484
    0.990000000    5.937639376    6.859841301    6.696669851
    1.000000000    5.940628328    6.864167410    6.700469726
    1.010000000    5.943654080    6.868548405    6.704316401
    1.020000000    5.946716866    6.872984686    6.708210174
    1.030000000    5.949816925    6.877476662    6.712151344
    1.040000000    5.952954498    6.882024746    6.716140220
    1.050000000    5.956129834    6.886629363    6.720177113
    1.060000000    5.959343182    6.891290943    6.724262341
    1.070000000    5.962594800    6.896009924    6.728396225
    1.080000000    5.965884947    6.900786754    6.732579096
    1.090000000    5.969213888    6.905621886    6.736811287
    1.100000000    5.972581892    6.910515783    6.741093137
    1.110000000    5.975989234    6.915468918    6.745424992
    1.120000000    5.979436192    6.920481771    6.749807204
    1.130000000    5.982923052    6.925554830    6.754240130
    1.140000000    5.986450100    6.930688594    6.758724134
    1.150000000    5.990017633    6.935883570    6.763259586
    1.160000000    5.993625948    6.941140274    6.767846862
    1.170000000    5.997275351    6.946459233    6.772486345
    1.180000000    6.000966151    6.951840982    6.777178425
    1.190000000    6.004698664    6.957286068    6.781923497
    1.200000000    6.008473211    6.962795046    6.786721964
    1.210000000    6.012290119    6.968368483    6.791574237
    1.220000000    6.016149721    6.974006956    6.796480733
    1.230000000    6.020052354    6.979711053    6.801441875
    1.240000000    6.023998364    6.985481371    6.806458096
    1.250000000    6.027988102    6.991318522    6.811529834
    1.260000000    6.032021925    6.997223126    6.816657536
    1.270000000    6.036100196    7.003195818    6.821841657
    1.280000000    6.040223285    7.009237241    6.827082660
    1.290000000    6.044391570    7.015348054    6.832381014
    1.300000000    6.048605435    7.021528927    6.837737200
    1.310000000    6.052865269    7.027780542    6.843151704
    1.320000000    6.057171470    7.034103595    6.848625022
    1.330000000    6.061524445    7.040498795    6.854157659
    1.340000000    6.065924605    7.046966866    6.859750129
    1.350000000    6.070372371    7.053508544    6.865402955
    1.360000000    6.074868170    7.060124580    6.871116668
    1.370000000    6.079412439    7.066815740    6.876891810
    1.380000000    6.084005621    7.073582805    6.882728932
    1.390000000    6.088648169    7.080426571    6.888628597
    1.400000000    6.093340543    7.087347849    6.894591374
    1.410000000    6.098083213    7.094347467    6.900617846
    1.420000000    6.102876657    7.101426269    6.906708605
    1.430000000    6.107721363    7.108585116    6.912864254
    1.440000000    6.112617826    7.115824887    6.919085407
    1.450000000    6.117566553    7.123146476    6.925372689
    1.460000000    6.122568059    7.130550797    6.931726737
    1.470000000    6.127622871    7.138038783    6.938148199
    1.480000000    6.132731523    7.145611385    6.944637736
    1.490000000    6.137894562    7.153269572    6.951196020
    1.500000000    6.143112544    7.161014336    6.957823736
    1.510000000    6.148386037    7.168846686    6.964521584
    1.520000000    6.153715620    7.176767655    6.971290272
    1.530000000    6.159101883    7.184778296    6.978130527
    1.540000000    6.164545427    7.192879682    6.985043087
    1.550000000    6.170046866    7.201072911    6.992028703
    1.560000000    6.175606826    7.209359105    6.999088142
    1.570000000    6.181225946    7.217739406    7.006222186
    1.580000000    6.186904877    7.226214983    7.013431631
    1.590000000    6.192644283    7.234787030    7.020717288
    1.600000000    6.198444842    7.243456764    7.028079985
    1.610000000    6.204307247    7.252225433    7.035520565
    1.620000000    6.210232203    7.261094306    7.043039889
    1.630000000    6.216220431    7.270064684    7.050638833
    1.640000000    6.222272666    7.279137896    7.058318292
    1.650000000    6.228389660    7.288315298    7.066079177
    1.660000000    6.234572180    7.297598278    7.073922418
    1.670000000    6.240821007    7.306988254    7.081848965
    1.680000000    6.247136941    7.316486677    7.089859785
    1.690000000    6.253520799    7.326095027    7.097955865
    1.700000000    6.259973415    7.335814822    7.106138214
    1.710000000    6.266495640    7.345647612    7.114407858
    1.720000000    6.273088344    7.355594983    7.122765848
    1.730000000    6.279752418    7.365658557    7.131213253
    1.740000000    6.286488769    7.375839993    7.139751166
    1.750000000    6.293298326    7.386140990    7.148380704
    1.760000000    6.300182038    7.396563286    7.157103006
    1.770000000    6.307140876    7.407108660    7.165919234
    1.780000000    6.314175832    7.417778934    7.174830576
    1.790000000    6.321287920    7.428575970    7.183838245
    1.800000000    6.328478177    7.439501679    7.192943479
    1.810000000    6.335747666    7.450558015    7.202147546
    1.820000000    6.343097470    7.461746980    7.211451736
    1.830000000    6.350528701    7.473070627    7.220857372
    1.840000000    6.358042496    7.484531056    7.230365803
    1.850000000    6.365640016    7.496130422    7.239978410
    1.860000000    6.373322453    7.507870930    7.249696602
    1.870000000    6.381091024    7.519754844    7.259521820
    1.880000000    6.388946978    7.531784484    7.269455540
    1.890000000    6.396891591    7.543962226    7.279499268
    1.900000000    6.404926173    7.556290510    7.289654545
    1.910000000    6.413052063    7.568771838    7.299922948
    1.920000000    6.421270634    7.581408776    7.310306090
    1.930000000    6.429583293    7.594203957    7.320805620
    1.940000000    6.437991482    7.607160084    7.331423227
    1.950000000    6.446496679    7.620279929    7.342160639
    1.960000000    6.455100398    7.633566342    7.353019624
    1.970000000    6.463804194    7.647022244    7.364001993
    1.980000000    6.472609658    7.660650640    7.375109599
    1.990000000    6.481518426    7.674454613    7.386344339
    2.000000000    6.490532173    7.688437331    7.397708158
    2.010000000    6.499652620    7.702602052    7.409203048
    2.020000000    6.508881532    7.716952121    7.420831047
    2.030000000    6.518220720    7.731490978    7.432594246
    2.040000000    6.527672046    7.746222161    7.444494787
    2.050000000    6.537237419    7.761149308    7.456534866
    2.060000000    6.546918801    7.776276160    7.468716733
    2.070000000    6.556718209    7.791606566    7.481042696
    2.080000000    6.566637714    7.807144489    7.493515122
    2.090000000    6.576679443    7.822894006    7.506136439
    2.100000000    6.586845585    7.838859314    7.518909136
    2.110000000    6.597138390    7.855044738    7.531835770
    2.120000000    6.607560170    7.871454730    7.544918963
    2.130000000    6.618113306    7.888093876    7.558161406
    2.140000000    6.628800245    7.904966905    7.571565863
    2.150000000    6.639623507    7.922078688    7.585135171
    2.160000000    6.650585686    7.939434249    7.598872246
    2.170000000    6.661689452    7.957038768    7.612780082
    2.180000000    6.672937553    7.974897590    7.626861754
    2.190000000    6.684332823    7.993016227    7.641120424
    2.200000000    6.695878179    8.011400370    7.655559341
    2.210000000    6.707576630    8.030055893    7.670181847
    2.220000000    6.719431275    8.048988861    7.684991377
    2.230000000    6.731445312    8.068205540    7.699991465
    2.240000000    6.743622037    8.087712403    7.715185747
    2.250000000    6.755964852    8.107516140    7.730577962
    2.260000000    6.768477268    8.127623665    7.746171963
    2.270000000    6.781162908    8.148042132    7.761971712
    2.280000000    6.794025514    8.168778936    7.777981293
    2.290000000    6.807068951    8.189841734    7.794204909
    2.300000000    6.820297212    8.211238446    7.810646893
    2.310000000    6.833714423    8.232977276    7.827311707
    2.320000000    6.847324850    8.255066718    7.844203954
    2.330000000    6.861132904    8.277515575    7.861328378
    2.340000000    6.875143149    8.300332969    7.878689871
    2.350000000    6.889360306    8.323528356    7.896293479
    2.360000000    6.903789265    8.347111544    7.914144412
    2.370000000    6.918435087    8.371092709    7.932248044
    2.380000000    6.933303013    8.395482410    7.950609925
    2.390000000    6.948398477    8.420291613    7.969235787
    2.400000000    6.963727110    8.445531703    7.988131549
    2.410000000    6.979294751    8.471214513    8.007303331
    2.420000000    6.995107456    8.497352340    8.026757455
    2.430000000    7.011171511    8.523957971    8.046500461
    2.440000000    7.027493441    8.551044709    8.066539112
    2.450000000    7.044080022    8.578626396    8.086880404
    2.460000000    7.060938294    8.606717444    8.107531578
    2.470000000    7.078075573    8.635332864    8.128500133
    2.480000000    7.095499468    8.664488297    8.149793830
    2.490000000    7.113217892    8.694200049    8.171420715
    2.500000000    7.131239082    8.724485125    8.193389123
    2.510000000    7.149571613    8.755361269    8.215707696
    2.520000000    7.168224414    8.786847006    8.238385395
    2.530000000    7.187206794    8.818961683    8.261431519
    2.540000000    7.206528457    8.851725515    8.284855717
    2.550000000    7.226199523    8.885159638    8.308668008
    2.560000000    7.246230556    8.919286162    8.332878798
    2.570000000    7.266632583    8.954128223    8.357498900
    2.580000000    7.287417126    8.989710051    8.382539552
    2.590000000    7.308596227    9.026057030    8.408012442
    2.600000000    7.330182478    9.063195772    8.433929730
    2.610000000    7.352189056    9.101154188    8.460304069
    2.620000000    7.374629754    9.139961573    8.487148638
    2.630000000    7.397519023    9.179648693    8.514477160
    2.640000000    7.420872009    9.220247876    8.542303943
    2.650000000    7.444704595    9.261793113    8.570643900
    2.660000000    7.469033452    9.304320172    8.599512590
    2.670000000    7.493876083    9.347866708    8.628926252
    2.680000000    7.519250881    9.392472398    8.658901839
    2.690000000    7.545177187    9.438179070    8.689457065
    2.700000000    7.571675347    9.485030861    8.720610443
    2.710000000    7.598766789    9.533074369    8.752381334
    2.720000000    7.626474089    9.582358834    8.784789998
    2.730000000    7.654821050    9.632936328    8.817857643
    2.740000000    7.683832794    9.684861956    8.851606486
    2.750000000    7.713535849    9.738194088    8.886059812
    2.760000000    7.743958255    9.792994598    8.921242042
    2.770000000    7.775129670    9.849329134    8.957178802
    2.780000000    7.807081494    9.907267411    8.993896997
    2.790000000    7.839846998    9.966883527    9.031424900
    2.800000000    7.873461466   10.028256316    9.069792230
    2.810000000    7.907962355   10.091469728    9.109030259
    2.820000000    7.943389462   10.156613254    9.149171903
    2.830000000    7.979785114   10.223782387    9.190251843
    2.840000000    8.017194372   10.293079129    9.232306638
    2.850000000    8.055665262   10.364612559    9.275374862
    2.860000000    8.095249019   10.438499452    9.319497237
    2.870000000    8.136000363   10.514864961    9.364716793
    2.880000000    8.177977805   10.593843386    9.411079032
    2.890000000    8.221243982   10.675579014    9.458632109
    2.900000000    8.265866027   10.760227058    9.507427028
    2.910000000    8.311915982   10.847954704    9.557517858
    2.920000000    8.359471260   10.938942277    9.608961969
    2.930000000    8.408615154   11.033384542    9.661820285
    2.940000000    8.459437407   11.131492167    9.716157565
    2.950000000    8.512034849   11.233493356    9.772042714
    2.960000000    8.566512114   11.339635691    9.829549115
    2.970000000    8.622982436   11.450188200    9.888755001
    2.980000000    8.681568557   11.565443697    9.949743865
    2.990000000    8.742403734   11.685721423   10.012604902
    3.000000000    8.805632891   11.811370036   10.077433513
    3.010000000    8.871413913   11.942771015   10.144331844
    3.020000000    8.939919116   12.080342525   10.213409396
    3.030000000    9.011336920   12.224543822   10.284783693
    3.040000000    9.085873746   12.375880294   10.358581029
    3.050000000    9.163756190   12.534909227   10.434937297
    3.060000000    9.245233504   12.702246417   10.513998911
    3.070000000    9.330580438   12.878573780   10.595923834
    3.080000000    9.420100502   13.064648099   10.680882733
    3.090000000    9.514129720   13.261311125   10.769060270
    3.100000000    9.613040945   13.469501229   10.860656545
    3.110000000    9.717248835   13.690266866   10.955888728
    3.120000000    9.827215595   13.924782146   11.054992889
    3.130000000    9.943457580   14.174364802   11.158226075
    3.140000000   10.066552910   14.440496916   11.265868646
    3.150000000   10.197150200   14.724848727   11.378226931
    3.160000000   10.335978518   15.029305814   11.495636248
    3.170000000   10.483858668   15.355999835   11.618464332
    3.180000000   10.641715755   15.707342739   11.747115254
    3.190000000   10.810592896   16.086063852   11.882033899
    3.200000000   10.991665565   16.495248321   12.023711091
    3.210000000   11.186255548   16.938373693   12.172689481
    3.220000000   11.395842456   17.419338384   12.329570314
    3.230000000   11.622068991   17.942470470   12.495021229
    3.240000000   11.866733009   18.512495801   12.669785248
    3.250000000   12.131753878   19.134427761   12.854691167
    3.260000000   12.419090756   19.813311308   13.050665566
    3.270000000   12.730572745   20.553700983   13.258746688
    3.280000000   13.067569276   21.358657670   13.480100476
    3.290000000   13.430372479   22.227879102   13.716039071
    3.300000000   13.817063017   23.154278294   13.968042048
    3.310000000   14.221458211   24.117806141   14.237780676
    3.320000000   14.629464068   25.074482903   14.527145331
    3.330000000   15.012782432   25.937492294   14.838275973
    3.340000000   15.318705031   26.546534005   15.173595139
    3.350000000   15.455719036   26.624609787   15.535842026
    3.360000000   15.279990963   25.737446244   15.928104706
    3.370000000   14.603092554   23.316650377   16.353844729
    3.380000000   13.264014273   18.875744355   16.816903519
    3.390000000   11.290383089   12.493846726   17.321471299
    3.400000000    9.031845826    5.215914963   17.871984067
    3.410000000    7.028956275   -1.340380761   18.472886937
    3.420000000    5.668421929   -6.018486116   19.128153705
    3.430000000    5.012689723   -8.633378473   19.840365655
    3.440000000    4.912258087   -9.633091874   20.608997214
    3.450000000    5.172897073   -9.594242470   21.427280912
    3.460000000    5.636773483   -8.973575706   22.276550990
    3.470000000    6.191963071   -8.070421121   23.116207684
    3.480000000    6.754165040   -7.066041357   23.866441518
    3.490000000    7.242540946   -6.071042845   24.380301947
    3.500000000    7.555778720   -5.162050728   24.404558458
    3.510000000    7.553284880   -4.405883059   23.543774368
    3.520000000    7.059333189   -3.868611443   21.284265597
    3.530000000    5.928621148   -3.599607206   17.195421571
    3.540000000    4.193243798   -3.585823525   11.369969902
    3.550000000    2.179234519   -3.714740858    4.772183253
    3.560000000    0.378661980   -3.817966356   -1.141009771
    3.570000000   -0.864329663   -3.776392252   -5.352148680
    3.580000000   -1.499956979   -3.569258561   -7.717982950
    3.590000000   -1.665497541   -3.238497452   -8.650590943
    3.600000000   -1.533707489   -2.838241337   -8.667031260
    3.610000000   -1.239752322   -2.410462635   -8.172278824
    3.620000000   -0.870646663   -1.981430526   -7.427879178
    3.630000000   -0.476828414   -1.565537593   -6.586367061
    3.640000000   -0.085490975   -1.169710253   -5.730910180
    3.650000000    0.289765190   -0.796593178   -4.904017819
    3.660000000    0.642930889   -0.446519483   -4.125403929
    3.670000000    0.972095684   -0.118647528   -3.402392928
    3.680000000    1.277479935    0.188407341   -2.735792934
    3.690000000    1.560346031    0.476231125   -2.123153896
    3.700000000    1.822405039    0.746431896   -1.560550881
    3.710000000    2.065499716    1.000550193   -1.043543649
    3.720000000    2.291440842    1.240018376   -0.567678350
    3.730000000    2.501928126    1.466146283   -0.128735896
    3.740000000    2.698517285    1.680120667    0.277158648
    3.750000000    2.882611831    1.883011473    0.653501629
    3.760000000    3.055467587    2.075781157    1.003415511
    3.770000000    3.218203254    2.259294990    1.329672722
    3.780000000    3.371813393    2.434331290    1.634727621
    3.790000000    3.517181825    2.601591034    1.920750607
    3.800000000    3.655094485    2.761706633    2.189661275
    3.810000000    3.786251230    2.915249805    2.443159126
    3.820000000    3.911276442    3.062738562    2.682751224
    3.830000000    4.030728419    3.204643373    2.909776703
    3.840000000    4.145107606    3.341392588    3.125428253
    3.850000000    4.254863782    3.473377199    3.330770834
    3.860000000    4.360402317    3.600955022    3.526757925
    3.870000000    4.462089606    3.724454374    3.714245608
    3.880000000    4.560257794    3.844177309    3.894004752
    3.890000000    4.655208888    3.960402473    4.066731585
    3.900000000    4.747218335    4.073387626    4.233056851
    3.910000000    4.836538151    4.183371885    4.393553774
    3.920000000    4.923399649    4.290577717    4.548744982
    3.930000000    5.008015846    4.395212713    4.699108559
    3.940000000    5.090583565    4.497471194    4.845083330
    3.950000000    5.171285304    4.597535642    4.987073510
    3.960000000    5.250290888    4.695578004    5.125452786
    3.970000000    5.327758934    4.791760881    5.260567937
    3.980000000    5.403838171    4.886238612    5.392742033
    3.990000000    5.478668615    4.979158282    5.522277295
    4.000000000    5.552382639    5.070660652    5.649457648
    4.010000000    5.625105942    5.160881041    5.774551030
    4.020000000    5.696958437    5.249950159    5.897811465
    4.030000000    5.768055072    5.337994906    6.019480970
    4.040000000    5.838506589    5.425139152    6.139791289
    4.050000000    5.908420249    5.511504501    6.258965510
    4.060000000    5.977900509    5.597211058    6.377219563
    4.070000000    6.047049678    5.682378207    6.494763635
    4.080000000    6.115968562    5.767125403    6.611803518
    4.090000000    6.184757088    5.851573012    6.728541905
    4.100000000    6.253514944    5.935843183    6.845179645
    4.110000000    6.322342213    6.020060794    6.961916991
    4.120000000    6.391340036    6.104354471    7.078954829
    4.130000000    6.460611299    6.188857698    7.196495940
    4.140000000    6.530261352    6.273710042    7.314746264
    4.150000000    6.600398785    6.359058502    7.433916234
    4.160000000    6.671136239    6.445058997    7.554222151
    4.170000000    6.742591294    6.531877998    7.675887653
    4.180000000    6.814887403    6.619694304    7.799145277
    4.190000000    6.888154886    6.708700906    7.924238147
    4.200000000    6.962531945    6.799106880    8.051421809
    4.210000000    7.038165657    6.891139108    8.180966247
    4.220000000    7.115212833    6.985043510    8.313158103
    4.230000000    7.193840543    7.081085161    8.448303145
    4.240000000    7.274225941    7.179546174    8.586729031
    4.250000000    7.356554735    7.280719357    8.728788403
    4.260000000    7.441017108    7.384894051    8.874862385
    4.270000000    7.527798971    7.492327739    9.025364548
    4.280000000    7.617064728    7.603191955    9.180745409
    4.290000000    7.708924723    7.717471977    9.341497580
    4.300000000    7.803375298    7.834783982    9.508161648
    4.310000000    7.900190556    7.954046983    9.681332933
    4.320000000    7.998731913    8.072907657    9.861669257
    4.330000000    8.097628025    8.186775821   10.049899891
    4.340000000    8.194286455    8.287354519   10.246835886
    4.350000000    8.284307623    8.360876264   10.453381980
    4.360000000    8.361265094    8.387437513   10.670550336
    4.370000000    8.418146497    8.345314090   10.899476346
    4.380000000    8.452160651    8.225374141   11.141436741
    4.390000000    8.471450298    8.051206645   11.397870186
    4.400000000    8.495441135    7.880157350   11.670400457
    4.410000000    8.543696719    7.769880588   11.960861992
    4.420000000    8.624670328    7.744579985   12.271327221
    4.430000000    8.735915001    7.795621364   12.604134169
    4.440000000    8.870783651    7.901613250   12.961911337
    4.450000000    9.023287577    8.042959523   13.347594163
    4.460000000    9.189576690    8.206273859   13.764422602
    4.470000000    9.367737055    8.383742466   14.215900909
    4.480000000    9.557210432    8.571349002   14.705685813
    4.490000000    9.758304932    8.767369247   15.237342625
    4.500000000    9.971865002    8.971340971   15.813861272
    4.510000000   10.199053394    9.183368991   16.436739009
    4.520000000   10.441181097    9.403577365   17.104284359
    4.530000000   10.699521548    9.631525541   17.808529272
    4.540000000   10.975036530    9.865384983   18.529684408
    4.550000000   11.267915593   10.100607764   19.226379689
    4.560000000   11.576793789   10.327727976   19.819132711
    4.570000000   11.897504358   10.528949000   20.164546427
    4.580000000   12.221395361   10.673751987   20.022237111
    4.590000000   12.533981515   10.716104970   19.034602502
    4.600000000   12.816477319   10.601385637   16.782265261
    4.610000000   13.054233209   10.295926715   13.015239350
    4.620000000   13.250443837    9.835762307    8.034928854
    4.630000000   13.426701239    9.341741746    2.823170632
    4.640000000   13.591509619    8.948000485   -1.485694567
    4.650000000   13.696142912    8.705790684   -4.309431105
    4.660000000   13.611724742    8.562817842   -5.730860150
    4.670000000   13.131316830    8.404694565   -6.145940127
    4.680000000   12.006151027    8.102825347   -5.954972043
    4.690000000   10.063865923    7.566805229   -5.451447048
    4.700000000    7.414440007    6.812893425   -4.824399731
    4.710000000    4.550600474    5.993756313   -4.189295721
    4.720000000    2.098032168    5.311804236   -3.610380455
    4.730000000    0.420446166    4.885246484   -3.107396757
    4.740000000   -0.481022596    4.713165334   -2.660494244
    4.750000000   -0.794987461    4.732325402   -2.232489837
    4.760000000   -0.731495422    4.872830267   -1.798711741
    4.770000000   -0.453690950    5.080653853   -1.356709804
    4.780000000   -0.069634634    5.320233028   -0.916184493
    4.790000000    0.355807764    5.570432966   -0.487812207
    4.800000000    0.786530950    5.819698979   -0.078710511
    4.810000000    1.203884701    6.062270622    0.307715724
    4.820000000    1.599217665    6.295689400    0.670627504
    4.830000000    1.969375903    6.519297036    1.010660918
    4.840000000    2.314111730    6.733373409    1.329189417
    4.850000000    2.634632228    6.938655788    1.627888331
    4.860000000    2.932801689    7.136076595    1.908497101
    4.870000000    3.210712307    7.326624043    2.172698033
    4.880000000    3.470460265    7.511271148    2.422060178
    4.890000000    3.714035547    7.690942445    2.658018402
    4.900000000    3.943274106    7.866501280    2.881870780
    4.910000000    4.159843639    8.038748091    3.094785058
    4.920000000    4.365246867    8.208424337    3.297809143
    4.930000000    4.560833372    8.376219159    3.491882949
    4.940000000    4.747815027    8.542777124    3.677850207
    4.950000000    4.927282325    8.708706232    3.856469570
    4.960000000    5.100220124    8.874585718    4.028424690
    4.970000000    5.267522000    9.040973428    4.194333174
    4.980000000    5.430002643    9.208412618    4.354754351
    4.990000000    5.588407708    9.377438000    4.510195826
    5.000000000    5.743420207    9.548580760    4.661118692
    5.010000000    5.895661803    9.722371979    4.807941113
    5.020000000    6.045685990    9.899343394    4.951039686
    5.030000000    6.193957656   10.080023528    5.090747446
    5.040000000    6.340809249   10.264925630    5.227346436
    5.050000000    6.486356821   10.454521310    5.361051240
    5.060000000    6.630349722   10.649190092    5.491977844
    5.070000000    6.771921087   10.849132091    5.620090785
    5.080000000    6.909227092   11.054236452    5.745126227
    5.090000000    7.039085826   11.263936471    5.866515889
    5.100000000    7.157091837   11.477199268    5.983417461
    5.110000000    7.259260514   11.692982068    6.095085005
    5.120000000    7.345936280   11.911365934    6.201743628
    5.130000000    7.425306291   12.134423967    6.305388335
    5.140000000    7.510440716   12.364711413    6.409176927
    5.150000000    7.610317062   12.601431999    6.515525699
    5.160000000    7.724541733   12.837523946    6.625044200
    5.170000000    7.845517286   13.059417104    6.737092270
    5.180000000    7.963182917   13.249669440    6.850736341
    5.190000000    8.069761123   13.395164746    6.965248454
    5.200000000    8.165158986   13.502228426    7.080196567
    5.210000000    8.259977511   13.606448426    7.195379682
    5.220000000    8.370046148   13.757287225    7.310745176
    5.230000000    8.505969179   13.987469932    7.426327569
    5.240000000    8.669153488   14.301540451    7.542210099
    5.250000000    8.855691344   14.687791302    7.658502173
    5.260000000    9.061061784   15.132536216    7.775326304
    5.270000000    9.282208636   15.626454756    7.892810122
    5.280000000    9.517729524   16.165250251    8.011080506
    5.290000000    9.767428192   16.748407538    8.130257734
    5.300000000   10.031808149   17.377808060    8.250448072
    5.310000000   10.311634842   18.056587502    8.371734463
    5.320000000   10.607549913   18.788115307    8.494169281
    5.330000000   10.919737434   19.574831247    8.617784120
    5.340000000   11.247688850   20.416577477    8.742645028
    5.350000000   11.589898672   21.307792360    8.868960543
    5.360000000   11.942517985   22.232291026    8.997149358
    5.370000000   12.295445380   23.153557628    9.127726694
    5.380000000   12.625482480   23.998029957    9.261088784
    5.390000000   12.887092518   24.628698957    9.397438830
    5.400000000   13.000702595   24.808469475    9.536875725
    5.410000000   12.841859679   24.165859973    9.679495482
    5.420000000   12.247477917   22.212977340    9.825436032
    5.430000000   11.073031283   18.517023270    9.974882734
    5.440000000    9.318782859   13.079133972   10.128061383
    5.450000000    7.240593574    6.666963785   10.285231089
    5.460000000    5.277190565    0.596600478   10.446680042
    5.470000000    3.799068228   -4.020664549   10.612723970
    5.480000000    2.928937322   -6.816950973   10.783706530
    5.490000000    2.578269849   -8.058134504   10.960001012
    5.500000000    2.583160640   -8.236251896   11.142013012
    5.510000000    2.797650214   -7.789528032   11.330183853
    5.520000000    3.121107424   -7.020227027   11.524994721
    5.530000000    3.492648385   -6.111396541   11.726971484
    5.540000000    3.878291448   -5.165405296   11.936690263
    5.550000000    4.260321448   -4.235853694   12.154783840
    5.560000000    4.630307954   -3.348523231   12.381948999
    5.570000000    4.984936751   -2.513886917   12.618954939
    5.580000000    5.323629313   -1.734256475   12.866652900
    5.590000000    5.647214688   -1.007773106   13.125987169
    5.600000000    5.957200350   -0.330602250   13.398007586
    5.610000000    6.255379006    0.301878455   13.683883695
    5.620000000    6.543622616    0.894451697   13.984920546
    5.630000000    6.823780267    1.451743199   14.302576023
    5.640000000    7.097633162    1.978074268   14.638479185
    5.650000000    7.366880354    2.477404881   14.994448498
    5.660000000    7.633139969    2.953321492   15.372507618
    5.670000000    7.897956567    3.409041431   15.774894221
    5.680000000    8.162807820    3.847413763   16.204053518
    5.690000000    8.429103986    4.270897655   16.662601473
    5.700000000    8.698171975    4.681495126   17.153232022
    5.710000000    8.971212858    5.080607678   17.678528143
    5.720000000    9.249220669    5.468785839   18.240626391
    5.730000000    9.532863184    5.845383921   18.840713395
    5.740000000    9.822383948    6.208316378   19.478495654
    5.750000000   10.117731978    6.554568740   20.152207593
    5.760000000   10.419273564    6.882586894   20.860122731
    5.770000000   10.729041220    7.196517239   21.603187010
    5.780000000   11.051057821    7.508097480   22.383815951
    5.790000000   11.388941642    7.831117401   23.194610644
    5.800000000   11.742114908    8.172842739   24.000188999
    5.810000000   12.103524127    8.531491650   24.720502564
    5.820000000   12.458908777    8.899342018   25.217448826
    5.830000000   12.787071157    9.266082267   25.292938359
    5.840000000   13.064264013    9.621520024   24.734369454
    5.850000000   13.277497548    9.959983195   23.454145855
    5.860000000   13.440893748   10.285304108   21.668484519
    5.870000000   13.588968366   10.608007913   19.869419294
    5.880000000   13.733533837   10.930288214   18.469519321
    5.890000000   13.820072806   11.230669057   17.467494129
    5.900000000   13.717915633   11.459923602   16.440712667
    5.910000000   13.242073310   11.548285920   14.735718296
    5.920000000   12.218752156   11.429867094   11.724601599
    5.930000000   10.621585433   11.095212816    7.189258700
    5.940000000    8.706468906   10.644405337    1.708361999
    5.950000000    6.938995009   10.260313872   -3.487819651
    5.960000000    5.697752579   10.093455611   -7.321919686
    5.970000000    5.080663667   10.185252035   -9.468615615
    5.980000000    4.975024340   10.494363384  -10.213646286
    5.990000000    5.211166030   10.956761196  -10.028404874
    6.000000000    5.649038480   11.519965892   -9.312861803
    6.010000000    6.196528929   12.150467342   -8.334606489
    6.020000000    6.800078394   12.830155128   -7.252124476
    6.030000000    7.431297077   13.551104793   -6.152155693
    6.040000000    8.076764829   14.311567114   -5.078757903
    6.050000000    8.731508258   15.113345861   -4.051917943
    6.060000000    9.395058372   15.960096314   -3.078560711
    6.070000000   10.069003435   16.856043567   -2.158862146
    6.080000000   10.755228536   17.804667056   -1.289883748
    6.090000000   11.454213557   18.806860868   -0.467794674
    6.100000000   12.162774637   19.857895968    0.310510896
    6.110000000   12.870469356   20.942127052    1.045812754
    6.120000000   13.553558294   22.023768773    1.734451822
    6.130000000   14.165098339   23.031368056    2.365200439
    6.140000000   14.620230359   23.833770075    2.914930416
    6.150000000   14.779528871   24.209712753    3.344433747
    6.160000000   14.445571476   23.829337797    3.600201817
    6.170000000   13.410140188   22.300418514    3.634884508
    6.180000000   11.590715301   19.355387516    3.454970159
    6.190000000    9.199410476   15.159978996    3.163261959
    6.200000000    6.743161852   10.475590259    2.924252743
    6.210000000    4.760215637    6.351476446    2.860755397
    6.220000000    3.526394690    3.505156885    2.997894077
    6.230000000    2.994183618    1.994075119    3.294312441
    6.240000000    2.929915795    1.386768972    3.693684508
    6.250000000    3.059247760    1.075738099    4.151198934
    6.260000000    3.140357366    0.475581851    4.638173490
    6.270000000    3.007445624   -0.829686283    5.138472709
    6.280000000    2.631562006   -2.883218086    5.644039370
    6.290000000    2.155605108   -5.234875037    6.151602195
    6.300000000    1.806425240   -7.195241576    6.660620847
    6.310000000    1.732694623   -8.316369652    7.172095770
    6.320000000    1.941499750   -8.578825337    7.687907906
    6.330000000    2.355027264   -8.219884709    8.210466073
    6.340000000    2.880185038   -7.523733164    8.742529257
    6.350000000    3.438816837   -6.730337837    9.287127782
    6.360000000    3.971855452   -6.022758289    9.847540202
    6.370000000    4.441447526   -5.520682972   10.427300921
    6.380000000    4.842512272   -5.245739749   11.030222700
    6.390000000    5.212117286   -5.093390503   11.660421741
    6.400000000    5.610643341   -4.889464312   12.322332011
    6.410000000    6.082004778   -4.509499403   13.020689798
    6.420000000    6.635432189   -3.933333272   13.760457081
    6.430000000    7.258212289   -3.206690713   14.546628989
    6.440000000    7.933575099   -2.387086090   15.383828256
    6.450000000    8.648933149   -1.518225403   16.275513577
    6.460000000    9.396350642   -0.626920802   17.222493723
    6.470000000   10.169847372    0.271909070   18.220205105
    6.480000000   10.961548225    1.169196109   19.253825734
    6.490000000   11.756697167    2.056182428   20.289746320
    6.500000000   12.526826251    2.918844547   21.261410657
    6.510000000   13.220871389    3.731400299   22.048113050
    6.520000000   13.756649753    4.448764611   22.450115944
    6.530000000   14.020362929    4.999749393   22.177771412
    6.540000000   13.883892755    5.284845773   20.893324274
    6.550000000   13.234609614    5.182170326   18.332046847
    6.560000000   11.990627265    4.568180016   14.442324709
    6.570000000   10.107756153    3.376988733    9.464254240
    6.580000000    7.646382135    1.706045265    4.003903550
    6.590000000    4.868717963   -0.142431115   -1.007522820
    6.600000000    2.187291277   -1.815541629   -4.747222311
    6.610000000   -0.064161110   -3.132878889   -6.963884083
    6.620000000   -1.808702821   -4.140057915   -7.931383499
    6.630000000   -3.154178820   -4.966694866   -8.086324006
    6.640000000   -4.173347698   -5.649818718   -7.761117114
    6.650000000   -4.815162724   -6.101548600   -7.128183658
    6.660000000   -5.017848898   -6.231609392   -6.272087444
    6.670000000   -4.816443822   -6.045132661   -5.260187884
    6.680000000   -4.321211057   -5.621213429   -4.156842425
    6.690000000   -3.649065835   -5.050188533   -3.012335998
    6.700000000   -2.887088211   -4.400405255   -1.858202788
    6.710000000   -2.089341480   -3.715044928   -0.711422707
    6.720000000   -1.285738141   -3.019088818    0.419309997
    6.730000000   -0.491214233   -2.326162321    1.528272586
    6.740000000    0.287541195   -1.643646578    2.608010844
    6.750000000    1.047431654   -0.976689751    3.644670648
    6.760000000    1.785516317   -0.331850977    4.614205158
    6.770000000    2.496081071    0.278864025    5.483077264
    6.780000000    3.167647399    0.832779682    6.218723412
    6.790000000    3.778975212    1.289606228    6.804731352
    6.800000000    4.292591427    1.584070863    7.230401705
    6.810000000    4.647303022    1.626057107    7.431475958
    6.820000000    4.759803045    1.327380161    7.226734236
    6.830000000    4.550405024    0.669225316    6.328463236
    6.840000000    3.995431205   -0.231421730    4.478046233
    6.850000000    3.182436093   -1.148941183    1.707357089
    6.860000000    2.319615774   -1.867521380   -1.466149363
    6.870000000    1.646380839   -2.273576853   -4.252135912
    6.880000000    1.289432228   -2.369602516   -6.100587961
    6.890000000    1.208413582   -2.235392751   -6.937354340
    6.900000000    1.255381672   -1.976370715   -6.988461494
    6.910000000    1.255267997   -1.689115409   -6.535398561
    6.920000000    1.071620246   -1.442311272   -5.797757931
    6.930000000    0.677000484   -1.258044686   -4.916003020
    6.940000000    0.195629428   -1.101477561   -3.969911504
    6.950000000   -0.166468396   -0.906823008   -3.000959524
    6.960000000   -0.267661350   -0.627845782   -2.029679246
    6.970000000   -0.095033116   -0.260509377   -1.066793353
    6.980000000    0.283377979    0.171963100   -0.119977679
    6.990000000    0.782501539    0.639323771    0.800830410
    7.000000000    1.327616390    1.111922236    1.677265213
    7.010000000    1.853032684    1.557945497    2.473839124
    7.020000000    2.290007865    1.935979655    3.125701105
    7.030000000    2.554651501    2.187039605    3.524774015
    7.040000000    2.544452816    2.232341246    3.516108772
    7.050000000    2.159518121    1.991215618    2.936012858
    7.060000000    1.371335259    1.437465988    1.729372127
    7.070000000    0.315370577    0.672957667    0.099978430
    7.080000000   -0.718399596   -0.080936049   -1.505957353
    7.090000000   -1.460085713   -0.621464823   -2.674705125
    7.100000000   -1.816295734   -0.888707440   -3.270731277
    7.110000000   -1.853695072   -0.955329639   -3.414184748
    7.120000000   -1.697662172   -0.947706514   -3.324279195
    7.130000000   -1.460124768   -0.980669810   -3.198979541
    7.140000000   -1.209059316   -1.110013923   -3.145139276
    7.150000000   -0.960325471   -1.301335006   -3.142197733
    7.160000000   -0.692693106   -1.453770228   -3.076683921
    7.170000000   -0.381923554   -1.479616973   -2.845101473
    7.180000000   -0.023321370   -1.357204492   -2.422193427
    7.190000000    0.371752879   -1.115805473   -1.843813367
    7.200000000    0.788389495   -0.798059056   -1.161232189
    7.210000000    1.215232746   -0.438637394   -0.415237860
    7.220000000    1.645682893   -0.059904350    0.368835946
    7.230000000    2.076719289    0.325519048    1.177504694
    7.240000000    2.507399053    0.711205178    2.004134944
    7.250000000    2.937586591    1.094147954    2.844513780
    7.260000000    3.366832807    1.472824497    3.692694090
    7.270000000    3.793116812    1.845712644    4.536041061
    7.280000000    4.211060945    2.209836098    5.347961430
    7.290000000    4.609136113    2.558921384    6.076376382
    7.300000000    4.965420626    2.880832360    6.626165696
    7.310000000    5.242254051    3.154430644    6.837016178
    7.320000000    5.383146349    3.347765329    6.470588218
    7.330000000    5.322293084    3.423522707    5.249831382
    7.340000000    5.022762289    3.360956218    3.016922397
    7.350000000    4.538063552    3.191253886   -0.012048987
    7.360000000    4.030434587    3.008047755   -3.171436363
    7.370000000    3.683204798    2.917082999   -5.708565690
    7.380000000    3.588770583    2.971882894   -7.247068015
    7.390000000    3.733486042    3.165091585   -7.849080879
    7.400000000    4.054999531    3.461444218   -7.777414279
    7.410000000    4.490879751    3.825755607   -7.293203525
    7.420000000    4.995281113    4.232584768   -6.584865081
    7.430000000    5.537316341    4.665437874   -5.771307298
    7.440000000    6.094142009    5.112966894   -4.925202446
    7.450000000    6.644096962    5.565128228   -4.094757515
    7.460000000    7.161604822    6.010003584   -3.319508791
    7.470000000    7.614317712    6.431241130   -2.640944704
    7.480000000    7.959833697    6.805067661   -2.111308125
    7.490000000    8.136252725    7.095382129   -1.804424009
    7.500000000    8.054108085    7.251670612   -1.818671254
    7.510000000    7.624136929    7.225999407   -2.238076467
    7.520000000    6.841893273    7.018252251   -3.035614310
    7.530000000    5.863005433    6.713961372   -4.002261740
    7.540000000    4.946304412    6.449430546   -4.838691921
    7.550000000    4.281905413    6.316109696   -5.355112758
    7.560000000    3.878753237    6.300527770   -5.558239438
    7.570000000    3.591535217    6.300989820   -5.582365808
    7.580000000    3.225444989    6.188713811   -5.584243258
    7.590000000    2.658445664    5.887099610   -5.664478795
    7.600000000    1.941038932    5.443406367   -5.820251848
    7.610000000    1.283458568    5.017849201   -5.959465520
    7.620000000    0.895307131    4.759160423   -5.987900593
    7.630000000    0.843746507    4.698540961   -5.883071099
    7.640000000    1.068833189    4.776492595   -5.683152217
    7.650000000    1.478723696    4.941400793   -5.431657678
    7.660000000    2.010027227    5.205938464   -5.144273362
    7.670000000    2.626386154    5.614165455   -4.819470228
    7.680000000    3.289662211    6.174251154   -4.466545029
    7.690000000    3.940854704    6.834307369   -4.116510839
    7.700000000    4.493415736    7.496464498   -3.813932235
    7.710000000    4.827966852    8.027014821   -3.600651761
    7.720000000    4.790533501    8.250633710   -3.492714746
    7.730000000    4.208378526    7.940810841   -3.461591091
    7.740000000    2.945477860    6.833213841   -3.451257464
    7.750000000    1.013643029    4.715548513   -3.430543579
    7.760000000   -1.329687847    1.622008547   -3.423506927
    7.770000000   -3.649061412   -2.008233298   -3.485622964
    7.780000000   -5.552986044   -5.472827822   -3.648765491
    7.790000000   -6.857553119   -8.208997240   -3.875866204
    7.800000000   -7.576080047  -10.026202752   -4.072076863
    7.810000000   -7.818759938  -11.008493032   -4.151979103
    7.820000000   -7.714817232  -11.335995155   -4.089096814
    7.830000000   -7.381207168  -11.196716247   -3.906820419
    7.840000000   -6.913011018  -10.759433110   -3.645026558
    7.850000000   -6.379566615  -10.157827353   -3.338217851
    7.860000000   -5.825712132   -9.483985743   -3.009544622
    7.870000000   -5.277297808   -8.793979501   -2.672435817
    7.880000000   -4.747552214   -8.118516818   -2.333797925
    7.890000000   -4.242124083   -7.472550399   -1.996616717
    7.900000000   -3.762416999   -6.861976418   -1.661664355
    7.910000000   -3.307601241   -6.287776561   -1.328539201
    7.920000000   -2.875775428   -5.748434154   -0.996307044
    7.930000000   -2.464633520   -5.241313679   -0.663952130
    7.940000000   -2.071870927   -4.763464638   -0.330799877
    7.950000000   -1.695484221   -4.312143181    0.002934305
    7.960000000   -1.334081188   -3.885250196    0.335281489
    7.970000000   -0.987309556   -3.481842690    0.661087724
    7.980000000   -0.656510168   -3.102851386    0.969731382
    7.990000000   -0.345634854   -2.752047791    1.241967119
    8.000000000   -0.062155366   -2.436935630    1.447150055
    8.010000000    0.183176997   -2.168249243    1.545578241
    8.020000000    0.380022364   -1.955417808    1.505348710
    8.030000000    0.526433692   -1.796993437    1.337393808
    8.040000000    0.633854101   -1.674249434    1.119941900
    8.050000000    0.717446250   -1.561523615    0.963682997
    8.060000000    0.779545890   -1.446035470    0.938643399
    8.070000000    0.811643541   -1.331089662    1.046579206
    8.080000000    0.817697963   -1.219165121    1.251928840
    8.090000000    0.829274402   -1.098610487    1.515618313
    8.100000000    0.887782699   -0.951552507    1.799377336
    8.110000000    1.014163415   -0.770964497    2.050826840
    8.120000000    1.202048079   -0.565356957    2.190063659
    8.130000000    1.431630016   -0.351632395    2.107536966
    8.140000000    1.682972442   -0.146817805    1.686189352
    8.150000000    1.942045431    0.038953916    0.870882246
    8.160000000    2.202388237    0.208744558   -0.233597410
    8.170000000    2.463309381    0.378331237   -1.355113551
    8.180000000    2.724571808    0.564475643   -2.216657133
    8.190000000    2.982381353    0.773278421   -2.704385167
    8.200000000    3.232063939    1.000769053   -2.864295370
    8.210000000    3.475823710    1.241046002   -2.796908152
    8.220000000    3.727062135    1.491637052   -2.582770968
    8.230000000    4.003414610    1.751870471   -2.271426275
    8.240000000    4.314438975    2.017560876   -1.899281732
    8.250000000    4.657119315    2.277501136   -1.502008693
    8.260000000    5.019534930    2.512730923   -1.116872837
    8.270000000    5.385088540    2.698003898   -0.781732224
    8.280000000    5.735062236    2.808919542   -0.529385969
    8.290000000    6.051045472    2.838289246   -0.373027852
    8.300000000    6.313821531    2.810123966   -0.294249078
    8.310000000    6.489244247    2.763352210   -0.262287320
    8.320000000    6.502650098    2.706948827   -0.282798170
    8.330000000    6.224657807    2.594163305   -0.426077290
    8.340000000    5.498334379    2.343609990   -0.802409676
    8.350000000    4.235200053    1.897653061   -1.487889709
    8.360000000    2.556915213    1.292902167   -2.427241291
    8.370000000    0.826842393    0.676520502   -3.406867820
    8.380000000   -0.557958114    0.215897586   -4.180153452
    8.390000000   -1.414591215   -0.010659494   -4.626524118
    8.400000000   -1.797496431   -0.026068495   -4.773218309
    8.410000000   -1.863577403    0.102731171   -4.714123845
    8.420000000   -1.756398356    0.313942443   -4.538746814
    8.430000000   -1.559690914    0.570020803   -4.304959249
    8.440000000   -1.302366141    0.855702626   -4.040914289
    8.450000000   -0.990426558    1.166039211   -3.759162954
    8.460000000   -0.632947394    1.496491698   -3.468536472
    8.470000000   -0.245803019    1.840682980   -3.177708464
    8.480000000    0.154885276    2.191652914   -2.894617052
    8.490000000    0.556746762    2.542098254   -2.626287513
    8.500000000    0.950920356    2.882793189   -2.379637455
    8.510000000    1.329937002    3.199845577   -2.161899469
    8.520000000    1.685383082    3.471589122   -1.978749816
    8.530000000    2.006159154    3.666341606   -1.829266547
    8.540000000    2.278068944    3.743132089   -1.701836447
    8.550000000    2.486217977    3.659830687   -1.578751610
    8.560000000    2.623221569    3.397744357   -1.447106120
    8.570000000    2.702952947    3.002322086   -1.303261888
    8.580000000    2.764859297    2.595859446   -1.148427425
    8.590000000    2.852351759    2.313723275   -0.983867344
    8.600000000    2.985151169    2.221208960   -0.810550575
    8.610000000    3.158881472    2.303030699   -0.630683171
    8.620000000    3.364068640    2.507662367   -0.447921071
    8.630000000    3.594088695    2.781782840   -0.266783180
    8.640000000    3.834992738    3.076308859   -0.092688957
    8.650000000    4.054478157    3.339245994    0.067305989
    8.660000000    4.200618878    3.509668399    0.204059957
    8.670000000    4.210385218    3.521855407    0.308059102
    8.680000000    4.034910622    3.331071740    0.375303474
    8.690000000    3.685921410    2.961117898    0.415366206
    8.700000000    3.267691584    2.530431456    0.452227420
    8.710000000    2.932525527    2.198005469    0.511738252
    8.720000000    2.783616110    2.064365982    0.606992755
    8.730000000    2.832319805    2.133808305    0.736147060
    8.740000000    3.032026010    2.351585933    0.889944861
    8.750000000    3.323756249    2.649056314    1.058515453
    8.760000000    3.656878179    2.962202605    1.233809730
    8.770000000    3.990986929    3.231708291    1.409444320
    8.780000000    4.293661275    3.402528101    1.580271843
    8.790000000    4.544388653    3.438584999    1.743274670
    8.800000000    4.746747216    3.355323154    1.900055891
    8.810000000    4.934398032    3.237013441    2.058164596
    8.820000000    5.151170087    3.193861492    2.227504481
    8.830000000    5.419251115    3.290726105    2.414422856
    8.840000000    5.730905985    3.526457188    2.619964073
    8.850000000    6.066550635    3.865760705    2.842371216
    8.860000000    6.417669767    4.274015702    3.079729248
    8.870000000    6.796912197    4.731622183    3.331052480
    8.880000000    7.227121962    5.230559502    3.596343177
    8.890000000    7.721931249    5.764523405    3.876317672
    8.900000000    8.279154747    6.322748081    4.172094998
    8.910000000    8.886682111    6.887976694    4.484887984
    8.920000000    9.528275189    7.434601972    4.815637088
    8.930000000   10.184860324    7.927260776    5.164492889
    8.940000000   10.834539500    8.325916439    5.530058687
    8.950000000   11.454857659    8.603851484    5.908394040
    8.960000000   12.024001554    8.768148766    6.291984077
    8.970000000   12.508508996    8.847248478    6.668812883
    8.980000000   12.833431606    8.834986929    7.020114764
    8.990000000   12.854428726    8.641315027    7.312698299
    9.000000000   12.362921736    8.096854606    7.484099579
    9.010000000   11.165288443    7.031094655    7.428290212
    9.020000000    9.248452571    5.416008248    6.996757039
    9.030000000    6.892581811    3.458362692    6.037015880
    9.040000000    4.506373851    1.483663352    4.492531084
    9.050000000    2.295800264   -0.294522186    2.523870411
    9.060000000    0.174969454   -1.856879035    0.502591762
    9.070000000   -1.998326307   -3.273838764   -1.178980218
    9.080000000   -4.147952958   -4.551209516   -2.299371187
    9.090000000   -5.956661443   -5.570715035   -2.847998327
    9.100000000   -7.120653425   -6.188063159   -2.945965935
    9.110000000   -7.569330469   -6.359720778   -2.745357861
    9.120000000   -7.437690755   -6.157382027   -2.370549795
    9.130000000   -6.923895475   -5.701040638   -1.904605368
    9.140000000   -6.195868806   -5.100221028   -1.397078461
    9.150000000   -5.368705295   -4.433402113   -0.875847752
    9.160000000   -4.515735474   -3.751195318   -0.356810888
    9.170000000   -3.686536394   -3.085666953    0.149071810
    9.180000000   -2.922633413   -2.457631263    0.630242733
    9.190000000   -2.269516618   -1.881421854    1.069318835
    9.200000000   -1.783294442   -1.370214888    1.437715574
    9.210000000   -1.522839857   -0.939699168    1.691777768
    9.220000000   -1.514667445   -0.600440375    1.776464740
    9.230000000   -1.705644029   -0.341509643    1.647359776
    9.240000000   -1.962390206   -0.129628473    1.315575586
    9.250000000   -2.139841284    0.064840019    0.885810778
    9.260000000   -2.153136184    0.237309085    0.524416558
    9.270000000   -2.001640360    0.334075675    0.359723787
    9.280000000   -1.748548170    0.263371022    0.420782229
    9.290000000   -1.473825525   -0.054192915    0.662929881
    9.300000000   -1.225428878   -0.603041853    1.019249809
    9.310000000   -1.000359117   -1.230056706    1.428007969
    9.320000000   -0.779068010   -1.731057804    1.836658408
    9.330000000   -0.582743268   -1.998424673    2.197809875
    9.340000000   -0.493474530   -2.066845160    2.466473670
    9.350000000   -0.629081882   -2.051050788    2.600777137
    9.360000000   -1.094079280   -2.070605520    2.568124433
    9.370000000   -1.915234117   -2.199511578    2.357701949
    9.380000000   -2.988732088   -2.439493777    1.981507096
    9.390000000   -4.097133566   -2.729987745    1.440971705
    9.400000000   -5.020601587   -3.000577448    0.689009752
    9.410000000   -5.652305943   -3.217190489   -0.330820690
    9.420000000   -5.998203587   -3.367353444   -1.560072738
    9.430000000   -6.098362133   -3.421681830   -2.765581548
    9.440000000   -5.989525128   -3.343645595   -3.673632590
    9.450000000   -5.718907301   -3.128209446   -4.155131671
    9.460000000   -5.349513161   -2.808608539   -4.250845336
    9.470000000   -4.946115245   -2.434307882   -4.076950662
    9.480000000   -4.560584748   -2.051754828   -3.745594430
    9.490000000   -4.221047883   -1.696342362   -3.337850352
    9.500000000   -3.927199740   -1.392331519   -2.906525263
    9.510000000   -3.663258732   -1.160661328   -2.488763030
    9.520000000   -3.423753285   -1.027159607   -2.119944319
    9.530000000   -3.224162083   -1.013446276   -1.844307945
    9.540000000   -3.087993530   -1.109688312   -1.718145268
    9.550000000   -3.029567112   -1.259183215   -1.798611533
    9.560000000   -3.043945714   -1.380752612   -2.110292819
    9.570000000   -3.097708986   -1.407908242   -2.598910273
    9.580000000   -3.128355022   -1.308787031   -3.121305295
    9.590000000   -3.073461550   -1.084815428   -3.518471142
    9.600000000   -2.908229807   -0.761776792   -3.711340367
    9.610000000   -2.649535199   -0.378436625   -3.717077927
    9.620000000   -2.333612411    0.022722354   -3.599153385
    9.630000000   -1.997100046    0.398563614   -3.420135594
    9.640000000   -1.670358409    0.703258435   -3.219978149
    9.650000000   -1.379026109    0.882408893   -3.013072630
    9.660000000   -1.149322002    0.866690379   -2.799250123
    9.670000000   -1.008222392    0.583910362   -2.579663619
    9.680000000   -0.969083530    0.010104798   -2.363739578
    9.690000000   -1.013978279   -0.774849346   -2.165589405
    9.700000000   -1.101947494   -1.611524790   -1.996758892
    9.710000000   -1.199750910   -2.354541877   -1.858564640
    9.720000000   -1.296077781   -2.920074723   -1.738231959
    9.730000000   -1.393246429   -3.276454950   -1.616193072
    9.740000000   -1.490518247   -3.433653539   -1.478994206
    9.750000000   -1.564575468   -3.424283356   -1.323104448
    9.760000000   -1.575938178   -3.283624405   -1.151087878
    9.770000000   -1.508732150   -3.053129526   -0.969839618
    9.780000000   -1.396382080   -2.790574424   -0.790955551
    9.790000000   -1.311258322   -2.569083024   -0.630286209
    9.800000000   -1.341145275   -2.469966809   -0.506622460
    9.810000000   -1.566032103   -2.570238344   -0.438709895
    9.820000000   -2.026947479   -2.913242806   -0.437681303
    9.830000000   -2.680117922   -3.458783138   -0.494254464
    9.840000000   -3.377376755   -4.060207480   -0.573125474
    9.850000000   -3.940367620   -4.537242731   -0.632298282
    9.860000000   -4.274897940   -4.789854388   -0.652144189
    9.870000000   -4.395751827   -4.825873652   -0.639242481
    9.880000000   -4.365578164   -4.705985109   -0.605862995
    9.890000000   -4.237939677   -4.490218846   -0.552914589
    9.900000000   -4.044221193   -4.219898330   -0.472531107
    9.910000000   -3.805861976   -3.921194541   -0.360710680
    9.920000000   -3.543368511   -3.611489361   -0.222023373
    9.930000000   -3.275844398   -3.302451762   -0.065164180
    9.940000000   -3.017685311   -3.001164003    0.101927442
    9.950000000   -2.775453244   -2.710443014    0.273834195
    9.960000000   -2.546110207   -2.429052120    0.447458414
    9.970000000   -2.320214307   -2.153245263    0.621302783
    9.980000000   -2.089634995   -1.879660239    0.794845671
    9.990000000   -1.852283021   -1.607176559    0.968125479
   10.000000000   -1.610839006   -1.336835761    1.141493084
   10.010000000   -1.369890905   -1.071413410    1.315472942
   10.020000000   -1.134853746   -0.815924582    1.490688634
   10.030000000   -0.912714157   -0.579257754    1.667825125
   10.040000000   -0.713615400   -0.376653438    1.847611365
   10.050000000   -0.551960402   -0.231910500    2.030813534
   10.060000000   -0.444448790   -0.175716451    2.218232833
   10.070000000   -0.401447577   -0.233074262    2.410703047
   10.080000000   -0.412946416   -0.396790462    2.609082902
   10.090000000   -0.442974665   -0.607351167    2.814236115
   10.100000000   -0.446098173   -0.775896258    3.026987503
   10.110000000   -0.392554790   -0.839362654    3.248034975
   10.120000000   -0.277152356   -0.786876737    3.477782205
   10.130000000   -0.110994876   -0.641901208    3.716032316
   10.140000000    0.089903668   -0.435635953    3.961448963
   10.150000000    0.311110917   -0.193642475    4.210664753
   10.160000000    0.541151209    0.066194135    4.456974665
   10.170000000    0.770269895    0.331367957    4.688912923
   10.180000000    0.988853426    0.592309603    4.890018943
   10.190000000    1.187138985    0.841692184    5.042403334
   10.200000000    1.357137523    1.075742802    5.135278733
   10.210000000    1.496003672    1.295148447    5.172546310
   10.220000000    1.609106164    1.502407515    5.171108676
   10.230000000    1.710797511    1.696532445    5.151719067
   10.240000000    1.817259404    1.866825731    5.123676810
   10.250000000    1.932221418    1.986778375    5.066345855
   10.260000000    2.042202649    2.015639658    4.933766071
   10.270000000    2.130022674    1.917137631    4.698082721
   10.280000000    2.194924020    1.694146096    4.397980821
   10.290000000    2.260875689    1.413581240    4.127618772
   10.300000000    2.362829773    1.181669962    3.961690604
   10.310000000    2.522538911    1.078045399    3.909328708
   10.320000000    2.738410513    1.118066339    3.944855582
   10.330000000    2.994004229    1.272723669    4.054199051
   10.340000000    3.268291221    1.504916500    4.235945603
   10.350000000    3.539309365    1.786931202    4.473139752
   10.360000000    3.787373604    2.099711696    4.725356973
   10.370000000    4.001257863    2.427924278    4.948920910
   10.380000000    4.177611740    2.756225602    5.120260420
   10.390000000    4.303912565    3.062288214    5.240967175
   10.400000000    4.335231093    3.306963912    5.314148810
   10.410000000    4.186160956    3.429853880    5.306757655
   10.420000000    3.758216660    3.362950328    5.146099952
   10.430000000    3.011867873    3.073046607    4.777928169
   10.440000000    2.043154564    2.613825777    4.238429659
   10.450000000    1.066279915    2.119454132    3.638417577
   10.460000000    0.273387615    1.706666792    3.040799180
   10.470000000   -0.283869551    1.383290307    2.377787004
   10.480000000   -0.677491361    1.057776452    1.514639444
   10.490000000   -1.019596786    0.611329944    0.386982379
   10.500000000   -1.395576020   -0.035897549   -0.924449221
   10.510000000   -1.826265725   -0.887672730   -2.237366464
   10.520000000   -2.270582625   -1.869719284   -3.364705986
   10.530000000   -2.669938804   -2.856296607   -4.186520540
   10.540000000   -2.989589089   -3.708843946   -4.662642906
   10.550000000   -3.231604848   -4.332919750   -4.809146977
   10.560000000   -3.423640449   -4.722326620   -4.682214675
   10.570000000   -3.583671817   -4.932196137   -4.362612351
   10.580000000   -3.690003354   -5.010988148   -3.932878596
   10.590000000   -3.697302337   -4.970664468   -3.462549155
   10.600000000   -3.580498736   -4.811693490   -3.006832184
   10.610000000   -3.352741112   -4.551656199   -2.609706674
   10.620000000   -3.048420784   -4.223554238   -2.300824453
   10.630000000   -2.700527262   -3.859807598   -2.085002170
   10.640000000   -2.330493785   -3.482904762   -1.939758609
   10.650000000   -1.949416948   -3.105307969   -1.832697104
   10.660000000   -1.562798271   -2.732285061   -1.735145543
   10.670000000   -1.173448605   -2.363740082   -1.614033073
   10.680000000   -0.783037243   -1.996758249   -1.432068267
   10.690000000   -0.394009329   -1.629598361   -1.169555382
   10.700000000   -0.011603155   -1.264202685   -0.835829952
   10.710000000    0.354208254   -0.906546625   -0.459042893
   10.720000000    0.686456660   -0.566893624   -0.073502295
   10.730000000    0.959651756   -0.260543414    0.285153720
   10.740000000    1.142765428   -0.007209081    0.581755632
   10.750000000    1.210731161    0.172995180    0.787140999
   10.760000000    1.158820324    0.263863900    0.884718468
   10.770000000    1.002313964    0.249488569    0.865207740
   10.780000000    0.759747424    0.106815232    0.709900632
   10.790000000    0.440037526   -0.184701368    0.384014906
   10.800000000    0.041163388   -0.610776898   -0.143023976
   10.810000000   -0.435111268   -1.096973088   -0.844382979
   10.820000000   -0.956569724   -1.532392936   -1.588995317
   10.830000000   -1.456914679   -1.831236931   -2.189236389
   10.840000000   -1.868594935   -1.967936564   -2.523323251
   10.850000000   -2.148344667   -1.962122682   -2.590366301
   10.860000000   -2.273263278   -1.847511668   -2.463928115
   10.870000000   -2.242088615   -1.658005354   -2.227933031
   10.880000000   -2.083649078   -1.428371630   -1.944452230
   10.890000000   -1.849231084   -1.195807949   -1.651280485
   10.900000000   -1.598086521   -1.001844849   -1.376101766
   10.910000000   -1.390035512   -0.891300283   -1.149608506
   10.920000000   -1.280109235   -0.897308564   -1.001569896
   10.930000000   -1.305430970   -1.014115377   -0.939505398
   10.940000000   -1.464537230   -1.186210484   -0.928969788
   10.950000000   -1.703276962   -1.338401309   -0.903891246
   10.960000000   -1.930584794   -1.421244286   -0.808149558
   10.970000000   -2.070669615   -1.433154500   -0.627019264
   10.980000000   -2.105825023   -1.411967457   -0.380670280
   10.990000000   -2.064424991   -1.403105140   -0.097844284
   11.000000000   -1.977151011   -1.421080845    0.205452809
   11.010000000   -1.850750708   -1.436219525    0.531969566
   11.020000000   -1.678459490   -1.407864728    0.892922267
   11.030000000   -1.463808089   -1.330265691    1.293710522
   11.040000000   -1.227505642   -1.241832773    1.729729078
   11.050000000   -0.997466767   -1.199572275    2.189928329
   11.060000000   -0.794921333   -1.241926411    2.659171483
   11.070000000   -0.624023497   -1.357470851    3.116419211
   11.080000000   -0.473587542   -1.489423782    3.530103654
   11.090000000   -0.332048987   -1.584405284    3.852893550
   11.100000000   -0.197186538   -1.630272033    4.018357907
   11.110000000   -0.070226198   -1.643291644    3.943794328
   11.120000000    0.053313779   -1.635115544    3.548953779
   11.130000000    0.184977722   -1.599069634    2.801460859
   11.140000000    0.336404106   -1.522677560    1.771374933
   11.150000000    0.509693799   -1.406280607    0.619837721
   11.160000000    0.689413583   -1.271380598   -0.518744238
   11.170000000    0.840140494   -1.157410328   -1.622752122
   11.180000000    0.915421831   -1.107426264   -2.709060946
   11.190000000    0.878911991   -1.146467637   -3.718446340
   11.200000000    0.732294981   -1.261224933   -4.528299291
   11.210000000    0.530872105   -1.397049643   -5.046549998
   11.220000000    0.360165564   -1.488986576   -5.255895264
   11.230000000    0.284722738   -1.506454587   -5.198374810
   11.240000000    0.314734562   -1.467651197   -4.944407728
   11.250000000    0.412648888   -1.417162088   -4.566203834
   11.260000000    0.525201250   -1.390225603   -4.121067782
   11.270000000    0.611323770   -1.389083270   -3.646271325
   11.280000000    0.649296725   -1.389450199   -3.163645403
   11.290000000    0.637366035   -1.364750186   -2.687852036
   11.300000000    0.603851206   -1.298399375   -2.232371275
   11.310000000    0.599406354   -1.185414320   -1.813130768
   11.320000000    0.652264954   -1.038054207   -1.450627362
   11.330000000    0.734434803   -0.886978158   -1.165481013
   11.340000000    0.775417878   -0.769107022   -0.964513272
   11.350000000    0.694295584   -0.716176701   -0.831300855
   11.360000000    0.412676220   -0.760382029   -0.743404318
   11.370000000   -0.145669758   -0.945887389   -0.705107085
   11.380000000   -1.025638934   -1.314318048   -0.750334821
   11.390000000   -2.172604184   -1.857450415   -0.900119498
   11.400000000   -3.394553866   -2.479579100   -1.116899021
   11.410000000   -4.435145956   -3.029731143   -1.318238652
   11.420000000   -5.122992181   -3.396151679   -1.448899378
   11.430000000   -5.448116482   -3.565742100   -1.525797085
   11.440000000   -5.507853167   -3.597602962   -1.606492976
   11.450000000   -5.414563089   -3.564197270   -1.724041634
   11.460000000   -5.246979207   -3.516763508   -1.855938972
   11.470000000   -5.049430380   -3.480898406   -1.952412048
   11.480000000   -4.844973890   -3.460167438   -1.979652334
   11.490000000   -4.642015360   -3.439561238   -1.937626658
   11.500000000   -4.440679805   -3.398807543   -1.860946761
   11.510000000   -4.240419991   -3.326963225   -1.806041142
   11.520000000   -4.043239979   -3.222691665   -1.832298341
   11.530000000   -3.856980357   -3.090154354   -2.000759152
   11.540000000   -3.699370433   -2.940977984   -2.374098065
   11.550000000   -3.591745736   -2.792753243   -2.969787307
   11.560000000   -3.543741156   -2.661009336   -3.692284337
   11.570000000   -3.546508626   -2.555031590   -4.356147396
   11.580000000   -3.580903986   -2.479976331   -4.814179450
   11.590000000   -3.626892599   -2.436512494   -5.038182898
   11.600000000   -3.663142714   -2.415585904   -5.081777984
   11.610000000   -3.667434427   -2.398655655   -5.016884106
   11.620000000   -3.625808074   -2.365885775   -4.909143572
   11.630000000   -3.537060044   -2.301957114   -4.816643467
   11.640000000   -3.410411387   -2.199782661   -4.792120606
   11.650000000   -3.262650600   -2.063522162   -4.877319253
   11.660000000   -3.111454799   -1.905379330   -5.077784552
   11.670000000   -2.967897608   -1.739665034   -5.343975020
   11.680000000   -2.836786313   -1.581816908   -5.598616869
   11.690000000   -2.722693442   -1.451746310   -5.782345939
   11.700000000   -2.635710561   -1.375722908   -5.870512451
   11.710000000   -2.593730101   -1.380807587   -5.874004672
   11.720000000   -2.611561726   -1.475357262   -5.835317995
   11.730000000   -2.677162289   -1.624842808   -5.809889924
   11.740000000   -2.743203059   -1.757113859   -5.838944284
   11.750000000   -2.755928972   -1.807254043   -5.924652989
   11.760000000   -2.692536205   -1.754182155   -6.021151064
   11.770000000   -2.568790907   -1.615908276   -6.063501489
   11.780000000   -2.424624558   -1.426514589   -6.016331419
   11.790000000   -2.310692657   -1.221138917   -5.890060613
   11.800000000   -2.278846231   -1.030674313   -5.720938287
   11.810000000   -2.365487563   -0.877462489   -5.546862119
   11.820000000   -2.563741189   -0.767195255   -5.392191924
   11.830000000   -2.809149657   -0.684381602   -5.259810990
   11.840000000   -3.011989867   -0.604479663   -5.133413176
   11.850000000   -3.114458043   -0.518273075   -4.992866603
   11.860000000   -3.115507514   -0.446307098   -4.831194556
   11.870000000   -3.051989912   -0.430323297   -4.658505673
   11.880000000   -2.965891005   -0.504940139   -4.495065084
   11.890000000   -2.880475374   -0.663136591   -4.363166365
   11.900000000   -2.795018050   -0.846876893   -4.280819379
   11.910000000   -2.700082200   -0.987530876   -4.256873081
   11.920000000   -2.597786997   -1.061911572   -4.286995134
   11.930000000   -2.507833157   -1.109742445   -4.350224829
   11.940000000   -2.460434659   -1.210778042   -4.412863210
   11.950000000   -2.485895854   -1.445871164   -4.445092544
   11.960000000   -2.599687953   -1.849735858   -4.435397886
   11.970000000   -2.785543112   -2.373626310   -4.386849284
   11.980000000   -2.997615322   -2.903241635   -4.306264319
   11.990000000   -3.188025294   -3.332152966   -4.201603140
   12.000000000   -3.331475002   -3.619330242   -4.084401616
   12.010000000   -3.424166434   -3.782195531   -3.969625604
   12.020000000   -3.467067447   -3.850393761   -3.872485891
   12.030000000   -3.456995692   -3.835880113   -3.804253637
   12.040000000   -3.393368660   -3.741853630   -3.766737256
   12.050000000   -3.286263641   -3.581994398   -3.746857989
   12.060000000   -3.154468662   -3.382666531   -3.720850519
   12.070000000   -3.019553373   -3.175711068   -3.670462689
   12.080000000   -2.901600537   -2.994553165   -3.593865103
   12.090000000   -2.815399101   -2.872445515   -3.501095017
   12.100000000   -2.765292017   -2.835048066   -3.403015721
   12.110000000   -2.740329520   -2.883349742   -3.303441927
   12.120000000   -2.716254421   -2.979078878   -3.198774405
   12.130000000   -2.667667273   -3.058676558   -3.084572432
   12.140000000   -2.582822685   -3.075198264   -2.961588067
   12.150000000   -2.468324620   -3.024268801   -2.835918836
   12.160000000   -2.341540516   -2.931555494   -2.715894547
   12.170000000   -2.220668216   -2.826521908   -2.609518736
   12.180000000   -2.121417308   -2.729588825   -2.524434911
   12.190000000   -2.062023482   -2.659183533   -2.470705440
   12.200000000   -2.068583639   -2.644171904   -2.462280781
   12.210000000   -2.168761727   -2.720950461   -2.511749779
   12.220000000   -2.370092342   -2.909344194   -2.618857647
   12.230000000   -2.635346121   -3.181328669   -2.760705595
   12.240000000   -2.887649041   -3.459595497   -2.898983997
   12.250000000   -3.058032372   -3.667757562   -3.007184561
   12.260000000   -3.125625917   -3.781109185   -3.088356427
   12.270000000   -3.110520564   -3.822991949   -3.162695425
   12.280000000   -3.043744535   -3.827411953   -3.241750670
   12.290000000   -2.947019487   -3.810947139   -3.315115029
   12.300000000   -2.829154271   -3.769726656   -3.359581750
   12.310000000   -2.692479610   -3.694221156   -3.358276679
   12.320000000   -2.539716093   -3.582880748   -3.310315412
   12.330000000   -2.375685321   -3.442637574   -3.226354254
   12.340000000   -2.206299090   -3.283372133   -3.119715941
   12.350000000   -2.038661655   -3.115858902   -3.001237755
   12.360000000   -1.882415769   -2.952669742   -2.878339669
   12.370000000   -1.751087635   -2.809029411   -2.755930440
   12.380000000   -1.661845036   -2.702313916   -2.637448416
   12.390000000   -1.630217007   -2.647506182   -2.525211138
   12.400000000   -1.656959539   -2.646019499   -2.419805034
   12.410000000   -1.715560010   -2.675076521   -2.319407414
   12.420000000   -1.761507344   -2.695911553   -2.221089871
   12.430000000   -1.763396682   -2.680815683   -2.124216045
   12.440000000   -1.722655646   -2.630195329   -2.032942643
   12.450000000   -1.667614669   -2.567351687   -1.956277268
   12.460000000   -1.639323608   -2.526240718   -1.906392764
   12.470000000   -1.680165570   -2.541751089   -1.894780608
   12.480000000   -1.821829234   -2.638596358   -1.926073547
   12.490000000   -2.070755201   -2.816264426   -1.993557506
   12.500000000   -2.397401974   -3.039681685   -2.079889575
   12.510000000   -2.740356219   -3.251459332   -2.160071311
   12.520000000   -3.033882209   -3.403262545   -2.207829857
   12.530000000   -3.242635939   -3.478343539   -2.207491212
   12.540000000   -3.367399980   -3.486871840   -2.160015632
   12.550000000   -3.421423921   -3.446958534   -2.077161424
   12.560000000   -3.413820517   -3.372896453   -1.973047572
   12.570000000   -3.353220849   -3.275029000   -1.860410188
   12.580000000   -3.253177012   -3.162298951   -1.751165013
   12.590000000   -3.129539561   -3.042460528   -1.658876151
   12.600000000   -2.996083529   -2.921444503   -1.601273840
   12.610000000   -2.862727707   -2.803213519   -1.600298748
   12.620000000   -2.735225888   -2.689764215   -1.675048086
   12.630000000   -2.614827090   -2.580981738   -1.824680261
   12.640000000   -2.498613905   -2.474992267   -2.013063137
   12.650000000   -2.381942785   -2.369579167   -2.181346677
   12.660000000   -2.261718506   -2.263741478   -2.286461112
   12.670000000   -2.137634489   -2.158186704   -2.323522070
   12.680000000   -2.011235128   -2.055000382   -2.315916344
   12.690000000   -1.884733776   -1.957288619   -2.296278418
   12.700000000   -1.760497686   -1.868800064   -2.293579689
   12.710000000   -1.640924908   -1.793012784   -2.323313777
   12.720000000   -1.528548706   -1.731988996   -2.379587258
   12.730000000   -1.426745923   -1.686504631   -2.439210807
   12.740000000   -1.340853642   -1.657084904   -2.479600787
   12.750000000   -1.278787721   -1.643396140   -2.490771798
   12.760000000   -1.252160078   -1.644563105   -2.472470823
   12.770000000   -1.279154323   -1.664748231   -2.429475144
   12.780000000   -1.383751960   -1.717285360   -2.370742159
   12.790000000   -1.581643404   -1.816852426   -2.307763080
   12.800000000   -1.855914150   -1.961816570   -2.251097967
   12.810000000   -2.149274399   -2.123711172   -2.207065511
   12.820000000   -2.392917644   -2.260069823   -2.176481383
   12.830000000   -2.545408767   -2.340680934   -2.156370013
   12.840000000   -2.604167495   -2.360424463   -2.141732724
   12.850000000   -2.590605698   -2.331833082   -2.125033004
   12.860000000   -2.531504944   -2.272068843   -2.097999386
   12.870000000   -2.449396829   -2.195546552   -2.057040826
   12.880000000   -2.360506055   -2.112257287   -2.005261021
   12.890000000   -2.274954189   -2.028252133   -1.948958212
   12.900000000   -2.196651841   -1.946264032   -1.893410491
   12.910000000   -2.124084786   -1.866488073   -1.841972907
   12.920000000   -2.053911643   -1.788122467   -1.798894514
   12.930000000   -1.984893906   -1.710892505   -1.772221692
   12.940000000   -1.918067931   -1.635237591   -1.772492039
   12.950000000   -1.854112506   -1.561498277   -1.805923083
   12.960000000   -1.791451139   -1.489291607   -1.865414058
   12.970000000   -1.726670122   -1.417615316   -1.929573358
   12.980000000   -1.656832987   -1.345533712   -1.975581742
   12.990000000   -1.581406224   -1.272760503   -1.992206449
   13.000000000   -1.502197817   -1.199982222   -1.980072359
   13.010000000   -1.422575320   -1.129509422   -1.945546022
   13.020000000   -1.347188731   -1.066025078   -1.896313767
   13.030000000   -1.281875324   -1.016585617   -1.839221420
   13.040000000   -1.232677689   -0.988868770   -1.779356135
   13.050000000   -1.202776943   -0.986338428   -1.719764449
   13.060000000   -1.188366161   -1.001885222   -1.661409527
   13.070000000   -1.179051100   -1.017991131   -1.603628759
   13.080000000   -1.165797512   -1.018004508   -1.545330138
   13.090000000   -1.147825265   -0.996953205   -1.486053855
   13.100000000   -1.129897753   -0.960706831   -1.426096263
   13.110000000   -1.114274876   -0.918884379   -1.366137416
   13.120000000   -1.097385957   -0.880895880   -1.307030344
   13.130000000   -1.075163299   -0.856883679   -1.249887800
   13.140000000   -1.049245447   -0.858089087   -1.196332434
   13.150000000   -1.025544195   -0.890883724   -1.148685124
   13.160000000   -1.007787351   -0.947137908   -1.109643664
   13.170000000   -0.993870251   -1.003553634   -1.080789838
   13.180000000   -0.977608292   -1.035965794   -1.060111552
   13.190000000   -0.951610401   -1.033041350   -1.041245588
   13.200000000   -0.909661325   -0.996465811   -1.017119143
   13.210000000   -0.849850128   -0.934564178   -0.984791455
   13.220000000   -0.775554784   -0.857417887   -0.946408054
   13.230000000   -0.693075722   -0.774437692   -0.906997887
   13.240000000   -0.608533872   -0.693194318   -0.872054182
   13.250000000   -0.525339847   -0.618085541   -0.845300723
   13.260000000   -0.442561653   -0.548518697   -0.826299628
   13.270000000   -0.355897432   -0.478858893   -0.809666336
   13.280000000   -0.261652380   -0.402243482   -0.787969258
   13.290000000   -0.160352196   -0.315566522   -0.756159358
   13.300000000   -0.057702535   -0.221431438   -0.713423515
   13.310000000    0.035480038   -0.127431760   -0.662099359
   13.320000000    0.102586445   -0.045429852   -0.605824580
   13.330000000    0.120554473    0.008524247   -0.548272489
   13.340000000    0.062575364    0.015689162   -0.492452710
   13.350000000   -0.091361946   -0.038877699   -0.440073331
   13.360000000   -0.335325204   -0.153181129   -0.390885968
   13.370000000   -0.621804630   -0.296422951   -0.342455645
   13.380000000   -0.875324252   -0.417445852   -0.290936848
   13.390000000   -1.036623063   -0.475364800   -0.232743828
   13.400000000   -1.091477939   -0.460135263   -0.165831513
   13.410000000   -1.059983435   -0.385712727   -0.089961425
   13.420000000   -0.972904180   -0.274217458   -0.006345535
   13.430000000   -0.858626566   -0.147637848    0.082910007
   13.440000000   -0.741495228   -0.027733117    0.175062951
   13.450000000   -0.645200696    0.060342465    0.266487504
   13.460000000   -0.596162880    0.084916449    0.352293454
   13.470000000   -0.621900539    0.010942724    0.426757930
   13.480000000   -0.738404555   -0.182816225    0.485847382
   13.490000000   -0.928543514   -0.475134191    0.531398188
   13.500000000   -1.135875565   -0.794083888    0.571808425
   13.510000000   -1.296804141   -1.058956611    0.614499489
   13.520000000   -1.381257573   -1.232275987    0.656668784
   13.530000000   -1.397544200   -1.323439671    0.683519433
   13.540000000   -1.371513104   -1.359908452    0.670629034
   13.550000000   -1.330814801   -1.369603834    0.584559012
   13.560000000   -1.299462237   -1.378829336    0.388690016
   13.570000000   -1.292304810   -1.406735547    0.066545797
   13.580000000   -1.306627768   -1.452471739   -0.346324889
   13.590000000   -1.321401979   -1.492129207   -0.760801611
   13.600000000   -1.312178819   -1.497651849   -1.083169355
   13.610000000   -1.268660780   -1.459071149   -1.269086583
   13.620000000   -1.197980675   -1.387597151   -1.330574439
   13.630000000   -1.116895544   -1.306005108   -1.307821703
   13.640000000   -1.043591451   -1.240232539   -1.243747197
   13.650000000   -0.991185864   -1.212817482   -1.173556065
   13.660000000   -0.961381474   -1.233285274   -1.121212313
   13.670000000   -0.941709793   -1.288085932   -1.094918962
   13.680000000   -0.911889170   -1.342915097   -1.083614884
   13.690000000   -0.856337604   -1.362648212   -1.063538019
   13.700000000   -0.772399214   -1.331455146   -1.014411954
   13.710000000   -0.669804042   -1.255605723   -0.930221853
   13.720000000   -0.566533854   -1.154012414   -0.816633984
   13.730000000   -0.486893922   -1.049988179   -0.683167592
   13.740000000   -0.461917803   -0.968534519   -0.538417893
   13.750000000   -0.526629961   -0.934868553   -0.389144306
   13.760000000   -0.705544571   -0.967500627   -0.241165780
   13.770000000   -0.985565044   -1.064450416   -0.100779204
   13.780000000   -1.302899702   -1.196927336    0.023382171
   13.790000000   -1.577551212   -1.328319396    0.118102174
   13.800000000   -1.767142020   -1.441523557    0.164888344
   13.810000000   -1.879024927   -1.541348975    0.144290815
   13.820000000   -1.943694811   -1.638955083    0.045595476
   13.830000000   -1.989338770   -1.743217613   -0.124638575
   13.840000000   -2.029949130   -1.857183710   -0.340873929
   13.850000000   -2.062345806   -1.971856286   -0.561721905
   13.860000000   -2.073836732   -2.068217019   -0.742606978
   13.870000000   -2.056052878   -2.129136501   -0.857384062
   13.880000000   -2.011379080   -2.146773441   -0.908677342
   13.890000000   -1.950825825   -2.124037154   -0.922989033
   13.900000000   -1.889870549   -2.073713575   -0.941215440
   13.910000000   -1.843431074   -2.013518350   -1.006673374
   13.920000000   -1.819645553   -1.959188555   -1.151517945
   13.930000000   -1.815583319   -1.919401971   -1.387082176
   13.940000000   -1.819549032   -1.893831893   -1.698527121
   13.950000000   -1.817983879   -1.873834089   -2.038416211
   13.960000000   -1.800246166   -1.846364929   -2.335150290
   13.970000000   -1.760724034   -1.801446113   -2.530848043
   13.980000000   -1.699898717   -1.737527992   -2.611992785
   13.990000000   -1.623211169   -1.660305073   -2.601526772
   14.000000000   -1.538140211   -1.578120632   -2.533586281
   14.010000000   -1.451687983   -1.497951806   -2.436695585
   14.020000000   -1.369332540   -1.423124743   -2.328607775
   14.030000000   -1.295365345   -1.353806920   -2.217954705
   14.040000000   -1.233931889   -1.290770646   -2.109273461
   14.050000000   -1.189361448   -1.239222430   -2.007590828
   14.060000000   -1.165868437   -1.209578808   -1.919832464
   14.070000000   -1.168156891   -1.215486092   -1.853682052
   14.080000000   -1.200382445   -1.267921536   -1.814385834
   14.090000000   -1.259379110   -1.364172987   -1.799196688
   14.100000000   -1.328834315   -1.481425924   -1.794256842
   14.110000000   -1.386513850   -1.588721535   -1.781307250
   14.120000000   -1.417835791   -1.666225404   -1.748921538
   14.130000000   -1.418863920   -1.708364515   -1.695616848
   14.140000000   -1.391184026   -1.715503806   -1.625421614
   14.150000000   -1.339018808   -1.690629621   -1.543600371
   14.160000000   -1.268366689   -1.640091874   -1.454735795
   14.170000000   -1.185459749   -1.572072457   -1.362177379
   14.180000000   -1.095414834   -1.493920472   -1.268186542
   14.190000000   -1.002023194   -1.410943266   -1.174433185
   14.200000000   -0.908380777   -1.326635911   -1.082645244
   14.210000000   -0.817907369   -1.243463240   -0.995398116
   14.220000000   -0.735637811   -1.163718255   -0.917153874
   14.230000000   -0.669826683   -1.090355776   -0.855626829
   14.240000000   -0.633595632   -1.027724592   -0.823147490
   14.250000000   -0.645124019   -0.981736162   -0.836454596
   14.260000000   -0.722592199   -0.958237166   -0.911271667
   14.270000000   -0.869977401   -0.958305971   -1.048662067
   14.280000000   -1.060580353   -0.972777722   -1.221236185
   14.290000000   -1.241617071   -0.983783346   -1.380508836
   14.300000000   -1.366550566   -0.975531837   -1.487063887
   14.310000000   -1.420232977   -0.942695977   -1.530396539
   14.320000000   -1.413598516   -0.888651612   -1.521893419
   14.330000000   -1.365920969   -0.819579540   -1.479033536
   14.340000000   -1.293809327   -0.740828457   -1.416356828
   14.350000000   -1.208495750   -0.656069462   -1.343498400
   14.360000000   -1.116803760   -0.567726499   -1.266141063
   14.370000000   -1.022829108   -0.477730573   -1.187417759
   14.380000000   -0.929397670   -0.388344521   -1.109008531
   14.390000000   -0.839248865   -0.303117886   -1.031881648
   14.400000000   -0.756089279   -0.228062515   -0.956791993
   14.410000000   -0.685493495   -0.172842643   -0.884616266
   14.420000000   -0.635044245   -0.150815738   -0.816472776
   14.430000000   -0.612110983   -0.175087348   -0.753374218
   14.440000000   -0.617805143   -0.247983947   -0.695175791
   14.450000000   -0.640585462   -0.349805933   -0.639463474
   14.460000000   -0.659456136   -0.443861533   -0.582180712
   14.470000000   -0.658214313   -0.500380877   -0.520236440
   14.480000000   -0.635621912   -0.513584265   -0.453325783
   14.490000000   -0.603081814   -0.497380737   -0.383425258
   14.500000000   -0.576883994   -0.471666956   -0.313210695
   14.510000000   -0.571319670   -0.451147805   -0.244436572
   14.520000000   -0.594011771   -0.440923539   -0.176780268
   14.530000000   -0.644492023   -0.440053508   -0.108502975
   14.540000000   -0.715974112   -0.448645090   -0.039326452
   14.550000000   -0.799823542   -0.472158543    0.027182997
   14.560000000   -0.890635290   -0.519963247    0.084030069
   14.570000000   -0.983861335   -0.596580696    0.122794333
   14.580000000   -1.068286803   -0.693598491    0.134133882
   14.590000000   -1.129298580   -0.796146009    0.105499861
   14.600000000   -1.160767944   -0.897164195    0.021240471
   14.610000000   -1.168208061   -1.000955283   -0.127319472
   14.620000000   -1.162451885   -1.116968891   -0.325309775
   14.630000000   -1.153403924   -1.253144459   -0.531460045
   14.640000000   -1.146657367   -1.409564539   -0.701728220
   14.650000000   -1.141351688   -1.570644672   -0.814216879
   14.660000000   -1.131797558   -1.707136844   -0.870583430
   14.670000000   -1.115074947   -1.796557095   -0.885841660
   14.680000000   -1.096471026   -1.838960510   -0.878685002
   14.690000000   -1.086558139   -1.849726967   -0.861400835
   14.700000000   -1.095857253   -1.844676245   -0.834124580
   14.710000000   -1.132866902   -1.834534757   -0.790579964
   14.720000000   -1.200800046   -1.825477956   -0.729136702
   14.730000000   -1.289289983   -1.817042329   -0.657012812
   14.740000000   -1.373512397   -1.801804047   -0.588560106
   14.750000000   -1.430351552   -1.772986480   -0.544902788
   14.760000000   -1.454599746   -1.732150522   -0.554842996
   14.770000000   -1.457968310   -1.688702595   -0.650780804
   14.780000000   -1.457166587   -1.654150289   -0.852436714
   14.790000000   -1.462761975   -1.636145821   -1.140836374
   14.800000000   -1.474481730   -1.634761514   -1.450597435
   14.810000000   -1.484515499   -1.642406952   -1.706703040
   14.820000000   -1.484279905   -1.647068852   -1.871359938
   14.830000000   -1.469077543   -1.638155595   -1.950366097
   14.840000000   -1.439674252   -1.611946588   -1.969891986
   14.850000000   -1.400878972   -1.571639717   -1.956952044
   14.860000000   -1.358087378   -1.522918522   -1.930671313
   14.870000000   -1.314178100   -1.469920614   -1.898643973
   14.880000000   -1.269338225   -1.414330602   -1.858723476
   14.890000000   -1.224055035   -1.357136864   -1.806730878
   14.900000000   -1.181923822   -1.300480374   -1.742669387
   14.910000000   -1.149818604   -1.247995904   -1.670552682
   14.920000000   -1.135808668   -1.204053013   -1.595475670
   14.930000000   -1.144889096   -1.172256749   -1.521779056
   14.940000000   -1.173376210   -1.153546733   -1.452664823
   14.950000000   -1.207882800   -1.145916070   -1.390496931
   14.960000000   -1.233600847   -1.146917098   -1.337053463
   14.970000000   -1.243352949   -1.154811471   -1.292770198
   14.980000000   -1.237243535   -1.165305428   -1.255094742
   14.990000000   -1.217451457   -1.169782649   -1.218537215
   15.000000000   -1.186134521   -1.160119083   -1.177891502
   15.010000000   -1.145966631   -1.133972727   -1.131227620
   15.020000000   -1.100080382   -1.094288820   -1.079668651
   15.030000000   -1.051353984   -1.045843353   -1.025583633
   15.040000000   -1.002042278   -0.993026057   -0.971390067
   15.050000000   -0.953837611   -0.939443980   -0.919200146
   15.060000000   -0.908052160   -0.888415365   -0.870778403
   15.070000000   -0.865846004   -0.843692800   -0.827651276
   15.080000000   -0.828590644   -0.809996049   -0.791481913
   15.090000000   -0.797999395   -0.792550370   -0.763991828
   15.100000000   -0.775270473   -0.794595017   -0.745145729
   15.110000000   -0.759553994   -0.813612156   -0.730735521
   15.120000000   -0.747484939   -0.840085071   -0.713385512
   15.130000000   -0.734635427   -0.861465533   -0.687491623
   15.140000000   -0.717797296   -0.868802229   -0.652551181
   15.150000000   -0.696844108   -0.861089771   -0.612213123
   15.160000000   -0.675245715   -0.844618217   -0.571972162
   15.170000000   -0.658863165   -0.829091713   -0.537583424
   15.180000000   -0.653275882   -0.823149353   -0.513455187
   15.190000000   -0.660025543   -0.829818071   -0.500107906
   15.200000000   -0.673858452   -0.843660442   -0.492365693
   15.210000000   -0.684782192   -0.853617585   -0.481512521
   15.220000000   -0.684557477   -0.850786475   -0.460749863
   15.230000000   -0.671247110   -0.833774555   -0.429067201
   15.240000000   -0.648144193   -0.807739034   -0.391013038
   15.250000000   -0.620263581   -0.780726396   -0.354384494
   15.260000000   -0.592385770   -0.761245055   -0.327983188
   15.270000000   -0.568939003   -0.756814509   -0.318787225
   15.280000000   -0.553575200   -0.771083561   -0.327368530
   15.290000000   -0.547453759   -0.799757543   -0.344379023
   15.300000000   -0.547932523   -0.830436217   -0.354020841
   15.310000000   -0.549806092   -0.849605284   -0.343560970
   15.320000000   -0.548899221   -0.850691395   -0.309454760
   15.330000000   -0.545148810   -0.835503401   -0.255612440
   15.340000000   -0.541750901   -0.809991984   -0.188576446
   15.350000000   -0.540460677   -0.779417028   -0.114498709
   15.360000000   -0.538033876   -0.746116438   -0.038699961
   15.370000000   -0.528732550   -0.710787671    0.033144822
   15.380000000   -0.510277341   -0.675378569    0.093516348
   15.390000000   -0.486243217   -0.644410086    0.132929506
   15.400000000   -0.464089032   -0.624091271    0.142505951
   15.410000000   -0.452452258   -0.620616098    0.118090862
   15.420000000   -0.459059992   -0.638710004    0.060623052
   15.430000000   -0.487929732   -0.679807219   -0.028998518
   15.440000000   -0.535252612   -0.738446786   -0.151016442
   15.450000000   -0.588059993   -0.800229780   -0.299370324
   15.460000000   -0.630302706   -0.847556040   -0.456096113
   15.470000000   -0.651522057   -0.869611683   -0.593887794
   15.480000000   -0.649727381   -0.865967875   -0.685975060
   15.490000000   -0.629056700   -0.842664036   -0.720168596
   15.500000000   -0.596626356   -0.807329426   -0.704615734
   15.510000000   -0.560243266   -0.766686677   -0.661116054
   15.520000000   -0.527185392   -0.725956551   -0.617052898
   15.530000000   -0.503679978   -0.688963565   -0.602724072
   15.540000000   -0.494785620   -0.658369825   -0.650876465
   15.550000000   -0.504208601   -0.635772959   -0.790445287
   15.560000000   -0.531979000   -0.620816923   -1.027577491
   15.570000000   -0.570057600   -0.609511822   -1.323809481
   15.580000000   -0.602996980   -0.594915513   -1.604797513
   15.590000000   -0.617193660   -0.571278734   -1.806967769
   15.600000000   -0.608571937   -0.537075497   -1.911440956
   15.610000000   -0.581140868   -0.494144462   -1.935013383
   15.620000000   -0.541712215   -0.445461010   -1.905164724
   15.630000000   -0.496761322   -0.393961940   -1.845132451
   15.640000000   -0.451996684   -0.342576139   -1.770419890
   15.650000000   -0.413180536   -0.294890538   -1.690177290
   15.660000000   -0.386979370   -0.256052475   -1.609384871
   15.670000000   -0.380684705   -0.233548840   -1.530547440
   15.680000000   -0.399569733   -0.237254165   -1.454780655
   15.690000000   -0.442585790   -0.278014040   -1.382457739
   15.700000000   -0.501102124   -0.363960404   -1.313588675
   15.710000000   -0.563142250   -0.493070116   -1.248053739
   15.720000000   -0.617143568   -0.644577706   -1.185772539
   15.730000000   -0.653099273   -0.782966461   -1.126867148
   15.740000000   -0.665671390   -0.879119834   -1.071867794
   15.750000000   -0.656534027   -0.925716349   -1.021994892
   15.760000000   -0.632031799   -0.932537859   -0.979486988
   15.770000000   -0.599373451   -0.914438561   -0.947730767
   15.780000000   -0.564558138   -0.884118138   -0.930510064
   15.790000000   -0.531658823   -0.849963730   -0.929487311
   15.800000000   -0.502255773   -0.815852853   -0.940688509
   15.810000000   -0.475207405   -0.781951367   -0.954223845
   15.820000000   -0.447990692   -0.746846472   -0.959929314
   15.830000000   -0.419120497   -0.709900295   -0.953410621
   15.840000000   -0.389165718   -0.672028988   -0.936343395
   15.850000000   -0.359581913   -0.635011271   -0.912790632
   15.860000000   -0.330975964   -0.600617863   -0.885950367
   15.870000000   -0.302603792   -0.570281005   -0.857179479
   15.880000000   -0.273378185   -0.544997378   -0.826830260
   15.890000000   -0.242622842   -0.524543974   -0.795119187
   15.900000000   -0.209563753   -0.506339579   -0.762047023
   15.910000000   -0.173041670   -0.486127946   -0.727259909
   15.920000000   -0.132334520   -0.460691583   -0.690502574
   15.930000000   -0.087851452   -0.429489756   -0.652012005
   15.940000000   -0.040979011   -0.393948407   -0.612439100
   15.950000000    0.006247274   -0.356174099   -0.572673104
   15.960000000    0.051116278   -0.318387195   -0.533885514
   15.970000000    0.089873637   -0.283033677   -0.497796861
   15.980000000    0.117040547   -0.253253811   -0.467045909
   15.990000000    0.124501173   -0.233471713   -0.445380741
   16.000000000    0.101635267   -0.229465059   -0.436990923
   16.010000000    0.039290900   -0.246576426   -0.444171712
   16.020000000   -0.061601832   -0.285368963   -0.464176036
   16.030000000   -0.183073463   -0.337423188   -0.488866760
   16.040000000   -0.295187527   -0.387158467   -0.508806291
   16.050000000   -0.372829332   -0.420813933   -0.517893028
   16.060000000   -0.408186465   -0.433707455   -0.515136533
   16.070000000   -0.408384194   -0.428905516   -0.503475212
   16.080000000   -0.386115170   -0.411843267   -0.487439308
   16.090000000   -0.353384250   -0.387287044   -0.472162872
   16.100000000   -0.319500990   -0.359050663   -0.463537892
   16.110000000   -0.290220445   -0.329990935   -0.467159629
   16.120000000   -0.266793378   -0.301492547   -0.485776110
   16.130000000   -0.246445277   -0.273371431   -0.517425127
   16.140000000   -0.224799243   -0.244573861   -0.555289776
   16.150000000   -0.198264982   -0.214018355   -0.589265880
   16.160000000   -0.165879529   -0.181396274   -0.610598183
   16.170000000   -0.130750151   -0.147868036   -0.616758246
   16.180000000   -0.100228283   -0.116251175   -0.611769905
   16.190000000   -0.085127519   -0.090811563   -0.603550618
   16.200000000   -0.097987439   -0.076607140   -0.601177774
   16.210000000   -0.148135090   -0.077450805   -0.611637046
   16.220000000   -0.232640033   -0.092166600   -0.635382805
   16.230000000   -0.331121573   -0.112475262   -0.664034099
   16.240000000   -0.416274008   -0.127444362   -0.685355547
   16.250000000   -0.472515316   -0.131366234   -0.692029236
   16.260000000   -0.501398443   -0.126170708   -0.684651373
   16.270000000   -0.512273638   -0.117502068   -0.668240271
   16.280000000   -0.512354607   -0.109779501   -0.647966457
   16.290000000   -0.503774288   -0.103220648   -0.626726495
   16.300000000   -0.485676945   -0.093677671   -0.604620448
   16.310000000   -0.457196490   -0.075770449   -0.580292941
   16.320000000   -0.419202838   -0.046857489   -0.552876596
   16.330000000   -0.374111574   -0.007914995   -0.522655186
   16.340000000   -0.324664731    0.038273650   -0.490501954
   16.350000000   -0.273092356    0.088802552   -0.457253888
   16.360000000   -0.220987324    0.141165562   -0.423483932
   16.370000000   -0.169566967    0.192992659   -0.389533649
   16.380000000   -0.120021574    0.241509787   -0.355629774
   16.390000000   -0.073722134    0.283245714   -0.322016971
   16.400000000   -0.032046123    0.314578584   -0.289107223
   16.410000000    0.004288040    0.333326618   -0.257673795
   16.420000000    0.035827257    0.340015027   -0.229125913
   16.430000000    0.063599824    0.335805377   -0.205864124
   16.440000000    0.086975610    0.317552976   -0.191523465
   16.450000000    0.102849003    0.276509535   -0.190450429
   16.460000000    0.108123294    0.205206658   -0.205355330
   16.470000000    0.104333991    0.109368193   -0.233295208
   16.480000000    0.099892842    0.012749857   -0.264051024
   16.490000000    0.105533924   -0.056078565   -0.285345030
   16.500000000    0.126829024   -0.082681723   -0.290408688
   16.510000000    0.161650746   -0.070770250   -0.279681888
   16.520000000    0.202579209   -0.033772125   -0.257336847
   16.530000000    0.239563628    0.012780306   -0.227943761
   16.540000000    0.261361954    0.053828322   -0.195215122
   16.550000000    0.257688563    0.075215546   -0.162021452
   16.560000000    0.223853128    0.065707459   -0.130640171
   16.570000000    0.165690656    0.022320257   -0.102665841
   16.580000000    0.099293657   -0.043911127   -0.078595466
   16.590000000    0.043525735   -0.110051189   -0.057840242
   16.600000000    0.009515030   -0.155199100   -0.039700771
   16.610000000   -0.004747201   -0.173704355   -0.024227136
   16.620000000   -0.011011335   -0.175067616   -0.011842282
   16.630000000   -0.024749217   -0.175722446   -0.002844995
   16.640000000   -0.061627368   -0.192039568    0.001892404
   16.650000000   -0.133594073   -0.235755617    0.000081032
   16.660000000   -0.241875569   -0.309199046   -0.011584047
   16.670000000   -0.372645461   -0.401900789   -0.035876663
   16.680000000   -0.502823211   -0.494198237   -0.072898946
   16.690000000   -0.610737559   -0.567064888   -0.117903253
   16.700000000   -0.683423928   -0.611553034   -0.162131553
   16.710000000   -0.720639677   -0.632531711   -0.198889693
   16.720000000   -0.733201593   -0.644204738   -0.228350720
   16.730000000   -0.734734564   -0.660251407   -0.254605887
   16.740000000   -0.732996608   -0.684373487   -0.278776602
   16.750000000   -0.727604306   -0.708174515   -0.296437289
   16.760000000   -0.715684715   -0.719966806   -0.302387835
   16.770000000   -0.698548168   -0.715737935   -0.296293323
   16.780000000   -0.682359450   -0.701171377   -0.283064229
   16.790000000   -0.673642399   -0.686001384   -0.269805710
   16.800000000   -0.673745857   -0.677090761   -0.262161207
   16.810000000   -0.676781452   -0.673842960   -0.260832017
   16.820000000   -0.673902922   -0.668832920   -0.260702145
   16.830000000   -0.659723415   -0.653988736   -0.254964251
   16.840000000   -0.634204586   -0.626382893   -0.240366682
   16.850000000   -0.600149026   -0.588486884   -0.218205309
   16.860000000   -0.560795492   -0.545355598   -0.192551895
   16.870000000   -0.519362064   -0.502744977   -0.169188852
   16.880000000   -0.479255780   -0.466534548   -0.155275068
   16.890000000   -0.443831293   -0.441985547   -0.158083660
   16.900000000   -0.415542803   -0.431757043   -0.181398547
   16.910000000   -0.394815689   -0.433628599   -0.220582452
   16.920000000   -0.379569589   -0.441129133   -0.262113073
   16.930000000   -0.366058392   -0.447737210   -0.291275226
   16.940000000   -0.350522744   -0.450187058   -0.300547237
   16.950000000   -0.330464300   -0.447594323   -0.290596738
   16.960000000   -0.304726313   -0.438521893   -0.266147545
   16.970000000   -0.273169336   -0.420497557   -0.232246578
   16.980000000   -0.236837522   -0.392445704   -0.192834859
   16.990000000   -0.198088984   -0.356048427   -0.150769568
   17.000000000   -0.160429706   -0.314752405   -0.108287527
   17.010000000   -0.128535413   -0.272473888   -0.067532797
   17.020000000   -0.108428203   -0.233080090   -0.031004098
   17.030000000   -0.106822611   -0.200092226   -0.001639991
   17.040000000   -0.128229776   -0.175775900    0.017955106
   17.050000000   -0.170134960   -0.159690858    0.027271588
   17.060000000   -0.220928496   -0.148426848    0.029136995
   17.070000000   -0.265395492   -0.138231474    0.027951056
   17.080000000   -0.293860691   -0.128890715    0.025390860
   17.090000000   -0.306367221   -0.125157398    0.017758896
   17.100000000   -0.309474975   -0.133982496   -0.001837309
   17.110000000   -0.309721870   -0.158388749   -0.037028770
   17.120000000   -0.308797664   -0.192048715   -0.082209508
   17.130000000   -0.303989989   -0.221710265   -0.124596774
   17.140000000   -0.292900728   -0.237477892   -0.154016542
   17.150000000   -0.276440301   -0.239451425   -0.168343737
   17.160000000   -0.257545748   -0.235172064   -0.169732124
   17.170000000   -0.238960032   -0.233734670   -0.160087655
   17.180000000   -0.222462843   -0.240998788   -0.141543299
   17.190000000   -0.208783035   -0.256211672   -0.118741175
   17.200000000   -0.198043749   -0.272411111   -0.099308420
   17.210000000   -0.191456801   -0.282485332   -0.092849802
   17.220000000   -0.192202427   -0.284699487   -0.108708149
   17.230000000   -0.202816465   -0.281494746   -0.151016701
   17.240000000   -0.220758528   -0.274952205   -0.212222457
   17.250000000   -0.237927180   -0.265547355   -0.273229971
   17.260000000   -0.246743729   -0.255390361   -0.315079869
   17.270000000   -0.246106668   -0.250962697   -0.330409103
   17.280000000   -0.240773577   -0.261299676   -0.323154189
   17.290000000   -0.236467942   -0.291986370   -0.301664592
   17.300000000   -0.235539160   -0.338603862   -0.273576460
   17.310000000   -0.236338056   -0.387114581   -0.244189999
   17.320000000   -0.236775656   -0.424243625   -0.217250401
   17.330000000   -0.238140320   -0.447223634   -0.196740518
   17.340000000   -0.245204495   -0.463130816   -0.187678266
   17.350000000   -0.262610074   -0.481123406   -0.194266888
   17.360000000   -0.289783409   -0.504468886   -0.215648303
   17.370000000   -0.318647875   -0.527516714   -0.243193817
   17.380000000   -0.338230959   -0.540714159   -0.264607443
   17.390000000   -0.342281316   -0.538684603   -0.271921664
   17.400000000   -0.331564065   -0.522744459   -0.264531019
   17.410000000   -0.310664770   -0.497870387   -0.246341112
   17.420000000   -0.284475726   -0.469244801   -0.222068962
   17.430000000   -0.256520433   -0.440449196   -0.195137759
   17.440000000   -0.228590572   -0.412918553   -0.167101785
   17.450000000   -0.201193949   -0.386386580   -0.138224250
   17.460000000   -0.174527828   -0.360032896   -0.108595332
   17.470000000   -0.149253528   -0.333364886   -0.078927962
   17.480000000   -0.126693661   -0.306446737   -0.050867526
   17.490000000   -0.108933153   -0.280052480   -0.027274747
   17.500000000   -0.098887260   -0.255741732   -0.012427744
   17.510000000   -0.099295848   -0.235313456   -0.011380191
   17.520000000   -0.109980357   -0.219540621   -0.027407264
   17.530000000   -0.125556414   -0.207074938   -0.057738864
   17.540000000   -0.137660165   -0.195094317   -0.091902695
   17.550000000   -0.140627778   -0.181537363   -0.117443128
   17.560000000   -0.134215973   -0.166468394   -0.128099410
   17.570000000   -0.121765654   -0.151639379   -0.125501587
   17.580000000   -0.107398860   -0.139431532   -0.115151284
   17.590000000   -0.094105631   -0.131497927   -0.102237584
   17.600000000   -0.082607178   -0.127185633   -0.089446246
   17.610000000   -0.071550394   -0.123550502   -0.076852732
   17.620000000   -0.059231965   -0.117839027   -0.063283957
   17.630000000   -0.045045788   -0.109642240   -0.047434976
   17.640000000   -0.029556932   -0.100604513   -0.028248242
   17.650000000   -0.014051913   -0.092774166   -0.005450362
   17.660000000    0.000002532   -0.086837139    0.020090609
   17.670000000    0.011517557   -0.081425972    0.046731167
   17.680000000    0.020126000   -0.074346431    0.072653742
   17.690000000    0.026549654   -0.064016621    0.096228492
   17.700000000    0.032558654   -0.049637886    0.116090111
   17.710000000    0.039810087   -0.031157434    0.131223196
   17.720000000    0.048901772   -0.009367209    0.141431776
   17.730000000    0.059680348    0.014425758    0.147584024
   17.740000000    0.071678471    0.038833320    0.150850312
   17.750000000    0.084399628    0.062717667    0.152349854
   17.760000000    0.097913670    0.085472830    0.154167873
   17.770000000    0.112803689    0.106712700    0.159214059
   17.780000000    0.129049469    0.125333766    0.168867353
   17.790000000    0.145357668    0.139121931    0.181513112
   17.800000000    0.159687174    0.145380046    0.193544671
   17.810000000    0.170272969    0.141996042    0.201488042
   17.820000000    0.176859109    0.129207673    0.204299001
   17.830000000    0.181710924    0.111765799    0.204559090
   17.840000000    0.188729754    0.097930000    0.206583132
   17.850000000    0.200709944    0.094186042    0.212961231
   17.860000000    0.217759522    0.101593518    0.223406163
   17.870000000    0.238141126    0.117338644    0.235819642
   17.880000000    0.259875525    0.138105846    0.247636856
   17.890000000    0.281749756    0.161620945    0.257424362
   17.900000000    0.303497148    0.186212180    0.266339459
   17.910000000    0.325191541    0.210013704    0.277531272
   17.920000000    0.346075862    0.230371007    0.293139125
   17.930000000    0.363642232    0.243256167    0.311835941
   17.940000000    0.373860360    0.243664447    0.329052237
   17.950000000    0.372819109    0.228037942    0.338912803
   17.960000000    0.359175914    0.197173334    0.336643454
   17.970000000    0.335539349    0.156051903    0.320574969
   17.980000000    0.307008108    0.110540488    0.292442358
   17.990000000    0.278283737    0.065700016    0.256544536
   18.000000000    0.252421436    0.026703672    0.219560504
   18.010000000    0.231631933   -0.001004793    0.189835117
   18.020000000    0.218249641   -0.013236750    0.174286215
   18.030000000    0.214211206   -0.008936887    0.174702303
   18.040000000    0.219868472    0.009584448    0.187208606
   18.050000000    0.233762827    0.038292876    0.205104010
   18.060000000    0.253372995    0.073130675    0.222322314
   18.070000000    0.276553153    0.110940424    0.236076470
   18.080000000    0.302722101    0.149723732    0.247674537
   18.090000000    0.332347381    0.188306555    0.260366055
   18.100000000    0.365461482    0.225929563    0.276379900
   18.110000000    0.401125207    0.262167338    0.296484277
   18.120000000    0.437583178    0.296389457    0.320731642
   18.130000000    0.471961977    0.326318249    0.347913763
   18.140000000    0.499803391    0.346947178    0.374879210
   18.150000000    0.515385734    0.351077013    0.397402019
   18.160000000    0.513499951    0.331883202    0.412507284
   18.170000000    0.492454299    0.287213330    0.421077642
   18.180000000    0.455977479    0.223022895    0.428011977
   18.190000000    0.412110888    0.152695891    0.438472658
   18.200000000    0.371029423    0.092358519    0.454222560
   18.210000000    0.342433167    0.054137658    0.473661927
   18.220000000    0.331398242    0.041382203    0.493482315
   18.230000000    0.336234930    0.049699928    0.509849773
   18.240000000    0.351062005    0.071580338    0.519887135
   18.250000000    0.369989446    0.100268502    0.523676090
   18.260000000    0.389103377    0.131257634    0.524724934
   18.270000000    0.405500899    0.161693578    0.527090722
   18.280000000    0.415734498    0.189082167    0.531277078
   18.290000000    0.416765463    0.211117637    0.533702478
   18.300000000    0.408948064    0.226827006    0.530551064
   18.310000000    0.396896067    0.237544222    0.521703461
   18.320000000    0.386288451    0.246386202    0.511241168
   18.330000000    0.379738805    0.255878388    0.504145694
   18.340000000    0.375280928    0.265245792    0.501024488
   18.350000000    0.368326384    0.270120135    0.495291805
   18.360000000    0.355098604    0.264754958    0.476359852
   18.370000000    0.333989264    0.244299946    0.437613218
   18.380000000    0.305312156    0.207018828    0.383237941
   18.390000000    0.272479300    0.156854503    0.326016415
   18.400000000    0.241508588    0.101726350    0.276785567
   18.410000000    0.215988552    0.046174869    0.237561683
   18.420000000    0.194163628   -0.011904891    0.204953291
   18.430000000    0.172889838   -0.074622632    0.177811271
   18.440000000    0.152816658   -0.136224539    0.160494400
   18.450000000    0.138703147   -0.184695311    0.159498135
   18.460000000    0.135594427   -0.210699460    0.178366479
   18.470000000    0.144448932   -0.213128232    0.215807120
   18.480000000    0.160060560   -0.197895124    0.266441120
   18.490000000    0.173085237   -0.173807551    0.322263958
   18.500000000    0.174964121   -0.148838550    0.373903031
   18.510000000    0.162108536   -0.128158741    0.411654616
   18.520000000    0.135843486   -0.114170360    0.427382289
   18.530000000    0.099373337   -0.107375611    0.417590708
   18.540000000    0.057128391   -0.106315303    0.385157217
   18.550000000    0.015640573   -0.107451864    0.336642254
   18.560000000   -0.019254194   -0.106930158    0.276329896
   18.570000000   -0.046633443   -0.102867710    0.202855304
   18.580000000   -0.069951039   -0.095678406    0.113529515
   18.590000000   -0.091415491   -0.086185627    0.014478968
   18.600000000   -0.107247069   -0.073531656   -0.075116885
   18.610000000   -0.110394412   -0.055625882   -0.134496717
   18.620000000   -0.097888477   -0.031650251   -0.156637444
   18.630000000   -0.073545598   -0.003263099   -0.150147629
   18.640000000   -0.044670185    0.026579603   -0.130825425
   18.650000000   -0.018161602    0.055419611   -0.114463287
   18.660000000    0.000818137    0.081985386   -0.114656198
   18.670000000    0.008696868    0.105690626   -0.141762485
   18.680000000    0.004657441    0.126306884   -0.197731810
   18.690000000   -0.007241450    0.144385289   -0.269392555
   18.700000000   -0.019708851    0.160843522   -0.332283086
   18.710000000   -0.028292908    0.175191600   -0.366959969
   18.720000000   -0.034096516    0.185160557   -0.369832163
   18.730000000   -0.039784256    0.188854312   -0.349408373
   18.740000000   -0.045935811    0.185989796   -0.318206280
   18.750000000   -0.053120560    0.175854588   -0.288493166
   18.760000000   -0.064830546    0.155881885   -0.270525751
   18.770000000   -0.084919440    0.124844020   -0.269849899
   18.780000000   -0.112264916    0.086936367   -0.284086955
   18.790000000   -0.139780494    0.050802175   -0.303510466
   18.800000000   -0.159194334    0.024438952   -0.316685625
   18.810000000   -0.166541732    0.010897426   -0.316560961
   18.820000000   -0.164116063    0.007034618   -0.303065010
   18.830000000   -0.158106928    0.005964123   -0.281496532
   18.840000000   -0.153803921    0.002251669   -0.258581437
   18.850000000   -0.151878226   -0.003781658   -0.239171464
   18.860000000   -0.149103736   -0.007026234   -0.225280129
   18.870000000   -0.142549130   -0.003080357   -0.216641054
   18.880000000   -0.131750902    0.008593719   -0.210708937
   18.890000000   -0.117277066    0.026429535   -0.202960515
   18.900000000   -0.099107732    0.049078226   -0.189441895
   18.910000000   -0.076807361    0.075234427   -0.169285448
   18.920000000   -0.050706126    0.102342978   -0.144502084
   18.930000000   -0.022491935    0.126466702   -0.118248436
   18.940000000    0.005340226    0.143387681   -0.093875015
   18.950000000    0.030462219    0.149734001   -0.074776317
   18.960000000    0.051663363    0.144017263   -0.063236742
   18.970000000    0.069647069    0.128140387   -0.057829753
   18.980000000    0.086710113    0.107447736   -0.052558697
   18.990000000    0.105073665    0.087888553   -0.040768046
   19.000000000    0.125865515    0.074236418   -0.020165110
   19.010000000    0.149263030    0.070581378    0.006407407
   19.020000000    0.174018255    0.078975521    0.033531115
   19.030000000    0.196527696    0.097196900    0.055979311
   19.040000000    0.211017658    0.119373392    0.070552196
   19.050000000    0.211312874    0.138628457    0.075844622
   19.060000000    0.193991323    0.149515758    0.069139788
   19.070000000    0.161157118    0.149324299    0.043827816
   19.080000000    0.119526174    0.138028676   -0.007385667
   19.090000000    0.077058527    0.118392488   -0.083420492
   19.100000000    0.041654989    0.096604278   -0.168444632
   19.110000000    0.019792364    0.079427764   -0.239196928
   19.120000000    0.013168624    0.068508182   -0.280729583
   19.130000000    0.018242933    0.059290652   -0.292498562
   19.140000000    0.029692097    0.045789326   -0.282317799
   19.150000000    0.043423267    0.024994106   -0.259033653
   19.160000000    0.056886408   -0.003335083   -0.229407356
   19.170000000    0.068309837   -0.038535926   -0.197981281
   19.180000000    0.077160887   -0.077451517   -0.167522633
   19.190000000    0.085178210   -0.112166323   -0.138968068
   19.200000000    0.095653080   -0.133547535   -0.111438829
   19.210000000    0.111315849   -0.137275673   -0.083212439
   19.220000000    0.132908038   -0.124895910   -0.053141022
   19.230000000    0.159022086   -0.100850851   -0.021198944
   19.240000000    0.186651583   -0.069948934    0.011992212
   19.250000000    0.211923137   -0.036478822    0.045708680
   19.260000000    0.231100353   -0.004074853    0.079164004
   19.270000000    0.242289109    0.024568015    0.111275929
   19.280000000    0.247068782    0.048234461    0.140570099
   19.290000000    0.249611436    0.067263589    0.165350671
   19.300000000    0.252995230    0.082699151    0.184014773
   19.310000000    0.256591510    0.095057588    0.195408259
   19.320000000    0.257165615    0.103819464    0.199676123
   19.330000000    0.252258851    0.108588580    0.199613667
   19.340000000    0.242575127    0.110840729    0.200336929
   19.350000000    0.231093087    0.113830476    0.206242163
   19.360000000    0.220428742    0.120585662    0.218432388
   19.370000000    0.211943231    0.132457658    0.235034260
   19.380000000    0.206750088    0.149400298    0.253307055
   19.390000000    0.206310293    0.170869078    0.271660324
   19.400000000    0.211937103    0.196199032    0.290318174
   19.410000000    0.223428173    0.224101614    0.310024624
   19.420000000    0.237701156    0.251863954    0.329659871
   19.430000000    0.249277915    0.275318616    0.344972441
   19.440000000    0.253121748    0.290060771    0.349711591
   19.450000000    0.247725402    0.293530227    0.338971770
   19.460000000    0.235111174    0.286568425    0.313331452
   19.470000000    0.217374838    0.272548185    0.279717090
   19.480000000    0.194265350    0.254397629    0.246609594
   19.490000000    0.164994741    0.232955270    0.219267753
   19.500000000    0.131735763    0.208088146    0.199603551
   19.510000000    0.100147125    0.179804119    0.187166475
   19.520000000    0.075867284    0.147882825    0.179133382
   19.530000000    0.061237314    0.112425461    0.171194323
   19.540000000    0.055724595    0.075843892    0.158959201
   19.550000000    0.057537305    0.042104166    0.138002457
   19.560000000    0.064008528    0.013316944    0.104491121
   19.570000000    0.072513964   -0.010193424    0.059415353
   19.580000000    0.081992016   -0.026775515    0.012084482
   19.590000000    0.092380868   -0.033852435   -0.024708335
   19.600000000    0.102948737   -0.030947884   -0.043388290
   19.610000000    0.112794699   -0.019653368   -0.043398528
   19.620000000    0.122276529   -0.001482189   -0.027437101
   19.630000000    0.132112532    0.022475791    0.001006112
   19.640000000    0.141514967    0.050610383    0.038201555
   19.650000000    0.149193078    0.081037524    0.080610980
   19.660000000    0.156543391    0.112875851    0.125218372
   19.670000000    0.168097605    0.146494154    0.169396277
   19.680000000    0.187695247    0.182124861    0.210454908
   19.690000000    0.215220976    0.218585904    0.245239202
   19.700000000    0.247071857    0.253334481    0.270277568
   19.710000000    0.278232439    0.283307266    0.282995467
   19.720000000    0.303814413    0.305772844    0.283388976
   19.730000000    0.319851172    0.318651547    0.273613285
   19.740000000    0.323396876    0.319985203    0.254500320
   19.750000000    0.311909136    0.307033714    0.223109219
   19.760000000    0.283622046    0.276937688    0.175667533
   19.770000000    0.240852684    0.230768189    0.114492744
   19.780000000    0.192127885    0.177088888    0.051074842
   19.790000000    0.147193035    0.128020140   -0.000431983
   19.800000000    0.109712336    0.090700148   -0.032104447
   19.810000000    0.076899957    0.064450107   -0.044182563
   19.820000000    0.045481284    0.045331912   -0.041775492
   19.830000000    0.016384135    0.031075258   -0.031202170
   19.840000000   -0.007017071    0.021334701   -0.017833679
   19.850000000   -0.023341566    0.015841857   -0.005126210
   19.860000000   -0.033297559    0.014800671    0.006108775
   19.870000000   -0.036960380    0.019566621    0.017404634
   19.880000000   -0.033357078    0.030973708    0.030573929
   19.890000000   -0.022042418    0.047696696    0.045935026
   19.900000000   -0.004328252    0.066386735    0.062543517
   19.910000000    0.016715428    0.082710316    0.079510529
   19.920000000    0.037482694    0.092885072    0.096787234
   19.930000000    0.055370416    0.095544498    0.115034132
   19.940000000    0.069668725    0.093144179    0.135312181
   19.950000000    0.081166271    0.091291595    0.158560787
   19.960000000    0.090868458    0.095384170    0.184797961
   19.970000000    0.099597940    0.107631073    0.212956114
   19.980000000    0.108702876    0.127236105    0.241565121
   19.990000000    0.119807186    0.152120811    0.269580192
   20.000000000    0.133203370    0.179840057    0.296662113
   20.010000000    0.147148422    0.207750587    0.322664417
   20.020000000    0.159212723    0.233401634    0.347045794
   20.030000000    0.168115587    0.255092115    0.368883034
   20.040000000    0.173678207    0.271454180    0.386866351
   20.050000000    0.175107587    0.279999840    0.399088809
