# energy grid [eV]  eels components [arbitrary units]
#
    0.050000000    0.000035263    0.000035525    0.000035425
    0.060000000    0.000042323    0.000042638    0.000042516
    0.070000000    0.000049387    0.000049754    0.000049612
    0.080000000    0.000056455    0.000056875    0.000056711
    0.090000000    0.000063528    0.000064002    0.000063816
    0.100000000    0.000070607    0.000071134    0.000070926
    0.110000000    0.000077692    0.000078273    0.000078042
    0.120000000    0.000084785    0.000085420    0.000085165
    0.130000000    0.000091885    0.000092574    0.000092295
    0.140000000    0.000098993    0.000099737    0.000099433
    0.150000000    0.000106111    0.000106910    0.000106580
    0.160000000    0.000113238    0.000114093    0.000113736
    0.170000000    0.000120376    0.000121287    0.000120902
    0.180000000    0.000127525    0.000128492    0.000128079
    0.190000000    0.000134686    0.000135710    0.000135267
    0.200000000    0.000141859    0.000142941    0.000142467
    0.210000000    0.000149046    0.000150185    0.000149679
    0.220000000    0.000156246    0.000157444    0.000156905
    0.230000000    0.000163461    0.000164718    0.000164145
    0.240000000    0.000170692    0.000172008    0.000171399
    0.250000000    0.000177938    0.000179315    0.000178669
    0.260000000    0.000185202    0.000186640    0.000185954
    0.270000000    0.000192483    0.000193983    0.000193257
    0.280000000    0.000199782    0.000201345    0.000200576
    0.290000000    0.000207100    0.000208727    0.000207914
    0.300000000    0.000214438    0.000216129    0.000215271
    0.310000000    0.000221797    0.000223554    0.000222648
    0.320000000    0.000229178    0.000231001    0.000230045
    0.330000000    0.000236580    0.000238471    0.000237463
    0.340000000    0.000244006    0.000245965    0.000244904
    0.350000000    0.000251456    0.000253484    0.000252367
    0.360000000    0.000258931    0.000261030    0.000259854
    0.370000000    0.000266431    0.000268602    0.000267365
    0.380000000    0.000273958    0.000276202    0.000274902
    0.390000000    0.000281513    0.000283831    0.000282465
    0.400000000    0.000289096    0.000291489    0.000290055
    0.410000000    0.000296708    0.000299179    0.000297672
    0.420000000    0.000304351    0.000306900    0.000305319
    0.430000000    0.000312024    0.000314654    0.000312995
    0.440000000    0.000319731    0.000322441    0.000320703
    0.450000000    0.000327470    0.000330264    0.000328441
    0.460000000    0.000335244    0.000338123    0.000336213
    0.470000000    0.000343053    0.000346018    0.000344018
    0.480000000    0.000350899    0.000353952    0.000351857
    0.490000000    0.000358782    0.000361926    0.000359733
    0.500000000    0.000366703    0.000369940    0.000367645
    0.510000000    0.000374665    0.000377996    0.000375595
    0.520000000    0.000382668    0.000386095    0.000383584
    0.530000000    0.000390713    0.000394239    0.000391613
    0.540000000    0.000398801    0.000402428    0.000399684
    0.550000000    0.000406934    0.000410665    0.000407797
    0.560000000    0.000415113    0.000418950    0.000415953
    0.570000000    0.000423339    0.000427285    0.000424155
    0.580000000    0.000431614    0.000435671    0.000432403
    0.590000000    0.000439939    0.000444110    0.000440698
    0.600000000    0.000448316    0.000452604    0.000449043
    0.610000000    0.000456746    0.000461153    0.000457438
    0.620000000    0.000465230    0.000469761    0.000465884
    0.630000000    0.000473770    0.000478427    0.000474384
    0.640000000    0.000482368    0.000487155    0.000482939
    0.650000000    0.000491025    0.000495946    0.000491549
    0.660000000    0.000499743    0.000504801    0.000500218
    0.670000000    0.000508524    0.000513723    0.000508947
    0.680000000    0.000517369    0.000522713    0.000517736
    0.690000000    0.000526281    0.000531774    0.000526589
    0.700000000    0.000535260    0.000540907    0.000535506
    0.710000000    0.000544311    0.000550115    0.000544490
    0.720000000    0.000553433    0.000559401    0.000553542
    0.730000000    0.000562629    0.000568765    0.000562665
    0.740000000    0.000571902    0.000578211    0.000571860
    0.750000000    0.000581254    0.000587741    0.000581130
    0.760000000    0.000590686    0.000597357    0.000590477
    0.770000000    0.000600201    0.000607062    0.000599902
    0.780000000    0.000609803    0.000616859    0.000609409
    0.790000000    0.000619492    0.000626751    0.000619000
    0.800000000    0.000629272    0.000636740    0.000628677
    0.810000000    0.000639146    0.000646830    0.000638442
    0.820000000    0.000649116    0.000657023    0.000648298
    0.830000000    0.000659185    0.000667323    0.000658249
    0.840000000    0.000669356    0.000677733    0.000668296
    0.850000000    0.000679633    0.000688257    0.000678444
    0.860000000    0.000690017    0.000698898    0.000688694
    0.870000000    0.000700514    0.000709659    0.000699049
    0.880000000    0.000711125    0.000720546    0.000709514
    0.890000000    0.000721856    0.000731561    0.000720092
    0.900000000    0.000732709    0.000742709    0.000730786
    0.910000000    0.000743688    0.000753995    0.000741599
    0.920000000    0.000754797    0.000765422    0.000752536
    0.930000000    0.000766041    0.000776996    0.000763600
    0.940000000    0.000777424    0.000788722    0.000774796
    0.950000000    0.000788950    0.000800605    0.000786128
    0.960000000    0.000800624    0.000812649    0.000797600
    0.970000000    0.000812451    0.000824862    0.000809217
    0.980000000    0.000824436    0.000837248    0.000820983
    0.990000000    0.000836584    0.000849814    0.000832905
    1.000000000    0.000848902    0.000862566    0.000844986
    1.010000000    0.000861393    0.000875511    0.000857233
    1.020000000    0.000874066    0.000888657    0.000869651
    1.030000000    0.000886926    0.000902009    0.000882247
    1.040000000    0.000899979    0.000915577    0.000895026
    1.050000000    0.000913233    0.000929368    0.000907995
    1.060000000    0.000926695    0.000943391    0.000921161
    1.070000000    0.000940372    0.000957655    0.000934531
    1.080000000    0.000954272    0.000972169    0.000948112
    1.090000000    0.000968404    0.000986943    0.000961914
    1.100000000    0.000982777    0.001001988    0.000975943
    1.110000000    0.000997399    0.001017314    0.000990209
    1.120000000    0.001012281    0.001032933    0.001004720
    1.130000000    0.001027432    0.001048858    0.001019487
    1.140000000    0.001042863    0.001065101    0.001034519
    1.150000000    0.001058585    0.001081676    0.001049828
    1.160000000    0.001074610    0.001098598    0.001065424
    1.170000000    0.001090952    0.001115881    0.001081319
    1.180000000    0.001107622    0.001133542    0.001097526
    1.190000000    0.001124635    0.001151599    0.001114059
    1.200000000    0.001142006    0.001170069    0.001130930
    1.210000000    0.001159750    0.001188972    0.001148155
    1.220000000    0.001177883    0.001208328    0.001165750
    1.230000000    0.001196424    0.001228159    0.001183731
    1.240000000    0.001215390    0.001248490    0.001202116
    1.250000000    0.001234802    0.001269344    0.001220924
    1.260000000    0.001254681    0.001290749    0.001240175
    1.270000000    0.001275048    0.001312732    0.001259889
    1.280000000    0.001295928    0.001335326    0.001280089
    1.290000000    0.001317345    0.001358561    0.001300800
    1.300000000    0.001339327    0.001382474    0.001322048
    1.310000000    0.001361903    0.001407102    0.001343858
    1.320000000    0.001385104    0.001432485    0.001366262
    1.330000000    0.001408962    0.001458668    0.001389291
    1.340000000    0.001433514    0.001485698    0.001412978
    1.350000000    0.001458797    0.001513626    0.001437359
    1.360000000    0.001484853    0.001542506    0.001462474
    1.370000000    0.001511725    0.001572398    0.001488365
    1.380000000    0.001539461    0.001603369    0.001515077
    1.390000000    0.001568114    0.001635487    0.001542658
    1.400000000    0.001597737    0.001668831    0.001571162
    1.410000000    0.001628393    0.001703483    0.001600646
    1.420000000    0.001660146    0.001739537    0.001631173
    1.430000000    0.001693068    0.001777091    0.001662808
    1.440000000    0.001727236    0.001816258    0.001695627
    1.450000000    0.001762735    0.001857157    0.001729710
    1.460000000    0.001799658    0.001899924    0.001765143
    1.470000000    0.001838107    0.001944705    0.001802023
    1.480000000    0.001878193    0.001991666    0.001840455
    1.490000000    0.001920040    0.002040988    0.001880555
    1.500000000    0.001963784    0.002092873    0.001922451
    1.510000000    0.002009574    0.002147549    0.001966283
    1.520000000    0.002057578    0.002205269    0.002012207
    1.530000000    0.002107981    0.002266317    0.002060396
    1.540000000    0.002160992    0.002331014    0.002111043
    1.550000000    0.002216842    0.002399724    0.002164363
    1.560000000    0.002275793    0.002472858    0.002220597
    1.570000000    0.002338139    0.002550884    0.002280014
    1.580000000    0.002404213    0.002634339    0.002342921
    1.590000000    0.002474394    0.002723837    0.002409660
    1.600000000    0.002549113    0.002820088    0.002480622
    1.610000000    0.002628866    0.002923911    0.002556251
    1.620000000    0.002714223    0.003036262    0.002637057
    1.630000000    0.002805843    0.003158259    0.002723622
    1.640000000    0.002904494    0.003291213    0.002816620
    1.650000000    0.003011072    0.003436676    0.002916829
    1.660000000    0.003126634    0.003596496    0.003025158
    1.670000000    0.003252429    0.003772880    0.003142668
    1.680000000    0.003389949    0.003968492    0.003270610
    1.690000000    0.003540983    0.004186561    0.003410465
    1.700000000    0.003707698    0.004431038    0.003563994
    1.710000000    0.003892736    0.004706790    0.003733314
    1.720000000    0.004099347    0.005019863    0.003920979
    1.730000000    0.004331566    0.005377838    0.004130097
    1.740000000    0.004594449    0.005790303    0.004364478
    1.750000000    0.004894391    0.006269494    0.004628837
    1.760000000    0.005239560    0.006831177    0.004929054
    1.770000000    0.005640483    0.007495847    0.005272531
    1.780000000    0.006110835    0.008290356    0.005668672
    1.790000000    0.006668485    0.009250104    0.006129541
    1.800000000    0.007336799    0.010421876    0.006670755
    1.810000000    0.008146107    0.011867226    0.007312701
    1.820000000    0.009134820    0.013665744    0.008082181
    1.830000000    0.010348822    0.015915956    0.009014561
    1.840000000    0.011835774    0.018727919    0.010156399
    1.850000000    0.013628004    0.022194120    0.011568178
    1.860000000    0.015706837    0.026315069    0.013325734
    1.870000000    0.017954932    0.030859071    0.015516482
    1.880000000    0.020143970    0.035203573    0.018221254
    1.890000000    0.022020466    0.038372052    0.021463857
    1.900000000    0.023422664    0.039499189    0.025106515
    1.910000000    0.024249656    0.038417386    0.028705106
    1.920000000    0.024367915    0.035678522    0.031467780
    1.930000000    0.023727767    0.032100423    0.032577316
    1.940000000    0.022555530    0.028418769    0.031807281
    1.950000000    0.021276549    0.025141407    0.029745011
    1.960000000    0.020271713    0.022518882    0.027312464
    1.970000000    0.019761211    0.020610137    0.025220185
    1.980000000    0.019837170    0.019378376    0.023823364
    1.990000000    0.020527751    0.018757653    0.023228074
    2.000000000    0.021827760    0.018678228    0.023403147
    2.010000000    0.023685879    0.019061456    0.024211377
    2.020000000    0.025967520    0.019803921    0.025379321
    2.030000000    0.028455123    0.020786941    0.026499854
    2.040000000    0.030965982    0.021940521    0.027198878
    2.050000000    0.033519881    0.023306803    0.027417265
    2.060000000    0.036302960    0.024998654    0.027486624
    2.070000000    0.039378055    0.027083100    0.027893816
    2.080000000    0.042449265    0.029535822    0.029036898
    2.090000000    0.044992689    0.032328145    0.031152274
    2.100000000    0.046728746    0.035511688    0.034311465
    2.110000000    0.047902928    0.039092979    0.038358416
    2.120000000    0.048977682    0.042745316    0.042770991
    2.130000000    0.050171036    0.045686041    0.046599234
    2.140000000    0.051302467    0.046987006    0.048734434
    2.150000000    0.051808557    0.046127834    0.048456185
    2.160000000    0.050908119    0.043264794    0.045782342
    2.170000000    0.048159186    0.039095799    0.041406836
    2.180000000    0.043957845    0.034520003    0.036345250
    2.190000000    0.039266879    0.030263594    0.031472415
    2.200000000    0.034953382    0.026706133    0.027271015
    2.210000000    0.031480710    0.023945281    0.023879853
    2.220000000    0.028987328    0.021935714    0.021252178
    2.230000000    0.027457919    0.020589809    0.019277735
    2.240000000    0.026838414    0.019825755    0.017844253
    2.250000000    0.027082857    0.019581243    0.016860316
    2.260000000    0.028148927    0.019806452    0.016260562
    2.270000000    0.029945822    0.020440898    0.016004574
    2.280000000    0.032233330    0.021380526    0.016074130
    2.290000000    0.034520429    0.022465575    0.016469802
    2.300000000    0.036129953    0.023543172    0.017205250
    2.310000000    0.036576197    0.024588752    0.018294568
    2.320000000    0.035965339    0.025736279    0.019724763
    2.330000000    0.034888134    0.027145043    0.021408101
    2.340000000    0.033943565    0.028854371    0.023136144
    2.350000000    0.033473877    0.030787066    0.024614815
    2.360000000    0.033638349    0.032904398    0.025647679
    2.370000000    0.034545930    0.035328193    0.026324864
    2.380000000    0.036233717    0.038230812    0.026971105
    2.390000000    0.038524500    0.041569404    0.027931716
    2.400000000    0.040897984    0.044890490    0.029465935
    2.410000000    0.042537333    0.047363991    0.031778086
    2.420000000    0.042725442    0.048186774    0.035042958
    2.430000000    0.041396949    0.047215287    0.039345385
    2.440000000    0.039195411    0.045143826    0.044531735
    2.450000000    0.036952731    0.042973763    0.050004283
    2.460000000    0.035259884    0.041467442    0.054643690
    2.470000000    0.034418649    0.041025983    0.057235951
    2.480000000    0.034538562    0.041771499    0.057363919
    2.490000000    0.035595458    0.043598077    0.055778450
    2.500000000    0.037451158    0.046191971    0.053674615
    2.510000000    0.039871967    0.049127693    0.051777231
    2.520000000    0.042530482    0.052035536    0.050119999
    2.530000000    0.044985257    0.054630027    0.048461650
    2.540000000    0.046796090    0.056605664    0.046808866
    2.550000000    0.047853250    0.057773740    0.045532928
    2.560000000    0.048531909    0.058365436    0.045077395
    2.570000000    0.049335863    0.058886988    0.045641219
    2.580000000    0.050387015    0.059527137    0.047029001
    2.590000000    0.051301631    0.059833217    0.048669305
    2.600000000    0.051605930    0.059108620    0.049896547
    2.610000000    0.051309066    0.057195553    0.050467776
    2.620000000    0.050944704    0.054714826    0.050805749
    2.630000000    0.051027445    0.052496863    0.051617765
    2.640000000    0.051558272    0.050983059    0.053310851
    2.650000000    0.051975871    0.050137229    0.055646888
    2.660000000    0.051567991    0.049747840    0.057713739
    2.670000000    0.050067731    0.049774136    0.058347556
    2.680000000    0.047856684    0.050400453    0.056963575
    2.690000000    0.045543604    0.051732719    0.053990099
    2.700000000    0.043446167    0.053421421    0.050344539
    2.710000000    0.041514937    0.054571401    0.046724370
    2.720000000    0.039657980    0.054196596    0.043491794
    2.730000000    0.038026499    0.052015129    0.040902680
    2.740000000    0.036959406    0.048716918    0.039199195
    2.750000000    0.036766503    0.045371924    0.038552194
    2.760000000    0.037608961    0.042761192    0.039019540
    2.770000000    0.039460854    0.041166849    0.040534710
    2.780000000    0.042036720    0.040432972    0.042886628
    2.790000000    0.044686037    0.040075177    0.045738706
    2.800000000    0.046455045    0.039487920    0.048786414
    2.810000000    0.046556975    0.038306127    0.051989144
    2.820000000    0.044980432    0.036652967    0.055580175
    2.830000000    0.042495237    0.034984313    0.059692243
    2.840000000    0.040045453    0.033747562    0.063833467
    2.850000000    0.038279237    0.033218327    0.066690908
    2.860000000    0.037498623    0.033525840    0.066738442
    2.870000000    0.037774671    0.034700880    0.063451109
    2.880000000    0.039019562    0.036666857    0.057807209
    2.890000000    0.041001969    0.039201278    0.051439879
    2.900000000    0.043406623    0.041965732    0.045606402
    2.910000000    0.046023936    0.044687645    0.040901983
    2.920000000    0.048918029    0.047334837    0.037468047
    2.930000000    0.052293912    0.049987639    0.035247274
    2.940000000    0.056158332    0.052545528    0.034134713
    2.950000000    0.060154883    0.054718875    0.034041936
    2.960000000    0.063717184    0.056339624    0.034913840
    2.970000000    0.066343281    0.057549340    0.036718227
    2.980000000    0.067758024    0.058618987    0.039408550
    2.990000000    0.067909762    0.059622950    0.042855737
    3.000000000    0.066832201    0.060231153    0.046771726
    3.010000000    0.064593919    0.059811592    0.050651013
    3.020000000    0.061495093    0.057914216    0.053713040
    3.030000000    0.058143883    0.054712877    0.054989882
    3.040000000    0.055151223    0.050900274    0.053866546
    3.050000000    0.052750814    0.047197477    0.050694478
    3.060000000    0.050702987    0.044011565    0.046599394
    3.070000000    0.048598206    0.041481466    0.042706738
    3.080000000    0.046325737    0.039698667    0.039687771
    3.090000000    0.044202433    0.038797168    0.037789254
    3.100000000    0.042661744    0.038888825    0.037007924
    3.110000000    0.041928373    0.039980684    0.037204072
    3.120000000    0.041921932    0.041913151    0.038154963
    3.130000000    0.042329488    0.044305094    0.039631963
    3.140000000    0.042770995    0.046555274    0.041515589
    3.150000000    0.043001655    0.048005308    0.043793123
    3.160000000    0.043074214    0.048307300    0.046328982
    3.170000000    0.043341216    0.047731276    0.048612316
    3.180000000    0.044248025    0.046989224    0.049860701
    3.190000000    0.046079775    0.046715778    0.049600046
    3.200000000    0.048794617    0.047111896    0.048158437
    3.210000000    0.051937722    0.047916843    0.046433714
    3.220000000    0.054719460    0.048661757    0.045287394
    3.230000000    0.056422454    0.049101743    0.045232237
    3.240000000    0.056940075    0.049471988    0.046436694
    3.250000000    0.056836007    0.050281605    0.048771739
    3.260000000    0.056834414    0.051898126    0.051797722
    3.270000000    0.057311187    0.054279763    0.054827537
    3.280000000    0.058124811    0.056929194    0.057271937
    3.290000000    0.058815826    0.059114737    0.059096643
    3.300000000    0.059065922    0.060366900    0.060831428
    3.310000000    0.059003956    0.060866931    0.063065195
    3.320000000    0.058981738    0.061239983    0.065934018
    3.330000000    0.059100809    0.061980050    0.068911620
    3.340000000    0.059087191    0.063185610    0.070985396
    3.350000000    0.058654489    0.064786766    0.071255669
    3.360000000    0.057879753    0.066798078    0.069686833
    3.370000000    0.057095079    0.069157752    0.067266400
    3.380000000    0.056541454    0.071420306    0.065319960
    3.390000000    0.056265005    0.072859564    0.064763725
    3.400000000    0.056143346    0.072934348    0.065827780
    3.410000000    0.055804851    0.071488764    0.068071016
    3.420000000    0.054707106    0.068583903    0.070550740
    3.430000000    0.052603636    0.064551576    0.072244570
    3.440000000    0.049885369    0.060149182    0.072502961
    3.450000000    0.047303050    0.056281212    0.071069250
    3.460000000    0.045471372    0.053563771    0.067931269
    3.470000000    0.044654443    0.052170946    0.063454994
    3.480000000    0.044798272    0.051918740    0.058428151
    3.490000000    0.045643285    0.052442197    0.053746947
    3.500000000    0.046885190    0.053402414    0.050074585
    3.510000000    0.048352730    0.054583211    0.047729043
    3.520000000    0.050069682    0.055807219    0.046744306
    3.530000000    0.052162106    0.056907410    0.046952915
    3.540000000    0.054744031    0.057885824    0.048032872
    3.550000000    0.057834527    0.058938608    0.049570613
    3.560000000    0.061257728    0.060160409    0.051196548
    3.570000000    0.064525167    0.061229225    0.052718660
    3.580000000    0.066876341    0.061459855    0.054084204
    3.590000000    0.067721846    0.060341138    0.055214768
    3.600000000    0.067173887    0.058060591    0.055926558
    3.610000000    0.065946546    0.055349468    0.055959765
    3.620000000    0.064751012    0.052892994    0.055161113
    3.630000000    0.063874309    0.050987441    0.053787621
    3.640000000    0.063158124    0.049592684    0.052508756
    3.650000000    0.062297121    0.048593726    0.052027579
    3.660000000    0.061184003    0.048016387    0.052767604
    3.670000000    0.059972813    0.048017262    0.054816834
    3.680000000    0.058944270    0.048727004    0.057999336
    3.690000000    0.058334648    0.050088414    0.061931839
    3.700000000    0.058143283    0.051757623    0.065979928
    3.710000000    0.058107303    0.053192146    0.069225518
    3.720000000    0.057916885    0.053964918    0.070748475
    3.730000000    0.057342889    0.053981267    0.070162962
    3.740000000    0.056131633    0.053330633    0.067759792
    3.750000000    0.054075008    0.052136451    0.064130062
    3.760000000    0.051337493    0.050679853    0.059951048
    3.770000000    0.048483332    0.049420189    0.055982513
    3.780000000    0.046093430    0.048722753    0.052889961
    3.790000000    0.044472798    0.048634990    0.051045227
    3.800000000    0.043673047    0.048943593    0.050502565
    3.810000000    0.043650116    0.049408505    0.051027742
    3.820000000    0.044358431    0.049962118    0.052096206
    3.830000000    0.045723904    0.050709703    0.052994120
    3.840000000    0.047557194    0.051705325    0.053095783
    3.850000000    0.049540694    0.052733793    0.052100915
    3.860000000    0.051358466    0.053381421    0.050084630
    3.870000000    0.052847037    0.053353977    0.047452622
    3.880000000    0.053991583    0.052669288    0.044789686
    3.890000000    0.054819508    0.051537166    0.042612127
    3.900000000    0.055399964    0.050201468    0.041187466
    3.910000000    0.055897547    0.048913883    0.040511314
    3.920000000    0.056457303    0.047879752    0.040416335
    3.930000000    0.057051109    0.047189810    0.040755086
    3.940000000    0.057581393    0.046891354    0.041520853
    3.950000000    0.058134436    0.047109754    0.042780219
    3.960000000    0.058991720    0.048026020    0.044498469
    3.970000000    0.060319159    0.049721400    0.046452078
    3.980000000    0.061898864    0.052051505    0.048333959
    3.990000000    0.063163215    0.054617290    0.049954870
    4.000000000    0.063479293    0.056830131    0.051359240
    4.010000000    0.062556793    0.058121368    0.052827004
    4.020000000    0.060714134    0.058279160    0.054744931
    4.030000000    0.058700516    0.057660428    0.057368857
    4.040000000    0.057201195    0.056976279    0.060683719
    4.050000000    0.056456016    0.056801058    0.064423445
    4.060000000    0.056225729    0.057273365    0.068094587
    4.070000000    0.056048870    0.058124912    0.071026610
    4.080000000    0.055568432    0.058857664    0.072600459
    4.090000000    0.054727772    0.059009241    0.072585362
    4.100000000    0.053783596    0.058485597    0.071374106
    4.110000000    0.053092105    0.057604680    0.069796129
    4.120000000    0.052771619    0.056698238    0.068524840
    4.130000000    0.052562694    0.055775831    0.067701519
    4.140000000    0.052074155    0.054675082    0.067099159
    4.150000000    0.051214944    0.053467901    0.066429399
    4.160000000    0.050324125    0.052571108    0.065415061
    4.170000000    0.049862438    0.052461040    0.063885774
    4.180000000    0.050092238    0.053384147    0.062031570
    4.190000000    0.051036946    0.055286776    0.060368217
    4.200000000    0.052582656    0.057896192    0.059383249
    4.210000000    0.054529543    0.060859175    0.059319030
    4.220000000    0.056603050    0.063878871    0.060168543
    4.230000000    0.058515305    0.066783410    0.061680385
    4.240000000    0.060063530    0.069478838    0.063348418
    4.250000000    0.061201552    0.071877862    0.064537186
    4.260000000    0.062025235    0.073892232    0.064782254
    4.270000000    0.062633134    0.075355961    0.063992056
    4.280000000    0.062994144    0.075911858    0.062388637
    4.290000000    0.062962305    0.075155706    0.060391069
    4.300000000    0.062329155    0.072927071    0.058462957
    4.310000000    0.060841714    0.069376453    0.056866328
    4.320000000    0.058341185    0.064896226    0.055561379
    4.330000000    0.055037467    0.060109148    0.054395750
    4.340000000    0.051554177    0.055745761    0.053356075
    4.350000000    0.048593468    0.052370708    0.052601613
    4.360000000    0.046595766    0.050208773    0.052380277
    4.370000000    0.045654029    0.049173164    0.052992904
    4.380000000    0.045588017    0.048995352    0.054696294
    4.390000000    0.046057998    0.049329973    0.057511536
    4.400000000    0.046713346    0.049785044    0.061064170
    4.410000000    0.047349978    0.049970670    0.064571890
    4.420000000    0.047945107    0.049655202    0.067121872
    4.430000000    0.048532891    0.048898366    0.068196266
    4.440000000    0.049085606    0.047972797    0.067905026
    4.450000000    0.049537878    0.047172667    0.066613156
    4.460000000    0.049884037    0.046713956    0.064512689
    4.470000000    0.050247521    0.046759038    0.061660431
    4.480000000    0.050910524    0.047476801    0.058317499
    4.490000000    0.052230690    0.049008999    0.055036401
    4.500000000    0.054420232    0.051331437    0.052351286
    4.510000000    0.057354430    0.054136350    0.050510082
    4.520000000    0.060550823    0.056827241    0.049481877
    4.530000000    0.063349299    0.058689307    0.049085476
    4.540000000    0.065219613    0.059251788    0.049106636
    4.550000000    0.065935645    0.058557759    0.049393808
    4.560000000    0.065470800    0.057022172    0.049906395
    4.570000000    0.063927783    0.055125992    0.050689439
    4.580000000    0.061687537    0.053309304    0.051818664
    4.590000000    0.059391233    0.051935768    0.053327708
    4.600000000    0.057598954    0.051171644    0.055105971
    4.610000000    0.056515161    0.050914698    0.056861083
    4.620000000    0.056009847    0.050897055    0.058233077
    4.630000000    0.055826432    0.050893015    0.059018671
    4.640000000    0.055744480    0.050803049    0.059260337
    4.650000000    0.055573628    0.050547314    0.059071051
    4.660000000    0.055093076    0.049993653    0.058484250
    4.670000000    0.054048141    0.049010149    0.057472574
    4.680000000    0.052255709    0.047549583    0.055977770
    4.690000000    0.049792703    0.045725505    0.053958006
    4.700000000    0.047033466    0.043809652    0.051516693
    4.710000000    0.044421287    0.042099611    0.048956853
    4.720000000    0.042227879    0.040780054    0.046633391
    4.730000000    0.040536878    0.039912154    0.044742434
    4.740000000    0.039372895    0.039506776    0.043232471
    4.750000000    0.038777383    0.039548936    0.041922966
    4.760000000    0.038784836    0.039954649    0.040742665
    4.770000000    0.039387196    0.040577642    0.039819588
    4.780000000    0.040524075    0.041314861    0.039339312
    4.790000000    0.042069654    0.042184876    0.039413727
    4.800000000    0.043840284    0.043283558    0.040090888
    4.810000000    0.045671146    0.044693672    0.041372080
    4.820000000    0.047485730    0.046409490    0.043149021
    4.830000000    0.049271984    0.048301905    0.045174490
    4.840000000    0.051034034    0.050190495    0.047167587
    4.850000000    0.052768868    0.051943444    0.048927432
    4.860000000    0.054422971    0.053450558    0.050293063
    4.870000000    0.055875515    0.054574186    0.051100391
    4.880000000    0.057028823    0.055249793    0.051326342
    4.890000000    0.057903780    0.055600705    0.051257603
    4.900000000    0.058590413    0.055866225    0.051416060
    4.910000000    0.059138948    0.056247369    0.052287292
    4.920000000    0.059544464    0.056844855    0.054104061
    4.930000000    0.059783741    0.057657328    0.056741411
    4.940000000    0.059796581    0.058570157    0.059665670
    4.950000000    0.059440707    0.059342450    0.062024729
    4.960000000    0.058551675    0.059641002    0.063018030
    4.970000000    0.057101552    0.059176203    0.062383787
    4.980000000    0.055271637    0.057907347    0.060576574
    4.990000000    0.053364510    0.056149664    0.058469637
    5.000000000    0.051676215    0.054435158    0.056842267
    5.010000000    0.050392486    0.053216177    0.056046707
    5.020000000    0.049522971    0.052672631    0.056045934
    5.030000000    0.048953945    0.052749546    0.056677252
    5.040000000    0.048565754    0.053274076    0.057805349
    5.050000000    0.048273775    0.053977332    0.059212312
    5.060000000    0.048040748    0.054523150    0.060472039
    5.070000000    0.047907411    0.054681198    0.061078870
    5.080000000    0.047929391    0.054462099    0.060758403
    5.090000000    0.048057085    0.054026011    0.059622648
    5.100000000    0.048158059    0.053542370    0.058011569
    5.110000000    0.048183261    0.053173858    0.056262778
    5.120000000    0.048274497    0.053109340    0.054620708
    5.130000000    0.048705978    0.053569024    0.053262771
    5.140000000    0.049716188    0.054734326    0.052299849
    5.150000000    0.051365629    0.056634226    0.051688466
    5.160000000    0.053512600    0.059102107    0.051200172
    5.170000000    0.055885331    0.061808423    0.050543391
    5.180000000    0.058218286    0.064352888    0.049562714
    5.190000000    0.060379870    0.066433952    0.048339787
    5.200000000    0.062357365    0.067963907    0.047084222
    5.210000000    0.064120665    0.068982786    0.045974386
    5.220000000    0.065531729    0.069492649    0.045121900
    5.230000000    0.066372621    0.069426793    0.044580921
    5.240000000    0.066468358    0.068744003    0.044334981
    5.250000000    0.065833155    0.067496727    0.044317875
    5.260000000    0.064673277    0.065806491    0.044445344
    5.270000000    0.063213707    0.063797526    0.044601583
    5.280000000    0.061578277    0.061572583    0.044656495
    5.290000000    0.059899889    0.059289241    0.044590269
    5.300000000    0.058454376    0.057220761    0.044570022
    5.310000000    0.057558700    0.055644442    0.044821926
    5.320000000    0.057393312    0.054694039    0.045432585
    5.330000000    0.057958965    0.054336569    0.046262957
    5.340000000    0.059098269    0.054400305    0.047012150
    5.350000000    0.060497445    0.054591595    0.047385644
    5.360000000    0.061723651    0.054565935    0.047255717
    5.370000000    0.062375178    0.054097910    0.046689548
    5.380000000    0.062295707    0.053247151    0.045862240
    5.390000000    0.061654419    0.052334142    0.044979337
    5.400000000    0.060788929    0.051717005    0.044213329
    5.410000000    0.059981825    0.051585416    0.043621284
    5.420000000    0.059359652    0.051925610    0.043131520
    5.430000000    0.058941692    0.052614452    0.042635159
    5.440000000    0.058752427    0.053524338    0.042101257
    5.450000000    0.058882779    0.054590389    0.041616560
    5.460000000    0.059453357    0.055839799    0.041326433
    5.470000000    0.060541366    0.057371751    0.041359229
    5.480000000    0.062161525    0.059311378    0.041778229
    5.490000000    0.064275728    0.061741143    0.042549695
    5.500000000    0.066767362    0.064602406    0.043547456
    5.510000000    0.069410901    0.067633478    0.044587466
    5.520000000    0.071899315    0.070429287    0.045474049
    5.530000000    0.073961339    0.072645425    0.046083839
    5.540000000    0.075490089    0.074189163    0.046409818
    5.550000000    0.076538990    0.075191185    0.046485256
    5.560000000    0.077240667    0.075859321    0.046331120
    5.570000000    0.077775559    0.076403116    0.046007533
    5.580000000    0.078333534    0.076996514    0.045653135
    5.590000000    0.079025992    0.077727521    0.045458010
    5.600000000    0.079821298    0.078569770    0.045587053
    5.610000000    0.080546258    0.079373167    0.046088750
    5.620000000    0.080976760    0.079888046    0.046878553
    5.630000000    0.081026628    0.079925064    0.047818573
    5.640000000    0.080889129    0.079584498    0.048804157
    5.650000000    0.080977249    0.079291884    0.049813896
    5.660000000    0.081681204    0.079531949    0.050918021
    5.670000000    0.083094685    0.080506320    0.052205116
    5.680000000    0.084937727    0.082037011    0.053689149
    5.690000000    0.086725801    0.083729700    0.055316574
    5.700000000    0.088004873    0.085155590    0.057041230
    5.710000000    0.088532667    0.085976324    0.058850092
    5.720000000    0.088394080    0.086102448    0.060724364
    5.730000000    0.087953618    0.085755071    0.062606817
    5.740000000    0.087616968    0.085302224    0.064424310
    5.750000000    0.087600200    0.085065626    0.066128661
    5.760000000    0.087886034    0.085267270    0.067686721
    5.770000000    0.088347312    0.086057021    0.069077970
    5.780000000    0.088861177    0.087492706    0.070352675
    5.790000000    0.089295612    0.089441300    0.071631790
    5.800000000    0.089502461    0.091544669    0.072997954
    5.810000000    0.089437628    0.093379653    0.074417662
    5.820000000    0.089245106    0.094683729    0.075803559
    5.830000000    0.089169183    0.095434636    0.077165975
    5.840000000    0.089404397    0.095773895    0.078670835
    5.850000000    0.090015743    0.095883207    0.080484615
    5.860000000    0.090927903    0.095886162    0.082577486
    5.870000000    0.091915435    0.095798195    0.084699380
    5.880000000    0.092647069    0.095564204    0.086571456
    5.890000000    0.092886630    0.095185515    0.088122957
    5.900000000    0.092673594    0.094790909    0.089448989
    5.910000000    0.092242501    0.094568907    0.090532665
    5.920000000    0.091822423    0.094666650    0.091158893
    5.930000000    0.091560911    0.095140074    0.091152010
    5.940000000    0.091545580    0.095954941    0.090609400
    5.950000000    0.091819522    0.097032075    0.089841851
    5.960000000    0.092366061    0.098276251    0.089137970
    5.970000000    0.093116103    0.099561542    0.088584563
    5.980000000    0.094042378    0.100777210    0.088062453
    5.990000000    0.095239372    0.101945099    0.087445471
    6.000000000    0.096808408    0.103206317    0.086808147
    6.010000000    0.098629358    0.104617049    0.086363098
    6.020000000    0.100341066    0.106038529    0.086250302
    6.030000000    0.101553912    0.107235999    0.086483889
    6.040000000    0.101966385    0.107928846    0.087024178
    6.050000000    0.101354030    0.107766322    0.087809609
    6.060000000    0.099660893    0.106456471    0.088749627
    6.070000000    0.097114704    0.103969393    0.089739856
    6.080000000    0.094165951    0.100589546    0.090686142
    6.090000000    0.091289614    0.096788870    0.091484341
    6.100000000    0.088830525    0.093065439    0.091984841
    6.110000000    0.086994416    0.089868239    0.092065055
    6.120000000    0.085886145    0.087540245    0.091770015
    6.130000000    0.085514157    0.086240172    0.091355047
    6.140000000    0.085784820    0.085905820    0.091151729
    6.150000000    0.086488384    0.086276078    0.091293365
    6.160000000    0.087324547    0.086976531    0.091549990
    6.170000000    0.088003304    0.087642524    0.091517134
    6.180000000    0.088343214    0.088018520    0.091006106
    6.190000000    0.088303810    0.088006266    0.090163724
    6.200000000    0.087964469    0.087652684    0.089220586
    6.210000000    0.087469119    0.087086652    0.088279510
    6.220000000    0.086948527    0.086443019    0.087355054
    6.230000000    0.086453455    0.085811804    0.086493591
    6.240000000    0.085961241    0.085237986    0.085812501
    6.250000000    0.085463718    0.084773728    0.085451588
    6.260000000    0.085038266    0.084527260    0.085498709
    6.270000000    0.084804849    0.084616769    0.085952876
    6.280000000    0.084805429    0.085048655    0.086750522
    6.290000000    0.084948964    0.085665752    0.087824840
    6.300000000    0.085098786    0.086251348    0.089148467
    6.310000000    0.085197032    0.086674925    0.090763785
    6.320000000    0.085286533    0.086929043    0.092767784
    6.330000000    0.085460792    0.087087990    0.095180467
    6.340000000    0.085831408    0.087273678    0.097771722
    6.350000000    0.086506153    0.087617377    0.100039557
    6.360000000    0.087551319    0.088195052    0.101478049
    6.370000000    0.088962981    0.088984251    0.101978112
    6.380000000    0.090669307    0.089897370    0.101925483
    6.390000000    0.092546980    0.090853887    0.101868902
    6.400000000    0.094439847    0.091807616    0.102138735
    6.410000000    0.096206732    0.092751447    0.102737264
    6.420000000    0.097802672    0.093742594    0.103518970
    6.430000000    0.099333445    0.094906774    0.104423842
    6.440000000    0.101007097    0.096389518    0.105523819
    6.450000000    0.102981055    0.098256213    0.106925994
    6.460000000    0.105222886    0.100411162    0.108648102
    6.470000000    0.107508391    0.102640860    0.110493251
    6.480000000    0.109555073    0.104735246    0.111987727
    6.490000000    0.111196134    0.106571549    0.112549862
    6.500000000    0.112436155    0.108111484    0.111910705
    6.510000000    0.113335320    0.109339253    0.110384585
    6.520000000    0.113930386    0.110261243    0.108626306
    6.530000000    0.114293853    0.110974186    0.107133204
    6.540000000    0.114561007    0.111629110    0.105991874
    6.550000000    0.114879222    0.112296949    0.105054920
    6.560000000    0.115378961    0.112943092    0.104316943
    6.570000000    0.116136636    0.113510620    0.104043012
    6.580000000    0.117063249    0.113890379    0.104521910
    6.590000000    0.117857483    0.113840597    0.105789739
    6.600000000    0.118195592    0.113142608    0.107581584
    6.610000000    0.118032546    0.111881777    0.109490928
    6.620000000    0.117660390    0.110445370    0.111239843
    6.630000000    0.117453840    0.109243151    0.112855794
    6.640000000    0.117661039    0.108544765    0.114582384
    6.650000000    0.118380341    0.108502427    0.116590391
    6.660000000    0.119546787    0.109148759    0.118647277
    6.670000000    0.120957146    0.110390024    0.120059029
    6.680000000    0.122427890    0.112093553    0.120181511
    6.690000000    0.123895593    0.114153579    0.119053989
    6.700000000    0.125336835    0.116447636    0.117367499
    6.710000000    0.126710103    0.118807182    0.115920730
    6.720000000    0.128005905    0.121065536    0.115236769
    6.730000000    0.129277482    0.123132174    0.115457552
    6.740000000    0.130610813    0.125053147    0.116341594
    6.750000000    0.132028200    0.126955936    0.117358726
    6.760000000    0.133376096    0.128860991    0.117893234
    6.770000000    0.134379393    0.130605724    0.117504224
    6.780000000    0.134867340    0.132015289    0.116137547
    6.790000000    0.134940186    0.133084817    0.114122918
    6.800000000    0.134939532    0.133995047    0.112005166
    6.810000000    0.135249342    0.135020592    0.110351840
    6.820000000    0.136054174    0.136369208    0.109514240
    6.830000000    0.137218399    0.138026851    0.109465006
    6.840000000    0.138308194    0.139743608    0.109952155
    6.850000000    0.138716046    0.141157087    0.110857473
    6.860000000    0.137924373    0.141922844    0.112306336
    6.870000000    0.135857839    0.141840185    0.114386789
    6.880000000    0.133039515    0.141032070    0.116878343
    6.890000000    0.130312899    0.139977206    0.119311840
    6.900000000    0.128357255    0.139210686    0.121237969
    6.910000000    0.127484813    0.139011433    0.122445913
    6.920000000    0.127764261    0.139433125    0.123026403
    6.930000000    0.129114607    0.140481782    0.123269691
    6.940000000    0.131251362    0.142092338    0.123447051
    6.950000000    0.133640255    0.143941723    0.123567921
    6.960000000    0.135622917    0.145439136    0.123327513
    6.970000000    0.136769230    0.146098116    0.122397844
    6.980000000    0.137133045    0.145906212    0.120751438
    6.990000000    0.137085095    0.145219598    0.118724565
    7.000000000    0.136944499    0.144359886    0.116880650
    7.010000000    0.136766082    0.143358259    0.115695132
    7.020000000    0.136428028    0.142086551    0.115219109
    7.030000000    0.135912431    0.140617690    0.115087281
    7.040000000    0.135451068    0.139336817    0.114902464
    7.050000000    0.135372719    0.138667223    0.114587578
    7.060000000    0.135868811    0.138776089    0.114403532
    7.070000000    0.136903998    0.139504848    0.114739513
    7.080000000    0.138241912    0.140465562    0.115897427
    7.090000000    0.139489614    0.141195863    0.117981273
    7.100000000    0.140185973    0.141299894    0.120859068
    7.110000000    0.140008086    0.140562060    0.124153798
    7.120000000    0.138971358    0.139041230    0.127363102
    7.130000000    0.137348727    0.136988778    0.130117360
    7.140000000    0.135360131    0.134569427    0.132335289
    7.150000000    0.133039617    0.131761195    0.134135435
    7.160000000    0.130424935    0.128593305    0.135640620
    7.170000000    0.127767993    0.125377782    0.136829264
    7.180000000    0.125502938    0.122617187    0.137581176
    7.190000000    0.124018716    0.120696920    0.137921170
    7.200000000    0.123461584    0.119691306    0.138116271
    7.210000000    0.123673690    0.119384288    0.138468400
    7.220000000    0.124222843    0.119390215    0.139121403
    7.230000000    0.124583340    0.119336762    0.140055714
    7.240000000    0.124483563    0.119104989    0.141121672
    7.250000000    0.124086941    0.118937356    0.142081020
    7.260000000    0.123765811    0.119246379    0.142752774
    7.270000000    0.123779372    0.120314697    0.143130407
    7.280000000    0.124204512    0.122176087    0.143294863
    7.290000000    0.125025899    0.124678333    0.143299311
    7.300000000    0.126172398    0.127535163    0.143158712
    7.310000000    0.127541481    0.130356967    0.142828055
    7.320000000    0.129079512    0.132785396    0.142216595
    7.330000000    0.130828992    0.134667316    0.141275260
    7.340000000    0.132830445    0.136051085    0.140006096
    7.350000000    0.134924838    0.136996918    0.138397072
    7.360000000    0.136734739    0.137494738    0.136417646
    7.370000000    0.137915760    0.137569401    0.134124155
    7.380000000    0.138363796    0.137297598    0.131735629
    7.390000000    0.138191418    0.136683275    0.129574857
    7.400000000    0.137605695    0.135647298    0.127938710
    7.410000000    0.136802545    0.134202360    0.126953684
    7.420000000    0.135909646    0.132589157    0.126487378
    7.430000000    0.135043153    0.131233808    0.126243014
    7.440000000    0.134406152    0.130589063    0.126032927
    7.450000000    0.134214812    0.130918260    0.125938447
    7.460000000    0.134524629    0.132120594    0.126124474
    7.470000000    0.135243700    0.133774984    0.126568988
    7.480000000    0.136262436    0.135408158    0.127087948
    7.490000000    0.137365973    0.136664051    0.127592515
    7.500000000    0.138101492    0.137255644    0.128213986
    7.510000000    0.138003477    0.136982791    0.129183915
    7.520000000    0.136879223    0.135783649    0.130655197
    7.530000000    0.134676378    0.133605355    0.132571328
    7.540000000    0.131306584    0.130387802    0.134602821
    7.550000000    0.126868542    0.126336977    0.136254509
    7.560000000    0.121854987    0.122015126    0.137149459
    7.570000000    0.116970233    0.118067664    0.137266564
    7.580000000    0.112782392    0.114933328    0.136927170
    7.590000000    0.109526353    0.112765997    0.136500675
    7.600000000    0.107151119    0.111532034    0.136093779
    7.610000000    0.105479171    0.111105068    0.135613460
    7.620000000    0.104346314    0.111282529    0.135156278
    7.630000000    0.103701925    0.111833618    0.135199653
    7.640000000    0.103595644    0.112595496    0.136282524
    7.650000000    0.103996225    0.113468446    0.138528357
    7.660000000    0.104637250    0.114318537    0.141493092
    7.670000000    0.105136947    0.114978598    0.144414912
    7.680000000    0.105315362    0.115369546    0.146656112
    7.690000000    0.105318566    0.115553107    0.148008501
    7.700000000    0.105382893    0.115623497    0.148568166
    7.710000000    0.105587522    0.115600150    0.148347810
    7.720000000    0.105923063    0.115494103    0.147199568
    7.730000000    0.106487288    0.115422893    0.145094089
    7.740000000    0.107445869    0.115548600    0.142231321
    7.750000000    0.108807060    0.115887383    0.138910039
    7.760000000    0.110318332    0.116211300    0.135454896
    7.770000000    0.111588742    0.116165139    0.132202343
    7.780000000    0.112311639    0.115538030    0.129438488
    7.790000000    0.112410143    0.114458317    0.127328069
    7.800000000    0.112028464    0.113317420    0.125897105
    7.810000000    0.111430466    0.112504005    0.125048134
    7.820000000    0.110869477    0.112175868    0.124539080
    7.830000000    0.110484947    0.112214358    0.123963413
    7.840000000    0.110299863    0.112346572    0.122896798
    7.850000000    0.110306321    0.112341925    0.121199678
    7.860000000    0.110535143    0.112163670    0.119114509
    7.870000000    0.110988375    0.111922520    0.117022436
    7.880000000    0.111504422    0.111687268    0.115218839
    7.890000000    0.111762842    0.111368859    0.113894283
    7.900000000    0.111477937    0.110776252    0.113169198
    7.910000000    0.110635707    0.109805189    0.113077670
    7.920000000    0.109534209    0.108555971    0.113532258
    7.930000000    0.108574002    0.107242883    0.114334849
    7.940000000    0.108002690    0.106042165    0.115245478
    7.950000000    0.107847659    0.105089109    0.116078907
    7.960000000    0.108096209    0.104610824    0.116786355
    7.970000000    0.108847415    0.104940061    0.117465087
    7.980000000    0.110209763    0.106334402    0.118291372
    7.990000000    0.112197772    0.108856594    0.119465612
    8.000000000    0.114845612    0.112450653    0.121195257
    8.010000000    0.118291280    0.117009070    0.123612159
    8.020000000    0.122621811    0.122260710    0.126651305
    8.030000000    0.127683254    0.127665596    0.130065403
    8.040000000    0.133100269    0.132590595    0.133572564
    8.050000000    0.138451444    0.136674100    0.136983639
    8.060000000    0.143417148    0.140005967    0.140243723
    8.070000000    0.147825710    0.142927052    0.143390042
    8.080000000    0.151598829    0.145637197    0.146457248
    8.090000000    0.154702296    0.147999456    0.149418013
    8.100000000    0.157194570    0.149683778    0.152185087
    8.110000000    0.159238490    0.150455953    0.154620552
    8.120000000    0.161004170    0.150392303    0.156532557
    8.130000000    0.162619171    0.149912400    0.157751366
    8.140000000    0.164211056    0.149557669    0.158320603
    8.150000000    0.165913683    0.149618605    0.158556863
    8.160000000    0.167824110    0.149955725    0.158794636
    8.170000000    0.169978073    0.150206968    0.159072661
    8.180000000    0.172305680    0.150094525    0.159140800
    8.190000000    0.174575716    0.149495746    0.158762135
    8.200000000    0.176509900    0.148458454    0.157977378
    8.210000000    0.178096784    0.147365087    0.157126106
    8.220000000    0.179687971    0.146898948    0.156683385
    8.230000000    0.181631439    0.147672572    0.157075410
    8.240000000    0.183868586    0.149900689    0.158520146
    8.250000000    0.185908567    0.153289388    0.160860096
    8.260000000    0.187144076    0.157082638    0.163518028
    8.270000000    0.187335934    0.160414603    0.165789410
    8.280000000    0.186881233    0.162911101    0.167345152
    8.290000000    0.186484416    0.164881938    0.168458070
    8.300000000    0.186596315    0.166847489    0.169711025
    8.310000000    0.187208468    0.169037602    0.171500462
    8.320000000    0.188036398    0.171339596    0.173822969
    8.330000000    0.188823933    0.173548337    0.176433885
    8.340000000    0.189480629    0.175568758    0.179019646
    8.350000000    0.189950036    0.177393811    0.181219476
    8.360000000    0.190087373    0.179005914    0.182690884
    8.370000000    0.189760012    0.180388068    0.183268149
    8.380000000    0.188998687    0.181629165    0.183060420
    8.390000000    0.188029352    0.183008865    0.182399840
    8.400000000    0.187229107    0.184968435    0.181731926
    8.410000000    0.187011701    0.187972443    0.181528135
    8.420000000    0.187577549    0.192280618    0.182144885
    8.430000000    0.188675926    0.197673050    0.183577758
    8.440000000    0.189648535    0.203351064    0.185326536
    8.450000000    0.189731761    0.208194628    0.186682261
    8.460000000    0.188428506    0.211265163    0.187257194
    8.470000000    0.185764963    0.212236394    0.187188035
    8.480000000    0.182179722    0.211390841    0.186928370
    8.490000000    0.178110583    0.209165167    0.186998981
    8.500000000    0.173821483    0.205852455    0.187930313
    8.510000000    0.169596028    0.201789340    0.190332665
    8.520000000    0.165759968    0.197454490    0.194749108
    8.530000000    0.162458649    0.193246050    0.201195972
    8.540000000    0.159644800    0.189409987    0.208822380
    8.550000000    0.157290182    0.186160645    0.216135508
    8.560000000    0.155449806    0.183637221    0.221715721
    8.570000000    0.154120305    0.181748119    0.224829202
    8.580000000    0.153123839    0.180163609    0.225479425
    8.590000000    0.152154021    0.178478685    0.224139643
    8.600000000    0.150934841    0.176405547    0.221577786
    8.610000000    0.149347605    0.173879204    0.218641608
    8.620000000    0.147439036    0.171034783    0.215984584
    8.630000000    0.145346920    0.168093843    0.213994992
    8.640000000    0.143229554    0.165278608    0.212915303
    8.650000000    0.141246557    0.162792150    0.212946955
    8.660000000    0.139547936    0.160785153    0.214234532
    8.670000000    0.138241551    0.159308680    0.216784219
    8.680000000    0.137370912    0.158294182    0.220408995
    8.690000000    0.136939299    0.157582336    0.224806373
    8.700000000    0.136947186    0.157000523    0.229694540
    8.710000000    0.137416285    0.156460847    0.234891665
    8.720000000    0.138382098    0.155974465    0.240376061
    8.730000000    0.139811047    0.155538062    0.246188877
    8.740000000    0.141534627    0.155086032    0.252088310
    8.750000000    0.143322390    0.154571911    0.257398705
    8.760000000    0.144968510    0.153948188    0.261305784
    8.770000000    0.146259478    0.153068849    0.263226833
    8.780000000    0.146985302    0.151783420    0.263080158
    8.790000000    0.147069681    0.150116917    0.261371260
    8.800000000    0.146620763    0.148262462    0.258951301
    8.810000000    0.145830141    0.146441966    0.256604551
    8.820000000    0.144857075    0.144810133    0.254647626
    8.830000000    0.143822445    0.143450749    0.252863260
    8.840000000    0.142885931    0.142438063    0.250917552
    8.850000000    0.142293557    0.141885852    0.248818582
    8.860000000    0.142336546    0.141891129    0.247051221
    8.870000000    0.143202166    0.142377859    0.246314525
    8.880000000    0.144787303    0.143008696    0.246975498
    8.890000000    0.146688538    0.143350274    0.248585348
    8.900000000    0.148437182    0.143175892    0.249786675
    8.910000000    0.149704211    0.142545081    0.248847703
    8.920000000    0.150290342    0.141621195    0.244688221
    8.930000000    0.150094251    0.140535774    0.237541329
    8.940000000    0.149165883    0.139396503    0.228667206
    8.950000000    0.147704712    0.138305867    0.219615622
    8.960000000    0.146000319    0.137387985    0.211641894
    8.970000000    0.144402908    0.136859481    0.205472141
    8.980000000    0.143278112    0.137024928    0.201392568
    8.990000000    0.142894374    0.138131493    0.199447695
    9.000000000    0.143317933    0.140234478    0.199572527
    9.010000000    0.144442763    0.143229715    0.201615510
    9.020000000    0.146131507    0.146951880    0.205248268
    9.030000000    0.148306340    0.151162819    0.209835737
    9.040000000    0.150942643    0.155497924    0.214485517
    9.050000000    0.154016794    0.159481447    0.218352251
    9.060000000    0.157390411    0.162557951    0.220899987
    9.070000000    0.160674735    0.164158379    0.221836128
    9.080000000    0.163259069    0.163904706    0.220922057
    9.090000000    0.164553142    0.161827962    0.218069104
    9.100000000    0.164254123    0.158336916    0.213564605
    9.110000000    0.162470968    0.154001514    0.208007995
    9.120000000    0.159685647    0.149399666    0.202027291
    9.130000000    0.156547001    0.145017072    0.196118981
    9.140000000    0.153598993    0.141154475    0.190688355
    9.150000000    0.151122955    0.137901819    0.186095197
    9.160000000    0.149153415    0.135191802    0.182574226
    9.170000000    0.147613428    0.132918100    0.180158077
    9.180000000    0.146454737    0.131085164    0.178719429
    9.190000000    0.145712416    0.129881850    0.178039757
    9.200000000    0.145460669    0.129585724    0.177851222
    9.210000000    0.145712070    0.130370408    0.177951322
    9.220000000    0.146338801    0.132177537    0.178317269
    9.230000000    0.147077351    0.134712524    0.178997743
    9.240000000    0.147622109    0.137509681    0.179863000
    9.250000000    0.147756252    0.140051880    0.180561253
    9.260000000    0.147438675    0.141966212    0.180778373
    9.270000000    0.146802264    0.143180505    0.180449145
    9.280000000    0.146078847    0.143870116    0.179637124
    9.290000000    0.145460178    0.144219045    0.178297159
    9.300000000    0.144950172    0.144219604    0.176287132
    9.310000000    0.144385103    0.143723734    0.173599708
    9.320000000    0.143639550    0.142679359    0.170449951
    9.330000000    0.142747829    0.141241800    0.167136301
    9.340000000    0.141813112    0.139635031    0.163932194
    9.350000000    0.140860836    0.137961268    0.161040026
    9.360000000    0.139812828    0.136198882    0.158521490
    9.370000000    0.138613912    0.134363044    0.156326686
    9.380000000    0.137362045    0.132583818    0.154442326
    9.390000000    0.136319249    0.131046989    0.152944035
    9.400000000    0.135815432    0.129927480    0.151877033
    9.410000000    0.136100278    0.129350606    0.151175892
    9.420000000    0.137251060    0.129380544    0.150775604
    9.430000000    0.139196558    0.130033564    0.150717171
    9.440000000    0.141767805    0.131251304    0.151024832
    9.450000000    0.144678719    0.132837185    0.151549445
    9.460000000    0.147482978    0.134455139    0.152008765
    9.470000000    0.149669947    0.135752513    0.152147266
    9.480000000    0.150916520    0.136545876    0.151886993
    9.490000000    0.151242215    0.136898994    0.151361477
    9.500000000    0.150912002    0.137011671    0.150768858
    9.510000000    0.150259746    0.137057999    0.150186366
    9.520000000    0.149599947    0.137142916    0.149554883
    9.530000000    0.149205603    0.137384641    0.148858183
    9.540000000    0.149289175    0.137987183    0.148295294
    9.550000000    0.149906236    0.139137835    0.148190195
    9.560000000    0.150842489    0.140793494    0.148681225
    9.570000000    0.151714448    0.142650339    0.149560146
    9.580000000    0.152253239    0.144371173    0.150435849
    9.590000000    0.152456767    0.145793086    0.151033230
    9.600000000    0.152503495    0.146922931    0.151396514
    9.610000000    0.152591364    0.147827836    0.151854020
    9.620000000    0.152862840    0.148583941    0.152767036
    9.630000000    0.153425899    0.149320015    0.154290633
    9.640000000    0.154361831    0.150232988    0.156302457
    9.650000000    0.155687780    0.151484115    0.158481590
    9.660000000    0.157337090    0.153103821    0.160462111
    9.670000000    0.159164188    0.155016650    0.161952394
    9.680000000    0.160926392    0.157077100    0.162764926
    9.690000000    0.162255511    0.159013663    0.162830987
    9.700000000    0.162749000    0.160428349    0.162282688
    9.710000000    0.162179008    0.160987459    0.161518936
    9.720000000    0.160598142    0.160638028    0.161095148
    9.730000000    0.158277336    0.159603980    0.161453655
    9.740000000    0.155607566    0.158193125    0.162657196
    9.750000000    0.153023096    0.156644986    0.164319072
    9.760000000    0.150905345    0.155104857    0.165858030
    9.770000000    0.149500414    0.153675120    0.166900867
    9.780000000    0.148926382    0.152474895    0.167470735
    9.790000000    0.149196531    0.151619371    0.167859532
    9.800000000    0.150164403    0.151116261    0.168353916
    9.810000000    0.151500318    0.150825316    0.169070141
    9.820000000    0.152798957    0.150558123    0.170058678
    9.830000000    0.153717335    0.150193117    0.171444814
    9.840000000    0.154042871    0.149697574    0.173315580
    9.850000000    0.153703447    0.149084062    0.175526592
    9.860000000    0.152768308    0.148383894    0.177741035
    9.870000000    0.151410596    0.147661526    0.179599084
    9.880000000    0.149778117    0.146983688    0.180749369
    9.890000000    0.147895721    0.146348503    0.180906662
    9.900000000    0.145743847    0.145711898    0.180141696
    9.910000000    0.143469182    0.145140831    0.179029241
    9.920000000    0.141475611    0.144896935    0.178332513
    9.930000000    0.140209350    0.145275124    0.178564339
    9.940000000    0.139865864    0.146376708    0.179836099
    9.950000000    0.140334056    0.148084803    0.181923328
    9.960000000    0.141356512    0.150196129    0.184370913
    9.970000000    0.142680850    0.152495336    0.186696477
    9.980000000    0.144080531    0.154722806    0.188634221
    9.990000000    0.145361897    0.156624137    0.190191485
   10.000000000    0.146468706    0.158127473    0.191500097
   10.010000000    0.147557147    0.159411510    0.192661104
   10.020000000    0.148896942    0.160758139    0.193718356
   10.030000000    0.150653212    0.162340139    0.194679569
   10.040000000    0.152734666    0.164132488    0.195455963
   10.050000000    0.154878324    0.166022402    0.195811433
   10.060000000    0.156853505    0.167937527    0.195514289
   10.070000000    0.158523682    0.169799701    0.194515039
   10.080000000    0.159785068    0.171416804    0.192882291
   10.090000000    0.160552188    0.172531838    0.190646235
   10.100000000    0.160822825    0.173025927    0.187789798
   10.110000000    0.160691581    0.173028924    0.184386016
   10.120000000    0.160268531    0.172796648    0.180694204
   10.130000000    0.159638122    0.172525937    0.177069972
   10.140000000    0.158892801    0.172305136    0.173809783
   10.150000000    0.158169016    0.172183717    0.171085674
   10.160000000    0.157691661    0.172270508    0.169019782
   10.170000000    0.157771556    0.172739252    0.167818923
   10.180000000    0.158638810    0.173677942    0.167733133
   10.190000000    0.160252213    0.175004533    0.168852298
   10.200000000    0.162321116    0.176593878    0.171005496
   10.210000000    0.164474346    0.178383995    0.173807272
   10.220000000    0.166397451    0.180325890    0.176772395
   10.230000000    0.167936161    0.182354086    0.179534949
   10.240000000    0.169163702    0.184464627    0.182077434
   10.250000000    0.170294058    0.186753297    0.184713387
   10.260000000    0.171510105    0.189338960    0.187824052
   10.270000000    0.172909204    0.192226458    0.191589638
   10.280000000    0.174533416    0.195151036    0.195893724
   10.290000000    0.176356045    0.197539487    0.200436262
   10.300000000    0.178260924    0.198731894    0.204810467
   10.310000000    0.180057451    0.198310609    0.208415867
   10.320000000    0.181523923    0.196306102    0.210584676
   10.330000000    0.182519505    0.193179669    0.211013002
   10.340000000    0.183072162    0.189572940    0.209937169
   10.350000000    0.183312584    0.186021214    0.207822929
   10.360000000    0.183335201    0.182814211    0.205111364
   10.370000000    0.183145641    0.180039181    0.202309861
   10.380000000    0.182762435    0.177761922    0.200033382
   10.390000000    0.182359098    0.176148076    0.198755424
   10.400000000    0.182253113    0.175398949    0.198494031
   10.410000000    0.182683383    0.175578489    0.198697298
   10.420000000    0.183593069    0.176501802    0.198444237
   10.430000000    0.184718660    0.177835599    0.196926910
   10.440000000    0.185885504    0.179290678    0.193975346
   10.450000000    0.187099464    0.180650732    0.190216864
   10.460000000    0.188344973    0.181664704    0.186656398
   10.470000000    0.189401440    0.182017932    0.184017505
   10.480000000    0.189926595    0.181483963    0.182423280
   10.490000000    0.189725999    0.180132846    0.181576361
   10.500000000    0.188889377    0.178330235    0.181078675
   10.510000000    0.187629658    0.176430828    0.180567133
   10.520000000    0.186073636    0.174467646    0.179697748
   10.530000000    0.184291244    0.172239513    0.178173075
   10.540000000    0.182414481    0.169700630    0.175886888
   10.550000000    0.180607006    0.167138298    0.173057536
   10.560000000    0.178983744    0.164981440    0.170168102
   10.570000000    0.177592041    0.163532854    0.167647050
   10.580000000    0.176387961    0.162812925    0.165514161
   10.590000000    0.175253110    0.162589307    0.163401695
   10.600000000    0.174121346    0.162614898    0.160987301
   10.610000000    0.173060244    0.162829061    0.158307970
   10.620000000    0.172193913    0.163302020    0.155656718
   10.630000000    0.171598550    0.164069631    0.153344863
   10.640000000    0.171285083    0.165060726    0.151573391
   10.650000000    0.171242451    0.166132328    0.150430162
   10.660000000    0.171451520    0.167147910    0.149956306
   10.670000000    0.171823260    0.168023022    0.150181909
   10.680000000    0.172121105    0.168676876    0.151089287
   10.690000000    0.171969064    0.168936685    0.152578995
   10.700000000    0.171008148    0.168518427    0.154445904
   10.710000000    0.169127322    0.167155018    0.156339876
   10.720000000    0.166590818    0.164831414    0.157823636
   10.730000000    0.163919521    0.161907522    0.158599661
   10.740000000    0.161612826    0.158958560    0.158754007
   10.750000000    0.159955273    0.156480394    0.158703097
   10.760000000    0.159014004    0.154743955    0.158810974
   10.770000000    0.158684378    0.153802673    0.159083296
   10.780000000    0.158672268    0.153502892    0.159210195
   10.790000000    0.158543443    0.153551360    0.158807058
   10.800000000    0.157909007    0.153669129    0.157625995
   10.810000000    0.156593137    0.153691074    0.155711482
   10.820000000    0.154658378    0.153556774    0.153465170
   10.830000000    0.152347184    0.153279994    0.151478353
   10.840000000    0.150006479    0.152917819    0.150210453
   10.850000000    0.147947001    0.152480448    0.149816766
   10.860000000    0.146288253    0.151867203    0.150230192
   10.870000000    0.144958086    0.150944945    0.151346458
   10.880000000    0.143848537    0.149666465    0.153124600
   10.890000000    0.142929639    0.148094230    0.155527644
   10.900000000    0.142199062    0.146342292    0.158425928
   10.910000000    0.141585026    0.144508579    0.161600086
   10.920000000    0.140969226    0.142664376    0.164820894
   10.930000000    0.140305673    0.140909090    0.167904563
   10.940000000    0.139686908    0.139413964    0.170684661
   10.950000000    0.139284683    0.138382300    0.172956579
   10.960000000    0.139223120    0.137951083    0.174574627
   10.970000000    0.139518337    0.138135423    0.175726637
   10.980000000    0.140142251    0.138856622    0.177000231
   10.990000000    0.141079041    0.139964195    0.179045626
   11.000000000    0.142244660    0.141220858    0.182174768
   11.010000000    0.143402329    0.142367765    0.186208292
   11.020000000    0.144286141    0.143291717    0.190665982
   11.030000000    0.144794804    0.144099101    0.195180206
   11.040000000    0.145007026    0.144962416    0.199701115
   11.050000000    0.145080801    0.145890303    0.204319251
   11.060000000    0.145133418    0.146638528    0.209064964
   11.070000000    0.145117148    0.146852119    0.213852502
   11.080000000    0.144853022    0.146369271    0.218347675
   11.090000000    0.144294345    0.145447617    0.221895631
   11.100000000    0.143739389    0.144689991    0.223853652
   11.110000000    0.143691460    0.144694986    0.224005195
   11.120000000    0.144499844    0.145710991    0.222533923
   11.130000000    0.146158616    0.147548171    0.219737108
   11.140000000    0.148399958    0.149767236    0.215941946
   11.150000000    0.150929682    0.151971231    0.211574796
   11.160000000    0.153576217    0.153973587    0.207101458
   11.170000000    0.156258390    0.155775792    0.202866632
   11.180000000    0.158862761    0.157458883    0.198975387
   11.190000000    0.161160763    0.159055370    0.195303007
   11.200000000    0.162927582    0.160521323    0.191707210
   11.210000000    0.164231349    0.161888073    0.188262031
   11.220000000    0.165491495    0.163321348    0.185274475
   11.230000000    0.167117358    0.164888688    0.183130210
   11.240000000    0.169140233    0.166354639    0.182105220
   11.250000000    0.171250195    0.167331687    0.182252011
   11.260000000    0.173108446    0.167627968    0.183415523
   11.270000000    0.174528623    0.167359746    0.185316608
   11.280000000    0.175377497    0.166709981    0.187600618
   11.290000000    0.175422773    0.165676957    0.189832209
   11.300000000    0.174433210    0.164120425    0.191552733
   11.310000000    0.172473038    0.161995195    0.192438281
   11.320000000    0.169960696    0.159457146    0.192388139
   11.330000000    0.167401276    0.156795956    0.191536997
   11.340000000    0.165161662    0.154362164    0.190289545
   11.350000000    0.163422071    0.152491651    0.189217552
   11.360000000    0.162141509    0.151368784    0.188781527
   11.370000000    0.161002087    0.150888790    0.189209569
   11.380000000    0.159510622    0.150671156    0.190635407
   11.390000000    0.157323793    0.150330021    0.193187767
   11.400000000    0.154516369    0.149778509    0.196868778
   11.410000000    0.151498202    0.149179912    0.201360849
   11.420000000    0.148704616    0.148650115    0.205994330
   11.430000000    0.146401314    0.148181780    0.210012213
   11.440000000    0.144729608    0.147859829    0.212949283
   11.450000000    0.143823083    0.147978304    0.214778383
   11.460000000    0.143810526    0.148861488    0.215780340
   11.470000000    0.144742291    0.150631362    0.216399526
   11.480000000    0.146540797    0.153134221    0.217129244
   11.490000000    0.148953403    0.155961802    0.218212841
   11.500000000    0.151511212    0.158534486    0.219372111
   11.510000000    0.153611275    0.160291006    0.219974143
   11.520000000    0.154731054    0.160874642    0.219469350
   11.530000000    0.154647793    0.160237396    0.217711571
   11.540000000    0.153557253    0.158685270    0.215095226
   11.550000000    0.151967142    0.156739982    0.212460454
   11.560000000    0.150402032    0.154836462    0.210721109
   11.570000000    0.149142661    0.153134618    0.210502719
   11.580000000    0.148117539    0.151532423    0.212007853
   11.590000000    0.146999060    0.149799435    0.215038850
   11.600000000    0.145462889    0.147755370    0.219077971
   11.610000000    0.143427708    0.145414709    0.223399287
   11.620000000    0.141156729    0.143073300    0.227193137
   11.630000000    0.139152851    0.141244253    0.229688598
   11.640000000    0.137880392    0.140392736    0.230343007
   11.650000000    0.137525838    0.140702707    0.229009524
   11.660000000    0.137940488    0.142039489    0.225899141
   11.670000000    0.138728467    0.143994755    0.221412991
   11.680000000    0.139372255    0.145938532    0.216054419
   11.690000000    0.139388002    0.147186263    0.210485454
   11.700000000    0.138559473    0.147297088    0.205478563
   11.710000000    0.137087258    0.146268781    0.201649764
   11.720000000    0.135466223    0.144476832    0.199256983
   11.730000000    0.134237278    0.142470663    0.198231272
   11.740000000    0.133800467    0.140713298    0.198220340
   11.750000000    0.134293034    0.139360683    0.198580568
   11.760000000    0.135551034    0.138264887    0.198591007
   11.770000000    0.137174727    0.137178274    0.197835295
   11.780000000    0.138689599    0.135981885    0.196398619
   11.790000000    0.139781125    0.134800499    0.194794898
   11.800000000    0.140470992    0.133926889    0.193726291
   11.810000000    0.141044507    0.133627761    0.193749079
   11.820000000    0.141756552    0.133977049    0.194958775
   11.830000000    0.142643611    0.134825484    0.196938155
   11.840000000    0.143607442    0.135934898    0.199107071
   11.850000000    0.144551851    0.137129079    0.201101992
   11.860000000    0.145413657    0.138296839    0.202807292
   11.870000000    0.146179480    0.139321180    0.204239806
   11.880000000    0.146940305    0.140111712    0.205516834
   11.890000000    0.147924849    0.140750275    0.206885010
   11.900000000    0.149412951    0.141539358    0.208693310
   11.910000000    0.151479871    0.142764738    0.211194618
   11.920000000    0.153789542    0.144361370    0.214271281
   11.930000000    0.155784794    0.145908963    0.217376772
   11.940000000    0.157114677    0.146991862    0.219822746
   11.950000000    0.157701058    0.147465862    0.221240996
   11.960000000    0.157418288    0.147358780    0.221843413
   11.970000000    0.155997152    0.146682584    0.222234009
   11.980000000    0.153346161    0.145481417    0.222977976
   11.990000000    0.149834113    0.144010464    0.224323215
   12.000000000    0.146186926    0.142722375    0.226194510
   12.010000000    0.143093489    0.141973590    0.228253141
   12.020000000    0.140859354    0.141743563    0.230001083
   12.030000000    0.139419018    0.141740074    0.231068074
   12.040000000    0.138627000    0.141798952    0.231501337
   12.050000000    0.138416963    0.142048152    0.231761399
   12.060000000    0.138649824    0.142613523    0.232337988
   12.070000000    0.138956578    0.143265990    0.233308922
   12.080000000    0.138877157    0.143456289    0.234297194
   12.090000000    0.138122992    0.142667330    0.234814228
   12.100000000    0.136637877    0.140691905    0.234606896
   12.110000000    0.134484723    0.137669478    0.233696429
   12.120000000    0.131781229    0.134008349    0.232208490
   12.130000000    0.128762650    0.130317374    0.230307470
   12.140000000    0.125833518    0.127270641    0.228192322
   12.150000000    0.123455065    0.125376428    0.225974905
   12.160000000    0.121946592    0.124838645    0.223672669
   12.170000000    0.121394478    0.125606701    0.221446251
   12.180000000    0.121721850    0.127492750    0.219662219
   12.190000000    0.122779608    0.130213036    0.218588770
   12.200000000    0.124338954    0.133358303    0.218120298
   12.210000000    0.126056226    0.136408234    0.217810980
   12.220000000    0.127518959    0.138848651    0.217085641
   12.230000000    0.128378132    0.140331873    0.215486319
   12.240000000    0.128498493    0.140791277    0.212924880
   12.250000000    0.128011284    0.140449783    0.209704094
   12.260000000    0.127235518    0.139734484    0.206233025
   12.270000000    0.126579562    0.139191515    0.202803317
   12.280000000    0.126424207    0.139361365    0.199576686
   12.290000000    0.126937820    0.140528743    0.196623544
   12.300000000    0.128004472    0.142547132    0.193999686
   12.310000000    0.129396240    0.144980378    0.191848521
   12.320000000    0.130954642    0.147385615    0.190362156
   12.330000000    0.132556497    0.149405065    0.189566784
   12.340000000    0.134004422    0.150684506    0.189132486
   12.350000000    0.135104685    0.150929015    0.188494041
   12.360000000    0.135848928    0.150126898    0.187218691
   12.370000000    0.136405089    0.148600924    0.185226923
   12.380000000    0.136936826    0.146777646    0.182719263
   12.390000000    0.137494390    0.144946257    0.180010608
   12.400000000    0.138046412    0.143250466    0.177487967
   12.410000000    0.138539744    0.141793081    0.175644138
   12.420000000    0.138944474    0.140626603    0.174914134
   12.430000000    0.139325701    0.139714248    0.175353424
   12.440000000    0.139874224    0.139024534    0.176519722
   12.450000000    0.140801545    0.138643855    0.177682636
   12.460000000    0.142195773    0.138739899    0.178237156
   12.470000000    0.144017844    0.139449828    0.178072788
   12.480000000    0.146167356    0.140793290    0.177559472
   12.490000000    0.148465522    0.142604012    0.177182389
   12.500000000    0.150654894    0.144553811    0.177253422
   12.510000000    0.152501448    0.146282383    0.177817410
   12.520000000    0.153871499    0.147494297    0.178644658
   12.530000000    0.154712272    0.148005944    0.179362078
   12.540000000    0.155072823    0.147836705    0.179743153
   12.550000000    0.155213262    0.147274628    0.179950332
   12.560000000    0.155608496    0.146772303    0.180464486
   12.570000000    0.156751479    0.146747242    0.181753560
   12.580000000    0.158899601    0.147454692    0.183948688
   12.590000000    0.161884042    0.148890077    0.186725797
   12.600000000    0.165116821    0.150723740    0.189493638
   12.610000000    0.167913827    0.152469096    0.191734124
   12.620000000    0.169890647    0.153827298    0.193239525
   12.630000000    0.171087494    0.154850499    0.194156429
   12.640000000    0.171755489    0.155742060    0.194743699
   12.650000000    0.172040444    0.156561559    0.195003765
   12.660000000    0.171900812    0.157215579    0.194667480
   12.670000000    0.171267988    0.157675484    0.193574491
   12.680000000    0.170161433    0.158070913    0.191954580
   12.690000000    0.168655805    0.158578334    0.190359380
   12.700000000    0.166808333    0.159251803    0.189392449
   12.710000000    0.164645790    0.159952114    0.189423033
   12.720000000    0.162240501    0.160449725    0.190455959
   12.730000000    0.159719074    0.160544767    0.192152536
   12.740000000    0.157153221    0.160077238    0.193905426
   12.750000000    0.154543957    0.158924741    0.195093114
   12.760000000    0.151948777    0.157060619    0.195462976
   12.770000000    0.149544958    0.154605388    0.195243866
   12.780000000    0.147534276    0.151797631    0.194875451
   12.790000000    0.146025026    0.148893836    0.194636184
   12.800000000    0.145017569    0.146093171    0.194457888
   12.810000000    0.144506003    0.143595805    0.194104389
   12.820000000    0.144601494    0.141739851    0.193630836
   12.830000000    0.145487690    0.140975904    0.193558740
   12.840000000    0.147195954    0.141621392    0.194421082
   12.850000000    0.149433968    0.143627414    0.196206242
   12.860000000    0.151657513    0.146563885    0.198318412
   12.870000000    0.153371846    0.149824250    0.199981348
   12.880000000    0.154397051    0.152884925    0.200657150
   12.890000000    0.154770881    0.155398129    0.200190355
   12.900000000    0.154466253    0.157103423    0.198730919
   12.910000000    0.153397668    0.157810257    0.196632744
   12.920000000    0.151719788    0.157580636    0.194397958
   12.930000000    0.149939290    0.156820522    0.192595530
   12.940000000    0.148622794    0.156047240    0.191659929
   12.950000000    0.148062883    0.155583757    0.191702697
   12.960000000    0.148240071    0.155505748    0.192548285
   12.970000000    0.148972320    0.155784602    0.193946190
   12.980000000    0.150007961    0.156356308    0.195736317
   12.990000000    0.151036592    0.157090206    0.197820997
   13.000000000    0.151772466    0.157846761    0.200026479
   13.010000000    0.152153654    0.158607895    0.202106199
   13.020000000    0.152420434    0.159474869    0.203867574
   13.030000000    0.152926454    0.160537126    0.205177309
   13.040000000    0.153873804    0.161771184    0.205861786
   13.050000000    0.155212765    0.163044674    0.205739790
   13.060000000    0.156749306    0.164207370    0.204786650
   13.070000000    0.158319778    0.165215092    0.203190252
   13.080000000    0.159896859    0.166204991    0.201283553
   13.090000000    0.161617216    0.167428550    0.199450672
   13.100000000    0.163703339    0.169061553    0.198007817
   13.110000000    0.166285818    0.171074753    0.197104242
   13.120000000    0.169320008    0.173314316    0.196773452
   13.130000000    0.172727567    0.175703758    0.197105117
   13.140000000    0.176547753    0.178296608    0.198270077
   13.150000000    0.180870024    0.181107572    0.200317591
   13.160000000    0.185667502    0.184017340    0.203041370
   13.170000000    0.190672828    0.186848656    0.206057713
   13.180000000    0.195282716    0.189343879    0.208874940
   13.190000000    0.198691246    0.191094920    0.210959979
   13.200000000    0.200471448    0.191786605    0.212007557
   13.210000000    0.201097096    0.191643220    0.212208440
   13.220000000    0.201695238    0.191500598    0.212144167
   13.230000000    0.203284554    0.192326457    0.212381077
   13.240000000    0.206255926    0.194672022    0.213113591
   13.250000000    0.210394157    0.198522754    0.214093694
   13.260000000    0.215285895    0.203558877    0.214908260
   13.270000000    0.220675441    0.209489970    0.215371270
   13.280000000    0.226482870    0.216185684    0.215688431
   13.290000000    0.232680915    0.223621694    0.216334008
   13.300000000    0.239217762    0.231715446    0.217829547
   13.310000000    0.245919749    0.240076713    0.220457683
   13.320000000    0.252350209    0.247866309    0.223964701
   13.330000000    0.257756006    0.254025017    0.227580672
   13.340000000    0.261438571    0.257923688    0.230459539
   13.350000000    0.263482961    0.260027589    0.232180939
   13.360000000    0.264930518    0.261774620    0.232844169
   13.370000000    0.267022390    0.264564086    0.232724916
   13.380000000    0.270325205    0.268820399    0.231953167
   13.390000000    0.274553232    0.273953607    0.230580459
   13.400000000    0.279048208    0.279061932    0.228813806
   13.410000000    0.283204819    0.283510067    0.226846201
   13.420000000    0.286524913    0.286933266    0.224413602
   13.430000000    0.288639083    0.289106571    0.220871388
   13.440000000    0.289454974    0.290063731    0.215951577
   13.450000000    0.289316924    0.290319901    0.210322064
   13.460000000    0.289052064    0.290884446    0.205241923
   13.470000000    0.289837944    0.292992424    0.201807325
   13.480000000    0.292751558    0.297563382    0.200551458
   13.490000000    0.298055858    0.304562499    0.201450024
   13.500000000    0.304838137    0.312861519    0.204056221
   13.510000000    0.311544262    0.320911757    0.207658172
   13.520000000    0.317080203    0.327732862    0.211523009
   13.530000000    0.321381359    0.333311888    0.215163538
   13.540000000    0.324933405    0.338100389    0.218380992
   13.550000000    0.328103847    0.342345636    0.221114300
   13.560000000    0.331081302    0.345975858    0.223389632
   13.570000000    0.334136626    0.348902436    0.225412801
   13.580000000    0.337611653    0.351226187    0.227669524
   13.590000000    0.341485133    0.353070227    0.230866457
   13.600000000    0.345121940    0.354320750    0.235595976
   13.610000000    0.347898466    0.354858004    0.241986585
   13.620000000    0.350052675    0.355007392    0.249670177
   13.630000000    0.352503535    0.355304139    0.257912281
   13.640000000    0.355892379    0.355885426    0.265748498
   13.650000000    0.360017634    0.356539562    0.272337672
   13.660000000    0.364060741    0.357180809    0.277396600
   13.670000000    0.367210885    0.357886644    0.281240728
   13.680000000    0.369192080    0.358698305    0.284530741
   13.690000000    0.370331646    0.359677233    0.287992167
   13.700000000    0.371126922    0.360881669    0.292038272
   13.710000000    0.371835522    0.362162340    0.296549686
   13.720000000    0.372472079    0.363182208    0.301087172
   13.730000000    0.372821803    0.363545608    0.305145864
   13.740000000    0.372289902    0.362723484    0.308153517
   13.750000000    0.370106259    0.360139372    0.309573430
   13.760000000    0.365909800    0.355630460    0.309299603
   13.770000000    0.359952638    0.349620264    0.307838819
   13.780000000    0.352685317    0.342752264    0.306038429
   13.790000000    0.344246097    0.335425401    0.304719417
   13.800000000    0.334397509    0.327583142    0.304426585
   13.810000000    0.323076297    0.319053632    0.305402119
   13.820000000    0.310987253    0.310171609    0.307782427
   13.830000000    0.299443466    0.301814701    0.311660345
   13.840000000    0.289623694    0.294843351    0.316893803
   13.850000000    0.282130061    0.289743830    0.323015355
   13.860000000    0.277068337    0.286617393    0.329325272
   13.870000000    0.274127994    0.285095887    0.334910275
   13.880000000    0.272563436    0.284316607    0.338757290
   13.890000000    0.271419729    0.283282609    0.340354137
   13.900000000    0.269928190    0.281319045    0.340183012
   13.910000000    0.267732066    0.278276295    0.339255688
   13.920000000    0.264834271    0.274484451    0.338217401
   13.930000000    0.261344948    0.270424684    0.336992916
   13.940000000    0.257290752    0.266256378    0.335098652
   13.950000000    0.252644082    0.261612805    0.332086680
   13.960000000    0.247445737    0.255891600    0.327719693
   13.970000000    0.241948207    0.248871564    0.322121399
   13.980000000    0.236689347    0.241106219    0.315925475
   13.990000000    0.232337281    0.233661851    0.310010828
   14.000000000    0.229337296    0.227461730    0.304889508
   14.010000000    0.227596415    0.222791464    0.300239179
   14.020000000    0.226505980    0.219270905    0.295192360
   14.030000000    0.225327167    0.216245729    0.289265492
   14.040000000    0.223580103    0.213236965    0.282851577
   14.050000000    0.221175459    0.210110344    0.276807728
   14.060000000    0.218353782    0.207000941    0.271868130
   14.070000000    0.215513896    0.204161028    0.268475078
   14.080000000    0.212893055    0.201719885    0.266752909
   14.090000000    0.210304385    0.199482123    0.266331007
   14.100000000    0.207254122    0.197020664    0.266354788
   14.110000000    0.203318845    0.193978240    0.265948905
   14.120000000    0.198443324    0.190303816    0.264676799
   14.130000000    0.192975000    0.186297757    0.262488652
   14.140000000    0.187464940    0.182477635    0.259466207
   14.150000000    0.182427914    0.179310253    0.255865381
   14.160000000    0.178168604    0.176939209    0.252197189
   14.170000000    0.174728979    0.175168631    0.249014572
   14.180000000    0.172019280    0.173762341    0.246704047
   14.190000000    0.169962165    0.172677541    0.245448363
   14.200000000    0.168486035    0.171988020    0.245217035
   14.210000000    0.167511990    0.171752036    0.245798035
   14.220000000    0.166950306    0.171927132    0.246875697
   14.230000000    0.166574423    0.172226944    0.248035655
   14.240000000    0.165972361    0.172160529    0.248768612
   14.250000000    0.164750746    0.171353638    0.248591780
   14.260000000    0.162732776    0.169712532    0.247170340
   14.270000000    0.159985607    0.167278722    0.244405301
   14.280000000    0.156770982    0.164146041    0.240514952
   14.290000000    0.153473629    0.160614284    0.236082623
   14.300000000    0.150531752    0.157284302    0.231997871
   14.310000000    0.148331003    0.154807379    0.229129332
   14.320000000    0.147052066    0.153483553    0.227912289
   14.330000000    0.146584671    0.153086368    0.228210442
   14.340000000    0.146624605    0.153050645    0.229529883
   14.350000000    0.146894108    0.152885323    0.231355548
   14.360000000    0.147256878    0.152449266    0.233274817
   14.370000000    0.147592260    0.151785236    0.234790546
   14.380000000    0.147622707    0.150786790    0.235201683
   14.390000000    0.146990501    0.149205569    0.233940711
   14.400000000    0.145522407    0.146920569    0.231083514
   14.410000000    0.143375301    0.144076153    0.227477788
   14.420000000    0.140938246    0.141013139    0.224364587
   14.430000000    0.138644815    0.138148941    0.222831752
   14.440000000    0.136836191    0.135845274    0.223469293
   14.450000000    0.135707747    0.134292567    0.226307966
   14.460000000    0.135349288    0.133515578    0.230912485
   14.470000000    0.135794919    0.133463810    0.236498440
   14.480000000    0.137011300    0.134077340    0.242148722
   14.490000000    0.138890501    0.135311220    0.247263486
   14.500000000    0.141265507    0.137103178    0.251847967
   14.510000000    0.143883869    0.139250290    0.256054213
   14.520000000    0.146375718    0.141312160    0.259492287
   14.530000000    0.148364761    0.142779844    0.261411355
   14.540000000    0.149750198    0.143496335    0.261636443
   14.550000000    0.150825310    0.143847570    0.260945879
   14.560000000    0.152013746    0.144443461    0.260423820
   14.570000000    0.153539443    0.145684484    0.260739207
   14.580000000    0.155251184    0.147558155    0.261878196
   14.590000000    0.156634441    0.149677388    0.263249598
   14.600000000    0.157173951    0.151580468    0.264261369
   14.610000000    0.156851141    0.153112366    0.264945448
   14.620000000    0.156133319    0.154410937    0.265757737
   14.630000000    0.155444426    0.155480956    0.266761139
   14.640000000    0.154833407    0.155995721    0.267356372
   14.650000000    0.154179316    0.155668725    0.266991870
   14.660000000    0.153566194    0.154719124    0.265990138
   14.670000000    0.153377021    0.153825124    0.265495406
   14.680000000    0.154086937    0.153693024    0.266744995
   14.690000000    0.156018828    0.154740106    0.270504136
   14.700000000    0.159211592    0.157019280    0.276888674
   14.710000000    0.163366995    0.160239623    0.285292087
   14.720000000    0.167875329    0.163839922    0.294342623
   14.730000000    0.172012008    0.167181690    0.302218545
   14.740000000    0.175238403    0.169796925    0.307504856
   14.750000000    0.177333174    0.171537947    0.309967240
   14.760000000    0.178330454    0.172620407    0.310502762
   14.770000000    0.178537270    0.173560725    0.310519860
   14.780000000    0.178554848    0.174970650    0.311328728
   14.790000000    0.178994435    0.177266325    0.313645016
   14.800000000    0.180086897    0.180443906    0.317282096
   14.810000000    0.181618364    0.184086307    0.321308608
   14.820000000    0.183264347    0.187684061    0.324781845
   14.830000000    0.185005629    0.191069736    0.327595322
   14.840000000    0.187186211    0.194460894    0.330584997
   14.850000000    0.190187379    0.198041741    0.334823107
   14.860000000    0.194139768    0.201697451    0.340981244
   14.870000000    0.198872382    0.205192104    0.349190007
   14.880000000    0.203916645    0.208349753    0.359028018
   14.890000000    0.208492640    0.210961711    0.369408203
   14.900000000    0.211671374    0.212713551    0.378714507
   14.910000000    0.212807686    0.213297173    0.385525576
   14.920000000    0.211984798    0.212619572    0.389494925
   14.930000000    0.210002850    0.210991729    0.391573629
   14.940000000    0.207903305    0.209105609    0.393443341
   14.950000000    0.206512540    0.207727669    0.396682478
   14.960000000    0.206268615    0.207370005    0.402207134
   14.970000000    0.207253330    0.208182680    0.410116522
   14.980000000    0.209281274    0.210016681    0.419720455
   14.990000000    0.212003679    0.212556022    0.429727020
   15.000000000    0.215086874    0.215517091    0.438886958
   15.010000000    0.218438768    0.218856547    0.446921392
   15.020000000    0.222280280    0.222810637    0.454740902
   15.030000000    0.226989610    0.227741788    0.463686644
   15.040000000    0.232916822    0.233985896    0.474796548
   15.050000000    0.240300137    0.241799588    0.488681184
   15.060000000    0.249214777    0.251331088    0.505691077
   15.070000000    0.259449059    0.262512770    0.525965806
   15.080000000    0.270318759    0.274845188    0.549258753
   15.090000000    0.280638645    0.287187316    0.574669760
   15.100000000    0.289144677    0.297853069    0.600601864
   15.110000000    0.295200364    0.305279911    0.625310139
   15.120000000    0.299095096    0.308999575    0.647868790
   15.130000000    0.301659948    0.309981510    0.668515281
   15.140000000    0.303691500    0.309870011    0.687893687
   15.150000000    0.305762192    0.310016943    0.706439592
   15.160000000    0.308380045    0.311215178    0.724797650
   15.170000000    0.312040142    0.313890064    0.744315500
   15.180000000    0.317079026    0.318225143    0.766590288
   15.190000000    0.323551649    0.324151878    0.792516538
   15.200000000    0.331257332    0.331382640    0.821815924
   15.210000000    0.339959812    0.339621232    0.853373123
   15.220000000    0.349674267    0.348840435    0.885992717
   15.230000000    0.360710993    0.359315166    0.919032542
   15.240000000    0.373458871    0.371407818    0.952944358
   15.250000000    0.388173606    0.385388851    0.989453989
   15.260000000    0.404823069    0.401338003    1.030717994
   15.270000000    0.422962123    0.419051904    1.078156489
   15.280000000    0.441810013    0.438012724    1.132182334
   15.290000000    0.460649635    0.457460265    1.192927238
   15.300000000    0.479298306    0.476640672    1.261112758
   15.310000000    0.498263741    0.495364901    1.338277781
   15.320000000    0.518525654    0.514550298    1.426469940
   15.330000000    0.541212028    0.535999509    1.527969611
   15.340000000    0.567404723    0.561466034    1.645176974
   15.350000000    0.597769548    0.591713435    1.779910344
   15.360000000    0.631553035    0.625726846    1.931383689
   15.370000000    0.665455446    0.660074738    2.093544074
   15.380000000    0.693847341    0.689171549    2.253644474
   15.390000000    0.711577988    0.707678017    2.394458222
   15.400000000    0.717883644    0.714281871    2.501823333
   15.410000000    0.717182612    0.712998730    2.575276418
   15.420000000    0.715784442    0.710245491    2.631737083
   15.430000000    0.718476797    0.711209218    2.695843868
   15.440000000    0.727602870    0.718622534    2.787768315
   15.450000000    0.743692309    0.733339064    2.919436225
   15.460000000    0.766278863    0.755220057    3.097112376
   15.470000000    0.794647776    0.783866838    3.325009477
   15.480000000    0.828626513    0.819243564    3.608018848
   15.490000000    0.869139752    0.862021035    3.953386577
   15.500000000    0.917987167    0.913359504    4.370997527
   15.510000000    0.976995430    0.974364518    4.872769736
   15.520000000    1.047288941    1.045669070    5.472084442
   15.530000000    1.128751676    1.126898010    6.181813512
   15.540000000    1.219101275    1.215485482    7.007265102
   15.550000000    1.312693498    1.305492557    7.931915577
   15.560000000    1.400956627    1.388872550    8.903350679
   15.570000000    1.476398958    1.460318229    9.840990300
   15.580000000    1.537528745    1.520979205   10.681321233
   15.590000000    1.588281395    1.575613354   11.426086853
   15.600000000    1.632034034    1.626382247   12.130678707
   15.610000000    1.668637088    1.671079637   12.856455112
   15.620000000    1.698518317    1.708329446   13.667709003
   15.630000000    1.727321274    1.743162513   14.663901081
   15.640000000    1.764444084    1.785316797   15.982754197
   15.650000000    1.818411730    1.843448975   17.776057153
   15.660000000    1.894599692    1.922642652   20.197753195
   15.670000000    1.995896364    2.025852300   23.396104489
   15.680000000    2.124387939    2.155956845   27.470083100
   15.690000000    2.282635295    2.316473936   32.358540248
   15.700000000    2.473773961    2.510799837   37.655784506
   15.710000000    2.700491992    2.740592397   42.460767719
   15.720000000    2.963573563    3.004046143   45.570933511
   15.730000000    3.260310821    3.294805071   46.198392665
   15.740000000    3.582343055    3.601917002   44.594539812
   15.750000000    3.914715685    3.912155935   41.770026178
   15.760000000    4.243156932    4.218339793   38.675883264
   15.770000000    4.569799997    4.529721141   35.736774937
   15.780000000    4.919497592    4.871951075   32.902092514
   15.790000000    5.325173803    5.274124112   29.965086988
   15.800000000    5.806499858    5.752906342   26.888145285
   15.810000000    6.356462767    6.301602783   23.868277571
   15.820000000    6.935592107    6.883823786   21.169131292
   15.830000000    7.481762373    7.439734536   18.966312736
   15.840000000    7.949077164    7.920545725   17.306322204
   15.850000000    8.349727896    8.332273285   16.129010085
   15.860000000    8.754411033    8.743359799   15.287223845
   15.870000000    9.256031558    9.249801561   14.562166031
   15.880000000    9.932347955    9.933333147   13.736702093
   15.890000000   10.829066824   10.842827648   12.722753703
   15.900000000   11.957484665   11.994050573   11.603231951
   15.910000000   13.284141672   13.361029503   10.529808852
   15.920000000   14.707056617   14.849417820    9.608428821
   15.930000000   16.054221053   16.281852509    8.866956154
   15.940000000   17.156480500   17.454597355    8.280143374
   15.950000000   17.964337379   18.267997893    7.810034978
   15.960000000   18.566963846   18.790910067    7.433481720
   15.970000000   19.081245303   19.171685234    7.139545008
   15.980000000   19.565928483   19.523493487    6.909587796
   15.990000000   20.042606461   19.897725498    6.711259125
   16.000000000   20.546485953   20.323918457    6.516407242
   16.010000000   21.132506096   20.846884310    6.312593332
   16.020000000   21.839001920   21.511736851    6.087702829
   16.030000000   22.637838628   22.308161326    5.821478029
   16.040000000   23.416056743   23.140520949    5.506172309
   16.050000000   24.026351887   23.863439419    5.159255484
   16.060000000   24.382754430   24.354615324    4.807766168
   16.070000000   24.513541977   24.567840424    4.472069001
   16.080000000   24.500235042   24.517915564    4.163046984
   16.090000000   24.374472340   24.230198903    3.885924495
   16.100000000   24.093532456   23.739386050    3.644023105
   16.110000000   23.593907087   23.112931384    3.437644106
   16.120000000   22.856815374   22.424092169    3.260743990
   16.130000000   21.931917133   21.713865302    3.102922887
   16.140000000   20.912641194   21.003287969    2.958171641
   16.150000000   19.893049046   20.301826705    2.830632789
   16.160000000   18.934043415   19.574352856    2.729446653
   16.170000000   18.053745326   18.745441857    2.658728164
   16.180000000   17.218835911   17.758865423    2.610534886
   16.190000000   16.340388638   16.611213190    2.564714701
   16.200000000   15.328974262   15.346084703    2.500110748
   16.210000000   14.181414429   14.046206066    2.411800543
   16.220000000   12.995202838   12.818062764    2.314757220
   16.230000000   11.896329415   11.755859662    2.229103808
   16.240000000   10.968015165   10.908414103    2.165966404
   16.250000000   10.235806298   10.276187581    2.125742573
   16.260000000    9.688424629    9.829106318    2.104109690
   16.270000000    9.297667761    9.519949011    2.096557954
   16.280000000    9.025078247    9.287613448    2.097354399
   16.290000000    8.827337506    9.070133192    2.098064498
   16.300000000    8.665146353    8.830406815    2.090504112
   16.310000000    8.504017166    8.562584221    2.069021522
   16.320000000    8.309816582    8.269241594    2.028236435
   16.330000000    8.052096372    7.942605849    1.964250598
   16.340000000    7.716631619    7.574646640    1.880930495
   16.350000000    7.320474214    7.179182339    1.790154279
   16.360000000    6.906855189    6.787077885    1.703777276
   16.370000000    6.514767325    6.418123696    1.626563233
   16.380000000    6.159540197    6.072391607    1.556373517
   16.390000000    5.841183368    5.747255108    1.490117484
   16.400000000    5.557481748    5.449665281    1.429167463
   16.410000000    5.305499046    5.191366691    1.378931034
   16.420000000    5.079733261    4.979382260    1.344446162
   16.430000000    4.873503465    4.810722538    1.327258797
   16.440000000    4.681023966    4.672109409    1.324841477
   16.450000000    4.499473799    4.545117861    1.330895950
   16.460000000    4.329964810    4.415013884    1.336696756
   16.470000000    4.176966432    4.277544696    1.335568316
   16.480000000    4.046908383    4.138135627    1.327894062
   16.490000000    3.946143802    4.006291504    1.320639816
   16.500000000    3.877871227    3.890947457    1.322401437
   16.510000000    3.838268842    3.797447104    1.338972833
   16.520000000    3.814770546    3.725619725    1.370616040
   16.530000000    3.789714075    3.670144736    1.410825635
   16.540000000    3.747347330    3.621556102    1.448020420
   16.550000000    3.678792584    3.566090958    1.470377646
   16.560000000    3.583978772    3.490218912    1.470597948
   16.570000000    3.472316272    3.391477358    1.448340707
   16.580000000    3.359216215    3.282324621    1.410877927
   16.590000000    3.257057317    3.179199807    1.370322150
   16.600000000    3.166993928    3.088324714    1.336665666
   16.610000000    3.078364653    3.002415757    1.312303816
   16.620000000    2.978108328    2.910952924    1.292337291
   16.630000000    2.863696623    2.813006170    1.269085639
   16.640000000    2.746304034    2.718523612    1.238015086
   16.650000000    2.640878336    2.638144568    1.201120714
   16.660000000    2.555034102    2.574697956    1.163884384
   16.670000000    2.486960464    2.524088352    1.129741660
   16.680000000    2.430491738    2.480721285    1.099016108
   16.690000000    2.380069812    2.440823246    1.071763357
   16.700000000    2.332117603    2.403112424    1.049447840
   16.710000000    2.285509586    2.369308630    1.034171430
   16.720000000    2.242597782    2.344125877    1.027722632
   16.730000000    2.207554241    2.331678214    1.031023119
   16.740000000    2.181977106    2.329910753    1.042589307
   16.750000000    2.162737863    2.329278019    1.056664760
   16.760000000    2.145296268    2.319147668    1.064519469
   16.770000000    2.128785068    2.296699023    1.060497743
   16.780000000    2.115828249    2.267567344    1.046986175
   16.790000000    2.107691283    2.237570269    1.031596554
   16.800000000    2.101826374    2.206782915    1.020414246
   16.810000000    2.093471399    2.171146793    1.014713282
   16.820000000    2.077464687    2.126312483    1.012090216
   16.830000000    2.049334589    2.069681338    1.009380261
   16.840000000    2.007191551    2.001903458    1.004674354
   16.850000000    1.952960343    1.927740534    0.997156883
   16.860000000    1.891493733    1.854257332    0.985901547
   16.870000000    1.829434068    1.787984016    0.969949529
   16.880000000    1.773955230    1.733220057    0.950308644
   16.890000000    1.730780133    1.691583716    0.930864322
   16.900000000    1.702955246    1.662510863    0.916066581
   16.910000000    1.690225659    1.643692596    0.907800817
   16.920000000    1.688231092    1.631213488    0.904129095
   16.930000000    1.688934618    1.620001939    0.900337218
   16.940000000    1.683734723    1.604880406    0.891531220
   16.950000000    1.667832917    1.582778819    0.875568269
   16.960000000    1.642671347    1.555284641    0.854593402
   16.970000000    1.614439152    1.528245523    0.833628584
   16.980000000    1.589900770    1.508043190    0.817461923
   16.990000000    1.573071761    1.498122877    0.808484498
   17.000000000    1.564597839    1.497788136    0.806297562
   17.010000000    1.563290616    1.503496692    0.808834530
   17.020000000    1.567782035    1.511748938    0.814291920
   17.030000000    1.576636065    1.520695202    0.822455956
   17.040000000    1.587310757    1.529058811    0.834250946
   17.050000000    1.595539926    1.534807277    0.849931876
   17.060000000    1.595958892    1.535325946    0.867652362
   17.070000000    1.583984041    1.528602540    0.883691333
   17.080000000    1.558617003    1.514698462    0.894439849
   17.090000000    1.524075788    1.496064828    0.898810951
   17.100000000    1.488033749    1.476339782    0.898756933
   17.110000000    1.457574082    1.459042252    0.897341512
   17.120000000    1.435512254    1.446063127    0.896703155
   17.130000000    1.419163856    1.435972069    0.897401794
   17.140000000    1.402658937    1.424428140    0.898504813
   17.150000000    1.381268177    1.407192562    0.898554263
   17.160000000    1.354336996    1.383255479    0.896867536
   17.170000000    1.324801578    1.355497198    0.893587654
   17.180000000    1.296668981    1.328626414    0.888973757
   17.190000000    1.273148211    1.306599997    0.883212668
   17.200000000    1.255833628    1.291196159    0.876871415
   17.210000000    1.244257847    1.281830176    0.871291828
   17.220000000    1.236206277    1.276460820    0.867761129
   17.230000000    1.229243700    1.273186697    0.866034077
   17.240000000    1.222569138    1.271476914    0.864438259
   17.250000000    1.217201552    1.271875885    0.861792730
   17.260000000    1.214164600    1.274610610    0.858486348
   17.270000000    1.212675315    1.278541629    0.855392549
   17.280000000    1.210701084    1.281705923    0.852572757
   17.290000000    1.207685296    1.283262162    0.849503890
   17.300000000    1.205573479    1.284028169    0.846318352
   17.310000000    1.206658833    1.285004176    0.844040132
   17.320000000    1.211376838    1.286170967    0.843400585
   17.330000000    1.218069679    1.285923254    0.843990114
   17.340000000    1.224477854    1.281602726    0.844398756
   17.350000000    1.229580905    1.271736968    0.843011884
   17.360000000    1.233680135    1.257455501    0.839031320
   17.370000000    1.236681309    1.241227527    0.832947259
   17.380000000    1.237193770    1.225059256    0.826060088
   17.390000000    1.233983584    1.210270432    0.819804525
   17.400000000    1.227835955    1.197981952    0.815748014
   17.410000000    1.221042678    1.188851863    0.815416537
   17.420000000    1.215385362    1.182800562    0.819161462
   17.430000000    1.211385763    1.179377288    0.825524538
   17.440000000    1.208857492    1.177743496    0.832251329
   17.450000000    1.207268040    1.176415775    0.837825609
   17.460000000    1.205926938    1.173829124    0.842273770
   17.470000000    1.204400648    1.169207134    0.846948089
   17.480000000    1.202665305    1.162848398    0.853227425
   17.490000000    1.200890612    1.155826739    0.861038323
   17.500000000    1.199183115    1.149360697    0.868637200
   17.510000000    1.197446260    1.144268764    0.873680946
   17.520000000    1.195475228    1.140790355    0.874610030
   17.530000000    1.193173152    1.138728033    0.871657451
   17.540000000    1.190751120    1.137836896    0.866582662
   17.550000000    1.188419167    1.137877493    0.861277769
   17.560000000    1.185762470    1.138233875    0.856761094
   17.570000000    1.182146857    1.138242583    0.853192528
   17.580000000    1.178174186    1.138446422    0.850438515
   17.590000000    1.176380261    1.141092228    0.848559155
   17.600000000    1.180007712    1.148754642    0.848074328
   17.610000000    1.191020007    1.162512183    0.850020850
   17.620000000    1.209097456    1.181587326    0.855736520
   17.630000000    1.231770997    1.204190449    0.866447140
   17.640000000    1.255010411    1.228145196    0.882746381
   17.650000000    1.274641465    1.251335377    0.904418647
   17.660000000    1.288659145    1.272635069    0.931056941
   17.670000000    1.298260155    1.292515551    0.962513353
   17.680000000    1.306205682    1.312399967    0.998057041
   17.690000000    1.314553061    1.333320319    1.035590444
   17.700000000    1.324122351    1.355031850    1.072437108
   17.710000000    1.335385415    1.376318373    1.106532145
   17.720000000    1.349156513    1.396286710    1.136879499
   17.730000000    1.366551694    1.415585199    1.163824050
   17.740000000    1.388488346    1.436374672    1.188840073
   17.750000000    1.414913572    1.460849984    1.213214166
   17.760000000    1.444479260    1.489559989    1.236859422
   17.770000000    1.475340395    1.521219703    1.258447786
   17.780000000    1.506401593    1.553915584    1.276337948
   17.790000000    1.537747398    1.586018996    1.289250344
   17.800000000    1.569716550    1.616041241    1.296678222
   17.810000000    1.601248808    1.642067339    1.299474597
   17.820000000    1.629169033    1.661778279    1.299887711
   17.830000000    1.649434601    1.673310225    1.300536963
   17.840000000    1.659128276    1.675824030    1.303163137
   17.850000000    1.657740489    1.669677924    1.308051639
   17.860000000    1.647422093    1.656918093    1.314152902
   17.870000000    1.631951710    1.640989996    1.319371490
   17.880000000    1.615183019    1.625221222    1.321383691
   17.890000000    1.600202400    1.611821353    1.319381867
   17.900000000    1.589046998    1.602098201    1.315045628
   17.910000000    1.582596031    1.596772206    1.311553501
   17.920000000    1.580901118    1.595910614    1.312176698
   17.930000000    1.583764298    1.598950376    1.319359866
   17.940000000    1.591006654    1.604903523    1.333858036
   17.950000000    1.602584797    1.612813680    1.354798859
   17.960000000    1.618390799    1.622205679    1.380853560
   17.970000000    1.637356825    1.632744550    1.410546337
   17.980000000    1.656960254    1.643543815    1.441318393
   17.990000000    1.673972178    1.653208179    1.469141308
   18.000000000    1.685494368    1.660407947    1.489497449
   18.010000000    1.689565762    1.664330907    1.499215254
   18.020000000    1.686244857    1.665306168    1.498044623
   18.030000000    1.678782809    1.665422950    1.488763483
   18.040000000    1.672735520    1.667984073    1.475846070
   18.050000000    1.673426730    1.675979291    1.463770850
   18.060000000    1.683940748    1.690786598    1.455806350
   18.070000000    1.704434963    1.711724037    1.453404399
   18.080000000    1.732367167    1.736219709    1.456029336
   18.090000000    1.763138325    1.760190236    1.461669757
   18.100000000    1.791055534    1.778714491    1.468060399
   18.110000000    1.811072617    1.787667600    1.473823260
   18.120000000    1.821116067    1.786192436    1.479023699
   18.130000000    1.822857332    1.777363444    1.484792560
   18.140000000    1.819977359    1.765899995    1.491860489
   18.150000000    1.816351558    1.755978392    1.499732652
   18.160000000    1.815537288    1.750691224    1.507750171
   18.170000000    1.820536990    1.752175005    1.516473667
   18.180000000    1.832983475    1.761769666    1.527415867
   18.190000000    1.851757856    1.779512368    1.541214689
   18.200000000    1.871816169    1.802753299    1.556445804
   18.210000000    1.884641604    1.825352681    1.570632271
   18.220000000    1.881700384    1.839463877    1.582261872
   18.230000000    1.859760522    1.839766892    1.591610637
   18.240000000    1.823731795    1.827045568    1.599708993
   18.250000000    1.783763210    1.807754386    1.606940359
   18.260000000    1.749106753    1.789699630    1.613216123
   18.270000000    1.724170188    1.777881177    1.618981470
   18.280000000    1.708647407    1.773518605    1.624620421
   18.290000000    1.700028868    1.775203849    1.628969037
   18.300000000    1.696181626    1.780319003    1.629592756
   18.310000000    1.696318216    1.786275148    1.624894602
   18.320000000    1.700276828    1.791121475    1.615964030
   18.330000000    1.707922746    1.793778943    1.606266324
   18.340000000    1.719531989    1.794874351    1.599154311
   18.350000000    1.736011932    1.797071161    1.595775708
   18.360000000    1.757812089    1.803137647    1.595535181
   18.370000000    1.783032512    1.812929284    1.597510515
   18.380000000    1.806658262    1.821855523    1.600340097
   18.390000000    1.822233035    1.822723817    1.601752466
   18.400000000    1.825127887    1.810666073    1.599540033
   18.410000000    1.815104969    1.786882552    1.593110836
   18.420000000    1.796139899    1.757185853    1.584148307
   18.430000000    1.773769085    1.727417687    1.575571086
   18.440000000    1.752322360    1.700523742    1.569139272
   18.450000000    1.733770233    1.676910434    1.563947667
   18.460000000    1.718048108    1.656465073    1.557605432
   18.470000000    1.704122102    1.639949715    1.549011249
   18.480000000    1.691397407    1.628949428    1.539989672
   18.490000000    1.680577902    1.625064499    1.534205250
   18.500000000    1.673145138    1.629066288    1.534221215
   18.510000000    1.669929644    1.640074361    1.539193307
   18.520000000    1.669946419    1.655142774    1.545315785
   18.530000000    1.670542343    1.670291859    1.548990458
   18.540000000    1.669173620    1.682826283    1.549656539
   18.550000000    1.665687781    1.692856688    1.549276658
   18.560000000    1.663172878    1.702806365    1.549797053
   18.570000000    1.666475033    1.715920004    1.551613984
   18.580000000    1.679608346    1.734801081    1.553782874
   18.590000000    1.703929168    1.760092956    1.555114123
   18.600000000    1.737641635    1.789497782    1.555145961
   18.610000000    1.776356030    1.818082034    1.554225679
   18.620000000    1.814647662    1.840633619    1.552442263
   18.630000000    1.848017552    1.854548584    1.548805157
   18.640000000    1.873970458    1.860455954    1.542247313
   18.650000000    1.891616833    1.860307333    1.532896477
   18.660000000    1.900129762    1.855188208    1.521377981
   18.670000000    1.897850343    1.844994160    1.507630997
   18.680000000    1.883706112    1.830219659    1.491298282
   18.690000000    1.859595628    1.813527242    1.472774659
   18.700000000    1.830633800    1.798851917    1.453447673
   18.710000000    1.802719259    1.789170167    1.435237314
   18.720000000    1.779899360    1.785367228    1.420110265
   18.730000000    1.763351304    1.786483599    1.409651072
   18.740000000    1.752070968    1.790402348    1.405038680
   18.750000000    1.744421870    1.794593710    1.407370057
   18.760000000    1.739189319    1.796993921    1.417292061
   18.770000000    1.735622116    1.796709936    1.433945171
   18.780000000    1.733166912    1.793942271    1.454561087
   18.790000000    1.731285100    1.789349337    1.475303892
   18.800000000    1.729328342    1.783503673    1.492610037
   18.810000000    1.726583135    1.776439774    1.504219119
   18.820000000    1.722255511    1.767206133    1.509772819
   18.830000000    1.715868207    1.754620128    1.510887344
   18.840000000    1.708341047    1.739257232    1.510297701
   18.850000000    1.702361943    1.724162362    1.510573834
   18.860000000    1.701396456    1.713302630    1.513068111
   18.870000000    1.708222967    1.709470794    1.517601408
   18.880000000    1.723904925    1.713430051    1.523402905
   18.890000000    1.747587680    1.724442462    1.530363969
   18.900000000    1.776619409    1.740628755    1.539105945
   18.910000000    1.806806828    1.758853539    1.549925798
   18.920000000    1.833726182    1.775828400    1.562153495
   18.930000000    1.854701694    1.790155606    1.574712718
   18.940000000    1.869201153    1.802643926    1.586815478
   18.950000000    1.877610658    1.814401230    1.597946938
   18.960000000    1.880818413    1.825253946    1.607617502
   18.970000000    1.880658821    1.834130349    1.615736556
   18.980000000    1.879408408    1.840329628    1.623209659
   18.990000000    1.878556056    1.843945402    1.631780492
   19.000000000    1.878148467    1.845135742    1.643388037
   19.010000000    1.876570945    1.843073398    1.659388125
   19.020000000    1.870853502    1.836022597    1.679464666
   19.030000000    1.858301424    1.823017031    1.700896132
   19.040000000    1.838469815    1.805304290    1.719501520
   19.050000000    1.813673357    1.785903227    1.731746471
   19.060000000    1.787732996    1.767924125    1.735884403
   19.070000000    1.764311829    1.753540452    1.731881843
   19.080000000    1.746395046    1.744456652    1.721254391
   19.090000000    1.736536789    1.742539621    1.706688960
   19.100000000    1.736584219    1.749250241    1.691353796
   19.110000000    1.747376521    1.764855643    1.678370524
   19.120000000    1.769016471    1.788764081    1.670196580
   19.130000000    1.801027875    1.820397293    1.667803773
   19.140000000    1.842149310    1.859430781    1.670361316
   19.150000000    1.890337789    1.905205666    1.675569187
   19.160000000    1.942887854    1.955862612    1.680366651
   19.170000000    1.996011121    2.007815158    1.682226439
   19.180000000    2.044828571    2.056404662    1.680285401
   19.190000000    2.084773053    2.097565406    1.674716218
   19.200000000    2.113129101    2.128947800    1.665492879
   19.210000000    2.129091321    2.149838591    1.652581265
   19.220000000    2.132803321    2.160356798    1.636826081
   19.230000000    2.125104457    2.160661702    1.620223489
   19.240000000    2.108772140    2.151697767    1.605185543
   19.250000000    2.089818530    2.137227951    1.592829146
   19.260000000    2.076001864    2.123534785    1.582223589
   19.270000000    2.072684653    2.115576831    1.571678880
   19.280000000    2.080257424    2.113935536    1.559767925
   19.290000000    2.095318979    2.115907224    1.545247234
   19.300000000    2.113170805    2.118304585    1.527724818
   19.310000000    2.129147038    2.118426716    1.508416160
   19.320000000    2.138822302    2.113488078    1.489087727
   19.330000000    2.138343102    2.100701010    1.470427835
   19.340000000    2.125551903    2.078636131    1.451620249
   19.350000000    2.101126733    2.048630436    1.430985748
   19.360000000    2.068851292    2.014836741    1.407395702
   19.370000000    2.034773192    1.982943814    1.382016624
   19.380000000    2.005331409    1.958569983    1.358732088
   19.390000000    1.985431334    1.946012093    1.342260344
   19.400000000    1.977286451    1.947364202    1.335464713
   19.410000000    1.979916404    1.961987321    1.338072470
   19.420000000    1.989503539    1.986467259    1.347355529
   19.430000000    2.001120229    2.015401390    1.359796518
   19.440000000    2.010975908    2.043222936    1.372720453
   19.450000000    2.017336661    2.065997178    1.384990208
   19.460000000    2.019557618    2.081674046    1.396338962
   19.470000000    2.016798287    2.089147658    1.406431626
   19.480000000    2.008058212    2.087534244    1.414981141
   19.490000000    1.993193342    2.076424633    1.422398608
   19.500000000    1.973706879    2.056837160    1.429337198
   19.510000000    1.952387041    2.031440961    1.435323968
   19.520000000    1.932232072    2.003671293    1.438761037
   19.530000000    1.916207444    1.977133028    1.438918971
   19.540000000    1.907359669    1.955401577    1.437380939
   19.550000000    1.908002474    1.941278213    1.437100334
   19.560000000    1.918735847    1.935890536    1.440077503
   19.570000000    1.938301098    1.938549919    1.445940027
   19.580000000    1.963985219    1.947203448    1.452520783
   19.590000000    1.991986013    1.958988806    1.457245687
   19.600000000    2.017609239    1.970823870    1.458246394
   19.610000000    2.036279754    1.980187499    1.455439706
   19.620000000    2.045698681    1.985913294    1.450942532
   19.630000000    2.046919177    1.988344025    1.447523058
   19.640000000    2.042943220    1.988686352    1.446114063
   19.650000000    2.036277657    1.988022852    1.444846708
   19.660000000    2.027836081    1.986930071    1.440487260
   19.670000000    2.018373951    1.986310567    1.431210923
   19.680000000    2.010350539    1.988058953    1.418484924
   19.690000000    2.007000423    1.993759367    1.406392274
   19.700000000    2.009147683    2.002008438    1.399001664
   19.710000000    2.013706852    2.007858114    1.397969359
   19.720000000    2.015629135    2.006205854    1.402034899
   19.730000000    2.010919459    1.995359115    1.408295584
   19.740000000    1.998156209    1.976993829    1.414090706
   19.750000000    1.978427708    1.954132402    1.418293543
   19.760000000    1.954440707    1.929628766    1.420831350
   19.770000000    1.929032883    1.905163577    1.421164942
   19.780000000    1.903729671    1.880826643    1.418109836
   19.790000000    1.878265369    1.855617682    1.411164408
   19.800000000    1.851676146    1.828705420    1.401531031
   19.810000000    1.824041765    1.800576217    1.391652274
   19.820000000    1.796777621    1.772883451    1.383520451
   19.830000000    1.771681620    1.747823809    1.377432539
   19.840000000    1.750575134    1.728191013    1.372486708
   19.850000000    1.735286551    1.716951839    1.368211479
   19.860000000    1.726662049    1.715572137    1.365214931
   19.870000000    1.723143334    1.722369850    1.363948975
   19.880000000    1.720878171    1.732420549    1.363671022
   19.890000000    1.716134505    1.739641061    1.363025670
   19.900000000    1.707846771    1.739922137    1.360831987
   19.910000000    1.697558826    1.732852056    1.356179155
   19.920000000    1.687074643    1.720526048    1.348839066
   19.930000000    1.676492806    1.704822680    1.339845710
   19.940000000    1.664530567    1.686311751    1.330849668
   19.950000000    1.650224646    1.665297887    1.322655049
   19.960000000    1.633896882    1.642923503    1.314873672
   19.970000000    1.616772821    1.621112566    1.306567963
   19.980000000    1.599872995    1.601298235    1.296195593
   19.990000000    1.583312275    1.583328798    1.281602908
   20.000000000    1.566925130    1.566330064    1.261562066
   20.010000000    1.551034462    1.550264417    1.237286742
   20.020000000    1.535903443    1.535727419    1.211876980
   20.030000000    1.521035490    1.522705251    1.188463562
   20.040000000    1.505549871    1.510424347    1.168879078
   20.050000000    1.488975567    1.498221748    1.153237351
