# energy grid [eV]     epsr_x  epsr_y  epsr_z
# plasmon frequences [eV]:    14.889730177   14.889887707   14.540429471
    0.050000000    6.172764178    6.177133191    6.238968849
    0.060000000    6.173059465    6.177431086    6.239271893
    0.070000000    6.173408541    6.177783246    6.239630136
    0.080000000    6.173811454    6.178189723    6.240043627
    0.090000000    6.174268262    6.178650576    6.240512423
    0.100000000    6.174779030    6.179165873    6.241036589
    0.110000000    6.175343832    6.179735688    6.241616199
    0.120000000    6.175962749    6.180360106    6.242251333
    0.130000000    6.176635868    6.181039218    6.242942080
    0.140000000    6.177363288    6.181773124    6.243688536
    0.150000000    6.178145111    6.182561933    6.244490806
    0.160000000    6.178981452    6.183405760    6.245349002
    0.170000000    6.179872431    6.184304731    6.246263245
    0.180000000    6.180818177    6.185258978    6.247233663
    0.190000000    6.181818827    6.186268644    6.248260394
    0.200000000    6.182874526    6.187333879    6.249343583
    0.210000000    6.183985429    6.188454842    6.250483383
    0.220000000    6.185151697    6.189631702    6.251679956
    0.230000000    6.186373503    6.190864634    6.252933473
    0.240000000    6.187651025    6.192153825    6.254244113
    0.250000000    6.188984451    6.193499470    6.255612065
    0.260000000    6.190373980    6.194901772    6.257037524
    0.270000000    6.191819817    6.196360945    6.258520696
    0.280000000    6.193322177    6.197877212    6.260061797
    0.290000000    6.194881285    6.199450806    6.261661050
    0.300000000    6.196497376    6.201081969    6.263318689
    0.310000000    6.198170692    6.202770953    6.265034956
    0.320000000    6.199901487    6.204518019    6.266810103
    0.330000000    6.201690022    6.206323441    6.268644393
    0.340000000    6.203536573    6.208187502    6.270538098
    0.350000000    6.205441420    6.210110494    6.272491499
    0.360000000    6.207404858    6.212092721    6.274504889
    0.370000000    6.209427189    6.214134499    6.276578570
    0.380000000    6.211508729    6.216236153    6.278712855
    0.390000000    6.213649802    6.218398021    6.280908069
    0.400000000    6.215850745    6.220620453    6.283164546
    0.410000000    6.218111905    6.222903808    6.285482632
    0.420000000    6.220433640    6.225248459    6.287862685
    0.430000000    6.222816323    6.227654792    6.290305073
    0.440000000    6.225260334    6.230123205    6.292810178
    0.450000000    6.227766069    6.232654106    6.295378392
    0.460000000    6.230333935    6.235247921    6.298010120
    0.470000000    6.232964352    6.237905086    6.300705781
    0.480000000    6.235657753    6.240626051    6.303465805
    0.490000000    6.238414583    6.243411282    6.306290635
    0.500000000    6.241235304    6.246261256    6.309180730
    0.510000000    6.244120387    6.249176468    6.312136560
    0.520000000    6.247070322    6.252157425    6.315158610
    0.530000000    6.250085611    6.255204653    6.318247380
    0.540000000    6.253166771    6.258318691    6.321403383
    0.550000000    6.256314335    6.261500095    6.324627150
    0.560000000    6.259528851    6.264749437    6.327919226
    0.570000000    6.262810884    6.268067308    6.331280170
    0.580000000    6.266161015    6.271454315    6.334710560
    0.590000000    6.269579842    6.274911082    6.338210991
    0.600000000    6.273067980    6.278438255    6.341782072
    0.610000000    6.276626063    6.282036496    6.345424432
    0.620000000    6.280254742    6.285706487    6.349138718
    0.630000000    6.283954687    6.289448931    6.352925595
    0.640000000    6.287726589    6.293264551    6.356785748
    0.650000000    6.291571157    6.297154093    6.360719881
    0.660000000    6.295489122    6.301118324    6.364728718
    0.670000000    6.299481235    6.305158031    6.368813004
    0.680000000    6.303548270    6.309274030    6.372973505
    0.690000000    6.307691023    6.313467157    6.377211011
    0.700000000    6.311910313    6.317738273    6.381526332
    0.710000000    6.316206982    6.322088267    6.385920304
    0.720000000    6.320581898    6.326518053    6.390393785
    0.730000000    6.325035954    6.331028573    6.394947660
    0.740000000    6.329570069    6.335620796    6.399582839
    0.750000000    6.334185189    6.340295723    6.404300257
    0.760000000    6.338882288    6.345054384    6.409100878
    0.770000000    6.343662369    6.349897839    6.413985695
    0.780000000    6.348526465    6.354827182    6.418955729
    0.790000000    6.353475641    6.359843541    6.424012032
    0.800000000    6.358510990    6.364948078    6.429155687
    0.810000000    6.363633644    6.370141992    6.434387809
    0.820000000    6.368844764    6.375426519    6.439709548
    0.830000000    6.374145549    6.380802933    6.445122088
    0.840000000    6.379537234    6.386272552    6.450626648
    0.850000000    6.385021094    6.391836731    6.456224486
    0.860000000    6.390598442    6.397496872    6.461916898
    0.870000000    6.396270631    6.403254421    6.467705221
    0.880000000    6.402039058    6.409110873    6.473590833
    0.890000000    6.407905165    6.415067769    6.479575154
    0.900000000    6.413870438    6.421126703    6.485659652
    0.910000000    6.419936413    6.427289323    6.491845839
    0.920000000    6.426104675    6.433557331    6.498135278
    0.930000000    6.432376859    6.439932486    6.504529580
    0.940000000    6.438754655    6.446416610    6.511030411
    0.950000000    6.445239811    6.453011586    6.517639491
    0.960000000    6.451834132    6.459719363    6.524358596
    0.970000000    6.458539482    6.466541958    6.531189564
    0.980000000    6.465357791    6.473481461    6.538134293
    0.990000000    6.472291055    6.480540037    6.545194747
    1.000000000    6.479341338    6.487719928    6.552372956
    1.010000000    6.486510779    6.495023460    6.559671022
    1.020000000    6.493801589    6.502453044    6.567091121
    1.030000000    6.501216061    6.510011182    6.574635506
    1.040000000    6.508756570    6.517700471    6.582306510
    1.050000000    6.516425576    6.525523606    6.590106550
    1.060000000    6.524225631    6.533483388    6.598038135
    1.070000000    6.532159383    6.541582727    6.606103862
    1.080000000    6.540229579    6.549824649    6.614306430
    1.090000000    6.548439070    6.558212301    6.622648635
    1.100000000    6.556790816    6.566748958    6.631133385
    1.110000000    6.565287897    6.575438030    6.639763697
    1.120000000    6.573933508    6.584283070    6.648542710
    1.130000000    6.582730978    6.593287781    6.657473683
    1.140000000    6.591683765    6.602456023    6.666560011
    1.150000000    6.600795474    6.611791825    6.675805224
    1.160000000    6.610069854    6.621299395    6.685212998
    1.170000000    6.619510817    6.630983126    6.694787164
    1.180000000    6.629122438    6.640847612    6.704531715
    1.190000000    6.638908969    6.650897657    6.714450813
    1.200000000    6.648874848    6.661138291    6.724548805
    1.210000000    6.659024710    6.671574781    6.734830229
    1.220000000    6.669363399    6.682212646    6.745299823
    1.230000000    6.679895981    6.693057678    6.755962546
    1.240000000    6.690627754    6.704115954    6.766823581
    1.250000000    6.701564269    6.715393859    6.777888356
    1.260000000    6.712711339    6.726898105    6.789162557
    1.270000000    6.724075061    6.738635754    6.800652145
    1.280000000    6.735661833    6.750614243    6.812363374
    1.290000000    6.747478372    6.762841410    6.824302808
    1.300000000    6.759531738    6.775325525    6.836477346
    1.310000000    6.771829355    6.788075319    6.848894243
    1.320000000    6.784379041    6.801100021    6.861561132
    1.330000000    6.797189029    6.814409394    6.874486057
    1.340000000    6.810268006    6.828013780    6.887677495
    1.350000000    6.823625135    6.841924144    6.901144395
    1.360000000    6.837270102    6.856152124    6.914896208
    1.370000000    6.851213148    6.870710086    6.928942927
    1.380000000    6.865465116    6.885611189    6.943295131
    1.390000000    6.880037496    6.900869449    6.957964026
    1.400000000    6.894942481    6.916499816    6.972961501
    1.410000000    6.910193020    6.932518257    6.988300179
    1.420000000    6.925802885    6.948941848    7.003993484
    1.430000000    6.941786741    6.965788880    7.020055701
    1.440000000    6.958160222    6.983078970    7.036502061
    1.450000000    6.974940019    7.000833193    7.053348814
    1.460000000    6.992143976    7.019074226    7.070613329
    1.470000000    7.009791199    7.037826507    7.088314195
    1.480000000    7.027902169    7.057116423    7.106471334
    1.490000000    7.046498886    7.076972510    7.125106130
    1.500000000    7.065605011    7.097425688    7.144241575
    1.510000000    7.085246038    7.118509525    7.163902426
    1.520000000    7.105449484    7.140260534    7.184115392
    1.530000000    7.126245102    7.162718515    7.204909333
    1.540000000    7.147665127    7.185926938    7.226315491
    1.550000000    7.169744548    7.209933393    7.248367755
    1.560000000    7.192521422    7.234790089    7.271102955
    1.570000000    7.216037229    7.260554443    7.294561198
    1.580000000    7.240337279    7.287289743    7.318786253
    1.590000000    7.265471176    7.315065916    7.343825989
    1.600000000    7.291493349    7.343960417    7.369732874
    1.610000000    7.318463662    7.374059248    7.396564554
    1.620000000    7.346448107    7.405458126    7.424384508
    1.630000000    7.375519609    7.438263839    7.453262810
    1.640000000    7.405758939    7.472595785    7.483276995
    1.650000000    7.437255756    7.508587732    7.514513068
    1.660000000    7.470109792    7.546389797    7.547066652
    1.670000000    7.504432181    7.586170641    7.581044308
    1.680000000    7.540346929    7.628119836    7.616565043
    1.690000000    7.577992498    7.672450291    7.653762016
    1.700000000    7.617523428    7.719400538    7.692784447
    1.710000000    7.659111870    7.769236426    7.733799702
    1.720000000    7.702948735    7.822251477    7.776995515
    1.730000000    7.749243957    7.878764457    7.822582177
    1.740000000    7.798224944    7.939111654    7.870794460
    1.750000000    7.850131522    8.003629308    7.921892735
    1.760000000    7.905204372    8.072618079    7.976162377
    1.770000000    7.963661548    8.146275041    8.033909759
    1.780000000    8.025653396    8.224567218    8.095451849
    1.790000000    8.091178683    8.307000570    8.161094001
    1.800000000    8.159931907    8.392204212    8.231086319
    1.810000000    8.231031639    8.477197124    8.305541328
    1.820000000    8.302554481    8.556142677    8.384282176
    1.830000000    8.370790619    8.618394631    8.466567128
    1.840000000    8.429230628    8.645958462    8.550598015
    1.850000000    8.467714788    8.611811258    8.632667244
    1.860000000    8.473216127    8.483684751    8.705757769
    1.870000000    8.434728279    8.240811120    8.757512435
    1.880000000    8.351997143    7.902271078    8.768135793
    1.890000000    8.239180519    7.537579715    8.710777750
    1.900000000    8.115342707    7.229172063    8.560300513
    1.910000000    7.995173778    7.021938822    8.315320157
    1.920000000    7.894309737    6.916516643    8.020317415
    1.930000000    7.833171507    6.893802179    7.753068006
    1.940000000    7.825818222    6.932144038    7.575509777
    1.950000000    7.870721707    7.011994745    7.502558569
    1.960000000    7.955202295    7.117381720    7.514143993
    1.970000000    8.063861908    7.236578835    7.580068743
    1.980000000    8.182400709    7.361401756    7.673264699
    1.990000000    8.297072527    7.485675853    7.771666677
    2.000000000    8.392818850    7.603780902    7.855970339
    2.010000000    8.453175315    7.710111679    7.908930137
    2.020000000    8.465103774    7.800349965    7.920302885
    2.030000000    8.428077596    7.874207880    7.896942356
    2.040000000    8.355980066    7.935728474    7.866082240
    2.050000000    8.260807457    7.987362116    7.859122895
    2.060000000    8.135096461    8.023315780    7.889179398
    2.070000000    7.961295467    8.031425898    7.945336837
    2.080000000    7.742373730    8.001642896    8.000481012
    2.090000000    7.514659471    7.928817580    8.018386746
    2.100000000    7.318519086    7.804271164    7.958644465
    2.110000000    7.162172115    7.613100242    7.788824605
    2.120000000    7.023726289    7.354331189    7.509351590
    2.130000000    6.878375918    7.063849341    7.171745527
    2.140000000    6.717061587    6.801912323    6.856043140
    2.150000000    6.552442611    6.614797166    6.622310960
    2.160000000    6.417420340    6.517805640    6.490792672
    2.170000000    6.346860338    6.504191972    6.454049307
    2.180000000    6.353922453    6.556351023    6.491598632
    2.190000000    6.427607858    6.653746147    6.579763991
    2.200000000    6.546991625    6.778705723    6.698384309
    2.210000000    6.692850391    6.918746927    6.833425811
    2.220000000    6.851088037    7.066019605    6.976412490
    2.230000000    7.011492662    7.215672624    7.122772905
    2.240000000    7.165079363    7.364199568    7.270324022
    2.250000000    7.301289994    7.508030916    7.418191421
    2.260000000    7.405730099    7.642459892    7.566080196
    2.270000000    7.460246603    7.761395675    7.713728090
    2.280000000    7.449287711    7.859166036    7.860377410
    2.290000000    7.374889554    7.935061188    8.004118339
    2.300000000    7.269246685    7.996866409    8.141004380
    2.310000000    7.182158671    8.055871137    8.264058689
    2.320000000    7.147782276    8.115332554    8.362990262
    2.330000000    7.168197005    8.166280632    8.426805756
    2.340000000    7.225263872    8.196076333    8.451844463
    2.350000000    7.298168860    8.199840760    8.451833492
    2.360000000    7.369517702    8.179971058    8.456060483
    2.370000000    7.420604524    8.131298356    8.489907832
    2.380000000    7.427712772    8.032584521    8.558244137
    2.390000000    7.369999807    7.862184115    8.647478370
    2.400000000    7.248210014    7.627614685    8.734496455
    2.410000000    7.098400944    7.379532652    8.788174113
    2.420000000    6.977710214    7.187602686    8.765800480
    2.430000000    6.927571024    7.095955140    8.618083814
    2.440000000    6.953977757    7.104122682    8.315496538
    2.450000000    7.038722748    7.183082752    7.890033971
    2.460000000    7.157442617    7.296594385    7.445970125
    2.470000000    7.287100004    7.409461353    7.098924370
    2.480000000    7.405443082    7.487839389    6.900222722
    2.490000000    7.490449324    7.503039359    6.827709474
    2.500000000    7.523422645    7.442621943    6.827004210
    2.510000000    7.494139056    7.317761591    6.851468633
    2.520000000    7.405545376    7.153273753    6.882670674
    2.530000000    7.278657194    6.973879429    6.927889759
    2.540000000    7.150274910    6.805269382    6.998167563
    2.550000000    7.051585264    6.670993186    7.087967508
    2.560000000    6.984419370    6.573845023    7.172632660
    2.570000000    6.924206735    6.491167391    7.219581872
    2.580000000    6.847518217    6.399470086    7.206516368
    2.590000000    6.757907478    6.303601654    7.140952286
    2.600000000    6.682749275    6.235734509    7.061719738
    2.610000000    6.641782851    6.222690261    7.007906256
    2.620000000    6.625125672    6.261980043    6.984158823
    2.630000000    6.602944816    6.328663530    6.958488054
    2.640000000    6.552178345    6.395600521    6.887440449
    2.650000000    6.478224146    6.448447869    6.749950085
    2.660000000    6.412630546    6.487276578    6.572552184
    2.670000000    6.386218493    6.514049265    6.417851076
    2.680000000    6.406173201    6.518556419    6.337149155
    2.690000000    6.458260327    6.480438508    6.340055743
    2.700000000    6.525083906    6.390507434    6.407246202
    2.710000000    6.601324188    6.272832541    6.516983057
    2.720000000    6.693548322    6.177918709    6.656943457
    2.730000000    6.807002366    6.146488025    6.819451639
    2.740000000    6.935300288    6.185264176    6.993489468
    2.750000000    7.060414332    6.274331578    7.162137479
    2.760000000    7.156626192    6.384580766    7.303608020
    2.770000000    7.195162770    6.488384705    7.394299528
    2.780000000    7.154722475    6.565802307    7.416637183
    2.790000000    7.041031001    6.612274006    7.370192943
    2.800000000    6.899534448    6.643904631    7.272000609
    2.810000000    6.794806376    6.688783474    7.136485261
    2.820000000    6.769053946    6.767437107    6.956236083
    2.830000000    6.825216494    6.882434109    6.713855946
    2.840000000    6.941764759    7.023246710    6.421171615
    2.850000000    7.091215835    7.174382190    6.139885898
    2.860000000    7.247511000    7.318348758    5.945736432
    2.870000000    7.385968975    7.435158789    5.875455283
    2.880000000    7.483835454    7.504141727    5.918020921
    2.890000000    7.526478515    7.512194426    6.040864568
    2.900000000    7.515602818    7.464212169    6.212523426
    2.910000000    7.464706646    7.379901875    6.410312407
    2.920000000    7.378345580    7.273524595    6.619428718
    2.930000000    7.242508984    7.144824734    6.829717393
    2.940000000    7.044627783    6.995850132    7.032549595
    2.950000000    6.798942589    6.844261394    7.218211136
    2.960000000    6.543900386    6.709963425    7.373675563
    2.970000000    6.317311638    6.596115322    7.481064254
    2.980000000    6.139810431    6.489915700    7.518434153
    2.990000000    6.015477334    6.378249453    7.466145186
    3.000000000    5.942117371    6.264017171    7.319293880
    3.010000000    5.919577722    6.170805105    7.098462636
    3.020000000    5.945911736    6.127347894    6.851577441
    3.030000000    6.009313920    6.146785815    6.643667665
    3.040000000    6.089063659    6.222123390    6.528851699
    3.050000000    6.165680510    6.335959626    6.523792862
    3.060000000    6.233637046    6.472458150    6.610769847
    3.070000000    6.305092780    6.622868939    6.758839826
    3.080000000    6.396523871    6.781611500    6.938700707
    3.090000000    6.511463276    6.938898893    7.126284005
    3.100000000    6.637386225    7.077555993    7.301236530
    3.110000000    6.754368243    7.175013609    7.446225547
    3.120000000    6.845870828    7.210032152    7.549723879
    3.130000000    6.907558404    7.175070442    7.608667081
    3.140000000    6.950174667    7.088735368    7.622868877
    3.150000000    6.993238738    6.994386621    7.585237950
    3.160000000    7.052014114    6.937822871    7.487925687
    3.170000000    7.124934953    6.939347429    7.347736948
    3.180000000    7.190222201    6.985519345    7.217404338
    3.190000000    7.213591022    7.043281238    7.154922959
    3.200000000    7.164675100    7.081181267    7.183395558
    3.210000000    7.040251570    7.088327766    7.285853394
    3.220000000    6.878277163    7.081157229    7.424300192
    3.230000000    6.737253280    7.086161900    7.554511944
    3.240000000    6.653177974    7.111365581    7.632246301
    3.250000000    6.620583799    7.136036269    7.622376446
    3.260000000    6.608141101    7.124367071    7.518600733
    3.270000000    6.583996129    7.050341878    7.358342993
    3.280000000    6.536110618    6.921365343    7.200881321
    3.290000000    6.478354275    6.780186711    7.078221221
    3.300000000    6.433413259    6.673259595    6.973881360
    3.310000000    6.407887144    6.614879473    6.846033007
    3.320000000    6.388409033    6.584019156    6.667325635
    3.330000000    6.361264972    6.549729845    6.454473662
    3.340000000    6.330668195    6.494984239    6.263643843
    3.350000000    6.313348382    6.416577530    6.151450354
    3.360000000    6.317349999    6.309921604    6.137736477
    3.370000000    6.334299720    6.170272785    6.199223519
    3.380000000    6.350387461    6.011405767    6.286763655
    3.390000000    6.355584474    5.866580794    6.345143903
    3.400000000    6.345071262    5.764518722    6.330760160
    3.410000000    6.325172075    5.716328941    6.232226657
    3.420000000    6.319582922    5.725605886    6.081545384
    3.430000000    6.356732530    5.793900414    5.932420298
    3.440000000    6.447697574    5.913258160    5.823669291
    3.450000000    6.580929963    6.063510489    5.771653077
    3.460000000    6.732458891    6.218400268    5.783855943
    3.470000000    6.876323437    6.353025822    5.861976085
    3.480000000    6.991664382    6.450465919    5.997951250
    3.490000000    7.068943166    6.506429198    6.175165364
    3.500000000    7.111993374    6.526502571    6.372626139
    3.510000000    7.130147284    6.518023289    6.567922863
    3.520000000    7.126319899    6.488718489    6.738660167
    3.530000000    7.093440244    6.449758493    6.864884270
    3.540000000    7.018922483    6.408619961    6.934945981
    3.550000000    6.891722426    6.359472176    6.951907641
    3.560000000    6.712265490    6.290222995    6.931687717
    3.570000000    6.503748013    6.202680351    6.890763549
    3.580000000    6.312060143    6.123164158    6.837673063
    3.590000000    6.180664582    6.086097933    6.777980233
    3.600000000    6.121093775    6.106698527    6.721794186
    3.610000000    6.112690199    6.174368207    6.686714541
    3.620000000    6.124195506    6.266583369    6.694226802
    3.630000000    6.132965250    6.363934571    6.754808340
    3.640000000    6.134627719    6.457841906    6.855362448
    3.650000000    6.139521569    6.548805680    6.962612735
    3.660000000    6.158010342    6.636703375    7.034880494
    3.670000000    6.190976837    6.712927494    7.034269226
    3.680000000    6.229979172    6.760959395    6.938578653
    3.690000000    6.260727605    6.764583839    6.750883481
    3.700000000    6.271884029    6.721671913    6.504916403
    3.710000000    6.264424879    6.652486098    6.259861005
    3.720000000    6.248601192    6.587386257    6.074225660
    3.730000000    6.234782076    6.545792490    5.975699974
    3.740000000    6.235331904    6.534148708    5.959890038
    3.750000000    6.268246369    6.556404457    6.012144593
    3.760000000    6.346537779    6.612594460    6.119265238
    3.770000000    6.466805982    6.690385762    6.264902341
    3.780000000    6.612501578    6.767854936    6.425992232
    3.790000000    6.764687317    6.826680263    6.575635500
    3.800000000    6.908672175    6.862347292    6.687185350
    3.810000000    7.033470709    6.882053701    6.740373996
    3.820000000    7.127828886    6.892714919    6.733000855
    3.830000000    7.179315344    6.890719183    6.688597295
    3.840000000    7.180913352    6.865743297    6.645035604
    3.850000000    7.139927817    6.817129877    6.634508050
    3.860000000    7.076253838    6.762805055    6.675050712
    3.870000000    7.009242083    6.727095667    6.770426917
    3.880000000    6.949252371    6.723375066    6.911346739
    3.890000000    6.901191867    6.752468304    7.079309741
    3.900000000    6.867375173    6.810183884    7.252971363
    3.910000000    6.843211477    6.889323786    7.415306681
    3.920000000    6.818992408    6.979986478    7.559071284
    3.930000000    6.791381923    7.074245243    7.684771054
    3.940000000    6.766261923    7.167559623    7.789987896
    3.950000000    6.745095184    7.251789773    7.862386760
    3.960000000    6.713737242    7.308673260    7.887432467
    3.970000000    6.652228977    7.314431871    7.864771702
    3.980000000    6.556507851    7.254088959    7.814003301
    3.990000000    6.448276646    7.135507166    7.760852390
    4.000000000    6.364041042    6.992765418    7.719551688
    4.010000000    6.333147122    6.872261556    7.682882935
    4.020000000    6.361205107    6.807948648    7.622164332
    4.030000000    6.429193070    6.803348328    7.503506155
    4.040000000    6.505221742    6.832793211    7.310836396
    4.050000000    6.561438642    6.859286631    7.056773326
    4.060000000    6.588660001    6.855554837    6.780319809
    4.070000000    6.598833637    6.816681048    6.533976105
    4.080000000    6.612991381    6.761081604    6.360844195
    4.090000000    6.646306730    6.719385044    6.277794992
    4.100000000    6.698636003    6.712326940    6.271534726
    4.110000000    6.754559520    6.736528363    6.306371344
    4.120000000    6.796754748    6.775615304    6.344671390
    4.130000000    6.824429954    6.823017735    6.367405001
    4.140000000    6.857199115    6.889007853    6.376568394
    4.150000000    6.915885729    6.983746702    6.383140711
    4.160000000    7.001373393    7.098255970    6.401906620
    4.170000000    7.094327038    7.203745397    6.449533157
    4.180000000    7.169672698    7.265031249    6.531632659
    4.190000000    7.208140994    7.256596163    6.633877724
    4.200000000    7.199303447    7.173953846    6.729739812
    4.210000000    7.142554570    7.033533081    6.792261749
    4.220000000    7.049027399    6.860486763    6.801170193
    4.230000000    6.938588892    6.675147182    6.750577296
    4.240000000    6.830927864    6.489916109    6.657613175
    4.250000000    6.737152415    6.313182609    6.559199270
    4.260000000    6.656889252    6.150181117    6.491391307
    4.270000000    6.584142398    6.006245718    6.472143703
    4.280000000    6.516778786    5.893911108    6.502594092
    4.290000000    6.459049953    5.829289441    6.572825262
    4.300000000    6.419455502    5.821255956    6.664673502
    4.310000000    6.411221762    5.870312417    6.760180250
    4.320000000    6.450791660    5.973427529    6.852919239
    4.330000000    6.548068488    6.123278419    6.948776066
    4.340000000    6.696866070    6.304727455    7.054139629
    4.350000000    6.876224576    6.495958509    7.166756920
    4.360000000    7.058781634    6.673783675    7.274627252
    4.370000000    7.218776071    6.819489261    7.353187181
    4.380000000    7.338819948    6.922695547    7.365167466
    4.390000000    7.415886367    6.982620812    7.276888059
    4.400000000    7.461563926    7.009403729    7.087988870
    4.410000000    7.491871512    7.024308598    6.847878177
    4.420000000    7.515391696    7.051951047    6.630128659
    4.430000000    7.532909531    7.107111073    6.482450312
    4.440000000    7.546067135    7.189636890    6.407952366
    4.450000000    7.561533701    7.290103107    6.388892583
    4.460000000    7.586689117    7.396532322    6.414444792
    4.470000000    7.622868509    7.495871755    6.486747792
    4.480000000    7.657617662    7.569668781    6.607790245
    4.490000000    7.660403042    7.591409582    6.766491002
    4.500000000    7.594066559    7.536414986    6.940668139
    4.510000000    7.441417374    7.401923699    7.107605628
    4.520000000    7.225461374    7.220040683    7.251587166
    4.530000000    6.999239774    7.046663298    7.366178815
    4.540000000    6.811164289    6.929498626    7.453382465
    4.550000000    6.683517878    6.884750674    7.519192568
    4.560000000    6.621133328    6.903018212    7.566966680
    4.570000000    6.624358549    6.967152232    7.593822904
    4.580000000    6.685380316    7.058641460    7.591065746
    4.590000000    6.781654769    7.155461697    7.547914776
    4.600000000    6.882461060    7.235680819    7.461411147
    4.610000000    6.962780774    7.287510670    7.346029668
    4.620000000    7.012771641    7.314646937    7.229983645
    4.630000000    7.035987825    7.328431470    7.136996052
    4.640000000    7.040328098    7.336486986    7.072841144
    4.650000000    7.034138333    7.343429733    7.032684640
    4.660000000    7.028578866    7.357323550    7.013553646
    4.670000000    7.039871194    7.390118570    7.016504620
    4.680000000    7.087320053    7.454094550    7.045978442
    4.690000000    7.184376124    7.556722934    7.109789832
    4.700000000    7.330070344    7.695705937    7.213808016
    4.710000000    7.511059067    7.859612731    7.354232310
    4.720000000    7.711854085    8.034408187    7.516835698
    4.730000000    7.922248282    8.208728109    7.684467336
    4.740000000    8.135698742    8.372927615    7.848288282
    4.750000000    8.343217087    8.516451080    8.013834973
    4.760000000    8.530989024    8.631625726    8.192228698
    4.770000000    8.682604067    8.720382821    8.384538325
    4.780000000    8.782611183    8.791175838    8.578243195
    4.790000000    8.822209718    8.846955006    8.754809599
    4.800000000    8.805907524    8.879456676    8.893491282
    4.810000000    8.748817872    8.873655235    8.971098580
    4.820000000    8.664878444    8.817661229    8.971124421
    4.830000000    8.561607440    8.714392135    8.899456992
    4.840000000    8.442748028    8.581436371    8.783353489
    4.850000000    8.310616630    8.437579826    8.652710115
    4.860000000    8.170641899    8.298665173    8.533355427
    4.870000000    8.035673777    8.183098436    8.452429833
    4.880000000    7.919438738    8.105508954    8.429864542
    4.890000000    7.825308138    8.063883193    8.459494341
    4.900000000    7.747241835    8.040935243    8.502565693
    4.910000000    7.679691095    8.016526377    8.500942342
    4.920000000    7.621395190    7.975643870    8.401855981
    4.930000000    7.572704360    7.911060661    8.188875858
    4.940000000    7.536011409    7.826195481    7.906112284
    4.950000000    7.520406733    7.737717695    7.643836394
    4.960000000    7.540708156    7.673631681    7.483265122
    4.970000000    7.607591790    7.663339930    7.454208790
    4.980000000    7.719748629    7.723152012    7.536519174
    4.990000000    7.865067450    7.846427758    7.681393423
    5.000000000    8.025133616    8.004689978    7.832344453
    5.010000000    8.180165796    8.159576247    7.945032844
    5.020000000    8.317367134    8.279170623    7.999292901
    5.030000000    8.435568874    8.347065518    7.992219888
    5.040000000    8.539906649    8.361592296    7.924899259
    5.050000000    8.636730105    8.337528919    7.808425474
    5.060000000    8.731493422    8.306951134    7.677533761
    5.070000000    8.822774323    8.302254889    7.580148081
    5.080000000    8.902271919    8.335842413    7.548340404
    5.090000000    8.968334277    8.401940500    7.584326992
    5.100000000    9.033880295    8.489482239    7.671345356
    5.110000000    9.113115440    8.585244337    7.789311912
    5.120000000    9.201570467    8.669179193    7.921365212
    5.130000000    9.268733655    8.709627071    8.051831134
    5.140000000    9.269777001    8.668309674    8.163935378
    5.150000000    9.171645346    8.521308189    8.247573604
    5.160000000    8.975622393    8.279356191    8.310267905
    5.170000000    8.718419415    7.988698079    8.375722123
    5.180000000    8.447489619    7.709175133    8.467827430
    5.190000000    8.191855177    7.481877405    8.594354366
    5.200000000    7.959124892    7.315446197    8.746620080
    5.210000000    7.753922228    7.201314661    8.910590485
    5.220000000    7.589815841    7.134001992    9.072504329
    5.230000000    7.485763916    7.115193945    9.219142418
    5.240000000    7.454804409    7.146392596    9.341368518
    5.250000000    7.493981863    7.224070424    9.436537862
    5.260000000    7.586308802    7.341508218    9.506835906
    5.270000000    7.714797529    7.493344904    9.561296552
    5.280000000    7.872768708    7.677863139    9.618136780
    5.290000000    8.054916182    7.891200021    9.691673405
    5.300000000    8.239806045    8.117349603    9.772509174
    5.310000000    8.389979947    8.329138706    9.828975549
    5.320000000    8.468704865    8.500059679    9.831695829
    5.330000000    8.455012490    8.614053578    9.779651222
    5.340000000    8.353810150    8.672025200    9.706217178
    5.350000000    8.201875132    8.697444347    9.658150112
    5.360000000    8.058743668    8.731866368    9.666987748
    5.370000000    7.978697816    8.813947307    9.738874072
    5.380000000    7.983302074    8.954610374    9.862898364
    5.390000000    8.057140179    9.128980353   10.019147964
    5.400000000    8.165896308    9.290961233   10.183398623
    5.410000000    8.277647571    9.398336413   10.338646674
    5.420000000    8.374252411    9.431136159   10.486038594
    5.430000000    8.448903626    9.392406112   10.640836207
    5.440000000    8.493512153    9.295886957   10.815394443
    5.450000000    8.488693848    9.150993595   11.004143070
    5.460000000    8.407635035    8.952571084   11.182713641
    5.470000000    8.230539617    8.682735621   11.316243667
    5.480000000    7.954583360    8.323146439   11.370861622
    5.490000000    7.597433975    7.875744966   11.330245569
    5.500000000    7.199897890    7.383401792   11.207572592
    5.510000000    6.818921506    6.923097081   11.042684599
    5.520000000    6.506115809    6.564764113   10.886989594
    5.530000000    6.284537177    6.331293247   10.777557235
    5.540000000    6.144592456    6.198411142   10.722891456
    5.550000000    6.061409057    6.125692788   10.719457585
    5.560000000    6.009411158    6.078730482   10.765665677
    5.570000000    5.964610150    6.032226279   10.851521529
    5.580000000    5.908402566    5.970756456   10.946441957
    5.590000000    5.835758664    5.892218167   10.999127488
    5.600000000    5.758212772    5.808006629   10.953487112
    5.610000000    5.697730036    5.739920020   10.781009246
    5.620000000    5.671796424    5.711287812   10.499009799
    5.630000000    5.675770961    5.727531165   10.149712858
    5.640000000    5.677983619    5.761062516    9.766254858
    5.650000000    5.633734443    5.759416712    9.352899633
    5.660000000    5.514505262    5.678575946    8.888909228
    5.670000000    5.336346862    5.519562715    8.361522480
    5.680000000    5.153964776    5.329232137    7.791615711
    5.690000000    5.022096667    5.164686288    7.216018638
    5.700000000    4.966866989    5.064277151    6.659454884
    5.710000000    4.982187382    5.038433569    6.135285422
    5.720000000    5.037539417    5.068078737    5.658767011
    5.730000000    5.092817132    5.115102643    5.246252628
    5.740000000    5.117764393    5.141657081    4.903217463
    5.750000000    5.104920248    5.121631716    4.622606024
    5.760000000    5.066480197    5.041058796    4.393830181
    5.770000000    5.019339012    4.897380031    4.200839779
    5.780000000    4.976146075    4.706017979    4.018878322
    5.790000000    4.948082918    4.506128109    3.830136687
    5.800000000    4.942892451    4.345302320    3.639454101
    5.810000000    4.954874787    4.250631683    3.464221712
    5.820000000    4.964380341    4.218640087    3.308997357
    5.830000000    4.950201088    4.228352485    3.155706995
    5.840000000    4.902042814    4.257128997    2.986342801
    5.850000000    4.824869261    4.289369333    2.813443227
    5.860000000    4.736924699    4.319334199    2.676661804
    5.870000000    4.665376226    4.349716420    2.608130999
    5.880000000    4.634329227    4.384127086    2.604991488
    5.890000000    4.647402788    4.417566360    2.639784190
    5.900000000    4.685574932    4.436286171    2.696413075
    5.910000000    4.723880773    4.426713647    2.783757527
    5.920000000    4.745408431    4.382998101    2.912068954
    5.930000000    4.741916923    4.309164394    3.068298771
    5.940000000    4.710355717    4.216404871    3.220267131
    5.950000000    4.652234525    4.117280414    3.338974503
    5.960000000    4.574719511    4.023352574    3.415730429
    5.970000000    4.487050455    3.944817253    3.464251959
    5.980000000    4.391383044    3.884621303    3.504312578
    5.990000000    4.282775786    3.834565511    3.536981395
    6.000000000    4.166171385    3.786120815    3.541011700
    6.010000000    4.067623694    3.744831959    3.497804904
    6.020000000    4.017781815    3.726551573    3.409605046
    6.030000000    4.031687059    3.744966726    3.291750434
    6.040000000    4.111279970    3.810811159    3.161089467
    6.050000000    4.253078543    3.933177202    3.034047052
    6.060000000    4.445658495    4.113227164    2.925457449
    6.070000000    4.667309902    4.340595429    2.844997113
    6.080000000    4.890198725    4.596407766    2.797277100
    6.090000000    5.087376610    4.857984006    2.786100103
    6.100000000    5.237377941    5.100511068    2.812712873
    6.110000000    5.323891884    5.295472104    2.865726435
    6.120000000    5.336954260    5.414089985    2.918505105
    6.130000000    5.278176344    5.439227695    2.940649430
    6.140000000    5.164887532    5.377865085    2.920241352
    6.150000000    5.029534885    5.263218961    2.881554057
    6.160000000    4.908576895    5.140098682    2.868661732
    6.170000000    4.826131671    5.044096780    2.902406783
    6.180000000    4.787413053    4.990783245    2.962355755
    6.190000000    4.783100219    4.976994703    3.013228885
    6.200000000    4.796637066    4.988439159    3.036009810
    6.210000000    4.811176138    5.008171753    3.029011431
    6.220000000    4.816014016    5.022674298    2.990481461
    6.230000000    4.809724606    5.024138283    2.909601005
    6.240000000    4.795085815    5.007969439    2.772319639
    6.250000000    4.769061496    4.966830160    2.573515980
    6.260000000    4.720018990    4.888969363    2.324473598
    6.270000000    4.638063957    4.768617788    2.048536951
    6.280000000    4.527809140    4.619122087    1.768549803
    6.290000000    4.406126316    4.468599708    1.498433276
    6.300000000    4.284939652    4.338415586    1.243624561
    6.310000000    4.160675572    4.230384696    1.007037157
    6.320000000    4.020195458    4.132709940    0.801557169
    6.330000000    3.849853526    4.029282257    0.656833771
    6.340000000    3.639947653    3.904807331    0.603357995
    6.350000000    3.389260884    3.750800813    0.644212406
    6.360000000    3.109292212    3.571580792    0.742789837
    6.370000000    2.822111098    3.381948180    0.839885982
    6.380000000    2.552292070    3.195970544    0.887305573
    6.390000000    2.319171434    3.019437463    0.872651780
    6.400000000    2.131436570    2.851291071    0.817979655
    6.410000000    1.983535986    2.685207692    0.754140932
    6.420000000    1.857445206    2.511030118    0.695178961
    6.430000000    1.732651531    2.321177221    0.638834852
    6.440000000    1.600932950    2.119719061    0.583393369
    6.450000000    1.474674927    1.926859023    0.538206865
    6.460000000    1.378107312    1.768976694    0.523937718
    6.470000000    1.328410197    1.661136400    0.564524116
    6.480000000    1.324279467    1.601397445    0.671734206
    6.490000000    1.349661740    1.577968196    0.830055263
    6.500000000    1.387683140    1.578914362    0.996700396
    6.510000000    1.429279124    1.595533519    1.121803808
    6.520000000    1.468366073    1.618091569    1.175907389
    6.530000000    1.496811902    1.635802493    1.163851259
    6.540000000    1.507853226    1.645090540    1.109930174
    6.550000000    1.499528844    1.652142723    1.025536390
    6.560000000    1.475091776    1.664570299    0.898088177
    6.570000000    1.445575452    1.687491937    0.718104634
    6.580000000    1.429623911    1.728393009    0.508591449
    6.590000000    1.441098366    1.792457630    0.317305908
    6.600000000    1.473740537    1.867773387    0.182796284
    6.610000000    1.501952208    1.923806462    0.110607006
    6.620000000    1.499636882    1.929493651    0.078048198
    6.630000000    1.457094201    1.869740306    0.059510670
    6.640000000    1.380969862    1.745561096    0.049396417
    6.650000000    1.287944703    1.570436062    0.067733443
    6.660000000    1.199271706    1.369441164    0.143384413
    6.670000000    1.129631135    1.169869273    0.281179422
    6.680000000    1.080038461    0.990017118    0.445521451
    6.690000000    1.045725891    0.840644559    0.580540935
    6.700000000    1.024389734    0.729232926    0.643966039
    6.710000000    1.013918483    0.657296671    0.626253400
    6.720000000    1.010003349    0.618349571    0.551024500
    6.730000000    1.008829686    0.600183706    0.464261853
    6.740000000    1.010837430    0.591027878    0.413265091
    6.750000000    1.023150560    0.588267068    0.423952633
    6.760000000    1.055080892    0.598904754    0.492328435
    6.770000000    1.107575711    0.627330901    0.589980251
    6.780000000    1.168964989    0.666651938    0.676267348
    6.790000000    1.221267388    0.703588355    0.711373439
    6.800000000    1.250822582    0.727283253    0.666013675
    6.810000000    1.257901580    0.735716967    0.534171774
    6.820000000    1.258742546    0.738800926    0.344044608
    6.830000000    1.277263242    0.753551267    0.140919435
    6.840000000    1.333386617    0.793478274   -0.049282084
    6.850000000    1.434012183    0.862197396   -0.225720541
    6.860000000    1.567790225    0.953738355   -0.382118102
    6.870000000    1.705412613    1.053017521   -0.492079017
    6.880000000    1.808101720    1.137331410   -0.531918105
    6.890000000    1.844279227    1.186392306   -0.503669479
    6.900000000    1.804497082    1.195441331   -0.431494663
    6.910000000    1.701262060    1.175072192   -0.345783186
    6.920000000    1.560150449    1.139364584   -0.270222016
    6.930000000    1.415363835    1.101554840   -0.213676542
    6.940000000    1.303675118    1.079053315   -0.167549155
    6.950000000    1.251126349    1.091715809   -0.113582436
    6.960000000    1.260025539    1.147922810   -0.043767342
    6.970000000    1.308345906    1.235166727    0.026840609
    6.980000000    1.366090839    1.329920319    0.067954276
    6.990000000    1.414011164    1.415303439    0.049251172
    7.000000000    1.449953756    1.489295668   -0.041990198
    7.010000000    1.481671688    1.558649654   -0.184268248
    7.020000000    1.512685265    1.624064069   -0.333319896
    7.030000000    1.534709681    1.673001733   -0.462191060
    7.040000000    1.535200603    1.690310102   -0.581470020
    7.050000000    1.510956675    1.674324750   -0.719586803
    7.060000000    1.472951290    1.641164741   -0.892851458
    7.070000000    1.440419394    1.615606200   -1.090340048
    7.080000000    1.432567012    1.618482645   -1.278638402
    7.090000000    1.462584984    1.659429420   -1.419683767
    7.100000000    1.532905275    1.736822918   -1.488228366
    7.110000000    1.632851405    1.840318397   -1.482354067
    7.120000000    1.743857844    1.954609311   -1.422809124
    7.130000000    1.851350063    2.067948803   -1.338965409
    7.140000000    1.951557738    2.178393834   -1.252508592
    7.150000000    2.044500540    2.286584500   -1.171421367
    7.160000000    2.121964093    2.382406372   -1.093881499
    7.170000000    2.165163186    2.442465904   -1.017388316
    7.180000000    2.155044917    2.443272629   -0.947724726
    7.190000000    2.087248045    2.379026767   -0.896506759
    7.200000000    1.979306683    2.267432178   -0.868292717
    7.210000000    1.864631385    2.139416248   -0.855037005
    7.220000000    1.775844444    2.021562688   -0.843308335
    7.230000000    1.724151465    1.920289573   -0.821605798
    7.240000000    1.692007357    1.817481824   -0.783291313
    7.250000000    1.650022657    1.685660332   -0.729523820
    7.260000000    1.580955805    1.513165258   -0.668706129
    7.270000000    1.486606144    1.315659169   -0.608736690
    7.280000000    1.377929087    1.124587643   -0.551708328
    7.290000000    1.266794434    0.969732319   -0.496505232
    7.300000000    1.163838250    0.870472329   -0.441062265
    7.310000000    1.075054342    0.831036337   -0.383345819
    7.320000000    1.000484122    0.839758695   -0.324499321
    7.330000000    0.939963980    0.877486257   -0.268512424
    7.340000000    0.901157546    0.930186723   -0.218793794
    7.350000000    0.897477654    0.992971509   -0.178287012
    7.360000000    0.934219265    1.062991272   -0.153630626
    7.370000000    1.001719315    1.135164444   -0.157085342
    7.380000000    1.083137198    1.206679624   -0.201137415
    7.390000000    1.163709932    1.278631722   -0.290038086
    7.400000000    1.234070426    1.348988823   -0.413801469
    7.410000000    1.290153465    1.406329978   -0.549510661
    7.420000000    1.330515823    1.432809057   -0.674562295
    7.430000000    1.351714209    1.413473422   -0.783271338
    7.440000000    1.349770683    1.347591618   -0.886963288
    7.450000000    1.328880671    1.256637883   -0.994476875
    7.460000000    1.302899409    1.177071989   -1.098687711
    7.470000000    1.285809925    1.138028402   -1.187802767
    7.480000000    1.289013239    1.148225336   -1.262739142
    7.490000000    1.327111881    1.204372163   -1.334716495
    7.500000000    1.411726059    1.300244758   -1.409269229
    7.510000000    1.539902368    1.426647285   -1.478258320
    7.520000000    1.700125432    1.574834192   -1.524647509
    7.530000000    1.885919775    1.740370307   -1.532813066
    7.540000000    2.092308513    1.914303119   -1.499493934
    7.550000000    2.302160641    2.072824986   -1.438896501
    7.560000000    2.484358490    2.182541377   -1.376261680
    7.570000000    2.604698346    2.215272214   -1.334905534
    7.580000000    2.640482494    2.160082961   -1.324363894
    7.590000000    2.589549679    2.025687334   -1.337491784
    7.600000000    2.466420881    1.834200057   -1.363767160
    7.610000000    2.290510320    1.615084927   -1.405639267
    7.620000000    2.075599802    1.398257563   -1.473715092
    7.630000000    1.827949462    1.203173163   -1.562411166
    7.640000000    1.559594095    1.036470732   -1.638371315
    7.650000000    1.301026730    0.901253772   -1.662411860
    7.660000000    1.085485372    0.800225685   -1.619597207
    7.670000000    0.917606468    0.728603510   -1.524700862
    7.680000000    0.769401070    0.672635365   -1.405796002
    7.690000000    0.610786868    0.619363397   -1.284759651
    7.700000000    0.435881680    0.564715696   -1.168166748
    7.710000000    0.254429380    0.508566748   -1.055214516
    7.720000000    0.069481458    0.446001271   -0.951687301
    7.730000000   -0.119482626    0.371677842   -0.870978061
    7.740000000   -0.297207033    0.292082830   -0.825794385
    7.750000000   -0.434885997    0.226143289   -0.825324926
    7.760000000   -0.514046556    0.189787285   -0.875833006
    7.770000000   -0.541624447    0.179253747   -0.977324505
    7.780000000   -0.544042653    0.168979814   -1.119508765
    7.790000000   -0.551884302    0.126631896   -1.282986736
    7.800000000   -0.588204710    0.034214213   -1.445194914
    7.810000000   -0.662830976   -0.099570706   -1.586277139
    7.820000000   -0.771084486   -0.245728797   -1.694633331
    7.830000000   -0.899624848   -0.376156311   -1.775067104
    7.840000000   -1.036317567   -0.481271120   -1.852878388
    7.850000000   -1.174269271   -0.571645461   -1.961639378
    7.860000000   -1.305901311   -0.663862880   -2.120899161
    7.870000000   -1.417919266   -0.763705798   -2.327259575
    7.880000000   -1.500892442   -0.864576169   -2.562872826
    7.890000000   -1.563658145   -0.960399239   -2.804378851
    7.900000000   -1.635126623   -1.059095437   -3.026941670
    7.910000000   -1.749303204   -1.182666905   -3.209810865
    7.920000000   -1.923130717   -1.352115370   -3.343879332
    7.930000000   -2.145035694   -1.574418915   -3.434602588
    7.940000000   -2.385898300   -1.844936521   -3.497391370
    7.950000000   -2.623015854   -2.156148115   -3.549308860
    7.960000000   -2.846404501   -2.491130283   -3.601186446
    7.970000000   -3.043329372   -2.809027352   -3.653830157
    7.980000000   -3.196415977   -3.057395048   -3.700283167
    7.990000000   -3.297504168   -3.203763734   -3.730053826
    8.000000000   -3.345854943   -3.243918140   -3.731375649
    8.010000000   -3.336847109   -3.188578067   -3.696003355
    8.020000000   -3.266374646   -3.057910361   -3.626112729
    8.030000000   -3.142654958   -2.883176440   -3.533607761
    8.040000000   -2.985442971   -2.699898907   -3.432273331
    8.050000000   -2.815809835   -2.534403404   -3.331671718
    8.060000000   -2.649087050   -2.394852230   -3.235502615
    8.070000000   -2.493575372   -2.272723926   -3.143024775
    8.080000000   -2.353142429   -2.154882396   -3.052365508
    8.090000000   -2.230690498   -2.036791134   -2.963003617
    8.100000000   -2.127905597   -1.925915814   -2.876106418
    8.110000000   -2.043192765   -1.836251785   -2.794362627
    8.120000000   -1.972931938   -1.780249049   -2.722753705
    8.130000000   -1.913977424   -1.760160436   -2.668236741
    8.140000000   -1.863218085   -1.763019753   -2.634857352
    8.150000000   -1.816308157   -1.768064552   -2.618157500
    8.160000000   -1.768353059   -1.763364567   -2.607726586
    8.170000000   -1.714820615   -1.752862923   -2.597541293
    8.180000000   -1.652626079   -1.748459235   -2.591931512
    8.190000000   -1.583267132   -1.763015035   -2.600648989
    8.200000000   -1.514660428   -1.809978750   -2.629473553
    8.210000000   -1.455080592   -1.895268937   -2.674281183
    8.220000000   -1.403092990   -2.002755364   -2.721545491
    8.230000000   -1.347123131   -2.096563166   -2.753642049
    8.240000000   -1.276507329   -2.142662024   -2.756337052
    8.250000000   -1.191210363   -2.128131914   -2.726759031
    8.260000000   -1.103104889   -2.066437961   -2.676864289
    8.270000000   -1.029496667   -1.988274643   -2.626921228
    8.280000000   -0.980843798   -1.921193360   -2.592267975
    8.290000000   -0.952521292   -1.872910299   -2.573611133
    8.300000000   -0.929936588   -1.833422478   -2.558731076
    8.310000000   -0.900571986   -1.790492525   -2.534193115
    8.320000000   -0.860800416   -1.740444276   -2.495091132
    8.330000000   -0.813613233   -1.686947947   -2.444117770
    8.340000000   -0.761922201   -1.634314192   -2.386763624
    8.350000000   -0.706090683   -1.584471921   -2.330239500
    8.360000000   -0.647602817   -1.538993357   -2.283208587
    8.370000000   -0.591549076   -1.500924674   -2.253338292
    8.380000000   -0.544518324   -1.473470987   -2.244250620
    8.390000000   -0.511298188   -1.456271800   -2.254197738
    8.400000000   -0.491952808   -1.442177353   -2.276332256
    8.410000000   -0.478529081   -1.417114167   -2.299336546
    8.420000000   -0.455229424   -1.364290271   -2.310154459
    8.430000000   -0.406564932   -1.272601948   -2.301170431
    8.440000000   -0.326938530   -1.143351345   -2.277237390
    8.450000000   -0.222881105   -0.989051596   -2.253247929
    8.460000000   -0.109403575   -0.826889636   -2.243102012
    8.470000000   -0.003368296   -0.671810067   -2.251569881
    8.480000000    0.084175060   -0.531586925   -2.274335237
    8.490000000    0.149783538   -0.407474012   -2.301906836
    8.500000000    0.190792111   -0.300887860   -2.322142634
    8.510000000    0.202401955   -0.216394612   -2.319818577
    8.520000000    0.184688784   -0.156873610   -2.279764665
    8.530000000    0.144899216   -0.121017910   -2.196710287
    8.540000000    0.089638906   -0.106343147   -2.081049658
    8.550000000    0.021597036   -0.108878363   -1.953212695
    8.560000000   -0.054321865   -0.119668665   -1.833417893
    8.570000000   -0.127550141   -0.126672728   -1.735467148
    8.580000000   -0.187225465   -0.121529368   -1.666647758
    8.590000000   -0.230036238   -0.103983694   -1.630303598
    8.600000000   -0.262381368   -0.081013741   -1.625750209
    8.610000000   -0.295994974   -0.062831048   -1.646946088
    8.620000000   -0.342213156   -0.058510296   -1.684569407
    8.630000000   -0.408842737   -0.073588769   -1.729396446
    8.640000000   -0.500079081   -0.110229285   -1.773253126
    8.650000000   -0.616772743   -0.167029486   -1.808210477
    8.660000000   -0.755436010   -0.238144595   -1.826970849
    8.670000000   -0.908239471   -0.314338190   -1.824865491
    8.680000000   -1.065714509   -0.386302042   -1.801780163
    8.690000000   -1.219577362   -0.448474303   -1.761423175
    8.700000000   -1.363055230   -0.500877646   -1.708483520
    8.710000000   -1.489680852   -0.546973948   -1.646637608
    8.720000000   -1.591356714   -0.588390296   -1.577001566
    8.730000000   -1.659985779   -0.623635895   -1.497727366
    8.740000000   -1.693692821   -0.652357480   -1.407564732
    8.750000000   -1.698181557   -0.675676165   -1.309800711
    8.760000000   -1.681401871   -0.693120913   -1.211497727
    8.770000000   -1.652015128   -0.706234427   -1.120958243
    8.780000000   -1.621865743   -0.723597179   -1.045792151
    8.790000000   -1.603614215   -0.756719765   -0.990259071
    8.800000000   -1.605261055   -0.812417462   -0.953181691
    8.810000000   -1.628618392   -0.890534962   -0.927907028
    8.820000000   -1.672591980   -0.986548131   -0.906047239
    8.830000000   -1.736499078   -1.095130739   -0.883957530
    8.840000000   -1.818781917   -1.211068071   -0.864656420
    8.850000000   -1.912381424   -1.326114253   -0.853290994
    8.860000000   -2.001388667   -1.426370899   -0.850509897
    8.870000000   -2.064477249   -1.497604451   -0.847757105
    8.880000000   -2.087176345   -1.537131711   -0.829361023
    8.890000000   -2.071915960   -1.558660921   -0.781764265
    8.900000000   -2.033445384   -1.582090883   -0.702965091
    8.910000000   -1.987365466   -1.620222944   -0.605542047
    8.920000000   -1.946306197   -1.676779736   -0.512008755
    8.930000000   -1.922033783   -1.752089526   -0.446770688
    8.940000000   -1.924670437   -1.845745398   -0.429882592
    8.950000000   -1.960139341   -1.956510470   -0.472569751
    8.960000000   -2.029221797   -2.082202616   -0.573094497
    8.970000000   -2.125910330   -2.215812201   -0.716423874
    8.980000000   -2.235404969   -2.340488504   -0.879070918
    8.990000000   -2.337272177   -2.433770959   -1.035467446
    9.000000000   -2.414888070   -2.479900540   -1.163056403
    9.010000000   -2.462117756   -2.475287216   -1.245480732
    9.020000000   -2.480346161   -2.423405220   -1.274795157
    9.030000000   -2.472121442   -2.330560124   -1.253524994
    9.040000000   -2.438289268   -2.205701238   -1.193854588
    9.050000000   -2.377871170   -2.059444027   -1.111673528
    9.060000000   -2.290369310   -1.903389017   -1.019706783
    9.070000000   -2.180544991   -1.751645447   -0.925710155
    9.080000000   -2.060874554   -1.621172032   -0.836536633
    9.090000000   -1.948801034   -1.528415170   -0.761807644
    9.100000000   -1.862136877   -1.485550604   -0.712159267
    9.110000000   -1.815554199   -1.499763226   -0.695248051
    9.120000000   -1.816665347   -1.572300039   -0.714545697
    9.130000000   -1.862292372   -1.695935789   -0.770817910
    9.140000000   -1.939472354   -1.855936969   -0.862217814
    9.150000000   -2.032001365   -2.035870980   -0.981309621
    9.160000000   -2.127865889   -2.224319279   -1.113995557
    9.170000000   -2.221691080   -2.417204590   -1.244280525
    9.180000000   -2.311303577   -2.611904248   -1.359894582
    9.190000000   -2.393006362   -2.796943255   -1.454451068
    9.200000000   -2.460012207   -2.949606804   -1.528055799
    9.210000000   -2.505432057   -3.047278137   -1.585191117
    9.220000000   -2.527183909   -3.081109657   -1.628377683
    9.230000000   -2.530500444   -3.059070878   -1.654986783
    9.240000000   -2.526225100   -3.000285326   -1.662738479
    9.250000000   -2.526308427   -2.927872182   -1.656462162
    9.260000000   -2.539212103   -2.861751904   -1.646131137
    9.270000000   -2.567136015   -2.812349461   -1.639029510
    9.280000000   -2.605440501   -2.779129939   -1.636879694
    9.290000000   -2.645499815   -2.756249385   -1.641065833
    9.300000000   -2.682002212   -2.741751512   -1.657890339
    9.310000000   -2.717948646   -2.741430249   -1.696088139
    9.320000000   -2.759946808   -2.762909257   -1.760446441
    9.330000000   -2.810402482   -2.807483781   -1.849959486
    9.340000000   -2.866650820   -2.869583738   -1.959266503
    9.350000000   -2.926352680   -2.943926355   -2.079706217
    9.360000000   -2.991895760   -3.030580331   -2.203090202
    9.370000000   -3.067951402   -3.130864987   -2.325695842
    9.380000000   -3.154726047   -3.241121429   -2.445667099
    9.390000000   -3.243709906   -3.352300043   -2.558159799
    9.400000000   -3.319274756   -3.452984909   -2.657211995
    9.410000000   -3.366148677   -3.532841146   -2.741151865
    9.420000000   -3.376865240   -3.585124798   -2.811305818
    9.430000000   -3.352479994   -3.606872045   -2.866198897
    9.440000000   -3.299091312   -3.599372288   -2.903043274
    9.450000000   -3.226173308   -3.569952549   -2.924302425
    9.460000000   -3.147175037   -3.531643443   -2.938637347
    9.470000000   -3.077921973   -3.498851999   -2.956352347
    9.480000000   -3.031057466   -3.481010738   -2.983845206
    9.490000000   -3.011235193   -3.478963747   -3.020327710
    9.500000000   -3.015512698   -3.487377864   -3.060381496
    9.510000000   -3.036747895   -3.500266767   -3.100416371
    9.520000000   -3.065947195   -3.513654077   -3.141597728
    9.530000000   -3.093359085   -3.523442331   -3.185445927
    9.540000000   -3.109550366   -3.522492574   -3.226993164
    9.550000000   -3.108915904   -3.503548207   -3.255454513
    9.560000000   -3.094612999   -3.466749435   -3.264308686
    9.570000000   -3.077284851   -3.421106285   -3.258163688
    9.580000000   -3.066859929   -3.377306329   -3.248418050
    9.590000000   -3.066441179   -3.341124790   -3.244230497
    9.600000000   -3.072845988   -3.313213294   -3.246214209
    9.610000000   -3.080685948   -3.292170176   -3.246491810
    9.620000000   -3.085309434   -3.276275026   -3.235355825
    9.630000000   -3.082881522   -3.262387877   -3.208445198
    9.640000000   -3.070162468   -3.245105230   -3.168775937
    9.650000000   -3.045554805   -3.219405117   -3.124091470
    9.660000000   -3.009729468   -3.183642907   -3.082759374
    9.670000000   -2.965285463   -3.139084848   -3.051243037
    9.680000000   -2.916896244   -3.088522194   -3.033913536
    9.690000000   -2.872458802   -3.037378302   -3.033113523
    9.700000000   -2.842479340   -2.994505010   -3.047240832
    9.710000000   -2.836242751   -2.969011413   -3.068318600
    9.720000000   -2.858393743   -2.965335392   -3.083584453
    9.730000000   -2.908127157   -2.981495519   -3.082164167
    9.740000000   -2.979264601   -3.011836949   -3.062142037
    9.750000000   -3.060495914   -3.050605037   -3.031797904
    9.760000000   -3.137894831   -3.093485398   -3.003268153
    9.770000000   -3.199497742   -3.137018345   -2.984312768
    9.780000000   -3.237737754   -3.177072674   -2.974892455
    9.790000000   -3.249660796   -3.209123020   -2.969509347
    9.800000000   -3.238170168   -3.231358572   -2.962460890
    9.810000000   -3.212075292   -3.246575844   -2.951354591
    9.820000000   -3.182524149   -3.259772435   -2.935307163
    9.830000000   -3.159147720   -3.274668754   -2.912209649
    9.840000000   -3.148556051   -3.292632493   -2.880713892
    9.850000000   -3.154304502   -3.313622808   -2.843508124
    9.860000000   -3.176613083   -3.336950933   -2.806284413
    9.870000000   -3.212414634   -3.360895656   -2.774763513
    9.880000000   -3.258147781   -3.383434533   -2.754511839
    9.890000000   -3.313072296   -3.404280715   -2.750637452
    9.900000000   -3.378100215   -3.424414325   -2.763161221
    9.910000000   -3.449458637   -3.442007203   -2.783259413
    9.920000000   -3.514416357   -3.450185826   -2.797476711
    9.930000000   -3.557665841   -3.441729829   -2.796202622
    9.940000000   -3.572366575   -3.415290304   -2.777496661
    9.950000000   -3.562587694   -3.375281753   -2.745628578
    9.960000000   -3.537147527   -3.327648253   -2.708290333
    9.970000000   -3.504064277   -3.277735002   -2.672956811
    9.980000000   -3.469700620   -3.230985096   -2.643513181
    9.990000000   -3.438789113   -3.192092740   -2.619787739
   10.000000000   -3.412354952   -3.161892752   -2.599776905
   10.010000000   -3.386555529   -3.136469146   -2.581884140
   10.020000000   -3.355484242   -3.110216001   -2.565322828
   10.030000000   -3.316213381   -3.079938856   -2.549763164
   10.040000000   -3.271481502   -3.046314608   -2.536163664
   10.050000000   -3.226989774   -3.011525033   -2.527754732
   10.060000000   -3.187078633   -2.976831213   -2.528255161
   10.070000000   -3.153951776   -2.943456144   -2.539210536
   10.080000000   -3.129202180   -2.914511700   -2.560437883
   10.090000000   -3.114203874   -2.894277073   -2.592243395
   10.100000000   -3.108899272   -2.884923604   -2.635836467
   10.110000000   -3.111464227   -2.884504433   -2.691079725
   10.120000000   -3.119753197   -2.888701543   -2.754063744
   10.130000000   -3.132031447   -2.893967099   -2.817860459
   10.140000000   -3.146284285   -2.898588350   -2.875558489
   10.150000000   -3.159498212   -2.901584771   -2.922383554
   10.160000000   -3.166898143   -2.900975052   -2.955010812
   10.170000000   -3.162443608   -2.893699351   -2.969532204
   10.180000000   -3.142639026   -2.878358543   -2.962789232
   10.190000000   -3.109848819   -2.856621306   -2.935933014
   10.200000000   -3.070606885   -2.830845578   -2.894751135
   10.210000000   -3.031754772   -2.802219598   -2.847180005
   10.220000000   -2.998232772   -2.771614576   -2.800681195
   10.230000000   -2.971918043   -2.740085942   -2.759448511
   10.240000000   -2.951031680   -2.707694491   -2.722519237
   10.250000000   -2.931827760   -2.672958014   -2.685225022
   10.260000000   -2.911370034   -2.633968617   -2.643070471
   10.270000000   -2.888256144   -2.590233818   -2.594751529
   10.280000000   -2.862026220   -2.544648865   -2.542389072
   10.290000000   -2.833285621   -2.504125868   -2.489458924
   10.300000000   -2.803881878   -2.477425129   -2.439845655
   10.310000000   -2.776577473   -2.471853594   -2.399044242
   10.320000000   -2.754443447   -2.490500266   -2.373408355
   10.330000000   -2.739367487   -2.530530222   -2.366407335
   10.340000000   -2.730880307   -2.584271747   -2.376620826
   10.350000000   -2.727075887   -2.642834262   -2.400095489
   10.360000000   -2.726587102   -2.699627311   -2.432532170
   10.370000000   -2.729378745   -2.751335384   -2.467874370
   10.380000000   -2.735234541   -2.795469698   -2.497638031
   10.390000000   -2.741524031   -2.828037840   -2.514712063
   10.400000000   -2.743312494   -2.844709880   -2.518356904
   10.410000000   -2.736926702   -2.844245031   -2.515661683
   10.420000000   -2.723360125   -2.830338704   -2.518495188
   10.430000000   -2.706686309   -2.809214009   -2.537742966
   10.440000000   -2.689506790   -2.785926663   -2.576919266
   10.450000000   -2.671682931   -2.763915591   -2.628552945
   10.460000000   -2.653303839   -2.746943119   -2.678073913
   10.470000000   -2.637318112   -2.739896927   -2.713965236
   10.480000000   -2.628509542   -2.746829946   -2.734222790
   10.490000000   -2.629938586   -2.767595268   -2.743714485
   10.500000000   -2.640863581   -2.796952944   -2.748673707
   10.510000000   -2.658596478   -2.828942642   -2.754452285
   10.520000000   -2.681473714   -2.862636219   -2.765805790
   10.530000000   -2.708595447   -2.901424538   -2.786575277
   10.540000000   -2.737951455   -2.946154082   -2.817690754
   10.550000000   -2.766771608   -2.991271669   -2.855258187
   10.560000000   -2.792913384   -3.028161318   -2.891618243
   10.570000000   -2.815347760   -3.050881208   -2.920675851
   10.580000000   -2.834634716   -3.059547557   -2.943147290
   10.590000000   -2.852633790   -3.059126902   -2.964836908
   10.600000000   -2.870352963   -3.054352316   -2.989354955
   10.610000000   -2.886590171   -3.046349915   -3.014409905
   10.620000000   -2.899272364   -3.034190115   -3.034595110
   10.630000000   -2.907239088   -3.017810214   -3.045428170
   10.640000000   -2.910500343   -2.998885925   -3.045094273
   10.650000000   -2.909478927   -2.979923370   -3.033943679
   10.660000000   -2.904789406   -2.962978103   -3.013171813
   10.670000000   -2.898174666   -2.949171371   -2.984349246
   10.680000000   -2.893522704   -2.939641580   -2.949774951
   10.690000000   -2.896548451   -2.936963749   -2.912455038
   10.700000000   -2.912477407   -2.945301304   -2.875990012
   10.710000000   -2.942678088   -2.968424608   -2.844484540
   10.720000000   -2.982487547   -3.006043510   -2.821339460
   10.730000000   -3.022818307   -3.051588265   -2.807039410
   10.740000000   -3.055037284   -3.094711969   -2.798002939
   10.750000000   -3.074786802   -3.126786765   -2.788983550
   10.760000000   -3.082100796   -3.143983913   -2.777500484
   10.770000000   -3.080236502   -3.147116664   -2.765411510
   10.780000000   -3.075187507   -3.140639764   -2.756569446
   10.790000000   -3.074053646   -3.130393211   -2.753836337
   10.800000000   -3.082040227   -3.120786144   -2.757411923
   10.810000000   -3.100498674   -3.113806537   -2.764011022
   10.820000000   -3.127058028   -3.109748076   -2.767481996
   10.830000000   -3.156671686   -3.107930043   -2.761995708
   10.840000000   -3.183104408   -3.107382323   -2.745441921
   10.850000000   -3.201723505   -3.108204971   -2.719528585
   10.860000000   -3.211844382   -3.111978628   -2.687296081
   10.870000000   -3.215697932   -3.120136494   -2.651034751
   10.880000000   -3.215338898   -3.132425236   -2.612100578
   10.890000000   -3.211367731   -3.147032522   -2.571902389
   10.900000000   -3.204285215   -3.161707234   -2.532320464
   10.910000000   -3.195599939   -3.174681371   -2.495165725
   10.920000000   -3.186775436   -3.184547902   -2.461590095
   10.930000000   -3.177577016   -3.189435210   -2.432100257
   10.940000000   -3.166020160   -3.186893972   -2.407036656
   10.950000000   -3.150030351   -3.175113753   -2.386710107
   10.960000000   -3.129139806   -3.154282902   -2.370296789
   10.970000000   -3.104432675   -3.126516579   -2.354537320
   10.980000000   -3.077165316   -3.094723215   -2.334940921
   10.990000000   -3.048409110   -3.062055797   -2.308925396
   11.000000000   -3.020191159   -3.031712708   -2.277481916
   11.010000000   -2.995527412   -3.005748764   -2.244145851
   11.020000000   -2.976256801   -2.983699481   -2.212357941
   11.030000000   -2.961683606   -2.963242252   -2.183335435
   11.040000000   -2.949620386   -2.942831613   -2.156418624
   11.050000000   -2.937950125   -2.923558328   -2.130895720
   11.060000000   -2.925875172   -2.908499265   -2.106835143
   11.070000000   -2.914465099   -2.900001255   -2.085103454
   11.080000000   -2.904965356   -2.896739939   -2.067895439
   11.090000000   -2.895851903   -2.893082598   -2.058508552
   11.100000000   -2.882472765   -2.882095483   -2.059319835
   11.110000000   -2.860632113   -2.860236061   -2.070259861
   11.120000000   -2.830155105   -2.829474518   -2.089588502
   11.130000000   -2.794586793   -2.795251099   -2.115297737
   11.140000000   -2.758211927   -2.762761801   -2.145056131
   11.150000000   -2.723677512   -2.734580484   -2.175705529
   11.160000000   -2.691811897   -2.710700535   -2.203983692
   11.170000000   -2.662866360   -2.689897105   -2.227847447
   11.180000000   -2.637627227   -2.671035040   -2.247166042
   11.190000000   -2.617446641   -2.653894705   -2.263071381
   11.200000000   -2.602606327   -2.638671511   -2.276022396
   11.210000000   -2.590582495   -2.624611834   -2.284625353
   11.220000000   -2.577337242   -2.610506358   -2.286475452
   11.230000000   -2.561014855   -2.596948499   -2.279875082
   11.240000000   -2.543491244   -2.586757127   -2.265036730
   11.250000000   -2.528194215   -2.582527654   -2.244024946
   11.260000000   -2.517384868   -2.584234719   -2.219734032
   11.270000000   -2.511794816   -2.589770844   -2.194963455
   11.280000000   -2.512099556   -2.597609458   -2.172161565
   11.290000000   -2.519712513   -2.608128942   -2.153464039
   11.300000000   -2.535244257   -2.622126396   -2.140274289
   11.310000000   -2.556311434   -2.638745225   -2.132660108
   11.320000000   -2.578117005   -2.655314752   -2.129374749
   11.330000000   -2.596322032   -2.668498916   -2.128032525
   11.340000000   -2.608755077   -2.675269106   -2.125301946
   11.350000000   -2.615483447   -2.673973738   -2.118160929
   11.360000000   -2.618754286   -2.665466325   -2.105398030
   11.370000000   -2.622576889   -2.653176048   -2.087370213
   11.380000000   -2.630689359   -2.641276916   -2.064805795
   11.390000000   -2.643667414   -2.631779815   -2.038637001
   11.400000000   -2.658061529   -2.623517624   -2.010666481
   11.410000000   -2.668841030   -2.614446181   -1.983808151
   11.420000000   -2.672593187   -2.603942883   -1.961273083
   11.430000000   -2.668383782   -2.592006880   -1.945099369
   11.440000000   -2.656466139   -2.577426287   -1.935259552
   11.450000000   -2.637329614   -2.558285759   -1.930076715
   11.460000000   -2.612029413   -2.534125638   -1.927249796
   11.470000000   -2.582564741   -2.506799171   -1.924477413
   11.480000000   -2.551730031   -2.479654412   -1.920133670
   11.490000000   -2.522953124   -2.456522783   -1.914541963
   11.500000000   -2.499919276   -2.440724197   -1.910137358
   11.510000000   -2.485505009   -2.434022222   -1.909644400
   11.520000000   -2.480598837   -2.436154562   -1.914159979
   11.530000000   -2.483455190   -2.444770675   -1.922374256
   11.540000000   -2.489975342   -2.455787080   -1.930659873
   11.550000000   -2.495532972   -2.465154322   -1.934427781
   11.560000000   -2.497338228   -2.470954260   -1.930495352
   11.570000000   -2.495521653   -2.473721460   -1.918447559
   11.580000000   -2.492467673   -2.475257154   -1.900255307
   11.590000000   -2.490801911   -2.477069669   -1.879159016
   11.600000000   -2.491359959   -2.479203817   -1.858678539
   11.610000000   -2.492434585   -2.479853586   -1.841977259
   11.620000000   -2.490514951   -2.475828239   -1.831579538
   11.630000000   -2.482410362   -2.464355609   -1.829201929
   11.640000000   -2.467408963   -2.445199447   -1.835309954
   11.650000000   -2.447624021   -2.420862452   -1.848854440
   11.660000000   -2.426654965   -2.395222917   -1.867656725
   11.670000000   -2.408015979   -2.372376797   -1.888976860
   11.680000000   -2.394163574   -2.355838916   -1.909624415
   11.690000000   -2.385709152   -2.347424020   -1.925891871
   11.700000000   -2.380755357   -2.346273820   -1.934572476
   11.710000000   -2.375540195   -2.349157898   -1.934587839
   11.720000000   -2.366432013   -2.351944818   -1.927246000
   11.730000000   -2.351538957   -2.351308302   -1.915187956
   11.740000000   -2.331190514   -2.346146375   -1.901638523
   11.750000000   -2.307575560   -2.337702118   -1.889769501
   11.760000000   -2.283734871   -2.328024617   -1.881390859
   11.770000000   -2.262387241   -2.318253975   -1.876031983
   11.780000000   -2.244928183   -2.307928084   -1.871339987
   11.790000000   -2.230858513   -2.295531688   -1.864331256
   11.800000000   -2.218214403   -2.279843814   -1.852879455
   11.810000000   -2.205122676   -2.260969521   -1.836889211
   11.820000000   -2.191159728   -2.240350981   -1.818404350
   11.830000000   -2.177054931   -2.219845710   -1.800235726
   11.840000000   -2.163527906   -2.200665224   -1.784122235
   11.850000000   -2.150839065   -2.183176332   -1.770269186
   11.860000000   -2.138923950   -2.167447985   -1.758142162
   11.870000000   -2.127376633   -2.153492907   -1.747024115
   11.880000000   -2.115408026   -2.140847978   -1.736071197
   11.890000000   -2.102167513   -2.128276814   -1.724343245
   11.900000000   -2.087584349   -2.114546791   -1.711193791
   11.910000000   -2.073170097   -2.099882834   -1.696970457
   11.920000000   -2.061488328   -2.086224517   -1.683248859
   11.930000000   -2.054267625   -2.075595240   -1.672046161
   11.940000000   -2.051423781   -2.068479475   -1.664510868
   11.950000000   -2.052293106   -2.064016214   -1.660026851
   11.960000000   -2.056915010   -2.061246232   -1.656528772
   11.970000000   -2.065190263   -2.059485709   -1.651905778
   11.980000000   -2.075234169   -2.057623384   -1.645261970
   11.990000000   -2.083398078   -2.053872769   -1.637050030
   12.000000000   -2.086222827   -2.046844128   -1.628469297
   12.010000000   -2.082558128   -2.036870251   -1.620976974
   12.020000000   -2.073797477   -2.025775655   -1.615709921
   12.030000000   -2.062120249   -2.015049276   -1.612717449
   12.040000000   -2.048974285   -2.004665900   -1.610772705
   12.050000000   -2.035343049   -1.994065114   -1.608223297
   12.060000000   -2.022668542   -1.983847677   -1.604414156
   12.070000000   -2.012617583   -1.975886188   -1.600267787
   12.080000000   -2.005941527   -1.971787808   -1.597383944
   12.090000000   -2.002062195   -1.971555967   -1.596744352
   12.100000000   -1.999727055   -1.973532623   -1.598229807
   12.110000000   -1.997641187   -1.975118430   -1.601124619
   12.120000000   -1.994456270   -1.973497001   -1.604705693
   12.130000000   -1.988576491   -1.966319505   -1.608285208
   12.140000000   -1.978559102   -1.952619910   -1.611297827
   12.150000000   -1.963964372   -1.933269372   -1.613585298
   12.160000000   -1.945655156   -1.910327263   -1.615030658
   12.170000000   -1.925204763   -1.885999962   -1.614976337
   12.180000000   -1.904134350   -1.862130357   -1.612740281
   12.190000000   -1.883701135   -1.840247835   -1.608658915
   12.200000000   -1.865037023   -1.821637521   -1.604163424
   12.210000000   -1.849075239   -1.807127831   -1.600949679
   12.220000000   -1.836224369   -1.796774419   -1.600181179
   12.230000000   -1.826077517   -1.789729861   -1.601960818
   12.240000000   -1.817424006   -1.784408817   -1.605156568
   12.250000000   -1.808702119   -1.778937759   -1.608104478
   12.260000000   -1.798561762   -1.771652269   -1.609629229
   12.270000000   -1.786215101   -1.761473318   -1.609279343
   12.280000000   -1.771745759   -1.748380079   -1.607031085
   12.290000000   -1.756147657   -1.733677513   -1.603033971
   12.300000000   -1.740655140   -1.719353464   -1.597342216
   12.310000000   -1.725986257   -1.706963144   -1.589880418
   12.320000000   -1.712366351   -1.697213294   -1.580877225
   12.330000000   -1.699999325   -1.690349870   -1.571300046
   12.340000000   -1.689092272   -1.686401830   -1.562606560
   12.350000000   -1.679406623   -1.684784209   -1.555785695
   12.360000000   -1.670216927   -1.684071786   -1.550680431
   12.370000000   -1.660883746   -1.682641074   -1.546251781
   12.380000000   -1.651252834   -1.679535986   -1.541280602
   12.390000000   -1.641492557   -1.674602310   -1.534773870
   12.400000000   -1.631770495   -1.667981916   -1.525960203
   12.410000000   -1.622116508   -1.659854695   -1.514440909
   12.420000000   -1.612358652   -1.650550957   -1.500733077
   12.430000000   -1.602109997   -1.640415596   -1.486368393
   12.440000000   -1.591016122   -1.629490800   -1.473143225
   12.450000000   -1.579119382   -1.617597905   -1.462161429
   12.460000000   -1.566868404   -1.604729769   -1.453259541
   12.470000000   -1.554790854   -1.591245902   -1.445198692
   12.480000000   -1.543362812   -1.577847357   -1.436637905
   12.490000000   -1.533051500   -1.565410663   -1.426976681
   12.500000000   -1.524157288   -1.554629791   -1.416406437
   12.510000000   -1.516628453   -1.545757289   -1.405598676
   12.520000000   -1.510138737   -1.538621598   -1.395314320
   12.530000000   -1.504219116   -1.532652308   -1.385905565
   12.540000000   -1.498176353   -1.526867041   -1.376976493
   12.550000000   -1.491104685   -1.520151436   -1.367615164
   12.560000000   -1.482324224   -1.511794877   -1.357131117
   12.570000000   -1.471895637   -1.501774714   -1.345634306
   12.580000000   -1.460746557   -1.490680058   -1.334029596
   12.590000000   -1.450366154   -1.479554359   -1.323490886
   12.600000000   -1.442090747   -1.469493933   -1.314779290
   12.610000000   -1.436367797   -1.460992085   -1.307922010
   12.620000000   -1.432652145   -1.453679482   -1.302342002
   12.630000000   -1.429978543   -1.446824014   -1.297294255
   12.640000000   -1.427704568   -1.440066913   -1.292461938
   12.650000000   -1.425764459   -1.433543824   -1.288084589
   12.660000000   -1.424277856   -1.427367964   -1.284326911
   12.670000000   -1.423146292   -1.421315331   -1.280704551
   12.680000000   -1.422092210   -1.415076075   -1.276262068
   12.690000000   -1.420868438   -1.408620092   -1.270182960
   12.700000000   -1.419335108   -1.402297974   -1.262281787
   12.710000000   -1.417346772   -1.396591432   -1.253099327
   12.720000000   -1.414653115   -1.391779326   -1.243596486
   12.730000000   -1.411073370   -1.387889846   -1.234792381
   12.740000000   -1.406622006   -1.384803561   -1.227435766
   12.750000000   -1.401290231   -1.382233828   -1.221606446
   12.760000000   -1.394867004   -1.379669822   -1.216638255
   12.770000000   -1.387125297   -1.376465087   -1.211628573
   12.780000000   -1.378092981   -1.372055776   -1.206067104
   12.790000000   -1.368052648   -1.366125130   -1.200050247
   12.800000000   -1.357317444   -1.358540902   -1.193968195
   12.810000000   -1.346019958   -1.349138200   -1.187893565
   12.820000000   -1.334176535   -1.337733692   -1.181301290
   12.830000000   -1.322035307   -1.324508501   -1.173653522
   12.840000000   -1.310274144   -1.310277469   -1.165211522
   12.850000000   -1.299752402   -1.296262966   -1.157002432
   12.860000000   -1.291012965   -1.283576215   -1.150061257
   12.870000000   -1.283945041   -1.272813337   -1.144807640
   12.880000000   -1.277985386   -1.264019643   -1.140963680
   12.890000000   -1.272672604   -1.256962687   -1.137849539
   12.900000000   -1.267784348   -1.251329214   -1.134684731
   12.910000000   -1.262916441   -1.246595506   -1.130748855
   12.920000000   -1.257267727   -1.241906012   -1.125489607
   12.930000000   -1.250112010   -1.236412672   -1.118694644
   12.940000000   -1.241376475   -1.229772464   -1.110636282
   12.950000000   -1.231599789   -1.222189711   -1.101927359
   12.960000000   -1.221465411   -1.214042969   -1.093156381
   12.970000000   -1.211502694   -1.205626763   -1.084651975
   12.980000000   -1.202066266   -1.197180003   -1.076536124
   12.990000000   -1.193326864   -1.188891860   -1.068928227
   13.000000000   -1.185138455   -1.180771442   -1.062011371
   13.010000000   -1.177018108   -1.172656874   -1.055888647
   13.020000000   -1.168460295   -1.164427392   -1.050524450
   13.030000000   -1.159309440   -1.156140954   -1.045860680
   13.040000000   -1.149807371   -1.147974838   -1.041850470
   13.050000000   -1.140327838   -1.140068642   -1.038310377
   13.060000000   -1.131085904   -1.132393978   -1.034852884
   13.070000000   -1.122047369   -1.124730687   -1.031021461
   13.080000000   -1.113008405   -1.116794484   -1.026444041
   13.090000000   -1.103743593   -1.108462745   -1.020934174
   13.100000000   -1.094190855   -1.099890172   -1.014539908
   13.110000000   -1.084520607   -1.091367130   -1.007467267
   13.120000000   -1.074957435   -1.083060169   -0.999891605
   13.130000000   -1.065573759   -1.074934613   -0.991889391
   13.140000000   -1.056354985   -1.066953655   -0.983607105
   13.150000000   -1.047408306   -1.059242590   -0.975395642
   13.160000000   -1.039030993   -1.051979203   -0.967683417
   13.170000000   -1.031655226   -1.045289024   -0.960806633
   13.180000000   -1.025690793   -1.039294776   -0.954964915
   13.190000000   -1.021121466   -1.033989541   -0.950117234
   13.200000000   -1.017131560   -1.028903927   -0.945845304
   13.210000000   -1.012424219   -1.023103429   -0.941498052
   13.220000000   -1.006112930   -1.015759856   -0.936595758
   13.230000000   -0.998239565   -1.006740878   -0.931106924
   13.240000000   -0.989517574   -0.996609342   -0.925383083
   13.250000000   -0.980717618   -0.986139115   -0.919831645
   13.260000000   -0.972243648   -0.975867939   -0.914574560
   13.270000000   -0.964169651   -0.966011970   -0.909376286
   13.280000000   -0.956491775   -0.956632220   -0.903862584
   13.290000000   -0.949256622   -0.947821278   -0.897790546
   13.300000000   -0.942593909   -0.939842936   -0.891209630
   13.310000000   -0.936752790   -0.933164545   -0.884535380
   13.320000000   -0.932082380   -0.928254790   -0.878421669
   13.330000000   -0.928823805   -0.925178386   -0.873394309
   13.340000000   -0.926671951   -0.923228639   -0.869529650
   13.350000000   -0.924621287   -0.921060455   -0.866468197
   13.360000000   -0.921594997   -0.917538075   -0.863749190
   13.370000000   -0.917270920   -0.912560238   -0.861113809
   13.380000000   -0.912202629   -0.906984265   -0.858487297
   13.390000000   -0.907230802   -0.901823843   -0.855764440
   13.400000000   -0.902917453   -0.897598350   -0.852805987
   13.410000000   -0.899482019   -0.894338304   -0.849692856
   13.420000000   -0.896935683   -0.891878449   -0.846712721
   13.430000000   -0.895072463   -0.889921979   -0.843884165
   13.440000000   -0.893410246   -0.887927044   -0.840606793
   13.450000000   -0.891233641   -0.885131995   -0.836001075
   13.460000000   -0.887788348   -0.880834009   -0.829597518
   13.470000000   -0.882611502   -0.874769524   -0.821599162
   13.480000000   -0.875929257   -0.867419711   -0.812633465
   13.490000000   -0.868758209   -0.859934961   -0.803417869
   13.500000000   -0.862394876   -0.853541937   -0.794557617
   13.510000000   -0.857607966   -0.848856982   -0.786433156
   13.520000000   -0.854236928   -0.845659975   -0.779135810
   13.530000000   -0.851584475   -0.843309343   -0.772521915
   13.540000000   -0.849109903   -0.841361624   -0.766375798
   13.550000000   -0.846626325   -0.839760851   -0.760498864
   13.560000000   -0.844045723   -0.838577521   -0.754677089
   13.570000000   -0.841240113   -0.837755284   -0.748655130
   13.580000000   -0.838226785   -0.837142188   -0.742192600
   13.590000000   -0.835376909   -0.836699182   -0.735212680
   13.600000000   -0.833151301   -0.836500215   -0.727925639
   13.610000000   -0.831494452   -0.836415205   -0.720751551
   13.620000000   -0.829774968   -0.836063538   -0.714128479
   13.630000000   -0.827485915   -0.835269541   -0.708398206
   13.640000000   -0.824789693   -0.834247836   -0.703717835
   13.650000000   -0.822339355   -0.833219295   -0.699947922
   13.660000000   -0.820741277   -0.832180464   -0.696695473
   13.670000000   -0.820167516   -0.831098060   -0.693526424
   13.680000000   -0.820317760   -0.830003114   -0.690132922
   13.690000000   -0.820724214   -0.828920915   -0.686433530
   13.700000000   -0.821141760   -0.827964161   -0.682610990
   13.710000000   -0.821624923   -0.827392589   -0.678967957
   13.720000000   -0.822376064   -0.827475916   -0.675731572
   13.730000000   -0.823731004   -0.828437779   -0.673023516
   13.740000000   -0.826126485   -0.830489898   -0.670884017
   13.750000000   -0.829768062   -0.833628946   -0.669179321
   13.760000000   -0.834365007   -0.837416277   -0.667541583
   13.770000000   -0.839356144   -0.841193029   -0.665527237
   13.780000000   -0.844351455   -0.844489684   -0.662833240
   13.790000000   -0.849283220   -0.847214351   -0.659385070
   13.800000000   -0.854084807   -0.849474293   -0.655302406
   13.810000000   -0.858198878   -0.851111371   -0.650775754
   13.820000000   -0.860594406   -0.851543039   -0.645980558
   13.830000000   -0.860450372   -0.850235326   -0.641124331
   13.840000000   -0.857713649   -0.847155066   -0.636487650
   13.850000000   -0.852959597   -0.842710682   -0.632358028
   13.860000000   -0.847004905   -0.837553312   -0.628969626
   13.870000000   -0.840731382   -0.832475209   -0.626484755
   13.880000000   -0.834922836   -0.828168547   -0.624879612
   13.890000000   -0.830018681   -0.824921526   -0.623806303
   13.900000000   -0.826030869   -0.822567893   -0.622756224
   13.910000000   -0.822689048   -0.820660275   -0.621440742
   13.920000000   -0.819676691   -0.818735214   -0.619931598
   13.930000000   -0.816798430   -0.816605223   -0.618466148
   13.940000000   -0.813953679   -0.814444946   -0.617195260
   13.950000000   -0.811019979   -0.812539827   -0.616101772
   13.960000000   -0.807786021   -0.810886620   -0.615033247
   13.970000000   -0.803956038   -0.808994406   -0.613716493
   13.980000000   -0.799274737   -0.806144668   -0.611862342
   13.990000000   -0.793731104   -0.801916585   -0.609376093
   14.000000000   -0.787661691   -0.796473658   -0.606463699
   14.010000000   -0.781620853   -0.790405619   -0.603477464
   14.020000000   -0.776072941   -0.784320827   -0.600572087
   14.030000000   -0.771163913   -0.778525789   -0.597543778
   14.040000000   -0.766738548   -0.772995982   -0.594054603
   14.050000000   -0.762502939   -0.767551802   -0.589935405
   14.060000000   -0.758186793   -0.762028495   -0.585244326
   14.070000000   -0.753684648   -0.756385055   -0.580171570
   14.080000000   -0.749130874   -0.750754118   -0.574992680
   14.090000000   -0.744774186   -0.745341872   -0.570023836
   14.100000000   -0.740731177   -0.740236153   -0.565481304
   14.110000000   -0.736862941   -0.735316363   -0.561363683
   14.120000000   -0.732846966   -0.730317124   -0.557511706
   14.130000000   -0.728361211   -0.724971638   -0.553754770
   14.140000000   -0.723238432   -0.719153398   -0.549948039
   14.150000000   -0.717507580   -0.712950418   -0.545939939
   14.160000000   -0.711345059   -0.706600206   -0.541620871
   14.170000000   -0.704962440   -0.700304171   -0.536987590
   14.180000000   -0.698507050   -0.694109515   -0.532122272
   14.190000000   -0.692069481   -0.687984311   -0.527148947
   14.200000000   -0.685726310   -0.681932201   -0.522203851
   14.210000000   -0.679542739   -0.676012705   -0.517403930
   14.220000000   -0.673596537   -0.670341503   -0.512834941
   14.230000000   -0.667990660   -0.665056619   -0.508556286
   14.240000000   -0.662770561   -0.660194493   -0.504582544
   14.250000000   -0.657850825   -0.655634032   -0.500863104
   14.260000000   -0.653053263   -0.651198572   -0.497288240
   14.270000000   -0.648181125   -0.646740213   -0.493702547
   14.280000000   -0.643072472   -0.642107988   -0.489929383
   14.290000000   -0.637632562   -0.637124797   -0.485811640
   14.300000000   -0.631853136   -0.631685693   -0.481278712
   14.310000000   -0.625826973   -0.625878899   -0.476404309
   14.320000000   -0.619727865   -0.619965587   -0.471377270
   14.330000000   -0.613737615   -0.614226937   -0.466401678
   14.340000000   -0.607963163   -0.608807181   -0.461610809
   14.350000000   -0.602418650   -0.603669524   -0.457055030
   14.360000000   -0.597088041   -0.598703189   -0.452751514
   14.370000000   -0.591987240   -0.593862315   -0.448716944
   14.380000000   -0.587134961   -0.589159023   -0.444920014
   14.390000000   -0.582472398   -0.584555299   -0.441216768
   14.400000000   -0.577848139   -0.579930305   -0.437378317
   14.410000000   -0.573092182   -0.575144584   -0.433205879
   14.420000000   -0.568097462   -0.570104602   -0.428634193
   14.430000000   -0.562845095   -0.564789507   -0.423746775
   14.440000000   -0.557385148   -0.559254085   -0.418716859
   14.450000000   -0.551797787   -0.553597088   -0.413734478
   14.460000000   -0.546161244   -0.547912179   -0.408958299
   14.470000000   -0.540548744   -0.542265969   -0.404487763
   14.480000000   -0.535031992   -0.536703611   -0.400334311
   14.490000000   -0.529673211   -0.531263148   -0.396419303
   14.500000000   -0.524523069   -0.525995000   -0.392653322
   14.510000000   -0.519622160   -0.520965713   -0.389028845
   14.520000000   -0.514980409   -0.516212399   -0.385583551
   14.530000000   -0.510537934   -0.511671088   -0.382271645
   14.540000000   -0.506169093   -0.507177586   -0.378934720
   14.550000000   -0.501768799   -0.502584010   -0.375427779
   14.560000000   -0.497328337   -0.497865398   -0.371728064
   14.570000000   -0.492924622   -0.493111553   -0.367918359
   14.580000000   -0.488662574   -0.488452515   -0.364115224
   14.590000000   -0.484592469   -0.483975363   -0.360390833
   14.600000000   -0.480639940   -0.479668321   -0.356722289
   14.610000000   -0.476650395   -0.475453502   -0.353038310
   14.620000000   -0.472527318   -0.471288583   -0.349322899
   14.630000000   -0.468289958   -0.467198928   -0.345631546
   14.640000000   -0.463993480   -0.463190859   -0.341996045
   14.650000000   -0.459638497   -0.459173234   -0.338348123
   14.660000000   -0.455174806   -0.455005242   -0.334564405
   14.670000000   -0.450569521   -0.450611126   -0.330576393
   14.680000000   -0.445853736   -0.446026442   -0.326419965
   14.690000000   -0.441116582   -0.441360065   -0.322204932
   14.700000000   -0.436474576   -0.436741214   -0.318069221
   14.710000000   -0.432039319   -0.432282454   -0.314147236
   14.720000000   -0.427880478   -0.428048154   -0.310533033
   14.730000000   -0.423993035   -0.424031751   -0.307228886
   14.740000000   -0.420302559   -0.420162799   -0.304122468
   14.750000000   -0.416707264   -0.416337619   -0.301040451
   14.760000000   -0.413105263   -0.412454700   -0.297838957
   14.770000000   -0.409401756   -0.408452356   -0.294455204
   14.780000000   -0.405544156   -0.404336519   -0.290911760
   14.790000000   -0.401560618   -0.400178663   -0.287293932
   14.800000000   -0.397535208   -0.396077684   -0.283702082
   14.810000000   -0.393535982   -0.392101801   -0.280191193
   14.820000000   -0.389565492   -0.388246579   -0.276734854
   14.830000000   -0.385579955   -0.384455387   -0.273252965
   14.840000000   -0.381554857   -0.380692547   -0.269686519
   14.850000000   -0.377521414   -0.376977488   -0.266041656
   14.860000000   -0.373547232   -0.373343718   -0.262372499
   14.870000000   -0.369705413   -0.369799355   -0.258749098
   14.880000000   -0.366058611   -0.366339407   -0.255242039
   14.890000000   -0.362637945   -0.362961538   -0.251906482
   14.900000000   -0.359409142   -0.359651549   -0.248749619
   14.910000000   -0.356256961   -0.356365392   -0.245706527
   14.920000000   -0.353024805   -0.353027635   -0.242662343
   14.930000000   -0.349594591   -0.349554187   -0.239511905
   14.940000000   -0.345934424   -0.345894450   -0.236208801
   14.950000000   -0.342085053   -0.342058478   -0.232773918
   14.960000000   -0.338120018   -0.338103108   -0.229270383
   14.970000000   -0.334113448   -0.334097963   -0.225772350
   14.980000000   -0.330122456   -0.330099176   -0.222341266
   14.990000000   -0.326175972   -0.326134293   -0.219002726
   15.000000000   -0.322268359   -0.322197345   -0.215727857
   15.010000000   -0.318369711   -0.318261618   -0.212448285
   15.020000000   -0.314453443   -0.314305775   -0.209106692
   15.030000000   -0.310516633   -0.310330245   -0.205690033
   15.040000000   -0.306579728   -0.306355170   -0.202219254
   15.050000000   -0.302678685   -0.302413684   -0.198726029
   15.060000000   -0.298861670   -0.298550990   -0.195242634
   15.070000000   -0.295187410   -0.294826884   -0.191803488
   15.080000000   -0.291712671   -0.291311628   -0.188447028
   15.090000000   -0.288460219   -0.288063021   -0.185209549
   15.100000000   -0.285385212   -0.285082985   -0.182108528
   15.110000000   -0.282382800   -0.282280391   -0.179125003
   15.120000000   -0.279343131   -0.279489233   -0.176207732
   15.130000000   -0.276201407   -0.276554671   -0.173305496
   15.140000000   -0.272941210   -0.273409545   -0.170390593
   15.150000000   -0.269566323   -0.270068406   -0.167446464
   15.160000000   -0.266085634   -0.266577738   -0.164451199
   15.170000000   -0.262519164   -0.262986831   -0.161388746
   15.180000000   -0.258900234   -0.259342762   -0.158269278
   15.190000000   -0.255265460   -0.255686950   -0.155128056
   15.200000000   -0.251639920   -0.252045392   -0.152003971
   15.210000000   -0.248027116   -0.248420768   -0.148917998
   15.220000000   -0.244415768   -0.244800288   -0.145866246
   15.230000000   -0.240799506   -0.241175611   -0.142824923
   15.240000000   -0.237188082   -0.237553281   -0.139759920
   15.250000000   -0.233605348   -0.233951934   -0.136645919
   15.260000000   -0.230083237   -0.230397522   -0.133483849
   15.270000000   -0.226650900   -0.226917522   -0.130295613
   15.280000000   -0.223317640   -0.223532209   -0.127103363
   15.290000000   -0.220062118   -0.220244995   -0.123915427
   15.300000000   -0.216841315   -0.217031809   -0.120728981
   15.310000000   -0.213613850   -0.213838577   -0.117541389
   15.320000000   -0.210359474   -0.210606835   -0.114357319
   15.330000000   -0.207084781   -0.207317997   -0.111189514
   15.340000000   -0.203823714   -0.204015091   -0.108060529
   15.350000000   -0.200647365   -0.200793140   -0.105010779
   15.360000000   -0.197667216   -0.197775933   -0.102104413
   15.370000000   -0.194997843   -0.195077144   -0.099419965
   15.380000000   -0.192672134   -0.192731704   -0.097021167
   15.390000000   -0.190560113   -0.190621084   -0.094911163
   15.400000000   -0.188396550   -0.188485065   -0.092985679
   15.410000000   -0.185938654   -0.186066033   -0.091032868
   15.420000000   -0.183098063   -0.183253281   -0.088832587
   15.430000000   -0.179928788   -0.180087968   -0.086281906
   15.440000000   -0.176540875   -0.176678158   -0.083412541
   15.450000000   -0.173037519   -0.173129787   -0.080318763
   15.460000000   -0.169490162   -0.169519262   -0.077093035
   15.470000000   -0.165932251   -0.165889141   -0.073801411
   15.480000000   -0.162365282   -0.162255669   -0.070483216
   15.490000000   -0.158779820   -0.158626068   -0.067160436
   15.500000000   -0.155182152   -0.155016655   -0.063848720
   15.510000000   -0.151605684   -0.151459143   -0.060563350
   15.520000000   -0.148105491   -0.147998993   -0.057321745
   15.530000000   -0.144752705   -0.144697625   -0.054149832
   15.540000000   -0.141632189   -0.141632318   -0.051093675
   15.550000000   -0.138824629   -0.138869997   -0.048228130
   15.560000000   -0.136356592   -0.136408176   -0.045646368
   15.570000000   -0.134150006   -0.134139290   -0.043417068
   15.580000000   -0.132047676   -0.131912000   -0.041521489
   15.590000000   -0.129921065   -0.129641530   -0.039834886
   15.600000000   -0.127731242   -0.127334625   -0.038203301
   15.610000000   -0.125463252   -0.125001069   -0.036520181
   15.620000000   -0.123042139   -0.122565783   -0.034699896
   15.630000000   -0.120359850   -0.119903107   -0.032638456
   15.640000000   -0.117366026   -0.116947561   -0.030255836
   15.650000000   -0.114097303   -0.113730952   -0.027545634
   15.660000000   -0.110635467   -0.110329806   -0.024559525
   15.670000000   -0.107060164   -0.106812768   -0.021368388
   15.680000000   -0.103428867   -0.103228527   -0.018041071
   15.690000000   -0.099780533   -0.099617488   -0.014637049
   15.700000000   -0.096149163   -0.096024876   -0.011206385
   15.710000000   -0.092573715   -0.092505020   -0.007795063
   15.720000000   -0.089099966   -0.089116644   -0.004452362
   15.730000000   -0.085779075   -0.085912581   -0.001235870
   15.740000000   -0.082664428   -0.082927571    0.001792289
   15.750000000   -0.079788822   -0.080155552    0.004586773
   15.760000000   -0.077110694   -0.077517397    0.007156828
   15.770000000   -0.074489321   -0.074870947    0.009595987
   15.780000000   -0.071762647   -0.072088858    0.012063005
   15.790000000   -0.068866615   -0.069139103    0.014697404
   15.800000000   -0.065871126   -0.066099709    0.017538676
   15.810000000   -0.062934767   -0.063120815    0.020522581
   15.820000000   -0.060247661   -0.060381369    0.023518782
   15.830000000   -0.057955415   -0.058026246    0.026360066
   15.840000000   -0.056051204   -0.056063723    0.028872190
   15.850000000   -0.054325253   -0.054300299    0.030932385
   15.860000000   -0.052456670   -0.052412491    0.032573398
   15.870000000   -0.050189850   -0.050129477    0.034061679
   15.880000000   -0.047448672   -0.047365897    0.035784529
   15.890000000   -0.044310258   -0.044196380    0.037989235
   15.900000000   -0.040915087   -0.040757051    0.040662537
   15.910000000   -0.037419271   -0.037194470    0.043621687
   15.920000000   -0.033995028   -0.033668631    0.046648879
   15.930000000   -0.030829071   -0.030362716    0.049576504
   15.940000000   -0.028077467   -0.027458130    0.052327394
   15.950000000   -0.025780655   -0.025056930    0.054896368
   15.960000000   -0.023827341   -0.023112395    0.057274795
   15.970000000   -0.022048291   -0.021463179    0.059407381
   15.980000000   -0.020342770   -0.019945810    0.061250645
   15.990000000   -0.018686492   -0.018468634    0.062856465
   16.000000000   -0.017051139   -0.016989815    0.064338255
   16.010000000   -0.015353176   -0.015442952    0.065769740
   16.020000000   -0.013472518   -0.013708317    0.067208730
   16.030000000   -0.011323527   -0.011679817    0.068786002
   16.040000000   -0.008920939   -0.009347609    0.070650261
   16.050000000   -0.006377043   -0.006797438    0.072848948
   16.060000000   -0.003836681   -0.004150389    0.075331827
   16.070000000   -0.001388409   -0.001499958    0.078023228
   16.080000000    0.000989612    0.001119529    0.080861759
   16.090000000    0.003392053    0.003703990    0.083802637
   16.100000000    0.005900610    0.006228923    0.086795978
   16.110000000    0.008533420    0.008656849    0.089776745
   16.120000000    0.011246260    0.010983588    0.092699728
   16.130000000    0.013963449    0.013237084    0.095587947
   16.140000000    0.016608325    0.015441217    0.098514291
   16.150000000    0.019128456    0.017639455    0.101504920
   16.160000000    0.021512911    0.019937736    0.104470996
   16.170000000    0.023799944    0.022456502    0.107237484
   16.180000000    0.026104581    0.025258502    0.109653646
   16.190000000    0.028620815    0.028353147    0.111746562
   16.200000000    0.031517947    0.031721919    0.113781110
   16.210000000    0.034820424    0.035304257    0.116080479
   16.220000000    0.038395657    0.038969904    0.118766669
   16.230000000    0.042027706    0.042525003    0.121711945
   16.240000000    0.045498288    0.045761420    0.124684858
   16.250000000    0.048631028    0.048513690    0.127497320
   16.260000000    0.051300052    0.050696773    0.130043735
   16.270000000    0.053437254    0.052343114    0.132253068
   16.280000000    0.055066289    0.053640499    0.134075348
   16.290000000    0.056311320    0.054869849    0.135542534
   16.300000000    0.057342859    0.056232879    0.136776748
   16.310000000    0.058341882    0.057775851    0.137916690
   16.320000000    0.059504667    0.059492149    0.139120524
   16.330000000    0.061023429    0.061436670    0.140610906
   16.340000000    0.063031771    0.063700032    0.142578538
   16.350000000    0.065527338    0.066281844    0.145040515
   16.360000000    0.068353692    0.069058690    0.147846888
   16.370000000    0.071310373    0.071911582    0.150819598
   16.380000000    0.074276411    0.074827177    0.153890481
   16.390000000    0.077214707    0.077841337    0.157122510
   16.400000000    0.080105531    0.080932223    0.160595727
   16.410000000    0.082927666    0.083995418    0.164281005
   16.420000000    0.085680929    0.086890615    0.168022722
   16.430000000    0.088391548    0.089509908    0.171604682
   16.440000000    0.091103404    0.091844893    0.174826547
   16.450000000    0.093858191    0.094008487    0.177584521
   16.460000000    0.096671120    0.096174913    0.179967179
   16.470000000    0.099514125    0.098473690    0.182257477
   16.480000000    0.102305390    0.100931106    0.184737633
   16.490000000    0.104907520    0.103484358    0.187474062
   16.500000000    0.107151209    0.106015582    0.190276299
   16.510000000    0.108909411    0.108386689    0.192778009
   16.520000000    0.110197977    0.110487260    0.194575240
   16.530000000    0.111205646    0.112272876    0.195434570
   16.540000000    0.112207657    0.113783371    0.195479187
   16.550000000    0.113452308    0.115181344    0.195161084
   16.560000000    0.115094581    0.116743383    0.195034703
   16.570000000    0.117148198    0.118694099    0.195542383
   16.580000000    0.119464828    0.121022546    0.196870670
   16.590000000    0.121808235    0.123505427    0.198867258
   16.600000000    0.124012510    0.125920788    0.201131132
   16.610000000    0.126127557    0.128258225    0.203267850
   16.620000000    0.128406017    0.130715985    0.205122261
   16.630000000    0.131088885    0.133472493    0.206848984
   16.640000000    0.134191973    0.136489852    0.208774468
   16.650000000    0.137504896    0.139553241    0.211117543
   16.660000000    0.140765592    0.142461418    0.213842603
   16.670000000    0.143824189    0.145149621    0.216796750
   16.680000000    0.146674851    0.147664844    0.219902850
   16.690000000    0.149387021    0.150088769    0.223168529
   16.700000000    0.152049889    0.152490743    0.226575198
   16.710000000    0.154745719    0.154886461    0.230022424
   16.720000000    0.157486023    0.157171600    0.233335680
   16.730000000    0.160165430    0.159126916    0.236264679
   16.740000000    0.162636558    0.160584661    0.238530199
   16.750000000    0.164854728    0.161635123    0.240028015
   16.760000000    0.166913934    0.162613717    0.241062163
   16.770000000    0.168898853    0.163808684    0.242237534
   16.780000000    0.170754076    0.165227257    0.243983542
   16.790000000    0.172357911    0.166698181    0.246257530
   16.800000000    0.173672081    0.168119534    0.248706552
   16.810000000    0.174779854    0.169549905    0.250989797
   16.820000000    0.175848983    0.171143605    0.252973376
   16.830000000    0.177102757    0.173081657    0.254723856
   16.840000000    0.178761434    0.175516605    0.256371507
   16.850000000    0.180961408    0.178497312    0.258012038
   16.860000000    0.183734070    0.181942673    0.259740748
   16.870000000    0.187011329    0.185683262    0.261730641
   16.880000000    0.190616201    0.189513151    0.264167681
   16.890000000    0.194288054    0.193234799    0.267054073
   16.900000000    0.197729690    0.196684185    0.270133292
   16.910000000    0.200660016    0.199747870    0.273031204
   16.920000000    0.202922327    0.202398350    0.275487848
   16.930000000    0.204616062    0.204729079    0.277533180
   16.940000000    0.206101010    0.206964869    0.279499774
   16.950000000    0.207811628    0.209404553    0.281848329
   16.960000000    0.210016035    0.212256787    0.284893822
   16.970000000    0.212696738    0.215486779    0.288631864
   16.980000000    0.215616564    0.218832662    0.292785915
   16.990000000    0.218479673    0.221952340    0.296978154
   17.000000000    0.221066375    0.224595929    0.300909540
   17.010000000    0.223265952    0.226713660    0.304475555
   17.020000000    0.225018460    0.228400913    0.307733460
   17.030000000    0.226271737    0.229749192    0.310729969
   17.040000000    0.227024989    0.230809777    0.313350386
   17.050000000    0.227411351    0.231672680    0.315356659
   17.060000000    0.227730932    0.232512902    0.316599505
   17.070000000    0.228394707    0.233559378    0.317224371
   17.080000000    0.229765033    0.234995457    0.317668899
   17.090000000    0.231962422    0.236862895    0.318398403
   17.100000000    0.234791726    0.239057187    0.319609668
   17.110000000    0.237835982    0.241365533    0.321191230
   17.120000000    0.240666971    0.243530724    0.322900796
   17.130000000    0.243095378    0.245412877    0.324525445
   17.140000000    0.245285713    0.247137468    0.325991459
   17.150000000    0.247610624    0.249040105    0.327395217
   17.160000000    0.250373046    0.251439068    0.328877529
   17.170000000    0.253642903    0.254434050    0.330510197
   17.180000000    0.257290484    0.257878744    0.332321136
   17.190000000    0.261087992    0.261488861    0.334349206
   17.200000000    0.264786600    0.264974627    0.336629226
   17.210000000    0.268205359    0.268153636    0.339092436
   17.220000000    0.271322373    0.271006315    0.341528339
   17.230000000    0.274273153    0.273626515    0.343756319
   17.240000000    0.277202548    0.276086251    0.345824822
   17.250000000    0.280107363    0.278346897    0.347934728
   17.260000000    0.282856837    0.280310751    0.350183610
   17.270000000    0.285385350    0.281958996    0.352503697
   17.280000000    0.287833272    0.283430361    0.354826520
   17.290000000    0.290392510    0.284890979    0.357204447
   17.300000000    0.293036464    0.286360025    0.359712208
   17.310000000    0.295520618    0.287740909    0.362277689
   17.320000000    0.297608935    0.288945889    0.364715402
   17.330000000    0.299264355    0.290017419    0.366895363
   17.340000000    0.300653267    0.291205002    0.368860162
   17.350000000    0.301955209    0.292826165    0.370830927
   17.360000000    0.303204945    0.295019156    0.373087724
   17.370000000    0.304384705    0.297702837    0.375807077
   17.380000000    0.305619189    0.300726020    0.379001440
   17.390000000    0.307157274    0.303957036    0.382579766
   17.400000000    0.309127489    0.307250058    0.386358340
   17.410000000    0.311411672    0.310446199    0.389999168
   17.420000000    0.313791798    0.313434921    0.393121512
   17.430000000    0.316117974    0.316152371    0.395581011
   17.440000000    0.318324785    0.318576113    0.397571706
   17.450000000    0.320407380    0.320790336    0.399441248
   17.460000000    0.322418994    0.322989271    0.401426510
   17.470000000    0.324428414    0.325374042    0.403473286
   17.480000000    0.326469786    0.328055041    0.405277181
   17.490000000    0.328540045    0.331017064    0.406573792
   17.500000000    0.330623973    0.334150830    0.407417505
   17.510000000    0.332725691    0.337323540    0.408197408
   17.520000000    0.334877110    0.340437644    0.409431619
   17.530000000    0.337118469    0.343458228    0.411468225
   17.540000000    0.339454248    0.346383812    0.414305211
   17.550000000    0.341853698    0.349214821    0.417702086
   17.560000000    0.344361736    0.352017370    0.421415374
   17.570000000    0.347145179    0.354958227    0.425333211
   17.580000000    0.350308327    0.358131161    0.429461714
   17.590000000    0.353634529    0.361314362    0.433842389
   17.600000000    0.356558666    0.363988512    0.438462760
   17.610000000    0.358428740    0.365645390    0.443169740
   17.620000000    0.358834263    0.366058013    0.447623751
   17.630000000    0.357809433    0.365301966    0.451322520
   17.640000000    0.355891267    0.363680960    0.453733982
   17.650000000    0.353936686    0.361644850    0.454485407
   17.660000000    0.352631957    0.359578924    0.453356853
   17.670000000    0.352097237    0.357576680    0.450117369
   17.680000000    0.352000974    0.355452035    0.444689801
   17.690000000    0.351965219    0.352979046    0.437528367
   17.700000000    0.351782275    0.350140083    0.429524149
   17.710000000    0.351329256    0.347162218    0.421549903
   17.720000000    0.350424012    0.344295017    0.414181926
   17.730000000    0.348792661    0.341520393    0.407569145
   17.740000000    0.346151471    0.338471034    0.401444953
   17.750000000    0.342392088    0.334675248    0.395461877
   17.760000000    0.337720780    0.329940787    0.389568880
   17.770000000    0.332536878    0.324483936    0.384052242
   17.780000000    0.327145338    0.318710147    0.379313255
   17.790000000    0.321611581    0.312985793    0.375683621
   17.800000000    0.315913054    0.307621373    0.373337918
   17.810000000    0.310256809    0.302958420    0.372173713
   17.820000000    0.305209164    0.299365144    0.371769233
   17.830000000    0.301444955    0.297103897    0.371551939
   17.840000000    0.299405422    0.296269159    0.371058439
   17.850000000    0.299148426    0.296802878    0.370106129
   17.860000000    0.300366917    0.298440061    0.368822764
   17.870000000    0.302542029    0.300721701    0.367620228
   17.880000000    0.305133812    0.303173809    0.367052198
   17.890000000    0.307673396    0.305445875    0.367439290
   17.900000000    0.309797065    0.307291657    0.368585350
   17.910000000    0.311285272    0.308531259    0.369887840
   17.920000000    0.312047509    0.309078359    0.370586316
   17.930000000    0.312048279    0.308960550    0.369963257
   17.940000000    0.311264640    0.308302833    0.367619014
   17.950000000    0.309664973    0.307255068    0.363599768
   17.960000000    0.307239015    0.305900495    0.358181381
   17.970000000    0.304160734    0.304295341    0.351747379
   17.980000000    0.300884749    0.302588630    0.344953014
   17.990000000    0.297995770    0.301023911    0.338752847
   18.000000000    0.296000141    0.299840660    0.334112501
   18.010000000    0.295228905    0.299196971    0.331626869
   18.020000000    0.295698455    0.299070404    0.331306893
   18.030000000    0.296935679    0.299145618    0.332650645
   18.040000000    0.298066942    0.298873988    0.334882928
   18.050000000    0.298163607    0.297712668    0.337193378
   18.060000000    0.296596977    0.295375436    0.338912312
   18.070000000    0.293262348    0.291962090    0.339643815
   18.080000000    0.288621178    0.287944048    0.339369862
   18.090000000    0.283556992    0.284053092    0.338420201
   18.100000000    0.279091003    0.281097063    0.337245330
   18.110000000    0.276006319    0.279672202    0.336158196
   18.120000000    0.274520096    0.279844258    0.335187658
   18.130000000    0.274287947    0.281132939    0.334122792
   18.140000000    0.274728324    0.282855580    0.332799484
   18.150000000    0.275270103    0.284402375    0.331300038
   18.160000000    0.275391454    0.285288515    0.329766632
   18.170000000    0.274641546    0.285141269    0.328108365
   18.180000000    0.272778504    0.283703850    0.326023868
   18.190000000    0.270003264    0.280954794    0.323363642
   18.200000000    0.267108963    0.277353533    0.320394898
   18.210000000    0.265302230    0.273916065    0.317609965
   18.220000000    0.265642043    0.271818312    0.315314910
   18.230000000    0.268452838    0.271742243    0.313464886
   18.240000000    0.273153723    0.273507571    0.311863344
   18.250000000    0.278592047    0.276234393    0.310429336
   18.260000000    0.283616869    0.278868439    0.309173731
   18.270000000    0.287528932    0.280675771    0.308013654
   18.280000000    0.290201797    0.281411990    0.306866734
   18.290000000    0.291875859    0.281228620    0.305913794
   18.300000000    0.292813986    0.280496211    0.305562028
   18.310000000    0.293111163    0.279607944    0.306098838
   18.320000000    0.292770126    0.278867022    0.307390070
   18.330000000    0.291795960    0.278445121    0.308901903
   18.340000000    0.290138974    0.278261485    0.310064032
   18.350000000    0.287653346    0.277927827    0.310629245
   18.360000000    0.284278603    0.277022595    0.310650591
   18.370000000    0.280357240    0.275546196    0.310255283
   18.380000000    0.276718823    0.274152318    0.309649182
   18.390000000    0.274330337    0.273846494    0.309204943
   18.400000000    0.273789329    0.275291360    0.309313307
   18.410000000    0.275062043    0.278369829    0.310126404
   18.420000000    0.277603489    0.282394777    0.311429838
   18.430000000    0.280699075    0.286637498    0.312764403
   18.440000000    0.283774607    0.290687136    0.313791099
   18.450000000    0.286537648    0.294456390    0.314593286
   18.460000000    0.288965004    0.297944510    0.315562680
   18.470000000    0.291188854    0.301020396    0.316956829
   18.480000000    0.293302630    0.303385578    0.318564041
   18.490000000    0.295207656    0.304677154    0.319779796
   18.500000000    0.296653927    0.304626979    0.320055567
   18.510000000    0.297452612    0.303260566    0.319381481
   18.520000000    0.297697738    0.301032179    0.318344829
   18.530000000    0.297793447    0.298655402    0.317615392
   18.540000000    0.298183751    0.296652980    0.317386162
   18.550000000    0.298956656    0.295053609    0.317378159
   18.560000000    0.299645849    0.293466259    0.317246559
   18.570000000    0.299404147    0.291336940    0.316876414
   18.580000000    0.297435311    0.288217363    0.316394530
   18.590000000    0.293416414    0.284029142    0.316002020
   18.600000000    0.287705806    0.279242621    0.315796900
   18.610000000    0.281231544    0.274749667    0.315730885
   18.620000000    0.275067782    0.271369914    0.315770551
   18.630000000    0.269978026    0.269401361    0.316062071
   18.640000000    0.266260673    0.268639584    0.316802837
   18.650000000    0.263911746    0.268736638    0.318014148
   18.660000000    0.262920210    0.269513570    0.319613862
   18.670000000    0.263404113    0.270982581    0.321622804
   18.680000000    0.265430126    0.273090570    0.324145455
   18.690000000    0.268740617    0.275495233    0.327204331
   18.700000000    0.272724226    0.277658713    0.330663461
   18.710000000    0.276659028    0.279136340    0.334262980
   18.720000000    0.279997249    0.279757947    0.337670687
   18.730000000    0.282522337    0.279631065    0.340546625
   18.740000000    0.284317883    0.279058855    0.342568103
   18.750000000    0.285585563    0.278423313    0.343380181
   18.760000000    0.286488765    0.278040221    0.342661690
   18.770000000    0.287132338    0.278048038    0.340385067
   18.780000000    0.287595884    0.278421184    0.336993223
   18.790000000    0.287959563    0.279065785    0.333258414
   18.800000000    0.288323904    0.279899087    0.329956373
   18.810000000    0.288804051    0.280915068    0.327609721
   18.820000000    0.289534199    0.282256985    0.326370702
   18.830000000    0.290612296    0.284123687    0.326016594
   18.840000000    0.291926458    0.286481231    0.326091678
   18.850000000    0.293064699    0.288920659    0.326120864
   18.860000000    0.293433957    0.290829435    0.325806623
   18.870000000    0.292497970    0.291695796    0.325128722
   18.880000000    0.290005878    0.291298233    0.324211045
   18.890000000    0.286097773    0.289688525    0.323081575
   18.900000000    0.281300914    0.287160777    0.321624459
   18.910000000    0.276422770    0.284259587    0.319763799
   18.920000000    0.272233247    0.281558724    0.317605507
   18.930000000    0.269114748    0.279298790    0.315349491
   18.940000000    0.267066649    0.277349909    0.313151797
   18.950000000    0.265956576    0.275536729    0.311115137
   18.960000000    0.265600783    0.273887348    0.309335230
   18.970000000    0.265705534    0.272561935    0.307842972
   18.980000000    0.265939938    0.271654381    0.306498259
   18.990000000    0.266099549    0.271137072    0.305008107
   19.000000000    0.266187054    0.270976595    0.303032462
   19.010000000    0.266435236    0.271285848    0.300321925
   19.020000000    0.267256199    0.272309832    0.296916631
   19.030000000    0.269019131    0.274193784    0.293273046
   19.040000000    0.271804928    0.276789619    0.290074199
   19.050000000    0.275350345    0.279704102    0.287854199
   19.060000000    0.279187069    0.282504368    0.286836502
   19.070000000    0.282822742    0.284851605    0.286997338
   19.080000000    0.285788487    0.286435086    0.288126315
   19.090000000    0.287598039    0.286876510    0.289879185
   19.100000000    0.287811544    0.285836450    0.291848339
   19.110000000    0.286143252    0.283192712    0.293603575
   19.120000000    0.282487921    0.279029601    0.294755623
   19.130000000    0.276947562    0.273501647    0.295084609
   19.140000000    0.269886443    0.266794493    0.294628677
   19.150000000    0.261895086    0.259225550    0.293670035
   19.160000000    0.253688661    0.251350600    0.292640405
   19.170000000    0.246064866    0.243934451    0.291925884
   19.180000000    0.239776638    0.237704123    0.291681475
   19.190000000    0.235278038    0.233066586    0.291898102
   19.200000000    0.232621427    0.230063068    0.292587556
   19.210000000    0.231615057    0.228519417    0.293785138
   19.220000000    0.232027967    0.228222196    0.295432049
   19.230000000    0.233627082    0.229017292    0.297310170
   19.240000000    0.236026414    0.230702588    0.299090849
   19.250000000    0.238532269    0.232808215    0.300547490
   19.260000000    0.240279378    0.234644857    0.301722141
   19.270000000    0.240679214    0.235710761    0.302809692
   19.280000000    0.239742892    0.236005925    0.304005122
   19.290000000    0.237954986    0.235886890    0.305508635
   19.300000000    0.235939908    0.235734441    0.307454296
   19.310000000    0.234262107    0.235847605    0.309765209
   19.320000000    0.233386445    0.236515317    0.312221773
   19.330000000    0.233654921    0.238015153    0.314680880
   19.340000000    0.235211526    0.240489730    0.317200140
   19.350000000    0.237945479    0.243826660    0.320025743
   19.360000000    0.241493271    0.247649106    0.323453627
   19.370000000    0.245288900    0.251397583    0.327564517
   19.380000000    0.248682673    0.254438586    0.332009184
   19.390000000    0.251099550    0.256183142    0.336073904
   19.400000000    0.252193520    0.256239626    0.339021275
   19.410000000    0.251984817    0.254577230    0.340461252
   19.420000000    0.250884587    0.251606869    0.340494980
   19.430000000    0.249488904    0.248066635    0.339572761
   19.440000000    0.248268035    0.244706756    0.338188074
   19.450000000    0.247432840    0.242009527    0.336637761
   19.460000000    0.247051010    0.240172770    0.335039888
   19.470000000    0.247206730    0.239259748    0.333491642
   19.480000000    0.248009876    0.239309650    0.332091743
   19.490000000    0.249495870    0.240331824    0.330822625
   19.500000000    0.251541811    0.242223391    0.329573355
   19.510000000    0.253888805    0.244747147    0.328373559
   19.520000000    0.256237393    0.247602186    0.327485173
   19.530000000    0.258259464    0.250456825    0.327128591
   19.540000000    0.259566448    0.252938691    0.327179700
   19.550000000    0.259799330    0.254696179    0.327202442
   19.560000000    0.258785494    0.255517193    0.326775167
   19.570000000    0.256613834    0.255393433    0.325800131
   19.580000000    0.253609020    0.254505646    0.324521950
   19.590000000    0.250262966    0.253166697    0.323339230
   19.600000000    0.247163306    0.251739812    0.322616814
   19.610000000    0.244840940    0.250532664    0.322497678
   19.620000000    0.243533821    0.249698755    0.322769248
   19.630000000    0.243109737    0.249218289    0.323001715
   19.640000000    0.243241382    0.248968558    0.322920719
   19.650000000    0.243659388    0.248832245    0.322671627
   19.660000000    0.244267783    0.248747693    0.322730947
   19.670000000    0.245005868    0.248625677    0.323524845
   19.680000000    0.245640230    0.248261916    0.325066493
   19.690000000    0.245817148    0.247450374    0.326898445
   19.700000000    0.245383065    0.246274097    0.328358138
   19.710000000    0.244587905    0.245203540    0.328964852
   19.720000000    0.243919601    0.244764608    0.328660094
   19.730000000    0.243789932    0.245167917    0.327756654
   19.740000000    0.244374328    0.246301402    0.326674192
   19.750000000    0.245619872    0.247916933    0.325662813
   19.760000000    0.247318693    0.249760696    0.324774854
   19.770000000    0.249223095    0.251660198    0.324085487
   19.780000000    0.251173199    0.253580743    0.323796839
   19.790000000    0.253170912    0.255611448    0.324084150
   19.800000000    0.255321713    0.257870662    0.324904784
   19.810000000    0.257674458    0.260383896    0.325974701
   19.820000000    0.260149820    0.263059258    0.326957870
   19.830000000    0.262601042    0.265727779    0.327700757
   19.840000000    0.264845995    0.268117048    0.328270096
   19.850000000    0.266648790    0.269840243    0.328750756
   19.860000000    0.267795243    0.270545758    0.329065848
   19.870000000    0.268279475    0.270166362    0.329084709
   19.880000000    0.268398380    0.269059742    0.328826836
   19.890000000    0.268568949    0.267860376    0.328451952
   19.900000000    0.269018686    0.267117047    0.328141555
   19.910000000    0.269682588    0.267026513    0.328070668
   19.920000000    0.270377547    0.267473987    0.328361070
   19.930000000    0.271037024    0.268291128    0.328961948
   19.940000000    0.271763358    0.269423776    0.329657185
   19.950000000    0.272690357    0.270878409    0.330257489
   19.960000000    0.273851242    0.272602018    0.330724935
   19.970000000    0.275164292    0.274434791    0.331119711
   19.980000000    0.276518542    0.276193820    0.331599792
   19.990000000    0.277873902    0.277821062    0.332485089
   20.000000000    0.279243689    0.279379155    0.334119526
   20.010000000    0.280599948    0.280890757    0.336604443
   20.020000000    0.281888052    0.282285618    0.339719955
   20.030000000    0.283117069    0.283512266    0.343073877
   20.040000000    0.284367253    0.284607664    0.346289186
   20.050000000    0.285719087    0.285635023    0.349132441
