# energy grid [eV]     ieps_x  ieps_y  ieps_z
#
    0.050000000    6.157950434    6.162300159    6.223329673
    0.060000000    6.157436665    6.161781875    6.222802383
    0.070000000    6.156856471    6.161196589    6.222206913
    0.080000000    6.156213906    6.160548392    6.221547420
    0.090000000    6.155511763    6.159840105    6.220826767
    0.100000000    6.154751982    6.159073686    6.220046944
    0.110000000    6.153935933    6.158250523    6.219209354
    0.120000000    6.153064612    6.157371620    6.218315014
    0.130000000    6.152138762    6.156437732    6.217364685
    0.140000000    6.151158960    6.155449442    6.216358954
    0.150000000    6.150125667    6.154407219    6.215298291
    0.160000000    6.149039267    6.153311455    6.214183088
    0.170000000    6.147900092    6.152162487    6.213013679
    0.180000000    6.146708438    6.150960617    6.211790365
    0.190000000    6.145464574    6.149706121    6.210513416
    0.200000000    6.144168754    6.148399258    6.209183091
    0.210000000    6.142821221    6.147040279    6.207799631
    0.220000000    6.141422210    6.145629423    6.206363276
    0.230000000    6.139971955    6.144166931    6.204874258
    0.240000000    6.138470684    6.142653038    6.203332808
    0.250000000    6.136918630    6.141087982    6.201739158
    0.260000000    6.135316024    6.139472002    6.200093540
    0.270000000    6.133663099    6.137805337    6.198396189
    0.280000000    6.131960094    6.136088231    6.196647342
    0.290000000    6.130207247    6.134320931    6.194847239
    0.300000000    6.128404802    6.132503688    6.192996125
    0.310000000    6.126553007    6.130636756    6.191094247
    0.320000000    6.124652113    6.128720394    6.189141857
    0.330000000    6.122702377    6.126754865    6.187139213
    0.340000000    6.120704058    6.124740435    6.185086573
    0.350000000    6.118657421    6.122677378    6.182984203
    0.360000000    6.116562733    6.120565968    6.180832372
    0.370000000    6.114420269    6.118406486    6.178631353
    0.380000000    6.112230305    6.116199217    6.176381424
    0.390000000    6.109993122    6.113944450    6.174082867
    0.400000000    6.107709006    6.111642477    6.171735968
    0.410000000    6.105378247    6.109293596    6.169341016
    0.420000000    6.103001137    6.106898108    6.166898307
    0.430000000    6.100577973    6.104456318    6.164408137
    0.440000000    6.098109058    6.101968535    6.161870809
    0.450000000    6.095594695    6.099435070    6.159286629
    0.460000000    6.093035194    6.096856241    6.156655905
    0.470000000    6.090430864    6.094232366    6.153978951
    0.480000000    6.087782023    6.091563769    6.151256081
    0.490000000    6.085088987    6.088850775    6.148487617
    0.500000000    6.082352078    6.086093714    6.145673880
    0.510000000    6.079571621    6.083292918    6.142815197
    0.520000000    6.076747943    6.080448722    6.139911895
    0.530000000    6.073881374    6.077561463    6.136964306
    0.540000000    6.070972246    6.074631482    6.133972764
    0.550000000    6.068020894    6.071659121    6.130937607
    0.560000000    6.065027657    6.068644726    6.127859173
    0.570000000    6.061992874    6.065588645    6.124737804
    0.580000000    6.058916888    6.062491225    6.121573843
    0.590000000    6.055800041    6.059352820    6.118367638
    0.600000000    6.052642680    6.056173782    6.115119536
    0.610000000    6.049445154    6.052954467    6.111829886
    0.620000000    6.046207810    6.049695231    6.108499041
    0.630000000    6.042931001    6.046396432    6.105127354
    0.640000000    6.039615080    6.043058429    6.101715180
    0.650000000    6.036260399    6.039681585    6.098262876
    0.660000000    6.032867314    6.036266260    6.094770799
    0.670000000    6.029436181    6.032812819    6.091239307
    0.680000000    6.025967358    6.029321624    6.087668762
    0.690000000    6.022461203    6.025793040    6.084059525
    0.700000000    6.018918075    6.022227434    6.080411957
    0.710000000    6.015338333    6.018625171    6.076726421
    0.720000000    6.011722337    6.014986618    6.073003281
    0.730000000    6.008070450    6.011312142    6.069242902
    0.740000000    6.004383031    6.007602109    6.065445647
    0.750000000    6.000660443    6.003856889    6.061611881
    0.760000000    5.996903046    6.000076847    6.057741971
    0.770000000    5.993111204    5.996262353    6.053836282
    0.780000000    5.989285277    5.992413772    6.049895180
    0.790000000    5.985425627    5.988531473    6.045919029
    0.800000000    5.981532616    5.984615822    6.041908197
    0.810000000    5.977606606    5.980667187    6.037863048
    0.820000000    5.973647957    5.976685933    6.033783949
    0.830000000    5.969657030    5.972672425    6.029671263
    0.840000000    5.965634184    5.968627030    6.025525356
    0.850000000    5.961579780    5.964550110    6.021346591
    0.860000000    5.957494176    5.960442031    6.017135333
    0.870000000    5.953377731    5.956303153    6.012891945
    0.880000000    5.949230801    5.952133840    6.008616788
    0.890000000    5.945053742    5.947934451    6.004310224
    0.900000000    5.940846912    5.943705347    5.999972614
    0.910000000    5.936610662    5.939446886    5.995604317
    0.920000000    5.932345348    5.935159424    5.991205693
    0.930000000    5.928051321    5.930843319    5.986777099
    0.940000000    5.923728931    5.926498925    5.982318891
    0.950000000    5.919378530    5.922126595    5.977831425
    0.960000000    5.915000464    5.917726681    5.973315056
    0.970000000    5.910595082    5.913299533    5.968770136
    0.980000000    5.906162727    5.908845499    5.964197016
    0.990000000    5.901703745    5.904364928    5.959596048
    1.000000000    5.897218478    5.899858165    5.954967579
    1.010000000    5.892707266    5.895325553    5.950311956
    1.020000000    5.888170448    5.890767434    5.945629527
    1.030000000    5.883608363    5.886184148    5.940920634
    1.040000000    5.879021346    5.881576035    5.936185619
    1.050000000    5.874409730    5.876943429    5.931424825
    1.060000000    5.869773848    5.872286666    5.926638589
    1.070000000    5.865114030    5.867606079    5.921827249
    1.080000000    5.860430604    5.862901997    5.916991141
    1.090000000    5.855723897    5.858174750    5.912130597
    1.100000000    5.850994233    5.853424663    5.907245950
    1.110000000    5.846241935    5.848652061    5.902337530
    1.120000000    5.841467322    5.843857266    5.897405664
    1.130000000    5.836670714    5.839040599    5.892450678
    1.140000000    5.831852426    5.834202377    5.887472896
    1.150000000    5.827012773    5.829342915    5.882472640
    1.160000000    5.822152066    5.824462528    5.877450229
    1.170000000    5.817270616    5.819561525    5.872405982
    1.180000000    5.812368729    5.814640217    5.867340213
    1.190000000    5.807446711    5.809698910    5.862253237
    1.200000000    5.802504866    5.804737908    5.857145365
    1.210000000    5.797543494    5.799757513    5.852016905
    1.220000000    5.792562894    5.794758024    5.846868164
    1.230000000    5.787563362    5.789739739    5.841699448
    1.240000000    5.782545193    5.784702953    5.836511059
    1.250000000    5.777508677    5.779647958    5.831303296
    1.260000000    5.772454105    5.774575044    5.826076459
    1.270000000    5.767381764    5.769484499    5.820830842
    1.280000000    5.762291938    5.764376609    5.815566739
    1.290000000    5.757184910    5.759251655    5.810284442
    1.300000000    5.752060960    5.754109920    5.804984238
    1.310000000    5.746920365    5.748951680    5.799666416
    1.320000000    5.741763401    5.743777211    5.794331258
    1.330000000    5.736590341    5.738586787    5.788979046
    1.340000000    5.731401455    5.733380678    5.783610062
    1.350000000    5.726197011    5.728159153    5.778224580
    1.360000000    5.720977276    5.722922477    5.772822878
    1.370000000    5.715742513    5.717670913    5.767405226
    1.380000000    5.710492982    5.712404724    5.761971896
    1.390000000    5.705228943    5.707124168    5.756523155
    1.400000000    5.699950652    5.701829499    5.751059269
    1.410000000    5.694658362    5.696520974    5.745580501
    1.420000000    5.689352326    5.691198842    5.740087111
    1.430000000    5.684032792    5.685863352    5.734579360
    1.440000000    5.678700007    5.680514752    5.729057501
    1.450000000    5.673354215    5.675153285    5.723521791
    1.460000000    5.667995659    5.669779193    5.717972480
    1.470000000    5.662624579    5.664392714    5.712409817
    1.480000000    5.657241211    5.658994088    5.706834049
    1.490000000    5.651845791    5.653583546    5.701245421
    1.500000000    5.646438551    5.648161323    5.695644176
    1.510000000    5.641019722    5.642727648    5.690030552
    1.520000000    5.635589532    5.637282747    5.684404789
    1.530000000    5.630148207    5.631826848    5.678767121
    1.540000000    5.624695970    5.626360172    5.673117781
    1.550000000    5.619233042    5.620882939    5.667457001
    1.560000000    5.613759643    5.615395369    5.661785009
    1.570000000    5.608275989    5.609897677    5.656102031
    1.580000000    5.602782294    5.604390077    5.650408292
    1.590000000    5.597278771    5.598872781    5.644704014
    1.600000000    5.591765630    5.593345997    5.638989416
    1.610000000    5.586243078    5.587809933    5.633264715
    1.620000000    5.580711321    5.582264793    5.627530128
    1.630000000    5.575170562    5.576710781    5.621785866
    1.640000000    5.569621003    5.571148096    5.616032142
    1.650000000    5.564062843    5.565576936    5.610269164
    1.660000000    5.558496279    5.559997498    5.604497138
    1.670000000    5.552921504    5.554409976    5.598716270
    1.680000000    5.547338713    5.548814562    5.592926761
    1.690000000    5.541748096    5.543211445    5.587128812
    1.700000000    5.536149841    5.537600812    5.581322621
    1.710000000    5.530544134    5.531982850    5.575508384
    1.720000000    5.524931161    5.526357742    5.569686295
    1.730000000    5.519311103    5.520725669    5.563856547
    1.740000000    5.513684140    5.515086811    5.558019329
    1.750000000    5.508050452    5.509441344    5.552174830
    1.760000000    5.502410214    5.503789445    5.546323235
    1.770000000    5.496763600    5.498131287    5.540464727
    1.780000000    5.491110784    5.492467042    5.534599491
    1.790000000    5.485451936    5.486796878    5.528727704
    1.800000000    5.479787223    5.481120963    5.522849546
    1.810000000    5.474116814    5.475439464    5.516965192
    1.820000000    5.468440872    5.469752543    5.511074817
    1.830000000    5.462759560    5.464060363    5.505178594
    1.840000000    5.457073040    5.458363084    5.499276691
    1.850000000    5.451381470    5.452660864    5.493369279
    1.860000000    5.445685008    5.446953859    5.487456524
    1.870000000    5.439983810    5.441242224    5.481538591
    1.880000000    5.434278029    5.435526111    5.475615643
    1.890000000    5.428567816    5.429805672    5.469687841
    1.900000000    5.422853324    5.424081056    5.463755345
    1.910000000    5.417134699    5.418352410    5.457818312
    1.920000000    5.411412088    5.412619880    5.451876899
    1.930000000    5.405685637    5.406883611    5.445931259
    1.940000000    5.399955489    5.401143744    5.439981545
    1.950000000    5.394221786    5.395400420    5.434027908
    1.960000000    5.388484667    5.389653778    5.428070497
    1.970000000    5.382744271    5.383903956    5.422109460
    1.980000000    5.377000734    5.378151089    5.416144941
    1.990000000    5.371254193    5.372395311    5.410177086
    2.000000000    5.365504779    5.366636756    5.404206036
    2.010000000    5.359752626    5.360875554    5.398231933
    2.020000000    5.353997864    5.355111834    5.392254916
    2.030000000    5.348240621    5.349345725    5.386275121
    2.040000000    5.342481024    5.343577353    5.380292687
    2.050000000    5.336719200    5.337806842    5.374307746
    2.060000000    5.330955273    5.332034316    5.368320432
    2.070000000    5.325189366    5.326259898    5.362330876
    2.080000000    5.319421599    5.320483706    5.356339209
    2.090000000    5.313652094    5.314705861    5.350345558
    2.100000000    5.307880968    5.308926480    5.344350051
    2.110000000    5.302108338    5.303145680    5.338352813
    2.120000000    5.296334320    5.297363573    5.332353969
    2.130000000    5.290559028    5.291580275    5.326353640
    2.140000000    5.284782576    5.285795898    5.320351949
    2.150000000    5.279005074    5.280010551    5.314349014
    2.160000000    5.273226633    5.274224344    5.308344954
    2.170000000    5.267447362    5.268437385    5.302339886
    2.180000000    5.261667368    5.262649781    5.296333927
    2.190000000    5.255886757    5.256861637    5.290327189
    2.200000000    5.250105634    5.251073058    5.284319787
    2.210000000    5.244324104    5.245284145    5.278311831
    2.220000000    5.238542268    5.239495002    5.272303432
    2.230000000    5.232760227    5.233705727    5.266294700
    2.240000000    5.226978082    5.227916420    5.260285741
    2.250000000    5.221195931    5.222127179    5.254276663
    2.260000000    5.215413872    5.216338102    5.248267570
    2.270000000    5.209632001    5.210549282    5.242258566
    2.280000000    5.203850413    5.204760815    5.236249755
    2.290000000    5.198069202    5.198972794    5.230241238
    2.300000000    5.192288461    5.193185311    5.224233115
    2.310000000    5.186508281    5.187398456    5.218225486
    2.320000000    5.180728754    5.181612321    5.212218447
    2.330000000    5.174949969    5.175826993    5.206212097
    2.340000000    5.169172013    5.170042560    5.200206531
    2.350000000    5.163394976    5.164259108    5.194201843
    2.360000000    5.157618941    5.158476724    5.188198127
    2.370000000    5.151843996    5.152695491    5.182195475
    2.380000000    5.146070223    5.146915493    5.176193978
    2.390000000    5.140297706    5.141136813    5.170193727
    2.400000000    5.134526527    5.135359531    5.164194810
    2.410000000    5.128756767    5.129583728    5.158197315
    2.420000000    5.122988506    5.123809483    5.152201330
    2.430000000    5.117221823    5.118036876    5.146206940
    2.440000000    5.111456796    5.112265982    5.140214230
    2.450000000    5.105693503    5.106496879    5.134223284
    2.460000000    5.099932019    5.100729642    5.128234184
    2.470000000    5.094172419    5.094964346    5.122247013
    2.480000000    5.088414778    5.089201064    5.116261851
    2.490000000    5.082659170    5.083439869    5.110278778
    2.500000000    5.076905666    5.077680833    5.104297873
    2.510000000    5.071154338    5.071924027    5.098319214
    2.520000000    5.065405257    5.066169520    5.092342878
    2.530000000    5.059658493    5.060417383    5.086368941
    2.540000000    5.053914115    5.054667682    5.080397478
    2.550000000    5.048172189    5.048920487    5.074428564
    2.560000000    5.042432785    5.043175863    5.068462271
    2.570000000    5.036695968    5.037433876    5.062498672
    2.580000000    5.030961803    5.031694591    5.056537839
    2.590000000    5.025230356    5.025958073    5.050579843
    2.600000000    5.019501690    5.020224384    5.044624752
    2.610000000    5.013775868    5.014493587    5.038672637
    2.620000000    5.008052953    5.008765744    5.032723565
    2.630000000    5.002333007    5.003040916    5.026777603
    2.640000000    4.996616089    4.997319164    5.020834818
    2.650000000    4.990902260    4.991600545    5.014895276
    2.660000000    4.985191579    4.985885121    5.008959042
    2.670000000    4.979484105    4.980172947    5.003026179
    2.680000000    4.973779895    4.974464082    4.997096750
    2.690000000    4.968079007    4.968758583    4.991170819
    2.700000000    4.962381497    4.963056504    4.985248447
    2.710000000    4.956687420    4.957357901    4.979329694
    2.720000000    4.950996831    4.951662829    4.973414622
    2.730000000    4.945309785    4.945971340    4.967503289
    2.740000000    4.939626335    4.940283489    4.961595754
    2.750000000    4.933946533    4.934599328    4.955692076
    2.760000000    4.928270433    4.928918908    4.949792310
    2.770000000    4.922598084    4.923242280    4.943896515
    2.780000000    4.916929540    4.917569495    4.938004745
    2.790000000    4.911264848    4.911900602    4.932117057
    2.800000000    4.905604060    4.906235651    4.926233503
    2.810000000    4.899947224    4.900574691    4.920354139
    2.820000000    4.894294388    4.894917768    4.914479016
    2.830000000    4.888645600    4.889264930    4.908608188
    2.840000000    4.883000907    4.883616224    4.902741707
    2.850000000    4.877360356    4.877971696    4.896879623
    2.860000000    4.871723992    4.872331392    4.891021986
    2.870000000    4.866091860    4.866695355    4.885168848
    2.880000000    4.860464006    4.861063632    4.879320256
    2.890000000    4.854840474    4.855436264    4.873476260
    2.900000000    4.849221306    4.849813296    4.867636906
    2.910000000    4.843606546    4.844194771    4.861802244
    2.920000000    4.837996237    4.838580729    4.855972319
    2.930000000    4.832390420    4.832971213    4.850147177
    2.940000000    4.826789137    4.827366263    4.844326865
    2.950000000    4.821192428    4.821765921    4.838511426
    2.960000000    4.815600334    4.816170225    4.832700906
    2.970000000    4.810012894    4.810579216    4.826895348
    2.980000000    4.804430148    4.804992932    4.821094796
    2.990000000    4.798852135    4.799411411    4.815299291
    3.000000000    4.793278891    4.793834692    4.809508877
    3.010000000    4.787710457    4.788262812    4.803723595
    3.020000000    4.782146867    4.782695807    4.797943485
    3.030000000    4.776588160    4.777133714    4.792168589
    3.040000000    4.771034371    4.771576569    4.786398946
    3.050000000    4.765485536    4.766024408    4.780634595
    3.060000000    4.759941691    4.760477264    4.774875577
    3.070000000    4.754402869    4.754935174    4.769121928
    3.080000000    4.748869107    4.749398170    4.763373687
    3.090000000    4.743340436    4.743866286    4.757630892
    3.100000000    4.737816892    4.738339556    4.751893579
    3.110000000    4.732298506    4.732818012    4.746161784
    3.120000000    4.726785312    4.727301687    4.740435544
    3.130000000    4.721277341    4.721790612    4.734714894
    3.140000000    4.715774625    4.716284818    4.728999870
    3.150000000    4.710277195    4.710784336    4.723290504
    3.160000000    4.704785083    4.705289198    4.717586832
    3.170000000    4.699298318    4.699799433    4.711888888
    3.180000000    4.693816930    4.694315070    4.706196703
    3.190000000    4.688340949    4.688836140    4.700510312
    3.200000000    4.682870405    4.683362671    4.694829745
    3.210000000    4.677405326    4.677894691    4.689155036
    3.220000000    4.671945739    4.672432229    4.683486215
    3.230000000    4.666491675    4.666975312    4.677823313
    3.240000000    4.661043158    4.661523968    4.672166360
    3.250000000    4.655600218    4.656078223    4.666515387
    3.260000000    4.650162881    4.650638104    4.660870424
    3.270000000    4.644731173    4.645203638    4.655231499
    3.280000000    4.639305121    4.639774850    4.649598641
    3.290000000    4.633884749    4.634351765    4.643971880
    3.300000000    4.628470084    4.628934409    4.638351242
    3.310000000    4.623061150    4.623522807    4.632736755
    3.320000000    4.617657973    4.618116983    4.627128447
    3.330000000    4.612260575    4.612716960    4.621526345
    3.340000000    4.606868982    4.607322763    4.615930474
    3.350000000    4.601483216    4.601934415    4.610340861
    3.360000000    4.596103301    4.596551939    4.604757532
    3.370000000    4.590729261    4.591175357    4.599180513
    3.380000000    4.585361117    4.585804693    4.593609826
    3.390000000    4.579998891    4.580439968    4.588045499
    3.400000000    4.574642606    4.575081203    4.582487554
    3.410000000    4.569292284    4.569728420    4.576936016
    3.420000000    4.563947944    4.564381641    4.571390908
    3.430000000    4.558609610    4.559040886    4.565852253
    3.440000000    4.553277300    4.553706175    4.560320074
    3.450000000    4.547951036    4.548377528    4.554794394
    3.460000000    4.542630837    4.543054966    4.549275234
    3.470000000    4.537316724    4.537738508    4.543762617
    3.480000000    4.532008715    4.532428173    4.538256563
    3.490000000    4.526706829    4.527123980    4.532757095
    3.500000000    4.521411087    4.521825948    4.527264233
    3.510000000    4.516121505    4.516534095    4.521777997
    3.520000000    4.510838103    4.511248439    4.516298407
    3.530000000    4.505560898    4.505968998    4.510825484
    3.540000000    4.500289909    4.500695790    4.505359246
    3.550000000    4.495025151    4.495428831    4.499899714
    3.560000000    4.489766644    4.490168139    4.494446905
    3.570000000    4.484514402    4.484913730    4.489000839
    3.580000000    4.479268444    4.479665622    4.483561534
    3.590000000    4.474028786    4.474423829    4.478129008
    3.600000000    4.468795443    4.469188368    4.472703279
    3.610000000    4.463568431    4.463959255    4.467284364
    3.620000000    4.458347766    4.458736505    4.461872280
    3.630000000    4.453133463    4.453520132    4.456467044
    3.640000000    4.447925537    4.448310153    4.451068672
    3.650000000    4.442724003    4.443106582    4.445677182
    3.660000000    4.437528876    4.437909432    4.440292588
    3.670000000    4.432340170    4.432718718    4.434914907
    3.680000000    4.427157898    4.427534455    4.429544154
    3.690000000    4.421982075    4.422356655    4.424180345
    3.700000000    4.416812715    4.417185333    4.418823493
    3.710000000    4.411649830    4.412020501    4.413473615
    3.720000000    4.406493433    4.406862172    4.408130724
    3.730000000    4.401343539    4.401710359    4.402794835
    3.740000000    4.396200158    4.396565074    4.397465960
    3.750000000    4.391063304    4.391426331    4.392144115
    3.760000000    4.385932989    4.386294140    4.386829312
    3.770000000    4.380809225    4.381168514    4.381521565
    3.780000000    4.375692023    4.376049464    4.376220886
    3.790000000    4.370581396    4.370937003    4.370927289
    3.800000000    4.365477353    4.365831140    4.365640784
    3.810000000    4.360379908    4.360731887    4.360361386
    3.820000000    4.355289069    4.355639254    4.355089104
    3.830000000    4.350204849    4.350553253    4.349823953
    3.840000000    4.345127258    4.345473894    4.344565941
    3.850000000    4.340056305    4.340401186    4.339315082
    3.860000000    4.334992002    4.335335140    4.334071386
    3.870000000    4.329934357    4.330275765    4.328834864
    3.880000000    4.324883380    4.325223072    4.323605525
    3.890000000    4.319839082    4.320177069    4.318383382
    3.900000000    4.314801471    4.315137765    4.313168443
    3.910000000    4.309770556    4.310105170    4.307960719
    3.920000000    4.304746347    4.305079293    4.302760220
    3.930000000    4.299728851    4.300060141    4.297566954
    3.940000000    4.294718078    4.295047723    4.292380931
    3.950000000    4.289714036    4.290042049    4.287202161
    3.960000000    4.284716733    4.285043124    4.282030651
    3.970000000    4.279726176    4.280050959    4.276866412
    3.980000000    4.274742375    4.275065559    4.271709450
    3.990000000    4.269765336    4.270086933    4.266559775
    4.000000000    4.264795066    4.265115088    4.261417394
    4.010000000    4.259831574    4.260150031    4.256282315
    4.020000000    4.254874866    4.255191770    4.251154547
    4.030000000    4.249924949    4.250240310    4.246034095
    4.040000000    4.244981830    4.245295660    4.240920969
    4.050000000    4.240045515    4.240357824    4.235815174
    4.060000000    4.235116012    4.235426810    4.230716718
    4.070000000    4.230193325    4.230502623    4.225625607
    4.080000000    4.225277461    4.225585270    4.220541848
    4.090000000    4.220368427    4.220674756    4.215465447
    4.100000000    4.215466228    4.215771088    4.210396411
    4.110000000    4.210570869    4.210874270    4.205334745
    4.120000000    4.205682356    4.205984308    4.200280456
    4.130000000    4.200800694    4.201101207    4.195233548
    4.140000000    4.195925888    4.196224973    4.190194027
    4.150000000    4.191057944    4.191355610    4.185161899
    4.160000000    4.186196867    4.186493122    4.180137169
    4.170000000    4.181342660    4.181637516    4.175119842
    4.180000000    4.176495328    4.176788794    4.170109922
    4.190000000    4.171654877    4.171946961    4.165107414
    4.200000000    4.166821310    4.167112022    4.160112323
    4.210000000    4.161994630    4.162283981    4.155124652
    4.220000000    4.157174843    4.157462841    4.150144407
    4.230000000    4.152361952    4.152648606    4.145171591
    4.240000000    4.147555961    4.147841280    4.140206207
    4.250000000    4.142756873    4.143040866    4.135248260
    4.260000000    4.137964692    4.138247367    4.130297753
    4.270000000    4.133179420    4.133460787    4.125354689
    4.280000000    4.128401062    4.128681129    4.120419072
    4.290000000    4.123629620    4.123908396    4.115490904
    4.300000000    4.118865096    4.119142590    4.110570189
    4.310000000    4.114107495    4.114383715    4.105656930
    4.320000000    4.109356818    4.109631772    4.100751128
    4.330000000    4.104613067    4.104886764    4.095852786
    4.340000000    4.099876246    4.100148694    4.090961908
    4.350000000    4.095146356    4.095417563    4.086078494
    4.360000000    4.090423399    4.090693374    4.081202547
    4.370000000    4.085707378    4.085976129    4.076334069
    4.380000000    4.080998295    4.081265829    4.071473062
    4.390000000    4.076296150    4.076562476    4.066619527
    4.400000000    4.071600947    4.071866071    4.061773465
    4.410000000    4.066912685    4.067176617    4.056934879
    4.420000000    4.062231367    4.062494114    4.052103770
    4.430000000    4.057556995    4.057818563    4.047280137
    4.440000000    4.052889568    4.053149967    4.042463984
    4.450000000    4.048229088    4.048488325    4.037655309
    4.460000000    4.043575556    4.043833638    4.032854115
    4.470000000    4.038928973    4.039185908    4.028060401
    4.480000000    4.034289340    4.034545134    4.023274169
    4.490000000    4.029656657    4.029911318    4.018495418
    4.500000000    4.025030924    4.025284460    4.013724149
    4.510000000    4.020412143    4.020664560    4.008960361
    4.520000000    4.015800313    4.016051619    4.004204056
    4.530000000    4.011195434    4.011445636    3.999455231
    4.540000000    4.006597507    4.006846611    3.994713889
    4.550000000    4.002006531    4.002254545    3.989980027
    4.560000000    3.997422507    3.997669437    3.985253646
    4.570000000    3.992845434    3.993091287    3.980534745
    4.580000000    3.988275311    3.988520095    3.975823323
    4.590000000    3.983712139    3.983955860    3.971119380
    4.600000000    3.979155917    3.979398581    3.966422914
    4.610000000    3.974606644    3.974848258    3.961733925
    4.620000000    3.970064319    3.970304890    3.957052411
    4.630000000    3.965528942    3.965768476    3.952378371
    4.640000000    3.961000512    3.961239015    3.947711803
    4.650000000    3.956479027    3.956716506    3.943052707
    4.660000000    3.951964486    3.952200948    3.938401081
    4.670000000    3.947456889    3.947692339    3.933756922
    4.680000000    3.942956234    3.943190679    3.929120230
    4.690000000    3.938462520    3.938695966    3.924491002
    4.700000000    3.933975745    3.934208197    3.919869236
    4.710000000    3.929495907    3.929727373    3.915254930
    4.720000000    3.925023005    3.925253490    3.910648083
    4.730000000    3.920557038    3.920786548    3.906048691
    4.740000000    3.916098003    3.916326544    3.901456753
    4.750000000    3.911645898    3.911873476    3.896872265
    4.760000000    3.907200721    3.907427343    3.892295226
    4.770000000    3.902762471    3.902988141    3.887725633
    4.780000000    3.898331145    3.898555870    3.883163483
    4.790000000    3.893906742    3.894130526    3.878608772
    4.800000000    3.889489257    3.889712108    3.874061499
    4.810000000    3.885078690    3.885300612    3.869521660
    4.820000000    3.880675038    3.880896036    3.864989252
    4.830000000    3.876278298    3.876498379    3.860464272
    4.840000000    3.871888467    3.872107636    3.855946716
    4.850000000    3.867505543    3.867723805    3.851436582
    4.860000000    3.863129523    3.863346884    3.846933865
    4.870000000    3.858760404    3.858976870    3.842438562
    4.880000000    3.854398183    3.854613758    3.837950670
    4.890000000    3.850042858    3.850257548    3.833470184
    4.900000000    3.845694424    3.845908234    3.828997102
    4.910000000    3.841352879    3.841565814    3.824531419
    4.920000000    3.837018220    3.837230286    3.820073131
    4.930000000    3.832690443    3.832901644    3.815622234
    4.940000000    3.828369545    3.828579887    3.811178724
    4.950000000    3.824055522    3.824265010    3.806742596
    4.960000000    3.819748372    3.819957010    3.802313848
    4.970000000    3.815448089    3.815655883    3.797892473
    4.980000000    3.811154672    3.811361626    3.793478468
    4.990000000    3.806868115    3.807074235    3.789071829
    5.000000000    3.802588415    3.802793705    3.784672550
    5.010000000    3.798315569    3.798520034    3.780280627
    5.020000000    3.794049572    3.794253217    3.775896056
    5.030000000    3.789790420    3.789993250    3.771518831
    5.040000000    3.785538110    3.785740129    3.767148948
    5.050000000    3.781292636    3.781493849    3.762786401
    5.060000000    3.777053996    3.777254408    3.758431186
    5.070000000    3.772822185    3.773021799    3.754083298
    5.080000000    3.768597197    3.768796020    3.749742731
    5.090000000    3.764379030    3.764577065    3.745409481
    5.100000000    3.760167679    3.760364930    3.741083541
    5.110000000    3.755963138    3.756159611    3.736764908
    5.120000000    3.751765405    3.751961103    3.732453574
    5.130000000    3.747574473    3.747769401    3.728149535
    5.140000000    3.743390338    3.743584501    3.723852786
    5.150000000    3.739212996    3.739406398    3.719563320
    5.160000000    3.735042442    3.735235087    3.715281133
    5.170000000    3.730878671    3.731070563    3.711006217
    5.180000000    3.726721678    3.726912822    3.706738568
    5.190000000    3.722571458    3.722761858    3.702478180
    5.200000000    3.718428007    3.718617666    3.698225046
    5.210000000    3.714291318    3.714480242    3.693979161
    5.220000000    3.710161387    3.710349579    3.689740519
    5.230000000    3.706038209    3.706225674    3.685509114
    5.240000000    3.701921779    3.702108520    3.681284939
    5.250000000    3.697812091    3.697998112    3.677067988
    5.260000000    3.693709141    3.693894446    3.672858256
    5.270000000    3.689612922    3.689797515    3.668655735
    5.280000000    3.685523429    3.685707315    3.664460419
    5.290000000    3.681440657    3.681623839    3.660272303
    5.300000000    3.677364600    3.677547082    3.656091379
    5.310000000    3.673295253    3.673477039    3.651917641
    5.320000000    3.669232610    3.669413704    3.647751083
    5.330000000    3.665176665    3.665357071    3.643591697
    5.340000000    3.661127414    3.661307135    3.639439478
    5.350000000    3.657084849    3.657263889    3.635294417
    5.360000000    3.653048966    3.653227329    3.631156510
    5.370000000    3.649019758    3.649197447    3.627025748
    5.380000000    3.644997219    3.645174239    3.622902125
    5.390000000    3.640981344    3.641157697    3.618785634
    5.400000000    3.636972127    3.637147817    3.614676267
    5.410000000    3.632969561    3.633144592    3.610574019
    5.420000000    3.628973640    3.629148017    3.606478882
    5.430000000    3.624984359    3.625158084    3.602390848
    5.440000000    3.621001712    3.621174788    3.598309911
    5.450000000    3.617025691    3.617198122    3.594236064
    5.460000000    3.613056291    3.613228081    3.590169298
    5.470000000    3.609093506    3.609264658    3.586109608
    5.480000000    3.605137329    3.605307847    3.582056984
    5.490000000    3.601187755    3.601357640    3.578011421
    5.500000000    3.597244775    3.597414033    3.573972911
    5.510000000    3.593308385    3.593477018    3.569941446
    5.520000000    3.589378577    3.589546590    3.565917018
    5.530000000    3.585455346    3.585622740    3.561899621
    5.540000000    3.581538684    3.581705464    3.557889246
    5.550000000    3.577628585    3.577794754    3.553885886
    5.560000000    3.573725043    3.573890603    3.549889534
    5.570000000    3.569828051    3.569993006    3.545900181
    5.580000000    3.565937601    3.566101955    3.541917819
    5.590000000    3.562053688    3.562217443    3.537942442
    5.600000000    3.558176305    3.558339464    3.533974041
    5.610000000    3.554305444    3.554468012    3.530012608
    5.620000000    3.550441100    3.550603078    3.526058135
    5.630000000    3.546583264    3.546744656    3.522110615
    5.640000000    3.542731931    3.542892740    3.518170040
    5.650000000    3.538887093    3.539047322    3.514236401
    5.660000000    3.535048744    3.535208396    3.510309690
    5.670000000    3.531216876    3.531375954    3.506389900
    5.680000000    3.527391482    3.527549989    3.502477022
    5.690000000    3.523572556    3.523730495    3.498571049
    5.700000000    3.519760090    3.519917463    3.494671971
    5.710000000    3.515954077    3.516110888    3.490779781
    5.720000000    3.512154510    3.512310762    3.486894470
    5.730000000    3.508361382    3.508517077    3.483016030
    5.740000000    3.504574686    3.504729827    3.479144454
    5.750000000    3.500794413    3.500949005    3.475279732
    5.760000000    3.497020559    3.497174602    3.471421856
    5.770000000    3.493253113    3.493406611    3.467570818
    5.780000000    3.489492071    3.489645026    3.463726610
    5.790000000    3.485737423    3.485889839    3.459889222
    5.800000000    3.481989164    3.482141043    3.456058647
    5.810000000    3.478247285    3.478398630    3.452234875
    5.820000000    3.474511779    3.474662592    3.448417899
    5.830000000    3.470782638    3.470932923    3.444607710
    5.840000000    3.467059855    3.467209614    3.440804299
    5.850000000    3.463343423    3.463492658    3.437007658
    5.860000000    3.459633334    3.459782049    3.433217777
    5.870000000    3.455929581    3.456077777    3.429434649
    5.880000000    3.452232155    3.452379836    3.425658265
    5.890000000    3.448541050    3.448688217    3.421888615
    5.900000000    3.444856257    3.445002914    3.418125691
    5.910000000    3.441177770    3.441323919    3.414369485
    5.920000000    3.437505579    3.437651223    3.410619987
    5.930000000    3.433839679    3.433984820    3.406877189
    5.940000000    3.430180060    3.430324701    3.403141081
    5.950000000    3.426526716    3.426670859    3.399411656
    5.960000000    3.422879638    3.423023285    3.395688903
    5.970000000    3.419238818    3.419381973    3.391972815
    5.980000000    3.415604250    3.415746914    3.388263381
    5.990000000    3.411975924    3.412118100    3.384560595
    6.000000000    3.408353834    3.408495524    3.380864445
    6.010000000    3.404737971    3.404879178    3.377174923
    6.020000000    3.401128328    3.401269054    3.373492021
    6.030000000    3.397524895    3.397665143    3.369815729
    6.040000000    3.393927667    3.394067439    3.366146038
    6.050000000    3.390336634    3.390475932    3.362482939
    6.060000000    3.386751789    3.386890615    3.358826423
    6.070000000    3.383173124    3.383311481    3.355176480
    6.080000000    3.379600630    3.379738520    3.351533103
    6.090000000    3.376034300    3.376171725    3.347896280
    6.100000000    3.372474125    3.372611088    3.344266004
    6.110000000    3.368920099    3.369056601    3.340642265
    6.120000000    3.365372211    3.365508256    3.337025054
    6.130000000    3.361830455    3.361966044    3.333414362
    6.140000000    3.358294823    3.358429958    3.329810179
    6.150000000    3.354765305    3.354899989    3.326212496
    6.160000000    3.351241895    3.351376130    3.322621304
    6.170000000    3.347724583    3.347858371    3.319036593
    6.180000000    3.344213363    3.344346706    3.315458355
    6.190000000    3.340708224    3.340841125    3.311886580
    6.200000000    3.337209160    3.337341620    3.308321258
    6.210000000    3.333716163    3.333848184    3.304762380
    6.220000000    3.330229223    3.330360807    3.301209937
    6.230000000    3.326748332    3.326879483    3.297663920
    6.240000000    3.323273483    3.323404201    3.294124319
    6.250000000    3.319804668    3.319934955    3.290591124
    6.260000000    3.316341877    3.316471736    3.287064326
    6.270000000    3.312885102    3.313014536    3.283543916
    6.280000000    3.309434336    3.309563345    3.280029885
    6.290000000    3.305989569    3.306118156    3.276522222
    6.300000000    3.302550794    3.302678961    3.273020918
    6.310000000    3.299118003    3.299245751    3.269525964
    6.320000000    3.295691186    3.295818518    3.266037351
    6.330000000    3.292270335    3.292397254    3.262555069
    6.340000000    3.288855443    3.288981949    3.259079107
    6.350000000    3.285446500    3.285572596    3.255609458
    6.360000000    3.282043498    3.282169186    3.252146110
    6.370000000    3.278646429    3.278771710    3.248689056
    6.380000000    3.275255285    3.275380161    3.245238284
    6.390000000    3.271870057    3.271994530    3.241793786
    6.400000000    3.268490736    3.268614808    3.238355551
    6.410000000    3.265117314    3.265240987    3.234923571
    6.420000000    3.261749782    3.261873058    3.231497836
    6.430000000    3.258388133    3.258511014    3.228078336
    6.440000000    3.255032357    3.255154844    3.224665061
    6.450000000    3.251682446    3.251804542    3.221258002
    6.460000000    3.248338392    3.248460098    3.217857149
    6.470000000    3.245000186    3.245121503    3.214462493
    6.480000000    3.241667819    3.241788750    3.211074023
    6.490000000    3.238341283    3.238461830    3.207691731
    6.500000000    3.235020570    3.235140734    3.204315606
    6.510000000    3.231705670    3.231825453    3.200945639
    6.520000000    3.228396576    3.228515980    3.197581820
    6.530000000    3.225093278    3.225212304    3.194224139
    6.540000000    3.221795769    3.221914419    3.190872587
    6.550000000    3.218504039    3.218622315    3.187527155
    6.560000000    3.215218080    3.215335984    3.184187831
    6.570000000    3.211937883    3.212055416    3.180854607
    6.580000000    3.208663441    3.208780605    3.177527473
    6.590000000    3.205394743    3.205511540    3.174206419
    6.600000000    3.202131782    3.202248213    3.170891436
    6.610000000    3.198874548    3.198990615    3.167582513
    6.620000000    3.195623034    3.195738739    3.164279641
    6.630000000    3.192377231    3.192492575    3.160982811
    6.640000000    3.189137130    3.189252114    3.157692011
    6.650000000    3.185902721    3.186017348    3.154407234
    6.660000000    3.182673998    3.182788269    3.151128468
    6.670000000    3.179450951    3.179564867    3.147855704
    6.680000000    3.176233571    3.176347134    3.144588933
    6.690000000    3.173021849    3.173135062    3.141328144
    6.700000000    3.169815778    3.169928641    3.138073328
    6.710000000    3.166615348    3.166727863    3.134824475
    6.720000000    3.163420550    3.163532719    3.131581575
    6.730000000    3.160231377    3.160343200    3.128344619
    6.740000000    3.157047819    3.157159299    3.125113596
    6.750000000    3.153869867    3.153981005    3.121888497
    6.760000000    3.150697513    3.150808311    3.118669313
    6.770000000    3.147530749    3.147641207    3.115456032
    6.780000000    3.144369565    3.144479686    3.112248646
    6.790000000    3.141213952    3.141323738    3.109047145
    6.800000000    3.138063903    3.138173354    3.105851519
    6.810000000    3.134919408    3.135028526    3.102661757
    6.820000000    3.131780459    3.131889245    3.099477851
    6.830000000    3.128647047    3.128755503    3.096299791
    6.840000000    3.125519162    3.125627290    3.093127566
    6.850000000    3.122396798    3.122504598    3.089961167
    6.860000000    3.119279944    3.119387418    3.086800584
    6.870000000    3.116168592    3.116275742    3.083645807
    6.880000000    3.113062733    3.113169561    3.080496827
    6.890000000    3.109962359    3.110068865    3.077353633
    6.900000000    3.106867461    3.106973646    3.074216217
    6.910000000    3.103778030    3.103883897    3.071084567
    6.920000000    3.100694057    3.100799606    3.067958675
    6.930000000    3.097615533    3.097720767    3.064838530
    6.940000000    3.094542451    3.094647370    3.061724122
    6.950000000    3.091474801    3.091579407    3.058615443
    6.960000000    3.088412574    3.088516868    3.055512482
    6.970000000    3.085355762    3.085459745    3.052415228
    6.980000000    3.082304356    3.082408030    3.049323674
    6.990000000    3.079258347    3.079361713    3.046237808
    7.000000000    3.076217727    3.076320786    3.043157621
    7.010000000    3.073182486    3.073285240    3.040083102
    7.020000000    3.070152616    3.070255067    3.037014244
    7.030000000    3.067128109    3.067230256    3.033951034
    7.040000000    3.064108955    3.064210801    3.030893465
    7.050000000    3.061095146    3.061196692    3.027841525
    7.060000000    3.058086673    3.058187920    3.024795206
    7.070000000    3.055083527    3.055184476    3.021754497
    7.080000000    3.052085699    3.052186353    3.018719388
    7.090000000    3.049093182    3.049193540    3.015689871
    7.100000000    3.046105966    3.046206030    3.012665934
    7.110000000    3.043124042    3.043223814    3.009647569
    7.120000000    3.040147402    3.040246882    3.006634765
    7.130000000    3.037176036    3.037275227    3.003627513
    7.140000000    3.034209937    3.034308839    3.000625804
    7.150000000    3.031249096    3.031347710    2.997629626
    7.160000000    3.028293503    3.028391831    2.994638971
    7.170000000    3.025343150    3.025441193    2.991653829
    7.180000000    3.022398029    3.022495787    2.988674190
    7.190000000    3.019458130    3.019555605    2.985700044
    7.200000000    3.016523445    3.016620639    2.982731382
    7.210000000    3.013593965    3.013690878    2.979768194
    7.220000000    3.010669682    3.010766316    2.976810470
    7.230000000    3.007750586    3.007846942    2.973858201
    7.240000000    3.004836670    3.004932749    2.970911376
    7.250000000    3.001927924    3.002023727    2.967969986
    7.260000000    2.999024340    2.999119868    2.965034022
    7.270000000    2.996125908    2.996221163    2.962103474
    7.280000000    2.993232621    2.993327603    2.959178331
    7.290000000    2.990344470    2.990439181    2.956258585
    7.300000000    2.987461445    2.987555886    2.953344225
    7.310000000    2.984583539    2.984677711    2.950435242
    7.320000000    2.981710742    2.981804646    2.947531627
    7.330000000    2.978843047    2.978936683    2.944633369
    7.340000000    2.975980443    2.976073814    2.941740459
    7.350000000    2.973122923    2.973216029    2.938852888
    7.360000000    2.970270478    2.970363321    2.935970645
    7.370000000    2.967423099    2.967515679    2.933093721
    7.380000000    2.964580778    2.964673097    2.930222107
    7.390000000    2.961743506    2.961835564    2.927355793
    7.400000000    2.958911274    2.959003073    2.924494769
    7.410000000    2.956084074    2.956175615    2.921639025
    7.420000000    2.953261897    2.953353180    2.918788552
    7.430000000    2.950444734    2.950535762    2.915943341
    7.440000000    2.947632578    2.947723350    2.913103382
    7.450000000    2.944825418    2.944915936    2.910268665
    7.460000000    2.942023247    2.942113512    2.907439180
    7.470000000    2.939226056    2.939316068    2.904614919
    7.480000000    2.936433836    2.936523598    2.901795871
    7.490000000    2.933646579    2.933736091    2.898982027
    7.500000000    2.930864276    2.930953539    2.896173378
    7.510000000    2.928086919    2.928175933    2.893369914
    7.520000000    2.925314498    2.925403266    2.890571625
    7.530000000    2.922547007    2.922635528    2.887778502
    7.540000000    2.919784435    2.919872711    2.884990535
    7.550000000    2.917026774    2.917114806    2.882207715
    7.560000000    2.914274016    2.914361805    2.879430032
    7.570000000    2.911526152    2.911613699    2.876657478
    7.580000000    2.908783174    2.908870480    2.873890042
    7.590000000    2.906045073    2.906132139    2.871127715
    7.600000000    2.903311840    2.903398667    2.868370487
    7.610000000    2.900583468    2.900670056    2.865618349
    7.620000000    2.897859947    2.897946298    2.862871292
    7.630000000    2.895141269    2.895227383    2.860129306
    7.640000000    2.892427425    2.892513304    2.857392382
    7.650000000    2.889718408    2.889804052    2.854660510
    7.660000000    2.887014208    2.887099619    2.851933681
    7.670000000    2.884314817    2.884399995    2.849211885
    7.680000000    2.881620226    2.881705172    2.846495114
    7.690000000    2.878930427    2.879015143    2.843783357
    7.700000000    2.876245412    2.876329898    2.841076606
    7.710000000    2.873565172    2.873649429    2.838374851
    7.720000000    2.870889699    2.870973727    2.835678082
    7.730000000    2.868218984    2.868302785    2.832986291
    7.740000000    2.865553018    2.865636593    2.830299467
    7.750000000    2.862891794    2.862975144    2.827617603
    7.760000000    2.860235303    2.860318428    2.824940687
    7.770000000    2.857583536    2.857666437    2.822268712
    7.780000000    2.854936486    2.855019164    2.819601667
    7.790000000    2.852294143    2.852376599    2.816939544
    7.800000000    2.849656499    2.849738734    2.814282333
    7.810000000    2.847023546    2.847105560    2.811630025
    7.820000000    2.844395275    2.844477071    2.808982610
    7.830000000    2.841771679    2.841853256    2.806340080
    7.840000000    2.839152748    2.839234107    2.803702425
    7.850000000    2.836538475    2.836619617    2.801069636
    7.860000000    2.833928851    2.834009777    2.798441703
    7.870000000    2.831323867    2.831404578    2.795818619
    7.880000000    2.828723516    2.828804012    2.793200372
    7.890000000    2.826127788    2.826208071    2.790586955
    7.900000000    2.823536677    2.823616747    2.787978357
    7.910000000    2.820950172    2.821030031    2.785374570
    7.920000000    2.818368267    2.818447914    2.782775585
    7.930000000    2.815790953    2.815870390    2.780181393
    7.940000000    2.813218221    2.813297448    2.777591984
    7.950000000    2.810650063    2.810729082    2.775007349
    7.960000000    2.808086472    2.808165282    2.772427479
    7.970000000    2.805527438    2.805606041    2.769852365
    7.980000000    2.802972953    2.803051350    2.767281999
    7.990000000    2.800423010    2.800501201    2.764716370
    8.000000000    2.797877599    2.797955586    2.762155470
    8.010000000    2.795336713    2.795414496    2.759599289
    8.020000000    2.792800344    2.792877924    2.757047819
    8.030000000    2.790268483    2.790345860    2.754501051
    8.040000000    2.787741122    2.787818298    2.751958976
    8.050000000    2.785218253    2.785295228    2.749421584
    8.060000000    2.782699868    2.782776642    2.746888867
    8.070000000    2.780185958    2.780262533    2.744360816
    8.080000000    2.777676516    2.777752892    2.741837421
    8.090000000    2.775171532    2.775247711    2.739318674
    8.100000000    2.772671000    2.772746982    2.736804566
    8.110000000    2.770174911    2.770250696    2.734295087
    8.120000000    2.767683257    2.767758846    2.731790230
    8.130000000    2.765196029    2.765271424    2.729289984
    8.140000000    2.762713220    2.762788420    2.726794341
    8.150000000    2.760234821    2.760309828    2.724303293
    8.160000000    2.757760825    2.757835639    2.721816830
    8.170000000    2.755291223    2.755365845    2.719334943
    8.180000000    2.752826008    2.752900438    2.716857624
    8.190000000    2.750365170    2.750439410    2.714384863
    8.200000000    2.747908702    2.747982752    2.711916653
    8.210000000    2.745456597    2.745530458    2.709452983
    8.220000000    2.743008846    2.743082518    2.706993846
    8.230000000    2.740565440    2.740638925    2.704539232
    8.240000000    2.738126373    2.738199670    2.702089132
    8.250000000    2.735691635    2.735764746    2.699643539
    8.260000000    2.733261220    2.733334145    2.697202442
    8.270000000    2.730835118    2.730907858    2.694765834
    8.280000000    2.728413323    2.728485878    2.692333706
    8.290000000    2.725995826    2.726068197    2.689906048
    8.300000000    2.723582618    2.723654807    2.687482853
    8.310000000    2.721173693    2.721245699    2.685064111
    8.320000000    2.718769042    2.718840867    2.682649813
    8.330000000    2.716368657    2.716440301    2.680239952
    8.340000000    2.713972531    2.714043994    2.677834518
    8.350000000    2.711580655    2.711651939    2.675433503
    8.360000000    2.709193022    2.709264126    2.673036898
    8.370000000    2.706809623    2.706880549    2.670644695
    8.380000000    2.704430451    2.704501200    2.668256884
    8.390000000    2.702055498    2.702126069    2.665873458
    8.400000000    2.699684756    2.699755151    2.663494407
    8.410000000    2.697318218    2.697388437    2.661119724
    8.420000000    2.694955874    2.695025918    2.658749398
    8.430000000    2.692597718    2.692667588    2.656383423
    8.440000000    2.690243742    2.690313438    2.654021790
    8.450000000    2.687893938    2.687963460    2.651664489
    8.460000000    2.685548298    2.685617648    2.649311512
    8.470000000    2.683206815    2.683275992    2.646962852
    8.480000000    2.680869480    2.680938486    2.644618498
    8.490000000    2.678536285    2.678605120    2.642278444
    8.500000000    2.676207224    2.676275889    2.639942680
    8.510000000    2.673882288    2.673950784    2.637611198
    8.520000000    2.671561470    2.671629796    2.635283990
    8.530000000    2.669244762    2.669312920    2.632961047
    8.540000000    2.666932155    2.667000145    2.630642360
    8.550000000    2.664623643    2.664691466    2.628327922
    8.560000000    2.662319218    2.662386875    2.626017723
    8.570000000    2.660018872    2.660086363    2.623711757
    8.580000000    2.657722598    2.657789923    2.621410013
    8.590000000    2.655430387    2.655497547    2.619112484
    8.600000000    2.653142232    2.653209228    2.616819162
    8.610000000    2.650858126    2.650924958    2.614530038
    8.620000000    2.648578060    2.648644729    2.612245103
    8.630000000    2.646302028    2.646368535    2.609964350
    8.640000000    2.644030021    2.644096366    2.607687771
    8.650000000    2.641762032    2.641828216    2.605415356
    8.660000000    2.639498054    2.639564077    2.603147098
    8.670000000    2.637238079    2.637303941    2.600882989
    8.680000000    2.634982099    2.635047802    2.598623020
    8.690000000    2.632730106    2.632795650    2.596367183
    8.700000000    2.630482094    2.630547480    2.594115469
    8.710000000    2.628238055    2.628303282    2.591867872
    8.720000000    2.625997980    2.626063051    2.589624382
    8.730000000    2.623761864    2.623826777    2.587384991
    8.740000000    2.621529697    2.621594454    2.585149691
    8.750000000    2.619301473    2.619366075    2.582918474
    8.760000000    2.617077184    2.617141631    2.580691332
    8.770000000    2.614856824    2.614921115    2.578468257
    8.780000000    2.612640383    2.612704520    2.576249240
    8.790000000    2.610427855    2.610491839    2.574034274
    8.800000000    2.608219233    2.608283063    2.571823351
    8.810000000    2.606014508    2.606078186    2.569616462
    8.820000000    2.603813674    2.603877201    2.567413599
    8.830000000    2.601616723    2.601680098    2.565214755
    8.840000000    2.599423649    2.599486873    2.563019921
    8.850000000    2.597234442    2.597297516    2.560829089
    8.860000000    2.595049097    2.595112020    2.558642251
    8.870000000    2.592867605    2.592930379    2.556459400
    8.880000000    2.590689959    2.590752585    2.554280527
    8.890000000    2.588516153    2.588578630    2.552105625
    8.900000000    2.586346178    2.586408508    2.549934685
    8.910000000    2.584180028    2.584242210    2.547767700
    8.920000000    2.582017695    2.582079730    2.545604661
    8.930000000    2.579859171    2.579921060    2.543445561
    8.940000000    2.577704451    2.577766194    2.541290392
    8.950000000    2.575553525    2.575615123    2.539139146
    8.960000000    2.573406387    2.573467840    2.536991815
    8.970000000    2.571263031    2.571324339    2.534848391
    8.980000000    2.569123448    2.569184612    2.532708866
    8.990000000    2.566987631    2.567048652    2.530573234
    9.000000000    2.564855573    2.564916452    2.528441484
    9.010000000    2.562727267    2.562788003    2.526313611
    9.020000000    2.560602706    2.560663301    2.524189607
    9.030000000    2.558481883    2.558542336    2.522069462
    9.040000000    2.556364790    2.556425102    2.519953170
    9.050000000    2.554251420    2.554311592    2.517840724
    9.060000000    2.552141766    2.552201798    2.515732114
    9.070000000    2.550035821    2.550095714    2.513627334
    9.080000000    2.547933579    2.547993332    2.511526376
    9.090000000    2.545835031    2.545894645    2.509429232
    9.100000000    2.543740170    2.543799647    2.507335894
    9.110000000    2.541648990    2.541708330    2.505246355
    9.120000000    2.539561484    2.539620686    2.503160607
    9.130000000    2.537477644    2.537536710    2.501078643
    9.140000000    2.535397464    2.535456393    2.499000455
    9.150000000    2.533320936    2.533379730    2.496926035
    9.160000000    2.531248054    2.531306712    2.494855376
    9.170000000    2.529178809    2.529237333    2.492788469
    9.180000000    2.527113196    2.527171585    2.490725309
    9.190000000    2.525051208    2.525109463    2.488665886
    9.200000000    2.522992837    2.523050958    2.486610194
    9.210000000    2.520938076    2.520996064    2.484558224
    9.220000000    2.518886919    2.518944775    2.482509971
    9.230000000    2.516839358    2.516897082    2.480465425
    9.240000000    2.514795387    2.514852979    2.478424579
    9.250000000    2.512754998    2.512812459    2.476387427
    9.260000000    2.510718185    2.510775515    2.474353960
    9.270000000    2.508684941    2.508742141    2.472324171
    9.280000000    2.506655259    2.506712328    2.470298052
    9.290000000    2.504629132    2.504686072    2.468275597
    9.300000000    2.502606553    2.502663364    2.466256798
    9.310000000    2.500587516    2.500644198    2.464241647
    9.320000000    2.498572013    2.498628567    2.462230137
    9.330000000    2.496560038    2.496616464    2.460222261
    9.340000000    2.494551583    2.494607882    2.458218011
    9.350000000    2.492546643    2.492602814    2.456217380
    9.360000000    2.490545210    2.490601255    2.454220361
    9.370000000    2.488547277    2.488603196    2.452226946
    9.380000000    2.486552838    2.486608631    2.450237128
    9.390000000    2.484561886    2.484617554    2.448250900
    9.400000000    2.482574414    2.482629957    2.446268255
    9.410000000    2.480590416    2.480645834    2.444289185
    9.420000000    2.478609884    2.478665178    2.442313682
    9.430000000    2.476632813    2.476687983    2.440341741
    9.440000000    2.474659194    2.474714241    2.438373353
    9.450000000    2.472689023    2.472743947    2.436408512
    9.460000000    2.470722291    2.470777092    2.434447209
    9.470000000    2.468758992    2.468813672    2.432489439
    9.480000000    2.466799120    2.466853678    2.430535193
    9.490000000    2.464842668    2.464897105    2.428584465
    9.500000000    2.462889630    2.462943945    2.426637248
    9.510000000    2.460939998    2.460994193    2.424693534
    9.520000000    2.458993766    2.459047841    2.422753317
    9.530000000    2.457050927    2.457104882    2.420816588
    9.540000000    2.455111476    2.455165311    2.418883342
    9.550000000    2.453175404    2.453229121    2.416953571
    9.560000000    2.451242707    2.451296305    2.415027268
    9.570000000    2.449313376    2.449366857    2.413104426
    9.580000000    2.447387407    2.447440769    2.411185038
    9.590000000    2.445464791    2.445518036    2.409269096
    9.600000000    2.443545523    2.443598651    2.407356595
    9.610000000    2.441629596    2.441682607    2.405447527
    9.620000000    2.439717004    2.439769899    2.403541884
    9.630000000    2.437807739    2.437860518    2.401639661
    9.640000000    2.435901797    2.435954460    2.399740849
    9.650000000    2.433999169    2.434051717    2.397845443
    9.660000000    2.432099850    2.432152284    2.395953435
    9.670000000    2.430203834    2.430256153    2.394064818
    9.680000000    2.428311113    2.428363318    2.392179585
    9.690000000    2.426421682    2.426473773    2.390297730
    9.700000000    2.424535534    2.424587511    2.388419246
    9.710000000    2.422652662    2.422704526    2.386544125
    9.720000000    2.420773060    2.420824812    2.384672362
    9.730000000    2.418896723    2.418948362    2.382803948
    9.740000000    2.417023643    2.417075170    2.380938878
    9.750000000    2.415153814    2.415205230    2.379077144
    9.760000000    2.413287229    2.413338534    2.377218740
    9.770000000    2.411423884    2.411475078    2.375363658
    9.780000000    2.409563770    2.409614854    2.373511893
    9.790000000    2.407706882    2.407757856    2.371663437
    9.800000000    2.405853214    2.405904078    2.369818284
    9.810000000    2.404002759    2.404053513    2.367976427
    9.820000000    2.402155511    2.402206156    2.366137859
    9.830000000    2.400311464    2.400362000    2.364302573
    9.840000000    2.398470612    2.398521039    2.362470564
    9.850000000    2.396632947    2.396683267    2.360641823
    9.860000000    2.394798465    2.394848677    2.358816345
    9.870000000    2.392967159    2.393017263    2.356994123
    9.880000000    2.391139022    2.391189019    2.355175150
    9.890000000    2.389314048    2.389363939    2.353359419
    9.900000000    2.387492232    2.387542016    2.351546925
    9.910000000    2.385673567    2.385723245    2.349737659
    9.920000000    2.383858047    2.383907619    2.347931617
    9.930000000    2.382045665    2.382095132    2.346128791
    9.940000000    2.380236417    2.380285778    2.344329174
    9.950000000    2.378430295    2.378479551    2.342532761
    9.960000000    2.376627293    2.376676445    2.340739544
    9.970000000    2.374827405    2.374876453    2.338949518
    9.980000000    2.373030626    2.373079570    2.337162675
    9.990000000    2.371236949    2.371285790    2.335379009
   10.000000000    2.369446368    2.369495106    2.333598513
   10.010000000    2.367658877    2.367707512    2.331821182
   10.020000000    2.365874470    2.365923002    2.330047008
   10.030000000    2.364093141    2.364141571    2.328275986
   10.040000000    2.362314883    2.362363212    2.326508108
   10.050000000    2.360539692    2.360587919    2.324743369
   10.060000000    2.358767561    2.358815686    2.322981761
   10.070000000    2.356998483    2.357046508    2.321223280
   10.080000000    2.355232454    2.355280378    2.319467917
   10.090000000    2.353469466    2.353517290    2.317715668
   10.100000000    2.351709515    2.351757238    2.315966525
   10.110000000    2.349952593    2.350000217    2.314220482
   10.120000000    2.348198696    2.348246220    2.312477533
   10.130000000    2.346447817    2.346495242    2.310737671
   10.140000000    2.344699950    2.344747276    2.309000891
   10.150000000    2.342955089    2.343002317    2.307267185
   10.160000000    2.341213230    2.341260359    2.305536549
   10.170000000    2.339474364    2.339521396    2.303808974
   10.180000000    2.337738488    2.337785422    2.302084456
   10.190000000    2.336005594    2.336052431    2.300362988
   10.200000000    2.334275678    2.334322418    2.298644563
   10.210000000    2.332548732    2.332595376    2.296929176
   10.220000000    2.330824753    2.330871299    2.295216820
   10.230000000    2.329103732    2.329150183    2.293507489
   10.240000000    2.327385666    2.327432021    2.291801177
   10.250000000    2.325670547    2.325716807    2.290097878
   10.260000000    2.323958371    2.324004535    2.288397585
   10.270000000    2.322249131    2.322295200    2.286700293
   10.280000000    2.320542822    2.320588797    2.285005995
   10.290000000    2.318839438    2.318885318    2.283314686
   10.300000000    2.317138973    2.317184759    2.281626358
   10.310000000    2.315441422    2.315487114    2.279941007
   10.320000000    2.313746778    2.313792377    2.278258625
   10.330000000    2.312055037    2.312100542    2.276579208
   10.340000000    2.310366192    2.310411604    2.274902748
   10.350000000    2.308680237    2.308725557    2.273229240
   10.360000000    2.306997168    2.307042395    2.271558678
   10.370000000    2.305316978    2.305362113    2.269891055
   10.380000000    2.303639662    2.303684705    2.268226366
   10.390000000    2.301965213    2.302010165    2.266564605
   10.400000000    2.300293628    2.300338488    2.264905766
   10.410000000    2.298624899    2.298669668    2.263249843
   10.420000000    2.296959021    2.297003699    2.261596829
   10.430000000    2.295295989    2.295340577    2.259946720
   10.440000000    2.293635797    2.293680295    2.258299508
   10.450000000    2.291978440    2.292022847    2.256655189
   10.460000000    2.290323912    2.290368229    2.255013755
   10.470000000    2.288672207    2.288716435    2.253375202
   10.480000000    2.287023319    2.287067458    2.251739523
   10.490000000    2.285377244    2.285421295    2.250106713
   10.500000000    2.283733976    2.283777938    2.248476766
   10.510000000    2.282093510    2.282137383    2.246849675
   10.520000000    2.280455838    2.280499623    2.245225436
   10.530000000    2.278820958    2.278864655    2.243604041
   10.540000000    2.277188862    2.277232471    2.241985486
   10.550000000    2.275559545    2.275603067    2.240369765
   10.560000000    2.273933003    2.273976438    2.238756871
   10.570000000    2.272309228    2.272352577    2.237146800
   10.580000000    2.270688217    2.270731479    2.235539544
   10.590000000    2.269069964    2.269113139    2.233935099
   10.600000000    2.267454462    2.267497552    2.232333459
   10.610000000    2.265841708    2.265884711    2.230734618
   10.620000000    2.264231694    2.264274612    2.229138571
   10.630000000    2.262624417    2.262667250    2.227545311
   10.640000000    2.261019871    2.261062618    2.225954833
   10.650000000    2.259418049    2.259460712    2.224367131
   10.660000000    2.257818948    2.257861526    2.222782200
   10.670000000    2.256222561    2.256265055    2.221200034
   10.680000000    2.254628884    2.254671293    2.219620627
   10.690000000    2.253037910    2.253080236    2.218043974
   10.700000000    2.251449635    2.251491878    2.216470069
   10.710000000    2.249864054    2.249906213    2.214898906
   10.720000000    2.248281160    2.248323236    2.213330480
   10.730000000    2.246700949    2.246742942    2.211764786
   10.740000000    2.245123416    2.245165326    2.210201817
   10.750000000    2.243548555    2.243590383    2.208641569
   10.760000000    2.241976361    2.242018107    2.207084035
   10.770000000    2.240406829    2.240448493    2.205529210
   10.780000000    2.238839953    2.238881535    2.203977089
   10.790000000    2.237275729    2.237317229    2.202427665
   10.800000000    2.235714150    2.235755570    2.200880935
   10.810000000    2.234155213    2.234196552    2.199336891
   10.820000000    2.232598912    2.232640169    2.197795529
   10.830000000    2.231045240    2.231086418    2.196256843
   10.840000000    2.229494195    2.229535292    2.194720828
   10.850000000    2.227945770    2.227986787    2.193187478
   10.860000000    2.226399959    2.226440897    2.191656787
   10.870000000    2.224856759    2.224897617    2.190128751
   10.880000000    2.223316164    2.223356942    2.188603364
   10.890000000    2.221778168    2.221818867    2.187080621
   10.900000000    2.220242767    2.220283387    2.185560515
   10.910000000    2.218709955    2.218750497    2.184043043
   10.920000000    2.217179728    2.217220192    2.182528197
   10.930000000    2.215652081    2.215692466    2.181015974
   10.940000000    2.214127008    2.214167315    2.179506368
   10.950000000    2.212604504    2.212644733    2.177999373
   10.960000000    2.211084564    2.211124715    2.176494984
   10.970000000    2.209567183    2.209607258    2.174993196
   10.980000000    2.208052357    2.208092354    2.173494003
   10.990000000    2.206540080    2.206580000    2.171997401
   11.000000000    2.205030347    2.205070190    2.170503383
   11.010000000    2.203523153    2.203562920    2.169011945
   11.020000000    2.202018493    2.202058184    2.167523082
   11.030000000    2.200516363    2.200555978    2.166036787
   11.040000000    2.199016756    2.199056296    2.164553057
   11.050000000    2.197519670    2.197559133    2.163071885
   11.060000000    2.196025097    2.196064485    2.161593267
   11.070000000    2.194533034    2.194572347    2.160117197
   11.080000000    2.193043475    2.193082713    2.158643670
   11.090000000    2.191556417    2.191595580    2.157172681
   11.100000000    2.190071852    2.190110941    2.155704225
   11.110000000    2.188589778    2.188628792    2.154238297
   11.120000000    2.187110188    2.187149129    2.152774891
   11.130000000    2.185633079    2.185671945    2.151314002
   11.140000000    2.184158445    2.184197237    2.149855626
   11.150000000    2.182686281    2.182725000    2.148399757
   11.160000000    2.181216582    2.181255228    2.146946389
   11.170000000    2.179749345    2.179787917    2.145495519
   11.180000000    2.178284563    2.178323062    2.144047141
   11.190000000    2.176822232    2.176860659    2.142601249
   11.200000000    2.175362347    2.175400702    2.141157839
   11.210000000    2.173904904    2.173943186    2.139716906
   11.220000000    2.172449897    2.172488107    2.138278444
   11.230000000    2.170997322    2.171035461    2.136842449
   11.240000000    2.169547175    2.169585241    2.135408916
   11.250000000    2.168099449    2.168137445    2.133977840
   11.260000000    2.166654141    2.166692066    2.132549215
   11.270000000    2.165211247    2.165249100    2.131123036
   11.280000000    2.163770760    2.163808542    2.129699300
   11.290000000    2.162332676    2.162370388    2.128278000
   11.300000000    2.160896992    2.160934633    2.126859132
   11.310000000    2.159463701    2.159501272    2.125442691
   11.320000000    2.158032800    2.158070300    2.124028671
   11.330000000    2.156604283    2.156641714    2.122617069
   11.340000000    2.155178146    2.155215507    2.121207879
   11.350000000    2.153754385    2.153791676    2.119801096
   11.360000000    2.152332994    2.152370216    2.118396715
   11.370000000    2.150913969    2.150951122    2.116994732
   11.380000000    2.149497306    2.149534390    2.115595141
   11.390000000    2.148082999    2.148120014    2.114197939
   11.400000000    2.146671044    2.146707991    2.112803119
   11.410000000    2.145261437    2.145298316    2.111410677
   11.420000000    2.143854173    2.143890983    2.110020608
   11.430000000    2.142449248    2.142485990    2.108632908
   11.440000000    2.141046656    2.141083330    2.107247571
   11.450000000    2.139646393    2.139683000    2.105864594
   11.460000000    2.138248455    2.138284994    2.104483970
   11.470000000    2.136852837    2.136889309    2.103105695
   11.480000000    2.135459535    2.135495939    2.101729766
   11.490000000    2.134068543    2.134104881    2.100356176
   11.500000000    2.132679858    2.132716130    2.098984920
   11.510000000    2.131293476    2.131329680    2.097615996
   11.520000000    2.129909390    2.129945528    2.096249397
   11.530000000    2.128527598    2.128563670    2.094885118
   11.540000000    2.127148094    2.127184100    2.093523156
   11.550000000    2.125770874    2.125806815    2.092163506
   11.560000000    2.124395934    2.124431809    2.090806162
   11.570000000    2.123023269    2.123059078    2.089451120
   11.580000000    2.121652875    2.121688619    2.088098376
   11.590000000    2.120284747    2.120320426    2.086747925
   11.600000000    2.118918881    2.118954494    2.085399762
   11.610000000    2.117555272    2.117590821    2.084053882
   11.620000000    2.116193916    2.116229400    2.082710282
   11.630000000    2.114834809    2.114870229    2.081368956
   11.640000000    2.113477945    2.113513301    2.080029899
   11.650000000    2.112123322    2.112158614    2.078693108
   11.660000000    2.110770934    2.110806162    2.077358577
   11.670000000    2.109420778    2.109455942    2.076026303
   11.680000000    2.108072847    2.108107948    2.074696279
   11.690000000    2.106727140    2.106762177    2.073368503
   11.700000000    2.105383650    2.105418624    2.072042969
   11.710000000    2.104042374    2.104077285    2.070719673
   11.720000000    2.102703308    2.102738156    2.069398610
   11.730000000    2.101366446    2.101401231    2.068079776
   11.740000000    2.100031785    2.100066508    2.066763167
   11.750000000    2.098699321    2.098733982    2.065448777
   11.760000000    2.097369049    2.097403647    2.064136603
   11.770000000    2.096040965    2.096075501    2.062826639
   11.780000000    2.094715064    2.094749539    2.061518882
   11.790000000    2.093391343    2.093425756    2.060213327
   11.800000000    2.092069797    2.092104148    2.058909969
   11.810000000    2.090750422    2.090784712    2.057608805
   11.820000000    2.089433213    2.089467442    2.056309829
   11.830000000    2.088118167    2.088152335    2.055013037
   11.840000000    2.086805280    2.086839386    2.053718425
   11.850000000    2.085494546    2.085528592    2.052425989
   11.860000000    2.084185962    2.084219947    2.051135724
   11.870000000    2.082879523    2.082913448    2.049847625
   11.880000000    2.081575227    2.081609091    2.048561689
   11.890000000    2.080273067    2.080306871    2.047277911
   11.900000000    2.078973040    2.079006785    2.045996286
   11.910000000    2.077675143    2.077708828    2.044716811
   11.920000000    2.076379370    2.076412995    2.043439481
   11.930000000    2.075085718    2.075119284    2.042164291
   11.940000000    2.073794182    2.073827689    2.040891238
   11.950000000    2.072504759    2.072538206    2.039620317
   11.960000000    2.071217444    2.071250833    2.038351524
   11.970000000    2.069932234    2.069965563    2.037084854
   11.980000000    2.068649123    2.068682394    2.035820303
   11.990000000    2.067368109    2.067401321    2.034557867
   12.000000000    2.066089187    2.066122340    2.033297542
   12.010000000    2.064812352    2.064845447    2.032039323
   12.020000000    2.063537601    2.063570639    2.030783207
   12.030000000    2.062264930    2.062297910    2.029529189
   12.040000000    2.060994335    2.061027257    2.028277264
   12.050000000    2.059725811    2.059758675    2.027027429
   12.060000000    2.058459355    2.058492162    2.025779679
   12.070000000    2.057194963    2.057227712    2.024534011
   12.080000000    2.055932630    2.055965323    2.023290419
   12.090000000    2.054672353    2.054704989    2.022048901
   12.100000000    2.053414128    2.053446706    2.020809451
   12.110000000    2.052157950    2.052190472    2.019572066
   12.120000000    2.050903816    2.050936281    2.018336741
   12.130000000    2.049651722    2.049684131    2.017103472
   12.140000000    2.048401664    2.048434016    2.015872255
   12.150000000    2.047153637    2.047185933    2.014643087
   12.160000000    2.045907638    2.045939878    2.013415962
   12.170000000    2.044663663    2.044695847    2.012190877
   12.180000000    2.043421708    2.043453836    2.010967828
   12.190000000    2.042181769    2.042213842    2.009746811
   12.200000000    2.040943842    2.040975860    2.008527821
   12.210000000    2.039707924    2.039739886    2.007310854
   12.220000000    2.038474009    2.038505917    2.006095908
   12.230000000    2.037242096    2.037273948    2.004882976
   12.240000000    2.036012179    2.036043976    2.003672056
   12.250000000    2.034784254    2.034815997    2.002463143
   12.260000000    2.033558319    2.033590007    2.001256234
   12.270000000    2.032334368    2.032366002    2.000051324
   12.280000000    2.031112399    2.031143978    1.998848409
   12.290000000    2.029892407    2.029923932    1.997647486
   12.300000000    2.028674389    2.028705859    1.996448550
   12.310000000    2.027458340    2.027489757    1.995251597
   12.320000000    2.026244257    2.026275620    1.994056624
   12.330000000    2.025032136    2.025063445    1.992863627
   12.340000000    2.023821973    2.023853229    1.991672600
   12.350000000    2.022613765    2.022644968    1.990483542
   12.360000000    2.021407507    2.021438657    1.989296447
   12.370000000    2.020203197    2.020234293    1.988111312
   12.380000000    2.019000829    2.019031873    1.986928132
   12.390000000    2.017800401    2.017831392    1.985746905
   12.400000000    2.016601908    2.016632847    1.984567626
   12.410000000    2.015405348    2.015436234    1.983390290
   12.420000000    2.014210715    2.014241549    1.982214895
   12.430000000    2.013018007    2.013048788    1.981041437
   12.440000000    2.011827220    2.011857949    1.979869910
   12.450000000    2.010638350    2.010669026    1.978700313
   12.460000000    2.009451392    2.009482017    1.977532640
   12.470000000    2.008266345    2.008296918    1.976366889
   12.480000000    2.007083203    2.007113725    1.975203054
   12.490000000    2.005901964    2.005932434    1.974041133
   12.500000000    2.004722623    2.004753042    1.972881121
   12.510000000    2.003545177    2.003575545    1.971723015
   12.520000000    2.002369622    2.002399939    1.970566811
   12.530000000    2.001195955    2.001226221    1.969412506
   12.540000000    2.000024172    2.000054387    1.968260094
   12.550000000    1.998854269    1.998884433    1.967109573
   12.560000000    1.997686243    1.997716356    1.965960939
   12.570000000    1.996520089    1.996550152    1.964814188
   12.580000000    1.995355805    1.995385818    1.963669317
   12.590000000    1.994193387    1.994223350    1.962526321
   12.600000000    1.993032832    1.993062744    1.961385196
   12.610000000    1.991874134    1.991903997    1.960245940
   12.620000000    1.990717292    1.990747105    1.959108549
   12.630000000    1.989562302    1.989592065    1.957973018
   12.640000000    1.988409159    1.988438872    1.956839344
   12.650000000    1.987257861    1.987287525    1.955707524
   12.660000000    1.986108403    1.986138018    1.954577553
   12.670000000    1.984960783    1.984990348    1.953449428
   12.680000000    1.983814996    1.983844513    1.952323146
   12.690000000    1.982671040    1.982700507    1.951198702
   12.700000000    1.981528910    1.981558329    1.950076093
   12.710000000    1.980388604    1.980417974    1.948955316
   12.720000000    1.979250117    1.979279438    1.947836366
   12.730000000    1.978113446    1.978142719    1.946719241
   12.740000000    1.976978588    1.977007812    1.945603936
   12.750000000    1.975845539    1.975874715    1.944490448
   12.760000000    1.974714296    1.974743424    1.943378773
   12.770000000    1.973584855    1.973613935    1.942268908
   12.780000000    1.972457213    1.972486245    1.941160849
   12.790000000    1.971331366    1.971360350    1.940054593
   12.800000000    1.970207311    1.970236247    1.938950136
   12.810000000    1.969085044    1.969113933    1.937847474
   12.820000000    1.967964562    1.967993404    1.936746604
   12.830000000    1.966845862    1.966874656    1.935647522
   12.840000000    1.965728940    1.965757687    1.934550225
   12.850000000    1.964613793    1.964642493    1.933454710
   12.860000000    1.963500417    1.963529070    1.932360972
   12.870000000    1.962388809    1.962417415    1.931269008
   12.880000000    1.961278965    1.961307524    1.930178816
   12.890000000    1.960170883    1.960199395    1.929090390
   12.900000000    1.959064558    1.959093024    1.928003728
   12.910000000    1.957959988    1.957988408    1.926918826
   12.920000000    1.956857168    1.956885542    1.925835681
   12.930000000    1.955756097    1.955784424    1.924754290
   12.940000000    1.954656769    1.954685051    1.923674648
   12.950000000    1.953559183    1.953587419    1.922596753
   12.960000000    1.952463334    1.952491524    1.921520600
   12.970000000    1.951369220    1.951397364    1.920446188
   12.980000000    1.950276837    1.950304935    1.919373511
   12.990000000    1.949186181    1.949214234    1.918302567
   13.000000000    1.948097250    1.948125257    1.917233352
   13.010000000    1.947010039    1.947038002    1.916165863
   13.020000000    1.945924547    1.945952464    1.915100096
   13.030000000    1.944840769    1.944868641    1.914036049
   13.040000000    1.943758702    1.943786529    1.912973717
   13.050000000    1.942678343    1.942706125    1.911913097
   13.060000000    1.941599689    1.941627427    1.910854187
   13.070000000    1.940522736    1.940550429    1.909796982
   13.080000000    1.939447482    1.939475130    1.908741479
   13.090000000    1.938373922    1.938401526    1.907687675
   13.100000000    1.937302054    1.937329614    1.906635566
   13.110000000    1.936231875    1.936259390    1.905585150
   13.120000000    1.935163380    1.935190852    1.904536422
   13.130000000    1.934096568    1.934123996    1.903489380
   13.140000000    1.933031435    1.933058818    1.902444020
   13.150000000    1.931967977    1.931995317    1.901400340
   13.160000000    1.930906191    1.930933488    1.900358334
   13.170000000    1.929846075    1.929873328    1.899318001
   13.180000000    1.928787625    1.928814834    1.898279337
   13.190000000    1.927730838    1.927758003    1.897242339
   13.200000000    1.926675710    1.926702832    1.896207004
   13.210000000    1.925622239    1.925649318    1.895173327
   13.220000000    1.924570421    1.924597457    1.894141307
   13.230000000    1.923520253    1.923547247    1.893110939
   13.240000000    1.922471733    1.922498683    1.892082221
   13.250000000    1.921424856    1.921451764    1.891055150
   13.260000000    1.920379620    1.920406485    1.890029721
   13.270000000    1.919336022    1.919362845    1.889005932
   13.280000000    1.918294059    1.918320839    1.887983779
   13.290000000    1.917253726    1.917280464    1.886963260
   13.300000000    1.916215023    1.916241718    1.885944372
   13.310000000    1.915177944    1.915204597    1.884927110
   13.320000000    1.914142488    1.914169099    1.883911472
   13.330000000    1.913108650    1.913135220    1.882897455
   13.340000000    1.912076429    1.912102957    1.881885055
   13.350000000    1.911045821    1.911072306    1.880874270
   13.360000000    1.910016822    1.910043266    1.879865096
   13.370000000    1.908989430    1.909015833    1.878857530
   13.380000000    1.907963642    1.907990003    1.877851568
   13.390000000    1.906939455    1.906965775    1.876847209
   13.400000000    1.905916865    1.905943144    1.875844448
   13.410000000    1.904895870    1.904922108    1.874843283
   13.420000000    1.903876467    1.903902663    1.873843710
   13.430000000    1.902858652    1.902884807    1.872845726
   13.440000000    1.901842422    1.901868537    1.871849328
   13.450000000    1.900827776    1.900853850    1.870854514
   13.460000000    1.899814708    1.899840742    1.869861280
   13.470000000    1.898803218    1.898829210    1.868869622
   13.480000000    1.897793301    1.897819253    1.867879539
   13.490000000    1.896784954    1.896810866    1.866891026
   13.500000000    1.895778175    1.895804047    1.865904081
   13.510000000    1.894772961    1.894798792    1.864918700
   13.520000000    1.893769309    1.893795100    1.863934881
   13.530000000    1.892767215    1.892792966    1.862952621
   13.540000000    1.891766677    1.891792388    1.861971917
   13.550000000    1.890767692    1.890793363    1.860992764
   13.560000000    1.889770256    1.889795888    1.860015162
   13.570000000    1.888774368    1.888799960    1.859039106
   13.580000000    1.887780024    1.887805576    1.858064593
   13.590000000    1.886787221    1.886812734    1.857091621
   13.600000000    1.885795956    1.885821429    1.856120186
   13.610000000    1.884806226    1.884831660    1.855150286
   13.620000000    1.883818029    1.883843424    1.854181918
   13.630000000    1.882831361    1.882856717    1.853215078
   13.640000000    1.881846219    1.881871537    1.852249763
   13.650000000    1.880862602    1.880887880    1.851285972
   13.660000000    1.879880505    1.879905745    1.850323699
   13.670000000    1.878899927    1.878925127    1.849362944
   13.680000000    1.877920863    1.877946025    1.848403702
   13.690000000    1.876943312    1.876968435    1.847445972
   13.700000000    1.875967270    1.875992355    1.846489749
   13.710000000    1.874992735    1.875017781    1.845535031
   13.720000000    1.874019703    1.874044711    1.844581815
   13.730000000    1.873048172    1.873073143    1.843630099
   13.740000000    1.872078140    1.872103072    1.842679879
   13.750000000    1.871109602    1.871134496    1.841731152
   13.760000000    1.870142557    1.870167413    1.840783915
   13.770000000    1.869177002    1.869201820    1.839838167
   13.780000000    1.868212933    1.868237714    1.838893903
   13.790000000    1.867250348    1.867275091    1.837951120
   13.800000000    1.866289245    1.866313950    1.837009817
   13.810000000    1.865329620    1.865354288    1.836069990
   13.820000000    1.864371470    1.864396101    1.835131636
   13.830000000    1.863414794    1.863439387    1.834194753
   13.840000000    1.862459587    1.862484143    1.833259337
   13.850000000    1.861505848    1.861530367    1.832325386
   13.860000000    1.860553574    1.860578055    1.831392897
   13.870000000    1.859602761    1.859627205    1.830461868
   13.880000000    1.858653407    1.858677815    1.829532294
   13.890000000    1.857705510    1.857729881    1.828604174
   13.900000000    1.856759066    1.856783400    1.827677504
   13.910000000    1.855814073    1.855838370    1.826752283
   13.920000000    1.854870528    1.854894789    1.825828506
   13.930000000    1.853928429    1.853952653    1.824906172
   13.940000000    1.852987772    1.853011960    1.823985278
   13.950000000    1.852048556    1.852072707    1.823065820
   13.960000000    1.851110776    1.851134891    1.822147796
   13.970000000    1.850174431    1.850198511    1.821231204
   13.980000000    1.849239519    1.849263562    1.820316040
   13.990000000    1.848306035    1.848330042    1.819402301
   14.000000000    1.847373978    1.847397949    1.818489986
   14.010000000    1.846443345    1.846467280    1.817579091
   14.020000000    1.845514133    1.845538032    1.816669614
   14.030000000    1.844586339    1.844610203    1.815761551
   14.040000000    1.843659962    1.843683790    1.814854900
   14.050000000    1.842734998    1.842758791    1.813949659
   14.060000000    1.841811444    1.841835201    1.813045824
   14.070000000    1.840889299    1.840913020    1.812143394
   14.080000000    1.839968558    1.839992245    1.811242365
   14.090000000    1.839049221    1.839072872    1.810342734
   14.100000000    1.838131283    1.838154899    1.809444499
   14.110000000    1.837214743    1.837238324    1.808547657
   14.120000000    1.836299598    1.836323144    1.807652206
   14.130000000    1.835385845    1.835409356    1.806758143
   14.140000000    1.834473482    1.834496958    1.805865465
   14.150000000    1.833562505    1.833585947    1.804974170
   14.160000000    1.832652914    1.832676321    1.804084255
   14.170000000    1.831744704    1.831768077    1.803195717
   14.180000000    1.830837873    1.830861211    1.802308553
   14.190000000    1.829932419    1.829955723    1.801422762
   14.200000000    1.829028340    1.829051609    1.800538340
   14.210000000    1.828125632    1.828148867    1.799655285
   14.220000000    1.827224293    1.827247494    1.798773594
   14.230000000    1.826324320    1.826347487    1.797893264
   14.240000000    1.825425712    1.825448845    1.797014294
   14.250000000    1.824528465    1.824551563    1.796136679
   14.260000000    1.823632576    1.823655641    1.795260419
   14.270000000    1.822738045    1.822761076    1.794385510
   14.280000000    1.821844866    1.821867864    1.793511949
   14.290000000    1.820953040    1.820976003    1.792639735
   14.300000000    1.820062562    1.820085492    1.791768864
   14.310000000    1.819173430    1.819196327    1.790899334
   14.320000000    1.818285642    1.818308505    1.790031142
   14.330000000    1.817399196    1.817422025    1.789164286
   14.340000000    1.816514088    1.816536884    1.788298763
   14.350000000    1.815630316    1.815653079    1.787434571
   14.360000000    1.814747878    1.814770608    1.786571707
   14.370000000    1.813866772    1.813889469    1.785710169
   14.380000000    1.812986995    1.813009659    1.784849953
   14.390000000    1.812108543    1.812131174    1.783991059
   14.400000000    1.811231416    1.811254014    1.783133483
   14.410000000    1.810355611    1.810378176    1.782277222
   14.420000000    1.809481124    1.809503657    1.781422274
   14.430000000    1.808607954    1.808630454    1.780568637
   14.440000000    1.807736098    1.807758565    1.779716308
   14.450000000    1.806865554    1.806887989    1.778865284
   14.460000000    1.805996319    1.806018721    1.778015564
   14.470000000    1.805128391    1.805150761    1.777167144
   14.480000000    1.804261767    1.804284105    1.776320023
   14.490000000    1.803396446    1.803418751    1.775474197
   14.500000000    1.802532424    1.802554697    1.774629664
   14.510000000    1.801669699    1.801691940    1.773786423
   14.520000000    1.800808269    1.800830478    1.772944469
   14.530000000    1.799948131    1.799970309    1.772103802
   14.540000000    1.799089284    1.799111429    1.771264418
   14.550000000    1.798231724    1.798253837    1.770426315
   14.560000000    1.797375449    1.797397531    1.769589491
   14.570000000    1.796520457    1.796542508    1.768753943
   14.580000000    1.795666746    1.795688765    1.767919668
   14.590000000    1.794814313    1.794836300    1.767086666
   14.600000000    1.793963155    1.793985111    1.766254932
   14.610000000    1.793113272    1.793135196    1.765424464
   14.620000000    1.792264659    1.792286552    1.764595261
   14.630000000    1.791417315    1.791439176    1.763767320
   14.640000000    1.790571237    1.790593067    1.762940638
   14.650000000    1.789726423    1.789748223    1.762115213
   14.660000000    1.788882871    1.788904640    1.761291042
   14.670000000    1.788040579    1.788062316    1.760468124
   14.680000000    1.787199543    1.787221250    1.759646456
   14.690000000    1.786359763    1.786381438    1.758826036
   14.700000000    1.785521234    1.785542879    1.758006860
   14.710000000    1.784683956    1.784705570    1.757188928
   14.720000000    1.783847926    1.783869509    1.756372236
   14.730000000    1.783013141    1.783034694    1.755556782
   14.740000000    1.782179600    1.782201122    1.754742564
   14.750000000    1.781347299    1.781368791    1.753929579
   14.760000000    1.780516237    1.780537699    1.753117826
   14.770000000    1.779686412    1.779707843    1.752307301
   14.780000000    1.778857821    1.778879222    1.751498003
   14.790000000    1.778030461    1.778051832    1.750689930
   14.800000000    1.777204332    1.777225672    1.749883078
   14.810000000    1.776379429    1.776400740    1.749077446
   14.820000000    1.775555752    1.775577032    1.748273031
   14.830000000    1.774733297    1.774754548    1.747469831
   14.840000000    1.773912063    1.773933284    1.746667844
   14.850000000    1.773092048    1.773113239    1.745867068
   14.860000000    1.772273248    1.772294410    1.745067499
   14.870000000    1.771455663    1.771476794    1.744269137
   14.880000000    1.770639289    1.770660391    1.743471978
   14.890000000    1.769824125    1.769845197    1.742676021
   14.900000000    1.769010168    1.769031210    1.741881263
   14.910000000    1.768197415    1.768218429    1.741087702
   14.920000000    1.767385866    1.767406850    1.740295336
   14.930000000    1.766575517    1.766596472    1.739504162
   14.940000000    1.765766367    1.765787292    1.738714178
   14.950000000    1.764958413    1.764979309    1.737925382
   14.960000000    1.764151653    1.764172520    1.737137772
   14.970000000    1.763346085    1.763366923    1.736351346
   14.980000000    1.762541706    1.762562515    1.735566101
   14.990000000    1.761738515    1.761759295    1.734782034
   15.000000000    1.760936509    1.760957260    1.733999145
   15.010000000    1.760135687    1.760156409    1.733217431
   15.020000000    1.759336045    1.759356739    1.732436889
   15.030000000    1.758537582    1.758558247    1.731657517
   15.040000000    1.757740296    1.757760932    1.730879313
   15.050000000    1.756944185    1.756964792    1.730102276
   15.060000000    1.756149246    1.756169825    1.729326402
   15.070000000    1.755355477    1.755376027    1.728551690
   15.080000000    1.754562876    1.754583398    1.727778137
   15.090000000    1.753771441    1.753791935    1.727005741
   15.100000000    1.752981170    1.753001636    1.726234501
   15.110000000    1.752192061    1.752212498    1.725464413
   15.120000000    1.751404112    1.751424521    1.724695476
   15.130000000    1.750617320    1.750637701    1.723927688
   15.140000000    1.749831683    1.749852036    1.723161046
   15.150000000    1.749047200    1.749067525    1.722395549
   15.160000000    1.748263868    1.748284165    1.721631194
   15.170000000    1.747481685    1.747501954    1.720867979
   15.180000000    1.746700649    1.746720890    1.720105902
   15.190000000    1.745920758    1.745940971    1.719344961
   15.200000000    1.745142009    1.745162195    1.718585154
   15.210000000    1.744364402    1.744384560    1.717826478
   15.220000000    1.743587933    1.743608064    1.717068932
   15.230000000    1.742812601    1.742832704    1.716312514
   15.240000000    1.742038404    1.742058479    1.715557220
   15.250000000    1.741265339    1.741285387    1.714803050
   15.260000000    1.740493404    1.740513425    1.714050001
   15.270000000    1.739722598    1.739742592    1.713298072
   15.280000000    1.738952918    1.738972885    1.712547259
   15.290000000    1.738184363    1.738204302    1.711797561
   15.300000000    1.737416930    1.737436842    1.711048976
   15.310000000    1.736650617    1.736670501    1.710301502
   15.320000000    1.735885422    1.735905280    1.709555137
   15.330000000    1.735121343    1.735141174    1.708809878
   15.340000000    1.734358379    1.734378183    1.708065724
   15.350000000    1.733596527    1.733616304    1.707322673
   15.360000000    1.732835784    1.732855535    1.706580722
   15.370000000    1.732076150    1.732095874    1.705839870
   15.380000000    1.731317622    1.731337319    1.705100114
   15.390000000    1.730560199    1.730579869    1.704361453
   15.400000000    1.729803877    1.729823521    1.703623884
   15.410000000    1.729048655    1.729068272    1.702887405
   15.420000000    1.728294532    1.728314123    1.702152015
   15.430000000    1.727541505    1.727561069    1.701417712
   15.440000000    1.726789572    1.726809109    1.700684492
   15.450000000    1.726038731    1.726058242    1.699952356
   15.460000000    1.725288980    1.725308465    1.699221299
   15.470000000    1.724540317    1.724559777    1.698491321
   15.480000000    1.723792741    1.723812174    1.697762419
   15.490000000    1.723046250    1.723065656    1.697034592
   15.500000000    1.722300840    1.722320221    1.696307837
   15.510000000    1.721556511    1.721575866    1.695582153
   15.520000000    1.720813261    1.720832589    1.694857537
   15.530000000    1.720071087    1.720090389    1.694133988
   15.540000000    1.719329987    1.719349264    1.693411503
   15.550000000    1.718589960    1.718609212    1.692690081
   15.560000000    1.717851004    1.717870230    1.691969719
   15.570000000    1.717113117    1.717132317    1.691250416
   15.580000000    1.716376297    1.716395471    1.690532170
   15.590000000    1.715640541    1.715659690    1.689814979
   15.600000000    1.714905849    1.714924972    1.689098840
   15.610000000    1.714172218    1.714191315    1.688383753
   15.620000000    1.713439646    1.713458718    1.687669714
   15.630000000    1.712708131    1.712727178    1.686956723
   15.640000000    1.711977672    1.711996693    1.686244776
   15.650000000    1.711248266    1.711267262    1.685533873
   15.660000000    1.710519912    1.710538883    1.684824011
   15.670000000    1.709792608    1.709811554    1.684115189
   15.680000000    1.709066351    1.709085272    1.683407404
   15.690000000    1.708341140    1.708360036    1.682700655
   15.700000000    1.707616974    1.707635845    1.681994939
   15.710000000    1.706893850    1.706912696    1.681290255
   15.720000000    1.706171766    1.706190587    1.680586601
   15.730000000    1.705450721    1.705469517    1.679883975
   15.740000000    1.704730712    1.704749483    1.679182375
   15.750000000    1.704011738    1.704030484    1.678481800
   15.760000000    1.703293797    1.703312519    1.677782247
   15.770000000    1.702576887    1.702595584    1.677083714
   15.780000000    1.701861006    1.701879679    1.676386200
   15.790000000    1.701146153    1.701164801    1.675689703
   15.800000000    1.700432325    1.700450949    1.674994221
   15.810000000    1.699719521    1.699738120    1.674299752
   15.820000000    1.699007739    1.699026314    1.673606294
   15.830000000    1.698296977    1.698315527    1.672913845
   15.840000000    1.697587233    1.697605759    1.672222404
   15.850000000    1.696878506    1.696897007    1.671531969
   15.860000000    1.696170793    1.696189270    1.670842537
   15.870000000    1.695464093    1.695482546    1.670154108
   15.880000000    1.694758404    1.694776833    1.669466679
   15.890000000    1.694053724    1.694072129    1.668780248
   15.900000000    1.693350051    1.693368432    1.668094813
   15.910000000    1.692647384    1.692665741    1.667410374
   15.920000000    1.691945721    1.691964054    1.666726927
   15.930000000    1.691245060    1.691263369    1.666044472
   15.940000000    1.690545399    1.690563684    1.665363006
   15.950000000    1.689846737    1.689864998    1.664682527
   15.960000000    1.689149071    1.689167309    1.664003034
   15.970000000    1.688452400    1.688470614    1.663324525
   15.980000000    1.687756722    1.687774913    1.662646998
   15.990000000    1.687062036    1.687080202    1.661970452
   16.000000000    1.686368339    1.686386482    1.661294884
   16.010000000    1.685675630    1.685693749    1.660620293
   16.020000000    1.684983907    1.685002003    1.659946677
   16.030000000    1.684293168    1.684311241    1.659274034
   16.040000000    1.683603412    1.683621461    1.658602363
   16.050000000    1.682914636    1.682932663    1.657931661
   16.060000000    1.682226840    1.682244843    1.657261928
   16.070000000    1.681540021    1.681558001    1.656593160
   16.080000000    1.680854178    1.680872134    1.655925358
   16.090000000    1.680169309    1.680187242    1.655258517
   16.100000000    1.679485411    1.679503321    1.654592638
   16.110000000    1.678802484    1.678820372    1.653927718
   16.120000000    1.678120526    1.678138390    1.653263756
   16.130000000    1.677439535    1.677457376    1.652600749
   16.140000000    1.676759509    1.676777327    1.651938697
   16.150000000    1.676080447    1.676098242    1.651277596
   16.160000000    1.675402346    1.675420119    1.650617447
   16.170000000    1.674725206    1.674742956    1.649958246
   16.180000000    1.674049024    1.674066751    1.649299992
   16.190000000    1.673373799    1.673391503    1.648642684
   16.200000000    1.672699529    1.672717210    1.647986320
   16.210000000    1.672026212    1.672043871    1.647330897
   16.220000000    1.671353847    1.671371483    1.646676415
   16.230000000    1.670682432    1.670700046    1.646022872
   16.240000000    1.670011965    1.670029557    1.645370265
   16.250000000    1.669342445    1.669360014    1.644718594
   16.260000000    1.668673870    1.668691417    1.644067856
   16.270000000    1.668006238    1.668023763    1.643418051
   16.280000000    1.667339548    1.667357050    1.642769175
   16.290000000    1.666673798    1.666691278    1.642121228
   16.300000000    1.666008986    1.666026444    1.641474208
   16.310000000    1.665345111    1.665362547    1.640828113
   16.320000000    1.664682171    1.664699584    1.640182942
   16.330000000    1.664020164    1.664037555    1.639538692
   16.340000000    1.663359089    1.663376458    1.638895363
   16.350000000    1.662698945    1.662716292    1.638252952
   16.360000000    1.662039728    1.662057053    1.637611458
   16.370000000    1.661381438    1.661398742    1.636970880
   16.380000000    1.660724074    1.660741355    1.636331215
   16.390000000    1.660067633    1.660084892    1.635692462
   16.400000000    1.659412114    1.659429352    1.635054619
   16.410000000    1.658757515    1.658774731    1.634417685
   16.420000000    1.658103835    1.658121030    1.633781659
   16.430000000    1.657451072    1.657468245    1.633146537
   16.440000000    1.656799225    1.656816376    1.632512320
   16.450000000    1.656148291    1.656165421    1.631879005
   16.460000000    1.655498270    1.655515378    1.631246590
   16.470000000    1.654849159    1.654866246    1.630615074
   16.480000000    1.654200958    1.654218023    1.629984456
   16.490000000    1.653553664    1.653570707    1.629354733
   16.500000000    1.652907275    1.652924297    1.628725905
   16.510000000    1.652261791    1.652278792    1.628097969
   16.520000000    1.651617210    1.651634189    1.627470924
   16.530000000    1.650973530    1.650990488    1.626844769
   16.540000000    1.650330749    1.650347686    1.626219501
   16.550000000    1.649688866    1.649705782    1.625595120
   16.560000000    1.649047880    1.649064775    1.624971623
   16.570000000    1.648407789    1.648424662    1.624349009
   16.580000000    1.647768590    1.647785443    1.623727277
   16.590000000    1.647130284    1.647147115    1.623106424
   16.600000000    1.646492867    1.646509678    1.622486450
   16.610000000    1.645856340    1.645873129    1.621867353
   16.620000000    1.645220699    1.645237467    1.621249131
   16.630000000    1.644585943    1.644602691    1.620631782
   16.640000000    1.643952072    1.643968799    1.620015306
   16.650000000    1.643319083    1.643335789    1.619399700
   16.660000000    1.642686975    1.642703660    1.618784963
   16.670000000    1.642055746    1.642072410    1.618171093
   16.680000000    1.641425394    1.641442038    1.617558090
   16.690000000    1.640795919    1.640812543    1.616945950
   16.700000000    1.640167319    1.640183922    1.616334674
   16.710000000    1.639539592    1.639556174    1.615724259
   16.720000000    1.638912737    1.638929299    1.615114703
   16.730000000    1.638286752    1.638303293    1.614506006
   16.740000000    1.637661635    1.637678156    1.613898165
   16.750000000    1.637037385    1.637053886    1.613291180
   16.760000000    1.636414002    1.636430482    1.612685048
   16.770000000    1.635791482    1.635807941    1.612079769
   16.780000000    1.635169825    1.635186264    1.611475340
   16.790000000    1.634549028    1.634565448    1.610871760
   16.800000000    1.633929092    1.633945491    1.610269028
   16.810000000    1.633310013    1.633326392    1.609667141
   16.820000000    1.632691792    1.632708150    1.609066100
   16.830000000    1.632074425    1.632090764    1.608465902
   16.840000000    1.631457912    1.631474231    1.607866545
   16.850000000    1.630842251    1.630858550    1.607268028
   16.860000000    1.630227441    1.630243719    1.606670350
   16.870000000    1.629613480    1.629629739    1.606073509
   16.880000000    1.629000367    1.629016605    1.605477504
   16.890000000    1.628388099    1.628404318    1.604882333
   16.900000000    1.627776677    1.627792876    1.604287995
   16.910000000    1.627166098    1.627182278    1.603694488
   16.920000000    1.626556361    1.626572521    1.603101811
   16.930000000    1.625947465    1.625963604    1.602509962
   16.940000000    1.625339407    1.625355527    1.601918940
   16.950000000    1.624732187    1.624748287    1.601328744
   16.960000000    1.624125803    1.624141883    1.600739371
   16.970000000    1.623520253    1.623536314    1.600150821
   16.980000000    1.622915537    1.622931578    1.599563092
   16.990000000    1.622311652    1.622327674    1.598976183
   17.000000000    1.621708598    1.621724600    1.598390091
   17.010000000    1.621106372    1.621122355    1.597804817
   17.020000000    1.620504974    1.620520938    1.597220358
   17.030000000    1.619904402    1.619920346    1.596636712
   17.040000000    1.619304654    1.619320579    1.596053879
   17.050000000    1.618705730    1.618721636    1.595471857
   17.060000000    1.618107627    1.618123514    1.594890645
   17.070000000    1.617510344    1.617526212    1.594310240
   17.080000000    1.616913881    1.616929729    1.593730643
   17.090000000    1.616318235    1.616334064    1.593151850
   17.100000000    1.615723405    1.615739215    1.592573862
   17.110000000    1.615129389    1.615145180    1.591996676
   17.120000000    1.614536187    1.614551959    1.591420291
   17.130000000    1.613943797    1.613959550    1.590844706
   17.140000000    1.613352217    1.613367951    1.590269919
   17.150000000    1.612761446    1.612777161    1.589695929
   17.160000000    1.612171483    1.612187179    1.589122734
   17.170000000    1.611582326    1.611598003    1.588550333
   17.180000000    1.610993974    1.611009633    1.587978725
   17.190000000    1.610406426    1.610422065    1.587407909
   17.200000000    1.609819679    1.609835300    1.586837882
   17.210000000    1.609233734    1.609249336    1.586268644
   17.220000000    1.608648587    1.608664171    1.585700192
   17.230000000    1.608064239    1.608079804    1.585132527
   17.240000000    1.607480687    1.607496234    1.584565646
   17.250000000    1.606897931    1.606913459    1.583999548
   17.260000000    1.606315969    1.606331478    1.583434232
   17.270000000    1.605734799    1.605750289    1.582869696
   17.280000000    1.605154420    1.605169892    1.582305939
   17.290000000    1.604574831    1.604590285    1.581742959
   17.300000000    1.603996030    1.604011466    1.581180756
   17.310000000    1.603418017    1.603433434    1.580619327
   17.320000000    1.602840790    1.602856188    1.580058672
   17.330000000    1.602264346    1.602279727    1.579498789
   17.340000000    1.601688686    1.601704048    1.578939677
   17.350000000    1.601113808    1.601129152    1.578381335
   17.360000000    1.600539710    1.600555035    1.577823760
   17.370000000    1.599966391    1.599981698    1.577266952
   17.380000000    1.599393850    1.599409139    1.576710910
   17.390000000    1.598822085    1.598837356    1.576155632
   17.400000000    1.598251095    1.598266348    1.575601116
   17.410000000    1.597680879    1.597696114    1.575047362
   17.420000000    1.597111436    1.597126653    1.574494369
   17.430000000    1.596542764    1.596557963    1.573942134
   17.440000000    1.595974861    1.595990042    1.573390656
   17.450000000    1.595407727    1.595422890    1.572839935
   17.460000000    1.594841360    1.594856505    1.572289968
   17.470000000    1.594275759    1.594290886    1.571740755
   17.480000000    1.593710922    1.593726032    1.571192295
   17.490000000    1.593146849    1.593161941    1.570644585
   17.500000000    1.592583538    1.592598612    1.570097625
   17.510000000    1.592020987    1.592036043    1.569551413
   17.520000000    1.591459196    1.591474234    1.569005948
   17.530000000    1.590898163    1.590913184    1.568461230
   17.540000000    1.590337886    1.590352890    1.567917255
   17.550000000    1.589778365    1.589793351    1.567374024
   17.560000000    1.589219599    1.589234567    1.566831534
   17.570000000    1.588661585    1.588676535    1.566289785
   17.580000000    1.588104323    1.588119256    1.565748776
   17.590000000    1.587547811    1.587562727    1.565208504
   17.600000000    1.586992048    1.587006946    1.564668969
   17.610000000    1.586437033    1.586451914    1.564130170
   17.620000000    1.585882765    1.585897628    1.563592105
   17.630000000    1.585329242    1.585344088    1.563054773
   17.640000000    1.584776463    1.584791292    1.562518172
   17.650000000    1.584224427    1.584239238    1.561982302
   17.660000000    1.583673132    1.583687926    1.561447161
   17.670000000    1.583122578    1.583137355    1.560912748
   17.680000000    1.582572762    1.582587522    1.560379062
   17.690000000    1.582023685    1.582038427    1.559846101
   17.700000000    1.581475343    1.581490069    1.559313864
   17.710000000    1.580927737    1.580942445    1.558782350
   17.720000000    1.580380865    1.580395556    1.558251558
   17.730000000    1.579834726    1.579849400    1.557721486
   17.740000000    1.579289318    1.579303975    1.557192133
   17.750000000    1.578744641    1.578759281    1.556663499
   17.760000000    1.578200692    1.578215315    1.556135580
   17.770000000    1.577657472    1.577672078    1.555608378
   17.780000000    1.577114978    1.577129567    1.555081889
   17.790000000    1.576573209    1.576587781    1.554556114
   17.800000000    1.576032164    1.576046720    1.554031050
   17.810000000    1.575491843    1.575506382    1.553506697
   17.820000000    1.574952243    1.574966765    1.552983053
   17.830000000    1.574413363    1.574427869    1.552460118
   17.840000000    1.573875203    1.573889692    1.551937889
   17.850000000    1.573337761    1.573352233    1.551416366
   17.860000000    1.572801036    1.572815491    1.550895547
   17.870000000    1.572265026    1.572279464    1.550375432
   17.880000000    1.571729731    1.571744153    1.549856019
   17.890000000    1.571195149    1.571209554    1.549337306
   17.900000000    1.570661278    1.570675667    1.548819294
   17.910000000    1.570128119    1.570142491    1.548301979
   17.920000000    1.569595670    1.569610025    1.547785362
   17.930000000    1.569063928    1.569078268    1.547269441
   17.940000000    1.568532894    1.568547217    1.546754215
   17.950000000    1.568002567    1.568016873    1.546239683
   17.960000000    1.567472943    1.567487234    1.545725843
   17.970000000    1.566944024    1.566958298    1.545212695
   17.980000000    1.566415807    1.566430065    1.544700236
   17.990000000    1.565888292    1.565902533    1.544188467
   18.000000000    1.565361476    1.565375701    1.543677385
   18.010000000    1.564835360    1.564849568    1.543166990
   18.020000000    1.564309941    1.564324133    1.542657281
   18.030000000    1.563785219    1.563799395    1.542148255
   18.040000000    1.563261192    1.563275353    1.541639913
   18.050000000    1.562737860    1.562752004    1.541132253
   18.060000000    1.562215221    1.562229349    1.540625274
   18.070000000    1.561693274    1.561707385    1.540118974
   18.080000000    1.561172017    1.561186113    1.539613352
   18.090000000    1.560651450    1.560665530    1.539108408
   18.100000000    1.560131572    1.560145636    1.538604140
   18.110000000    1.559612381    1.559626429    1.538100547
   18.120000000    1.559093876    1.559107908    1.537597628
   18.130000000    1.558576057    1.558590073    1.537095382
   18.140000000    1.558058921    1.558072921    1.536593807
   18.150000000    1.557542468    1.557556452    1.536092903
   18.160000000    1.557026696    1.557040665    1.535592668
   18.170000000    1.556511605    1.556525558    1.535093101
   18.180000000    1.555997194    1.556011131    1.534594201
   18.190000000    1.555483460    1.555497382    1.534095967
   18.200000000    1.554970404    1.554984310    1.533598398
   18.210000000    1.554458024    1.554471914    1.533101492
   18.220000000    1.553946318    1.553960192    1.532605249
   18.230000000    1.553435286    1.553449145    1.532109667
   18.240000000    1.552924927    1.552938770    1.531614746
   18.250000000    1.552415239    1.552429067    1.531120484
   18.260000000    1.551906222    1.551920034    1.530626879
   18.270000000    1.551397873    1.551411670    1.530133932
   18.280000000    1.550890193    1.550903974    1.529641640
   18.290000000    1.550383180    1.550396945    1.529150003
   18.300000000    1.549876833    1.549890583    1.528659020
   18.310000000    1.549371150    1.549384885    1.528168689
   18.320000000    1.548866131    1.548879850    1.527679010
   18.330000000    1.548361775    1.548375479    1.527189980
   18.340000000    1.547858080    1.547871769    1.526701600
   18.350000000    1.547355046    1.547368719    1.526213868
   18.360000000    1.546852670    1.546866328    1.525726784
   18.370000000    1.546350953    1.546364596    1.525240344
   18.380000000    1.545849893    1.545863521    1.524754550
   18.390000000    1.545349489    1.545363102    1.524269400
   18.400000000    1.544849740    1.544863338    1.523784892
   18.410000000    1.544350645    1.544364227    1.523301025
   18.420000000    1.543852203    1.543865770    1.522817799
   18.430000000    1.543354412    1.543367964    1.522335213
   18.440000000    1.542857272    1.542870808    1.521853265
   18.450000000    1.542360781    1.542374303    1.521371954
   18.460000000    1.541864939    1.541878445    1.520891279
   18.470000000    1.541369744    1.541383235    1.520411239
   18.480000000    1.540875195    1.540888672    1.519931833
   18.490000000    1.540381291    1.540394753    1.519453061
   18.500000000    1.539888032    1.539901479    1.518974920
   18.510000000    1.539395416    1.539408848    1.518497410
   18.520000000    1.538903441    1.538916859    1.518020529
   18.530000000    1.538412108    1.538425510    1.517544278
   18.540000000    1.537921415    1.537934802    1.517068654
   18.550000000    1.537431360    1.537444733    1.516593657
   18.560000000    1.536941943    1.536955301    1.516119285
   18.570000000    1.536453163    1.536466506    1.515645538
   18.580000000    1.535965019    1.535978347    1.515172414
   18.590000000    1.535477509    1.535490823    1.514699913
   18.600000000    1.534990633    1.535003932    1.514228033
   18.610000000    1.534504389    1.534517674    1.513756773
   18.620000000    1.534018777    1.534032047    1.513286133
   18.630000000    1.533533796    1.533547051    1.512816111
   18.640000000    1.533049443    1.533062684    1.512346706
   18.650000000    1.532565719    1.532578946    1.511877918
   18.660000000    1.532082623    1.532095835    1.511409744
   18.670000000    1.531600153    1.531613350    1.510942185
   18.680000000    1.531118308    1.531131491    1.510475238
   18.690000000    1.530637087    1.530650255    1.510008904
   18.700000000    1.530156490    1.530169644    1.509543181
   18.710000000    1.529676515    1.529689654    1.509078068
   18.720000000    1.529197161    1.529210286    1.508613564
   18.730000000    1.528718427    1.528731538    1.508149668
   18.740000000    1.528240312    1.528253409    1.507686379
   18.750000000    1.527762816    1.527775898    1.507223696
   18.760000000    1.527285936    1.527299004    1.506761618
   18.770000000    1.526809673    1.526822727    1.506300144
   18.780000000    1.526334025    1.526347064    1.505839273
   18.790000000    1.525858991    1.525872016    1.505379004
   18.800000000    1.525384570    1.525397581    1.504919335
   18.810000000    1.524910761    1.524923757    1.504460267
   18.820000000    1.524437563    1.524450545    1.504001798
   18.830000000    1.523964975    1.523977944    1.503543926
   18.840000000    1.523492996    1.523505951    1.503086652
   18.850000000    1.523021626    1.523034566    1.502629973
   18.860000000    1.522550862    1.522563788    1.502173890
   18.870000000    1.522080705    1.522093617    1.501718400
   18.880000000    1.521611152    1.521624051    1.501263504
   18.890000000    1.521142204    1.521155088    1.500809199
   18.900000000    1.520673859    1.520686729    1.500355486
   18.910000000    1.520206116    1.520218973    1.499902362
   18.920000000    1.519738974    1.519751817    1.499449828
   18.930000000    1.519272433    1.519285261    1.498997882
   18.940000000    1.518806490    1.518819305    1.498546523
   18.950000000    1.518341146    1.518353947    1.498095750
   18.960000000    1.517876399    1.517889186    1.497645562
   18.970000000    1.517412249    1.517425022    1.497195959
   18.980000000    1.516948693    1.516961453    1.496746938
   18.990000000    1.516485732    1.516498478    1.496298500
   19.000000000    1.516023364    1.516036096    1.495850644
   19.010000000    1.515561589    1.515574307    1.495403367
   19.020000000    1.515100405    1.515113110    1.494956670
   19.030000000    1.514639812    1.514652503    1.494510552
   19.040000000    1.514179808    1.514192485    1.494065011
   19.050000000    1.513720393    1.513733056    1.493620046
   19.060000000    1.513261565    1.513274215    1.493175657
   19.070000000    1.512803324    1.512815960    1.492731843
   19.080000000    1.512345668    1.512358291    1.492288603
   19.090000000    1.511888598    1.511901207    1.491845935
   19.100000000    1.511432111    1.511444707    1.491403839
   19.110000000    1.510976207    1.510988789    1.490962313
   19.120000000    1.510520885    1.510533454    1.490521358
   19.130000000    1.510066143    1.510078699    1.490080972
   19.140000000    1.509611982    1.509624524    1.489641153
   19.150000000    1.509158400    1.509170929    1.489201902
   19.160000000    1.508705396    1.508717911    1.488763217
   19.170000000    1.508252969    1.508265471    1.488325097
   19.180000000    1.507801118    1.507813607    1.487887542
   19.190000000    1.507349843    1.507362319    1.487450550
   19.200000000    1.506899142    1.506911605    1.487014120
   19.210000000    1.506449015    1.506461464    1.486578252
   19.220000000    1.505999460    1.506011896    1.486142944
   19.230000000    1.505550477    1.505562899    1.485708196
   19.240000000    1.505102064    1.505114474    1.485274007
   19.250000000    1.504654221    1.504666617    1.484840376
   19.260000000    1.504206947    1.504219330    1.484407302
   19.270000000    1.503760241    1.503772611    1.483974783
   19.280000000    1.503314102    1.503326459    1.483542820
   19.290000000    1.502868529    1.502880873    1.483111411
   19.300000000    1.502423521    1.502435852    1.482680555
   19.310000000    1.501979078    1.501991395    1.482250252
   19.320000000    1.501535197    1.501547502    1.481820500
   19.330000000    1.501091880    1.501104171    1.481391299
   19.340000000    1.500649123    1.500661402    1.480962647
   19.350000000    1.500206928    1.500219193    1.480534544
   19.360000000    1.499765292    1.499777545    1.480106989
   19.370000000    1.499324215    1.499336455    1.479679981
   19.380000000    1.498883696    1.498895922    1.479253519
   19.390000000    1.498443733    1.498455947    1.478827602
   19.400000000    1.498004327    1.498016529    1.478402230
   19.410000000    1.497565477    1.497577665    1.477977401
   19.420000000    1.497127180    1.497139356    1.477553114
   19.430000000    1.496689437    1.496701600    1.477129369
   19.440000000    1.496252247    1.496264397    1.476706165
   19.450000000    1.495815608    1.495827745    1.476283501
   19.460000000    1.495379520    1.495391645    1.475861376
   19.470000000    1.494943982    1.494956094    1.475439789
   19.480000000    1.494508993    1.494521092    1.475018739
   19.490000000    1.494074552    1.494086639    1.474598225
   19.500000000    1.493640659    1.493652732    1.474178247
   19.510000000    1.493207311    1.493219372    1.473758804
   19.520000000    1.492774510    1.492786558    1.473339894
   19.530000000    1.492342252    1.492354288    1.472921517
   19.540000000    1.491910539    1.491922562    1.472503672
   19.550000000    1.491479369    1.491491379    1.472086359
   19.560000000    1.491048740    1.491060738    1.471669576
   19.570000000    1.490618653    1.490630639    1.471253322
   19.580000000    1.490189106    1.490201079    1.470837596
   19.590000000    1.489760098    1.489772059    1.470422399
   19.600000000    1.489331629    1.489343578    1.470007728
   19.610000000    1.488903698    1.488915634    1.469593583
   19.620000000    1.488476303    1.488488227    1.469179963
   19.630000000    1.488049445    1.488061356    1.468766868
   19.640000000    1.487623121    1.487635020    1.468354296
   19.650000000    1.487197332    1.487209219    1.467942247
   19.660000000    1.486772077    1.486783951    1.467530719
   19.670000000    1.486347353    1.486359215    1.467119713
   19.680000000    1.485923162    1.485935011    1.466709226
   19.690000000    1.485499501    1.485511339    1.466299259
   19.700000000    1.485076371    1.485088196    1.465889810
   19.710000000    1.484653769    1.484665582    1.465480878
   19.720000000    1.484231696    1.484243497    1.465072463
   19.730000000    1.483810151    1.483821939    1.464664565
   19.740000000    1.483389132    1.483400908    1.464257181
   19.750000000    1.482968639    1.482980403    1.463850311
   19.760000000    1.482548671    1.482560422    1.463443955
   19.770000000    1.482129227    1.482140966    1.463038111
   19.780000000    1.481710306    1.481722034    1.462632779
   19.790000000    1.481291908    1.481303623    1.462227958
   19.800000000    1.480874031    1.480885735    1.461823647
   19.810000000    1.480456675    1.480468367    1.461419845
   19.820000000    1.480039839    1.480051519    1.461016552
   19.830000000    1.479623523    1.479635190    1.460613766
   19.840000000    1.479207724    1.479219380    1.460211487
   19.850000000    1.478792444    1.478804087    1.459809714
   19.860000000    1.478377680    1.478389311    1.459408446
   19.870000000    1.477963431    1.477975051    1.459007682
   19.880000000    1.477549698    1.477561306    1.458607422
   19.890000000    1.477136479    1.477148075    1.458207665
   19.900000000    1.476723774    1.476735358    1.457808409
   19.910000000    1.476311581    1.476323153    1.457409655
   19.920000000    1.475899900    1.475911460    1.457011401
   19.930000000    1.475488729    1.475500278    1.456613647
   19.940000000    1.475078069    1.475089606    1.456216391
   19.950000000    1.474667919    1.474679444    1.455819633
   19.960000000    1.474258277    1.474269790    1.455423372
   19.970000000    1.473849142    1.473860644    1.455027608
   19.980000000    1.473440515    1.473452005    1.454632339
   19.990000000    1.473032394    1.473043872    1.454237564
   20.000000000    1.472624778    1.472636244    1.453843284
   20.010000000    1.472217667    1.472229121    1.453449497
   20.020000000    1.471811059    1.471822502    1.453056202
   20.030000000    1.471404955    1.471416386    1.452663399
   20.040000000    1.470999352    1.471010772    1.452271086
   20.050000000    1.470594251    1.470605659    1.451879263
