# energy grid [eV]  eels components [arbitrary units]
#
    0.050000000    0.000029040    0.000029051    0.000028285
    0.060000000    0.000034854    0.000034868    0.000033948
    0.070000000    0.000040671    0.000040687    0.000039613
    0.080000000    0.000046493    0.000046511    0.000045283
    0.090000000    0.000052318    0.000052339    0.000050956
    0.100000000    0.000058149    0.000058172    0.000056634
    0.110000000    0.000063986    0.000064011    0.000062316
    0.120000000    0.000069829    0.000069857    0.000068005
    0.130000000    0.000075678    0.000075708    0.000073699
    0.140000000    0.000081535    0.000081568    0.000079400
    0.150000000    0.000087400    0.000087435    0.000085109
    0.160000000    0.000093273    0.000093311    0.000090825
    0.170000000    0.000099156    0.000099196    0.000096549
    0.180000000    0.000105048    0.000105091    0.000102282
    0.190000000    0.000110950    0.000110996    0.000108024
    0.200000000    0.000116864    0.000116912    0.000113776
    0.210000000    0.000122789    0.000122840    0.000119539
    0.220000000    0.000128726    0.000128780    0.000125313
    0.230000000    0.000134676    0.000134732    0.000131098
    0.240000000    0.000140640    0.000140699    0.000136895
    0.250000000    0.000146618    0.000146679    0.000142705
    0.260000000    0.000152610    0.000152674    0.000148528
    0.270000000    0.000158618    0.000158685    0.000154365
    0.280000000    0.000164642    0.000164712    0.000160216
    0.290000000    0.000170682    0.000170756    0.000166083
    0.300000000    0.000176740    0.000176817    0.000171965
    0.310000000    0.000182817    0.000182896    0.000177863
    0.320000000    0.000188912    0.000188995    0.000183779
    0.330000000    0.000195027    0.000195113    0.000189712
    0.340000000    0.000201162    0.000201251    0.000195663
    0.350000000    0.000207318    0.000207411    0.000201633
    0.360000000    0.000213496    0.000213592    0.000207623
    0.370000000    0.000219696    0.000219796    0.000213633
    0.380000000    0.000225920    0.000226024    0.000219664
    0.390000000    0.000232169    0.000232276    0.000225717
    0.400000000    0.000238442    0.000238553    0.000231792
    0.410000000    0.000244741    0.000244856    0.000237890
    0.420000000    0.000251067    0.000251186    0.000244012
    0.430000000    0.000257420    0.000257543    0.000250159
    0.440000000    0.000263802    0.000263929    0.000256331
    0.450000000    0.000270213    0.000270345    0.000262530
    0.460000000    0.000276654    0.000276791    0.000268755
    0.470000000    0.000283127    0.000283268    0.000275009
    0.480000000    0.000289632    0.000289778    0.000281291
    0.490000000    0.000296170    0.000296321    0.000287603
    0.500000000    0.000302742    0.000302898    0.000293945
    0.510000000    0.000309350    0.000309510    0.000300318
    0.520000000    0.000315993    0.000316160    0.000306724
    0.530000000    0.000322674    0.000322846    0.000313164
    0.540000000    0.000329394    0.000329571    0.000319637
    0.550000000    0.000336153    0.000336337    0.000326146
    0.560000000    0.000342953    0.000343143    0.000332691
    0.570000000    0.000349795    0.000349991    0.000339273
    0.580000000    0.000356680    0.000356883    0.000345894
    0.590000000    0.000363610    0.000363819    0.000352554
    0.600000000    0.000370586    0.000370802    0.000359255
    0.610000000    0.000377608    0.000377831    0.000365997
    0.620000000    0.000384680    0.000384910    0.000372783
    0.630000000    0.000391801    0.000392039    0.000379613
    0.640000000    0.000398973    0.000399219    0.000386488
    0.650000000    0.000406199    0.000406453    0.000393410
    0.660000000    0.000413479    0.000413742    0.000400380
    0.670000000    0.000420815    0.000421087    0.000407400
    0.680000000    0.000428208    0.000428489    0.000414470
    0.690000000    0.000435661    0.000435952    0.000421593
    0.700000000    0.000443175    0.000443476    0.000428770
    0.710000000    0.000450752    0.000451063    0.000436002
    0.720000000    0.000458394    0.000458716    0.000443291
    0.730000000    0.000466103    0.000466436    0.000450639
    0.740000000    0.000473880    0.000474225    0.000458047
    0.750000000    0.000481728    0.000482085    0.000465517
    0.760000000    0.000489649    0.000490018    0.000473050
    0.770000000    0.000497644    0.000498027    0.000480650
    0.780000000    0.000505718    0.000506114    0.000488317
    0.790000000    0.000513871    0.000514282    0.000496054
    0.800000000    0.000522106    0.000522532    0.000503863
    0.810000000    0.000530425    0.000530867    0.000511746
    0.820000000    0.000538832    0.000539291    0.000519705
    0.830000000    0.000547329    0.000547805    0.000527742
    0.840000000    0.000555919    0.000556412    0.000535860
    0.850000000    0.000564605    0.000565117    0.000544061
    0.860000000    0.000573389    0.000573921    0.000552347
    0.870000000    0.000582275    0.000582828    0.000560723
    0.880000000    0.000591267    0.000591841    0.000569189
    0.890000000    0.000600367    0.000600964    0.000577750
    0.900000000    0.000609580    0.000610201    0.000586407
    0.910000000    0.000618908    0.000619554    0.000595165
    0.920000000    0.000628357    0.000629029    0.000604026
    0.930000000    0.000637929    0.000638629    0.000612994
    0.940000000    0.000647629    0.000648359    0.000622072
    0.950000000    0.000657462    0.000658222    0.000631263
    0.960000000    0.000667432    0.000668224    0.000640573
    0.970000000    0.000677544    0.000678370    0.000650003
    0.980000000    0.000687803    0.000688665    0.000659560
    0.990000000    0.000698213    0.000699113    0.000669246
    1.000000000    0.000708782    0.000709722    0.000679067
    1.010000000    0.000719513    0.000720496    0.000689027
    1.020000000    0.000730414    0.000731442    0.000699131
    1.030000000    0.000741491    0.000742566    0.000709384
    1.040000000    0.000752750    0.000753875    0.000719791
    1.050000000    0.000764198    0.000765376    0.000730359
    1.060000000    0.000775843    0.000777077    0.000741093
    1.070000000    0.000787692    0.000788986    0.000751999
    1.080000000    0.000799753    0.000801111    0.000763083
    1.090000000    0.000812035    0.000813461    0.000774354
    1.100000000    0.000824547    0.000826045    0.000785817
    1.110000000    0.000837299    0.000838873    0.000797481
    1.120000000    0.000850299    0.000851956    0.000809352
    1.130000000    0.000863560    0.000865303    0.000821441
    1.140000000    0.000877091    0.000878928    0.000833755
    1.150000000    0.000890906    0.000892842    0.000846304
    1.160000000    0.000905015    0.000907058    0.000859098
    1.170000000    0.000919434    0.000921590    0.000872147
    1.180000000    0.000934175    0.000936453    0.000885462
    1.190000000    0.000949253    0.000951663    0.000899055
    1.200000000    0.000964686    0.000967236    0.000912938
    1.210000000    0.000980488    0.000983189    0.000927125
    1.220000000    0.000996679    0.000999543    0.000941629
    1.230000000    0.001013278    0.001016317    0.000956465
    1.240000000    0.001030305    0.001033534    0.000971649
    1.250000000    0.001047783    0.001051215    0.000987198
    1.260000000    0.001065734    0.001069387    0.001003130
    1.270000000    0.001084184    0.001088076    0.001019463
    1.280000000    0.001103160    0.001107311    0.001036219
    1.290000000    0.001122691    0.001127123    0.001053419
    1.300000000    0.001142808    0.001147546    0.001071087
    1.310000000    0.001163545    0.001168616    0.001089247
    1.320000000    0.001184939    0.001190372    0.001107928
    1.330000000    0.001207028    0.001212858    0.001127158
    1.340000000    0.001229855    0.001236118    0.001146968
    1.350000000    0.001253467    0.001260204    0.001167393
    1.360000000    0.001277914    0.001285170    0.001188469
    1.370000000    0.001303249    0.001311077    0.001210236
    1.380000000    0.001329533    0.001337990    0.001232736
    1.390000000    0.001356832    0.001365981    0.001256018
    1.400000000    0.001385215    0.001395130    0.001280131
    1.410000000    0.001414761    0.001425525    0.001305132
    1.420000000    0.001445557    0.001457261    0.001331081
    1.430000000    0.001477697    0.001490447    0.001358044
    1.440000000    0.001511285    0.001525201    0.001386095
    1.450000000    0.001546439    0.001561657    0.001415315
    1.460000000    0.001583287    0.001599962    0.001445791
    1.470000000    0.001621973    0.001640283    0.001477623
    1.480000000    0.001662658    0.001682809    0.001510919
    1.490000000    0.001705522    0.001727750    0.001545801
    1.500000000    0.001750768    0.001775347    0.001582402
    1.510000000    0.001798625    0.001825873    0.001620876
    1.520000000    0.001849353    0.001879640    0.001661391
    1.530000000    0.001903247    0.001937007    0.001704138
    1.540000000    0.001960644    0.001998388    0.001749335
    1.550000000    0.002021933    0.002064262    0.001797226
    1.560000000    0.002087561    0.002135188    0.001848093
    1.570000000    0.002158044    0.002211820    0.001902255
    1.580000000    0.002233988    0.002294930    0.001960081
    1.590000000    0.002316098    0.002385433    0.002022000
    1.600000000    0.002405210    0.002484420    0.002088506
    1.610000000    0.002502312    0.002593205    0.002160180
    1.620000000    0.002608586    0.002713379    0.002237704
    1.630000000    0.002725455    0.002846883    0.002321887
    1.640000000    0.002854645    0.002996107    0.002413692
    1.650000000    0.002998265    0.003164019    0.002514276
    1.660000000    0.003158918    0.003354336    0.002625039
    1.670000000    0.003339841    0.003571761    0.002747690
    1.680000000    0.003545105    0.003822300    0.002884334
    1.690000000    0.003779871    0.004113694    0.003037586
    1.700000000    0.004050744    0.004456008    0.003210728
    1.710000000    0.004366255    0.004862428    0.003407917
    1.720000000    0.004737487    0.005350313    0.003634466
    1.730000000    0.005178889    0.005942493    0.003897229
    1.740000000    0.005709214    0.006668696    0.004205092
    1.750000000    0.006352390    0.007566500    0.004569610
    1.760000000    0.007137634    0.008680199    0.005005700
    1.770000000    0.008097212    0.010053640    0.005532204
    1.780000000    0.009258618    0.011709218    0.006171626
    1.790000000    0.010627115    0.013602919    0.006947448
    1.800000000    0.012159438    0.015558627    0.007875746
    1.810000000    0.013745007    0.017237149    0.008946680
    1.820000000    0.015219307    0.018247423    0.010096846
    1.830000000    0.016405669    0.018390543    0.011196544
    1.840000000    0.017176879    0.017793532    0.012103433
    1.850000000    0.017556489    0.016799753    0.012783867
    1.860000000    0.017770538    0.015778579    0.013374012
    1.870000000    0.018131313    0.014996986    0.014091240
    1.880000000    0.018856970    0.014576542    0.015099999
    1.890000000    0.019962494    0.014505295    0.016436809
    1.900000000    0.021215288    0.014664779    0.017989155
    1.910000000    0.022171332    0.014880023    0.019533045
    1.920000000    0.022395091    0.015017163    0.020857390
    1.930000000    0.021785182    0.015063299    0.021867627
    1.940000000    0.020643376    0.015091117    0.022497046
    1.950000000    0.019406823    0.015174309    0.022562962
    1.960000000    0.018405831    0.015379113    0.021877776
    1.970000000    0.017826021    0.015799222    0.020520703
    1.980000000    0.017756256    0.016541469    0.018857743
    1.990000000    0.018222668    0.017670221    0.017288587
    2.000000000    0.019193466    0.019155355    0.016057636
    2.010000000    0.020561171    0.020840408    0.015244055
    2.020000000    0.022129432    0.022473954    0.014824827
    2.030000000    0.023658530    0.023856583    0.014736367
    2.040000000    0.024998926    0.025014933    0.014928314
    2.050000000    0.026222127    0.026201365    0.015398686
    2.060000000    0.027566534    0.027689384    0.016183700
    2.070000000    0.029194114    0.029537698    0.017319561
    2.080000000    0.030984372    0.031481453    0.018827794
    2.090000000    0.032536064    0.033045136    0.020737498
    2.100000000    0.033370471    0.033872304    0.023088211
    2.110000000    0.033194475    0.033994623    0.025841989
    2.120000000    0.032059902    0.033735224    0.028725905
    2.130000000    0.030298333    0.033378041    0.031151710
    2.140000000    0.028283178    0.032965558    0.032426438
    2.150000000    0.026267060    0.032346983    0.032252808
    2.160000000    0.024377181    0.031321543    0.031016957
    2.170000000    0.022685136    0.029789216    0.029474028
    2.180000000    0.021276900    0.027897409    0.028225962
    2.190000000    0.020254537    0.026009996    0.027472337
    2.200000000    0.019691464    0.024493482    0.027030486
    2.210000000    0.019616713    0.023569517    0.026512401
    2.220000000    0.020031937    0.023314182    0.025630051
    2.230000000    0.020914691    0.023697116    0.024436501
    2.240000000    0.022187697    0.024584441    0.023252840
    2.250000000    0.023692964    0.025729855    0.022415407
    2.260000000    0.025247352    0.026848732    0.022137170
    2.270000000    0.026787306    0.027807721    0.022516569
    2.280000000    0.028431820    0.028737942    0.023580332
    2.290000000    0.030320858    0.029882553    0.025292773
    2.300000000    0.032379590    0.031338072    0.027531620
    2.310000000    0.034262374    0.032951262    0.030081265
    2.320000000    0.035576461    0.034418766    0.032703166
    2.330000000    0.036198181    0.035456045    0.035237125
    2.340000000    0.036319150    0.035885209    0.037578850
    2.350000000    0.036196695    0.035634806    0.039508583
    2.360000000    0.035966351    0.034767237    0.040618971
    2.370000000    0.035703237    0.033535534    0.040568371
    2.380000000    0.035530191    0.032300760    0.039368856
    2.390000000    0.035558522    0.031325792    0.037304495
    2.400000000    0.035771585    0.030670621    0.034726701
    2.410000000    0.036036379    0.030276927    0.032021220
    2.420000000    0.036233624    0.030113096    0.029576432
    2.430000000    0.036376670    0.030212017    0.027668463
    2.440000000    0.036567065    0.030574801    0.026389146
    2.450000000    0.036788353    0.031076691    0.025669692
    2.460000000    0.036809724    0.031529959    0.025365594
    2.470000000    0.036405184    0.031876438    0.025367568
    2.480000000    0.035655506    0.032277390    0.025688506
    2.490000000    0.034916971    0.032961930    0.026452468
    2.500000000    0.034515053    0.034001880    0.027787072
    2.510000000    0.034571055    0.035256279    0.029710280
    2.520000000    0.035072922    0.036524210    0.032071710
    2.530000000    0.035964627    0.037703265    0.034566673
    2.540000000    0.037083867    0.038742410    0.036809309
    2.550000000    0.038066697    0.039490590    0.038421646
    2.560000000    0.038455405    0.039728687    0.039200311
    2.570000000    0.038025916    0.039421314    0.039338494
    2.580000000    0.036998067    0.038856690    0.039355349
    2.590000000    0.035833208    0.038435844    0.039671505
    2.600000000    0.034849205    0.038349339    0.040243464
    2.610000000    0.034083889    0.038506702    0.040547657
    2.620000000    0.033469087    0.038751246    0.039975438
    2.630000000    0.033026501    0.039054623    0.038397125
    2.640000000    0.032852696    0.039440449    0.036302824
    2.650000000    0.033017600    0.039832866    0.034391133
    2.660000000    0.033561113    0.040107841    0.033162288
    2.670000000    0.034516242    0.040230002    0.032825606
    2.680000000    0.035866600    0.040264640    0.033377395
    2.690000000    0.037513495    0.040296465    0.034680874
    2.700000000    0.039328154    0.040375575    0.036490140
    2.710000000    0.041214022    0.040515009    0.038445055
    2.720000000    0.043045277    0.040645606    0.040143708
    2.730000000    0.044552902    0.040573640    0.041333773
    2.740000000    0.045379385    0.040120072    0.042071690
    2.750000000    0.045318356    0.039340378    0.042630805
    2.760000000    0.044517720    0.038536779    0.043172387
    2.770000000    0.043416940    0.038056720    0.043529382
    2.780000000    0.042442750    0.038097857    0.043366295
    2.790000000    0.041782586    0.038636511    0.042537057
    2.800000000    0.041417779    0.039458731    0.041221748
    2.810000000    0.041248064    0.040233046    0.039719087
    2.820000000    0.041116433    0.040594664    0.038250776
    2.830000000    0.040827313    0.040302142    0.037017115
    2.840000000    0.040291384    0.039433996    0.036266184
    2.850000000    0.039642712    0.038394931    0.036186829
    2.860000000    0.039120922    0.037658924    0.036757132
    2.870000000    0.038868102    0.037504685    0.037675256
    2.880000000    0.038884419    0.037931007    0.038416221
    2.890000000    0.039096463    0.038701049    0.038487107
    2.900000000    0.039414066    0.039473045    0.037767741
    2.910000000    0.039795801    0.040014726    0.036545659
    2.920000000    0.040285911    0.040337542    0.035196426
    2.930000000    0.040910601    0.040578254    0.033967179
    2.940000000    0.041545083    0.040787785    0.033038930
    2.950000000    0.041961170    0.040892911    0.032592525
    2.960000000    0.042009373    0.040817217    0.032735116
    2.970000000    0.041707881    0.040590013    0.033424350
    2.980000000    0.041173071    0.040352246    0.034511017
    2.990000000    0.040553188    0.040291029    0.035885635
    3.000000000    0.040014172    0.040543586    0.037588397
    3.010000000    0.039696378    0.041109451    0.039724693
    3.020000000    0.039670659    0.041839982    0.042238015
    3.030000000    0.039919684    0.042483876    0.044774650
    3.040000000    0.040320382    0.042755686    0.046802079
    3.050000000    0.040680677    0.042482529    0.047943309
    3.060000000    0.040858543    0.041760453    0.048225727
    3.070000000    0.040883606    0.040930610    0.047901685
    3.080000000    0.040963613    0.040385842    0.047067013
    3.090000000    0.041323427    0.040386310    0.045668913
    3.100000000    0.042027310    0.040985426    0.043874943
    3.110000000    0.042965400    0.042048910    0.042189604
    3.120000000    0.043976276    0.043332807    0.041166341
    3.130000000    0.044952692    0.044595816    0.041132828
    3.140000000    0.045831027    0.045671471    0.042130330
    3.150000000    0.046532816    0.046461774    0.043946782
    3.160000000    0.046963875    0.046923679    0.046131775
    3.170000000    0.047045485    0.047085349    0.048047962
    3.180000000    0.046770873    0.047074687    0.049109999
    3.190000000    0.046259513    0.047107512    0.049092896
    3.200000000    0.045677635    0.047338732    0.048133682
    3.210000000    0.045071370    0.047671394    0.046474218
    3.220000000    0.044364410    0.047784543    0.044389906
    3.230000000    0.043548137    0.047423074    0.042309716
    3.240000000    0.042762994    0.046634451    0.040760091
    3.250000000    0.042179075    0.045704360    0.040153298
    3.260000000    0.041892716    0.044942698    0.040667374
    3.270000000    0.041888773    0.044530859    0.042229743
    3.280000000    0.042007197    0.044468969    0.044510188
    3.290000000    0.042030834    0.044666390    0.046924511
    3.300000000    0.041907727    0.045119325    0.048731049
    3.310000000    0.041808773    0.045921996    0.049292060
    3.320000000    0.041909468    0.047050671    0.048417545
    3.330000000    0.042222807    0.048224585    0.046477009
    3.340000000    0.042693591    0.049056444    0.044137511
    3.350000000    0.043356476    0.049316900    0.042036413
    3.360000000    0.044320776    0.049030901    0.040614792
    3.370000000    0.045635063    0.048379283    0.040073229
    3.380000000    0.047194567    0.047531955    0.040397991
    3.390000000    0.048745387    0.046526523    0.041412722
    3.400000000    0.049983371    0.045284706    0.042826428
    3.410000000    0.050702793    0.043745238    0.044284354
    3.420000000    0.050867821    0.041964798    0.045456679
    3.430000000    0.050538681    0.040099436    0.046166307
    3.440000000    0.049783211    0.038329564    0.046418473
    3.450000000    0.048686475    0.036810119    0.046241434
    3.460000000    0.047370591    0.035650346    0.045566463
    3.470000000    0.045970696    0.034915092    0.044360180
    3.480000000    0.044587405    0.034627221    0.042819841
    3.490000000    0.043271605    0.034767248    0.041334972
    3.500000000    0.042106175    0.035289416    0.040277097
    3.510000000    0.041253115    0.036130082    0.039854354
    3.520000000    0.040867909    0.037219708    0.040078652
    3.530000000    0.041017384    0.038531247    0.040826188
    3.540000000    0.041680224    0.040091548    0.041946053
    3.550000000    0.042747741    0.041886257    0.043279289
    3.560000000    0.043983358    0.043766244    0.044588516
    3.570000000    0.045057668    0.045518168    0.045593483
    3.580000000    0.045746069    0.047064160    0.046136104
    3.590000000    0.046083410    0.048530974    0.046274145
    3.600000000    0.046235066    0.050047688    0.046237980
    3.610000000    0.046301161    0.051546619    0.046337975
    3.620000000    0.046347144    0.052841443    0.046821882
    3.630000000    0.046497335    0.053826145    0.047730333
    3.640000000    0.046873409    0.054539491    0.048854337
    3.650000000    0.047469209    0.055092332    0.049804621
    3.660000000    0.048107768    0.055554203    0.050177648
    3.670000000    0.048490557    0.055836144    0.049785315
    3.680000000    0.048316661    0.055653816    0.048769364
    3.690000000    0.047487062    0.054720704    0.047454672
    3.700000000    0.046243312    0.053058707    0.046175115
    3.710000000    0.045010904    0.051030028    0.045236064
    3.720000000    0.044108213    0.049056059    0.044861078
    3.730000000    0.043642732    0.047416777    0.045125377
    3.740000000    0.043579432    0.046247642    0.045966126
    3.750000000    0.043805440    0.045555921    0.047184470
    3.760000000    0.044178971    0.045230410    0.048407630
    3.770000000    0.044614424    0.045117876    0.049156971
    3.780000000    0.045137078    0.045118967    0.049086996
    3.790000000    0.045824748    0.045202532    0.048253732
    3.800000000    0.046686834    0.045336380    0.047136918
    3.810000000    0.047602050    0.045434938    0.046318188
    3.820000000    0.048363984    0.045399639    0.046146007
    3.830000000    0.048775790    0.045193629    0.046659209
    3.840000000    0.048720800    0.044833587    0.047660739
    3.850000000    0.048205063    0.044334926    0.048820430
    3.860000000    0.047396869    0.043740993    0.049856424
    3.870000000    0.046614050    0.043178058    0.050672707
    3.880000000    0.046187080    0.042805852    0.051234325
    3.890000000    0.046285638    0.042722329    0.051405526
    3.900000000    0.046850355    0.042938238    0.051063240
    3.910000000    0.047660525    0.043425695    0.050305435
    3.920000000    0.048487156    0.044170901    0.049443610
    3.930000000    0.049188983    0.045146614    0.048767061
    3.940000000    0.049663209    0.046210474    0.048310069
    3.950000000    0.049773545    0.047077196    0.047850195
    3.960000000    0.049393350    0.047459372    0.047107371
    3.970000000    0.048513073    0.047262372    0.045923173
    3.980000000    0.047275443    0.046626736    0.044339786
    3.990000000    0.045900961    0.045792450    0.042595276
    4.000000000    0.044584695    0.044962026    0.040993230
    4.010000000    0.043448396    0.044266402    0.039733861
    4.020000000    0.042554425    0.043799003    0.038866121
    4.030000000    0.041926653    0.043627944    0.038374557
    4.040000000    0.041550097    0.043747272    0.038277497
    4.050000000    0.041360800    0.044041671    0.038603643
    4.060000000    0.041259357    0.044333783    0.039287475
    4.070000000    0.041169484    0.044469706    0.040173121
    4.080000000    0.041118429    0.044378488    0.041169057
    4.090000000    0.041272175    0.044127814    0.042355837
    4.100000000    0.041856670    0.043943494    0.043890640
    4.110000000    0.043006949    0.044086816    0.045829661
    4.120000000    0.044667571    0.044659022    0.048040617
    4.130000000    0.046593000    0.045519225    0.050216717
    4.140000000    0.048430686    0.046384086    0.052012977
    4.150000000    0.049863431    0.047027274    0.053260243
    4.160000000    0.050735643    0.047397172    0.053988081
    4.170000000    0.051078993    0.047565824    0.054222626
    4.180000000    0.051039854    0.047631909    0.053893251
    4.190000000    0.050771534    0.047670268    0.052972853
    4.200000000    0.050349250    0.047685916    0.051636020
    4.210000000    0.049738835    0.047564246    0.050202974
    4.220000000    0.048851418    0.047100755    0.048949483
    4.230000000    0.047654259    0.046150592    0.048029010
    4.240000000    0.046256973    0.044798116    0.047494162
    4.250000000    0.044927005    0.043382280    0.047306141
    4.260000000    0.043978999    0.042328646    0.047364896
    4.270000000    0.043585729    0.041939278    0.047587449
    4.280000000    0.043694676    0.042308819    0.047961251
    4.290000000    0.044117878    0.043371646    0.048496020
    4.300000000    0.044680740    0.044980061    0.049105103
    4.310000000    0.045297031    0.046946723    0.049549293
    4.320000000    0.045954003    0.049076977    0.049552072
    4.330000000    0.046655994    0.051208543    0.049035994
    4.340000000    0.047332325    0.053175267    0.048232175
    4.350000000    0.047780500    0.054717470    0.047506961
    4.360000000    0.047774514    0.055530217    0.047100128
    4.370000000    0.047243396    0.055442642    0.047018843
    4.380000000    0.046294349    0.054507981    0.047093627
    4.390000000    0.045114405    0.052961907    0.047102166
    4.400000000    0.043903452    0.051141877    0.046903390
    4.410000000    0.042813916    0.049341428    0.046505008
    4.420000000    0.041893999    0.047664855    0.046012317
    4.430000000    0.041125176    0.046069389    0.045507656
    4.440000000    0.040535991    0.044561162    0.044982979
    4.450000000    0.040262196    0.043301660    0.044437390
    4.460000000    0.040479081    0.042511163    0.044024087
    4.470000000    0.041281431    0.042304065    0.043995811
    4.480000000    0.042622557    0.042616942    0.044500605
    4.490000000    0.044333659    0.043249623    0.045485099
    4.500000000    0.046195079    0.043947387    0.046750199
    4.510000000    0.048010611    0.044469029    0.048021492
    4.520000000    0.049622325    0.044639770    0.048982743
    4.530000000    0.050889632    0.044391895    0.049345771
    4.540000000    0.051702253    0.043757383    0.048974150
    4.550000000    0.051980870    0.042803874    0.047943869
    4.560000000    0.051649082    0.041603699    0.046467410
    4.570000000    0.050678168    0.040272127    0.044769723
    4.580000000    0.049174528    0.038968008    0.043043118
    4.590000000    0.047360906    0.037818358    0.041472238
    4.600000000    0.045455593    0.036868105    0.040223386
    4.610000000    0.043595842    0.036116373    0.039402061
    4.620000000    0.041870263    0.035588986    0.039024126
    4.630000000    0.040386631    0.035371040    0.039012432
    4.640000000    0.039279108    0.035569331    0.039254385
    4.650000000    0.038651342    0.036241711    0.039699934
    4.660000000    0.038527025    0.037362109    0.040389140
    4.670000000    0.038863678    0.038857860    0.041379539
    4.680000000    0.039600129    0.040667362    0.042670254
    4.690000000    0.040656083    0.042724076    0.044175602
    4.700000000    0.041908003    0.044896479    0.045742595
    4.710000000    0.043217627    0.046994225    0.047185503
    4.720000000    0.044466587    0.048829573    0.048307273
    4.730000000    0.045544525    0.050252519    0.048943508
    4.740000000    0.046358099    0.051178538    0.049062370
    4.750000000    0.046887433    0.051641022    0.048838334
    4.760000000    0.047201189    0.051793870    0.048583936
    4.770000000    0.047388742    0.051810236    0.048554839
    4.780000000    0.047476249    0.051748518    0.048766382
    4.790000000    0.047404313    0.051513438    0.048967032
    4.800000000    0.047076911    0.050955288    0.048805538
    4.810000000    0.046434653    0.050022346    0.048072738
    4.820000000    0.045510610    0.048824118    0.046859976
    4.830000000    0.044454025    0.047558546    0.045532179
    4.840000000    0.043500402    0.046411538    0.044507732
    4.850000000    0.042883286    0.045526258    0.044025869
    4.860000000    0.042735076    0.044998132    0.044058992
    4.870000000    0.043037514    0.044824682    0.044364480
    4.880000000    0.043636937    0.044861183    0.044657141
    4.890000000    0.044285323    0.044857824    0.044802311
    4.900000000    0.044700660    0.044573389    0.044845583
    4.910000000    0.044677006    0.043909132    0.044876669
    4.920000000    0.044191618    0.042963586    0.044903296
    4.930000000    0.043402597    0.041954603    0.044859915
    4.940000000    0.042545479    0.041089188    0.044732811
    4.950000000    0.041829925    0.040482768    0.044629772
    4.960000000    0.041384447    0.040152856    0.044670897
    4.970000000    0.041243333    0.040061691    0.044861420
    4.980000000    0.041366003    0.040165379    0.045113669
    4.990000000    0.041677401    0.040441983    0.045322134
    5.000000000    0.042110627    0.040895123    0.045387733
    5.010000000    0.042637005    0.041544699    0.045240124
    5.020000000    0.043278983    0.042414883    0.044889236
    5.030000000    0.044087125    0.043509090    0.044429960
    5.040000000    0.045077122    0.044774185    0.043967931
    5.050000000    0.046163765    0.046077366    0.043561269
    5.060000000    0.047153854    0.047229408    0.043231514
    5.070000000    0.047831004    0.048065547    0.042978606
    5.080000000    0.048072131    0.048516255    0.042748759
    5.090000000    0.047913898    0.048616379    0.042410834
    5.100000000    0.047535410    0.048482127    0.041817763
    5.110000000    0.047155592    0.048245864    0.040901983
    5.120000000    0.046924393    0.047963642    0.039707162
    5.130000000    0.046913938    0.047630570    0.038364138
    5.140000000    0.047156853    0.047296184    0.037049172
    5.150000000    0.047636539    0.047088476    0.035928475
    5.160000000    0.048286169    0.047117946    0.035120459
    5.170000000    0.049052136    0.047409252    0.034692748
    5.180000000    0.049931502    0.047905381    0.034648088
    5.190000000    0.050911794    0.048490066    0.034889193
    5.200000000    0.051888803    0.049019780    0.035229411
    5.210000000    0.052685293    0.049392641    0.035489607
    5.220000000    0.053183148    0.049625399    0.035606022
    5.230000000    0.053413698    0.049852329    0.035651823
    5.240000000    0.053484997    0.050218111    0.035779231
    5.250000000    0.053458686    0.050758210    0.036144982
    5.260000000    0.053318298    0.051360898    0.036849853
    5.270000000    0.053019489    0.051822636    0.037891355
    5.280000000    0.052556064    0.051965890    0.039140044
    5.290000000    0.051987321    0.051752704    0.040384245
    5.300000000    0.051411504    0.051308643    0.041456393
    5.310000000    0.050928041    0.050844910    0.042335157
    5.320000000    0.050617301    0.050553650    0.043098643
    5.330000000    0.050522117    0.050544011    0.043787191
    5.340000000    0.050626773    0.050828226    0.044337226
    5.350000000    0.050841531    0.051323553    0.044628515
    5.360000000    0.051038162    0.051887387    0.044585160
    5.370000000    0.051154150    0.052421970    0.044240125
    5.380000000    0.051249475    0.052957433    0.043689854
    5.390000000    0.051451456    0.053617883    0.042994956
    5.400000000    0.051864433    0.054512129    0.042151920
    5.410000000    0.052511722    0.055649045    0.041156902
    5.420000000    0.053334334    0.056930978    0.040083541
    5.430000000    0.054245061    0.058208515    0.039079144
    5.440000000    0.055196994    0.059358502    0.038292805
    5.450000000    0.056203562    0.060332002    0.037828341
    5.460000000    0.057293791    0.061136580    0.037728247
    5.470000000    0.058465191    0.061798312    0.037966439
    5.480000000    0.059681766    0.062356225    0.038470152
    5.490000000    0.060897591    0.062868801    0.039158441
    5.500000000    0.062068216    0.063393448    0.039959287
    5.510000000    0.063144499    0.063959586    0.040824854
    5.520000000    0.064081213    0.064580884    0.041761268
    5.530000000    0.064878135    0.065298229    0.042820490
    5.540000000    0.065624029    0.066196749    0.044040757
    5.550000000    0.066482410    0.067358492    0.045396014
    5.560000000    0.067597912    0.068786835    0.046796491
    5.570000000    0.068992635    0.070366569    0.048127828
    5.580000000    0.070551055    0.071888604    0.049299931
    5.590000000    0.072113182    0.073139970    0.050286296
    5.600000000    0.073576095    0.074007321    0.051136825
    5.610000000    0.074922627    0.074524598    0.051956491
    5.620000000    0.076195019    0.074841936    0.052849542
    5.630000000    0.077428422    0.075122256    0.053867328
    5.640000000    0.078562097    0.075419538    0.055005523
    5.650000000    0.079405713    0.075619414    0.056208960
    5.660000000    0.079727064    0.075506405    0.057343880
    5.670000000    0.079435193    0.074970545    0.058211398
    5.680000000    0.078700245    0.074175051    0.058662884
    5.690000000    0.077852140    0.073452228    0.058720117
    5.700000000    0.077161405    0.073040991    0.058587201
    5.710000000    0.076727075    0.072968712    0.058547766
    5.720000000    0.076507543    0.073116263    0.058799560
    5.730000000    0.076415200    0.073334942    0.059355646
    5.740000000    0.076395523    0.073544035    0.060093520
    5.750000000    0.076433834    0.073772216    0.060854991
    5.760000000    0.076532128    0.074137168    0.061491958
    5.770000000    0.076726746    0.074790197    0.061901970
    5.780000000    0.077103534    0.075834493    0.062096049
    5.790000000    0.077743717    0.077255456    0.062213142
    5.800000000    0.078661586    0.078925169    0.062432438
    5.810000000    0.079808668    0.080671626    0.062868871
    5.820000000    0.081111379    0.082360579    0.063532245
    5.830000000    0.082491586    0.083949924    0.064358302
    5.840000000    0.083901310    0.085503771    0.065296432
    5.850000000    0.085371803    0.087148868    0.066382123
    5.860000000    0.086981610    0.088960442    0.067683485
    5.870000000    0.088722760    0.090840162    0.069156863
    5.880000000    0.090386451    0.092490681    0.070593407
    5.890000000    0.091578825    0.093528906    0.071739346
    5.900000000    0.091923145    0.093715096    0.072483800
    5.910000000    0.091364230    0.093156995    0.072949236
    5.920000000    0.090254936    0.092258047    0.073406537
    5.930000000    0.089083662    0.091428067    0.074111334
    5.940000000    0.088159958    0.090850995    0.075191998
    5.950000000    0.087562968    0.090489380    0.076608970
    5.960000000    0.087287631    0.090236684    0.078213026
    5.970000000    0.087312832    0.089986222    0.079879862
    5.980000000    0.087495005    0.089551323    0.081546801
    5.990000000    0.087509859    0.088665114    0.083113414
    6.000000000    0.087035045    0.087187259    0.084406077
    6.010000000    0.086020192    0.085278622    0.085293220
    6.020000000    0.084719578    0.083304954    0.085812573
    6.030000000    0.083469534    0.081603996    0.086158805
    6.040000000    0.082520662    0.080379439    0.086549591
    6.050000000    0.082027163    0.079726858    0.087084478
    6.060000000    0.082032700    0.079653011    0.087697055
    6.070000000    0.082433438    0.080074415    0.088258089
    6.080000000    0.083004607    0.080827756    0.088709251
    6.090000000    0.083485201    0.081684811    0.089035092
    6.100000000    0.083674694    0.082395521    0.089131702
    6.110000000    0.083515176    0.082778577    0.088813855
    6.120000000    0.083113480    0.082789130    0.087983956
    6.130000000    0.082665200    0.082500519    0.086738322
    6.140000000    0.082324755    0.082038095    0.085312782
    6.150000000    0.082117936    0.081521016    0.083954601
    6.160000000    0.081973093    0.081047577    0.082815152
    6.170000000    0.081841398    0.080715370    0.081963355
    6.180000000    0.081770354    0.080613534    0.081495152
    6.190000000    0.081839136    0.080769784    0.081537559
    6.200000000    0.082045734    0.081131892    0.082147467
    6.210000000    0.082275471    0.081607111    0.083279021
    6.220000000    0.082373366    0.082104832    0.084812028
    6.230000000    0.082255808    0.082567590    0.086581137
    6.240000000    0.081963047    0.082984788    0.088418640
    6.250000000    0.081614422    0.083376901    0.090199724
    6.260000000    0.081320202    0.083769900    0.091855051
    6.270000000    0.081122784    0.084171289    0.093345928
    6.280000000    0.081000932    0.084554520    0.094642363
    6.290000000    0.080939316    0.084889743    0.095712651
    6.300000000    0.081005269    0.085194780    0.096491081
    6.310000000    0.081347777    0.085539804    0.096871742
    6.320000000    0.082114983    0.086007709    0.096792914
    6.330000000    0.083355931    0.086647205    0.096341745
    6.340000000    0.084973482    0.087457170    0.095773813
    6.350000000    0.086765468    0.088410611    0.095441729
    6.360000000    0.088517272    0.089471313    0.095679596
    6.370000000    0.090058187    0.090563662    0.096670533
    6.380000000    0.091266826    0.091539871    0.098320019
    6.390000000    0.092088005    0.092216310    0.100209329
    6.400000000    0.092564387    0.092474334    0.101749751
    6.410000000    0.092819351    0.092353264    0.102520351
    6.420000000    0.093002005    0.092064256    0.102491626
    6.430000000    0.093248607    0.091893630    0.101900581
    6.440000000    0.093646448    0.092053176    0.101018093
    6.450000000    0.094191513    0.092591887    0.100068526
    6.460000000    0.094788412    0.093411264    0.099222527
    6.470000000    0.095318118    0.094338170    0.098572317
    6.480000000    0.095752610    0.095233007    0.098118504
    6.490000000    0.096220410    0.096094996    0.097817026
    6.500000000    0.096921477    0.097052856    0.097646312
    6.510000000    0.097979707    0.098245585    0.097630364
    6.520000000    0.099389790    0.099739404    0.097820380
    6.530000000    0.101052115    0.101526003    0.098251236
    6.540000000    0.102822187    0.103535893    0.098922590
    6.550000000    0.104558881    0.105641628    0.099834203
    6.560000000    0.106163861    0.107668151    0.100993476
    6.570000000    0.107559073    0.109392075    0.102332434
    6.580000000    0.108637254    0.110553266    0.103673494
    6.590000000    0.109315962    0.110968571    0.104884850
    6.600000000    0.109647062    0.110692526    0.106027255
    6.610000000    0.109801139    0.110019664    0.107246584
    6.620000000    0.109927594    0.109289026    0.108593145
    6.630000000    0.110060447    0.108690007    0.109999785
    6.640000000    0.110160625    0.108221935    0.111301989
    6.650000000    0.110230026    0.107796516    0.112232554
    6.660000000    0.110367714    0.107377631    0.112547731
    6.670000000    0.110704588    0.107030407    0.112276432
    6.680000000    0.111288602    0.106847847    0.111793610
    6.690000000    0.112033249    0.106860707    0.111597246
    6.700000000    0.112781844    0.107044717    0.112016057
    6.710000000    0.113434794    0.107390428    0.113025808
    6.720000000    0.114019656    0.107925876    0.114225104
    6.730000000    0.114642559    0.108671986    0.115039275
    6.740000000    0.115376228    0.109603229    0.115074038
    6.750000000    0.116215345    0.110668321    0.114332288
    6.760000000    0.117150939    0.111855944    0.113185834
    6.770000000    0.118245786    0.113236986    0.112199781
    6.780000000    0.119587830    0.114902658    0.111891520
    6.790000000    0.121189994    0.116849586    0.112525653
    6.800000000    0.122984881    0.118957824    0.114015489
    6.810000000    0.124868137    0.121062700    0.115968205
    6.820000000    0.126656409    0.123000105    0.117844955
    6.830000000    0.128049414    0.124602184    0.119154074
    6.840000000    0.128749792    0.125731331    0.119642413
    6.850000000    0.128682402    0.126401695    0.119380911
    6.860000000    0.128104233    0.126864397    0.118651440
    6.870000000    0.127475584    0.127482737    0.117775060
    6.880000000    0.127200259    0.128486847    0.117022034
    6.890000000    0.127441854    0.129857115    0.116551687
    6.900000000    0.128102519    0.131404759    0.116353852
    6.910000000    0.128897142    0.132885529    0.116256977
    6.920000000    0.129484591    0.134059826    0.116035233
    6.930000000    0.129647065    0.134782857    0.115577071
    6.940000000    0.129378948    0.135089691    0.114989577
    6.950000000    0.128824466    0.135170118    0.114543265
    6.960000000    0.128171726    0.135251406    0.114519443
    6.970000000    0.127545078    0.135456958    0.115060009
    6.980000000    0.126935571    0.135735566    0.116100374
    6.990000000    0.126243540    0.135908239    0.117429064
    7.000000000    0.125395385    0.135773630    0.118791197
    7.010000000    0.124426985    0.135216719    0.119952479
    7.020000000    0.123469135    0.134272153    0.120736871
    7.030000000    0.122670175    0.133090090    0.121038095
    7.040000000    0.122144629    0.131834711    0.120820385
    7.050000000    0.121977982    0.130638226    0.120158589
    7.060000000    0.122231127    0.129644785    0.119267529
    7.070000000    0.122915568    0.129025436    0.118409771
    7.080000000    0.124007155    0.128932003    0.117749357
    7.090000000    0.125495212    0.129442860    0.117352340
    7.100000000    0.127375363    0.130521408    0.117314023
    7.110000000    0.129603518    0.132020037    0.117810109
    7.120000000    0.132070233    0.133710413    0.119022785
    7.130000000    0.134578062    0.135294730    0.121047546
    7.140000000    0.136808562    0.136448668    0.123808403
    7.150000000    0.138361000    0.136937351    0.127031817
    7.160000000    0.138918275    0.136682963    0.130354684
    7.170000000    0.138424877    0.135720187    0.133432824
    7.180000000    0.137122502    0.134168266    0.135962671
    7.190000000    0.135397278    0.132225739    0.137773521
    7.200000000    0.133592756    0.130123492    0.138963972
    7.210000000    0.131953931    0.128093988    0.139836355
    7.220000000    0.130624982    0.126345254    0.140647263
    7.230000000    0.129661795    0.125012797    0.141453566
    7.240000000    0.129100118    0.124136227    0.142196043
    7.250000000    0.128947666    0.123635942    0.142872420
    7.260000000    0.129067977    0.123287150    0.143541210
    7.270000000    0.129156990    0.122790089    0.144154136
    7.280000000    0.128902018    0.121939815    0.144448389
    7.290000000    0.128173112    0.120746599    0.144066899
    7.300000000    0.127067958    0.119399128    0.142879278
    7.310000000    0.125768949    0.118073748    0.141140523
    7.320000000    0.124373079    0.116766555    0.139255264
    7.330000000    0.122876781    0.115356851    0.137517706
    7.340000000    0.121277732    0.113797708    0.136078772
    7.350000000    0.119648933    0.112190554    0.134962464
    7.360000000    0.118120458    0.110707476    0.134092901
    7.370000000    0.116802567    0.109479397    0.133407765
    7.380000000    0.115723263    0.108556527    0.132953584
    7.390000000    0.114858045    0.107964797    0.132815201
    7.400000000    0.114229399    0.107789665    0.132950254
    7.410000000    0.113910078    0.108171403    0.133166935
    7.420000000    0.113905287    0.109194308    0.133281484
    7.430000000    0.114105484    0.110801663    0.133258217
    7.440000000    0.114364074    0.112803673    0.133200650
    7.450000000    0.114572793    0.114916476    0.133254637
    7.460000000    0.114692175    0.116829061    0.133538185
    7.470000000    0.114756009    0.118309830    0.134115275
    7.480000000    0.114827784    0.119273596    0.134967285
    7.490000000    0.114931223    0.119762503    0.135997590
    7.500000000    0.115016119    0.119869755    0.137116004
    7.510000000    0.114969850    0.119661694    0.138303713
    7.520000000    0.114637561    0.119142210    0.139544234
    7.530000000    0.113860081    0.118272245    0.140695074
    7.540000000    0.112583828    0.117048298    0.141488430
    7.550000000    0.110962417    0.115583485    0.141707655
    7.560000000    0.109276403    0.114083008    0.141375612
    7.570000000    0.107750152    0.112732125    0.140746305
    7.580000000    0.106487146    0.111633713    0.140123780
    7.590000000    0.105510831    0.110827636    0.139752772
    7.600000000    0.104787677    0.110303527    0.139828208
    7.610000000    0.104250844    0.109991847    0.140485426
    7.620000000    0.103863896    0.109806296    0.141747271
    7.630000000    0.103656421    0.109715339    0.143476223
    7.640000000    0.103692786    0.109742982    0.145385871
    7.650000000    0.104037030    0.109924871    0.147136918
    7.660000000    0.104745842    0.110294536    0.148436099
    7.670000000    0.105828747    0.110850384    0.149107454
    7.680000000    0.107159484    0.111472466    0.149156357
    7.690000000    0.108467379    0.111907803    0.148705861
    7.700000000    0.109489796    0.111917053    0.147826185
    7.710000000    0.110121040    0.111434056    0.146474448
    7.720000000    0.110396267    0.110552232    0.144583057
    7.730000000    0.110433041    0.109443119    0.142193063
    7.740000000    0.110418552    0.108318182    0.139503206
    7.750000000    0.110526443    0.107357255    0.136748148
    7.760000000    0.110794835    0.106635559    0.134053721
    7.770000000    0.111121902    0.106145933    0.131475504
    7.780000000    0.111367259    0.105862673    0.129136881
    7.790000000    0.111447522    0.105775652    0.127242279
    7.800000000    0.111355458    0.105895394    0.125959815
    7.810000000    0.111117873    0.106240290    0.125309576
    7.820000000    0.110780276    0.106813568    0.125127264
    7.830000000    0.110437078    0.107587878    0.125137515
    7.840000000    0.110228541    0.108523251    0.125113991
    7.850000000    0.110257355    0.109591766    0.124982356
    7.860000000    0.110528111    0.110773719    0.124781490
    7.870000000    0.111025611    0.112054502    0.124601225
    7.880000000    0.111830928    0.113455193    0.124567900
    7.890000000    0.113091729    0.115054679    0.124812423
    7.900000000    0.114872085    0.116933239    0.125419990
    7.910000000    0.117079245    0.119070137    0.126410379
    7.920000000    0.119535636    0.121289699    0.127776236
    7.930000000    0.122082110    0.123316708    0.129568129
    7.940000000    0.124622494    0.124927299    0.131941398
    7.950000000    0.127077296    0.126054875    0.135080752
    7.960000000    0.129313904    0.126785125    0.139056856
    7.970000000    0.131184410    0.127325008    0.143764814
    7.980000000    0.132627502    0.127941218    0.148983991
    7.990000000    0.133662938    0.128798017    0.154481421
    8.000000000    0.134317420    0.129813560    0.160074395
    8.010000000    0.134656667    0.130759562    0.165575696
    8.020000000    0.134889812    0.131556616    0.170701618
    8.030000000    0.135362904    0.132429114    0.175094752
    8.040000000    0.136422286    0.133770797    0.178403894
    8.050000000    0.138290584    0.135901544    0.180367855
    8.060000000    0.141019897    0.138915462    0.180964968
    8.070000000    0.144457833    0.142669908    0.180523802
    8.080000000    0.148204587    0.146852687    0.179620403
    8.090000000    0.151696797    0.151091115    0.178853133
    8.100000000    0.154460551    0.155075728    0.178680170
    8.110000000    0.156328165    0.158629056    0.179315599
    8.120000000    0.157468040    0.161725508    0.180674157
    8.130000000    0.158270381    0.164480825    0.182442270
    8.140000000    0.159113978    0.167028671    0.184244646
    8.150000000    0.160102803    0.169324619    0.185789621
    8.160000000    0.161041000    0.171114365    0.186934177
    8.170000000    0.161695407    0.172139846    0.187701276
    8.180000000    0.162004619    0.172348847    0.188280603
    8.190000000    0.162058578    0.171931752    0.188941288
    8.200000000    0.162035534    0.171261894    0.189850471
    8.210000000    0.162170455    0.170789819    0.190957638
    8.220000000    0.162672077    0.170855453    0.192076581
    8.230000000    0.163633558    0.171525114    0.193094319
    8.240000000    0.165001403    0.172599245    0.194057577
    8.250000000    0.166619099    0.173784322    0.195084659
    8.260000000    0.168349330    0.174879019    0.196302697
    8.270000000    0.170180164    0.175828833    0.197845070
    8.280000000    0.172272020    0.176728129    0.199844512
    8.290000000    0.174954072    0.177848364    0.202413257
    8.300000000    0.178591262    0.179569439    0.205563966
    8.310000000    0.183366807    0.182176808    0.209147154
    8.320000000    0.189158485    0.185642172    0.212889984
    8.330000000    0.195578094    0.189575555    0.216468339
    8.340000000    0.202140493    0.193485685    0.219631552
    8.350000000    0.208475521    0.197180525    0.222375819
    8.360000000    0.214411849    0.200861537    0.224965962
    8.370000000    0.219849419    0.204751336    0.227685500
    8.380000000    0.224534326    0.208637394    0.230539454
    8.390000000    0.227967101    0.211799760    0.233248144
    8.400000000    0.229613384    0.213446115    0.235535424
    8.410000000    0.229227894    0.213243895    0.237400843
    8.420000000    0.226965457    0.211443352    0.239118673
    8.430000000    0.223285217    0.208634596    0.241058554
    8.440000000    0.218751573    0.205396804    0.243527284
    8.450000000    0.213815863    0.202036011    0.246665513
    8.460000000    0.208758147    0.198615064    0.250386141
    8.470000000    0.203779986    0.195174267    0.254383972
    8.480000000    0.199059299    0.191818194    0.258273287
    8.490000000    0.194722922    0.188627520    0.261733360
    8.500000000    0.190840663    0.185641644    0.264618251
    8.510000000    0.187424665    0.182910027    0.267050329
    8.520000000    0.184397822    0.180471105    0.269275995
    8.530000000    0.181622048    0.178341303    0.271432388
    8.540000000    0.178982330    0.176532232    0.273587655
    8.550000000    0.176419726    0.174995367    0.275822808
    8.560000000    0.173924310    0.173581065    0.278081052
    8.570000000    0.171515493    0.172125404    0.280051463
    8.580000000    0.169190295    0.170576090    0.281366993
    8.590000000    0.166909726    0.169028828    0.281929855
    8.600000000    0.164657184    0.167642804    0.281962039
    8.610000000    0.162479598    0.166511156    0.281737239
    8.620000000    0.160490525    0.165635998    0.281325214
    8.630000000    0.158814305    0.164992556    0.280500082
    8.640000000    0.157443554    0.164512799    0.278821572
    8.650000000    0.156170560    0.164013917    0.275928331
    8.660000000    0.154692843    0.163228318    0.271807114
    8.670000000    0.152787408    0.161943993    0.266836592
    8.680000000    0.150422152    0.160114756    0.261714244
    8.690000000    0.147731837    0.157830538    0.257303694
    8.700000000    0.144922194    0.155231992    0.254314683
    8.710000000    0.142220424    0.152499419    0.252957739
    8.720000000    0.139862043    0.149872317    0.252867057
    8.730000000    0.138042622    0.147590389    0.253279357
    8.740000000    0.136842852    0.145782187    0.253311470
    8.750000000    0.136182991    0.144414100    0.252287520
    8.760000000    0.135847478    0.143339218    0.250007094
    8.770000000    0.135596113    0.142402397    0.246783056
    8.780000000    0.135303248    0.141538898    0.243230737
    8.790000000    0.135013819    0.140819763    0.239921691
    8.800000000    0.134882185    0.140418167    0.237079507
    8.810000000    0.135056908    0.140503818    0.234595168
    8.820000000    0.135599244    0.141137531    0.232368869
    8.830000000    0.136479793    0.142242876    0.230581003
    8.840000000    0.137608326    0.143646886    0.229648433
    8.850000000    0.138871640    0.145151235    0.229983771
    8.860000000    0.140206294    0.146629355    0.231704959
    8.870000000    0.141644832    0.148091370    0.234420027
    8.880000000    0.143282154    0.149650611    0.237313141
    8.890000000    0.145196366    0.151417802    0.239522086
    8.900000000    0.147363792    0.153385813    0.240492557
    8.910000000    0.149626065    0.155377751    0.240137624
    8.920000000    0.151752427    0.157116518    0.238766183
    8.930000000    0.153545924    0.158363212    0.236810283
    8.940000000    0.154898794    0.159001831    0.234590576
    8.950000000    0.155797982    0.159054406    0.232297773
    8.960000000    0.156329727    0.158668855    0.230066987
    8.970000000    0.156664029    0.158067300    0.227969832
    8.980000000    0.157016110    0.157484139    0.225983279
    8.990000000    0.157615728    0.157143344    0.224092292
    9.000000000    0.158667031    0.157253255    0.222382415
    9.010000000    0.160286958    0.157966287    0.220904397
    9.020000000    0.162446373    0.159298306    0.219522319
    9.030000000    0.164953854    0.161095487    0.217996863
    9.040000000    0.167524370    0.163104048    0.216133576
    9.050000000    0.169898053    0.165063752    0.213809224
    9.060000000    0.171917499    0.166770242    0.211015251
    9.070000000    0.173553040    0.168126688    0.207988020
    9.080000000    0.174873315    0.169119026    0.205205110
    9.090000000    0.175929723    0.169687112    0.203161831
    9.100000000    0.176671314    0.169683455    0.202135151
    9.110000000    0.177029655    0.169031079    0.202076324
    9.120000000    0.177042807    0.167862729    0.202619089
    9.130000000    0.176807578    0.166429530    0.203201757
    9.140000000    0.176326609    0.164890583    0.203275313
    9.150000000    0.175497757    0.163257072    0.202502679
    9.160000000    0.174275543    0.161533464    0.200852582
    9.170000000    0.172785465    0.159841497    0.198570880
    9.180000000    0.171286406    0.158415023    0.196046516
    9.190000000    0.170058952    0.157511263    0.193625408
    9.200000000    0.169315685    0.157314172    0.191478133
    9.210000000    0.169147256    0.157888432    0.189558839
    9.220000000    0.169460533    0.159160943    0.187654659
    9.230000000    0.169961679    0.160904777    0.185524791
    9.240000000    0.170279460    0.162770914    0.183063905
    9.250000000    0.170173856    0.164390462    0.180389027
    9.260000000    0.169651903    0.165501264    0.177827051
    9.270000000    0.168906274    0.166042816    0.175821723
    9.280000000    0.168179486    0.166171473    0.174770565
    9.290000000    0.167665275    0.166160686    0.174841998
    9.300000000    0.167449697    0.166238617    0.175880672
    9.310000000    0.167491402    0.166492836    0.177473576
    9.320000000    0.167684916    0.166902009    0.179136031
    9.330000000    0.167962206    0.167416752    0.180506903
    9.340000000    0.168327125    0.168004215    0.181475330
    9.350000000    0.168831264    0.168668402    0.182185215
    9.360000000    0.169533694    0.169448152    0.182887842
    9.370000000    0.170440209    0.170371003    0.183767080
    9.380000000    0.171481054    0.171413076    0.184899306
    9.390000000    0.172568321    0.172502912    0.186296632
    9.400000000    0.173648230    0.173557539    0.187917393
    9.410000000    0.174693504    0.174537358    0.189695536
    9.420000000    0.175668000    0.175476538    0.191616821
    9.430000000    0.176514714    0.176465299    0.193726840
    9.440000000    0.177197238    0.177607815    0.196051693
    9.450000000    0.177762375    0.178982945    0.198549888
    9.460000000    0.178329631    0.180613862    0.201128706
    9.470000000    0.178991410    0.182439695    0.203693199
    9.480000000    0.179764231    0.184338655    0.206213944
    9.490000000    0.180655776    0.186230637    0.208743841
    9.500000000    0.181734143    0.188151111    0.211391550
    9.510000000    0.183112118    0.190211992    0.214361695
    9.520000000    0.184894619    0.192519725    0.217992088
    9.530000000    0.187145504    0.195114757    0.222622994
    9.540000000    0.189846822    0.197913347    0.228357697
    9.550000000    0.192845875    0.200690649    0.234937466
    9.560000000    0.195919770    0.203226688    0.241829769
    9.570000000    0.198963920    0.205517114    0.248416392
    9.580000000    0.202059279    0.207750803    0.254116939
    9.590000000    0.205324406    0.210068653    0.258445950
    9.600000000    0.208723698    0.212400029    0.261076058
    9.610000000    0.211965714    0.214482173    0.261899113
    9.620000000    0.214560823    0.215989863    0.261117049
    9.630000000    0.216055274    0.216709541    0.259299147
    9.640000000    0.216276792    0.216635066    0.257256690
    9.650000000    0.215376154    0.215900784    0.255761317
    9.660000000    0.213688138    0.214670119    0.255306594
    9.670000000    0.211628523    0.213151421    0.256093333
    9.680000000    0.209697939    0.211709361    0.258188677
    9.690000000    0.208418997    0.210840022    0.261603122
    9.700000000    0.208140250    0.210934494    0.266215203
    9.710000000    0.208896571    0.212066125    0.271737308
    9.720000000    0.210500458    0.214066086    0.277773436
    9.730000000    0.212794671    0.216819085    0.283857357
    9.740000000    0.215793871    0.220395657    0.289496356
    9.750000000    0.219535385    0.224833182    0.294270847
    9.760000000    0.223795107    0.229829044    0.297870766
    9.770000000    0.228049232    0.234737593    0.300051430
    9.780000000    0.231760573    0.238930172    0.300728506
    9.790000000    0.234682169    0.242184797    0.300151671
    9.800000000    0.236936924    0.244723199    0.298828845
    9.810000000    0.238863267    0.246884927    0.297292987
    9.820000000    0.240780010    0.248830481    0.295937805
    9.830000000    0.242838086    0.250545062    0.294882497
    9.840000000    0.245034053    0.252054135    0.293997315
    9.850000000    0.247376894    0.253605395    0.293169485
    9.860000000    0.250014622    0.255595415    0.292466581
    9.870000000    0.253113043    0.258282788    0.292009830
    9.880000000    0.256624534    0.261589397    0.291802943
    9.890000000    0.260276292    0.265190439    0.291755773
    9.900000000    0.263834884    0.268772219    0.291780405
    9.910000000    0.267274202    0.272130605    0.291737722
    9.920000000    0.270654252    0.275078296    0.291396239
    9.930000000    0.274027043    0.277449285    0.290593948
    9.940000000    0.277475091    0.279203383    0.289374914
    9.950000000    0.281050708    0.280408453    0.287875911
    9.960000000    0.284603865    0.281069409    0.286090346
    9.970000000    0.287742002    0.281009327    0.283748771
    9.980000000    0.290042741    0.280006928    0.280467738
    9.990000000    0.291318460    0.278085034    0.276110293
   10.000000000    0.291678134    0.275628115    0.270991930
   10.010000000    0.291408752    0.273219973    0.265658247
   10.020000000    0.290796102    0.271332353    0.260493040
   10.030000000    0.289974464    0.270112521    0.255550047
   10.040000000    0.288955934    0.269449173    0.250683243
   10.050000000    0.287820684    0.269194604    0.245862383
   10.060000000    0.286794679    0.269303460    0.241385248
   10.070000000    0.286102861    0.269795616    0.237704856
   10.080000000    0.285795688    0.270637667    0.235016822
   10.090000000    0.285715337    0.271706845    0.233013261
   10.100000000    0.285591568    0.272906788    0.231024404
   10.110000000    0.285184051    0.274289253    0.228421519
   10.120000000    0.284377347    0.275981374    0.224942468
   10.130000000    0.283188173    0.277964871    0.220702785
   10.140000000    0.281702874    0.279933202    0.215944262
   10.150000000    0.280001426    0.281376552    0.210795719
   10.160000000    0.278160368    0.281864212    0.205263881
   10.170000000    0.276304734    0.281303731    0.199333091
   10.180000000    0.274559625    0.279933675    0.192985447
   10.190000000    0.272932092    0.278091114    0.186250717
   10.200000000    0.271317512    0.276042035    0.179341171
   10.210000000    0.269609536    0.273976486    0.172637309
   10.220000000    0.267742092    0.272026087    0.166442984
   10.230000000    0.265649150    0.270202386    0.160761600
   10.240000000    0.263251519    0.268333303    0.155347335
   10.250000000    0.260508773    0.266142890    0.149974708
   10.260000000    0.257445455    0.263424129    0.144630746
   10.270000000    0.254105278    0.260134279    0.139486492
   10.280000000    0.250487017    0.256364869    0.134777089
   10.290000000    0.246547409    0.252257724    0.130717787
   10.300000000    0.242285737    0.247932169    0.127464437
   10.310000000    0.237823242    0.243460818    0.125099532
   10.320000000    0.233397140    0.238906990    0.123620618
   10.330000000    0.229234201    0.234343506    0.122911777
   10.340000000    0.225381022    0.229792708    0.122739012
   10.350000000    0.221670891    0.225195470    0.122820136
   10.360000000    0.217899660    0.220518105    0.122937429
   10.370000000    0.214063838    0.215913624    0.123013655
   10.380000000    0.210424333    0.211732455    0.123098892
   10.390000000    0.207336268    0.208322562    0.123283147
   10.400000000    0.205033017    0.205818049    0.123611847
   10.410000000    0.203540360    0.204111593    0.124066256
   10.420000000    0.202703949    0.202964641    0.124594731
   10.430000000    0.202269530    0.202129964    0.125145191
   10.440000000    0.201991439    0.201416083    0.125674908
   10.450000000    0.201699184    0.200690843    0.126148683
   10.460000000    0.201290390    0.199888368    0.126546225
   10.470000000    0.200701743    0.199025560    0.126872143
   10.480000000    0.199903069    0.198185383    0.127147304
   10.490000000    0.198920719    0.197470662    0.127392812
   10.500000000    0.197842989    0.196943049    0.127625442
   10.510000000    0.196785510    0.196593444    0.127870114
   10.520000000    0.195841770    0.196365969    0.128182037
   10.530000000    0.195052688    0.196202263    0.128650198
   10.540000000    0.194444863    0.196101656    0.129375358
   10.550000000    0.194103421    0.196155077    0.130443394
   10.560000000    0.194183532    0.196502155    0.131898516
   10.570000000    0.194839428    0.197255112    0.133724268
   10.580000000    0.196122511    0.198439065    0.135846731
   10.590000000    0.197912490    0.199958050    0.138138849
   10.600000000    0.199908594    0.201584065    0.140424927
   10.610000000    0.201697585    0.202978182    0.142520108
   10.620000000    0.202906937    0.203784369    0.144296280
   10.630000000    0.203338230    0.203758427    0.145730735
   10.640000000    0.202944043    0.202805406    0.146896342
   10.650000000    0.201715768    0.200940933    0.147897279
   10.660000000    0.199673129    0.198294969    0.148825400
   10.670000000    0.196949756    0.195125101    0.149770455
   10.680000000    0.193827256    0.191782176    0.150841954
   10.690000000    0.190667803    0.188651312    0.152154138
   10.700000000    0.187801060    0.186070640    0.153751929
   10.710000000    0.185443975    0.184242783    0.155549197
   10.720000000    0.183685175    0.183185226    0.157376750
   10.730000000    0.182517465    0.182757178    0.159091368
   10.740000000    0.181882546    0.182761240    0.160633400
   10.750000000    0.181708450    0.183050923    0.162034986
   10.760000000    0.181926822    0.183545203    0.163397199
   10.770000000    0.182470473    0.184159078    0.164795669
   10.780000000    0.183276576    0.184763158    0.166169865
   10.790000000    0.184286658    0.185217499    0.167341570
   10.800000000    0.185426183    0.185429177    0.168176783
   10.810000000    0.186596897    0.185384567    0.168733425
   10.820000000    0.187695244    0.185134771    0.169264947
   10.830000000    0.188615519    0.184752644    0.170097193
   10.840000000    0.189264095    0.184333787    0.171474697
   10.850000000    0.189620896    0.184035419    0.173461206
   10.860000000    0.189753958    0.184030395    0.175940744
   10.870000000    0.189731053    0.184386367    0.178704766
   10.880000000    0.189543200    0.185031462    0.181528592
   10.890000000    0.189135243    0.185828624    0.184175506
   10.900000000    0.188487094    0.186632223    0.186420978
   10.910000000    0.187665295    0.187310258    0.188154874
   10.920000000    0.186809038    0.187795237    0.189427082
   10.930000000    0.186065068    0.188125658    0.190366454
   10.940000000    0.185515318    0.188400751    0.191084640
   10.950000000    0.185116564    0.188656527    0.191624338
   10.960000000    0.184705060    0.188779309    0.191943638
   10.970000000    0.184091227    0.188558598    0.191944141
   10.980000000    0.183138707    0.187819328    0.191495902
   10.990000000    0.181784550    0.186515675    0.190460281
   11.000000000    0.180076247    0.184766881    0.188808334
   11.010000000    0.178208281    0.182833117    0.186755130
   11.020000000    0.176457075    0.180989553    0.184688634
   11.030000000    0.175022964    0.179350178    0.182903034
   11.040000000    0.173942732    0.177828688    0.181411725
   11.050000000    0.173170920    0.176302866    0.180014577
   11.060000000    0.172699367    0.174783716    0.178522311
   11.070000000    0.172567471    0.173414172    0.176922142
   11.080000000    0.172778496    0.172352197    0.175342401
   11.090000000    0.173223858    0.171672935    0.173883713
   11.100000000    0.173701558    0.171347012    0.172515488
   11.110000000    0.174025521    0.171279566    0.171124624
   11.120000000    0.174137158    0.171379529    0.169625020
   11.130000000    0.174115047    0.171608551    0.168011482
   11.140000000    0.174063681    0.171951669    0.166310532
   11.150000000    0.173997908    0.172346864    0.164484039
   11.160000000    0.173863966    0.172695904    0.162426370
   11.170000000    0.173667013    0.172970611    0.160070231
   11.180000000    0.173520238    0.173267793    0.157443686
   11.190000000    0.173541327    0.173714220    0.154614384
   11.200000000    0.173739227    0.174327148    0.151636455
   11.210000000    0.174025167    0.174994155    0.148570415
   11.220000000    0.174306026    0.175574639    0.145522892
   11.230000000    0.174552846    0.175994405    0.142653639
   11.240000000    0.174795236    0.176264605    0.140143629
   11.250000000    0.175055014    0.176436197    0.138132933
   11.260000000    0.175298603    0.176533668    0.136651032
   11.270000000    0.175474647    0.176545977    0.135588061
   11.280000000    0.175585229    0.176484598    0.134727308
   11.290000000    0.175709669    0.176425200    0.133823779
   11.300000000    0.175965970    0.176479085    0.132718634
   11.310000000    0.176421662    0.176710864    0.131437494
   11.320000000    0.177008797    0.177062540    0.130164239
   11.330000000    0.177545044    0.177353546    0.129081100
   11.340000000    0.177876201    0.177392440    0.128248443
   11.350000000    0.177995514    0.177126025    0.127638380
   11.360000000    0.178014484    0.176666557    0.127203864
   11.370000000    0.178060633    0.176167602    0.126875268
   11.380000000    0.178216934    0.175693654    0.126531959
   11.390000000    0.178476806    0.175193919    0.126014212
   11.400000000    0.178714110    0.174571686    0.125189220
   11.410000000    0.178751361    0.173783389    0.124022144
   11.420000000    0.178476449    0.172876697    0.122588347
   11.430000000    0.177868827    0.171934885    0.121025369
   11.440000000    0.176938330    0.171003989    0.119471793
   11.450000000    0.175690917    0.170074265    0.118037379
   11.460000000    0.174171526    0.169118633    0.116810922
   11.470000000    0.172518122    0.168150958    0.115870921
   11.480000000    0.170941902    0.167257496    0.115267300
   11.490000000    0.169644798    0.166582076    0.115000511
   11.500000000    0.168738596    0.166262591    0.115029828
   11.510000000    0.168206236    0.166343612    0.115291731
   11.520000000    0.167944148    0.166753851    0.115705019
   11.530000000    0.167857539    0.167378002    0.116172729
   11.540000000    0.167907766    0.168134829    0.116598995
   11.550000000    0.168102175    0.169005303    0.116922220
   11.560000000    0.168470643    0.170005600    0.117153584
   11.570000000    0.169006017    0.171110544    0.117380945
   11.580000000    0.169610492    0.172210378    0.117708977
   11.590000000    0.170154472    0.173179841    0.118188429
   11.600000000    0.170597388    0.173986718    0.118811954
   11.610000000    0.170998673    0.174692227    0.119555138
   11.620000000    0.171414307    0.175341218    0.120375973
   11.630000000    0.171836289    0.175900798    0.121192303
   11.640000000    0.172217426    0.176316158    0.121931896
   11.650000000    0.172507961    0.176577334    0.122627635
   11.660000000    0.172677851    0.176716068    0.123425363
   11.670000000    0.172743850    0.176777772    0.124461707
   11.680000000    0.172782692    0.176812311    0.125736770
   11.690000000    0.172897630    0.176870329    0.127095267
   11.700000000    0.173168065    0.176998946    0.128300840
   11.710000000    0.173635811    0.177247370    0.129162186
   11.720000000    0.174317845    0.177662680    0.129659056
   11.730000000    0.175195080    0.178235471    0.129968587
   11.740000000    0.176164210    0.178834761    0.130343383
   11.750000000    0.177018944    0.179248774    0.130939788
   11.760000000    0.177571306    0.179357362    0.131748779
   11.770000000    0.177837693    0.179252757    0.132666442
   11.780000000    0.178024492    0.179131344    0.133590045
   11.790000000    0.178311355    0.179093563    0.134448658
   11.800000000    0.178710036    0.179103301    0.135209582
   11.810000000    0.179120239    0.179109737    0.135901550
   11.820000000    0.179471132    0.179152308    0.136616928
   11.830000000    0.179795602    0.179344797    0.137476327
   11.840000000    0.180205757    0.179788290    0.138580187
   11.850000000    0.180826262    0.180491828    0.139967077
   11.860000000    0.181722346    0.181346284    0.141609376
   11.870000000    0.182865020    0.182180576    0.143459873
   11.880000000    0.184138393    0.182850211    0.145476066
   11.890000000    0.185357872    0.183273831    0.147577882
   11.900000000    0.186338871    0.183447330    0.149644426
   11.910000000    0.187010752    0.183453708    0.151601160
   11.920000000    0.187455932    0.183409108    0.153476065
   11.930000000    0.187824449    0.183387935    0.155333309
   11.940000000    0.188204444    0.183422374    0.157158455
   11.950000000    0.188551402    0.183546508    0.158833065
   11.960000000    0.188742276    0.183807851    0.160228034
   11.970000000    0.188734695    0.184256648    0.161313262
   11.980000000    0.188659021    0.184915091    0.162177986
   11.990000000    0.188708270    0.185699399    0.162964599
   12.000000000    0.188944724    0.186381580    0.163804320
   12.010000000    0.189234477    0.186709605    0.164783663
   12.020000000    0.189350337    0.186596499    0.165886176
   12.030000000    0.189096227    0.186152903    0.166929808
   12.040000000    0.188382147    0.185549869    0.167641011
   12.050000000    0.187282231    0.184897796    0.167873682
   12.060000000    0.186023375    0.184240028    0.167745397
   12.070000000    0.184870648    0.183623998    0.167556473
   12.080000000    0.184020532    0.183176275    0.167623884
   12.090000000    0.183565387    0.183074016    0.168161886
   12.100000000    0.183489097    0.183403811    0.169214444
   12.110000000    0.183707508    0.184103231    0.170653260
   12.120000000    0.184140671    0.185056298    0.172274059
   12.130000000    0.184739865    0.186181193    0.173936280
   12.140000000    0.185445319    0.187416809    0.175609591
   12.150000000    0.186147464    0.188681749    0.177295364
   12.160000000    0.186744969    0.189888645    0.178942979
   12.170000000    0.187225259    0.190969349    0.180433890
   12.180000000    0.187615048    0.191837703    0.181599284
   12.190000000    0.187865585    0.192359855    0.182256249
   12.200000000    0.187875167    0.192442871    0.182296911
   12.210000000    0.187627267    0.192157398    0.181816466
   12.220000000    0.187231702    0.191724085    0.181159824
   12.230000000    0.186854348    0.191394067    0.180774846
   12.240000000    0.186664190    0.191358503    0.180959859
   12.250000000    0.186808997    0.191709811    0.181738931
   12.260000000    0.187402472    0.192456951    0.182964828
   12.270000000    0.188495229    0.193563517    0.184510278
   12.280000000    0.189978101    0.194882570    0.186332633
   12.290000000    0.191531582    0.196065553    0.188364519
   12.300000000    0.192774050    0.196683598    0.190419005
   12.310000000    0.193481381    0.196490324    0.192261582
   12.320000000    0.193674910    0.195569659    0.193758807
   12.330000000    0.193572308    0.194284395    0.194949326
   12.340000000    0.193455773    0.193065128    0.196006718
   12.350000000    0.193549444    0.192209844    0.197127928
   12.360000000    0.194010306    0.191876457    0.198428906
   12.370000000    0.194963579    0.192178895    0.199929044
   12.380000000    0.196459847    0.193178231    0.201609482
   12.390000000    0.198409586    0.194803911    0.203501385
   12.400000000    0.200640153    0.196900547    0.205713010
   12.410000000    0.203030669    0.199368040    0.208309795
   12.420000000    0.205544776    0.202180256    0.211188550
   12.430000000    0.208176661    0.205280850    0.214129493
   12.440000000    0.210941010    0.208539075    0.216920269
   12.450000000    0.213876436    0.211830123    0.219395704
   12.460000000    0.217002993    0.215130635    0.221500712
   12.470000000    0.220270347    0.218482087    0.223387351
   12.480000000    0.223514673    0.221824445    0.225310791
   12.490000000    0.226476211    0.224907603    0.227359953
   12.500000000    0.228917334    0.227414657    0.229319410
   12.510000000    0.230730209    0.229161592    0.230771096
   12.520000000    0.231933573    0.230189117    0.231341766
   12.530000000    0.232625397    0.230716215    0.230930318
   12.540000000    0.232986667    0.231051859    0.229761085
   12.550000000    0.233274947    0.231519177    0.228273580
   12.560000000    0.233703599    0.232347581    0.226943232
   12.570000000    0.234351232    0.233604417    0.226095948
   12.580000000    0.235283615    0.235284369    0.225826971
   12.590000000    0.236694606    0.237431508    0.226076763
   12.600000000    0.238814003    0.240099771    0.226749757
   12.610000000    0.241695598    0.243216322    0.227808499
   12.620000000    0.245124299    0.246534900    0.229342742
   12.630000000    0.248684691    0.249681936    0.231522015
   12.640000000    0.251929883    0.252240198    0.234425410
   12.650000000    0.254618812    0.253948804    0.237974352
   12.660000000    0.256837613    0.254906860    0.242026172
   12.670000000    0.258819367    0.255488756    0.246381353
   12.680000000    0.260678956    0.256053770    0.250743717
   12.690000000    0.262353746    0.256789119    0.254876238
   12.700000000    0.263674424    0.257728697    0.258767764
   12.710000000    0.264407071    0.258776527    0.262541427
   12.720000000    0.264326315    0.259726161    0.266242266
   12.730000000    0.263403691    0.260382106    0.269697969
   12.740000000    0.261953259    0.260725328    0.272547707
   12.750000000    0.260489969    0.260915140    0.274521538
   12.760000000    0.259426275    0.261122567    0.275717315
   12.770000000    0.258969569    0.261444181    0.276548351
   12.780000000    0.259207427    0.261955678    0.277515502
   12.790000000    0.260120954    0.262731528    0.279057841
   12.800000000    0.261528245    0.263801948    0.281455657
   12.810000000    0.263124947    0.265154072    0.284659726
   12.820000000    0.264645190    0.266767327    0.288146974
   12.830000000    0.266044810    0.268629276    0.291109817
   12.840000000    0.267569167    0.270752834    0.292951517
   12.850000000    0.269590812    0.273195173    0.293649265
   12.860000000    0.272304763    0.276039715    0.293741342
   12.870000000    0.275539046    0.279313873    0.294000525
   12.880000000    0.278845619    0.282905427    0.294985247
   12.890000000    0.281795652    0.286604283    0.296755978
   12.900000000    0.284183043    0.290191314    0.298902614
   12.910000000    0.285972792    0.293414602    0.300836554
   12.920000000    0.287205885    0.295972199    0.302180621
   12.930000000    0.288019203    0.297620539    0.302963905
   12.940000000    0.288656510    0.298277385    0.303537954
   12.950000000    0.289383732    0.298043521    0.304401369
   12.960000000    0.290395898    0.297202535    0.306014670
   12.970000000    0.291787518    0.296180281    0.308615181
   12.980000000    0.293581351    0.295432781    0.312120689
   12.990000000    0.295828372    0.295337540    0.316196666
   13.000000000    0.298667923    0.296119935    0.320404885
   13.010000000    0.302215030    0.297794857    0.324258975
   13.020000000    0.306428985    0.300169586    0.327218839
   13.030000000    0.311123280    0.302942596    0.328881189
   13.040000000    0.316045826    0.305870083    0.329306432
   13.050000000    0.320896168    0.308846569    0.329065521
   13.060000000    0.325289286    0.311786709    0.328942767
   13.070000000    0.328801074    0.314508674    0.329590466
   13.080000000    0.331091615    0.316814581    0.331241403
   13.090000000    0.332025287    0.318639137    0.333565234
   13.100000000    0.331761652    0.320083041    0.335870147
   13.110000000    0.330746267    0.321386690    0.337594263
   13.120000000    0.329543972    0.322928447    0.338706742
   13.130000000    0.328619166    0.325157195    0.339650951
   13.140000000    0.328250110    0.328411435    0.340916049
   13.150000000    0.328571631    0.332712983    0.342728894
   13.160000000    0.329597431    0.337647665    0.345096317
   13.170000000    0.331221000    0.342457228    0.347922380
   13.180000000    0.333218560    0.346309687    0.350980999
   13.190000000    0.335257706    0.348586621    0.353878343
   13.200000000    0.337007360    0.349099704    0.356140891
   13.210000000    0.338349530    0.348189752    0.357444267
   13.220000000    0.339492481    0.346630720    0.357828160
   13.230000000    0.340834509    0.345316160    0.357615440
   13.240000000    0.342696809    0.344907680    0.357088480
   13.250000000    0.345117475    0.345634099    0.356301506
   13.260000000    0.347799954    0.347255285    0.355176844
   13.270000000    0.350256108    0.349160247    0.353724702
   13.280000000    0.352089780    0.350634981    0.352234179
   13.290000000    0.353237738    0.351255709    0.351353629
   13.300000000    0.353993736    0.351150288    0.351916822
   13.310000000    0.354804652    0.350905500    0.354486626
   13.320000000    0.356004627    0.351181262    0.358990867
   13.330000000    0.357647898    0.352285147    0.364760845
   13.340000000    0.359517329    0.354022587    0.370833172
   13.350000000    0.361309069    0.355968395    0.376302038
   13.360000000    0.362807581    0.357833721    0.380589601
   13.370000000    0.363908470    0.359524598    0.383574993
   13.380000000    0.364641415    0.361027295    0.385635177
   13.390000000    0.365242420    0.362428921    0.387498736
   13.400000000    0.366108283    0.364000419    0.389821689
   13.410000000    0.367670108    0.366146855    0.392813412
   13.420000000    0.370283860    0.369215590    0.396256321
   13.430000000    0.374034120    0.373253116    0.399786521
   13.440000000    0.378508095    0.377850294    0.403116594
   13.450000000    0.382852634    0.382275832    0.406096790
   13.460000000    0.386214456    0.385928712    0.408713413
   13.470000000    0.388204928    0.388725716    0.411059296
   13.480000000    0.388957329    0.391011321    0.413218134
   13.490000000    0.388818320    0.393104541    0.415133808
   13.500000000    0.388066025    0.394951619    0.416588329
   13.510000000    0.386820934    0.396124981    0.417306265
   13.520000000    0.385109885    0.396120890    0.417188632
   13.530000000    0.383031695    0.394715290    0.416532573
   13.540000000    0.380827891    0.392052000    0.415902967
   13.550000000    0.378794459    0.388514323    0.415713021
   13.560000000    0.377194976    0.384623976    0.415972618
   13.570000000    0.376185572    0.380923942    0.416340725
   13.580000000    0.375716103    0.377794023    0.416320433
   13.590000000    0.375557422    0.375395354    0.415480946
   13.600000000    0.375505343    0.373784174    0.413582283
   13.610000000    0.375530667    0.372968350    0.410590153
   13.620000000    0.375713818    0.372862111    0.406732353
   13.630000000    0.376099346    0.373302556    0.402569632
   13.640000000    0.376572988    0.374080320    0.398861728
   13.650000000    0.376809534    0.374899296    0.396242754
   13.660000000    0.376459379    0.375438731    0.395017442
   13.670000000    0.375477063    0.375570752    0.395245029
   13.680000000    0.374206627    0.375476793    0.396908151
   13.690000000    0.373170144    0.375524133    0.399923955
   13.700000000    0.372828025    0.376064408    0.404047780
   13.710000000    0.373400031    0.377265699    0.408911162
   13.720000000    0.374727379    0.378967597    0.414213094
   13.730000000    0.376313141    0.380693252    0.419813028
   13.740000000    0.377651504    0.381932528    0.425640787
   13.750000000    0.378565293    0.382428711    0.431591706
   13.760000000    0.379197534    0.382166451    0.437526062
   13.770000000    0.379792398    0.381233409    0.443311310
   13.780000000    0.380545674    0.379784177    0.448728551
   13.790000000    0.381525529    0.378041195    0.453260423
   13.800000000    0.382582203    0.376227920    0.456075785
   13.810000000    0.383363198    0.374470173    0.456440203
   13.820000000    0.383576254    0.372824064    0.454291578
   13.830000000    0.383306178    0.371429064    0.450439111
   13.840000000    0.383045836    0.370540872    0.446199156
   13.850000000    0.383360674    0.370333253    0.442776027
   13.860000000    0.384395491    0.370643689    0.440820379
   13.870000000    0.385672600    0.370964257    0.440429854
   13.880000000    0.386499352    0.370829340    0.441432074
   13.890000000    0.386534221    0.370236859    0.443528050
   13.900000000    0.385820298    0.369594966    0.446217517
   13.910000000    0.384435805    0.369278970    0.448827655
   13.920000000    0.382380031    0.369339136    0.450823944
   13.930000000    0.379740681    0.369570632    0.452081947
   13.940000000    0.376789481    0.369716001    0.452799014
   13.950000000    0.373903142    0.369643246    0.453250406
   13.960000000    0.371403632    0.369427275    0.453686802
   13.970000000    0.369408185    0.369238591    0.454278873
   13.980000000    0.367776776    0.369153617    0.454963451
   13.990000000    0.366215912    0.369131377    0.455406158
   14.000000000    0.364498203    0.369153929    0.455339394
   14.010000000    0.362620248    0.369304170    0.454991376
   14.020000000    0.360824507    0.369731286    0.455112821
   14.030000000    0.359538118    0.370601968    0.456493266
   14.040000000    0.359190776    0.372042658    0.459336547
   14.050000000    0.360014132    0.374123081    0.463151598
   14.060000000    0.362041560    0.376913223    0.467261838
   14.070000000    0.365221431    0.380464744    0.471245060
   14.080000000    0.369411569    0.384661233    0.474893563
   14.090000000    0.374290775    0.389124346    0.477993643
   14.100000000    0.379359524    0.393300233    0.480253063
   14.110000000    0.384038175    0.396664533    0.481414416
   14.120000000    0.387848301    0.398952860    0.481505852
   14.130000000    0.390645023    0.400268226    0.481088568
   14.140000000    0.392654511    0.400939876    0.481120028
   14.150000000    0.394274874    0.401330243    0.482324055
   14.160000000    0.395873641    0.401780094    0.484653459
   14.170000000    0.397704979    0.402601582    0.487450408
   14.180000000    0.399954375    0.404048537    0.490066655
   14.190000000    0.402822455    0.406270561    0.492238088
   14.200000000    0.406509076    0.409266938    0.494049732
   14.210000000    0.411072442    0.412888841    0.495833401
   14.220000000    0.416295129    0.416918742    0.498056196
   14.230000000    0.421645908    0.421088738    0.501007141
   14.240000000    0.426345398    0.424977130    0.504534890
   14.250000000    0.429622199    0.428055865    0.508285075
   14.260000000    0.431165584    0.430039927    0.512201525
   14.270000000    0.431440721    0.431187672    0.516621822
   14.280000000    0.431461264    0.432166343    0.521821132
   14.290000000    0.432157521    0.433592168    0.527541533
   14.300000000    0.433896158    0.435690867    0.533070412
   14.310000000    0.436489046    0.438351187    0.537775708
   14.320000000    0.439589206    0.441401254    0.541455918
   14.330000000    0.443052320    0.444768983    0.544201529
   14.340000000    0.446938867    0.448415444    0.546200917
   14.350000000    0.451310896    0.452246578    0.547829940
   14.360000000    0.456125363    0.456162972    0.549747487
   14.370000000    0.461203987    0.460073421    0.552713313
   14.380000000    0.466148998    0.463746278    0.557174682
   14.390000000    0.470346367    0.466724339    0.562880227
   14.400000000    0.473228979    0.468514503    0.568899489
   14.410000000    0.474613588    0.468927085    0.574091753
   14.420000000    0.474722468    0.468220895    0.577598419
   14.430000000    0.473978422    0.466943879    0.579012066
   14.440000000    0.472956442    0.465703488    0.578313361
   14.450000000    0.472334097    0.465027874    0.575815756
   14.460000000    0.472609071    0.465270821    0.572042735
   14.470000000    0.473875103    0.466575055    0.567624155
   14.480000000    0.475898538    0.468892411    0.563312055
   14.490000000    0.478288682    0.471930813    0.559807074
   14.500000000    0.480635019    0.475156101    0.557489822
   14.510000000    0.482728494    0.478089820    0.556440784
   14.520000000    0.484781886    0.480670979    0.556670086
   14.530000000    0.487391143    0.483270484    0.558275490
   14.540000000    0.491150393    0.486349157    0.561378392
   14.550000000    0.496159545    0.490069687    0.565836785
   14.560000000    0.501859448    0.494162180    0.570934428
   14.570000000    0.507430101    0.498127188    0.575421663
   14.580000000    0.512445483    0.501606352    0.577985834
   14.590000000    0.517128033    0.504567460    0.577709441
   14.600000000    0.521958396    0.507177510    0.574350228
   14.610000000    0.527142561    0.509699971    0.568647636
   14.620000000    0.532428027    0.512546760    0.562349050
   14.630000000    0.537225381    0.516146901    0.557485664
   14.640000000    0.540853342    0.520585936    0.555291977
   14.650000000    0.542839986    0.525467006    0.555682038
   14.660000000    0.543141636    0.530178400    0.557575080
   14.670000000    0.542123870    0.534235305    0.559608213
   14.680000000    0.540371414    0.537433574    0.560682663
   14.690000000    0.538453923    0.539833864    0.560223049
   14.700000000    0.536718205    0.541653263    0.558275075
   14.710000000    0.535210358    0.543109193    0.555315464
   14.720000000    0.533815229    0.544333693    0.551876061
   14.730000000    0.532545529    0.545461050    0.548351196
   14.740000000    0.531655743    0.546655672    0.544943398
   14.750000000    0.531439053    0.547993346    0.541614819
   14.760000000    0.532114154    0.549582772    0.538240229
   14.770000000    0.533979089    0.551829404    0.534909180
   14.780000000    0.537337741    0.555205543    0.531891712
   14.790000000    0.542103727    0.559705935    0.529359873
   14.800000000    0.547700064    0.564778504    0.527418114
   14.810000000    0.553466190    0.569777058    0.526304783
   14.820000000    0.559064580    0.574365090    0.526319789
   14.830000000    0.564424409    0.578533033    0.527637953
   14.840000000    0.569367513    0.582369783    0.530311645
   14.850000000    0.573516016    0.585930810    0.534351126
   14.860000000    0.576736360    0.589368505    0.539739879
   14.870000000    0.579498126    0.593068461    0.546319474
   14.880000000    0.582534663    0.597385259    0.553530185
   14.890000000    0.586241498    0.602207178    0.560409037
   14.900000000    0.590565197    0.606986806    0.566154096
   14.910000000    0.595369193    0.611291560    0.570807640
   14.920000000    0.600753103    0.615306086    0.575294093
   14.930000000    0.607013450    0.619761200    0.580729736
   14.940000000    0.614307471    0.625297909    0.587760287
   14.950000000    0.622378421    0.631837348    0.596392873
   14.960000000    0.630623067    0.638553291    0.606045692
   14.970000000    0.638365508    0.644486150    0.615685560
   14.980000000    0.645047652    0.649160160    0.624144654
   14.990000000    0.650286955    0.652609689    0.630359669
   15.000000000    0.654052436    0.655053147    0.633518902
   15.010000000    0.656815176    0.656664522    0.633392916
   15.020000000    0.659195448    0.657448394    0.630664016
   15.030000000    0.661379499    0.657185900    0.626803464
   15.040000000    0.663012493    0.655534430    0.623451302
   15.050000000    0.663658297    0.652354355    0.621761306
   15.060000000    0.663346463    0.648174755    0.622212419
   15.070000000    0.662652441    0.644237325    0.624713856
   15.080000000    0.662244747    0.641794590    0.628520580
   15.090000000    0.662502236    0.641436187    0.632201036
   15.100000000    0.663571961    0.643106747    0.634224491
   15.110000000    0.665472200    0.646354926    0.633828829
   15.120000000    0.667970064    0.650411919    0.631392798
   15.130000000    0.670576958    0.654374608    0.628108993
   15.140000000    0.672928969    0.657630636    0.625283740
   15.150000000    0.675170387    0.660187732    0.623798016
   15.160000000    0.677838432    0.662539301    0.624014731
   15.170000000    0.681366075    0.665197223    0.625943708
   15.180000000    0.685609913    0.668316732    0.629229113
   15.190000000    0.689768634    0.671669290    0.632949528
   15.200000000    0.692924503    0.674937321    0.635880851
   15.210000000    0.694709964    0.677963042    0.637314296
   15.220000000    0.695367339    0.680734498    0.637360787
   15.230000000    0.695365503    0.683299818    0.636403351
   15.240000000    0.695041998    0.685674933    0.634616552
   15.250000000    0.694406774    0.687686338    0.631977742
   15.260000000    0.693246498    0.688998408    0.628630500
   15.270000000    0.691422479    0.689361788    0.625147204
   15.280000000    0.689019720    0.688801659    0.622162729
   15.290000000    0.686337482    0.687729765    0.619787416
   15.300000000    0.683843355    0.686914197    0.617659296
   15.310000000    0.682031234    0.687145034    0.615560214
   15.320000000    0.681184205    0.688757043    0.613716167
   15.330000000    0.681189547    0.691389835    0.612504756
   15.340000000    0.681574950    0.694175723    0.612163430
   15.350000000    0.681936568    0.696377646    0.612869669
   15.360000000    0.682532851    0.698180300    0.614998931
   15.370000000    0.684280757    0.700710569    0.619058001
   15.380000000    0.687942819    0.704950078    0.624966710
   15.390000000    0.693395468    0.710728298    0.631431025
   15.400000000    0.699739684    0.716875036    0.636332042
   15.410000000    0.706007097    0.722182913    0.637881338
   15.420000000    0.711745593    0.726225096    0.635671043
   15.430000000    0.717048978    0.729411434    0.630827269
   15.440000000    0.722188941    0.732400168    0.625123026
   15.450000000    0.727298946    0.735527590    0.619980751
   15.460000000    0.732418770    0.738782652    0.616228599
   15.470000000    0.737925354    0.742302274    0.614409449
   15.480000000    0.744775312    0.746755238    0.614901604
   15.490000000    0.753894227    0.753023480    0.617612560
   15.500000000    0.765209096    0.761437301    0.621829032
   15.510000000    0.777469081    0.771400181    0.626653327
   15.520000000    0.788987718    0.781718859    0.631604053
   15.530000000    0.798513055    0.791154214    0.636645454
   15.540000000    0.805582036    0.798693464    0.641557502
   15.550000000    0.810362385    0.803762927    0.645609385
   15.560000000    0.813355090    0.806558144    0.648109798
   15.570000000    0.815222063    0.808076257    0.649021395
   15.580000000    0.816613317    0.809624783    0.648851619
   15.590000000    0.817776648    0.812057602    0.648048624
   15.600000000    0.818314054    0.815304653    0.646558371
   15.610000000    0.817577636    0.818627590    0.643864360
   15.620000000    0.815428705    0.821257538    0.639493619
   15.630000000    0.812630105    0.822837295    0.633652648
   15.640000000    0.810520542    0.823591784    0.627293782
   15.650000000    0.810306413    0.824246143    0.621568827
   15.660000000    0.812662794    0.825754290    0.617433272
   15.670000000    0.817823746    0.828973252    0.615716336
   15.680000000    0.825761680    0.834359795    0.617227943
   15.690000000    0.836303203    0.841943200    0.622495592
   15.700000000    0.849219270    0.851620963    0.631324472
   15.710000000    0.864169901    0.863418754    0.642754063
   15.720000000    0.880547460    0.877407492    0.655614790
   15.730000000    0.897420083    0.893321912    0.669134395
   15.740000000    0.913736400    0.910336193    0.682947218
   15.750000000    0.928780876    0.927371295    0.696593072
   15.760000000    0.942590757    0.943648206    0.709279125
   15.770000000    0.955849342    0.958785164    0.720296650
   15.780000000    0.969281864    0.972569979    0.729665915
   15.790000000    0.983132105    0.984988623    0.738231736
   15.800000000    0.996851171    0.996082202    0.746876527
   15.810000000    1.009036755    1.005455617    0.755735491
   15.820000000    1.018199540    1.012480252    0.764328398
   15.830000000    1.023943519    1.017196615    0.772240532
   15.840000000    1.027137135    1.020517326    0.779542998
   15.850000000    1.029185604    1.023653965    0.786784820
   15.860000000    1.031516713    1.027667875    0.794664143
   15.870000000    1.035347431    1.033205177    0.803601126
   15.880000000    1.041226284    1.040082361    0.813557884
   15.890000000    1.048610242    1.047080147    0.823926826
   15.900000000    1.056238019    1.052719798    0.833582808
   15.910000000    1.063070818    1.056351211    0.841543994
   15.920000000    1.068906871    1.058282116    0.847774401
   15.930000000    1.074189100    1.059260398    0.853229741
   15.940000000    1.079214565    1.060161004    0.859120624
   15.950000000    1.083634757    1.061897122    0.866355453
   15.960000000    1.086851490    1.065298656    0.875563016
   15.970000000    1.088870648    1.071059681    0.887115848
   15.980000000    1.090703689    1.079816035    0.900765812
   15.990000000    1.094059535    1.092182355    0.915348480
   16.000000000    1.100581091    1.108436505    0.929038750
   16.010000000    1.110914398    1.127810397    0.939931058
   16.020000000    1.124288968    1.148205430    0.946710305
   16.030000000    1.139139019    1.166982445    0.949253041
   16.040000000    1.154323844    1.182441422    0.948710814
   16.050000000    1.169848279    1.194915243    0.947052335
   16.060000000    1.186640972    1.206579282    0.946528798
   16.070000000    1.205606020    1.219861125    0.948966695
   16.080000000    1.226377982    1.235367462    0.954594652
   16.090000000    1.246631638    1.251035483    0.961284096
   16.100000000    1.262935639    1.263683609    0.965691975
   16.110000000    1.273063441    1.271769105    0.965906509
   16.120000000    1.277897416    1.276606527    0.963071831
   16.130000000    1.281188840    1.281236937    0.960581918
   16.140000000    1.287233938    1.288352356    0.962103225
   16.150000000    1.298016006    1.298518381    0.969942662
   16.160000000    1.311914897    1.309545401    0.984077402
   16.170000000    1.325016598    1.317686843    1.002053904
   16.180000000    1.334113788    1.320356286    1.020271853
   16.190000000    1.338996701    1.318254301    1.036302375
   16.200000000    1.342041991    1.314726299    1.050352110
   16.210000000    1.345567824    1.312932538    1.064163932
   16.220000000    1.349673802    1.313565494    1.078523632
   16.230000000    1.352454159    1.314882418    1.092067707
   16.240000000    1.351727151    1.314459873    1.102153787
   16.250000000    1.346544556    1.311122543    1.106907507
   16.260000000    1.337660320    1.305810904    1.106725066
   16.270000000    1.326928842    1.300864195    1.103771539
   16.280000000    1.316383084    1.298524063    1.100591274
   16.290000000    1.307631874    1.299814607    1.099694643
   16.300000000    1.301256302    1.304015458    1.103431778
   16.310000000    1.296323234    1.308861847    1.112861170
   16.320000000    1.290766160    1.311552899    1.126724782
   16.330000000    1.282833068    1.310190869    1.142357006
   16.340000000    1.272439577    1.304819396    1.157828117
   16.350000000    1.260990028    1.297037057    1.172941952
   16.360000000    1.250147009    1.288542299    1.188355191
   16.370000000    1.240981708    1.280104862    1.204333185
   16.380000000    1.233787449    1.271538550    1.220565459
   16.390000000    1.228086740    1.262286416    1.236554147
   16.400000000    1.222846685    1.252179514    1.251586483
   16.410000000    1.217049322    1.241729460    1.264670672
   16.420000000    1.210106268    1.231613525    1.274985858
   16.430000000    1.201754774    1.222069132    1.282381896
   16.440000000    1.191905158    1.212825180    1.287358958
   16.450000000    1.180793321    1.203301054    1.290545350
   16.460000000    1.169190188    1.192945412    1.292113733
   16.470000000    1.158262116    1.181612676    1.291614105
   16.480000000    1.148989274    1.169545928    1.288019730
   16.490000000    1.141716614    1.157187766    1.280080031
   16.500000000    1.136311015    1.145221022    1.267542966
   16.510000000    1.132467596    1.134495583    1.252201726
   16.520000000    1.129609633    1.125529538    1.237495767
   16.530000000    1.126770318    1.118111530    1.227230971
   16.540000000    1.123006596    1.111499062    1.224139016
   16.550000000    1.117986438    1.104937151    1.228729263
   16.560000000    1.112071947    1.098062052    1.239309820
   16.570000000    1.105976334    1.091054050    1.253219434
   16.580000000    1.100521531    1.084543527    1.268195646
   16.590000000    1.096605182    1.079357777    1.283094220
   16.600000000    1.095125001    1.076312155    1.297894080
   16.610000000    1.096715627    1.076019276    1.313141067
   16.620000000    1.101336275    1.078534556    1.329432269
   16.630000000    1.107929049    1.083091840    1.347269341
   16.640000000    1.114713153    1.088473404    1.366849644
   16.650000000    1.120264393    1.093887886    1.387597778
   16.660000000    1.124424131    1.099467436    1.407959323
   16.670000000    1.128154582    1.105937847    1.426399458
   16.680000000    1.132467826    1.113707267    1.442816534
   16.690000000    1.137323743    1.122085865    1.457933011
   16.700000000    1.141665998    1.129566463    1.471187884
   16.710000000    1.144606256    1.134960506    1.480410310
   16.720000000    1.146317702    1.138138384    1.483915909
   16.730000000    1.147773059    1.139863821    1.482428927
   16.740000000    1.149902768    1.141200126    1.478825160
   16.750000000    1.153059926    1.143096613    1.476312064
   16.760000000    1.156981810    1.146206134    1.477063077
   16.770000000    1.161007286    1.150594070    1.482038271
   16.780000000    1.164475234    1.155600065    1.491138901
   16.790000000    1.167233950    1.160330417    1.503373349
   16.800000000    1.170001755    1.164521877    1.517518958
   16.810000000    1.174282458    1.169118168    1.533020925
   16.820000000    1.181652746    1.175913203    1.550270821
   16.830000000    1.192633134    1.186227423    1.570200538
   16.840000000    1.206115075    1.199860818    1.593566923
   16.850000000    1.220205208    1.215555577    1.620174436
   16.860000000    1.233819067    1.232364836    1.648699290
   16.870000000    1.247333328    1.250226799    1.677035792
   16.880000000    1.261657110    1.269210585    1.702670306
   16.890000000    1.276993935    1.288585727    1.723613524
   16.900000000    1.292722339    1.307000200    1.739868095
   16.910000000    1.308106397    1.323474778    1.753670249
   16.920000000    1.322940965    1.338000896    1.767895977
   16.930000000    1.337682688    1.351248667    1.784195820
   16.940000000    1.352902799    1.363873496    1.802557006
   16.950000000    1.368714875    1.376291673    1.822225132
   16.960000000    1.384694726    1.388890058    1.842104238
   16.970000000    1.399859428    1.401836770    1.860210459
   16.980000000    1.412878325    1.414697500    1.873967482
   16.990000000    1.422939538    1.426777624    1.882019496
   17.000000000    1.430438467    1.437924981    1.885925588
   17.010000000    1.436866776    1.448839507    1.889736466
   17.020000000    1.444152356    1.460576322    1.897749441
   17.030000000    1.453740719    1.473735913    1.912343029
   17.040000000    1.465804698    1.488052999    1.932582170
   17.050000000    1.479051287    1.502562741    1.954345874
   17.060000000    1.491286235    1.516028431    1.972580768
   17.070000000    1.500433905    1.527366088    1.984045838
   17.080000000    1.505762382    1.536092117    1.988748549
   17.090000000    1.508571970    1.542718010    1.989340089
   17.100000000    1.511330617    1.548524033    1.988635930
   17.110000000    1.516042178    1.554573591    1.987453216
   17.120000000    1.523467451    1.561026874    1.984850412
   17.130000000    1.533440687    1.567459151    1.979727270
   17.140000000    1.545461721    1.573529441    1.972050265
   17.150000000    1.558894524    1.579303383    1.963259220
   17.160000000    1.572989285    1.585241510    1.955807402
   17.170000000    1.587185453    1.591854298    1.951882425
   17.180000000    1.601289291    1.599164125    1.952012610
   17.190000000    1.615143888    1.606592983    1.954703945
   17.200000000    1.628550434    1.613695339    1.957595365
   17.210000000    1.641711119    1.620957755    1.959284705
   17.220000000    1.655083714    1.629356957    1.960119687
   17.230000000    1.668421633    1.639128740    1.961336968
   17.240000000    1.680341310    1.649358399    1.963761632
   17.250000000    1.688977154    1.658493042    1.967012508
   17.260000000    1.692997838    1.664940343    1.969369042
   17.270000000    1.692441148    1.667855694    1.968502895
   17.280000000    1.688766277    1.667819176    1.962953951
   17.290000000    1.683773826    1.666283761    1.953584082
   17.300000000    1.678778547    1.664561501    1.943597953
   17.310000000    1.674795551    1.663626436    1.936557807
   17.320000000    1.672525391    1.664001913    1.934126813
   17.330000000    1.671999859    1.665404370    1.935507374
   17.340000000    1.672968925    1.667207486    1.938394065
   17.350000000    1.675856574    1.669639724    1.940446191
   17.360000000    1.682242222    1.674262887    1.940671268
   17.370000000    1.694101453    1.682933532    1.939730868
   17.380000000    1.712157590    1.696216740    1.938935208
   17.390000000    1.734824664    1.712687566    1.939036424
   17.400000000    1.758794816    1.729624143    1.939900125
   17.410000000    1.780704457    1.744500761    1.941208013
   17.420000000    1.798212183    1.755961669    1.943317675
   17.430000000    1.809923517    1.763856313    1.946908582
   17.440000000    1.815361766    1.769054564    1.951715561
   17.450000000    1.815371513    1.773078379    1.955988245
   17.460000000    1.811786212    1.777097133    1.956954932
   17.470000000    1.806354746    1.781070295    1.951926792
   17.480000000    1.800193730    1.784125601    1.939866628
   17.490000000    1.793898100    1.785466595    1.922047538
   17.500000000    1.787472735    1.784548975    1.900918080
   17.510000000    1.780362446    1.781155916    1.878578269
   17.520000000    1.772238149    1.776023591    1.856692806
   17.530000000    1.763883808    1.771056285    1.837564526
   17.540000000    1.756968712    1.768346580    1.824090908
   17.550000000    1.752711930    1.768570822    1.817855932
   17.560000000    1.750991666    1.770415220    1.817679197
   17.570000000    1.750814549    1.771784501    1.820269720
   17.580000000    1.751272363    1.771452913    1.822061886
   17.590000000    1.751924104    1.769706441    1.820734505
   17.600000000    1.752506049    1.767705996    1.815687357
   17.610000000    1.752510265    1.766100776    1.807806832
   17.620000000    1.751058699    1.764054903    1.798784819
   17.630000000    1.747235543    1.759849321    1.789993782
   17.640000000    1.740640709    1.752687790    1.781852644
   17.650000000    1.731586943    1.743643694    1.774162492
   17.660000000    1.720868573    1.734669066    1.766135406
   17.670000000    1.709532889    1.727060763    1.755453221
   17.680000000    1.698830280    1.721027638    1.738179641
   17.690000000    1.689922909    1.716153145    1.710841353
   17.700000000    1.683220281    1.711686608    1.672896416
   17.710000000    1.678088490    1.706638557    1.627442229
   17.720000000    1.673462920    1.700320144    1.580090085
   17.730000000    1.668760967    1.692926596    1.536805723
   17.740000000    1.663844168    1.685122295    1.501704972
   17.750000000    1.658197570    1.677058829    1.476013163
   17.760000000    1.650964820    1.668348512    1.458644304
   17.770000000    1.642038972    1.658985844    1.447807768
   17.780000000    1.632500985    1.649677261    1.442330862
   17.790000000    1.623721123    1.641135050    1.441744930
   17.800000000    1.616246169    1.633383574    1.445475120
   17.810000000    1.609630833    1.625978362    1.452212843
   17.820000000    1.603354055    1.618938900    1.460258381
   17.830000000    1.597474230    1.613016421    1.468304961
   17.840000000    1.592038630    1.608609809    1.475599264
   17.850000000    1.586467982    1.604935603    1.481759636
   17.860000000    1.580137291    1.600839846    1.486874900
   17.870000000    1.573377752    1.596167901    1.491480568
   17.880000000    1.567509896    1.591911673    1.496105894
   17.890000000    1.563938218    1.589225624    1.500913636
   17.900000000    1.563544681    1.588705312    1.505754901
   17.910000000    1.566622569    1.590234559    1.510263254
   17.920000000    1.572619494    1.592833148    1.513752643
   17.930000000    1.579887958    1.594763731    1.515361624
   17.940000000    1.586394764    1.594490342    1.514593344
   17.950000000    1.591053995    1.591729082    1.511682482
   17.960000000    1.593951148    1.587304355    1.507654199
   17.970000000    1.595309990    1.582089796    1.504415598
   17.980000000    1.594870196    1.576241677    1.504292655
   17.990000000    1.592149143    1.569252592    1.508570556
   18.000000000    1.586838507    1.560552153    1.516543829
   18.010000000    1.579121836    1.550093420    1.526188426
   18.020000000    1.569965262    1.538607231    1.535578278
   18.030000000    1.561171616    1.527623716    1.543854534
   18.040000000    1.554927652    1.519129071    1.551197894
   18.050000000    1.552775617    1.514628324    1.558023673
   18.060000000    1.554734396    1.514237602    1.564429429
   18.070000000    1.559541577    1.516855814    1.570530246
   18.080000000    1.565795305    1.521284925    1.577117895
   18.090000000    1.572694193    1.526926144    1.585678243
   18.100000000    1.579669369    1.533406557    1.597377585
   18.110000000    1.585843846    1.540120106    1.611905326
   18.120000000    1.590381691    1.546512921    1.627488858
   18.130000000    1.593233116    1.552563309    1.642011293
   18.140000000    1.595299123    1.558853153    1.654112606
   18.150000000    1.597922990    1.566390633    1.663566046
   18.160000000    1.602115379    1.576213260    1.671212943
   18.170000000    1.607961347    1.588614895    1.678546745
   18.180000000    1.614716609    1.602616540    1.686635824
   18.190000000    1.621744784    1.616547315    1.695310968
   18.200000000    1.629324168    1.629195359    1.703406131
   18.210000000    1.638064374    1.640175027    1.709277220
   18.220000000    1.647539332    1.649337403    1.711161967
   18.230000000    1.656016096    1.656287898    1.707836283
   18.240000000    1.661459016    1.660513240    1.699073424
   18.250000000    1.662541966    1.661607382    1.685305414
   18.260000000    1.659067948    1.659375087    1.667300380
   18.270000000    1.651861542    1.654028276    1.646287993
   18.280000000    1.642473825    1.646480736    1.624128903
   18.290000000    1.632980821    1.638416689    1.603109108
   18.300000000    1.625572182    1.631760707    1.585273804
   18.310000000    1.621738916    1.627720491    1.571868921
   18.320000000    1.621585311    1.626148523    1.563370000
   18.330000000    1.623833649    1.625707203    1.559690707
   18.340000000    1.626531700    1.624747478    1.560034558
   18.350000000    1.628059644    1.622394864    1.562871840
   18.360000000    1.627846059    1.619055564    1.566546344
   18.370000000    1.626401018    1.615979092    1.570046657
   18.380000000    1.624763413    1.614406909    1.573304899
   18.390000000    1.623692763    1.614977304    1.576947120
   18.400000000    1.623051876    1.617595140    1.581848782
   18.410000000    1.621856071    1.621671062    1.588620574
   18.420000000    1.619108531    1.626505025    1.597252743
   18.430000000    1.614808251    1.631676716    1.607314240
   18.440000000    1.610160784    1.637344132    1.618425894
   18.450000000    1.606794845    1.644043275    1.630537361
   18.460000000    1.605812630    1.651906505    1.643806250
   18.470000000    1.607458535    1.660206635    1.658418782
   18.480000000    1.611361033    1.667798687    1.674657673
   18.490000000    1.616990348    1.673915749    1.692601221
   18.500000000    1.624083738    1.678607162    1.711543011
   18.510000000    1.632626539    1.682479053    1.730166562
   18.520000000    1.642290062    1.685906867    1.747111570
   18.530000000    1.651829846    1.688345532    1.760818998
   18.540000000    1.659291248    1.688646501    1.769333897
   18.550000000    1.663129864    1.686269258    1.770959931
   18.560000000    1.663205675    1.682083626    1.765220275
   18.570000000    1.661037935    1.678146637    1.753642672
   18.580000000    1.659178825    1.676717253    1.739684964
   18.590000000    1.659890845    1.679104717    1.727347936
   18.600000000    1.664185108    1.685158933    1.719436481
   18.610000000    1.671848978    1.693719711    1.716542725
   18.620000000    1.681882206    1.703331248    1.717042958
   18.630000000    1.692622223    1.712336668    1.717875324
   18.640000000    1.701813569    1.718705608    1.715898750
   18.650000000    1.707339559    1.720682131    1.709511671
   18.660000000    1.708300230    1.717925644    1.699227315
   18.670000000    1.705520028    1.711814864    1.686810148
   18.680000000    1.701208371    1.704648176    1.674476147
   18.690000000    1.697884532    1.698421783    1.664458068
   18.700000000    1.697135782    1.694084874    1.658113001
   18.710000000    1.699198075    1.691815190    1.655118841
   18.720000000    1.703372186    1.691566345    1.653645114
   18.730000000    1.708536145    1.692997880    1.651404181
   18.740000000    1.713569564    1.695289232    1.647031181
   18.750000000    1.717688443    1.697452806    1.640952501
   18.760000000    1.720631515    1.698837286    1.634958715
   18.770000000    1.722594700    1.699150792    1.630804736
   18.780000000    1.724009027    1.698266703    1.629208541
   18.790000000    1.725471712    1.696432131    1.629969993
   18.800000000    1.727404702    1.694167965    1.632459513
   18.810000000    1.729357969    1.691501711    1.635664310
   18.820000000    1.730019999    1.687660241    1.638149053
   18.830000000    1.728231400    1.681785119    1.638669926
   18.840000000    1.723901707    1.673843567    1.637201007
   18.850000000    1.717952901    1.664894403    1.635047821
   18.860000000    1.711695316    1.656759955    1.633593689
   18.870000000    1.706393260    1.651399565    1.633080392
   18.880000000    1.702937379    1.650155784    1.632598246
   18.890000000    1.701566931    1.653299393    1.631131667
   18.900000000    1.702069977    1.660205137    1.628808828
   18.910000000    1.704061557    1.669764522    1.626967452
   18.920000000    1.706859441    1.680560068    1.626607818
   18.930000000    1.709546193    1.691093644    1.626958895
   18.940000000    1.711472528    1.700374031    1.625870837
   18.950000000    1.712553399    1.708283180    1.621606226
   18.960000000    1.712933936    1.715081248    1.614272167
   18.970000000    1.712539554    1.720708384    1.605789045
   18.980000000    1.711156488    1.724847926    1.598705924
   18.990000000    1.708809473    1.727405394    1.594892931
   19.000000000    1.705998898    1.728685759    1.595052233
   19.010000000    1.703734510    1.729363604    1.599076791
   19.020000000    1.703106790    1.730276324    1.606284922
   19.030000000    1.704551139    1.731936322    1.615188721
   19.040000000    1.707476566    1.734092040    1.623586829
   19.050000000    1.710626498    1.735839257    1.629478667
   19.060000000    1.713096856    1.736590685    1.632060353
   19.070000000    1.715070841    1.737021933    1.631791638
   19.080000000    1.717179909    1.738412239    1.629582443
   19.090000000    1.719229973    1.740801952    1.625999188
   19.100000000    1.720059066    1.742223544    1.621290492
   19.110000000    1.718518163    1.739841505    1.615866690
   19.120000000    1.714168840    1.731744324    1.610397437
   19.130000000    1.707308902    1.718231345    1.605443211
   19.140000000    1.698869885    1.701970246    1.601245419
   19.150000000    1.689984697    1.686433992    1.597899888
   19.160000000    1.681138421    1.673609416    1.595398536
   19.170000000    1.671999148    1.663360760    1.593582495
   19.180000000    1.662303574    1.654803635    1.592352187
   19.190000000    1.652552142    1.647534877    1.591734177
   19.200000000    1.643811408    1.641601657    1.591640336
   19.210000000    1.637361111    1.637249291    1.592055821
   19.220000000    1.634507322    1.635051334    1.593430436
   19.230000000    1.636181522    1.635845856    1.596082695
   19.240000000    1.642415442    1.640268871    1.599273247
   19.250000000    1.652150290    1.648328041    1.601557622
   19.260000000    1.663778830    1.659496169    1.602190622
   19.270000000    1.676114060    1.673183210    1.601961764
   19.280000000    1.688942026    1.689111041    1.602579087
   19.290000000    1.702629219    1.707199746    1.605192026
   19.300000000    1.717150087    1.726948394    1.609202559
   19.310000000    1.731676142    1.747139307    1.612401854
   19.320000000    1.745074089    1.766372641    1.612421453
   19.330000000    1.756418231    1.783695173    1.608251803
   19.340000000    1.765036751    1.798566069    1.600708683
   19.350000000    1.770445098    1.810328129    1.591624427
   19.360000000    1.772453506    1.818047387    1.582609255
   19.370000000    1.771375909    1.821113140    1.574360410
   19.380000000    1.768189962    1.819859031    1.566731339
   19.390000000    1.764433986    1.815448138    1.559452814
   19.400000000    1.761648042    1.809215292    1.552831159
   19.410000000    1.760716543    1.802120089    1.547660763
   19.420000000    1.761808910    1.794744035    1.544686582
   19.430000000    1.764886725    1.787667643    1.544262478
   19.440000000    1.769910408    1.781538495    1.546234319
   19.450000000    1.776457259    1.776614715    1.549753391
   19.460000000    1.783569150    1.772465176    1.553189090
   19.470000000    1.790382532    1.768450749    1.554846767
   19.480000000    1.796727317    1.764494464    1.554307894
   19.490000000    1.802977384    1.761274218    1.553011696
   19.500000000    1.809537736    1.759730562    1.553147016
   19.510000000    1.816425565    1.760453287    1.555901268
   19.520000000    1.823464312    1.763761971    1.560975154
   19.530000000    1.830839565    1.770055628    1.567338189
   19.540000000    1.838864327    1.779284583    1.573879899
   19.550000000    1.847138234    1.790205940    1.579468827
   19.560000000    1.854512663    1.800892918    1.582912946
   19.570000000    1.860098344    1.810122956    1.583499290
   19.580000000    1.864199914    1.818197904    1.582080422
   19.590000000    1.868149915    1.826466138    1.581460296
   19.600000000    1.873159135    1.836040081    1.584855276
   19.610000000    1.879265445    1.846917830    1.593518670
   19.620000000    1.885226723    1.858138524    1.605921066
   19.630000000    1.889378688    1.868524195    1.619004598
   19.640000000    1.890889663    1.877360185    1.630026715
   19.650000000    1.890525519    1.884786187    1.637657485
   19.660000000    1.890469370    1.891935541    1.642235410
   19.670000000    1.893322675    1.900526617    1.645321865
   19.680000000    1.900637213    1.911769106    1.648684371
   19.690000000    1.912222836    1.925756174    1.653695509
   19.700000000    1.926979160    1.941996551    1.661336515
   19.710000000    1.944047006    1.960045628    1.671848739
   19.720000000    1.963017189    1.979556119    1.684272242
   19.730000000    1.983212543    1.999924433    1.696747175
   19.740000000    2.003259956    2.020168525    1.707496989
   19.750000000    2.021719704    2.039260792    1.715479671
   19.760000000    2.037705339    2.056106525    1.720148192
   19.770000000    2.050832808    2.069409524    1.721200924
   19.780000000    2.061216823    2.078385286    1.719042930
   19.790000000    2.069719102    2.083616874    1.715038958
   19.800000000    2.077583976    2.086699046    1.710589484
   19.810000000    2.085222919    2.088836961    1.706006843
   19.820000000    2.091734080    2.090194476    1.700938557
   19.830000000    2.096261387    2.090976388    1.695884490
   19.840000000    2.099468138    2.092494423    1.692401375
   19.850000000    2.103092175    2.096574276    1.691707900
   19.860000000    2.108363608    2.104301025    1.693954062
   19.870000000    2.115217797    2.115505325    1.698761675
   19.880000000    2.122872081    2.129164364    1.705594629
   19.890000000    2.130835531    2.144191893    1.713490421
   19.900000000    2.139146364    2.159847978    1.720977892
   19.910000000    2.147898230    2.175656122    1.726721700
   19.920000000    2.157007000    2.191251898    1.730433856
   19.930000000    2.166340746    2.206108116    1.732999059
   19.940000000    2.175748473    2.219250010    1.735723595
   19.950000000    2.184953940    2.229603432    1.739720116
   19.960000000    2.193476274    2.236705852    1.745644771
   19.970000000    2.200735169    2.240755037    1.753263213
   19.980000000    2.206271476    2.242083640    1.761114765
   19.990000000    2.209981984    2.241116765    1.766958966
   20.000000000    2.212429005    2.238809468    1.768913457
   20.010000000    2.214682084    2.236453882    1.766393365
   20.020000000    2.217400343    2.234748644    1.760031334
   20.030000000    2.220353719    2.233499906    1.751107033
   20.040000000    2.223180547    2.232367762    1.741412396
   20.050000000    2.225987693    2.231205602    1.733051252
