# energy grid [eV]     epsi_x  epsi_y  epsi_z
#
    0.050000000    0.001375043    0.001375648    0.001404011
    0.060000000    0.001650487    0.001651215    0.001685236
    0.070000000    0.001926170    0.001927020    0.001966692
    0.080000000    0.002202131    0.002203105    0.002248417
    0.090000000    0.002478410    0.002479508    0.002530451
    0.100000000    0.002755048    0.002756271    0.002812833
    0.110000000    0.003032085    0.003033434    0.003095602
    0.120000000    0.003309563    0.003311038    0.003378798
    0.130000000    0.003587522    0.003589125    0.003662459
    0.140000000    0.003866003    0.003867735    0.003946627
    0.150000000    0.004145048    0.004146911    0.004231341
    0.160000000    0.004424700    0.004426694    0.004516642
    0.170000000    0.004705000    0.004707127    0.004802572
    0.180000000    0.004985990    0.004988253    0.005089170
    0.190000000    0.005267715    0.005270115    0.005376479
    0.200000000    0.005550218    0.005552756    0.005664540
    0.210000000    0.005833542    0.005836221    0.005953397
    0.220000000    0.006117732    0.006120553    0.006243091
    0.230000000    0.006402833    0.006405799    0.006533666
    0.240000000    0.006688890    0.006692004    0.006825167
    0.250000000    0.006975949    0.006979213    0.007117636
    0.260000000    0.007264058    0.007267474    0.007411119
    0.270000000    0.007553262    0.007556834    0.007705662
    0.280000000    0.007843611    0.007847341    0.008001311
    0.290000000    0.008135153    0.008139044    0.008298111
    0.300000000    0.008427937    0.008431992    0.008596111
    0.310000000    0.008722013    0.008726236    0.008895359
    0.320000000    0.009017432    0.009021826    0.009195902
    0.330000000    0.009314246    0.009318816    0.009497792
    0.340000000    0.009612508    0.009617257    0.009801077
    0.350000000    0.009912271    0.009917202    0.010105810
    0.360000000    0.010213589    0.010218708    0.010412041
    0.370000000    0.010516519    0.010521830    0.010719825
    0.380000000    0.010821116    0.010826623    0.011029215
    0.390000000    0.011127438    0.011133147    0.011340266
    0.400000000    0.011435544    0.011441460    0.011653034
    0.410000000    0.011745494    0.011751623    0.011967575
    0.420000000    0.012057349    0.012063696    0.012283949
    0.430000000    0.012371172    0.012377743    0.012602213
    0.440000000    0.012687026    0.012693827    0.012922429
    0.450000000    0.013004977    0.013012014    0.013244658
    0.460000000    0.013325091    0.013332372    0.013568963
    0.470000000    0.013647437    0.013654968    0.013895409
    0.480000000    0.013972083    0.013979873    0.014224062
    0.490000000    0.014299103    0.014307158    0.014554989
    0.500000000    0.014628568    0.014636897    0.014888258
    0.510000000    0.014960554    0.014969166    0.015223941
    0.520000000    0.015295137    0.015304041    0.015562110
    0.530000000    0.015632397    0.015641602    0.015902837
    0.540000000    0.015972413    0.015981930    0.016246200
    0.550000000    0.016315270    0.016325108    0.016592276
    0.560000000    0.016661052    0.016671222    0.016941144
    0.570000000    0.017009846    0.017020359    0.017292887
    0.580000000    0.017361742    0.017372611    0.017647587
    0.590000000    0.017716833    0.017728071    0.018005331
    0.600000000    0.018075214    0.018086832    0.018366208
    0.610000000    0.018436981    0.018448995    0.018730307
    0.620000000    0.018802236    0.018814660    0.019097723
    0.630000000    0.019171082    0.019183931    0.019468552
    0.640000000    0.019543626    0.019556915    0.019842892
    0.650000000    0.019919977    0.019933724    0.020220844
    0.660000000    0.020300249    0.020314471    0.020602514
    0.670000000    0.020684558    0.020699274    0.020988009
    0.680000000    0.021073025    0.021088254    0.021377440
    0.690000000    0.021465773    0.021481536    0.021770920
    0.700000000    0.021862932    0.021879251    0.022168570
    0.710000000    0.022264633    0.022281530    0.022570508
    0.720000000    0.022671014    0.022688514    0.022976862
    0.730000000    0.023082215    0.023100343    0.023387761
    0.740000000    0.023498385    0.023517167    0.023803339
    0.750000000    0.023919673    0.023939138    0.024223733
    0.760000000    0.024346237    0.024366415    0.024649087
    0.770000000    0.024778239    0.024799161    0.025079548
    0.780000000    0.025215848    0.025237546    0.025515269
    0.790000000    0.025659237    0.025681747    0.025956409
    0.800000000    0.026108587    0.026131947    0.026403130
    0.810000000    0.026564086    0.026588335    0.026855603
    0.820000000    0.027025929    0.027051108    0.027314003
    0.830000000    0.027494317    0.027520471    0.027778512
    0.840000000    0.027969461    0.027996636    0.028249320
    0.850000000    0.028451579    0.028479824    0.028726622
    0.860000000    0.028940897    0.028970266    0.029210621
    0.870000000    0.029437653    0.029468200    0.029701529
    0.880000000    0.029942090    0.029973875    0.030199566
    0.890000000    0.030454466    0.030487552    0.030704959
    0.900000000    0.030975047    0.031009502    0.031217946
    0.910000000    0.031504111    0.031540005    0.031738775
    0.920000000    0.032041948    0.032079357    0.032267701
    0.930000000    0.032588860    0.032627865    0.032804993
    0.940000000    0.033145164    0.033185850    0.033350930
    0.950000000    0.033711188    0.033753649    0.033905803
    0.960000000    0.034287279    0.034331613    0.034469916
    0.970000000    0.034873797    0.034920108    0.035043585
    0.980000000    0.035471120    0.035519521    0.035627142
    0.990000000    0.036079643    0.036130254    0.036220931
    1.000000000    0.036699780    0.036752730    0.036825316
    1.010000000    0.037331967    0.037387393    0.037440673
    1.020000000    0.037976658    0.038034709    0.038067399
    1.030000000    0.038634334    0.038695167    0.038705909
    1.040000000    0.039305495    0.039369282    0.039356638
    1.050000000    0.039990672    0.040057596    0.040020041
    1.060000000    0.040690419    0.040760678    0.040696597
    1.070000000    0.041405323    0.041479130    0.041386808
    1.080000000    0.042136001    0.042213584    0.042091203
    1.090000000    0.042883102    0.042964710    0.042810336
    1.100000000    0.043647313    0.043733212    0.043544794
    1.110000000    0.044429360    0.044519839    0.044295189
    1.120000000    0.045230007    0.045325380    0.045062173
    1.130000000    0.046050065    0.046150670    0.045846429
    1.140000000    0.046890392    0.046996597    0.046648679
    1.150000000    0.047751897    0.047864102    0.047469687
    1.160000000    0.048635545    0.048754182    0.048310259
    1.170000000    0.049542358    0.049667900    0.049171250
    1.180000000    0.050473424    0.050606387    0.050053565
    1.190000000    0.051429901    0.051570844    0.050958162
    1.200000000    0.052413020    0.052562557    0.051886060
    1.210000000    0.053424095    0.053582896    0.052838340
    1.220000000    0.054464527    0.054633326    0.053816152
    1.230000000    0.055535812    0.055715414    0.054820719
    1.240000000    0.056639553    0.056830840    0.055853346
    1.250000000    0.057777464    0.057981407    0.056915424
    1.260000000    0.058951383    0.059169052    0.058008439
    1.270000000    0.060163284    0.060395858    0.059133978
    1.280000000    0.061415288    0.061664069    0.060293744
    1.290000000    0.062709680    0.062976109    0.061489558
    1.300000000    0.064048921    0.064334594    0.062723377
    1.310000000    0.065435671    0.065742359    0.063997303
    1.320000000    0.066872803    0.067202475    0.065313600
    1.330000000    0.068363430    0.068718281    0.066674705
    1.340000000    0.069910931    0.070293407    0.068083250
    1.350000000    0.071518975    0.071931814    0.069542083
    1.360000000    0.073191558    0.073637826    0.071054283
    1.370000000    0.074933038    0.075416177    0.072623195
    1.380000000    0.076748180    0.077272062    0.074252448
    1.390000000    0.078642197    0.079211191    0.075945998
    1.400000000    0.080620817    0.081239857    0.077708156
    1.410000000    0.082690335    0.083365013    0.079543634
    1.420000000    0.084857693    0.085594360    0.081457594
    1.430000000    0.087130563    0.087936451    0.083455700
    1.440000000    0.089517446    0.090400814    0.085544182
    1.450000000    0.092027787    0.092998090    0.087729911
    1.460000000    0.094672106    0.095740206    0.090020481
    1.470000000    0.097462163    0.098640572    0.092424310
    1.480000000    0.100411135    0.101714315    0.094950752
    1.490000000    0.103533845    0.104978566    0.097610236
    1.500000000    0.106847019    0.108452799    0.100414419
    1.510000000    0.110369601    0.112159241    0.103376378
    1.520000000    0.114123130    0.116123369    0.106510828
    1.530000000    0.118132197    0.120374521    0.109834393
    1.540000000    0.122424998    0.124946643    0.113365919
    1.550000000    0.127034009    0.129879215    0.117126858
    1.560000000    0.131996822    0.135218396    0.121141736
    1.570000000    0.137357170    0.141018471    0.125438718
    1.580000000    0.143166215    0.147343668    0.130050302
    1.590000000    0.149484159    0.154270467    0.135014182
    1.600000000    0.156382280    0.161890567    0.140374311
    1.610000000    0.163945530    0.170314709    0.146182242
    1.620000000    0.172275871    0.179677667    0.152498816
    1.630000000    0.181496602    0.190144788    0.159396310
    1.640000000    0.191758005    0.201920679    0.166961189
    1.650000000    0.203244791    0.215260786    0.175297671
    1.660000000    0.216185998    0.230487011    0.184532371
    1.670000000    0.230868243    0.248008858    0.194820421
    1.680000000    0.247653593    0.268352248    0.206353582
    1.690000000    0.267003752    0.292198813    0.219371100
    1.700000000    0.289512831    0.320439227    0.234174319
    1.710000000    0.315951391    0.354244397    0.251146427
    1.720000000    0.347324427    0.395156871    0.270779126
    1.730000000    0.384943974    0.445197914    0.293708342
    1.740000000    0.430509753    0.506964652    0.320760889
    1.750000000    0.486170632    0.583636089    0.353012011
    1.760000000    0.554489187    0.678677389    0.391846917
    1.770000000    0.638127262    0.794780202    0.439000240
    1.780000000    0.738916747    0.931266314    0.496500427
    1.790000000    0.855960002    1.079439614    0.566347188
    1.800000000    0.983108521    1.217974156    0.649597246
    1.810000000    1.107949198    1.315883292    0.744498092
    1.820000000    1.214818713    1.349350004    0.844071414
    1.830000000    1.290541921    1.319468234    0.935970856
    1.840000000    1.330459985    1.249514713    1.009015057
    1.850000000    1.344160126    1.168210970    1.063839619
    1.860000000    1.353814072    1.098225277    1.115037457
    1.870000000    1.381915968    1.052729523    1.180947819
    1.880000000    1.438926958    1.035711513    1.272344227
    1.890000000    1.517119323    1.043286592    1.386777510
    1.900000000    1.590115181    1.065154227    1.507926374
    1.910000000    1.623184743    1.088440018    1.612435759
    1.920000000    1.596715442    1.105169270    1.684103173
    1.930000000    1.522343047    1.116858998    1.719950765
    1.940000000    1.431261910    1.130205231    1.718571507
    1.950000000    1.351799415    1.151068434    1.672249350
    1.960000000    1.300618575    1.184915303    1.579847906
    1.970000000    1.285880266    1.239360613    1.459296448
    1.980000000    1.311277303    1.322174964    1.338567165
    1.990000000    1.376996117    1.436064793    1.239493569
    2.000000000    1.478198205    1.573795523    1.172224681
    2.010000000    1.602470557    1.716523076    1.138182175
    2.020000000    1.729944152    1.840992960    1.134200372
    2.030000000    1.840893139    1.936232491    1.155810314
    2.040000000    1.928850573    2.013824130    1.200487232
    2.050000000    2.005883320    2.097506515    1.269723204
    2.060000000    2.089276490    2.201289343    1.367513057
    2.070000000    2.180277022    2.313807497    1.496769833
    2.080000000    2.256015026    2.400861143    1.657829669
    2.090000000    2.283517406    2.430013805    1.849366886
    2.100000000    2.243823248    2.398346011    2.065566878
    2.110000000    2.143646944    2.331797290    2.284922215
    2.120000000    2.008126340    2.259515078    2.461405222
    2.130000000    1.864611615    2.193664510    2.540245250
    2.140000000    1.730747237    2.128749573    2.498990090
    2.150000000    1.613656094    2.052930654    2.370126648
    2.160000000    1.514846678    1.958131390    2.215168284
    2.170000000    1.435334945    1.846513853    2.084463872
    2.180000000    1.378824422    1.733076471    1.999574906
    2.190000000    1.350718833    1.638747427    1.954885348
    2.200000000    1.355255241    1.579996534    1.926098766
    2.210000000    1.394570357    1.565008692    1.885756346
    2.220000000    1.469131001    1.595050515    1.823547236
    2.230000000    1.576583784    1.665086374    1.753484234
    2.240000000    1.708460255    1.761924908    1.700572897
    2.250000000    1.849266520    1.864502343    1.685448738
    2.260000000    1.984297567    1.953564560    1.720044709
    2.270000000    2.111910371    2.026743280    1.809598150
    2.280000000    2.242183349    2.099399523    1.953573824
    2.290000000    2.377797143    2.185950426    2.142938863
    2.300000000    2.499302609    2.282501359    2.356421250
    2.310000000    2.575362419    2.367568635    2.563282703
    2.320000000    2.591295368    2.417861260    2.736270164
    2.330000000    2.562306126    2.422282319    2.861534930
    2.340000000    2.515930751    2.382830182    2.931347652
    2.350000000    2.469944719    2.309128337    2.932647885
    2.360000000    2.429560128    2.216841143    2.855405575
    2.370000000    2.398003177    2.126753912    2.711723663
    2.380000000    2.380966093    2.057229306    2.531869937
    2.390000000    2.379821142    2.015686437    2.343355604
    2.400000000    2.387090188    1.998507644    2.164521096
    2.410000000    2.392070184    1.999153434    2.010415816
    2.420000000    2.390258432    2.015563389    1.893865523
    2.430000000    2.386262942    2.048819627    1.821724143
    2.440000000    2.384897724    2.095374786    1.792857651
    2.450000000    2.379507252    2.143856828    1.799640496
    2.460000000    2.355661235    2.184026579    1.832619604
    2.470000000    2.310155256    2.219080202    1.887262637
    2.480000000    2.260103349    2.264177221    1.968361292
    2.490000000    2.229013585    2.330736115    2.086312432
    2.500000000    2.229238408    2.413795323    2.246456556
    2.510000000    2.259239763    2.495869922    2.438907254
    2.520000000    2.311282002    2.562604948    2.635528976
    2.530000000    2.374578710    2.610089068    2.798727404
    2.540000000    2.430215923    2.635878598    2.897806710
    2.550000000    2.452162596    2.632239706    2.921899326
    2.560000000    2.423976159    2.596015768    2.887658226
    2.570000000    2.355162168    2.541287246    2.834495965
    2.580000000    2.275086544    2.493916112    2.799375775
    2.590000000    2.210347054    2.472190630    2.790324356
    2.600000000    2.169666779    2.474848633    2.780801034
    2.610000000    2.147602753    2.487962009    2.731316875
    2.620000000    2.139003788    2.501950820    2.626411814
    2.630000000    2.146781672    2.517129841    2.490746217
    2.640000000    2.176517467    2.533017129    2.367745799
    2.650000000    2.230597752    2.542788049    2.291944977
    2.660000000    2.309321298    2.541595782    2.279842298
    2.670000000    2.411000860    2.532443887    2.332820642
    2.680000000    2.528103349    2.521890066    2.440766738
    2.690000000    2.647211226    2.514135867    2.583365830
    2.700000000    2.755309942    2.509739933    2.730759058
    2.710000000    2.842767866    2.506321288    2.849091911
    2.720000000    2.897662683    2.496560759    2.915620250
    2.730000000    2.904837877    2.470501755    2.932591424
    2.740000000    2.858135219    2.426976232    2.922839819
    2.750000000    2.770921835    2.379806926    2.907720311
    2.760000000    2.671512312    2.349364263    2.887458061
    2.770000000    2.587441413    2.349747352    2.844822552
    2.780000000    2.531775188    2.381739155    2.768482999
    2.790000000    2.501906441    2.432595416    2.668045506
    2.800000000    2.488238075    2.481194278    2.564877674
    2.810000000    2.480669152    2.505955211    2.475106755
    2.820000000    2.468813113    2.493289907    2.406776993
    2.830000000    2.445271635    2.446138789    2.368171796
    2.840000000    2.413373161    2.385788707    2.368911785
    2.850000000    2.386604192    2.340915328    2.410575526
    2.860000000    2.376846823    2.331896271    2.477962670
    2.870000000    2.386108877    2.362326228    2.539283443
    2.880000000    2.409112980    2.419360365    2.560108091
    2.890000000    2.438793965    2.479953686    2.526995454
    2.900000000    2.469628249    2.523426202    2.457329235
    2.910000000    2.500790179    2.544750425    2.381455419
    2.920000000    2.534636604    2.553753714    2.320670373
    2.930000000    2.568103204    2.560154330    2.284984931
    2.940000000    2.589559679    2.563908751    2.282555148
    2.950000000    2.588535196    2.560161572    2.321683449
    2.960000000    2.565706132    2.548499814    2.403919052
    2.970000000    2.530712225    2.535803085    2.519912293
    2.980000000    2.494244391    2.532447724    2.655251058
    2.990000000    2.465501172    2.546824509    2.802154138
    3.000000000    2.452097116    2.580028006    2.962063583
    3.010000000    2.457844533    2.623230410    3.130793777
    3.020000000    2.481421038    2.661004759    3.282524660
    3.030000000    2.516148289    2.677494753    3.377102528
    3.040000000    2.550768841    2.663433911    3.389925710
    3.050000000    2.574926696    2.623722174    3.332709492
    3.060000000    2.587048737    2.577795606    3.239491023
    3.070000000    2.597119073    2.549639247    3.134710987
    3.080000000    2.620109285    2.556440367    3.022492010
    3.090000000    2.663644537    2.602528774    2.906091373
    3.100000000    2.721758866    2.678749866    2.805582330
    3.110000000    2.780757240    2.766256796    2.750123829
    3.120000000    2.829615405    2.844632729    2.760101185
    3.130000000    2.863859929    2.900595570    2.837629112
    3.140000000    2.881497245    2.930103181    2.964612138
    3.150000000    2.880124473    2.934958904    3.104154426
    3.160000000    2.858651953    2.920749701    3.208326299
    3.170000000    2.819191123    2.896418914    3.238532343
    3.180000000    2.768850875    2.873521062    3.188985448
    3.190000000    2.718308854    2.861769017    3.085244087
    3.200000000    2.674155973    2.859746851    2.958441021
    3.210000000    2.634010259    2.851947360    2.829576865
    3.220000000    2.593644908    2.822023861    2.716303458
    3.230000000    2.556775219    2.769935480    2.640909289
    3.240000000    2.532608515    2.712052410    2.624945076
    3.250000000    2.527141647    2.667382512    2.679554683
    3.260000000    2.539997704    2.647250289    2.799283529
    3.270000000    2.564020072    2.652428004    2.957879306
    3.280000000    2.586527148    2.675344037    3.108792500
    3.290000000    2.599107755    2.708693668    3.199044807
    3.300000000    2.607741369    2.752459585    3.195170411
    3.310000000    2.626168540    2.806645407    3.102049852
    3.320000000    2.660318676    2.858367145    2.957165230
    3.330000000    2.705719578    2.884970666    2.806556935
    3.340000000    2.758567581    2.872462512    2.685696081
    3.350000000    2.821739165    2.825423717    2.615816624
    3.360000000    2.897687869    2.759248713    2.606141570
    3.370000000    2.979532829    2.688066922    2.654534026
    3.380000000    3.050355558    2.617848805    2.747573590
    3.390000000    3.090877165    2.546349116    2.862015051
    3.400000000    3.090529662    2.469295988    2.969404275
    3.410000000    3.052872914    2.387247148    3.044465855
    3.420000000    2.989888755    2.306664091    3.074993431
    3.430000000    2.912485373    2.236150943    3.065807767
    3.440000000    2.828058924    2.183220157    3.029397048
    3.450000000    2.743272408    2.153398976    2.972501947
    3.460000000    2.664571607    2.150222152    2.896873231
    3.470000000    2.596866651    2.175527207    2.811315154
    3.480000000    2.542310669    2.229098590    2.735707924
    3.490000000    2.502077934    2.308352325    2.691723859
    3.500000000    2.481022327    2.409034520    2.692847409
    3.510000000    2.486897603    2.525488122    2.740685366
    3.520000000    2.524055587    2.652200856    2.825381640
    3.530000000    2.590181039    2.786833703    2.930855052
    3.540000000    2.676915135    2.927762791    3.041250997
    3.550000000    2.769475893    3.066008925    3.140160034
    3.560000000    2.847249981    3.184912507    3.209579569
    3.570000000    2.893423355    3.273738189    3.239706961
    3.580000000    2.908309105    3.338733155    3.237837861
    3.590000000    2.906933055    3.393385045    3.223347344
    3.600000000    2.902312372    3.439279587    3.217485603
    3.610000000    2.899058983    3.465204673    3.235657258
    3.620000000    2.900988248    3.463667935    3.279445421
    3.630000000    2.913543330    3.439295222    3.332975714
    3.640000000    2.936780278    3.402251829    3.369317545
    3.650000000    2.960800246    3.359301532    3.364563800
    3.660000000    2.969384587    3.309034414    3.312094918
    3.670000000    2.948294822    3.241665321    3.227203468
    3.680000000    2.894201190    3.146846852    3.136228676
    3.690000000    2.820538264    3.027233927    3.061285954
    3.700000000    2.752042347    2.901812054    3.017055926
    3.710000000    2.709375110    2.792853880    3.013307428
    3.720000000    2.699470327    2.713336124    3.051962621
    3.730000000    2.718144300    2.666600564    3.124433938
    3.740000000    2.756316505    2.650326647    3.213103948
    3.750000000    2.803340362    2.657214471    3.292231471
    3.760000000    2.850655561    2.676483037    3.332843122
    3.770000000    2.896331084    2.699127116    3.317943849
    3.780000000    2.944100547    2.721448238    3.256469720
    3.790000000    2.995866994    2.742581607    3.181250407
    3.800000000    3.045496315    2.759822973    3.130716840
    3.810000000    3.080640325    2.768348805    3.128331386
    3.820000000    3.090541713    2.765740457    3.174648250
    3.830000000    3.072089131    2.754388637    3.251866273
    3.840000000    3.030566335    2.738121789    3.332446365
    3.850000000    2.978101595    2.720017309    3.391098765
    3.860000000    2.931988228    2.705557919    3.418320853
    3.870000000    2.910037893    2.703393532    3.418416091
    3.880000000    2.922045600    2.720181595    3.393589262
    3.890000000    2.963734559    2.756501911    3.341974662
    3.900000000    3.018477087    2.808155136    3.270274323
    3.910000000    3.066691365    2.870108844    3.196710469
    3.920000000    3.096307541    2.937923679    3.139391475
    3.930000000    3.103677961    3.003550141    3.102725399
    3.940000000    3.086979745    3.051531831    3.074167398
    3.950000000    3.044427550    3.065601913    3.035330202
    3.960000000    2.979007968    3.041722035    2.976273395
    3.970000000    2.900940742    2.992222404    2.900028537
    3.980000000    2.823894448    2.936353108    2.819901719
    3.990000000    2.759211997    2.889092906    2.753757995
    4.000000000    2.712995579    2.857963201    2.715572199
    4.010000000    2.686942879    2.845765696    2.710039113
    4.020000000    2.680535989    2.853633415    2.734820230
    4.030000000    2.691852718    2.880203212    2.787461323
    4.040000000    2.717079438    2.918422936    2.868735582
    4.050000000    2.750418547    2.956359981    2.976897292
    4.060000000    2.786417758    2.983385246    3.101420764
    4.070000000    2.824457080    2.995536807    3.229536275
    4.080000000    2.872084230    2.997045809    3.359539042
    4.090000000    2.942707298    3.000438367    3.500525065
    4.100000000    3.046083368    3.022088395    3.656198969
    4.110000000    3.177790715    3.070785041    3.812558950
    4.120000000    3.316474605    3.138611164    3.941060759
    4.130000000    3.431795791    3.204351295    4.013734697
    4.140000000    3.499470302    3.248414203    4.022379611
    4.150000000    3.513450987    3.265930859    3.982098936
    4.160000000    3.485326793    3.265021470    3.911817633
    4.170000000    3.433793354    3.256073349    3.819621861
    4.180000000    3.374475104    3.245618041    3.709434710
    4.190000000    3.315124080    3.235201757    3.592703125
    4.200000000    3.255628011    3.220381869    3.488268504
    4.210000000    3.191659993    3.191902586    3.411813201
    4.220000000    3.121136922    3.142930901    3.369169461
    4.230000000    3.049045022    3.078249702    3.358782322
    4.240000000    2.987882588    3.016700755    3.374617072
    4.250000000    2.953965347    2.983907329    3.407002144
    4.260000000    2.958700359    3.000537307    3.446259575
    4.270000000    3.000057038    3.073974117    3.487453147
    4.280000000    3.063366966    3.197122447    3.529630541
    4.290000000    3.131455085    3.352550490    3.568699448
    4.300000000    3.193994044    3.517613016    3.592252066
    4.310000000    3.248359955    3.668826823    3.585355744
    4.320000000    3.294910350    3.787304154    3.544934345
    4.330000000    3.331509244    3.861470831    3.487639494
    4.340000000    3.349331970    3.882482719    3.439918588
    4.350000000    3.336804748    3.843543204    3.419783157
    4.360000000    3.291696262    3.748977098    3.427395527
    4.370000000    3.225310566    3.617062669    3.448682672
    4.380000000    3.153779773    3.471130181    3.465566506
    4.390000000    3.090607669    3.331827146    3.466457499
    4.400000000    3.045230971    3.213795098    3.451953650
    4.410000000    3.021353723    3.121648265    3.431607990
    4.420000000    3.016995293    3.050125867    3.415047683
    4.430000000    3.030341647    2.993360320    3.405274893
    4.440000000    3.066316024    2.954511714    3.400922808
    4.450000000    3.135663600    2.944472649    3.406823238
    4.460000000    3.245988358    2.971501013    3.437438403
    4.470000000    3.392770435    3.032335020    3.504069740
    4.480000000    3.557562873    3.111437189    3.601152038
    4.490000000    3.714372038    3.187483159    3.707031012
    4.500000000    3.840396350    3.241602259    3.794679123
    4.510000000    3.922754945    3.262931973    3.840700168
    4.520000000    3.956895080    3.250620713    3.831309971
    4.530000000    3.943871371    3.212162384    3.767871116
    4.540000000    3.889594671    3.158045958    3.666974004
    4.550000000    3.801488182    3.096778449    3.551629588
    4.560000000    3.687004080    3.035681704    3.441042844
    4.570000000    3.557265782    2.983929167    3.347156739
    4.580000000    3.427610903    2.950635953    3.278179611
    4.590000000    3.311780181    2.940333581    3.241912251
    4.600000000    3.217027467    2.952797612    3.244136554
    4.610000000    3.145575766    2.987829532    3.285778695
    4.620000000    3.099894212    3.049764525    3.361277238
    4.630000000    3.085780897    3.147085911    3.459886736
    4.640000000    3.110079586    3.286731419    3.572515249
    4.650000000    3.175684948    3.467462397    3.698148375
    4.660000000    3.278857052    3.678413068    3.840170797
    4.670000000    3.411320726    3.904534954    3.996684899
    4.680000000    3.562885735    4.130714213    4.155825033
    4.690000000    3.719952765    4.338218285    4.298402369
    4.700000000    3.866125844    4.504211566    4.405155762
    4.710000000    3.988133333    4.611454345    4.463145218
    4.720000000    4.078314137    4.655774737    4.468815703
    4.730000000    4.133252186    4.644592494    4.431027483
    4.740000000    4.155727876    4.594056266    4.371833697
    4.750000000    4.155938604    4.525400375    4.319003088
    4.760000000    4.145742058    4.456662764    4.292000538
    4.770000000    4.130917319    4.394066418    4.289965769
    4.780000000    4.109133000    4.330891258    4.290683116
    4.790000000    4.074769759    4.256379341    4.265705122
    4.800000000    4.025707406    4.167636416    4.202133235
    4.810000000    3.966998623    4.074082313    4.112219493
    4.820000000    3.910772837    3.991280436    4.026239076
    4.830000000    3.873685030    3.931980457    3.976460560
    4.840000000    3.871722469    3.902864923    3.980679011
    4.850000000    3.913248125    3.905983186    4.034153330
    4.860000000    3.993498279    3.937750631    4.112299221
    4.870000000    4.094295045    3.985019683    4.184117058
    4.880000000    4.189644451    4.026603057    4.232300000
    4.890000000    4.254337705    4.043213465    4.261352330
    4.900000000    4.274204040    4.028946825    4.284738407
    4.910000000    4.254037481    3.995366324    4.308762486
    4.920000000    4.215034550    3.964316313    4.329766644
    4.930000000    4.182867722    3.955913874    4.344215623
    4.940000000    4.177338363    3.981033360    4.358663295
    4.950000000    4.208657545    4.040427679    4.384592559
    4.960000000    4.277483480    4.128301816    4.423745351
    4.970000000    4.376731349    4.237532644    4.465577899
    4.980000000    4.495303668    4.363355374    4.497693306
    4.990000000    4.622955225    4.504075228    4.512321946
    5.000000000    4.753929848    4.659456203    4.506601525
    5.010000000    4.887855836    4.828457836    4.484161012
    5.020000000    5.027239351    5.006712985    4.455686042
    5.030000000    5.170895944    5.183288422    4.432883284
    5.040000000    5.307317415    5.339777113    4.421259165
    5.050000000    5.415331948    5.455383996    4.420033058
    5.060000000    5.476053517    5.517913023    4.425965833
    5.070000000    5.487302767    5.531826872    4.433464542
    5.080000000    5.466412554    5.514466432    4.432189970
    5.090000000    5.441401601    5.486876750    4.410441383
    5.100000000    5.438540301    5.466847566    4.364394356
    5.110000000    5.472007161    5.462328841    4.301943088
    5.120000000    5.542714038    5.471496288    4.238285752
    5.130000000    5.645394306    5.494654398    4.190781840
    5.140000000    5.771498169    5.541207162    4.175341001
    5.150000000    5.907687409    5.620089493    4.203121484
    5.160000000    6.041122916    5.728755367    4.279484614
    5.170000000    6.166208659    5.853640804    4.403654129
    5.180000000    6.279617310    5.976577756    4.564940776
    5.190000000    6.370568577    6.081114131    4.740326625
    5.200000000    6.423516346    6.159814824    4.903892316
    5.210000000    6.433827955    6.220187137    5.044684779
    5.220000000    6.416300752    6.281261199    5.174130926
    5.230000000    6.392646453    6.359212788    5.316650639
    5.240000000    6.374076055    6.453218644    5.495472179
    5.250000000    6.359325809    6.544471219    5.722061526
    5.260000000    6.344279737    6.609102091    5.988869390
    5.270000000    6.330405269    6.635541203    6.266383242
    5.280000000    6.326413534    6.634189979    6.512204389
    5.290000000    6.343705152    6.632305374    6.695682945
    5.300000000    6.390832972    6.659152874    6.818117640
    5.310000000    6.471453770    6.733266531    6.902818576
    5.320000000    6.583746646    6.857528100    6.966184278
    5.330000000    6.719403772    7.020735597    7.004778081
    5.340000000    6.864111884    7.202237304    7.007303029
    5.350000000    7.002656640    7.379033155    6.972388612
    5.360000000    7.130836994    7.539188944    6.915119896
    5.370000000    7.261746539    7.691040966    6.857627746
    5.380000000    7.414567637    7.852773131    6.813725214
    5.390000000    7.598804244    8.032260766    6.784978492
    5.400000000    7.807767821    8.216732839    6.770961142
    5.410000000    8.022672053    8.379813806    6.781211592
    5.420000000    8.224615577    8.498692169    6.836785740
    5.430000000    8.405916332    8.567596354    6.959781253
    5.440000000    8.570274995    8.598371592    7.163552651
    5.450000000    8.721997687    8.609224296    7.449886791
    5.460000000    8.857822284    8.614417765    7.807062297
    5.470000000    8.969989608    8.623369913    8.211112944
    5.480000000    9.053431141    8.643092594    8.634960246
    5.490000000    9.108284846    8.677024712    9.056917051
    5.500000000    9.138102090    8.723323124    9.463806853
    5.510000000    9.149527114    8.778024464    9.854332841
    5.520000000    9.154411352    8.839840180   10.235065643
    5.530000000    9.168838636    8.909026443   10.603618030
    5.540000000    9.205033701    8.979574042   10.938209616
    5.550000000    9.259673991    9.033675508   11.208420868
    5.560000000    9.310254342    9.047524526   11.396346399
    5.570000000    9.327863287    9.005386721   11.508500640
    5.580000000    9.297877455    8.911074689   11.572032569
    5.590000000    9.227123063    8.787166966   11.620971061
    5.600000000    9.132337112    8.662477656   11.681178616
    5.610000000    9.026728622    8.558576718   11.759549557
    5.620000000    8.913710618    8.481757674   11.842027838
    5.630000000    8.787240476    8.422214227   11.904637898
    5.640000000    8.640340756    8.362466557   11.925794653
    5.650000000    8.477604189    8.292412321   11.890424117
    5.660000000    8.320676545    8.222614840   11.798243000
    5.670000000    8.200018696    8.182151820   11.676604407
    5.680000000    8.137149114    8.196478021   11.574960319
    5.690000000    8.132103872    8.265567395   11.539718688
    5.700000000    8.166993112    8.365426174   11.591169008
    5.710000000    8.219562501    8.467973295   11.711095654
    5.720000000    8.274882334    8.557899642   11.849828517
    5.730000000    8.329225749    8.637107452   11.957857824
    5.740000000    8.385171919    8.718316466   12.013676455
    5.750000000    8.445482968    8.813615443   12.023723570
    5.760000000    8.512815071    8.925206166   12.011772482
    5.770000000    8.589590316    9.040546499   12.012065979
    5.780000000    8.672123804    9.134503554   12.055331953
    5.790000000    8.747744720    9.182317062   12.149804189
    5.800000000    8.801605872    9.174255462   12.276016167
    5.810000000    8.824690462    9.118950778   12.400330214
    5.820000000    8.815159715    9.035018187   12.495421167
    5.830000000    8.777149480    8.939522195   12.553808723
    5.840000000    8.718497185    8.839266411   12.582243274
    5.850000000    8.642802605    8.727001305   12.578922815
    5.860000000    8.542276552    8.586805511   12.523863977
    5.870000000    8.403863903    8.408739884   12.403503891
    5.880000000    8.225202782    8.201420324   12.239278810
    5.890000000    8.025716037    7.992249697   12.081042742
    5.900000000    7.842862793    7.815616617   11.974156294
    5.910000000    7.712953679    7.695135041   11.931948768
    5.920000000    7.650353225    7.631209659   11.930943398
    5.930000000    7.642934182    7.603662138   11.926845575
    5.940000000    7.665689899    7.586898226   11.877900030
    5.950000000    7.697700210    7.564594872   11.766730124
    5.960000000    7.725417795    7.531029971   11.605408529
    5.970000000    7.734558616    7.483063360   11.414478995
    5.980000000    7.711960290    7.421082204   11.205493055
    5.990000000    7.661499190    7.359281558   10.989791805
    6.000000000    7.610213551    7.325223416   10.789291404
    6.010000000    7.591438342    7.343942913   10.627970011
    6.020000000    7.623031585    7.423852312   10.515230476
    6.030000000    7.702488393    7.556676270   10.439443263
    6.040000000    7.815654388    7.725274787   10.375788893
    6.050000000    7.941447611    7.907493985   10.302286256
    6.060000000    8.053340953    8.077514600   10.214140411
    6.070000000    8.128507693    8.211234614   10.121293153
    6.080000000    8.159301005    8.293284191   10.031649917
    6.090000000    8.156128167    8.322475574    9.945014079
    6.100000000    8.141368099    8.313761329    9.866125408
    6.110000000    8.138993378    8.292087141    9.814197895
    6.120000000    8.163823755    8.280592613    9.813059318
    6.130000000    8.215626849    8.293205150    9.876036953
    6.140000000    8.282018114    8.334442008   10.000332277
    6.150000000    8.349611024    8.403036110   10.170045552
    6.160000000    8.414944859    8.495568316   10.366238807
    6.170000000    8.483539751    8.605884430   10.575073667
    6.180000000    8.557740083    8.721895966   10.778897051
    6.190000000    8.629167305    8.828221297   10.946316625
    6.200000000    8.685584136    8.914360590   11.044627880
    6.210000000    8.723497708    8.978494573   11.057139744
    6.220000000    8.753464314    9.025745478   10.987818106
    6.230000000    8.793306699    9.064246104   10.857194229
    6.240000000    8.856257816    9.100435504   10.692365531
    6.250000000    8.944327509    9.136711531   10.516155789
    6.260000000    9.050421176    9.172157225   10.342421449
    6.270000000    9.165893442    9.204726927   10.178444498
    6.280000000    9.288171543    9.235305486   10.028512388
    6.290000000    9.421543674    9.269182181    9.895559147
    6.300000000    9.567653243    9.310925070    9.784935225
    6.310000000    9.714150623    9.358891684    9.707983490
    6.320000000    9.833455516    9.404764714    9.677641202
    6.330000000    9.895382983    9.437961779    9.698380686
    6.340000000    9.885752604    9.451056605    9.758485336
    6.350000000    9.814375518    9.440822091    9.827940810
    6.360000000    9.705470003    9.405787662    9.863832544
    6.370000000    9.584341129    9.347400117    9.827001203
    6.380000000    9.472443235    9.275431748    9.706455808
    6.390000000    9.386239471    9.209398682    9.532628268
    6.400000000    9.333877017    9.171901846    9.361256675
    6.410000000    9.313644993    9.178257322    9.239095641
    6.420000000    9.316762119    9.227665693    9.182599789
    6.430000000    9.330291936    9.301057811    9.184251186
    6.440000000    9.340225771    9.369861258    9.229212790
    6.450000000    9.337894497    9.411246136    9.302101292
    6.460000000    9.325620258    9.418487175    9.387144764
    6.470000000    9.315315988    9.401371561    9.470760188
    6.480000000    9.318129586    9.377244303    9.546288216
    6.490000000    9.331228233    9.355941234    9.613866067
    6.500000000    9.336312684    9.331536137    9.674514339
    6.510000000    9.312955559    9.289340318    9.725523685
    6.520000000    9.251179448    9.217305882    9.760039508
    6.530000000    9.153662893    9.110632031    9.771111969
    6.540000000    9.031644940    8.971703949    9.755729324
    6.550000000    8.898978032    8.809266845    9.712496453
    6.560000000    8.766366158    8.636269018    9.639318069
    6.570000000    8.641085458    8.468592635    9.540950311
    6.580000000    8.532190611    8.325674637    9.434683067
    6.590000000    8.449944536    8.226575935    9.336772351
    6.600000000    8.397515692    8.180191149    9.245906535
    6.610000000    8.367307703    8.179083513    9.149597659
    6.620000000    8.347858643    8.204404789    9.041285698
    6.630000000    8.333294230    8.238015453    8.924332244
    6.640000000    8.325255594    8.272128510    8.809844390
    6.650000000    8.326172469    8.309585845    8.717382902
    6.660000000    8.331619502    8.355267075    8.668417360
    6.670000000    8.330488025    8.407583549    8.669676038
    6.680000000    8.313169904    8.458707484    8.702305789
    6.690000000    8.279765724    8.501974531    8.729138414
    6.700000000    8.239913848    8.535868237    8.715304561
    6.710000000    8.204061543    8.560159544    8.650378072
    6.720000000    8.175063203    8.571759460    8.557531739
    6.730000000    8.147582129    8.566550488    8.478995416
    6.740000000    8.115095401    8.543926111    8.449577861
    6.750000000    8.076131590    8.507408387    8.481455926
    6.760000000    8.031710583    8.459791449    8.562031099
    6.770000000    7.978584310    8.397446459    8.656353280
    6.780000000    7.909495896    8.312386321    8.717785789
    6.790000000    7.820390375    8.201842315    8.709489880
    6.800000000    7.713108951    8.072617490    8.625561612
    6.810000000    7.592162988    7.936109225    8.492908894
    6.820000000    7.465680700    7.803550563    8.353001701
    6.830000000    7.348807965    7.686003998    8.242568446
    6.840000000    7.260230073    7.594088381    8.182198755
    6.850000000    7.212559479    7.532481584    8.173273894
    6.860000000    7.204046378    7.492735372    8.203694835
    6.870000000    7.217816003    7.455026502    8.255934739
    6.880000000    7.229824041    7.400761550    8.311274328
    6.890000000    7.220862938    7.323888259    8.354074717
    6.900000000    7.184658415    7.230358690    8.378745649
    6.910000000    7.128889099    7.131556879    8.393256817
    6.920000000    7.070269342    7.040364929    8.414029056
    6.930000000    7.024782463    6.967165055    8.453749680
    6.940000000    7.000020502    6.915113314    8.510500439
    6.950000000    6.994911038    6.879051363    8.566582951
    6.960000000    7.002744976    6.848557608    8.597183488
    6.970000000    7.015608234    6.814067824    8.584574950
    6.980000000    7.030192187    6.772726110    8.528806961
    6.990000000    7.050019231    6.729361643    8.445064795
    7.000000000    7.081731108    6.693291456    8.353388003
    7.010000000    7.129161251    6.673675114    8.271666275
    7.020000000    7.190201386    6.675284147    8.212795213
    7.030000000    7.258241504    6.697139376    8.184866061
    7.040000000    7.325263660    6.735181148    8.192398852
    7.050000000    7.382922406    6.785344766    8.234193172
    7.060000000    7.422628969    6.842262828    8.299471090
    7.070000000    7.437997038    6.896652241    8.370806578
    7.080000000    7.426391598    6.936012557    8.434037936
    7.090000000    7.386277940    6.948022331    8.481112593
    7.100000000    7.316039792    6.925331355    8.502002180
    7.110000000    7.216232582    6.868301922    8.480426872
    7.120000000    7.091077956    6.783952284    8.401120301
    7.130000000    6.948806059    6.684417777    8.260199492
    7.140000000    6.802675090    6.585101825    8.071624059
    7.150000000    6.670317738    6.499916787    7.863289265
    7.160000000    6.568692980    6.437330799    7.662728947
    7.170000000    6.508041222    6.401700438    7.488725645
    7.180000000    6.488769344    6.395180286    7.352811447
    7.190000000    6.503194624    6.417072343    7.258110689
    7.200000000    6.540739712    6.463950035    7.195831763
    7.210000000    6.590743537    6.529767478    7.149548363
    7.220000000    6.643291240    6.605136903    7.106265872
    7.230000000    6.690826692    6.678631573    7.062995314
    7.240000000    6.726463692    6.739154835    7.022472558
    7.250000000    6.742158243    6.778921076    6.984694100
    7.260000000    6.734384549    6.798592582    6.946366934
    7.270000000    6.710845931    6.809567432    6.908533368
    7.280000000    6.687577968    6.827934037    6.881929899
    7.290000000    6.678993087    6.864747027    6.883011580
    7.300000000    6.690222086    6.919930423    6.921431775
    7.310000000    6.717728342    6.985028464    6.991411201
    7.320000000    6.756856496    7.054745593    7.077763032
    7.330000000    6.807515565    7.134070380    7.166286703
    7.340000000    6.872871442    7.232387857    7.246928030
    7.350000000    6.954430021    7.353871977    7.315002868
    7.360000000    7.048856137    7.494144272    7.372027353
    7.370000000    7.149041691    7.643993605    7.420578320
    7.380000000    7.248820791    7.795292616    7.457621618
    7.390000000    7.346232401    7.942405102    7.476750000
    7.400000000    7.439220987    8.076343403    7.478329531
    7.410000000    7.520136433    8.179274007    7.472635196
    7.420000000    7.580379122    8.230528843    7.471064368
    7.430000000    7.618837918    8.219669560    7.477104105
    7.440000000    7.641836725    8.152389148    7.485743278
    7.450000000    7.657795910    8.047795742    7.488561376
    7.460000000    7.673112325    7.931162696    7.478154311
    7.470000000    7.689329849    7.824247747    7.450317117
    7.480000000    7.703211870    7.739166189    7.406121915
    7.490000000    7.710681580    7.678558299    7.351578896
    7.500000000    7.711037298    7.639583307    7.292388917
    7.510000000    7.708382437    7.618866771    7.230100968
    7.520000000    7.711698985    7.616147963    7.165883634
    7.530000000    7.734899086    7.635610242    7.107018580
    7.540000000    7.792678290    7.683384611    7.066380791
    7.550000000    7.890826531    7.761323178    7.054092154
    7.560000000    8.021494795    7.863024068    7.069417192
    7.570000000    8.169982062    7.976934679    7.100829135
    7.580000000    8.323084040    8.091891058    7.133441246
    7.590000000    8.471078875    8.198870301    7.154059673
    7.600000000    8.608579505    8.291487604    7.151444328
    7.610000000    8.735791676    8.368753912    7.118034825
    7.620000000    8.854590424    8.434765420    7.053728727
    7.630000000    8.962384144    8.492621520    6.967896765
    7.640000000    9.051420239    8.540922902    6.876565193
    7.650000000    9.111840007    8.575871282    6.795730023
    7.660000000    9.133348809    8.592602424    6.736905222
    7.670000000    9.109226712    8.587196006    6.705697924
    7.680000000    9.046229593    8.564111702    6.700680212
    7.690000000    8.967972788    8.541019509    6.716430634
    7.700000000    8.901333275    8.540316963    6.750314592
    7.710000000    8.861070754    8.575454874    6.805197206
    7.720000000    8.849317817    8.648135290    6.886384738
    7.730000000    8.860412922    8.752231193    6.995913981
    7.740000000    8.880947242    8.874415770    7.128529526
    7.750000000    8.894744234    8.997535407    7.274783885
    7.760000000    8.894559374    9.108859801    7.428010118
    7.770000000    8.886094116    9.202933539    7.583968207
    7.780000000    8.880833397    9.277913575    7.732902680
    7.790000000    8.887148667    9.331987605    7.856971469
    7.800000000    8.907270804    9.362073560    7.938505006
    7.810000000    8.940067409    9.364736357    7.971494220
    7.820000000    8.982401044    9.338687032    7.966631935
    7.830000000    9.026245329    9.286689626    7.944156593
    7.840000000    9.057998777    9.213727943    7.919495658
    7.850000000    9.065967396    9.124084977    7.895872277
    7.860000000    9.047472016    9.021276076    7.868213473
    7.870000000    9.002739512    8.908120097    7.827960318
    7.880000000    8.924625592    8.784198427    7.764904872
    7.890000000    8.802877380    8.645074454    7.670871793
    7.900000000    8.638825216    8.488329432    7.543675192
    7.910000000    8.448821916    8.320984746    7.387017349
    7.920000000    8.253031043    8.159757913    7.205763724
    7.930000000    8.065343242    8.022941936    7.001017259
    7.940000000    7.892026060    7.920227710    6.771819334
    7.950000000    7.737058958    7.849800120    6.522996781
    7.960000000    7.606227495    7.801683857    6.268805556
    7.970000000    7.503856628    7.760429775    6.026793634
    7.980000000    7.428488159    7.709530618    5.809687025
    7.990000000    7.375446580    7.641843829    5.622630335
    8.000000000    7.340715918    7.565774414    5.465856820
    8.010000000    7.317916247    7.494384056    5.339570193
    8.020000000    7.292864388    7.427386817    5.245547653
    8.030000000    7.245652466    7.347354558    5.185239613
    8.040000000    7.160228516    7.233088705    5.158743457
    8.050000000    7.032441149    7.076007721    5.163982703
    8.060000000    6.871393766    6.885826389    5.194163754
    8.070000000    6.696760702    6.683569041    5.236451267
    8.080000000    6.533624244    6.490873660    5.274828408
    8.090000000    6.403137078    6.322404785    5.295024268
    8.100000000    6.314139351    6.183559397    5.288680546
    8.110000000    6.262279772    6.072693787    5.256517903
    8.120000000    6.234295672    5.983831616    5.208096276
    8.130000000    6.213348994    5.909025225    5.156385564
    8.140000000    6.186916232    5.843127348    5.111553582
    8.150000000    6.154544042    5.788255342    5.078311816
    8.160000000    6.125421673    5.751646409    5.056405027
    8.170000000    6.107210995    5.738525892    5.041675039
    8.180000000    6.100171511    5.747714088    5.027180897
    8.190000000    6.099518945    5.771934171    5.006481784
    8.200000000    6.097767448    5.799186231    4.977980968
    8.210000000    6.085959328    5.815375740    4.945625641
    8.220000000    6.057227488    5.810651849    4.914404198
    8.230000000    6.010211419    5.785145773    4.885287664
    8.240000000    5.949392010    5.747722516    4.855406234
    8.250000000    5.881889718    5.708745303    4.821339513
    8.260000000    5.812183560    5.673940977    4.780309767
    8.270000000    5.739203995    5.643709039    4.730188061
    8.280000000    5.656364990    5.613732582    4.669843774
    8.290000000    5.554008598    5.574739088    4.599877834
    8.300000000    5.426067262    5.515867814    4.523994643
    8.310000000    5.276334849    5.432043849    4.448441989
    8.320000000    5.117436828    5.329580429    4.379517479
    8.330000000    4.964040285    5.223363841    4.321702180
    8.340000000    4.826237480    5.126097506    4.275810596
    8.350000000    4.706902131    5.039460467    4.237832114
    8.360000000    4.603897190    4.956220384    4.201266649
    8.370000000    4.514724072    4.870952635    4.162513606
    8.380000000    4.440227344    4.788334052    4.123916856
    8.390000000    4.384917506    4.721327291    4.090696350
    8.400000000    4.353673186    4.681970525    4.065316444
    8.410000000    4.348470180    4.674411516    4.045016346
    8.420000000    4.367983441    4.694953237    4.023961373
    8.430000000    4.408378601    4.735274672    3.996655634
    8.440000000    4.464439377    4.786378906    3.960121254
    8.450000000    4.531687847    4.842993524    3.914890125
    8.460000000    4.607491714    4.904484725    3.864892741
    8.470000000    4.689844836    4.971150272    3.815893128
    8.480000000    4.776036191    5.041474206    3.772780077
    8.490000000    4.862992855    5.113596483    3.738136162
    8.500000000    4.947742975    5.186366584    3.711720941
    8.510000000    5.027664543    5.258098487    3.690344620
    8.520000000    5.101947225    5.326786669    3.670447016
    8.530000000    5.172317993    5.390729178    3.650521032
    8.540000000    5.241390888    5.447976694    3.629873004
    8.550000000    5.311145203    5.497812163    3.607686935
    8.560000000    5.382468622    5.543211971    3.584933977
    8.570000000    5.455031707    5.589568801    3.565273427
    8.580000000    5.528558391    5.640494914    3.552438412
    8.590000000    5.604196642    5.694890995    3.546934995
    8.600000000    5.683382411    5.747770624    3.545931684
    8.610000000    5.765846689    5.794388563    3.546196226
    8.620000000    5.848169708    5.832690626    3.546737522
    8.630000000    5.923851325    5.861806554    3.549864350
    8.640000000    5.988275571    5.882092355    3.560695919
    8.650000000    6.044615538    5.898114616    3.584528471
    8.660000000    6.103417673    5.919076123    3.624098261
    8.670000000    6.176905516    5.954755304    3.678473530
    8.680000000    6.273088874    6.010972036    3.742194966
    8.690000000    6.393648251    6.089070624    3.804637946
    8.700000000    6.535391581    6.188160054    3.852810020
    8.710000000    6.691077800    6.305212197    3.878196962
    8.720000000    6.848537083    6.432709974    3.881643868
    8.730000000    6.991954356    6.558778695    3.872312060
    8.740000000    7.107534984    6.672196653    3.863069999
    8.750000000    7.190520778    6.768130810    3.865341802
    8.760000000    7.247869482    6.849355516    3.885336076
    8.770000000    7.292762262    6.922204677    3.922717085
    8.780000000    7.334481900    6.990427050    3.971527292
    8.790000000    7.372283776    7.050708347    4.023353263
    8.800000000    7.397255334    7.092709029    4.072597723
    8.810000000    7.399472954    7.104907701    4.119287755
    8.820000000    7.374570438    7.082454237    4.165274242
    8.830000000    7.325014934    7.030227298    4.208237866
    8.840000000    7.257874818    6.959765382    4.239898160
    8.850000000    7.181393683    6.883527759    4.249453252
    8.860000000    7.100152495    6.808907315    4.230516327
    8.870000000    7.013114390    6.735654504    4.187484121
    8.880000000    6.916683992    6.658864389    4.134352352
    8.890000000    6.809591605    6.574848363    4.086590658
    8.900000000    6.696490766    6.486068223    4.054680262
    8.910000000    6.587270646    6.401660765    4.042216302
    8.920000000    6.492106730    6.332657230    4.046852528
    8.930000000    6.416944491    6.286420760    4.063474875
    8.940000000    6.362884935    6.264926156    4.087600112
    8.950000000    6.327306244    6.265449217    4.116269715
    8.960000000    6.304286176    6.281292517    4.147059788
    8.970000000    6.285467488    6.303351381    4.178056467
    8.980000000    6.261563843    6.321952166    4.208965318
    8.990000000    6.223774277    6.327629812    4.240068386
    9.000000000    6.166038120    6.311954791    4.269705713
    9.010000000    6.087836870    6.270288635    4.295496383
    9.020000000    5.995473986    6.205464285    4.318091234
    9.030000000    5.900092869    6.127525088    4.341383690
    9.040000000    5.812750645    6.048589571    4.369933634
    9.050000000    5.740240409    5.978345416    4.408136326
    9.060000000    5.684357942    5.922374473    4.459804994
    9.070000000    5.642963539    5.881747626    4.524956113
    9.080000000    5.612164211    5.855340655    4.596592899
    9.090000000    5.589994524    5.844366755    4.662195285
    9.100000000    5.577806071    5.852802257    4.709380110
    9.110000000    5.576821495    5.881989700    4.731906588
    9.120000000    5.585051957    5.926832649    4.732962287
    9.130000000    5.599605418    5.979060479    4.723638428
    9.140000000    5.620992854    6.033817719    4.717630269
    9.150000000    5.652506081    6.090958850    4.725918595
    9.160000000    5.695046512    6.149635110    4.753989966
    9.170000000    5.743960690    6.203683804    4.801233891
    9.180000000    5.790296402    6.242044226    4.861906986
    9.190000000    5.824389538    6.253180591    4.928000682
    9.200000000    5.839302755    6.230508242    4.992926212
    9.210000000    5.833455530    6.175242879    5.054603693
    9.220000000    5.812775494    6.096459377    5.116641679
    9.230000000    5.789531014    6.008956275    5.186266215
    9.240000000    5.776062754    5.928530403    5.269759041
    9.250000000    5.777922237    5.866700615    5.368119828
    9.260000000    5.792007896    5.827676256    5.474267968
    9.270000000    5.810013624    5.807921492    5.572581254
    9.280000000    5.823104101    5.798063735    5.643300786
    9.290000000    5.825119649    5.787464154    5.672460363
    9.300000000    5.814522939    5.769467977    5.660727834
    9.310000000    5.794369749    5.743200199    5.622604335
    9.320000000    5.768987194    5.710959538    5.577030956
    9.330000000    5.740365931    5.675028123    5.538011144
    9.340000000    5.707869822    5.636478981    5.510072970
    9.350000000    5.669805116    5.594970532    5.488817810
    9.360000000    5.625222430    5.549548868    5.466149420
    9.370000000    5.575694813    5.500434655    5.436204555
    9.380000000    5.524784306    5.449614278    5.396858424
    9.390000000    5.475408566    5.399803071    5.348375820
    9.400000000    5.428736857    5.352827496    5.292846729
    9.410000000    5.385157769    5.308278932    5.232850637
    9.420000000    5.345379235    5.263668086    5.169160485
    9.430000000    5.310212048    5.215869065    5.101069648
    9.440000000    5.279016514    5.162665315    5.028868760
    9.450000000    5.248635186    5.103656564    4.954674305
    9.460000000    5.215110770    5.040571810    4.881356266
    9.470000000    5.176679737    4.976940241    4.810948718
    9.480000000    5.133669658    4.916028994    4.743264900
    9.490000000    5.085784689    4.858211934    4.676225667
    9.500000000    5.031136796    4.801070778    4.606803635
    9.510000000    4.967881514    4.742000207    4.530428643
    9.520000000    4.895824259    4.680223953    4.441527312
    9.530000000    4.816880860    4.617443848    4.337693030
    9.540000000    4.735383749    4.557844107    4.223522526
    9.550000000    4.657403982    4.506318178    4.109155135
    9.560000000    4.587158775    4.464415055    4.005071706
    9.570000000    4.524044609    4.428626442    3.918448346
    9.580000000    4.464870400    4.394357704    3.853083411
    9.590000000    4.408556486    4.360843820    3.810596999
    9.600000000    4.358409258    4.331684694    3.791115648
    9.610000000    4.321128068    4.312161248    3.793425990
    9.620000000    4.303426708    4.306173730    3.813985909
    9.630000000    4.308136460    4.314105091    3.845575090
    9.640000000    4.332612022    4.332952980    3.877712601
    9.650000000    4.370297912    4.358450427    3.899643958
    9.660000000    4.413114748    4.386382172    3.904086978
    9.670000000    4.451901862    4.411142132    3.888351645
    9.680000000    4.475934528    4.423865242    3.852512071
    9.690000000    4.475678803    4.414977655    3.798467485
    9.700000000    4.448225272    4.380648729    3.730697057
    9.710000000    4.398906898    4.325607662    3.655612784
    9.720000000    4.336118896    4.257791969    3.579672729
    9.730000000    4.265106521    4.181628505    3.508444144
    9.740000000    4.187751227    4.098744622    3.446178925
    9.750000000    4.107629875    4.013753413    3.395310610
    9.760000000    4.032826536    3.936103849    3.356955804
    9.770000000    3.971924171    3.875071024    3.332022772
    9.780000000    3.928441477    3.833779658    3.320656033
    9.790000000    3.899528282    3.808006991    3.320644738
    9.800000000    3.878477065    3.790230061    3.327704660
    9.810000000    3.858557623    3.775060068    3.337070295
    9.820000000    3.835888916    3.761163393    3.344732141
    9.830000000    3.809983986    3.748924974    3.348996331
    9.840000000    3.781915576    3.737014657    3.350914969
    9.850000000    3.751515287    3.721239994    3.351846874
    9.860000000    3.716998453    3.697270548    3.351278146
    9.870000000    3.677923031    3.664677222    3.347653651
    9.880000000    3.637296054    3.627675300    3.340351441
    9.890000000    3.599376530    3.591763789    3.329858800
    9.900000000    3.565813098    3.560281717    3.316677721
    9.910000000    3.535465428    3.534589251    3.301676200
    9.920000000    3.507021061    3.515780283    3.286940668
    9.930000000    3.479659773    3.504436988    3.274521223
    9.940000000    3.452496084    3.499764365    3.264547010
    9.950000000    3.425591479    3.500387633    3.255459235
    9.960000000    3.401362997    3.506293310    3.246164457
    9.970000000    3.383834416    3.519587490    3.238157552
    9.980000000    3.375986903    3.542540057    3.235700221
    9.990000000    3.377950012    3.574560023    3.243173786
   10.000000000    3.387427770    3.611092806    3.261634698
   10.010000000    3.401152678    3.645284028    3.288123912
   10.020000000    3.416458801    3.671569465    3.318337849
   10.030000000    3.432460651    3.688462183    3.349895986
   10.040000000    3.449402512    3.697744796    3.383755860
   10.050000000    3.466537532    3.701485037    3.422320705
   10.060000000    3.481424562    3.700292355    3.464996332
   10.070000000    3.491672625    3.694012796    3.505692063
   10.080000000    3.496909345    3.683338436    3.535823670
   10.090000000    3.499102068    3.670069813    3.550731627
   10.100000000    3.501378081    3.655417233    3.553413586
   10.110000000    3.506421289    3.638587954    3.552063903
   10.120000000    3.515515909    3.618026302    3.554460602
   10.130000000    3.528539303    3.594197337    3.564226829
   10.140000000    3.544638886    3.570913607    3.581053397
   10.150000000    3.563061398    3.553853529    3.603714746
   10.160000000    3.583105618    3.547401425    3.632363886
   10.170000000    3.603391403    3.552298672    3.668342709
   10.180000000    3.622261950    3.565977943    3.714074421
   10.190000000    3.639312745    3.584907913    3.773836997
   10.200000000    3.655623096    3.606252520    3.852189826
   10.210000000    3.672488724    3.627824911    3.950017680
   10.220000000    3.690767340    3.647803888    4.062879820
   10.230000000    3.711347287    3.665516816    4.184898725
   10.240000000    3.735475238    3.682581254    4.315242701
   10.250000000    3.764171817    3.702412046    4.460203806
   10.260000000    3.797700892    3.728259276    4.629105935
   10.270000000    3.835948585    3.761799615    4.829396669
   10.280000000    3.879373319    3.803103682    5.064353321
   10.290000000    3.929411446    3.851367245    5.332091551
   10.300000000    3.987571785    3.905766600    5.624701041
   10.310000000    4.053888879    3.965988310    5.927848557
   10.320000000    4.125904923    4.031864150    6.221889688
   10.330000000    4.199574033    4.102835801    6.487015843
   10.340000000    4.272408904    4.178772774    6.712125027
   10.350000000    4.346068228    4.261255532    6.899786512
   10.360000000    4.425033628    4.352687718    7.061607874
   10.370000000    4.511802887    4.452731330    7.208285195
   10.380000000    4.602960604    4.555365929    7.342738805
   10.390000000    4.689969761    4.650610672    7.460937228
   10.400000000    4.763811136    4.730152036    7.557939570
   10.410000000    4.819290348    4.791345074    7.632563910
   10.420000000    4.856697172    4.836835025    7.687467514
   10.430000000    4.880777951    4.871670397    7.726917142
   10.440000000    4.897669762    4.900780123    7.755274200
   10.450000000    4.912320730    4.928130321    7.776600324
   10.460000000    4.928053883    4.956234542    7.793966746
   10.470000000    4.947150019    4.985440753    7.808457525
   10.480000000    4.971062725    5.014031444    7.819468613
   10.490000000    4.999811669    5.039263672    7.825858460
   10.500000000    5.031611812    5.059110924    7.826462793
   10.510000000    5.063541139    5.073427939    7.819359208
   10.520000000    5.092837545    5.083553917    7.800389297
   10.530000000    5.117969023    5.091121503    7.763156376
   10.540000000    5.137863113    5.096314855    7.701219938
   10.550000000    5.149890480    5.096788030    7.610824341
   10.560000000    5.149472684    5.088809232    7.493146961
   10.570000000    5.132333562    5.069543912    7.354801476
   10.580000000    5.097779582    5.038867890    7.205917347
   10.590000000    5.050462221    5.000108908    7.057995151
   10.600000000    4.999553362    4.959729166    6.921978913
   10.610000000    4.955753992    4.926105530    6.805500976
   10.620000000    4.927287906    4.907090814    6.710692913
   10.630000000    4.917698196    4.907621169    6.634112855
   10.640000000    4.927439813    4.929731404    6.569208524
   10.650000000    4.956865701    4.973883377    6.509769879
   10.660000000    5.006509381    5.038740644    6.451159741
   10.670000000    5.074843959    5.120075851    6.389350681
   10.680000000    5.156578098    5.210320125    6.320350736
   10.690000000    5.243031601    5.298877454    6.241735091
   10.700000000    5.324376646    5.374104991    6.155660688
   10.710000000    5.392379242    5.427123420    6.069055117
   10.720000000    5.442159571    5.455283457    5.989141149
   10.730000000    5.472324529    5.462369693    5.919343248
   10.740000000    5.484006244    5.454974664    5.859000048
   10.750000000    5.479582034    5.438346638    5.804675826
   10.760000000    5.461865615    5.415738245    5.752283673
   10.770000000    5.433912304    5.390515695    5.700729779
   10.780000000    5.398687180    5.367030170    5.653734219
   10.790000000    5.358971552    5.349269568    5.616345048
   10.800000000    5.317859783    5.339259368    5.589165968
   10.810000000    5.278703095    5.336530888    5.566018253
   10.820000000    5.244453950    5.338907856    5.536681068
   10.830000000    5.217635139    5.343764263    5.492365035
   10.840000000    5.199909636    5.347790373    5.430443321
   10.850000000    5.190681248    5.346102745    5.355548289
   10.860000000    5.187415519    5.334308010    5.276405317
   10.870000000    5.188297193    5.312139121    5.201297932
   10.880000000    5.193764284    5.283488747    5.136197213
   10.890000000    5.205112684    5.253371939    5.085403001
   10.900000000    5.222277845    5.226156623    5.051086403
   10.910000000    5.242782384    5.204946864    5.031799605
   10.920000000    5.262504778    5.190427221    5.023329937
   10.930000000    5.277697628    5.180551884    5.021477818
   10.940000000    5.287065926    5.172625504    5.023799210
   10.950000000    5.293157952    5.166650846    5.030062771
   10.960000000    5.301392729    5.166555267    5.041947936
   10.970000000    5.316874180    5.177663943    5.062022079
   10.980000000    5.342500111    5.203247504    5.093245009
   10.990000000    5.378717031    5.242804673    5.138357619
   11.000000000    5.422468122    5.291619660    5.196922150
   11.010000000    5.466389234    5.341678442    5.262478436
   11.020000000    5.501412281    5.385500739    5.324929994
   11.030000000    5.522036233    5.421080367    5.377702978
   11.040000000    5.528412547    5.451841937    5.422334234
   11.050000000    5.522743335    5.480653591    5.465571302
   11.060000000    5.505730884    5.505319940    5.512499284
   11.070000000    5.477476597    5.520166223    5.562472155
   11.080000000    5.440573691    5.520645405    5.611226177
   11.090000000    5.401139723    5.506300382    5.656276752
   11.100000000    5.366114748    5.480463442    5.699515522
   11.110000000    5.339196743    5.447813186    5.744942899
   11.120000000    5.319019882    5.411701715    5.795087172
   11.130000000    5.301286454    5.373408268    5.849795397
   11.140000000    5.283092408    5.334050381    5.908416218
   11.150000000    5.264923969    5.296154716    5.972915535
   11.160000000    5.247918507    5.261775426    6.047241274
   11.170000000    5.230275010    5.229554023    6.133370408
   11.180000000    5.208175627    5.195571536    6.229744040
   11.190000000    5.180058672    5.157820226    6.333490030
   11.200000000    5.148332089    5.118800767    6.441899028
   11.210000000    5.116754191    5.083156831    6.550996688
   11.220000000    5.087295853    5.053750372    6.653646160
   11.230000000    5.059482838    5.030335273    6.739579850
   11.240000000    5.032031438    5.010769116    6.798104138
   11.250000000    5.004911748    4.993109811    6.823054307
   11.260000000    4.979358306    4.976849585    6.817219332
   11.270000000    4.955817819    4.961922739    6.791972789
   11.280000000    4.932686823    4.947018067    6.761943510
   11.290000000    4.907179446    4.929664090    6.738114946
   11.300000000    4.877492331    4.908179352    6.722106878
   11.310000000    4.845012007    4.883784485    6.705165619
   11.320000000    4.814363500    4.860864510    6.675073225
   11.330000000    4.790102151    4.844519591    6.626230813
   11.340000000    4.772901378    4.836717421    6.561894815
   11.350000000    4.759422761    4.834548867    6.488356410
   11.360000000    4.745612960    4.832845732    6.411509602
   11.370000000    4.729326525    4.828501953    6.337637527
   11.380000000    4.710916270    4.822151802    6.273175240
   11.390000000    4.693361047    4.816421631    6.221960364
   11.400000000    4.681071807    4.812925260    6.182147366
   11.410000000    4.676849541    4.810510422    6.145971869
   11.420000000    4.680296405    4.806277041    6.102927050
   11.430000000    4.689291109    4.798061876    6.043910440
   11.440000000    4.701820905    4.785563773    5.963675543
   11.450000000    4.715719586    4.769398180    5.860729800
   11.460000000    4.727139419    4.749333506    5.736242610
   11.470000000    4.730402375    4.723322678    5.594038899
   11.480000000    4.720262178    4.688177604    5.440864914
   11.490000000    4.694656156    4.641510352    5.284731080
   11.500000000    4.655831812    4.584010469    5.132538262
   11.510000000    4.608959570    4.520012542    4.989138830
   11.520000000    4.558795851    4.454904542    4.857373915
   11.530000000    4.507525558    4.392100063    4.737880924
   11.540000000    4.455465557    4.332492632    4.628797272
   11.550000000    4.402480840    4.275738033    4.526014211
   11.560000000    4.349144876    4.222111174    4.424636042
   11.570000000    4.297737102    4.173494995    4.321738202
   11.580000000    4.251101478    4.131906860    4.218113212
   11.590000000    4.209765244    4.097076590    4.116796453
   11.600000000    4.171420444    4.066424526    4.020282221
   11.610000000    4.133801741    4.037748943    3.929932774
   11.620000000    4.096778617    4.011037482    3.846724203
   11.630000000    4.061414102    3.987147997    3.770274185
   11.640000000    4.028384578    3.965784905    3.697557485
   11.650000000    3.997466927    3.945489579    3.624731550
   11.660000000    3.967476501    3.924758913    3.551106477
   11.670000000    3.936375867    3.902505315    3.480533407
   11.680000000    3.902148991    3.878011342    3.418338940
   11.690000000    3.864024931    3.850962549    3.367363463
   11.700000000    3.822731735    3.821425163    3.326030347
   11.710000000    3.779784930    3.789814809    3.288676633
   11.720000000    3.737083339    3.757405031    3.248243557
   11.730000000    3.697153697    3.726936956    3.200489946
   11.740000000    3.662975068    3.701572920    3.146549122
   11.750000000    3.636117317    3.682046270    3.091247091
   11.760000000    3.614234822    3.665033605    3.038920149
   11.770000000    3.591980291    3.645688600    2.991020922
   11.780000000    3.565711739    3.621988643    2.946822310
   11.790000000    3.536178941    3.595446208    2.904725488
   11.800000000    3.506312411    3.567915651    2.862710423
   11.810000000    3.477656789    3.539174580    2.818921723
   11.820000000    3.449243919    3.507730050    2.772647836
   11.830000000    3.419075380    3.473054026    2.724775133
   11.840000000    3.385989206    3.436733673    2.677440770
   11.850000000    3.350659474    3.401945132    2.633057312
   11.860000000    3.315472447    3.371731222    2.593181734
   11.870000000    3.283400286    3.347293162    2.558352600
   11.880000000    3.256938602    3.327815927    2.528945301
   11.890000000    3.237240035    3.311303479    2.505167586
   11.900000000    3.223162043    3.295116025    2.486051274
   11.910000000    3.211569640    3.276893039    2.469625609
   11.920000000    3.199364465    3.255735594    2.454576990
   11.930000000    3.185466889    3.232020770    2.441281699
   11.940000000    3.171069365    3.206238747    2.430851761
   11.950000000    3.158009516    3.178659647    2.423294536
   11.960000000    3.146434745    3.149782142    2.416838846
   11.970000000    3.134056157    3.120689899    2.408988144
   11.980000000    3.118444493    3.093481358    2.398116222
   11.990000000    3.099990364    3.071059123    2.384139179
   12.000000000    3.081954001    3.055162219    2.368186887
   12.010000000    3.067638362    3.044216619    2.352250484
   12.020000000    3.058004297    3.033973874    2.338717079
   12.030000000    3.051441650    3.020550761    2.328782885
   12.040000000    3.044342930    3.002380509    2.320613047
   12.050000000    3.032155606    2.979587460    2.309838249
   12.060000000    3.011496372    2.952374963    2.292528720
   12.070000000    2.981810885    2.920191603    2.267670925
   12.080000000    2.945066046    2.882510987    2.237335921
   12.090000000    2.904542459    2.840723216    2.205425024
   12.100000000    2.863526684    2.798276975    2.175936897
   12.110000000    2.824109281    2.758292333    2.151250641
   12.120000000    2.787108361    2.722061710    2.131407447
   12.130000000    2.752988068    2.689828638    2.115090065
   12.140000000    2.722415965    2.661829113    2.101340974
   12.150000000    2.695574456    2.638203656    2.090195998
   12.160000000    2.671386985    2.618601837    2.082033454
   12.170000000    2.648448062    2.602529829    2.076820726
   12.180000000    2.626459646    2.589635928    2.073702571
   12.190000000    2.605630610    2.578817162    2.070621759
   12.200000000    2.584844556    2.567322914    2.064199566
   12.210000000    2.561684381    2.551761416    2.050732938
   12.220000000    2.534190310    2.530162042    2.028465191
   12.230000000    2.501778899    2.502814138    1.999303821
   12.240000000    2.465116888    2.471726078    1.967756762
   12.250000000    2.425868846    2.439634378    1.937870082
   12.260000000    2.386452083    2.409058539    1.911316650
   12.270000000    2.350032575    2.382364705    1.888096453
   12.280000000    2.319889179    2.362059104    1.868316523
   12.290000000    2.297348318    2.349185614    1.852626381
   12.300000000    2.280398170    2.341307406    1.841025325
   12.310000000    2.264799163    2.332978218    1.832005744
   12.320000000    2.246274619    2.318256924    1.823161859
   12.330000000    2.222229669    2.293541960    1.812445000
   12.340000000    2.192439353    2.259036072    1.799093820
   12.350000000    2.158259943    2.217458982    1.783753234
   12.360000000    2.121503775    2.171812344    1.767674685
   12.370000000    2.084335040    2.124927562    1.751790124
   12.380000000    2.049292397    2.079886465    1.736360232
   12.390000000    2.018267281    2.039145135    1.721363454
   12.400000000    1.991500197    2.003392050    1.707443085
   12.410000000    1.968146544    1.972224422    1.696126167
   12.420000000    1.947475106    1.945584171    1.688655599
   12.430000000    1.929106718    1.923840534    1.685036142
   12.440000000    1.912837851    1.906876838    1.684369733
   12.450000000    1.898857621    1.893775466    1.685279867
   12.460000000    1.887832029    1.883639896    1.686018019
   12.470000000    1.880643436    1.876624929    1.685499696
   12.480000000    1.877880594    1.873698766    1.684541351
   12.490000000    1.879119083    1.875119374    1.685289028
   12.500000000    1.882742377    1.879398424    1.689296039
   12.510000000    1.886641951    1.883755031    1.696073300
   12.520000000    1.888940264    1.885348738    1.702945415
   12.530000000    1.888098005    1.882243983    1.706186461
   12.540000000    1.882948696    1.873759167    1.702686120
   12.550000000    1.873301029    1.860616799    1.691195107
   12.560000000    1.860162692    1.844696773    1.672762501
   12.570000000    1.844587104    1.827896513    1.650030068
   12.580000000    1.826845112    1.811275957    1.625643436
   12.590000000    1.807489164    1.795642494    1.601171900
   12.600000000    1.788549432    1.782420394    1.577093329
   12.610000000    1.772964533    1.773352880    1.553251526
   12.620000000    1.763018163    1.769574872    1.529673566
   12.630000000    1.759291619    1.771099197    1.507355776
   12.640000000    1.760395551    1.776432140    1.487903992
   12.650000000    1.763630814    1.782504947    1.472411681
   12.660000000    1.766778904    1.786063075    1.461307658
   12.670000000    1.769470070    1.785633598    1.454729778
   12.680000000    1.772619982    1.781837273    1.452067245
   12.690000000    1.777114093    1.776197734    1.451803652
   12.700000000    1.783256543    1.770238817    1.452638762
   12.710000000    1.790565376    1.765131960    1.454411006
   12.720000000    1.797283126    1.761162185    1.457816202
   12.730000000    1.800359281    1.757324215    1.463448173
   12.740000000    1.796938778    1.751978902    1.470648903
   12.750000000    1.786340186    1.744182225    1.477167122
   12.760000000    1.770122270    1.734051109    1.480468895
   12.770000000    1.750545631    1.722011166    1.479301739
   12.780000000    1.729798708    1.708430404    1.474065711
   12.790000000    1.710022609    1.693864683    1.466469129
   12.800000000    1.692812306    1.678992684    1.459211297
   12.810000000    1.678415542    1.664296471    1.455371099
   12.820000000    1.665578013    1.650027495    1.456873778
   12.830000000    1.652337369    1.636291165    1.462952571
   12.840000000    1.637537869    1.623111711    1.470324303
   12.850000000    1.622040799    1.610634361    1.475001337
   12.860000000    1.608346632    1.599415981    1.474407717
   12.870000000    1.598813150    1.590480060    1.468775618
   12.880000000    1.594039816    1.584798135    1.460853843
   12.890000000    1.592763668    1.582741442    1.454008572
   12.900000000    1.593103237    1.584275321    1.450195502
   12.910000000    1.593511197    1.589207208    1.449007596
   12.920000000    1.592683866    1.596801547    1.448248737
   12.930000000    1.589448163    1.605527943    1.445491104
   12.940000000    1.583173269    1.613376013    1.439297129
   12.950000000    1.574064819    1.618241273    1.429711410
   12.960000000    1.562913523    1.618306272    1.418268590
   12.970000000    1.550630970    1.612633466    1.407406563
   12.980000000    1.537832299    1.601567351    1.399409845
   12.990000000    1.524782547    1.586616698    1.395600175
   13.000000000    1.512019057    1.570048490    1.396321464
   13.010000000    1.500749981    1.554237883    1.401282066
   13.020000000    1.492346985    1.540889730    1.409332337
   13.030000000    1.487738622    1.530554503    1.417971134
   13.040000000    1.487369535    1.522826534    1.423955017
   13.050000000    1.491449587    1.517219219    1.424978128
   13.060000000    1.499863273    1.513669510    1.420852623
   13.070000000    1.511823053    1.512018109    1.413543777
   13.080000000    1.525755704    1.511417001    1.406272656
   13.090000000    1.539422264    1.510536448    1.401751862
   13.100000000    1.550308574    1.508103774    1.400530174
   13.110000000    1.556428976    1.503173317    1.400811094
   13.120000000    1.557121376    1.495441932    1.399981436
   13.130000000    1.553081093    1.485775678    1.396654190
   13.140000000    1.545681859    1.476339769    1.391366137
   13.150000000    1.536476362    1.470001606    1.385560293
   13.160000000    1.527023604    1.469195984    1.380519613
   13.170000000    1.518683531    1.474868374    1.377288720
   13.180000000    1.512436690    1.486152428    1.376768713
   13.190000000    1.508575714    1.500636430    1.379369157
   13.200000000    1.506323398    1.514877717    1.384541414
   13.210000000    1.504025934    1.525249607    1.390661280
   13.220000000    1.500185743    1.529251892    1.395764793
   13.230000000    1.494535175    1.526662257    1.398732732
   13.240000000    1.488228967    1.519561656    1.399591568
   13.250000000    1.483143913    1.511267829    1.398651377
   13.260000000    1.480780213    1.504931253    1.395587110
   13.270000000    1.481340721    1.502299399    1.389233874
   13.280000000    1.483549370    1.502944067    1.378104841
   13.290000000    1.485361677    1.504455619    1.361541216
   13.300000000    1.485149432    1.503819844    1.341054671
   13.310000000    1.482580958    1.499258538    1.320358633
   13.320000000    1.478640891    1.491333066    1.303505526
   13.330000000    1.474901176    1.482424642    1.292980364
   13.340000000    1.472513851    1.474825150    1.289131028
   13.350000000    1.471639606    1.469221489    1.290565569
   13.360000000    1.471718218    1.465007083    1.294907773
   13.370000000    1.471867662    1.461374092    1.299474493
   13.380000000    1.470928347    1.457579060    1.301980559
   13.390000000    1.467788440    1.452745060    1.301545427
   13.400000000    1.462021641    1.446191653    1.299163093
   13.410000000    1.454175538    1.438111347    1.296768261
   13.420000000    1.445855322    1.429918213    1.295829520
   13.430000000    1.439643282    1.423895747    1.296796345
   13.440000000    1.438181622    1.422114752    1.299404100
   13.450000000    1.442670548    1.425132894    1.303114626
   13.460000000    1.452120802    1.431592629    1.307379376
   13.470000000    1.464118851    1.439344652    1.311910314
   13.480000000    1.476375023    1.447173860    1.316874990
   13.490000000    1.487649908    1.455519389    1.322704990
   13.500000000    1.497614675    1.465725691    1.329637866
   13.510000000    1.506270595    1.478711690    1.337259826
   13.520000000    1.513339347    1.494006763    1.344305559
   13.530000000    1.518074286    1.509840310    1.349281522
   13.540000000    1.519770707    1.524026720    1.351725053
   13.550000000    1.518255998    1.534599823    1.352653735
   13.560000000    1.513984978    1.540144040    1.353753771
   13.570000000    1.508043597    1.540291630    1.356362229
   13.580000000    1.501806531    1.535825504    1.360888460
   13.590000000    1.496128708    1.527991244    1.366742944
   13.600000000    1.490945499    1.517963324    1.372653122
   13.610000000    1.485824937    1.506944838    1.376885610
   13.620000000    1.480700828    1.496136985    1.377330422
   13.630000000    1.476056237    1.486461069    1.372089937
   13.640000000    1.472688566    1.478582222    1.360563309
   13.650000000    1.470991906    1.472822478    1.343880727
   13.660000000    1.470096251    1.468669629    1.324086268
   13.670000000    1.468052969    1.464742251    1.303083801
   13.680000000    1.463123590    1.459637289    1.282403279
   13.690000000    1.454808731    1.452823360    1.263439397
   13.700000000    1.444017934    1.444894752    1.247310928
   13.710000000    1.432725728    1.437373611    1.234416760
   13.720000000    1.423137271    1.432088165    1.224480229
   13.730000000    1.416433271    1.430085838    1.217115128
   13.740000000    1.412080678    1.430962072    1.212194798
   13.750000000    1.408578788    1.433411851    1.209771900
   13.760000000    1.404747663    1.436162492    1.209896897
   13.770000000    1.400237250    1.438205167    1.212708769
   13.780000000    1.395377440    1.438687013    1.218686663
   13.790000000    1.390966010    1.437033332    1.228444091
   13.800000000    1.387898510    1.433164687    1.241848969
   13.810000000    1.386371875    1.427335520    1.257144481
   13.820000000    1.385316842    1.419623658    1.271043562
   13.830000000    1.382961453    1.409907754    1.280028644
   13.840000000    1.378274906    1.398576148    1.282067339
   13.850000000    1.372114931    1.387004506    1.277540624
   13.860000000    1.366901188    1.376961266    1.268648436
   13.870000000    1.364648564    1.369163439    1.257905642
   13.880000000    1.365299778    1.362452139    1.247283497
   13.890000000    1.367306345    1.354820719    1.238320402
   13.900000000    1.369354422    1.345303318    1.232152443
   13.910000000    1.370842890    1.334588410    1.228999266
   13.920000000    1.371109454    1.323961276    1.227907431
   13.930000000    1.369098571    1.314161978    1.227411206
   13.940000000    1.363869959    1.305060592    1.226426929
   13.950000000    1.355199460    1.295907316    1.224480951
   13.960000000    1.343788254    1.285983189    1.221540223
   13.970000000    1.330929230    1.275174024    1.218012805
   13.980000000    1.317757377    1.263798397    1.214596667
   13.990000000    1.304532989    1.251979224    1.211501457
   14.000000000    1.290529259    1.239474184    1.207759124
   14.010000000    1.274598739    1.226033813    1.201740406
   14.020000000    1.255855592    1.211656632    1.192630239
   14.030000000    1.234274302    1.196645406    1.181537024
   14.040000000    1.210958597    1.181535517    1.170913419
   14.050000000    1.187578322    1.166869948    1.162675874
   14.060000000    1.165573752    1.153189140    1.157210987
   14.070000000    1.146035016    1.141279662    1.154043189
   14.080000000    1.129899589    1.132094200    1.152746231
   14.090000000    1.117803175    1.126227220    1.153084980
   14.100000000    1.109768856    1.123474744    1.154657801
   14.110000000    1.105064553    1.122767021    1.156527912
   14.120000000    1.102213344    1.122482354    1.157113418
   14.130000000    1.099431601    1.121122840    1.154773757
   14.140000000    1.095399394    1.117842443    1.149107639
   14.150000000    1.089625581    1.112380756    1.141619959
   14.160000000    1.082269005    1.104848582    1.134600648
   14.170000000    1.073751308    1.095675971    1.129331456
   14.180000000    1.064492429    1.085583070    1.125565462
   14.190000000    1.054982545    1.075481110    1.122301262
   14.200000000    1.046020707    1.066280104    1.118539489
   14.210000000    1.038704108    1.058638344    1.113597782
   14.220000000    1.034078297    1.052905339    1.107469616
   14.230000000    1.032724483    1.049305781    1.100995875
   14.240000000    1.034367152    1.047829828    1.095147475
   14.250000000    1.037558512    1.047719090    1.090060385
   14.260000000    1.039889213    1.047374644    1.085153018
   14.270000000    1.039100948    1.045191459    1.080205827
   14.280000000    1.034465016    1.040623733    1.076023347
   14.290000000    1.027107343    1.034415192    1.073848979
   14.300000000    1.018961322    1.027804778    1.074214773
   14.310000000    1.011394130    1.021617173    1.076542669
   14.320000000    1.004696675    1.016084850    1.079773893
   14.330000000    0.998640754    1.011257132    1.083025457
   14.340000000    0.993211953    1.007296999    1.085539780
   14.350000000    0.988743881    1.004365610    1.086507178
   14.360000000    0.985699193    1.002535082    1.085418569
   14.370000000    0.984567994    1.001983675    1.082664632
   14.380000000    0.985715528    1.003000631    1.079760115
   14.390000000    0.988969655    1.005546287    1.078778540
   14.400000000    0.993343502    1.008825391    1.081265905
   14.410000000    0.997377425    1.011421793    1.087577960
   14.420000000    0.999804476    1.011954816    1.097047739
   14.430000000    0.999755710    1.009639911    1.108519460
   14.440000000    0.996754225    1.004407997    1.120653234
   14.450000000    0.991059357    0.996802025    1.132058630
   14.460000000    0.983768951    0.987782143    1.141500961
   14.470000000    0.976209231    0.978424261    1.147921703
   14.480000000    0.969297743    0.969740507    1.150595383
   14.490000000    0.963368925    0.962531377    1.149603817
   14.500000000    0.958135771    0.956957706    1.145783303
   14.510000000    0.952769843    0.952308097    1.140098980
   14.520000000    0.946401787    0.947522025    1.133266604
   14.530000000    0.938879132    0.942046788    1.125914524
   14.540000000    0.931147142    0.936235686    1.119017828
   14.550000000    0.924744748    0.931000063    1.114136671
   14.560000000    0.920694697    0.927062186    1.113033455
   14.570000000    0.918763485    0.924418806    1.116778385
   14.580000000    0.917812231    0.922417878    1.125163606
   14.590000000    0.916918364    0.920315412    1.136766535
   14.600000000    0.916127462    0.917629096    1.149034910
   14.610000000    0.916203770    0.914069639    1.158454901
   14.620000000    0.917933039    0.909641194    1.161816398
   14.630000000    0.921638738    0.904967014    1.158323956
   14.640000000    0.926980762    0.901115464    1.150376663
   14.650000000    0.932996770    0.898873461    1.141905616
   14.660000000    0.938438733    0.898290223    1.136025983
   14.670000000    0.942230116    0.898827190    1.133978266
   14.680000000    0.943784076    0.899733966    1.135391482
   14.690000000    0.943116829    0.900350917    1.138869848
   14.700000000    0.940695187    0.900286744    1.142620823
   14.710000000    0.937026337    0.899431063    1.145233731
   14.720000000    0.932236112    0.897753328    1.146038077
   14.730000000    0.926061462    0.895179840    1.144934041
   14.740000000    0.918336931    0.891746073    1.142207889
   14.750000000    0.909274182    0.887526857    1.138227481
   14.760000000    0.899195079    0.882367862    1.132907496
   14.770000000    0.888506950    0.876235388    1.125739449
   14.780000000    0.878093738    0.869843485    1.116491073
   14.790000000    0.869130348    0.864353166    1.105325308
   14.800000000    0.862277827    0.860442539    1.092306515
   14.810000000    0.857334223    0.857941725    1.077461791
   14.820000000    0.853715286    0.856231499    1.061222751
   14.830000000    0.851090076    0.854785916    1.044352996
   14.840000000    0.849392481    0.853341447    1.027606153
   14.850000000    0.848236537    0.851694091    1.011648773
   14.860000000    0.846672645    0.849551974    0.997169738
   14.870000000    0.843864299    0.846834327    0.985026397
   14.880000000    0.839838662    0.844037289    0.976026170
   14.890000000    0.835277047    0.841912545    0.970155362
   14.900000000    0.830732793    0.840696676    0.966094232
   14.910000000    0.826287312    0.839815600    0.961831953
   14.920000000    0.821853839    0.838414897    0.956050207
   14.930000000    0.817646790    0.836248753    0.948958750
   14.940000000    0.814309466    0.834088752    0.941888162
   14.950000000    0.812556416    0.833201117    0.936452529
   14.960000000    0.812749829    0.834372561    0.934022882
   14.970000000    0.814798506    0.837412151    0.935357577
   14.980000000    0.818310450    0.841534840    0.940485760
   14.990000000    0.822665101    0.846038574    0.948874385
   15.000000000    0.827019572    0.850568749    0.959401585
   15.010000000    0.830690659    0.855056029    0.970196012
   15.020000000    0.833674723    0.859592043    0.978931410
   15.030000000    0.836513622    0.864209873    0.983725342
   15.040000000    0.839579888    0.868572199    0.984058725
   15.050000000    0.842562248    0.871704143    0.980885321
   15.060000000    0.844634719    0.872196403    0.975953156
   15.070000000    0.845150993    0.869180554    0.971266632
   15.080000000    0.844115781    0.863148871    0.968795442
   15.090000000    0.841959521    0.855543047    0.969750807
   15.100000000    0.839163908    0.847846284    0.973781370
   15.110000000    0.836253449    0.841213671    0.979055188
   15.120000000    0.833773726    0.836332694    0.983193132
   15.130000000    0.831936915    0.833184716    0.984421792
   15.140000000    0.830373379    0.831040142    0.982285478
   15.150000000    0.828489151    0.828934936    0.977512040
   15.160000000    0.826115660    0.826316210    0.971364941
   15.170000000    0.823792160    0.823297208    0.965218338
   15.180000000    0.822471833    0.820389576    0.960531687
   15.190000000    0.822800055    0.818003720    0.958519161
   15.200000000    0.824546387    0.816176100    0.959313012
   15.210000000    0.826842570    0.814725827    0.961812255
   15.220000000    0.828879751    0.813489582    0.964736602
   15.230000000    0.830296306    0.812401845    0.967465182
   15.240000000    0.831174328    0.811545652    0.969846232
   15.250000000    0.831771988    0.811072245    0.971609989
   15.260000000    0.832132972    0.810911187    0.972040546
   15.270000000    0.831965386    0.810644612    0.970458959
   15.280000000    0.830818926    0.809613057    0.967044236
   15.290000000    0.828270107    0.807123738    0.962669027
   15.300000000    0.824094993    0.802837451    0.957834254
   15.310000000    0.818451912    0.797126238    0.952216191
   15.320000000    0.811890778    0.790972662    0.945326329
   15.330000000    0.805082650    0.785388362    0.937144550
   15.340000000    0.798345416    0.780745761    0.927977740
   15.350000000    0.791284000    0.776422447    0.918083067
   15.360000000    0.783126307    0.771254810    0.907752074
   15.370000000    0.773706169    0.764776489    0.897977945
   15.380000000    0.763950690    0.757906730    0.890715136
   15.390000000    0.755192934    0.752132718    0.887799436
   15.400000000    0.748154114    0.748212733    0.889534263
   15.410000000    0.742620026    0.745730774    0.894241133
   15.420000000    0.737870719    0.743611161    0.898911537
   15.430000000    0.733292246    0.740969006    0.900663858
   15.440000000    0.728636121    0.737568844    0.898078725
   15.450000000    0.723850006    0.733608002    0.891301627
   15.460000000    0.718735913    0.729163263    0.881207665
   15.470000000    0.712899137    0.723959440    0.868871088
   15.480000000    0.706309000    0.717797667    0.855699783
   15.490000000    0.699859678    0.711156343    0.843356834
   15.500000000    0.694988324    0.705157432    0.833019778
   15.510000000    0.692687519    0.700886952    0.824838985
   15.520000000    0.692982115    0.698830288    0.818322874
   15.530000000    0.695144708    0.698858326    0.813242426
   15.540000000    0.698206882    0.700424527    0.809897316
   15.550000000    0.701326614    0.702609482    0.808353740
   15.560000000    0.703903030    0.704275880    0.807865379
   15.570000000    0.705590363    0.704527029    0.807322904
   15.580000000    0.706402519    0.703184390    0.806074509
   15.590000000    0.706725236    0.700863430    0.804200564
   15.600000000    0.706911736    0.698455326    0.802074071
   15.610000000    0.706741210    0.696452321    0.799656819
   15.620000000    0.705344798    0.694723449    0.796038572
   15.630000000    0.701728614    0.692690980    0.789747317
   15.640000000    0.695462589    0.689626185    0.779717665
   15.650000000    0.686919397    0.684979938    0.765855759
   15.660000000    0.676923287    0.678613585    0.748779918
   15.670000000    0.666334146    0.670866139    0.729472834
   15.680000000    0.655881062    0.662389020    0.709327121
   15.690000000    0.646113459    0.653792283    0.690140413
   15.700000000    0.637445680    0.645448619    0.673569568
   15.710000000    0.630246179    0.637614338    0.660401368
   15.720000000    0.624822837    0.630661783    0.650417348
   15.730000000    0.621293048    0.625106113    0.642976666
   15.740000000    0.619440535    0.621334566    0.637654689
   15.750000000    0.618700921    0.619337285    0.634291832
   15.760000000    0.618394790    0.618787938    0.632547074
   15.770000000    0.618121528    0.619347995    0.631621540
   15.780000000    0.617952725    0.620743801    0.630530406
   15.790000000    0.618324299    0.622739444    0.628768277
   15.800000000    0.619825066    0.625292174    0.626625402
   15.810000000    0.622820184    0.628487504    0.624679125
   15.820000000    0.626994161    0.632087543    0.623117783
   15.830000000    0.631407171    0.635418302    0.621640665
   15.840000000    0.635079487    0.637817480    0.619792252
   15.850000000    0.637389963    0.638980768    0.617318877
   15.860000000    0.638116371    0.639001076    0.614378932
   15.870000000    0.637476796    0.638362774    0.611452651
   15.880000000    0.636183207    0.637877444    0.609112343
   15.890000000    0.635133779    0.638260311    0.607833324
   15.900000000    0.634845527    0.639568537    0.607655770
   15.910000000    0.635218631    0.641222795    0.607959872
   15.920000000    0.635795320    0.642502997    0.607775463
   15.930000000    0.636241380    0.642852346    0.606430685
   15.940000000    0.636609952    0.641894418    0.603876164
   15.950000000    0.637100099    0.639437709    0.600467381
   15.960000000    0.637586975    0.635500258    0.596724068
   15.970000000    0.637459646    0.630259074    0.593356509
   15.980000000    0.635929918    0.624004234    0.591243637
   15.990000000    0.632520831    0.617198418    0.591114852
   16.000000000    0.627458003    0.610631402    0.593221363
   16.010000000    0.621678850    0.605365439    0.597228224
   16.020000000    0.616293815    0.602264186    0.602232569
   16.030000000    0.611899076    0.601465752    0.606956560
   16.040000000    0.608358481    0.602232108    0.610154568
   16.050000000    0.605164180    0.603303201    0.611006166
   16.060000000    0.601981751    0.603624753    0.609410964
   16.070000000    0.599064578    0.603093089    0.606262724
   16.080000000    0.597293931    0.602705320    0.603305466
   16.090000000    0.597700800    0.603775121    0.602097050
   16.100000000    0.600677138    0.606791737    0.602707526
   16.110000000    0.605452909    0.610988586    0.603454333
   16.120000000    0.610307212    0.614938438    0.602018165
   16.130000000    0.613472277    0.617532176    0.596987318
   16.140000000    0.614282472    0.618683509    0.588689596
   16.150000000    0.613707290    0.619439513    0.578981930
   16.160000000    0.613640112    0.621367578    0.570278675
   16.170000000    0.615523247    0.625518682    0.564324006
   16.180000000    0.619453793    0.631637203    0.561372866
   16.190000000    0.624349086    0.638265688    0.560321295
   16.200000000    0.628964087    0.643794317    0.559785834
   16.210000000    0.632960210    0.647662801    0.559318618
   16.220000000    0.637059076    0.650634399    0.559579367
   16.230000000    0.642272553    0.653980913    0.561455763
   16.240000000    0.649122358    0.658464353    0.565114040
   16.250000000    0.657378201    0.663844797    0.569637969
   16.260000000    0.666235599    0.669077934    0.573491764
   16.270000000    0.674736015    0.673030160    0.575378549
   16.280000000    0.682121609    0.675175434    0.574601499
   16.290000000    0.688053518    0.675879284    0.570991191
   16.300000000    0.692841633    0.676262715    0.565129932
   16.310000000    0.697435430    0.677686980    0.558510472
   16.320000000    0.702900735    0.681115489    0.552787006
   16.330000000    0.709648655    0.686665780    0.548698336
   16.340000000    0.717133162    0.693599859    0.545904698
   16.350000000    0.724342997    0.700877765    0.543747942
   16.360000000    0.730495244    0.707838494    0.541958993
   16.370000000    0.735327855    0.714429575    0.540683518
   16.380000000    0.739066793    0.720972843    0.540128684
   16.390000000    0.742309375    0.727758123    0.540441484
   16.400000000    0.745757806    0.734714853    0.541771439
   16.410000000    0.749865653    0.741463409    0.544175849
   16.420000000    0.754748283    0.747718060    0.547473262
   16.430000000    0.760351223    0.753534913    0.551294472
   16.440000000    0.766504256    0.759216889    0.555296443
   16.450000000    0.772797992    0.765126899    0.559364221
   16.460000000    0.778530498    0.771456509    0.563633218
   16.470000000    0.782943972    0.778076281    0.568346549
   16.480000000    0.785654040    0.784649542    0.573699654
   16.490000000    0.786794869    0.790744498    0.579519495
   16.500000000    0.786752034    0.795816217    0.584863912
   16.510000000    0.785974136    0.799380558    0.588147459
   16.520000000    0.785048686    0.801397969    0.587862587
   16.530000000    0.784603700    0.802351419    0.583393702
   16.540000000    0.784913432    0.802866164    0.575506913
   16.550000000    0.785683252    0.803289879    0.566036528
   16.560000000    0.786265759    0.803522698    0.556837984
   16.570000000    0.785981314    0.803082412    0.548948228
   16.580000000    0.784245149    0.801331044    0.542502626
   16.590000000    0.780609563    0.797739865    0.537099158
   16.600000000    0.774907625    0.792064323    0.532230059
   16.610000000    0.767463070    0.784497490    0.527574805
   16.620000000    0.759194917    0.775786348    0.523030819
   16.630000000    0.751387870    0.766997343    0.518662879
   16.640000000    0.745027176    0.758886252    0.514727561
   16.650000000    0.740191484    0.751470772    0.511652553
   16.660000000    0.736139617    0.744267774    0.509785594
   16.670000000    0.732011751    0.736923399    0.509022139
   16.680000000    0.727573764    0.729723657    0.508912394
   16.690000000    0.723353046    0.723490673    0.509307074
   16.700000000    0.719948807    0.718852669    0.510590756
   16.710000000    0.717302109    0.715689631    0.513079630
   16.720000000    0.714743663    0.713268343    0.516382358
   16.730000000    0.711597336    0.710730172    0.519438483
   16.740000000    0.707639535    0.707462565    0.521132416
   16.750000000    0.703100770    0.703193412    0.520882300
   16.760000000    0.698413491    0.698001287    0.518736993
   16.770000000    0.693932792    0.692324472    0.515147074
   16.780000000    0.689690299    0.686702896    0.510755378
   16.790000000    0.685272732    0.681306748    0.506163884
   16.800000000    0.679947412    0.675682142    0.501663869
   16.810000000    0.673068480    0.668983354    0.497182681
   16.820000000    0.664625468    0.660677398    0.492508192
   16.830000000    0.655481055    0.651153568    0.487546235
   16.840000000    0.646849827    0.641460884    0.482483915
   16.850000000    0.639391965    0.632412959    0.477775091
   16.860000000    0.632862320    0.624146371    0.473926363
   16.870000000    0.626631932    0.616511046    0.471324766
   16.880000000    0.620439075    0.609626675    0.470140667
   16.890000000    0.614540743    0.603895609    0.470152269
   16.900000000    0.609278935    0.599548638    0.470689399
   16.910000000    0.604721178    0.596367351    0.470962556
   16.920000000    0.600632814    0.593845398    0.470535516
   16.930000000    0.596712066    0.591537634    0.469502966
   16.940000000    0.592884307    0.589239382    0.468238692
   16.950000000    0.589333903    0.586877183    0.467087490
   16.960000000    0.586366686    0.584422112    0.466382746
   16.970000000    0.584321353    0.582000265    0.466525057
   16.980000000    0.583363165    0.579864622    0.467759903
   16.990000000    0.583237984    0.578112667    0.469830065
   17.000000000    0.583322144    0.576525182    0.471913201
   17.010000000    0.582905270    0.574728377    0.473025491
   17.020000000    0.581519389    0.572512086    0.472592242
   17.030000000    0.579197934    0.570010101    0.470784592
   17.040000000    0.576500887    0.567610450    0.468502617
   17.050000000    0.574239773    0.565734841    0.466912963
   17.060000000    0.573074600    0.564670037    0.466807667
   17.070000000    0.573194665    0.564483076    0.468290830
   17.080000000    0.574141461    0.564966495    0.470855249
   17.090000000    0.574977742    0.565665952    0.473743413
   17.100000000    0.574861229    0.566125922    0.476473098
   17.110000000    0.573502553    0.566199688    0.479088626
   17.120000000    0.571119778    0.566053337    0.481900935
   17.130000000    0.568111133    0.565892358    0.485106811
   17.140000000    0.564835117    0.565769597    0.488596030
   17.150000000    0.561593883    0.565583714    0.491944988
   17.160000000    0.558615822    0.565171596    0.494587968
   17.170000000    0.555975629    0.564465324    0.496150695
   17.180000000    0.553645768    0.563601997    0.496737438
   17.190000000    0.551631399    0.562807820    0.496884809
   17.200000000    0.549920937    0.562106659    0.497167944
   17.210000000    0.548390178    0.561240223    0.497794884
   17.220000000    0.546977881    0.560009034    0.498561971
   17.230000000    0.545925959    0.558592880    0.499153883
   17.240000000    0.545693572    0.557447911    0.499442340
   17.250000000    0.546654027    0.557033536    0.499614377
   17.260000000    0.548865854    0.557636217    0.500128256
   17.270000000    0.551979449    0.559190925    0.501488878
   17.280000000    0.555382803    0.561246035    0.503916417
   17.290000000    0.558551410    0.563270231    0.507071455
   17.300000000    0.561171973    0.564907143    0.510110617
   17.310000000    0.563023515    0.565952794    0.512189777
   17.320000000    0.564017290    0.566389222    0.513010334
   17.330000000    0.564259562    0.566424252    0.512907483
   17.340000000    0.563835361    0.566224552    0.512536609
   17.350000000    0.562536842    0.565576381    0.512466062
   17.360000000    0.559890872    0.563950283    0.512867670
   17.370000000    0.555591841    0.561002473    0.513512288
   17.380000000    0.549986559    0.557002385    0.514055393
   17.390000000    0.544065056    0.552765315    0.514326187
   17.400000000    0.538926406    0.549179357    0.514378797
   17.410000000    0.535267332    0.546758194    0.514293872
   17.420000000    0.533329893    0.545562669    0.513970265
   17.430000000    0.533118793    0.545355661    0.513237707
   17.440000000    0.534457234    0.545713784    0.512173602
   17.450000000    0.536919401    0.546168303    0.511208124
   17.460000000    0.539959037    0.546482702    0.510991216
   17.470000000    0.543157185    0.546791072    0.512152009
   17.480000000    0.546292017    0.547382259    0.514978639
   17.490000000    0.549277626    0.548451494    0.519269369
   17.500000000    0.552184467    0.550103057    0.524542069
   17.510000000    0.555206441    0.552327727    0.530358245
   17.520000000    0.558414366    0.554830665    0.536343941
   17.530000000    0.561527000    0.557020248    0.541872043
   17.540000000    0.564035853    0.558345541    0.545995913
   17.550000000    0.565633401    0.558761264    0.548026221
   17.560000000    0.566447451    0.558794088    0.548120113
   17.570000000    0.566838134    0.559082965    0.547173518
   17.580000000    0.567089964    0.559910988    0.546237944
   17.590000000    0.567325484    0.561108414    0.546034899
   17.600000000    0.567620983    0.562306061    0.546814320
   17.610000000    0.568134614    0.563352157    0.548407750
   17.620000000    0.569129620    0.564552642    0.550370782
   17.630000000    0.570865095    0.566429526    0.552270734
   17.640000000    0.573440012    0.569180057    0.553903838
   17.650000000    0.576750063    0.572439772    0.555229920
   17.660000000    0.580556395    0.575602006    0.556338693
   17.670000000    0.584538373    0.578278775    0.557745043
   17.680000000    0.588292688    0.580425767    0.560582598
   17.690000000    0.591429515    0.582193374    0.566229819
   17.700000000    0.593811536    0.583836824    0.575690951
   17.710000000    0.595664088    0.585685081    0.589181669
   17.720000000    0.597358543    0.587962648    0.605918193
   17.730000000    0.599092803    0.590601795    0.624146350
   17.740000000    0.600912895    0.593383098    0.641665195
   17.750000000    0.603004756    0.596264649    0.656716958
   17.760000000    0.605680184    0.599391867    0.668579515
   17.770000000    0.608989587    0.602777898    0.677334271
   17.780000000    0.612553031    0.606177980    0.683185499
   17.790000000    0.615865787    0.609331791    0.686174899
   17.800000000    0.618712913    0.612222624    0.686481374
   17.810000000    0.621254083    0.615010768    0.684759847
   17.820000000    0.623683750    0.617686349    0.681960980
   17.830000000    0.625975276    0.619956119    0.678862118
   17.840000000    0.628107344    0.621654727    0.675931008
   17.850000000    0.630307320    0.623077476    0.673418807
   17.860000000    0.632822917    0.624671350    0.671334387
   17.870000000    0.635517204    0.626498614    0.669458497
   17.880000000    0.637840505    0.628168964    0.667554174
   17.890000000    0.639195361    0.629219129    0.665543779
   17.900000000    0.639208801    0.629408325    0.663491921
   17.910000000    0.637788154    0.628790612    0.661559124
   17.920000000    0.635229731    0.627768730    0.660044526
   17.930000000    0.632269410    0.627028247    0.659330380
   17.940000000    0.629725648    0.627154344    0.659656742
   17.950000000    0.627976509    0.628247494    0.660960524
   17.960000000    0.626941557    0.629992341    0.662829318
   17.970000000    0.626514080    0.632056534    0.664420889
   17.980000000    0.626786571    0.634385391    0.664641199
   17.990000000    0.627940133    0.637191579    0.662855412
   18.000000000    0.630097685    0.640728076    0.659394019
   18.010000000    0.633203740    0.645051278    0.655214756
   18.020000000    0.636894550    0.649892414    0.651192562
   18.030000000    0.640440784    0.654602473    0.647690549
   18.040000000    0.642909502    0.658263935    0.644615120
   18.050000000    0.643626284    0.660131424    0.641781896
   18.060000000    0.642602915    0.660116170    0.639143868
   18.070000000    0.640425636    0.658732639    0.636645024
   18.080000000    0.637720179    0.656551034    0.633955786
   18.090000000    0.634834030    0.653866057    0.630486842
   18.100000000    0.632007513    0.650870480    0.625823265
   18.110000000    0.629583698    0.647842300    0.620172510
   18.120000000    0.627853506    0.645003112    0.614277752
   18.130000000    0.626783230    0.642328466    0.608920180
   18.140000000    0.625984633    0.639549437    0.604529768
   18.150000000    0.624928617    0.636254105    0.601118302
   18.160000000    0.623248514    0.632078793    0.598346935
   18.170000000    0.620957281    0.627022852    0.595675445
   18.180000000    0.618373861    0.621584098    0.592720790
   18.190000000    0.615739035    0.616429506    0.589520381
   18.200000000    0.612938056    0.611950774    0.586432334
   18.210000000    0.609763869    0.608207563    0.583952073
   18.220000000    0.606410313    0.605193383    0.582613901
   18.230000000    0.603504737    0.603001093    0.582821749
   18.240000000    0.601717598    0.601766474    0.584726074
   18.250000000    0.601450190    0.601597655    0.588328127
   18.260000000    0.602748067    0.602550897    0.593576035
   18.270000000    0.605353205    0.604566556    0.600296504
   18.280000000    0.608772592    0.607355558    0.608059895
   18.290000000    0.612294692    0.610344151    0.616132131
   18.300000000    0.615100690    0.612833314    0.623645146
   18.310000000    0.616582320    0.614355704    0.629868418
   18.320000000    0.616660118    0.614949977    0.634329449
   18.330000000    0.615812787    0.615116903    0.636820259
   18.340000000    0.614787512    0.615479691    0.637506113
   18.350000000    0.614197182    0.616370915    0.636963795
   18.360000000    0.614257796    0.617642499    0.635910277
   18.370000000    0.614784903    0.618819881    0.634831960
   18.380000000    0.615392921    0.619418825    0.633820242
   18.390000000    0.615791221    0.619185411    0.632654952
   18.400000000    0.616023015    0.618159714    0.630985596
   18.410000000    0.616457553    0.616580908    0.628554175
   18.420000000    0.617482527    0.614727759    0.625361665
   18.430000000    0.619122347    0.612763438    0.621595999
   18.440000000    0.620934666    0.610628909    0.617433308
   18.450000000    0.622282137    0.608131889    0.612920016
   18.460000000    0.622707508    0.605242152    0.608019151
   18.470000000    0.622095348    0.602240958    0.602683740
   18.480000000    0.620592660    0.599536279    0.596833110
   18.490000000    0.618421755    0.597378640    0.590455430
   18.500000000    0.615704630    0.595728188    0.583796489
   18.510000000    0.612470281    0.594360315    0.577273003
   18.520000000    0.608867394    0.593138075    0.571264352
   18.530000000    0.605368361    0.592244448    0.566166119
   18.540000000    0.602664539    0.592074456    0.562486855
   18.550000000    0.601271732    0.592831833    0.560715464
   18.560000000    0.601222113    0.594251776    0.561107713
   18.570000000    0.601987695    0.595640556    0.563455691
   18.580000000    0.602664771    0.596186063    0.566960971
   18.590000000    0.602423457    0.595386047    0.570446834
   18.600000000    0.600884008    0.593276161    0.572841234
   18.610000000    0.598135851    0.590275513    0.573643305
   18.620000000    0.594567055    0.586901731    0.573111667
   18.630000000    0.590782111    0.583710274    0.572108154
   18.640000000    0.587546554    0.581352593    0.571687638
   18.650000000    0.585543677    0.580394586    0.572569545
   18.660000000    0.585061842    0.580986537    0.574863226
   18.670000000    0.585858651    0.582756858    0.578227993
   18.680000000    0.587239854    0.585006130    0.582060964
   18.690000000    0.588359369    0.587061399    0.585569091
   18.700000000    0.588635585    0.588551411    0.588053963
   18.710000000    0.587943074    0.589365600    0.589323768
   18.720000000    0.586499171    0.589480660    0.589815262
   18.730000000    0.584682753    0.588980002    0.590320607
   18.740000000    0.582876956    0.588125365    0.591495848
   18.750000000    0.581351714    0.587255436    0.593443084
   18.760000000    0.580203400    0.586605925    0.595676486
   18.770000000    0.579376204    0.586290303    0.597517861
   18.780000000    0.578734081    0.586370232    0.598537802
   18.790000000    0.578077799    0.586785002    0.598648279
   18.800000000    0.577245840    0.587360206    0.597964824
   18.810000000    0.576350920    0.588063619    0.596775066
   18.820000000    0.575807791    0.589152438    0.595578585
   18.830000000    0.576027248    0.590970790    0.594918020
   18.840000000    0.577110806    0.593630726    0.594990170
   18.850000000    0.578830003    0.596864210    0.595463958
   18.860000000    0.580793154    0.600064903    0.595811650
   18.870000000    0.582573438    0.602467214    0.595804394
   18.880000000    0.583822025    0.603448701    0.595670786
   18.890000000    0.584393592    0.602785468    0.595822394
   18.900000000    0.584312197    0.600649283    0.596362967
   18.910000000    0.583675881    0.597445687    0.596879174
   18.920000000    0.582693389    0.593710838    0.596871791
   18.930000000    0.581673995    0.590004291    0.596393835
   18.940000000    0.580859244    0.586696461    0.596140294
   18.950000000    0.580303990    0.583842007    0.596910804
   18.960000000    0.579969606    0.581348415    0.599011085
   18.970000000    0.579883293    0.579222829    0.602048774
   18.980000000    0.580133900    0.577568730    0.605163036
   18.990000000    0.580750569    0.576431634    0.607482929
   19.000000000    0.581608843    0.575733860    0.608466741
   19.010000000    0.582388556    0.575272953    0.607907580
   19.020000000    0.582686669    0.574771485    0.605864904
   19.030000000    0.582278124    0.574029344    0.602750863
   19.040000000    0.581291197    0.573085610    0.599333997
   19.050000000    0.580128166    0.572218937    0.596430869
   19.060000000    0.579127992    0.571655271    0.594509808
   19.070000000    0.578272695    0.571220144    0.593580123
   19.080000000    0.577339679    0.570468790    0.593409555
   19.090000000    0.576335217    0.569273694    0.593823394
   19.100000000    0.575610039    0.568160596    0.594770852
   19.110000000    0.575572787    0.568031521    0.596170579
   19.120000000    0.576446661    0.569648219    0.597819626
   19.130000000    0.578236167    0.573218201    0.599490719
   19.140000000    0.580725684    0.578187446    0.601044633
   19.150000000    0.583566544    0.583498309    0.602398960
   19.160000000    0.586560277    0.588309169    0.603506380
   19.170000000    0.589803882    0.592448670    0.604389526
   19.180000000    0.593442638    0.596125637    0.605078136
   19.190000000    0.597375520    0.599464546    0.605551229
   19.200000000    0.601245894    0.602435155    0.605824050
   19.210000000    0.604539802    0.604928354    0.605921128
   19.220000000    0.606654549    0.606701031    0.605679111
   19.230000000    0.607079509    0.607377815    0.604874436
   19.240000000    0.605666826    0.606637110    0.603638393
   19.250000000    0.602765039    0.604420723    0.602495499
   19.260000000    0.599009752    0.600930233    0.601889958
   19.270000000    0.594910608    0.596434959    0.601738565
   19.280000000    0.590607567    0.591102490    0.601459710
   19.290000000    0.586000135    0.585020684    0.600442510
   19.300000000    0.581099857    0.578408375    0.598608795
   19.310000000    0.576183238    0.571702510    0.596580805
   19.320000000    0.571618934    0.565359969    0.595279693
   19.330000000    0.567693106    0.559653889    0.595354456
   19.340000000    0.564602865    0.554701059    0.596866895
   19.350000000    0.562494979    0.550641285    0.599385902
   19.360000000    0.561449078    0.547708901    0.602347477
   19.370000000    0.561418898    0.546085261    0.605379845
   19.380000000    0.562167315    0.545726002    0.608431077
   19.390000000    0.563258123    0.546364377    0.611608445
   19.400000000    0.564195219    0.547662339    0.614865690
   19.410000000    0.564642866    0.549360679    0.617903977
   19.420000000    0.564492197    0.551299405    0.620327650
   19.430000000    0.563721524    0.553311701    0.621818945
   19.440000000    0.562316543    0.555180816    0.622238014
   19.450000000    0.560386198    0.556773731    0.621738957
   19.460000000    0.558226745    0.558176903    0.620885556
   19.470000000    0.556129686    0.559593025    0.620466028
   19.480000000    0.554177006    0.561088736    0.620948237
   19.490000000    0.552269467    0.562479604    0.622047506
   19.500000000    0.550280430    0.563446132    0.622922175
   19.510000000    0.548195015    0.563746464    0.622877700
   19.520000000    0.546068337    0.563232856    0.621791698
   19.530000000    0.543851646    0.561737919    0.619949757
   19.540000000    0.541439647    0.559231197    0.617758845
   19.550000000    0.538923062    0.556082151    0.615674372
   19.560000000    0.536626956    0.552916728    0.614235173
   19.570000000    0.534835514    0.550169025    0.613920607
   19.580000000    0.533510179    0.547803308    0.614717135
   19.590000000    0.532296348    0.545432924    0.615751356
   19.600000000    0.530824090    0.542703898    0.615633732
   19.610000000    0.529027372    0.539585388    0.613467415
   19.620000000    0.527216401    0.536345010    0.609501277
   19.630000000    0.525866758    0.533330706    0.604805298
   19.640000000    0.525278210    0.530769728    0.600501579
   19.650000000    0.525335709    0.528656217    0.597267702
   19.660000000    0.525496729    0.526702446    0.595194619
   19.670000000    0.525012197    0.524431458    0.593874157
   19.680000000    0.523355290    0.521481811    0.592708717
   19.690000000    0.520502821    0.517807897    0.591157384
   19.700000000    0.516747646    0.513547482    0.588763767
   19.710000000    0.512351567    0.508835348    0.585285960
   19.720000000    0.507448446    0.503773511    0.580909627
   19.730000000    0.502218460    0.498514768    0.576200292
   19.740000000    0.497003317    0.493291893    0.571770630
   19.750000000    0.492152152    0.488331641    0.568016748
   19.760000000    0.487870798    0.483857803    0.565169901
   19.770000000    0.484245482    0.480142128    0.563417924
   19.780000000    0.481260899    0.477373249    0.562789910
   19.790000000    0.478740242    0.475467656    0.562994149
   19.800000000    0.476396002    0.474107919    0.563596256
   19.810000000    0.474091910    0.473024557    0.564425537
   19.820000000    0.471999923    0.472179688    0.565616562
   19.830000000    0.470349414    0.471571429    0.567140482
   19.840000000    0.469071777    0.470958867    0.568537682
   19.850000000    0.467815579    0.469924301    0.569270874
   19.860000000    0.466265693    0.468151193    0.569098290
   19.870000000    0.464368005    0.465592653    0.568008046
   19.880000000    0.462261676    0.462425165    0.566073807
   19.890000000    0.460061989    0.458875174    0.563520566
   19.900000000    0.457771401    0.455104697    0.560795074
   19.910000000    0.455362498    0.451212463    0.558408534
   19.920000000    0.452840025    0.447259812    0.556623820
   19.930000000    0.450220242    0.443320958    0.555313312
   19.940000000    0.447519293    0.439553444    0.554118551
   19.950000000    0.444772310    0.436161365    0.552646568
   19.960000000    0.442055860    0.433264771    0.550567046
   19.970000000    0.439479694    0.430863769    0.547763125
   19.980000000    0.437151434    0.428928441    0.544503745
   19.990000000    0.435136688    0.427430601    0.541400275
   20.000000000    0.433388096    0.426256096    0.539114466
   20.010000000    0.431723966    0.425180459    0.538046229
   20.020000000    0.429972385    0.424015587    0.538269333
   20.030000000    0.428117805    0.422727359    0.539652382
   20.040000000    0.426216327    0.421345470    0.541868928
   20.050000000    0.424243045    0.419858734    0.544360181
