# energy grid [eV]     epsr_x  epsr_y  epsr_z
# plasmon frequences [eV]:    17.798838391   17.798629494   17.822530287
    0.050000000    6.881166503    6.881323212    7.045393811
    0.060000000    6.881468689    6.881625530    7.045702379
    0.070000000    6.881825919    6.881982917    7.046067150
    0.080000000    6.882238247    6.882395426    7.046488174
    0.090000000    6.882705731    6.882863116    7.046965508
    0.100000000    6.883228438    6.883386053    7.047499217
    0.110000000    6.883806444    6.883964315    7.048089376
    0.120000000    6.884439833    6.884597984    7.048736064
    0.130000000    6.885128696    6.885287153    7.049439370
    0.140000000    6.885873133    6.886031922    7.050199392
    0.150000000    6.886673252    6.886832398    7.051016234
    0.160000000    6.887529170    6.887688699    7.051890009
    0.170000000    6.888441012    6.888600951    7.052820838
    0.180000000    6.889408910    6.889569285    7.053808850
    0.190000000    6.890433008    6.890593846    7.054854182
    0.200000000    6.891513454    6.891674783    7.055956981
    0.210000000    6.892650408    6.892812255    7.057117399
    0.220000000    6.893844039    6.894006432    7.058335600
    0.230000000    6.895094522    6.895257491    7.059611754
    0.240000000    6.896402045    6.896565617    7.060946042
    0.250000000    6.897766800    6.897931006    7.062338651
    0.260000000    6.899188994    6.899353863    7.063789780
    0.270000000    6.900668839    6.900834402    7.065299635
    0.280000000    6.902206557    6.902372845    7.066868430
    0.290000000    6.903802382    6.903969427    7.068496392
    0.300000000    6.905456556    6.905624390    7.070183753
    0.310000000    6.907169331    6.907337987    7.071930757
    0.320000000    6.908940969    6.909110480    7.073737657
    0.330000000    6.910771742    6.910942143    7.075604717
    0.340000000    6.912661934    6.912833260    7.077532209
    0.350000000    6.914611836    6.914784123    7.079520415
    0.360000000    6.916621755    6.916795039    7.081569630
    0.370000000    6.918692003    6.918866323    7.083680156
    0.380000000    6.920822908    6.920998302    7.085852308
    0.390000000    6.923014807    6.923191314    7.088086410
    0.400000000    6.925268049    6.925445709    7.090382800
    0.410000000    6.927582994    6.927761849    7.092741823
    0.420000000    6.929960016    6.930140108    7.095163839
    0.430000000    6.932399499    6.932580873    7.097649218
    0.440000000    6.934901840    6.935084541    7.100198342
    0.450000000    6.937467452    6.937651525    7.102811605
    0.460000000    6.940096756    6.940282249    7.105489414
    0.470000000    6.942790190    6.942977151    7.108232189
    0.480000000    6.945548204    6.945736684    7.111040361
    0.490000000    6.948371262    6.948561314    7.113914376
    0.500000000    6.951259845    6.951451521    7.116854694
    0.510000000    6.954214444    6.954407799    7.119861786
    0.520000000    6.957235569    6.957430661    7.122936141
    0.530000000    6.960323745    6.960520630    7.126078259
    0.540000000    6.963479509    6.963678250    7.129288657
    0.550000000    6.966703420    6.966904078    7.132567866
    0.560000000    6.969996049    6.970198689    7.135916433
    0.570000000    6.973357986    6.973562675    7.139334922
    0.580000000    6.976789838    6.976996645    7.142823912
    0.590000000    6.980292232    6.980501227    7.146383999
    0.600000000    6.983865810    6.984077068    7.150015798
    0.610000000    6.987511236    6.987724834    7.153719939
    0.620000000    6.991229192    6.991445208    7.157497072
    0.630000000    6.995020381    6.995238899    7.161347865
    0.640000000    6.998885527    6.999106630    7.165273006
    0.650000000    7.002825375    7.003049152    7.169273202
    0.660000000    7.006840690    7.007067234    7.173349182
    0.670000000    7.010932264    7.011161670    7.177501694
    0.680000000    7.015100909    7.015333276    7.181731508
    0.690000000    7.019347463    7.019582893    7.186039418
    0.700000000    7.023672787    7.023911388    7.190426239
    0.710000000    7.028077771    7.028319653    7.194892810
    0.720000000    7.032563327    7.032808607    7.199439995
    0.730000000    7.037130399    7.037379198    7.204068684
    0.740000000    7.041779956    7.042032400    7.208779790
    0.750000000    7.046512999    7.046769219    7.213574257
    0.760000000    7.051330559    7.051590690    7.218453054
    0.770000000    7.056233696    7.056497883    7.223417178
    0.780000000    7.061223505    7.061491896    7.228467659
    0.790000000    7.066301114    7.066573865    7.233605554
    0.800000000    7.071467686    7.071744959    7.238831954
    0.810000000    7.076724420    7.077006386    7.244147982
    0.820000000    7.082072554    7.082359390    7.249554795
    0.830000000    7.087513363    7.087805256    7.255053586
    0.840000000    7.093048164    7.093345308    7.260645584
    0.850000000    7.098678315    7.098980915    7.266332056
    0.860000000    7.104405220    7.104713489    7.272114308
    0.870000000    7.110230324    7.110544488    7.277993687
    0.880000000    7.116155125    7.116475418    7.283971582
    0.890000000    7.122181165    7.122507835    7.290049428
    0.900000000    7.128310042    7.128643349    7.296228702
    0.910000000    7.134543403    7.134883620    7.302510933
    0.920000000    7.140882954    7.141230368    7.308897695
    0.930000000    7.147330458    7.147685372    7.315390618
    0.940000000    7.153887737    7.154250469    7.321991382
    0.950000000    7.160556679    7.160927564    7.328701725
    0.960000000    7.167339236    7.167718628    7.335523443
    0.970000000    7.174237430    7.174625702    7.342458391
    0.980000000    7.181253354    7.181650901    7.349508491
    0.990000000    7.188389179    7.188796415    7.356675727
    1.000000000    7.195647152    7.196064518    7.363962155
    1.010000000    7.203029604    7.203457566    7.371369904
    1.020000000    7.210538955    7.210978003    7.378901175
    1.030000000    7.218177712    7.218628369    7.386558252
    1.040000000    7.225948480    7.226411299    7.394343500
    1.050000000    7.233853965    7.234329531    7.402259371
    1.060000000    7.241896977    7.242385913    7.410308409
    1.070000000    7.250080436    7.250583403    7.418493251
    1.080000000    7.258407381    7.258925082    7.426816638
    1.090000000    7.266880973    7.267414155    7.435281413
    1.100000000    7.275504502    7.276053960    7.443890532
    1.110000000    7.284281394    7.284847978    7.452647067
    1.120000000    7.293215221    7.293799835    7.461554212
    1.130000000    7.302309705    7.302913316    7.470615289
    1.140000000    7.311568732    7.312192370    7.479833760
    1.150000000    7.320996354    7.321641123    7.489213227
    1.160000000    7.330596807    7.331263888    7.498757445
    1.170000000    7.340374517    7.341065175    7.508470329
    1.180000000    7.350334111    7.351049702    7.518355965
    1.190000000    7.360480434    7.361222413    7.528418617
    1.200000000    7.370818557    7.371588489    7.538662739
    1.210000000    7.381353796    7.382153363    7.549092987
    1.220000000    7.392091726    7.392922739    7.559714231
    1.230000000    7.403038197    7.403902607    7.570531569
    1.240000000    7.414199355    7.415099267    7.581550339
    1.250000000    7.425581659    7.426519348    7.592776138
    1.260000000    7.437191906    7.438169832    7.604214836
    1.270000000    7.449037254    7.450058078    7.615872597
    1.280000000    7.461125244    7.462191853    7.627755895
    1.290000000    7.473463836    7.474579362    7.639871539
    1.300000000    7.486061432    7.487229278    7.652226696
    1.310000000    7.498926915    7.500150784    7.664828914
    1.320000000    7.512069684    7.513353611    7.677686155
    1.330000000    7.525499696    7.526848082    7.690806819
    1.340000000    7.539227508    7.540645164    7.704199783
    1.350000000    7.553264331    7.554756518    7.717874434
    1.360000000    7.567622082    7.569194566    7.731840711
    1.370000000    7.582313442    7.583972552    7.746109150
    1.380000000    7.597351928    7.599104620    7.760690930
    1.390000000    7.612751964    7.614605896    7.775597930
    1.400000000    7.628528964    7.630492581    7.790842787
    1.410000000    7.644699425    7.646782057    7.806438961
    1.420000000    7.661281028    7.663492999    7.822400812
    1.430000000    7.678292756    7.680645511    7.838743676
    1.440000000    7.695755020    7.698261271    7.855483962
    1.450000000    7.713689806    7.716363699    7.872639249
    1.460000000    7.732120839    7.734978145    7.890228403
    1.470000000    7.751073766    7.754132102    7.908271701
    1.480000000    7.770576366    7.773855452    7.926790979
    1.490000000    7.790658785    7.794180744    7.945809790
    1.500000000    7.811353809    7.815143505    7.965353589
    1.510000000    7.832697168    7.836782608    7.985449937
    1.520000000    7.854727886    7.859140683    8.006128739
    1.530000000    7.877488680    7.882264597    8.027422510
    1.540000000    7.901026422    7.906205995    8.049366676
    1.550000000    7.925392659    7.931021929    8.071999922
    1.560000000    7.950644217    7.956775578    8.095364589
    1.570000000    7.976843886    7.983537067    8.119507125
    1.580000000    8.004061213    8.011384407    8.144478605
    1.590000000    8.032373396    8.040404549    8.170335319
    1.600000000    8.061866298    8.070694562    8.197139456
    1.610000000    8.092635590    8.102362922    8.224959868
    1.620000000    8.124787995    8.135530859    8.253872942
    1.630000000    8.158442631    8.170333688    8.283963577
    1.640000000    8.193732357    8.206921934    8.315326254
    1.650000000    8.230805002    8.245461923    8.348066179
    1.660000000    8.269824196    8.286135234    8.382300448
    1.670000000    8.310969314    8.329135904    8.418159099
    1.680000000    8.354433624    8.374663440    8.455785845
    1.690000000    8.400419025    8.422908090    8.495338055
    1.700000000    8.449124433    8.474022093    8.536985229
    1.710000000    8.500722591    8.528065600    8.580904587
    1.720000000    8.555315944    8.584907211    8.627271293
    1.730000000    8.612855136    8.644044085    8.676238853
    1.740000000    8.672992106    8.704283124    8.727901727
    1.750000000    8.734823542    8.763195523    8.782226095
    1.760000000    8.796467099    8.816248655    8.838924858
    1.770000000    8.854437192    8.855636599    8.897239120
    1.780000000    8.902951207    8.869356813    8.955577808
    1.790000000    8.933769675    8.842417010    9.010992536
    1.800000000    8.937839387    8.763527820    9.058628687
    1.810000000    8.909536580    8.637616043    9.091794958
    1.820000000    8.851277303    8.492743071    9.104124213
    1.830000000    8.774901054    8.366965324    9.094975413
    1.840000000    8.699788497    8.286234711    9.074574968
    1.850000000    8.646111623    8.256674390    9.060110302
    1.860000000    8.622659377    8.270199044    9.062567886
    1.870000000    8.620173986    8.311909169    9.078138382
    1.880000000    8.616085099    8.365441257    9.090783866
    1.890000000    8.584686011    8.416417875    9.080037885
    1.900000000    8.510165459    8.455704826    9.030523221
    1.910000000    8.400966699    8.483102986    8.941430210
    1.920000000    8.291445311    8.507193783    8.826523164
    1.930000000    8.219624135    8.537974367    8.700264383
    1.940000000    8.202696719    8.579902093    8.569568020
    1.950000000    8.235807441    8.633159222    8.445021039
    1.960000000    8.304925611    8.697299943    8.349642752
    1.970000000    8.395327486    8.769743145    8.305650359
    1.980000000    8.492897052    8.842102744    8.318088730
    1.990000000    8.583058553    8.899890609    8.376036130
    2.000000000    8.650469924    8.926518128    8.463271549
    2.010000000    8.681522097    8.911716158    8.565544026
    2.020000000    8.670709397    8.861573351    8.672969917
    2.030000000    8.626823345    8.798429081    8.780468061
    2.040000000    8.569531755    8.743534296    8.886823370
    2.050000000    8.513064055    8.697919019    8.991351317
    2.060000000    8.451345718    8.640238533    9.090066830
    2.070000000    8.362324228    8.542853440    9.174990538
    2.080000000    8.229324506    8.396343391    9.236008474
    2.090000000    8.060380938    8.223821178    9.260652789
    2.100000000    7.887017211    8.065572106    9.230252936
    2.110000000    7.744882446    7.947065045    9.121299685
    2.120000000    7.655333113    7.865908030    8.923418164
    2.130000000    7.620035924    7.804461818    8.665534129
    2.140000000    7.628763669    7.748766722    8.415550369
    2.150000000    7.669993594    7.697492013    8.238228035
    2.160000000    7.736099568    7.660470051    8.155428028
    2.170000000    7.823800703    7.653520050    8.147212170
    2.180000000    7.931120044    7.688930497    8.175780799
    2.190000000    8.053743352    7.766532794    8.205896867
    2.200000000    8.184606821    7.874669960    8.218678551
    2.210000000    8.315413585    7.996901968    8.220173689
    2.220000000    8.436888737    8.116112103    8.235500597
    2.230000000    8.537916983    8.215402937    8.287463870
    2.240000000    8.607061468    8.280332859    8.381052329
    2.250000000    8.638952989    8.305912434    8.505926903
    2.260000000    8.640419446    8.303341442    8.645278499
    2.270000000    8.624372629    8.293160064    8.780248182
    2.280000000    8.592693080    8.285273206    8.889946308
    2.290000000    8.530372194    8.268797673    8.951712491
    2.300000000    8.422652699    8.223439690    8.946335144
    2.310000000    8.278491084    8.139117814    8.868005121
    2.320000000    8.131576950    8.025103660    8.728270885
    2.330000000    8.013743313    7.902559234    8.545149195
    2.340000000    7.933658320    7.792533471    8.331413599
    2.350000000    7.882646792    7.711532100    8.101092400
    2.360000000    7.851634128    7.671243545    7.883146432
    2.370000000    7.836737136    7.674297417    7.712966500
    2.380000000    7.832207724    7.710876712    7.609279133
    2.390000000    7.827089962    7.764207159    7.571371162
    2.400000000    7.812378874    7.820888242    7.592431483
    2.410000000    7.788280637    7.876060376    7.664338834
    2.420000000    7.762385530    7.929099624    7.774715501
    2.430000000    7.739797673    7.976030585    7.907116930
    2.440000000    7.715704191    8.008878887    8.045176699
    2.450000000    7.682378496    8.024330857    8.177340263
    2.460000000    7.645030005    8.031084960    8.299984846
    2.470000000    7.623644082    8.043055640    8.416347843
    2.480000000    7.634078251    8.063558185    8.529346723
    2.490000000    7.672616281    8.079455977    8.632354069
    2.500000000    7.721264230    8.072400338    8.706251690
    2.510000000    7.761858789    8.035100766    8.725904428
    2.520000000    7.781857299    7.974639425    8.673529577
    2.530000000    7.770892573    7.900289340    8.551794388
    2.540000000    7.721853420    7.815890485    8.386152183
    2.550000000    7.642278995    7.728271083    8.216493455
    2.560000000    7.560275928    7.655345190    8.082425164
    2.570000000    7.509255804    7.616210472    8.001227190
    2.580000000    7.504399982    7.613330052    7.955768456
    2.590000000    7.536490281    7.629429774    7.908844590
    2.600000000    7.586254885    7.642607334    7.833683110
    2.610000000    7.641801206    7.643375363    7.739545586
    2.620000000    7.702888820    7.635747458    7.668285337
    2.630000000    7.771300979    7.623357398    7.659257345
    2.640000000    7.843058978    7.603135197    7.721130878
    2.650000000    7.910895969    7.574342300    7.835207275
    2.660000000    7.967212332    7.543827987    7.971847953
    2.670000000    8.002391761    7.519033516    8.100928890
    2.680000000    8.005933839    7.501529406    8.195669450
    2.690000000    7.972401021    7.487997026    8.235038675
    2.700000000    7.903653897    7.474025840    8.208439983
    2.710000000    7.803487426    7.455193143    8.123473782
    2.720000000    7.675947740    7.428985992    8.008041467
    2.730000000    7.534033630    7.401753223    7.896134864
    2.740000000    7.403660085    7.389357583    7.805757360
    2.750000000    7.312008553    7.404677625    7.729953767
    2.760000000    7.271389806    7.446119633    7.651447109
    2.770000000    7.273262809    7.498132044    7.567103909
    2.780000000    7.296687575    7.539474390    7.494999124
    2.790000000    7.322542660    7.552716927    7.456834736
    2.800000000    7.340656711    7.531561328    7.459414888
    2.810000000    7.347553186    7.483727793    7.495941905
    2.820000000    7.345025483    7.429849215    7.558334590
    2.830000000    7.342593610    7.396716281    7.639817529
    2.840000000    7.353477157    7.403298061    7.727120138
    2.850000000    7.382883538    7.449127495    7.797682177
    2.860000000    7.423409643    7.515566391    7.827782171
    2.870000000    7.463000952    7.576734947    7.807129732
    2.880000000    7.493458135    7.611168049    7.751591916
    2.890000000    7.512068557    7.611148664    7.698865346
    2.900000000    7.520604175    7.586840738    7.682823073
    2.910000000    7.522406679    7.557750556    7.713138706
    2.920000000    7.516104176    7.535777558    7.781344356
    2.930000000    7.495224122    7.519134998    7.877132786
    2.940000000    7.458250177    7.502405740    7.992294995
    2.950000000    7.415410247    7.486792426    8.114394876
    2.960000000    7.381853665    7.479440666    8.225366573
    2.970000000    7.366991969    7.486205574    8.309124741
    2.980000000    7.372805016    7.506346659    8.359956375
    2.990000000    7.397163804    7.531559895    8.380549519
    3.000000000    7.434240787    7.548467780    8.368320295
    3.010000000    7.474964245    7.545167079    8.307250749
    3.020000000    7.509533030    7.517886762    8.181684947
    3.030000000    7.529891282    7.473607464    8.001225564
    3.040000000    7.533664142    7.429695978    7.806375307
    3.050000000    7.527670026    7.407841137    7.642420794
    3.060000000    7.524917522    7.421800437    7.528559005
    3.070000000    7.535229181    7.469343151    7.457486363
    3.080000000    7.556248910    7.534256591    7.421679216
    3.090000000    7.573866853    7.593925783    7.428898950
    3.100000000    7.573222596    7.627771247    7.488236583
    3.110000000    7.549055546    7.624596360    7.590895092
    3.120000000    7.505825127    7.586450613    7.709044285
    3.130000000    7.450276089    7.525185806    7.806076460
    3.140000000    7.387094686    7.454568382    7.847210984
    3.150000000    7.321158578    7.386158806    7.810161478
    3.160000000    7.259288972    7.328977276    7.697638401
    3.170000000    7.209504676    7.288688861    7.544135721
    3.180000000    7.178703922    7.265302655    7.400401040
    3.190000000    7.167492992    7.249828698    7.302485208
    3.200000000    7.168890290    7.227180984    7.260209170
    3.210000000    7.176549554    7.189681937    7.271751338
    3.220000000    7.192725088    7.147967136    7.335776235
    3.230000000    7.223183016    7.122954539    7.446079846
    3.240000000    7.267062525    7.127434832    7.583504866
    3.250000000    7.316292569    7.158682506    7.717065683
    3.260000000    7.360667252    7.203808382    7.810099549
    3.270000000    7.391616773    7.247650919    7.829017185
    3.280000000    7.408326772    7.280424230    7.757572016
    3.290000000    7.421775958    7.301078642    7.611858741
    3.300000000    7.444828663    7.309444050    7.440317958
    3.310000000    7.477770660    7.296602749    7.301323598
    3.320000000    7.510023495    7.251245662    7.234050676
    3.330000000    7.533991371    7.176391439    7.246320328
    3.340000000    7.550063538    7.092474417    7.323620524
    3.350000000    7.557783242    7.021977422    7.442103320
    3.360000000    7.548728652    6.975833644    7.574650268
    3.370000000    7.510846386    6.952456548    7.693863056
    3.380000000    7.438343079    6.944236694    7.775825933
    3.390000000    7.338602560    6.945868245    7.805026016
    3.400000000    7.230475988    6.959226396    7.779359170
    3.410000000    7.133800249    6.990896932    7.712285152
    3.420000000    7.059615532    7.045987768    7.628308830
    3.430000000    7.010439703    7.124940442    7.550412442
    3.440000000    6.986384346    7.224452868    7.489025329
    3.450000000    6.987140615    7.339145919    7.446237360
    3.460000000    7.010673929    7.462623244    7.428512909
    3.470000000    7.053076874    7.587895657    7.447902616
    3.480000000    7.110220832    7.707482710    7.510305831
    3.490000000    7.180684769    7.814471180    7.607522061
    3.500000000    7.264126412    7.903266747    7.720531341
    3.510000000    7.355216813    7.970055327    7.826632109
    3.520000000    7.442476318    8.013975333    7.906525403
    3.530000000    7.512611701    8.034932932    7.949760530
    3.540000000    7.553753433    8.028395755    7.953279755
    3.550000000    7.557545183    7.987367249    7.918024774
    3.560000000    7.525149778    7.913742093    7.853712574
    3.570000000    7.472891311    7.823311955    7.782072972
    3.580000000    7.424068885    7.732586611    7.726353433
    3.590000000    7.391180991    7.642446248    7.698549393
    3.600000000    7.372214854    7.542639100    7.696306080
    3.610000000    7.362645720    7.430816316    7.704404956
    3.620000000    7.360493642    7.317877224    7.699747313
    3.630000000    7.360142845    7.215789448    7.662934972
    3.640000000    7.350425860    7.127841132    7.590408388
    3.650000000    7.321661747    7.049180007    7.498997488
    3.660000000    7.273675415    6.972399902    7.418719799
    3.670000000    7.218655004    6.895531940    7.376147716
    3.680000000    7.178041978    6.829391729    7.380475695
    3.690000000    7.172202916    6.793923751    7.425510957
    3.700000000    7.206836137    6.802211277    7.499120555
    3.710000000    7.270009378    6.850517103    7.585045976
    3.720000000    7.342611346    6.924502474    7.662697870
    3.730000000    7.409008614    7.009046479    7.712124740
    3.740000000    7.459948024    7.091054220    7.718647773
    3.750000000    7.492432112    7.160156553    7.676902719
    3.760000000    7.509922226    7.211855023    7.598795785
    3.770000000    7.518672116    7.248352125    7.515860709
    3.780000000    7.520507934    7.273986918    7.465667222
    3.790000000    7.510086454    7.290502806    7.470421492
    3.800000000    7.480467651    7.297789688    7.524368755
    3.810000000    7.431433371    7.298369805    7.599576533
    3.820000000    7.372263586    7.298668161    7.662724011
    3.830000000    7.317524225    7.304774852    7.688910974
    3.840000000    7.281372713    7.319541759    7.669091135
    3.850000000    7.273978349    7.345275697    7.613218702
    3.860000000    7.298206838    7.384714936    7.541775708
    3.870000000    7.345748564    7.436532724    7.468274772
    3.880000000    7.397775483    7.493168079    7.397309372
    3.890000000    7.432878617    7.544735695    7.337791070
    3.900000000    7.437529677    7.583807297    7.304034331
    3.910000000    7.412143876    7.606239893    7.302538486
    3.920000000    7.366897778    7.607973115    7.323838002
    3.930000000    7.311921568    7.583369214    7.348229621
    3.940000000    7.254573557    7.531510846    7.360950156
    3.950000000    7.203959768    7.464630080    7.363476801
    3.960000000    7.171989677    7.405335816    7.370374996
    3.970000000    7.168098470    7.372752963    7.398608130
    3.980000000    7.194332295    7.372487271    7.459604811
    3.990000000    7.245622222    7.398930562    7.554216845
    4.000000000    7.313688074    7.442847560    7.672683618
    4.010000000    7.390703809    7.495924111    7.801311778
    4.020000000    7.470307681    7.550477282    7.930063245
    4.030000000    7.547038028    7.597488022    8.054087521
    4.040000000    7.616451517    7.628484627    8.167992559
    4.050000000    7.676808746    7.641096924    8.261506912
    4.060000000    7.731111083    7.641540075    8.326037925
    4.070000000    7.786401039    7.641207368    8.364243528
    4.080000000    7.848579990    7.651893090    8.385522959
    4.090000000    7.914575425    7.680601284    8.389991656
    4.100000000    7.968407690    7.722637345    8.362696012
    4.110000000    7.986977811    7.760374732    8.285780809
    4.120000000    7.952919202    7.773581029    8.155001869
    4.130000000    7.866227103    7.754204748    7.988628893
    4.140000000    7.746676801    7.712376517    7.820141779
    4.150000000    7.623459745    7.666895450    7.675265885
    4.160000000    7.519861805    7.630599815    7.560075590
    4.170000000    7.445416088    7.606052726    7.473540693
    4.180000000    7.397799105    7.589831232    7.420875533
    4.190000000    7.369185096    7.576259456    7.410403104
    4.200000000    7.352672344    7.560577177    7.442239438
    4.210000000    7.347222442    7.544464312    7.504659303
    4.220000000    7.358594274    7.539881244    7.581439032
    4.230000000    7.394995508    7.564687168    7.658390652
    4.240000000    7.460944065    7.631475562    7.724329265
    4.250000000    7.551451311    7.738087999    7.772556219
    4.260000000    7.649927596    7.866603998    7.802760979
    4.270000000    7.735039460    7.990401232    7.818108291
    4.280000000    7.792576863    8.083609573    7.818892945
    4.290000000    7.821333991    8.127644927    7.800759940
    4.300000000    7.828359234    8.113582909    7.762092458
    4.310000000    7.820523164    8.042912467    7.713922220
    4.320000000    7.800240218    7.926349534    7.679389219
    4.330000000    7.765749217    7.777905440    7.678570290
    4.340000000    7.716476994    7.611784946    7.712778843
    4.350000000    7.661713547    7.447859639    7.764661575
    4.360000000    7.620066312    7.311467022    7.811609587
    4.370000000    7.607066145    7.221951421    7.839222448
    4.380000000    7.627462335    7.185568319    7.847210548
    4.390000000    7.678160559    7.197833468    7.847172244
    4.400000000    7.751681290    7.246536721    7.853732884
    4.410000000    7.838421566    7.315844855    7.874905748
    4.420000000    7.931753599    7.395121265    7.909345260
    4.430000000    8.031365563    7.484305721    7.951900308
    4.440000000    8.138918244    7.587704204    8.002398567
    4.450000000    8.249163623    7.702541894    8.065931255
    4.460000000    8.345827728    7.814697264    8.140323938
    4.470000000    8.406870135    7.904711498    8.207741857
    4.480000000    8.414892473    7.957911390    8.243504605
    4.490000000    8.365742762    7.971174682    8.231513844
    4.500000000    8.269563030    7.953175071    8.171271085
    4.510000000    8.143586043    7.920142476    8.076372899
    4.520000000    8.005198331    7.890019302    7.971111018
    4.530000000    7.870476670    7.876625013    7.884139946
    4.540000000    7.752529569    7.886600870    7.837665864
    4.550000000    7.660361224    7.921997948    7.839951401
    4.560000000    7.602083055    7.984439068    7.887461321
    4.570000000    7.585454429    8.074052285    7.972476992
    4.580000000    7.612782621    8.186158621    8.087886297
    4.590000000    7.678448113    8.312838367    8.225610378
    4.600000000    7.773268789    8.448185032    8.374280432
    4.610000000    7.890403503    8.590734245    8.520251976
    4.620000000    8.026602928    8.740308420    8.650729890
    4.630000000    8.178261117    8.892095921    8.758764612
    4.640000000    8.337048775    9.033322612    8.845703184
    4.650000000    8.489839250    9.146185947    8.914942823
    4.660000000    8.622904081    9.215330326    8.962833207
    4.670000000    8.725793468    9.232394459    8.978447969
    4.680000000    8.790757351    9.192953975    8.951149584
    4.690000000    8.812491834    9.095066081    8.878421538
    4.700000000    8.792369217    8.946309932    8.769136083
    4.710000000    8.739281443    8.767131595    8.641038573
    4.720000000    8.665086694    8.583192957    8.516913784
    4.730000000    8.583013861    8.417412274    8.420184272
    4.740000000    8.507289726    8.286129161    8.366286167
    4.750000000    8.447762341    8.194671560    8.353496657
    4.760000000    8.405006186    8.135373400    8.361859837
    4.770000000    8.372955321    8.093389749    8.363563551
    4.780000000    8.346638049    8.058194444    8.341132068
    4.790000000    8.327907146    8.031800433    8.301661159
    4.800000000    8.325088289    8.026261464    8.272943419
    4.810000000    8.348339884    8.052769685    8.284398767
    4.820000000    8.404574288    8.112817754    8.349253730
    4.830000000    8.493155694    8.198546402    8.456993238
    4.840000000    8.603142213    8.298204845    8.578584747
    4.850000000    8.714352934    8.398783679    8.680843117
    4.860000000    8.803394732    8.485477183    8.742150864
    4.870000000    8.852678520    8.545289404    8.763873868
    4.880000000    8.857669122    8.575746033    8.767031034
    4.890000000    8.829900869    8.589900415    8.772425085
    4.900000000    8.794859048    8.611425523    8.785515579
    4.910000000    8.781843159    8.661913312    8.800453734
    4.920000000    8.809900398    8.749613549    8.813476690
    4.930000000    8.881288886    8.867981078    8.829913804
    4.940000000    8.985270789    9.002165706    8.856623423
    4.950000000    9.104985354    9.136796850    8.889264178
    4.960000000    9.222950884    9.261305191    8.914043595
    4.970000000    9.325446500    9.371152426    8.921895632
    4.980000000    9.405514214    9.465509313    8.914463745
    4.990000000    9.463119703    9.543824289    8.899441602
    5.000000000    9.502189409    9.603446738    8.887166120
    5.010000000    9.526157848    9.638941553    8.888836481
    5.020000000    9.533402868    9.642315273    8.911028337
    5.030000000    9.515773930    9.605450712    8.951085691
    5.040000000    9.464194917    9.526119654    9.000495564
    5.050000000    9.379827457    9.414614285    9.051538444
    5.060000000    9.281404005    9.294341328    9.098849147
    5.070000000    9.198490375    9.191742178    9.137808432
    5.080000000    9.155929727    9.124302902    9.167096612
    5.090000000    9.162826907    9.096969060    9.194633198
    5.100000000    9.210460119    9.103495903    9.236831694
    5.110000000    9.278936862    9.131350168    9.309681475
    5.120000000    9.348712304    9.172711852    9.422075486
    5.130000000    9.405564391    9.228683625    9.574670202
    5.140000000    9.438177337    9.298103745    9.760318174
    5.150000000    9.440080116    9.368366446    9.965920471
    5.160000000    9.413589600    9.421500043   10.175343952
    5.170000000    9.364032841    9.444856910   10.370188869
    5.180000000    9.291450085    9.436020419   10.531519834
    5.190000000    9.194856199    9.403697974   10.648819330
    5.200000000    9.084729958    9.365706730   10.730827405
    5.210000000    8.984651274    9.340382837   10.802618485
    5.220000000    8.914956975    9.333770521   10.887816315
    5.230000000    8.877829156    9.333885009   10.993646435
    5.240000000    8.862628433    9.319859479   11.108271642
    5.250000000    8.860967274    9.279231480   11.205650889
    5.260000000    8.873494488    9.219512610   11.254078844
    5.270000000    8.906383872    9.165854649   11.229874840
    5.280000000    8.963875277    9.146138161   11.134331403
    5.290000000    9.043311767    9.174220422   10.998509641
    5.300000000    9.135901949    9.243476898   10.861771387
    5.310000000    9.229887791    9.332237922   10.742568490
    5.320000000    9.312538677    9.413970119   10.635119731
    5.330000000    9.372772501    9.466397567   10.531206367
    5.340000000    9.405669358    9.477624828   10.437590457
    5.350000000    9.417949232    9.451172492   10.373885123
    5.360000000    9.426926944    9.405301604   10.357618166
    5.370000000    9.445906434    9.357455070   10.391447136
    5.380000000    9.471016863    9.306910347   10.465650665
    5.390000000    9.484038261    9.235172824   10.572264390
    5.400000000    9.464703630    9.122362432   10.713842230
    5.410000000    9.402947525    8.964483551   10.898625589
    5.420000000    9.303996383    8.777975838   11.127523365
    5.430000000    9.181636315    8.589779844   11.386657152
    5.440000000    9.045299706    8.421575597   11.651462859
    5.450000000    8.894526853    8.281227573   11.892791069
    5.460000000    8.725967725    8.166779216   12.082161053
    5.470000000    8.541881079    8.073291326   12.200432582
    5.480000000    8.350477770    7.994078148   12.243208678
    5.490000000    8.161273841    7.920051658   12.217252621
    5.500000000    7.982596474    7.842812050   12.135591809
    5.510000000    7.822045769    7.758194642   12.011363331
    5.520000000    7.684604921    7.664030392   11.846035519
    5.530000000    7.566796873    7.554151639   11.627244623
    5.540000000    7.452288931    7.417346129   11.345535789
    5.550000000    7.317000567    7.246108871   11.012470125
    5.560000000    7.144863484    7.047849666   10.660826624
    5.570000000    6.942033051    6.846985302   10.328506073
    5.580000000    6.733410839    6.674537883   10.040678262
    5.590000000    6.543206226    6.551907133    9.800470234
    5.600000000    6.381332190    6.481543759    9.590617466
    5.610000000    6.244905520    6.449269058    9.383365969
    5.620000000    6.126274506    6.433407479    9.156252727
    5.630000000    6.022704446    6.417144480    8.903865711
    5.640000000    5.943529797    6.399098890    8.636334964
    5.650000000    5.907061806    6.394977041    8.376005750
    5.660000000    5.927129123    6.425587301    8.157629829
    5.670000000    5.999060986    6.495430044    8.015395555
    5.680000000    6.097623087    6.581760085    7.958233185
    5.690000000    6.190689767    6.649077746    7.959622766
    5.700000000    6.256453040    6.674594518    7.968031850
    5.710000000    6.290156371    6.659039060    7.929475730
    5.720000000    6.299528157    6.618719290    7.817337600
    5.730000000    6.294727370    6.570884969    7.646620425
    5.740000000    6.280834626    6.522000206    7.455730465
    5.750000000    6.258422812    6.464583905    7.280795352
    5.760000000    6.226065645    6.381883362    7.145364947
    5.770000000    6.178134325    6.256778936    7.054083060
    5.780000000    6.104753968    6.083912810    6.986347520
    5.790000000    5.999770136    5.877210607    6.904742396
    5.800000000    5.867178280    5.663299251    6.777037629
    5.810000000    5.718209616    5.466500798    6.593404978
    5.820000000    5.565307818    5.298038022    6.367327940
    5.830000000    5.418688928    5.154736433    6.120711104
    5.840000000    5.282189494    5.024544082    5.863560964
    5.850000000    5.151617929    4.896780317    5.591361872
    5.860000000    5.023679653    4.773953724    5.309291337
    5.870000000    4.908723708    4.675405629    5.050374327
    5.880000000    4.831814814    4.627055374    4.855629155
    5.890000000    4.819245596    4.645011619    4.738176178
    5.900000000    4.879476071    4.723744670    4.670896035
    5.910000000    4.993013676    4.836200905    4.603660847
    5.920000000    5.122100785    4.947783709    4.492774994
    5.930000000    5.232644916    5.034862060    4.322247106
    5.940000000    5.309355664    5.093939782    4.108904709
    5.950000000    5.353117268    5.135503718    3.890853441
    5.960000000    5.368725931    5.171287729    3.700882990
    5.970000000    5.362932628    5.211683178    3.550386783
    5.980000000    5.354193572    5.272299085    3.442198421
    5.990000000    5.371364470    5.370460386    3.383921997
    6.000000000    5.433520650    5.509830670    3.378933739
    6.010000000    5.533704181    5.673054516    3.413407596
    6.020000000    5.645260330    5.831208586    3.459350429
    6.030000000    5.740271022    5.958056369    3.490438236
    6.040000000    5.798881826    6.035744840    3.496511411
    6.050000000    5.809325398    6.054242279    3.487851563
    6.060000000    5.772003628    6.013529525    3.484547365
    6.070000000    5.703883359    5.926269725    3.498254906
    6.080000000    5.632511144    5.815999247    3.528540325
    6.090000000    5.583284834    5.711534642    3.576923922
    6.100000000    5.569199101    5.637554332    3.653917073
    6.110000000    5.586774524    5.604746974    3.766234915
    6.120000000    5.619342262    5.608214880    3.903362534
    6.130000000    5.646930275    5.634342395    4.040300461
    6.140000000    5.657735516    5.668281594    4.148852770
    6.150000000    5.653519438    5.697994502    4.208041695
    6.160000000    5.643019230    5.713782435    4.208836796
    6.170000000    5.629196013    5.706040490    4.146056931
    6.180000000    5.605431663    5.667668972    4.009944040
    6.190000000    5.565794422    5.600316728    3.798278354
    6.200000000    5.515735965    5.514444698    3.530579259
    6.210000000    5.470696046    5.422879134    3.242201739
    6.220000000    5.444499421    5.335301996    2.970320451
    6.230000000    5.438723418    5.255392774    2.742335793
    6.240000000    5.442291279    5.181310093    2.569470986
    6.250000000    5.439806259    5.109182812    2.449064548
    6.260000000    5.420656328    5.036249639    2.372623159
    6.270000000    5.382778326    4.962870960    2.332234035
    6.280000000    5.328914935    4.892056577    2.321881377
    6.290000000    5.257097672    4.824220059    2.337972129
    6.300000000    5.154755524    4.753580616    2.379644512
    6.310000000    5.005032398    4.671288108    2.443331636
    6.320000000    4.801606076    4.571468945    2.515196175
    6.330000000    4.560021985    4.455210039    2.570574585
    6.340000000    4.314065581    4.329261051    2.581263092
    6.350000000    4.097789250    4.201748463    2.526813282
    6.360000000    3.930493690    4.081354328    2.407724783
    6.370000000    3.816317397    3.979911408    2.254909105
    6.380000000    3.749837152    3.910633227    2.123158613
    6.390000000    3.718245577    3.879990643    2.063044513
    6.400000000    3.703421186    3.880648494    2.090363989
    6.410000000    3.687498765    3.891227191    2.181453050
    6.420000000    3.657324369    3.883412902    2.296414595
    6.430000000    3.606091717    3.834814659    2.403967032
    6.440000000    3.535452605    3.740746505    2.486686421
    6.450000000    3.455582385    3.615339439    2.535394309
    6.460000000    3.378809634    3.481418290    2.547254364
    6.470000000    3.309620931    3.357124699    2.526660194
    6.480000000    3.238377429    3.245553124    2.482304587
    6.490000000    3.147351061    3.134922956    2.420280537
    6.500000000    3.026861534    3.011883868    2.341128266
    6.510000000    2.884215589    2.874090853    2.242756658
    6.520000000    2.737782870    2.730413552    2.125262843
    6.530000000    2.606538211    2.594863327    1.993900949
    6.540000000    2.503377778    2.482258572    1.856226885
    6.550000000    2.432677356    2.405209569    1.718625952
    6.560000000    2.392643751    2.372082697    1.590127289
    6.570000000    2.381110187    2.387045361    1.484967655
    6.580000000    2.395844895    2.447919735    1.410874422
    6.590000000    2.428332116    2.541207497    1.357920499
    6.600000000    2.463435141    2.642838396    1.310085499
    6.610000000    2.488445194    2.728480874    1.264323378
    6.620000000    2.500573237    2.785399836    1.230243529
    6.630000000    2.504360281    2.815808979    1.219321910
    6.640000000    2.502779736    2.829946684    1.240671212
    6.650000000    2.491861843    2.834895268    1.296045496
    6.660000000    2.464500201    2.828692549    1.370569770
    6.670000000    2.419230854    2.804596705    1.433162857
    6.680000000    2.364404627    2.759743055    1.453436812
    6.690000000    2.313010862    2.697722703    1.422026238
    6.700000000    2.272545014    2.622994110    1.359239169
    6.710000000    2.239956479    2.536593533    1.305947015
    6.720000000    2.206141463    2.438768884    1.298763081
    6.730000000    2.164796240    2.333161117    1.346053308
    6.740000000    2.116876594    2.225884076    1.425465127
    6.750000000    2.066135111    2.120619075    1.499137817
    6.760000000    2.012530224    2.015702994    1.528858014
    6.770000000    1.953655239    1.908154199    1.489562867
    6.780000000    1.891960251    1.801968062    1.383129787
    6.790000000    1.836163035    1.709162532    1.242909706
    6.800000000    1.795511595    1.641346950    1.119030584
    6.810000000    1.777780841    1.603708602    1.051334228
    6.820000000    1.791080594    1.596259624    1.052922912
    6.830000000    1.839953318    1.615452469    1.111657415
    6.840000000    1.918146705    1.652015047    1.200168537
    6.850000000    2.007060801    1.689183078    1.288960712
    6.860000000    2.082674802    1.708769952    1.356658600
    6.870000000    2.127039350    1.703318472    1.392378676
    6.880000000    2.137233666    1.681695368    1.394946666
    6.890000000    2.125840373    1.661400689    1.373474114
    6.900000000    2.113269226    1.656949353    1.344440956
    6.910000000    2.117957826    1.675653648    1.322484686
    6.920000000    2.148130110    1.717513210    1.310276118
    6.930000000    2.199164085    1.774932572    1.295355940
    6.940000000    2.259314203    1.835826955    1.257951352
    6.950000000    2.317157971    1.889565560    1.184362682
    6.960000000    2.365841980    1.932101869    1.077153622
    6.970000000    2.405446374    1.967938618    0.956356619
    6.980000000    2.441380511    2.006652635    0.848578108
    6.990000000    2.478270160    2.056623435    0.772779981
    7.000000000    2.514815637    2.120679744    0.735413825
    7.010000000    2.543816324    2.194871133    0.733074004
    7.020000000    2.556523474    2.270498849    0.756477448
    7.030000000    2.546897150    2.338518791    0.793850625
    7.040000000    2.512481052    2.392782151    0.831282196
    7.050000000    2.453393078    2.428798116    0.851924096
    7.060000000    2.372921313    2.441401138    0.840114780
    7.070000000    2.277994549    2.426534296    0.789394074
    7.080000000    2.176122060    2.384874263    0.702882908
    7.090000000    2.073631636    2.324080828    0.584150718
    7.100000000    1.977982121    2.258042261    0.433742178
    7.110000000    1.898758225    2.202526257    0.257340831
    7.120000000    1.846167171    2.171208569    0.072885651
    7.130000000    1.829784751    2.173683884   -0.091661138
    7.140000000    1.856786657    2.212936290   -0.208235156
    7.150000000    1.927792425    2.284170676   -0.262369240
    7.160000000    2.033926635    2.378566088   -0.257434005
    7.170000000    2.158788487    2.487288617   -0.206281784
    7.180000000    2.284040092    2.601353643   -0.125687637
    7.190000000    2.395605873    2.711525719   -0.035949320
    7.200000000    2.485761722    2.809422360    0.044730676
    7.210000000    2.551353901    2.887648520    0.109197371
    7.220000000    2.593148733    2.941196920    0.162580951
    7.230000000    2.614379988    2.969758197    0.213644027
    7.240000000    2.618659595    2.978619388    0.265951284
    7.250000000    2.613294190    2.979249049    0.318871303
    7.260000000    2.612489475    2.987224777    0.375269677
    7.270000000    2.631230798    3.014427096    0.443615684
    7.280000000    2.675331158    3.061635558    0.530914212
    7.290000000    2.738651233    3.118935177    0.632966989
    7.300000000    2.809211485    3.173460634    0.732324059
    7.310000000    2.878432911    3.219869689    0.809492780
    7.320000000    2.944862272    3.263140196    0.855038418
    7.330000000    3.009798445    3.308856455    0.869524768
    7.340000000    3.071506574    3.353705724    0.858733949
    7.350000000    3.124024725    3.386534579    0.831269729
    7.360000000    3.160502773    3.395734085    0.793868447
    7.370000000    3.177641621    3.375005180    0.747197337
    7.380000000    3.177084803    3.322952990    0.689781316
    7.390000000    3.161028616    3.237741164    0.626573058
    7.400000000    3.127821253    3.114411432    0.568918185
    7.410000000    3.076642892    2.951862273    0.523944345
    7.420000000    3.014580731    2.762872942    0.487830094
    7.430000000    2.953546679    2.573064762    0.450339780
    7.440000000    2.902169480    2.410218088    0.403295394
    7.450000000    2.862862828    2.294489012    0.344714380
    7.460000000    2.832868163    2.232388252    0.278078138
    7.470000000    2.807153022    2.216909183    0.210635427
    7.480000000    2.783062947    2.234085082    0.151056285
    7.490000000    2.763135576    2.270378957    0.104750987
    7.500000000    2.753725673    2.317139355    0.071741211
    7.510000000    2.761852805    2.371270759    0.051224521
    7.520000000    2.792841361    2.432928456    0.046583820
    7.530000000    2.846876688    2.501413190    0.062567057
    7.540000000    2.913904737    2.570691981    0.097124643
    7.550000000    2.974468261    2.628864663    0.137742863
    7.560000000    3.010178396    2.663937262    0.166863229
    7.570000000    3.012438482    2.669943369    0.171728545
    7.580000000    2.981061775    2.647146870    0.148854540
    7.590000000    2.920131261    2.599441941    0.101267666
    7.600000000    2.836362590    2.533964297    0.036714039
    7.610000000    2.735293148    2.459507678   -0.031712425
    7.620000000    2.616885478    2.381110056   -0.087314563
    7.630000000    2.477515297    2.298117253   -0.115036069
    7.640000000    2.315714533    2.208898704   -0.107555800
    7.650000000    2.134720880    2.114280577   -0.067011843
    7.660000000    1.943521279    2.018204613   -0.001785426
    7.670000000    1.759872859    1.930442373    0.076596441
    7.680000000    1.607515536    1.866316990    0.157323742
    7.690000000    1.501482210    1.836549983    0.235449921
    7.700000000    1.436856648    1.836390666    0.311633699
    7.710000000    1.395733301    1.848511939    0.386331982
    7.720000000    1.359834181    1.853765719    0.454939989
    7.730000000    1.313938179    1.835495276    0.507242655
    7.740000000    1.248448140    1.781540727    0.532411980
    7.750000000    1.166057407    1.689274345    0.525288754
    7.760000000    1.079982554    1.564974522    0.485141826
    7.770000000    1.002203562    1.416608149    0.408575336
    7.780000000    0.935127460    1.249539399    0.289237687
    7.790000000    0.872633499    1.066935782    0.126960740
    7.800000000    0.806261136    0.871936393   -0.065164584
    7.810000000    0.728632435    0.669674151   -0.263980914
    7.820000000    0.632065433    0.467661303   -0.448341121
    7.830000000    0.508835712    0.273211380   -0.611383041
    7.840000000    0.356891887    0.090418410   -0.761466044
    7.850000000    0.183701933   -0.079237060   -0.911644938
    7.860000000   -0.001001830   -0.235273468   -1.071051555
    7.870000000   -0.194251858   -0.378809892   -1.243841278
    7.880000000   -0.394570856   -0.512095846   -1.428625231
    7.890000000   -0.589689219   -0.633657486   -1.617691866
    7.900000000   -0.758002354   -0.734512624   -1.800076660
    7.910000000   -0.883563700   -0.802661836   -1.966918669
    7.920000000   -0.964318838   -0.832644112   -2.114375307
    7.930000000   -1.007544263   -0.831897449   -2.240366045
    7.940000000   -1.021462293   -0.817733419   -2.338142503
    7.950000000   -1.011230321   -0.808404859   -2.395855306
    7.960000000   -0.982434282   -0.817571210   -2.404778077
    7.970000000   -0.944966598   -0.851761910   -2.366212027
    7.980000000   -0.909795456   -0.906376597   -2.289741162
    7.990000000   -0.884438519   -0.966551599   -2.186969185
    8.000000000   -0.875152513   -1.020248614   -2.066431161
    8.010000000   -0.890561239   -1.071653380   -1.933262655
    8.020000000   -0.937803388   -1.136506390   -1.792642604
    8.030000000   -1.013966628   -1.223844512   -1.651422624
    8.040000000   -1.103130157   -1.324080042   -1.517714811
    8.050000000   -1.182121244   -1.413250400   -1.401272820
    8.060000000   -1.228967338   -1.467603877   -1.312728289
    8.070000000   -1.229344874   -1.475224390   -1.259588613
    8.080000000   -1.181915025   -1.438212852   -1.242061884
    8.090000000   -1.099971021   -1.368275714   -1.252257935
    8.100000000   -1.005135680   -1.279860665   -1.276105411
    8.110000000   -0.917825131   -1.185219350   -1.297442306
    8.120000000   -0.851129209   -1.092558395   -1.304468919
    8.130000000   -0.807531462   -1.004357799   -1.294139024
    8.140000000   -0.778213990   -0.916866064   -1.270950458
    8.150000000   -0.750192480   -0.824905820   -1.242745782
    8.160000000   -0.718067087   -0.729000887   -1.217328421
    8.170000000   -0.686893178   -0.636976220   -1.200671815
    8.180000000   -0.664991464   -0.559541529   -1.194957686
    8.190000000   -0.658491138   -0.505819628   -1.196951590
    8.200000000   -0.670460593   -0.480571053   -1.200100301
    8.210000000   -0.699472971   -0.480938634   -1.199941334
    8.220000000   -0.738790121   -0.495472832   -1.197614904
    8.230000000   -0.779139358   -0.509683962   -1.197485539
    8.240000000   -0.813233912   -0.514448435   -1.202277726
    8.250000000   -0.839515841   -0.509731478   -1.211929746
    8.260000000   -0.862011881   -0.501341706   -1.224894269
    8.270000000   -0.886465153   -0.496279464   -1.238494027
    8.280000000   -0.916215551   -0.500799739   -1.248977495
    8.290000000   -0.947898693   -0.517441592   -1.251520919
    8.300000000   -0.969740320   -0.540729171   -1.241448604
    8.310000000   -0.966977272   -0.557070468   -1.216881177
    8.320000000   -0.930343985   -0.551779835   -1.179646972
    8.330000000   -0.860044028   -0.519047067   -1.134672972
    8.340000000   -0.763603798   -0.465343187   -1.088830075
    8.350000000   -0.650225513   -0.401790451   -1.047784096
    8.360000000   -0.525685357   -0.332701258   -1.012165949
    8.370000000   -0.390890436   -0.251836682   -0.977413345
    8.380000000   -0.244239743   -0.149547341   -0.938843611
    8.390000000   -0.085838519   -0.023135560   -0.896750924
    8.400000000    0.080098449    0.119551417   -0.856210356
    8.410000000    0.246741519    0.265275265   -0.822559576
    8.420000000    0.407267780    0.402146471   -0.797519518
    8.430000000    0.556291621    0.523136408   -0.778684035
    8.440000000    0.691013746    0.627423829   -0.760887135
    8.450000000    0.811266592    0.718579058   -0.738163764
    8.460000000    0.917592108    0.799654465   -0.705927483
    8.470000000    1.009758266    0.870621066   -0.662936384
    8.480000000    1.087433058    0.930646642   -0.611421152
    8.490000000    1.151178161    0.980114435   -0.555489399
    8.500000000    1.202447950    1.019371703   -0.499828092
    8.510000000    1.244016912    1.048481045   -0.447512231
    8.520000000    1.279956236    1.068340894   -0.398268646
    8.530000000    1.313619532    1.080312896   -0.350421306
    8.540000000    1.346189350    1.086571543   -0.302820598
    8.550000000    1.377281013    1.091312335   -0.253617076
    8.560000000    1.405781374    1.098739600   -0.199839268
    8.570000000    1.430916090    1.109295807   -0.140017466
    8.580000000    1.453138445    1.118991349   -0.076298688
    8.590000000    1.472818319    1.122519126   -0.012853512
    8.600000000    1.488495912    1.117564542    0.047824708
    8.610000000    1.497197650    1.106283018    0.106697736
    8.620000000    1.496080422    1.092532371    0.167044136
    8.630000000    1.486093858    1.080243998    0.232265556
    8.640000000    1.474782698    1.074992091    0.303253413
    8.650000000    1.472358962    1.083192412    0.376763800
    8.660000000    1.484374421    1.107742916    0.446382856
    8.670000000    1.507960274    1.145142067    0.504305292
    8.680000000    1.533486611    1.187377196    0.542917152
    8.690000000    1.549195104    1.225976812    0.557938778
    8.700000000    1.544189455    1.253245015    0.552837339
    8.710000000    1.508878247    1.260995796    0.539435822
    8.720000000    1.436632783    1.241575979    0.532327868
    8.730000000    1.327880438    1.192260779    0.542124624
    8.740000000    1.192619647    1.118055923    0.571810171
    8.750000000    1.047302766    1.028854320    0.616692746
    8.760000000    0.906300542    0.933042563    0.667133348
    8.770000000    0.773687736    0.832617638    0.712528962
    8.780000000    0.642732540    0.722955057    0.745117746
    8.790000000    0.503340858    0.597107836    0.762936524
    8.800000000    0.350654393    0.452563216    0.769507378
    8.810000000    0.188720807    0.296058399    0.768505949
    8.820000000    0.027419040    0.141658460    0.758787463
    8.830000000   -0.123347413    0.003517024    0.735742892
    8.840000000   -0.257380671   -0.110359389    0.697011080
    8.850000000   -0.374221060   -0.200470446    0.647560474
    8.860000000   -0.478109808   -0.273792852    0.600778864
    8.870000000   -0.572882673   -0.337724657    0.572838398
    8.880000000   -0.657764325   -0.394458280    0.573268536
    8.890000000   -0.727083002   -0.439621499    0.601009546
    8.900000000   -0.773894033   -0.465715814    0.647662833
    8.910000000   -0.795457623   -0.468365692    0.702426329
    8.920000000   -0.795901359   -0.450484088    0.756309106
    8.930000000   -0.783912550   -0.420871991    0.804593924
    8.940000000   -0.769016977   -0.390253468    0.846123891
    8.950000000   -0.759896926   -0.368792778    0.880977892
    8.960000000   -0.763433269   -0.364412430    0.909582322
    8.970000000   -0.783312905   -0.381319461    0.933315692
    8.980000000   -0.819328128   -0.419931235    0.953797294
    8.990000000   -0.866975550   -0.477191054    0.971030869
    9.000000000   -0.917316479   -0.545905700    0.984605660
    9.010000000   -0.958699400   -0.614264628    0.996874028
    9.020000000   -0.980661072   -0.668734185    1.012168678
    9.030000000   -0.978287284   -0.700028008    1.033091650
    9.040000000   -0.953871320   -0.706260333    1.059410627
    9.050000000   -0.914342021   -0.691222575    1.088798272
    9.060000000   -0.867483208   -0.661557552    1.115853185
    9.070000000   -0.819334033   -0.623751639    1.131645689
    9.080000000   -0.772240278   -0.581022702    1.127530996
    9.090000000   -0.725245571   -0.534224972    1.100963276
    9.100000000   -0.678038374   -0.487011666    1.058259834
    9.110000000   -0.633443053   -0.447739437    1.012666016
    9.120000000   -0.594584854   -0.424582174    0.978766609
    9.130000000   -0.561282432   -0.419897707    0.966069918
    9.140000000   -0.531734008   -0.431163414    0.975729093
    9.150000000   -0.507541703   -0.457411048    1.001625797
    9.160000000   -0.494821930   -0.502330086    1.033745733
    9.170000000   -0.500225013   -0.570770866    1.061647586
    9.180000000   -0.526527222   -0.663318651    1.077786004
    9.190000000   -0.570722905   -0.773063593    1.079823175
    9.200000000   -0.624667128   -0.886723449    1.070694691
    9.210000000   -0.676930311   -0.988842044    1.056443352
    9.220000000   -0.716441653   -1.066265925    1.042229855
    9.230000000   -0.738291213   -1.112313699    1.028209724
    9.240000000   -0.747112074   -1.129189556    1.008010251
    9.250000000   -0.754101697   -1.126685954    0.970495459
    9.260000000   -0.770185944   -1.118242272    0.903667748
    9.270000000   -0.800997741   -1.116469822    0.800522459
    9.280000000   -0.846050193   -1.128941694    0.665524668
    9.290000000   -0.900296525   -1.155761697    0.516279631
    9.300000000   -0.956724057   -1.191294416    0.375776676
    9.310000000   -1.010102608   -1.229158527    0.260155599
    9.320000000   -1.059490673   -1.265852059    0.172231822
    9.330000000   -1.106676238   -1.300641320    0.103736941
    9.340000000   -1.153087313   -1.334066381    0.041852031
    9.350000000   -1.198324992   -1.366647573   -0.023639604
    9.360000000   -1.239931336   -1.397578852   -0.095902940
    9.370000000   -1.274802617   -1.424871452   -0.172386279
    9.380000000   -1.301846125   -1.447064125   -0.249025610
    9.390000000   -1.322434626   -1.464515153   -0.322180073
    9.400000000   -1.338527632   -1.479540862   -0.389345161
    9.410000000   -1.351441915   -1.495192408   -0.450330548
    9.420000000   -1.362275174   -1.513346994   -0.506288868
    9.430000000   -1.373072196   -1.533684204   -0.557079270
    9.440000000   -1.386989035   -1.553920620   -0.601005480
    9.450000000   -1.406399602   -1.570813305   -0.636794139
    9.460000000   -1.430677675   -1.581340123   -0.664962302
    9.470000000   -1.457179914   -1.584293391   -0.688022528
    9.480000000   -1.484327664   -1.581494247   -0.709300484
    9.490000000   -1.512147786   -1.576340140   -0.731201377
    9.500000000   -1.540036012   -1.570611241   -0.755057833
    9.510000000   -1.565383339   -1.563174379   -0.780847537
    9.520000000   -1.584267323   -1.551084904   -0.804706861
    9.530000000   -1.592593110   -1.531170989   -0.817861880
    9.540000000   -1.587237320   -1.501849024   -0.810594199
    9.550000000   -1.568279717   -1.465314998   -0.777987686
    9.560000000   -1.539944685   -1.427115797   -0.721757329
    9.570000000   -1.506995516   -1.391390284   -0.647667702
    9.580000000   -1.470294719   -1.357085679   -0.562483082
    9.590000000   -1.426816683   -1.319915734   -0.472885870
    9.600000000   -1.373137640   -1.276910585   -0.385432028
    9.610000000   -1.309132815   -1.228923163   -0.306955698
    9.620000000   -1.239930105   -1.180590091   -0.244813898
    9.630000000   -1.174705834   -1.138337496   -0.205433578
    9.640000000   -1.123027704   -1.107555929   -0.191482906
    9.650000000   -1.091770199   -1.091418250   -0.199942477
    9.660000000   -1.084687089   -1.092144738   -0.223302771
    9.670000000   -1.103162671   -1.112070442   -0.253099817
    9.680000000   -1.144851930   -1.151239456   -0.281879423
    9.690000000   -1.201135913   -1.203292758   -0.302666704
    9.700000000   -1.258801064   -1.256078267   -0.309416751
    9.710000000   -1.306690660   -1.298678535   -0.298731415
    9.720000000   -1.340584864   -1.327135772   -0.270122953
    9.730000000   -1.360941627   -1.341730086   -0.225175876
    9.740000000   -1.367112363   -1.340710216   -0.167033662
    9.750000000   -1.355705083   -1.319819459   -0.099559023
    9.760000000   -1.325323766   -1.278010632   -0.026220042
    9.770000000   -1.280928406   -1.221442520    0.049629449
    9.780000000   -1.231981336   -1.160922308    0.123624310
    9.790000000   -1.187387691   -1.105731406    0.191157264
    9.800000000   -1.151804824   -1.059236059    0.249405604
    9.810000000   -1.124885484   -1.019651510    0.298019456
    9.820000000   -1.103199884   -0.984385246    0.338987372
    9.830000000   -1.083246300   -0.953225163    0.375868614
    9.840000000   -1.063653808   -0.927879154    0.411269911
    9.850000000   -1.044659614   -0.908691389    0.445263376
    9.860000000   -1.025205724   -0.891916322    0.477079834
    9.870000000   -1.001815787   -0.871070777    0.507342491
    9.880000000   -0.971435731   -0.841305138    0.537900738
    9.890000000   -0.934638362   -0.802075559    0.570273882
    9.900000000   -0.894593616   -0.755552003    0.605543306
    9.910000000   -0.853430182   -0.703743970    0.645143299
    9.920000000   -0.811401227   -0.648309856    0.689920640
    9.930000000   -0.768246577   -0.591465595    0.738839992
    9.940000000   -0.723059458   -0.535229089    0.790005148
    9.950000000   -0.673676869   -0.480063378    0.842932684
    9.960000000   -0.618019701   -0.425132912    0.899476156
    9.970000000   -0.556439186   -0.370554404    0.962493676
    9.980000000   -0.492271383   -0.319414612    1.032978289
    9.990000000   -0.429929988   -0.276980866    1.108043158
   10.000000000   -0.372712433   -0.247651348    1.182222432
   10.010000000   -0.321832503   -0.232040199    1.251203970
   10.020000000   -0.276495135   -0.226294871    1.314273702
   10.030000000   -0.235217833   -0.224782100    1.373596771
   10.040000000   -0.197715311   -0.223677230    1.431198697
   10.050000000   -0.164939852   -0.221875065    1.485725649
   10.060000000   -0.136991012   -0.219248097    1.532459506
   10.070000000   -0.111707340   -0.214855279    1.567868251
   10.080000000   -0.085566899   -0.207049178    1.594657384
   10.090000000   -0.055649615   -0.195062265    1.621921444
   10.100000000   -0.020992201   -0.179735668    1.659629393
   10.110000000    0.017382163   -0.161838757    1.712693908
   10.120000000    0.057442347   -0.139861919    1.779733951
   10.130000000    0.097273745   -0.110212735    1.856267534
   10.140000000    0.135773436   -0.069871937    1.938888011
   10.150000000    0.172475926   -0.019121624    2.027068870
   10.160000000    0.206863289    0.037960023    2.121792164
   10.170000000    0.238615325    0.095691950    2.224037140
   10.180000000    0.268713165    0.149847611    2.334740086
   10.190000000    0.299224786    0.198903058    2.453627598
   10.200000000    0.331689334    0.243074865    2.576879363
   10.210000000    0.366518158    0.283301328    2.697739953
   10.220000000    0.403759917    0.321378897    2.811235864
   10.230000000    0.443578713    0.360286041    2.918617622
   10.240000000    0.485780116    0.403115570    3.026005453
   10.250000000    0.529452321    0.451125714    3.137879616
   10.260000000    0.573537858    0.503139627    3.252345852
   10.270000000    0.617576936    0.556646417    3.361489467
   10.280000000    0.661653656    0.609206568    3.453707966
   10.290000000    0.705320957    0.659211126    3.515631428
   10.300000000    0.746597600    0.705942559    3.534168774
   10.310000000    0.782170755    0.748988836    3.499381258
   10.320000000    0.809026673    0.787631637    3.408607694
   10.330000000    0.826796879    0.821293932    3.270542337
   10.340000000    0.838394209    0.850191117    3.103793807
   10.350000000    0.847136432    0.874171466    2.927613557
   10.360000000    0.852492748    0.890263585    2.752155682
   10.370000000    0.848845289    0.892147638    2.576444061
   10.380000000    0.829103743    0.873709381    2.394429463
   10.390000000    0.790124290    0.834209685    2.202981505
   10.400000000    0.735162875    0.779656363    2.005010609
   10.410000000    0.672131743    0.719136370    1.806663045
   10.420000000    0.609960069    0.660266189    1.613264780
   10.430000000    0.555046632    0.607042896    1.427715476
   10.440000000    0.509655234    0.560336396    1.250892614
   10.450000000    0.473067887    0.519000998    1.082032122
   10.460000000    0.443391173    0.480365938    0.918674024
   10.470000000    0.418293672    0.441167942    0.757541948
   10.480000000    0.394843110    0.398989022    0.595984860
   10.490000000    0.369565482    0.353371663    0.432279685
   10.500000000    0.339456748    0.305923130    0.264892696
   10.510000000    0.303020413    0.258898613    0.091745345
   10.520000000    0.260507814    0.213637613   -0.089016504
   10.530000000    0.212834306    0.169746882   -0.276656642
   10.540000000    0.160005380    0.125309440   -0.466245136
   10.550000000    0.101544762    0.078828894   -0.648964038
   10.560000000    0.038949006    0.031378827   -0.814057675
   10.570000000   -0.022410748   -0.012970821   -0.952179862
   10.580000000   -0.073998753   -0.048271550   -1.057932638
   10.590000000   -0.107213604   -0.068560003   -1.130570194
   10.600000000   -0.116888421   -0.069731590   -1.174436262
   10.610000000   -0.103548030   -0.051209126   -1.198465637
   10.620000000   -0.072942639   -0.016708347   -1.213650633
   10.630000000   -0.032604337    0.027250660   -1.229484888
   10.640000000    0.011493329    0.073759917   -1.251210363
   10.650000000    0.054760340    0.115959785   -1.279991100
   10.660000000    0.091595678    0.146365823   -1.315183183
   10.670000000    0.114716351    0.157443553   -1.355416243
   10.680000000    0.117007695    0.143073990   -1.397730209
   10.690000000    0.094197558    0.100531585   -1.436380950
   10.700000000    0.046546703    0.032620981   -1.464293877
   10.710000000   -0.021407691   -0.051965708   -1.477673536
   10.720000000   -0.102695980   -0.141534737   -1.478601254
   10.730000000   -0.190091910   -0.226254779   -1.472606021
   10.740000000   -0.277553983   -0.301327556   -1.465085643
   10.750000000   -0.360668475   -0.365868661   -1.459223882
   10.760000000   -0.436286469   -0.419607718   -1.454486345
   10.770000000   -0.502271949   -0.461860475   -1.447202821
   10.780000000   -0.557387402   -0.493101623   -1.434961063
   10.790000000   -0.600804161   -0.516072883   -1.420855799
   10.800000000   -0.632050264   -0.535137565   -1.412479224
   10.810000000   -0.651639274   -0.554717737   -1.416507256
   10.820000000   -0.661081335   -0.577941291   -1.433634651
   10.830000000   -0.662640826   -0.606686639   -1.457221756
   10.840000000   -0.659771498   -0.642329886   -1.476262275
   10.850000000   -0.656370410   -0.684470491   -1.480783401
   10.860000000   -0.654452638   -0.728816982   -1.466021691
   10.870000000   -0.653534598   -0.768767704   -1.432492720
   10.880000000   -0.652911149   -0.799555572   -1.383339493
   10.890000000   -0.653749006   -0.819796106   -1.323026469
   10.900000000   -0.658864832   -0.830494813   -1.257608759
   10.910000000   -0.670902736   -0.834484807   -1.193253322
   10.920000000   -0.690324318   -0.835597915   -1.133445137
   10.930000000   -0.714635153   -0.836422828   -1.078293047
   10.940000000   -0.739110003   -0.836292627   -1.025867689
   10.950000000   -0.759030524   -0.832025270   -0.973689587
   10.960000000   -0.772768206   -0.821544431   -0.920118179
   10.970000000   -0.782677917   -0.806829126   -0.865045270
   10.980000000   -0.793455154   -0.793528467   -0.809940799
   10.990000000   -0.811060951   -0.788790084   -0.758888546
   11.000000000   -0.841966142   -0.798873927   -0.718926920
   11.010000000   -0.890364140   -0.826204641   -0.696286860
   11.020000000   -0.954735513   -0.867321763   -0.690689304
   11.030000000   -1.028332898   -0.915489607   -0.694438561
   11.040000000   -1.104355596   -0.967083700   -0.698533125
   11.050000000   -1.179478485   -1.024216141   -0.699540256
   11.060000000   -1.251943346   -1.090574129   -0.700600460
   11.070000000   -1.318454602   -1.166204017   -0.706491140
   11.080000000   -1.374364594   -1.246459387   -0.718106432
   11.090000000   -1.416970082   -1.324772117   -0.731854305
   11.100000000   -1.448288372   -1.396104431   -0.743791745
   11.110000000   -1.474285229   -1.458728200   -0.753207417
   11.120000000   -1.501009582   -1.513531700   -0.762279993
   11.130000000   -1.530814881   -1.561566948   -0.773126668
   11.140000000   -1.562186473   -1.602667777   -0.785511467
   11.150000000   -1.593462644   -1.637184028   -0.798323453
   11.160000000   -1.625853799   -1.667981719   -0.813347944
   11.170000000   -1.661598593   -1.698686768   -0.835771285
   11.180000000   -1.699914386   -1.729689474   -0.870842722
   11.190000000   -1.736700372   -1.757356279   -0.921976093
   11.200000000   -1.768389745   -1.777938823   -0.992199046
   11.210000000   -1.794772191   -1.791395350   -1.085352595
   11.220000000   -1.818081922   -1.801017473   -1.204709901
   11.230000000   -1.840387579   -1.810548571   -1.349971637
   11.240000000   -1.861937000   -1.822013409   -1.514563131
   11.250000000   -1.881851805   -1.835390552   -1.685458768
   11.260000000   -1.900262981   -1.850145568   -1.847517352
   11.270000000   -1.918913191   -1.866782849   -1.990429852
   11.280000000   -1.939442042   -1.886236791   -2.113284412
   11.290000000   -1.961469145   -1.907973209   -2.224513919
   11.300000000   -1.982032449   -1.929106709   -2.337217681
   11.310000000   -1.997133116   -1.945712761   -2.460661544
   11.320000000   -2.005080087   -1.955711528   -2.593323374
   11.330000000   -2.008622864   -1.961182277   -2.725238120
   11.340000000   -2.012989624   -1.967688771   -2.847284577
   11.350000000   -2.021608010   -1.980287597   -2.955525185
   11.360000000   -2.034142424   -1.999837423   -3.048928216
   11.370000000   -2.047846064   -2.023397714   -3.128269133
   11.380000000   -2.059338295   -2.047734104   -3.197665601
   11.390000000   -2.066184456   -2.072203638   -3.265314355
   11.400000000   -2.068970808   -2.098965948   -3.341179376
   11.410000000   -2.071490386   -2.130741906   -3.432560179
   11.420000000   -2.078084060   -2.168286072   -3.540930650
   11.430000000   -2.091484905   -2.210175452   -3.662014382
   11.440000000   -2.113314631   -2.254657312   -3.788349375
   11.450000000   -2.145457277   -2.301276532   -3.911945769
   11.460000000   -2.189718255   -2.350889843   -4.025244710
   11.470000000   -2.245670323   -2.404162728   -4.121276944
   11.480000000   -2.309194451   -2.459815399   -4.195133325
   11.490000000   -2.373531052   -2.513878577   -4.245656187
   11.500000000   -2.432120327   -2.560811444   -4.275072553
   11.510000000   -2.481559576   -2.596580747   -4.287485544
   11.520000000   -2.522319217   -2.620930708   -4.287958269
   11.530000000   -2.556461175   -2.636297070   -4.282003936
   11.540000000   -2.585347788   -2.645273917   -4.274654113
   11.550000000   -2.609114327   -2.649055583   -4.269052702
   11.560000000   -2.626858455   -2.647434082   -4.265022965
   11.570000000   -2.637981704   -2.640563499   -4.259182417
   11.580000000   -2.644247064   -2.630724826   -4.247660881
   11.590000000   -2.649286801   -2.621429692   -4.229003444
   11.600000000   -2.655389577   -2.614618816   -4.204127201
   11.610000000   -2.661982346   -2.609613840   -4.174557234
   11.620000000   -2.667633586   -2.605223442   -4.142297273
   11.630000000   -2.672131070   -2.601860301   -4.110338306
   11.640000000   -2.676450864   -2.600964146   -4.080789763
   11.650000000   -2.681960122   -2.603338319   -4.052180714
   11.660000000   -2.689852235   -2.608768576   -4.020065825
   11.670000000   -2.700426370   -2.616528543   -3.981278692
   11.680000000   -2.712448347   -2.625634024   -3.937185427
   11.690000000   -2.723589533   -2.634936209   -3.893027307
   11.700000000   -2.731664640   -2.643257636   -3.855023405
   11.710000000   -2.735267822   -2.649302665   -3.827036919
   11.720000000   -2.733594202   -2.651603887   -3.808031746
   11.730000000   -2.726558745   -2.649552328   -3.792356500
   11.740000000   -2.715800418   -2.645116875   -3.773551088
   11.750000000   -2.705455240   -2.642740545   -3.748646229
   11.760000000   -2.700188216   -2.646087889   -3.719003324
   11.770000000   -2.701066374   -2.654658434   -3.687711462
   11.780000000   -2.704631631   -2.664757985   -3.657175836
   11.790000000   -2.706829036   -2.673679982   -3.628675914
   11.800000000   -2.706638808   -2.681598620   -3.602399503
   11.810000000   -2.705755315   -2.689619755   -3.577158279
   11.820000000   -2.705854921   -2.697299991   -3.550700966
   11.830000000   -2.706728805   -2.702430408   -3.520732763
   11.840000000   -2.706409053   -2.702648596   -3.485947115
   11.850000000   -2.702368982   -2.697214134   -3.446590398
   11.860000000   -2.693020169   -2.687788436   -3.404060257
   11.870000000   -2.678545201   -2.677521125   -3.359770795
   11.880000000   -2.660789512   -2.669330325   -3.314869912
   11.890000000   -2.642931532   -2.665105728   -3.270987502
   11.900000000   -2.628410341   -2.665408335   -3.229954391
   11.910000000   -2.618969688   -2.669120801   -3.192370766
   11.920000000   -2.613686179   -2.674211417   -3.157257547
   11.930000000   -2.610097747   -2.679178431   -3.123547969
   11.940000000   -2.606412579   -2.683303636   -3.091679324
   11.950000000   -2.603031856   -2.685913168   -3.063414436
   11.960000000   -2.602015280   -2.686102917   -3.040170263
   11.970000000   -2.604478742   -2.682898071   -3.021651657
   11.980000000   -2.608607195   -2.675737674   -3.005990526
   11.990000000   -2.611030761   -2.665782001   -2.990932702
   12.000000000   -2.610165705   -2.656681939   -2.974744529
   12.010000000   -2.607752724   -2.652790610   -2.956636149
   12.020000000   -2.607410682   -2.656039522   -2.937469412
   12.030000000   -2.612600595   -2.665043054   -2.920178351
   12.040000000   -2.625345740   -2.677069460   -2.908179446
   12.050000000   -2.645058211   -2.690137440   -2.902417959
   12.060000000   -2.668275820   -2.703348683   -2.900177273
   12.070000000   -2.690349049   -2.715802900   -2.896798154
   12.080000000   -2.707506942   -2.725325407   -2.888197630
   12.090000000   -2.717823415   -2.728936316   -2.872454140
   12.100000000   -2.721432019   -2.725272389   -2.850324192
   12.110000000   -2.719791160   -2.715536224   -2.824552207
   12.120000000   -2.714366139   -2.701805106   -2.798087322
   12.130000000   -2.706109292   -2.685552490   -2.772460497
   12.140000000   -2.696085236   -2.667843561   -2.747789441
   12.150000000   -2.686025584   -2.649938741   -2.724045607
   12.160000000   -2.677441446   -2.633082132   -2.701909497
   12.170000000   -2.670488124   -2.618174195   -2.682715675
   12.180000000   -2.664752285   -2.606316098   -2.668121007
   12.190000000   -2.660891368   -2.599214287   -2.659618822
   12.200000000   -2.660241984   -2.597990494   -2.657510759
   12.210000000   -2.662859879   -2.601547891   -2.659630049
   12.220000000   -2.667007447   -2.606755081   -2.661283879
   12.230000000   -2.670211156   -2.610111240   -2.657521262
   12.240000000   -2.670085636   -2.609080299   -2.646115869
   12.250000000   -2.664767310   -2.602661476   -2.628229969
   12.260000000   -2.653151832   -2.591105182   -2.606382489
   12.270000000   -2.635275837   -2.575317567   -2.582267768
   12.280000000   -2.613324456   -2.557557302   -2.556594312
   12.290000000   -2.591680825   -2.542235347   -2.530434963
   12.300000000   -2.574717014   -2.534207510   -2.505775599
   12.310000000   -2.564410173   -2.535835163   -2.484445519
   12.320000000   -2.559769672   -2.545496576   -2.466884836
   12.330000000   -2.557693574   -2.558269105   -2.451947968
   12.340000000   -2.554649865   -2.568590593   -2.437621162
   12.350000000   -2.548109663   -2.572845180   -2.422175320
   12.360000000   -2.536577872   -2.569442916   -2.404928053
   12.370000000   -2.519214531   -2.557676993   -2.386061726
   12.380000000   -2.496297482   -2.537861960   -2.365913363
   12.390000000   -2.469579693   -2.511885303   -2.344277879
   12.400000000   -2.441241083   -2.482148186   -2.320508597
   12.410000000   -2.412516910   -2.450043035   -2.294663721
   12.420000000   -2.383703168   -2.416137390   -2.268127897
   12.430000000   -2.354830844   -2.381299280   -2.242742098
   12.440000000   -2.325761979   -2.346870112   -2.219870296
   12.450000000   -2.296221364   -2.313802359   -2.200294126
   12.460000000   -2.266198804   -2.282037793   -2.183835676
   12.470000000   -2.236306717   -2.251145369   -2.168935081
   12.480000000   -2.207977178   -2.221714892   -2.153797484
   12.490000000   -2.183143237   -2.195726517   -2.138276827
   12.500000000   -2.163292057   -2.175328412   -2.124345211
   12.510000000   -2.148816713   -2.161404863   -2.114929534
   12.520000000   -2.139210251   -2.153112631   -2.112142066
   12.530000000   -2.133438540   -2.148353419   -2.115950150
   12.540000000   -2.129857168   -2.144462058   -2.124038850
   12.550000000   -2.126307991   -2.138845713   -2.132719341
   12.560000000   -2.121152993   -2.129901003   -2.138388812
   12.570000000   -2.113890944   -2.117438508   -2.138999874
   12.580000000   -2.104061605   -2.101789994   -2.134457155
   12.590000000   -2.090301311   -2.082894386   -2.125717375
   12.600000000   -2.071325600   -2.060738480   -2.113762452
   12.610000000   -2.047467595   -2.036290074   -2.098962394
   12.620000000   -2.020918222   -2.011564383   -2.080844390
   12.630000000   -1.994813149   -1.989127716   -2.058765520
   12.640000000   -1.971965613   -1.971524776   -2.033019171
   12.650000000   -1.953499379   -1.960057880   -2.004812789
   12.660000000   -1.938418146   -1.953639386   -1.975446364
   12.670000000   -1.925012863   -1.949513124   -1.946315464
   12.680000000   -1.912545484   -1.945223936   -1.918995080
   12.690000000   -1.901472583   -1.939606284   -1.894301552
   12.700000000   -1.892906832   -1.932580677   -1.871768702
   12.710000000   -1.888353319   -1.924935295   -1.850520929
   12.720000000   -1.889248408   -1.918111111   -1.830381654
   12.730000000   -1.895702423   -1.913330153   -1.812337673
   12.740000000   -1.905460512   -1.910550812   -1.798088939
   12.750000000   -1.914838054   -1.908583863   -1.788534618
   12.760000000   -1.920907619   -1.906258688   -1.782618622
   12.770000000   -1.922302698   -1.902948297   -1.777871667
   12.780000000   -1.918648312   -1.898182173   -1.771660819
   12.790000000   -1.910438291   -1.891547996   -1.761970654
   12.800000000   -1.899251692   -1.882970799   -1.747918240
   12.810000000   -1.887246399   -1.872653729   -1.730480993
   12.820000000   -1.876026787   -1.860827121   -1.712754532
   12.830000000   -1.865617747   -1.847650597   -1.698588153
   12.840000000   -1.854325798   -1.833117035   -1.690310216
   12.850000000   -1.840016440   -1.816975974   -1.687416583
   12.860000000   -1.821988568   -1.798894165   -1.686869924
   12.870000000   -1.801746004   -1.778935800   -1.684792183
   12.880000000   -1.782022617   -1.757919316   -1.678749725
   12.890000000   -1.765020628   -1.737044148   -1.668992665
   12.900000000   -1.751550004   -1.717407484   -1.657909955
   12.910000000   -1.741542315   -1.700197550   -1.648323744
   12.920000000   -1.734589606   -1.686811002   -1.641717033
   12.930000000   -1.729798779   -1.678340514   -1.637596270
   12.940000000   -1.725743125   -1.675110893   -1.634062639
   12.950000000   -1.720955740   -1.676556610   -1.628717962
   12.960000000   -1.714441881   -1.681134809   -1.619616218
   12.970000000   -1.705810862   -1.686470624   -1.606113301
   12.980000000   -1.695067249   -1.689991379   -1.589089585
   12.990000000   -1.682058009   -1.689633759   -1.570353299
   13.000000000   -1.666235540   -1.684344765   -1.551862408
   13.010000000   -1.647296124   -1.674365802   -1.535545187
   13.020000000   -1.625737961   -1.661040667   -1.523412221
   13.030000000   -1.602642740   -1.646115148   -1.516857780
   13.040000000   -1.579213413   -1.630849601   -1.515406008
   13.050000000   -1.556708677   -1.615728837   -1.516514240
   13.060000000   -1.536642414   -1.601133454   -1.516782851
   13.070000000   -1.520650527   -1.587878265   -1.513500055
   13.080000000   -1.510075462   -1.576796141   -1.505941171
   13.090000000   -1.505536450   -1.568077266   -1.495802035
   13.100000000   -1.506486726   -1.561161306   -1.486058984
   13.110000000   -1.511071968   -1.554869324   -1.478891730
   13.120000000   -1.516724180   -1.547427049   -1.474234148
   13.130000000   -1.521190660   -1.536840262   -1.470164952
   13.140000000   -1.523063244   -1.521781144   -1.464703942
   13.150000000   -1.521666821   -1.502438898   -1.457035489
   13.160000000   -1.516969015   -1.480787850   -1.447257716
   13.170000000   -1.509538589   -1.459961009   -1.435856865
   13.180000000   -1.500469309   -1.443172954   -1.423776052
   13.190000000   -1.491291007   -1.432831876   -1.412516665
   13.200000000   -1.483473818   -1.429870495   -1.403804751
   13.210000000   -1.477528353   -1.433222339   -1.398795681
   13.220000000   -1.472531787   -1.439843620   -1.397317895
   13.230000000   -1.466728933   -1.445807340   -1.398149802
   13.240000000   -1.458723136   -1.447977161   -1.400213054
   13.250000000   -1.448374493   -1.445171126   -1.403298164
   13.260000000   -1.436959621   -1.438391901   -1.407696893
   13.270000000   -1.426512175   -1.430280996   -1.413319853
   13.280000000   -1.418673839   -1.423906111   -1.418906171
   13.290000000   -1.413751097   -1.421158450   -1.421737025
   13.300000000   -1.410582427   -1.421646664   -1.418551111
   13.310000000   -1.407315694   -1.422942720   -1.407607742
   13.320000000   -1.402516587   -1.422162022   -1.389928175
   13.330000000   -1.395907649   -1.417900562   -1.368552635
   13.340000000   -1.388348185   -1.410956310   -1.347015624
   13.350000000   -1.381069774   -1.403132672   -1.328171968
   13.360000000   -1.374960326   -1.395655534   -1.313615938
   13.370000000   -1.370479881   -1.388929798   -1.303519766
   13.380000000   -1.367579422   -1.383030422   -1.296550895
   13.390000000   -1.365381349   -1.377639406   -1.290278019
   13.400000000   -1.362316372   -1.371706644   -1.282531253
   13.410000000   -1.356644026   -1.363644296   -1.272644578
   13.420000000   -1.346931259   -1.352105127   -1.261350830
   13.430000000   -1.332812689   -1.336916994   -1.249816493
   13.440000000   -1.315765786   -1.319578939   -1.238928649
   13.450000000   -1.298813078   -1.302696706   -1.229133523
   13.460000000   -1.285000867   -1.288416399   -1.220461854
   13.470000000   -1.275878601   -1.277111018   -1.212611551
   13.480000000   -1.271236290   -1.267593222   -1.205286831
   13.490000000   -1.270030518   -1.258606394   -1.198609663
   13.500000000   -1.271347795   -1.250120275   -1.193228438
   13.510000000   -1.274803017   -1.243524836   -1.190059121
   13.520000000   -1.280403842   -1.240780704   -1.189596267
   13.530000000   -1.287929702   -1.243189394   -1.191116081
   13.540000000   -1.296533537   -1.250859768   -1.192869040
   13.550000000   -1.304999974   -1.262902077   -1.193375048
   13.560000000   -1.312116198   -1.277592028   -1.192384474
   13.570000000   -1.317034647   -1.292698372   -1.190839753
   13.580000000   -1.319758123   -1.306325250   -1.190307184
   13.590000000   -1.321118372   -1.317419748   -1.192291049
   13.600000000   -1.321962785   -1.325464582   -1.197814424
   13.610000000   -1.322469303   -1.330235574   -1.207317971
   13.620000000   -1.322330816   -1.331971690   -1.220365529
   13.630000000   -1.321326041   -1.331297829   -1.235191753
   13.640000000   -1.319830924   -1.329050095   -1.248992672
   13.650000000   -1.319086945   -1.326414547   -1.259183750
   13.660000000   -1.320559144   -1.324720790   -1.264422664
   13.670000000   -1.324633696   -1.324603179   -1.264465809
   13.680000000   -1.330114419   -1.325474416   -1.259533368
   13.690000000   -1.334932491   -1.325930824   -1.250167984
   13.700000000   -1.337146108   -1.324547543   -1.237438339
   13.710000000   -1.335765583   -1.320580948   -1.222703910
   13.720000000   -1.331342927   -1.314550612   -1.206983135
   13.730000000   -1.325779705   -1.308199168   -1.190720187
   13.740000000   -1.321036939   -1.303450545   -1.174100891
   13.750000000   -1.317854415   -1.301349685   -1.157367312
   13.760000000   -1.315755078   -1.302070467   -1.140816983
   13.770000000   -1.313843491   -1.305400891   -1.124680688
   13.780000000   -1.311374187   -1.310858361   -1.109355184
   13.790000000   -1.308057407   -1.317648061   -1.095976345
   13.800000000   -1.304396770   -1.324891734   -1.086605545
   13.810000000   -1.301658008   -1.332038547   -1.083431918
   13.820000000   -1.300952953   -1.338815245   -1.087339315
   13.830000000   -1.302074783   -1.344641435   -1.096932904
   13.840000000   -1.303286870   -1.348481661   -1.108878146
   13.850000000   -1.302488231   -1.349631805   -1.119458613
   13.860000000   -1.299060149   -1.348714768   -1.126258033
   13.870000000   -1.294640669   -1.347670045   -1.128609599
   13.880000000   -1.291678272   -1.348255159   -1.126864134
   13.890000000   -1.291441873   -1.350479872   -1.121846795
   13.900000000   -1.293858998   -1.352811329   -1.114956177
   13.910000000   -1.298709440   -1.353850900   -1.108063168
   13.920000000   -1.306056425   -1.353441138   -1.102696453
   13.930000000   -1.315644495   -1.352366039   -1.099309338
   13.940000000   -1.326488674   -1.351560974   -1.097462038
   13.950000000   -1.337124171   -1.351464670   -1.096449503
   13.960000000   -1.346241998   -1.351763944   -1.095588497
   13.970000000   -1.353327824   -1.351833704   -1.094369885
   13.980000000   -1.358878711   -1.351412702   -1.092891855
   13.990000000   -1.363961158   -1.350643582   -1.092030259
   14.000000000   -1.369342307   -1.349559835   -1.092590979
   14.010000000   -1.374906005   -1.347846197   -1.094101351
   14.020000000   -1.379617002   -1.344996611   -1.094599788
   14.030000000   -1.381850629   -1.340508589   -1.091906778
   14.040000000   -1.380192534   -1.334084101   -1.085404218
   14.050000000   -1.374174992   -1.325655015   -1.076355819
   14.060000000   -1.364142663   -1.315186748   -1.066509266
   14.070000000   -1.350748700   -1.302758460   -1.056933301
   14.080000000   -1.334905959   -1.288975099   -1.048119373
   14.090000000   -1.317942607   -1.275097148   -1.040547349
   14.100000000   -1.301456130   -1.262670427   -1.034908152
   14.110000000   -1.286980397   -1.252962306   -1.031890170
   14.120000000   -1.275536314   -1.246436825   -1.031601892
   14.130000000   -1.267142765   -1.242582984   -1.032875902
   14.140000000   -1.260883995   -1.240356123   -1.033418022
   14.150000000   -1.255521889   -1.238686096   -1.031318913
   14.160000000   -1.250027473   -1.236605611   -1.026516864
   14.170000000   -1.243755216   -1.233281658   -1.020501589
   14.180000000   -1.236280925   -1.228117834   -1.014821331
   14.190000000   -1.227187162   -1.220878585   -1.010166654
   14.200000000   -1.216149621   -1.211770669   -1.006425092
   14.210000000   -1.203290906   -1.201359196   -1.002901375
   14.220000000   -1.189405294   -1.190308916   -0.998546294
   14.230000000   -1.175903776   -1.179340885   -0.992659718
   14.240000000   -1.164564044   -1.169473078   -0.985525251
   14.250000000   -1.156944677   -1.161854994   -0.977933043
   14.260000000   -1.153446936   -1.156950816   -0.970076557
   14.270000000   -1.152698368   -1.153931330   -0.961279256
   14.280000000   -1.152157560   -1.151097867   -0.950908905
   14.290000000   -1.149672641   -1.147027549   -0.939372535
   14.300000000   -1.144603367   -1.141332705   -0.928013331
   14.310000000   -1.137626563   -1.134411297   -0.918095381
   14.320000000   -1.129654793   -1.126731722   -0.910106017
   14.330000000   -1.121034571   -1.118493316   -0.903976893
   14.340000000   -1.111658498   -1.109820008   -0.899466589
   14.350000000   -1.101459060   -1.100947775   -0.895988258
   14.360000000   -1.090607186   -1.092098801   -0.892334752
   14.370000000   -1.079538596   -1.083469650   -0.886935745
   14.380000000   -1.069092211   -1.075551806   -0.878657142
   14.390000000   -1.060462274   -1.069276602   -0.867623121
   14.400000000   -1.054677436   -1.065604965   -0.855272677
   14.410000000   -1.051993226   -1.064852548   -0.843567710
   14.420000000   -1.051890239   -1.066407028   -0.834153664
   14.430000000   -1.053458022   -1.069044864   -0.828061647
   14.440000000   -1.055451512   -1.071409758   -0.825791853
   14.450000000   -1.056417621   -1.072342064   -0.827315953
   14.460000000   -1.055352470   -1.071126807   -0.832140325
   14.470000000   -1.052174653   -1.067577187   -0.839406248
   14.480000000   -1.047490254   -1.061957989   -0.847752576
   14.490000000   -1.042170823   -1.055032560   -0.855559759
   14.500000000   -1.037041343   -1.047958915   -0.861646582
   14.510000000   -1.032447322   -1.041638779   -0.865498538
   14.520000000   -1.027883992   -1.036074649   -0.866892480
   14.530000000   -1.022175146   -1.030467682   -0.865499132
   14.540000000   -1.014304850   -1.023958309   -0.860894178
   14.550000000   -1.004316867   -1.016350744   -0.853057220
   14.560000000   -0.993422421   -1.008257856   -0.843001127
   14.570000000   -0.983104490   -1.000619093   -0.832830160
   14.580000000   -0.973994026   -0.994018654   -0.825048125
   14.590000000   -0.965586921   -0.988427315   -0.821872933
   14.600000000   -0.957018189   -0.983484977   -0.824803669
   14.610000000   -0.947959684   -0.978685403   -0.833782155
   14.620000000   -0.938855619   -0.973293697   -0.846279184
   14.630000000   -0.930663885   -0.966616569   -0.857933666
   14.640000000   -0.924461605   -0.958621315   -0.865040119
   14.650000000   -0.921004673   -0.950076193   -0.866610538
   14.660000000   -0.920396759   -0.942014636   -0.864225286
   14.670000000   -0.922083045   -0.935181961   -0.860506929
   14.680000000   -0.925104657   -0.929843719   -0.857847535
   14.690000000   -0.928470841   -0.925849805   -0.857823948
   14.700000000   -0.931543034   -0.922817828   -0.860881101
   14.710000000   -0.934207876   -0.920381190   -0.866459276
   14.720000000   -0.936643264   -0.918318650   -0.873624016
   14.730000000   -0.938799258   -0.916404126   -0.881523472
   14.740000000   -0.940197993   -0.914365664   -0.889591545
   14.750000000   -0.940311928   -0.912080205   -0.897765226
   14.760000000   -0.938776823   -0.909367970   -0.906287351
   14.770000000   -0.935142369   -0.905585571   -0.915015760
   14.780000000   -0.929035775   -0.900043134   -0.923332217
   14.790000000   -0.920797012   -0.892856281   -0.930750945
   14.800000000   -0.911503333   -0.884953696   -0.936969170
   14.810000000   -0.902222424   -0.877317420   -0.941433111
   14.820000000   -0.893427420   -0.870409068   -0.943458625
   14.830000000   -0.885175663   -0.864203011   -0.942669240
   14.840000000   -0.877695859   -0.858545163   -0.939023812
   14.850000000   -0.871496327   -0.853341483   -0.932628138
   14.860000000   -0.866710142   -0.848364829   -0.923662867
   14.870000000   -0.862607407   -0.843064599   -0.912548995
   14.880000000   -0.858119072   -0.836951067   -0.900360116
   14.890000000   -0.852708936   -0.830197538   -0.888793783
   14.900000000   -0.846497000   -0.823566612   -0.879248329
   14.910000000   -0.839706076   -0.817647724   -0.871731739
   14.920000000   -0.832223252   -0.812193665   -0.864762416
   14.930000000   -0.823682698   -0.806223317   -0.856479493
   14.940000000   -0.813924570   -0.798875551   -0.845784019
   14.950000000   -0.803317229   -0.790235076   -0.832616774
   14.960000000   -0.792617303   -0.781334269   -0.817787832
   14.970000000   -0.782614723   -0.773362431   -0.802695034
   14.980000000   -0.773933238   -0.766917893   -0.788876380
   14.990000000   -0.767008640   -0.761978767   -0.777771074
   15.000000000   -0.761901022   -0.758291295   -0.770681181
   15.010000000   -0.758075299   -0.755644904   -0.768416577
   15.020000000   -0.754765958   -0.754034790   -0.770659875
   15.030000000   -0.751695562   -0.753761994   -0.775703769
   15.040000000   -0.749277267   -0.755357978   -0.781046441
   15.050000000   -0.748105103   -0.759193782   -0.784509680
   15.060000000   -0.748255078   -0.764782744   -0.784879795
   15.070000000   -0.749083400   -0.770511013   -0.781907633
   15.080000000   -0.749731068   -0.774514673   -0.776418418
   15.090000000   -0.749654701   -0.775782842   -0.770396827
   15.100000000   -0.748612196   -0.774284698   -0.766249922
   15.110000000   -0.746533221   -0.770605507   -0.765584131
   15.120000000   -0.743667650   -0.765766568   -0.768448230
   15.130000000   -0.740614281   -0.760957727   -0.773428956
   15.140000000   -0.737867801   -0.757007651   -0.778497798
   15.150000000   -0.735314433   -0.753970655   -0.781986670
   15.160000000   -0.732313472   -0.751263792   -0.782999354
   15.170000000   -0.728283375   -0.748234961   -0.781264713
   15.180000000   -0.723298534   -0.744652276   -0.777110190
   15.190000000   -0.718236660   -0.740767643   -0.771757763
   15.200000000   -0.714195014   -0.736965834   -0.767043001
   15.210000000   -0.711708925   -0.733449280   -0.764252518
   15.220000000   -0.710606126   -0.730241136   -0.763496002
   15.230000000   -0.710387948   -0.727284198   -0.764341989
   15.240000000   -0.710641441   -0.724545137   -0.766575517
   15.250000000   -0.711317087   -0.722207445   -0.770315359
   15.260000000   -0.712668814   -0.720669883   -0.775512735
   15.270000000   -0.714912527   -0.720270957   -0.781394984
   15.280000000   -0.718010017   -0.721054985   -0.786862312
   15.290000000   -0.721641023   -0.722604465   -0.791513038
   15.300000000   -0.725231457   -0.724024492   -0.795802794
   15.310000000   -0.728119239   -0.724323864   -0.800121384
   15.320000000   -0.729873110   -0.723027083   -0.804170135
   15.330000000   -0.730561087   -0.720500535   -0.807329010
   15.340000000   -0.730731869   -0.717736141   -0.809169946
   15.350000000   -0.730902198   -0.715620509   -0.809401324
   15.360000000   -0.730818563   -0.714023990   -0.807470353
   15.370000000   -0.729427192   -0.711721051   -0.802615126
   15.380000000   -0.725854726   -0.707600542   -0.794887839
   15.390000000   -0.720282310   -0.701820989   -0.786017751
   15.400000000   -0.713760901   -0.695623472   -0.778869536
   15.410000000   -0.707371648   -0.690284085   -0.776031832
   15.420000000   -0.701607092   -0.686281842   -0.778506511
   15.430000000   -0.696373048   -0.683234951   -0.785210144
   15.440000000   -0.691387503   -0.680477314   -0.793786982
   15.450000000   -0.686512234   -0.677649975   -0.802003312
   15.460000000   -0.681716178   -0.674759469   -0.808377571
   15.470000000   -0.676653920   -0.671693379   -0.811923326
   15.480000000   -0.670432238   -0.667823815   -0.812023577
   15.490000000   -0.662210328   -0.662312571   -0.808863645
   15.500000000   -0.652092365   -0.654859008   -0.803558563
   15.510000000   -0.641198764   -0.646024828   -0.797434067
   15.520000000   -0.630946740   -0.636869290   -0.791185222
   15.530000000   -0.622352627   -0.628440328   -0.784871608
   15.540000000   -0.615806981   -0.621585369   -0.778754608
   15.550000000   -0.611219367   -0.616838767   -0.773720170
   15.560000000   -0.608236730   -0.614151634   -0.770615438
   15.570000000   -0.606350937   -0.612779548   -0.769504858
   15.580000000   -0.605007989   -0.611606835   -0.769774872
   15.590000000   -0.603939310   -0.609804502   -0.770855750
   15.600000000   -0.603439650   -0.607322258   -0.772790826
   15.610000000   -0.604110926   -0.604739736   -0.776217553
   15.620000000   -0.606207432   -0.602731905   -0.781740217
   15.630000000   -0.609183604   -0.601673887   -0.789075562
   15.640000000   -0.611862859   -0.601461164   -0.796885690
   15.650000000   -0.613082127   -0.601531854   -0.803491401
   15.660000000   -0.612163639   -0.601077490   -0.807501543
   15.670000000   -0.608903756   -0.599343131   -0.807851535
   15.680000000   -0.603402078   -0.595927625   -0.803784325
   15.690000000   -0.595919612   -0.590832827   -0.795219063
   15.700000000   -0.586761070   -0.584210629   -0.783083053
   15.710000000   -0.576279390   -0.576128731   -0.768977112
   15.720000000   -0.564960999   -0.566607781   -0.754340565
   15.730000000   -0.553448386   -0.555874934   -0.739925074
   15.740000000   -0.542414797   -0.544496499   -0.726000878
   15.750000000   -0.532308384   -0.533163291   -0.712907291
   15.760000000   -0.523112323   -0.522342373   -0.701213982
   15.770000000   -0.514391216   -0.512230094   -0.691335720
   15.780000000   -0.505639291   -0.502919650   -0.683057217
   15.790000000   -0.496596554   -0.494394248   -0.675553509
   15.800000000   -0.487442142   -0.486581211   -0.668083261
   15.810000000   -0.478891778   -0.479667363   -0.660575760
   15.820000000   -0.471874391   -0.474090189   -0.653431706
   15.830000000   -0.466869963   -0.470020820   -0.646951387
   15.840000000   -0.463653563   -0.467100772   -0.641037322
   15.850000000   -0.461572226   -0.464671037   -0.635237708
   15.860000000   -0.459811934   -0.462033431   -0.629022125
   15.870000000   -0.457532797   -0.458628414   -0.622106414
   15.880000000   -0.454164193   -0.454320915   -0.614560058
   15.890000000   -0.449773360   -0.449650771   -0.606849210
   15.900000000   -0.444988944   -0.445523602   -0.599769254
   15.910000000   -0.440487346   -0.442549430   -0.593985395
   15.920000000   -0.436546918   -0.440804634   -0.589504926
   15.930000000   -0.433008244   -0.440032712   -0.585652684
   15.940000000   -0.429663151   -0.439818557   -0.581578801
   15.950000000   -0.426652410   -0.439641695   -0.576658294
   15.960000000   -0.424404939   -0.438960124   -0.570484198
   15.970000000   -0.423175059   -0.437284692   -0.562839482
   15.980000000   -0.422656689   -0.434164541   -0.553904163
   15.990000000   -0.421969836   -0.429152376   -0.544393649
   16.000000000   -0.420013868   -0.421928472   -0.535369813
   16.010000000   -0.416083462   -0.412667417   -0.527933921
   16.020000000   -0.410298809   -0.402249126   -0.522922340
   16.030000000   -0.403408954   -0.391971325   -0.520584405
   16.040000000   -0.396138597   -0.382921549   -0.520434565
   16.050000000   -0.388687199   -0.375389522   -0.521380548
   16.060000000   -0.380679588   -0.368666373   -0.521973197
   16.070000000   -0.371511450   -0.361488038   -0.520875883
   16.080000000   -0.360941796   -0.353017898   -0.517710574
   16.090000000   -0.349580276   -0.343621746   -0.513639726
   16.100000000   -0.338831418   -0.334635226   -0.510747965
   16.110000000   -0.330172920   -0.327287479   -0.510487276
   16.120000000   -0.324209997   -0.321789412   -0.512519432
   16.130000000   -0.320128494   -0.317230607   -0.514870090
   16.140000000   -0.316019398   -0.312159709   -0.515094506
   16.150000000   -0.310108792   -0.305500088   -0.511569934
   16.160000000   -0.301976246   -0.297310255   -0.504269915
   16.170000000   -0.292696362   -0.288852982   -0.494677401
   16.180000000   -0.283893569   -0.281812622   -0.484849889
   16.190000000   -0.276531176   -0.277113415   -0.476164789
   16.200000000   -0.270307565   -0.274241181   -0.468604806
   16.210000000   -0.264130965   -0.271712535   -0.461256000
   16.220000000   -0.257226352   -0.268317392   -0.453551796
   16.230000000   -0.249760098   -0.263964630   -0.445969930
   16.240000000   -0.242604957   -0.259545375   -0.439752461
   16.250000000   -0.236749442   -0.256179573   -0.436043224
   16.260000000   -0.232788531   -0.254400725   -0.435080799
   16.270000000   -0.230707191   -0.253775453   -0.436146330
   16.280000000   -0.229975565   -0.253168277   -0.438083879
   16.290000000   -0.229706870   -0.251333423   -0.439540780
   16.300000000   -0.228934555   -0.247525694   -0.439072680
   16.310000000   -0.227143695   -0.241885323   -0.435815336
   16.320000000   -0.224702960   -0.235375374   -0.430163427
   16.330000000   -0.222682301   -0.229316584   -0.423380890
   16.340000000   -0.222056739   -0.224693004   -0.416507307
   16.350000000   -0.223049929   -0.221672509   -0.409773534
   16.360000000   -0.225175869   -0.219766748   -0.402912565
   16.370000000   -0.227662400   -0.218386735   -0.395739541
   16.380000000   -0.229789163   -0.217270351   -0.388309578
   16.390000000   -0.231128879   -0.216581921   -0.380759039
   16.400000000   -0.231730842   -0.216663114   -0.373298097
   16.410000000   -0.232025117   -0.217608718   -0.366282955
   16.420000000   -0.232506267   -0.219139589   -0.360095243
   16.430000000   -0.233595443   -0.220886699   -0.354927079
   16.440000000   -0.235717790   -0.222665872   -0.350701185
   16.450000000   -0.239283952   -0.224582754   -0.347194627
   16.460000000   -0.244462322   -0.227017642   -0.344278691
   16.470000000   -0.250924591   -0.230399744   -0.342067739
   16.480000000   -0.257926585   -0.235002350   -0.340999810
   16.490000000   -0.264739634   -0.240948254   -0.341874910
   16.500000000   -0.270915279   -0.248149969   -0.345470198
   16.510000000   -0.276190899   -0.256132621   -0.351814198
   16.520000000   -0.280485285   -0.264158850   -0.359805056
   16.530000000   -0.284124602   -0.271711902   -0.367458561
   16.540000000   -0.287837096   -0.278806861   -0.372724810
   16.550000000   -0.292349416   -0.285877397   -0.374527534
   16.560000000   -0.298016671   -0.293454689   -0.373154708
   16.570000000   -0.304796266   -0.301860415   -0.369711046
   16.580000000   -0.312364881   -0.311019879   -0.365330104
   16.590000000   -0.320141614   -0.320466269   -0.360723319
   16.600000000   -0.327285185   -0.329453906   -0.356094360
   16.610000000   -0.332841620   -0.337101638   -0.351326552
   16.620000000   -0.336099491   -0.342713062   -0.346212299
   16.630000000   -0.337057256   -0.346223170   -0.340532279
   16.640000000   -0.336589153   -0.348272939   -0.334118305
   16.650000000   -0.335925357   -0.349662789   -0.327023358
   16.660000000   -0.335827204   -0.350713965   -0.319675993
   16.670000000   -0.336179215   -0.351108773   -0.312657191
   16.680000000   -0.336309248   -0.350319464   -0.306153005
   16.690000000   -0.335817938   -0.348330661   -0.299902210
   16.700000000   -0.335091299   -0.345901438   -0.293866086
   16.710000000   -0.334899854   -0.344055004   -0.288666996
   16.720000000   -0.335640003   -0.343432163   -0.285193842
   16.730000000   -0.337060972   -0.344070668   -0.283867136
   16.740000000   -0.338580929   -0.345579646   -0.284283728
   16.750000000   -0.339733430   -0.347396547   -0.285496620
   16.760000000   -0.340396569   -0.348942450   -0.286542866
   16.770000000   -0.340816949   -0.349853215   -0.286735296
   16.780000000   -0.341471695   -0.350254715   -0.285755093
   16.790000000   -0.342771704   -0.350695407   -0.283696211
   16.800000000   -0.344706077   -0.351676615   -0.280918098
   16.810000000   -0.346631047   -0.353090915   -0.277713943
   16.820000000   -0.347458080   -0.354044280   -0.274093767
   16.830000000   -0.346342135   -0.353450326   -0.269811066
   16.840000000   -0.343356741   -0.350914060   -0.264535550
   16.850000000   -0.339384075   -0.346872372   -0.258112582
   16.860000000   -0.335283288   -0.341911745   -0.250696040
   16.870000000   -0.331224558   -0.336204545   -0.242691784
   16.880000000   -0.326834155   -0.329658734   -0.234706981
   16.890000000   -0.321838185   -0.322428320   -0.227438179
   16.900000000   -0.316376037   -0.315059650   -0.221321365
   16.910000000   -0.310805008   -0.308144850   -0.216223237
   16.920000000   -0.305374424   -0.301956930   -0.211546652
   16.930000000   -0.300022738   -0.296402330   -0.206669758
   16.940000000   -0.294481688   -0.291257105   -0.201286176
   16.950000000   -0.288548405   -0.286346580   -0.195339110
   16.960000000   -0.282200098   -0.281485988   -0.188855713
   16.970000000   -0.275649893   -0.276487744   -0.182060203
   16.980000000   -0.269401744   -0.271372374   -0.175527990
   16.990000000   -0.264037748   -0.266408315   -0.170003395
   17.000000000   -0.259861159   -0.261841892   -0.165912302
   17.010000000   -0.256708915   -0.257622148   -0.162971853
   17.020000000   -0.253982229   -0.253390504   -0.160263240
   17.030000000   -0.250895916   -0.248731750   -0.156665094
   17.040000000   -0.246873770   -0.243440808   -0.151421356
   17.050000000   -0.241862369   -0.237607617   -0.144576562
   17.060000000   -0.236363277   -0.231547842   -0.136889706
   17.070000000   -0.231229639   -0.225695102   -0.129351962
   17.080000000   -0.227283465   -0.220471156   -0.122698424
   17.090000000   -0.224813274   -0.216079697   -0.117081878
   17.100000000   -0.223387973   -0.212349004   -0.112121986
   17.110000000   -0.222225412   -0.208885956   -0.107380834
   17.120000000   -0.220689168   -0.205425486   -0.102766908
   17.130000000   -0.218474398   -0.201968081   -0.098532097
   17.140000000   -0.215502065   -0.198643566   -0.095049217
   17.150000000   -0.211810475   -0.195543686   -0.092551583
   17.160000000   -0.207553489   -0.192618489   -0.090909165
   17.170000000   -0.202931947   -0.189670759   -0.089584372
   17.180000000   -0.198056458   -0.186515836   -0.087900059
   17.190000000   -0.192976165   -0.183190467   -0.085469344
   17.200000000   -0.187781966   -0.179919875   -0.082418035
   17.210000000   -0.182493688   -0.176774700   -0.079183058
   17.220000000   -0.176914418   -0.173462668   -0.076084043
   17.230000000   -0.170809472   -0.169589074   -0.073090016
   17.240000000   -0.164225914   -0.165016569   -0.069905370
   17.250000000   -0.157572796   -0.159940343   -0.066196807
   17.260000000   -0.151472391   -0.154824083   -0.061848815
   17.270000000   -0.146501339   -0.150269337   -0.057143591
   17.280000000   -0.142894712   -0.146689493   -0.052740498
   17.290000000   -0.140521299   -0.144105682   -0.049377274
   17.300000000   -0.139140177   -0.142312569   -0.047371078
   17.310000000   -0.138488254   -0.141030738   -0.046327783
   17.320000000   -0.138236919   -0.139932113   -0.045406054
   17.330000000   -0.138155673   -0.138836996   -0.043873632
   17.340000000   -0.138262374   -0.137892286   -0.041463649
   17.350000000   -0.138648960   -0.137349652   -0.038412991
   17.360000000   -0.139091271   -0.137095019   -0.035214896
   17.370000000   -0.138832123   -0.136470485   -0.032232157
   17.380000000   -0.136890641   -0.134638760   -0.029488561
   17.390000000   -0.132691646   -0.131140469   -0.026775188
   17.400000000   -0.126397540   -0.126157566   -0.023912627
   17.410000000   -0.118667200   -0.120306371   -0.020899180
   17.420000000   -0.110218836   -0.114249935   -0.017759314
   17.430000000   -0.101673834   -0.108493896   -0.014275962
   17.440000000   -0.093613991   -0.103315583   -0.010022888
   17.450000000   -0.086489180   -0.098661622   -0.004655240
   17.460000000   -0.080436556   -0.094185520    0.001857922
   17.470000000   -0.075317297   -0.089559603    0.009116771
   17.480000000   -0.070907940   -0.084733006    0.016375549
   17.490000000   -0.066979855   -0.079852380    0.022891218
   17.500000000   -0.063335723   -0.075136544    0.028232184
   17.510000000   -0.059966985   -0.070916748    0.032234796
   17.520000000   -0.057125388   -0.067553219    0.034724114
   17.530000000   -0.055085035   -0.065126464    0.035506108
   17.540000000   -0.053771614   -0.063203346    0.034834026
   17.550000000   -0.052705149   -0.061035100    0.033700401
   17.560000000   -0.051363661   -0.058120560    0.033373117
   17.570000000   -0.049511013   -0.054536109    0.034660972
   17.580000000   -0.047169330   -0.050735845    0.037619310
   17.590000000   -0.044404267   -0.047120453    0.041761624
   17.600000000   -0.041200078   -0.043717335    0.046423641
   17.610000000   -0.037501874   -0.040188323    0.051031568
   17.620000000   -0.033343265   -0.036215104    0.055318235
   17.630000000   -0.028944654   -0.031939093    0.059407443
   17.640000000   -0.024667177   -0.027947047    0.063631160
   17.650000000   -0.020865540   -0.024770849    0.068359251
   17.660000000   -0.017795997   -0.022465617    0.074099114
   17.670000000   -0.015607667   -0.020681459    0.081497609
   17.680000000   -0.014300675   -0.019007161    0.090876090
   17.690000000   -0.013615654   -0.017150141    0.101732490
   17.700000000   -0.013072137   -0.014939336    0.112730653
   17.710000000   -0.012252854   -0.012389129    0.122041788
   17.720000000   -0.011059128   -0.009756315    0.127803783
   17.730000000   -0.009611307   -0.007341956    0.128738391
   17.740000000   -0.007940586   -0.005204160    0.124727281
   17.750000000   -0.005999458   -0.003216895    0.116829183
   17.760000000   -0.003986711   -0.001401963    0.106574941
   17.770000000   -0.002387086    0.000005461    0.095145571
   17.780000000   -0.001570517    0.000850822    0.083218052
   17.790000000   -0.001471954    0.001254777    0.071397750
   17.800000000   -0.001708361    0.001451624    0.060504418
   17.810000000   -0.001991243    0.001480941    0.051308116
   17.820000000   -0.002344434    0.001162405    0.044081002
   17.830000000   -0.002843158    0.000480263    0.038604568
   17.840000000   -0.003373405   -0.000204054    0.034488793
   17.850000000   -0.003865951   -0.000548771    0.031296575
   17.860000000   -0.004603222   -0.000687808    0.028585222
   17.870000000   -0.006075041   -0.001089162    0.026082785
   17.880000000   -0.008527255   -0.002034939    0.023788511
   17.890000000   -0.011752523   -0.003378940    0.021845919
   17.900000000   -0.015244874   -0.004695454    0.020392845
   17.910000000   -0.018345335   -0.005461607    0.019539240
   17.920000000   -0.020351106   -0.005220791    0.019317862
   17.930000000   -0.020839501   -0.003870087    0.019523441
   17.940000000   -0.019988645   -0.001823701    0.019669262
   17.950000000   -0.018375153    0.000276329    0.019136565
   17.960000000   -0.016423670    0.002032941    0.017323337
   17.970000000   -0.014232972    0.003450791    0.013858240
   17.980000000   -0.011841213    0.004717977    0.009044012
   17.990000000   -0.009433888    0.005890868    0.003968543
   18.000000000   -0.007368340    0.006733246   -0.000174159
   18.010000000   -0.006144244    0.006773680   -0.002842745
   18.020000000   -0.006294959    0.005469816   -0.004262679
   18.030000000   -0.008152821    0.002426275   -0.005017543
   18.040000000   -0.011542709   -0.002291675   -0.005559737
   18.050000000   -0.015675332   -0.007983747   -0.006041640
   18.060000000   -0.019533420   -0.013647906   -0.006534747
   18.070000000   -0.022470710   -0.018610843   -0.007251907
   18.080000000   -0.024391229   -0.022745946   -0.008434630
   18.090000000   -0.025415359   -0.026133145   -0.009984699
   18.100000000   -0.025592596   -0.028776664   -0.011265667
   18.110000000   -0.025033870   -0.030730537   -0.011447922
   18.120000000   -0.024116874   -0.032253968   -0.010091285
   18.130000000   -0.023369284   -0.033695890   -0.007362867
   18.140000000   -0.023162586   -0.035294734   -0.003808666
   18.150000000   -0.023500907   -0.037039475   -0.000030022
   18.160000000   -0.024026830   -0.038566304    0.003532742
   18.170000000   -0.024265229   -0.039245037    0.006816181
   18.180000000   -0.023979139   -0.038587499    0.010197021
   18.190000000   -0.023288245   -0.036598047    0.014197140
   18.200000000   -0.022327867   -0.033639163    0.019171112
   18.210000000   -0.020847268   -0.030037564    0.025235280
   18.220000000   -0.018353266   -0.025926588    0.032242308
   18.230000000   -0.014619090   -0.021388849    0.039775024
   18.240000000   -0.009904517   -0.016582768    0.047323426
   18.250000000   -0.004804924   -0.011743349    0.054432515
   18.260000000   -0.000014764   -0.007182084    0.060644428
   18.270000000    0.003844045   -0.003301502    0.065425479
   18.280000000    0.006296129   -0.000534214    0.068224369
   18.290000000    0.007101791    0.000853956    0.068679986
   18.300000000    0.006434808    0.001003011    0.066826212
   18.310000000    0.004950378    0.000488582    0.063078079
   18.320000000    0.003543048    0.000031508    0.058060993
   18.330000000    0.002919433    0.000085801    0.052526412
   18.340000000    0.003289158    0.000591620    0.047272276
   18.350000000    0.004358537    0.001066289    0.042859799
   18.360000000    0.005591886    0.000971842    0.039363341
   18.370000000    0.006541635    0.000064222    0.036440815
   18.380000000    0.007073410   -0.001513369    0.033630792
   18.390000000    0.007396467   -0.003369569    0.030617283
   18.400000000    0.007858017   -0.005092061    0.027356923
   18.410000000    0.008599818   -0.006425347    0.024083205
   18.420000000    0.009340643   -0.007331280    0.021120790
   18.430000000    0.009514785   -0.007946920    0.018655242
   18.440000000    0.008679547   -0.008425243    0.016687607
   18.450000000    0.006824851   -0.008704993    0.015155219
   18.460000000    0.004333155   -0.008486152    0.014058325
   18.470000000    0.001706278   -0.007512078    0.013452331
   18.480000000   -0.000671321   -0.005818569    0.013466653
   18.490000000   -0.002623127   -0.003706021    0.014400000
   18.500000000   -0.004089895   -0.001506737    0.016593094
   18.510000000   -0.004929113    0.000656525    0.020188449
   18.520000000   -0.004837871    0.002932765    0.025169373
   18.530000000   -0.003554454    0.005515825    0.031489641
   18.540000000   -0.001206071    0.008280164    0.038953304
   18.550000000    0.001593784    0.010704034    0.047062234
   18.560000000    0.003986770    0.012163944    0.055013786
   18.570000000    0.005234471    0.012322520    0.061834927
   18.580000000    0.005091684    0.011385053    0.066737557
   18.590000000    0.003942153    0.010043538    0.069532176
   18.600000000    0.002533947    0.009103113    0.070776412
   18.610000000    0.001603748    0.009121360    0.071544636
   18.620000000    0.001707738    0.010367394    0.072947309
   18.630000000    0.003185295    0.012943855    0.075661529
   18.640000000    0.006029546    0.016715485    0.079650529
   18.650000000    0.009766381    0.021143942    0.084236302
   18.660000000    0.013583145    0.025404317    0.088548735
   18.670000000    0.016642799    0.028751003    0.091902927
   18.680000000    0.018417352    0.030834115    0.093876679
   18.690000000    0.018926508    0.031781098    0.094427197
   18.700000000    0.018674675    0.031980870    0.094048189
   18.710000000    0.018303825    0.031797210    0.093588447
   18.720000000    0.018309435    0.031538733    0.093775252
   18.730000000    0.018941229    0.031532705    0.094802087
   18.740000000    0.020201789    0.032030827    0.096234962
   18.750000000    0.021913924    0.033072646    0.097318054
   18.760000000    0.023827827    0.034524838    0.097503075
   18.770000000    0.025738320    0.036231106    0.096782697
   18.780000000    0.027526866    0.038021775    0.095561440
   18.790000000    0.029189172    0.039710864    0.094317983
   18.800000000    0.030930043    0.041271884    0.093460942
   18.810000000    0.033077503    0.042882336    0.093334448
   18.820000000    0.035754909    0.044650040    0.094096520
   18.830000000    0.038692092    0.046351599    0.095508534
   18.840000000    0.041391448    0.047474404    0.096983659
   18.850000000    0.043427003    0.047464241    0.098031436
   18.860000000    0.044587405    0.045977515    0.098655882
   18.870000000    0.044883253    0.043074944    0.099256354
   18.880000000    0.044544291    0.039263518    0.100184436
   18.890000000    0.043914752    0.035286663    0.101376922
   18.900000000    0.043293256    0.031822117    0.102399349
   18.910000000    0.042928850    0.029342993    0.102962778
   18.920000000    0.043032098    0.028088688    0.103376592
   18.930000000    0.043656517    0.028002254    0.104326862
   18.940000000    0.044654765    0.028756093    0.106187677
   18.950000000    0.045829654    0.029995327    0.108609311
   18.960000000    0.047094000    0.031569443    0.110714261
   18.970000000    0.048430637    0.033462459    0.111629859
   18.980000000    0.049748968    0.035585591    0.110953836
   18.990000000    0.050848854    0.037742796    0.108890311
   19.000000000    0.051487638    0.039719884    0.106016898
   19.010000000    0.051518446    0.041365640    0.103004696
   19.020000000    0.051067173    0.042691156    0.100556830
   19.030000000    0.050539222    0.043911455    0.099338504
   19.040000000    0.050391465    0.045327035    0.099703076
   19.050000000    0.050826167    0.047066068    0.101468199
   19.060000000    0.051670836    0.048915799    0.104055696
   19.070000000    0.052649859    0.050574935    0.106875585
   19.080000000    0.053784301    0.052157736    0.109605317
   19.090000000    0.055375182    0.054272746    0.112156134
   19.100000000    0.057607207    0.057496754    0.114446066
   19.110000000    0.060331223    0.061845190    0.116312142
   19.120000000    0.063188020    0.066675825    0.117629051
   19.130000000    0.065770355    0.070924863    0.118415495
   19.140000000    0.067736720    0.073592247    0.118768972
   19.150000000    0.068984512    0.074330797    0.118784148
   19.160000000    0.069668023    0.073576551    0.118572493
   19.170000000    0.069893338    0.071974060    0.118228435
   19.180000000    0.069469368    0.069812080    0.117773482
   19.190000000    0.068037690    0.067064964    0.117228865
   19.200000000    0.065319832    0.063655268    0.116644577
   19.210000000    0.061217284    0.059499166    0.115973987
   19.220000000    0.055898451    0.054526834    0.115165024
   19.230000000    0.049887836    0.048836527    0.114460858
   19.240000000    0.043972790    0.042795558    0.114307172
   19.250000000    0.038871524    0.036915394    0.114859179
   19.260000000    0.034885414    0.031605791    0.115738333
   19.270000000    0.031871771    0.027065746    0.116347525
   19.280000000    0.029555848    0.023381838    0.116419788
   19.290000000    0.027883771    0.020720041    0.116325069
   19.300000000    0.027063441    0.019355845    0.116869433
   19.310000000    0.027283664    0.019449742    0.118686374
   19.320000000    0.028516785    0.020891408    0.121761125
   19.330000000    0.030581092    0.023419502    0.125460795
   19.340000000    0.033245346    0.026826864    0.128944026
   19.350000000    0.036239169    0.030995780    0.131620910
   19.360000000    0.039226470    0.035736954    0.133347508
   19.370000000    0.041812276    0.040673495    0.134311392
   19.380000000    0.043608345    0.045341034    0.134743666
   19.390000000    0.044374262    0.049384866    0.134645354
   19.400000000    0.044151188    0.052660005    0.133807606
   19.410000000    0.043216700    0.055174009    0.132079313
   19.420000000    0.041874256    0.056950476    0.129543977
   19.430000000    0.040342382    0.057983968    0.126511756
   19.440000000    0.038847771    0.058345927    0.123456089
   19.450000000    0.037667764    0.058251721    0.120939683
   19.460000000    0.036957509    0.057914830    0.119373274
   19.470000000    0.036611021    0.057331185    0.118637071
   19.480000000    0.036397075    0.056283304    0.118003068
   19.490000000    0.036168203    0.054554260    0.116617347
   19.500000000    0.035936758    0.052127936    0.114188135
   19.510000000    0.035791105    0.049172561    0.111156548
   19.520000000    0.035733631    0.045878560    0.108215097
   19.530000000    0.035718323    0.042504027    0.105855408
   19.540000000    0.035854150    0.039517359    0.104311977
   19.550000000    0.036373370    0.037380789    0.103650548
   19.560000000    0.037340313    0.036148972    0.103712026
   19.570000000    0.038493448    0.035414459    0.103923926
   19.580000000    0.039422108    0.034650970    0.103308807
   19.590000000    0.039911768    0.033621044    0.101027016
   19.600000000    0.040127197    0.032502070    0.097175232
   19.610000000    0.040466888    0.031656383    0.092921151
   19.620000000    0.041226551    0.031311944    0.089676998
   19.630000000    0.042332368    0.031419809    0.088185549
   19.640000000    0.043324556    0.031698651    0.088304543
   19.650000000    0.043595069    0.031759183    0.089330015
   19.660000000    0.042717126    0.031272590    0.090404105
   19.670000000    0.040729948    0.030194723    0.090887769
   19.680000000    0.038171259    0.028830440    0.090556237
   19.690000000    0.035701523    0.027576700    0.089495857
   19.700000000    0.033711967    0.026683869    0.088027628
   19.710000000    0.032323864    0.026275775    0.086737693
   19.720000000    0.031629197    0.026464456    0.086292861
   19.730000000    0.031803031    0.027382990    0.087088198
   19.740000000    0.032938857    0.029097148    0.089091444
   19.750000000    0.034909812    0.031579036    0.092029700
   19.760000000    0.037466601    0.034768260    0.095612901
   19.770000000    0.040344735    0.038502467    0.099500005
   19.780000000    0.043264602    0.042419999    0.103213963
   19.790000000    0.045985306    0.046086070    0.106332511
   19.800000000    0.048474072    0.049258742    0.108784811
   19.810000000    0.050938824    0.051974263    0.110769181
   19.820000000    0.053536283    0.054301176    0.112293995
   19.830000000    0.056096290    0.056100717    0.113019110
   19.840000000    0.058273211    0.057168993    0.112696018
   19.850000000    0.059919696    0.057534906    0.111522520
   19.860000000    0.061211243    0.057514784    0.109934757
   19.870000000    0.062442686    0.057526235    0.108318054
   19.880000000    0.063773831    0.057872178    0.107017725
   19.890000000    0.065190620    0.058668732    0.106383612
   19.900000000    0.066652655    0.059926320    0.106617395
   19.910000000    0.068181773    0.061634052    0.107574289
   19.920000000    0.069821009    0.063798168    0.108798560
   19.930000000    0.071602749    0.066469011    0.109827075
   19.940000000    0.073564241    0.069690238    0.110436294
   19.950000000    0.075756217    0.073390109    0.110660916
   19.960000000    0.078222169    0.077383953    0.110772702
   19.970000000    0.080959025    0.081495375    0.111267616
   19.980000000    0.083898678    0.085605780    0.112680822
   19.990000000    0.086902801    0.089583638    0.115273731
   20.000000000    0.089792367    0.093272894    0.118857585
   20.010000000    0.092475056    0.096619092    0.122913978
   20.020000000    0.095037216    0.099740999    0.126868155
   20.030000000    0.097623159    0.102802581    0.130204248
   20.040000000    0.100271201    0.105885544    0.132455308
   20.050000000    0.102977025    0.109061311    0.133330646
