# energy grid [eV]     ieps_x  ieps_y  ieps_z
#
    0.050000000    6.736735436    6.736866212    6.902688313
    0.060000000    6.736209874    6.736340422    6.902151596
    0.070000000    6.735616377    6.735746667    6.901545487
    0.080000000    6.734959092    6.735089097    6.900874215
    0.090000000    6.734240879    6.734370574    6.900140697
    0.100000000    6.733463724    6.733593084    6.899346955
    0.110000000    6.732629032    6.732758032    6.898494417
    0.120000000    6.731737821    6.731866439    6.897584118
    0.130000000    6.730790853    6.730919067    6.896616828
    0.140000000    6.729788719    6.729916506    6.895593145
    0.150000000    6.728731893    6.728859231    6.894513545
    0.160000000    6.727620769    6.727747638    6.893378423
    0.170000000    6.726455688    6.726582067    6.892188120
    0.180000000    6.725236953    6.725362822    6.890942937
    0.190000000    6.723964843    6.724090180    6.889643149
    0.200000000    6.722639617    6.722764404    6.888289015
    0.210000000    6.721261525    6.721385744    6.886880780
    0.220000000    6.719830812    6.719954442    6.885418682
    0.230000000    6.718347714    6.718470738    6.883902956
    0.240000000    6.716812470    6.716934870    6.882333836
    0.250000000    6.715225318    6.715347075    6.880711552
    0.260000000    6.713586495    6.713707593    6.879036339
    0.270000000    6.711896243    6.712016666    6.877308432
    0.280000000    6.710154805    6.710274536    6.875528069
    0.290000000    6.708362429    6.708481452    6.873695492
    0.300000000    6.706519365    6.706637665    6.871810944
    0.310000000    6.704625867    6.704743430    6.869874676
    0.320000000    6.702682195    6.702799006    6.867886939
    0.330000000    6.700688612    6.700804657    6.865847992
    0.340000000    6.698645385    6.698760651    6.863758093
    0.350000000    6.696552786    6.696667260    6.861617511
    0.360000000    6.694411091    6.694524760    6.859426513
    0.370000000    6.692220580    6.692333432    6.857185375
    0.380000000    6.689981538    6.690093562    6.854894374
    0.390000000    6.687694254    6.687805439    6.852553793
    0.400000000    6.685359021    6.685469356    6.850163919
    0.410000000    6.682976137    6.683085611    6.847725043
    0.420000000    6.680545901    6.680654507    6.845237460
    0.430000000    6.678068621    6.678176347    6.842701468
    0.440000000    6.675544603    6.675651442    6.840117370
    0.450000000    6.672974162    6.673080105    6.837485472
    0.460000000    6.670357612    6.670462652    6.834806084
    0.470000000    6.667695274    6.667799404    6.832079520
    0.480000000    6.664987471    6.665090683    6.829306096
    0.490000000    6.662234528    6.662336816    6.826486133
    0.500000000    6.659436775    6.659538133    6.823619953
    0.510000000    6.656594543    6.656694967    6.820707884
    0.520000000    6.653708169    6.653807652    6.817750255
    0.530000000    6.650777989    6.650876528    6.814747398
    0.540000000    6.647804345    6.647901935    6.811699647
    0.550000000    6.644787579    6.644884216    6.808607341
    0.560000000    6.641728036    6.641823717    6.805470819
    0.570000000    6.638626064    6.638720786    6.802290423
    0.580000000    6.635482012    6.635575773    6.799066499
    0.590000000    6.632296232    6.632389030    6.795799393
    0.600000000    6.629069077    6.629160910    6.792489454
    0.610000000    6.625800903    6.625891770    6.789137032
    0.620000000    6.622492066    6.622581966    6.785742480
    0.630000000    6.619142925    6.619231857    6.782306153
    0.640000000    6.615753839    6.615841803    6.778828405
    0.650000000    6.612325170    6.612412166    6.775309594
    0.660000000    6.608857279    6.608943309    6.771750079
    0.670000000    6.605350531    6.605435593    6.768150219
    0.680000000    6.601805288    6.601889385    6.764510375
    0.690000000    6.598221916    6.598305049    6.760830909
    0.700000000    6.594600780    6.594682952    6.757112183
    0.710000000    6.590942248    6.591023459    6.753354562
    0.720000000    6.587246685    6.587326939    6.749558410
    0.730000000    6.583514459    6.583593758    6.745724092
    0.740000000    6.579745938    6.579824285    6.741851972
    0.750000000    6.575941488    6.576018886    6.737942417
    0.760000000    6.572101479    6.572177932    6.733995793
    0.770000000    6.568226277    6.568301788    6.730012466
    0.780000000    6.564316250    6.564390824    6.725992803
    0.790000000    6.560371767    6.560445407    6.721937170
    0.800000000    6.556393193    6.556465905    6.717845934
    0.810000000    6.552380897    6.552452684    6.713719461
    0.820000000    6.548335244    6.548406111    6.709558117
    0.830000000    6.544256600    6.544326553    6.705362268
    0.840000000    6.540145332    6.540214375    6.701132280
    0.850000000    6.536001802    6.536069941    6.696868516
    0.860000000    6.531826376    6.531893616    6.692571342
    0.870000000    6.527619415    6.527685763    6.688241121
    0.880000000    6.523381283    6.523446744    6.683878216
    0.890000000    6.519112340    6.519176920    6.679482990
    0.900000000    6.514812946    6.514876652    6.675055804
    0.910000000    6.510483461    6.510546297    6.670597018
    0.920000000    6.506124240    6.506186215    6.666106992
    0.930000000    6.501735642    6.501796762    6.661586085
    0.940000000    6.497318021    6.497378292    6.657034654
    0.950000000    6.492871731    6.492931159    6.652453054
    0.960000000    6.488397124    6.488455717    6.647841641
    0.970000000    6.483894551    6.483952315    6.643200769
    0.980000000    6.479364360    6.479421303    6.638530790
    0.990000000    6.474806900    6.474863029    6.633832055
    1.000000000    6.470222517    6.470277838    6.629104914
    1.010000000    6.465611554    6.465666075    6.624349714
    1.020000000    6.460974354    6.461028083    6.619566801
    1.030000000    6.456311258    6.456364201    6.614756522
    1.040000000    6.451622604    6.451674770    6.609919218
    1.050000000    6.446908730    6.446960125    6.605055232
    1.060000000    6.442169971    6.442220602    6.600164904
    1.070000000    6.437406659    6.437456534    6.595248570
    1.080000000    6.432619125    6.432668253    6.590306569
    1.090000000    6.427807699    6.427856086    6.585339233
    1.100000000    6.422972708    6.423020362    6.580346896
    1.110000000    6.418114477    6.418161404    6.575329888
    1.120000000    6.413233327    6.413279537    6.570288538
    1.130000000    6.408329581    6.408375080    6.565223173
    1.140000000    6.403403556    6.403448352    6.560134117
    1.150000000    6.398455568    6.398499669    6.555021693
    1.160000000    6.393485932    6.393529345    6.549886222
    1.170000000    6.388494959    6.388537692    6.544728022
    1.180000000    6.383482960    6.383525019    6.539547410
    1.190000000    6.378450240    6.378491634    6.534344699
    1.200000000    6.373397105    6.373437842    6.529120203
    1.210000000    6.368323858    6.368363944    6.523874231
    1.220000000    6.363230799    6.363270242    6.518607091
    1.230000000    6.358118226    6.358157033    6.513319088
    1.240000000    6.352986434    6.353024613    6.508010527
    1.250000000    6.347835717    6.347873275    6.502681707
    1.260000000    6.342666365    6.342703309    6.497332929
    1.270000000    6.337478667    6.337515005    6.491964488
    1.280000000    6.332272909    6.332308647    6.486576679
    1.290000000    6.327049374    6.327084521    6.481169795
    1.300000000    6.321808344    6.321842905    6.475744124
    1.310000000    6.316550098    6.316584081    6.470299955
    1.320000000    6.311274911    6.311308323    6.464837573
    1.330000000    6.305983058    6.306015906    6.459357261
    1.340000000    6.300674810    6.300707102    6.453859298
    1.350000000    6.295350437    6.295382178    6.448343965
    1.360000000    6.290010205    6.290041403    6.442811535
    1.370000000    6.284654379    6.284685039    6.437262284
    1.380000000    6.279283219    6.279313350    6.431696481
    1.390000000    6.273896986    6.273926594    6.426114397
    1.400000000    6.268495937    6.268525027    6.420516298
    1.410000000    6.263080326    6.263108906    6.414902448
    1.420000000    6.257650405    6.257678481    6.409273109
    1.430000000    6.252206424    6.252234003    6.403628541
    1.440000000    6.246748631    6.246775718    6.397969000
    1.450000000    6.241277270    6.241303872    6.392294743
    1.460000000    6.235792584    6.235818707    6.386606021
    1.470000000    6.230294813    6.230320463    6.380903085
    1.480000000    6.224784195    6.224809379    6.375186183
    1.490000000    6.219260966    6.219285689    6.369455561
    1.500000000    6.213725358    6.213749626    6.363711461
    1.510000000    6.208177602    6.208201422    6.357954126
    1.520000000    6.202617928    6.202641304    6.352183794
    1.530000000    6.197046560    6.197069499    6.346400702
    1.540000000    6.191463723    6.191486230    6.340605084
    1.550000000    6.185869638    6.185891719    6.334797171
    1.560000000    6.180264525    6.180286185    6.328977195
    1.570000000    6.174648600    6.174669845    6.323145382
    1.580000000    6.169022078    6.169042913    6.317301957
    1.590000000    6.163385172    6.163405602    6.311447145
    1.600000000    6.157738091    6.157758122    6.305581165
    1.610000000    6.152081044    6.152100681    6.299704237
    1.620000000    6.146414237    6.146433485    6.293816577
    1.630000000    6.140737872    6.140756737    6.287918399
    1.640000000    6.135052153    6.135070638    6.282009916
    1.650000000    6.129357276    6.129375388    6.276091338
    1.660000000    6.123653441    6.123671184    6.270162872
    1.670000000    6.117940841    6.117958220    6.264224724
    1.680000000    6.112219670    6.112236690    6.258277099
    1.690000000    6.106490119    6.106506783    6.252320197
    1.700000000    6.100752375    6.100768690    6.246354218
    1.710000000    6.095006626    6.095022595    6.240379359
    1.720000000    6.089253056    6.089268684    6.234395817
    1.730000000    6.083491847    6.083507138    6.228403783
    1.740000000    6.077723180    6.077738140    6.222403450
    1.750000000    6.071947234    6.071961866    6.216395007
    1.760000000    6.066164185    6.066178493    6.210378641
    1.770000000    6.060374207    6.060388195    6.204354538
    1.780000000    6.054577473    6.054591146    6.198322880
    1.790000000    6.048774153    6.048787515    6.192283849
    1.800000000    6.042964417    6.042977472    6.186237625
    1.810000000    6.037148430    6.037161182    6.180184384
    1.820000000    6.031326358    6.031338811    6.174124304
    1.830000000    6.025498364    6.025510521    6.168057557
    1.840000000    6.019664609    6.019676475    6.161984315
    1.850000000    6.013825252    6.013836830    6.155904748
    1.860000000    6.007980451    6.007991745    6.149819025
    1.870000000    6.002130361    6.002141374    6.143727312
    1.880000000    5.996275136    5.996285873    6.137629772
    1.890000000    5.990414928    5.990425392    6.131526570
    1.900000000    5.984549889    5.984560083    6.125417865
    1.910000000    5.978680165    5.978690093    6.119303818
    1.920000000    5.972805905    5.972815570    6.113184584
    1.930000000    5.966927253    5.966936659    6.107060321
    1.940000000    5.961044354    5.961053503    6.100931181
    1.950000000    5.955157348    5.955166244    6.094797317
    1.960000000    5.949266376    5.949275022    6.088658881
    1.970000000    5.943371576    5.943379976    6.082516019
    1.980000000    5.937473086    5.937481243    6.076368881
    1.990000000    5.931571041    5.931578957    6.070217610
    2.000000000    5.925665574    5.925673254    6.064062352
    2.010000000    5.919756818    5.919764263    6.057903249
    2.020000000    5.913844904    5.913852118    6.051740440
    2.030000000    5.907929960    5.907936945    6.045574066
    2.040000000    5.902012114    5.902018874    6.039404264
    2.050000000    5.896091492    5.896098029    6.033231170
    2.060000000    5.890168219    5.890174536    6.027054918
    2.070000000    5.884242417    5.884248517    6.020875642
    2.080000000    5.878314209    5.878320094    6.014693473
    2.090000000    5.872383715    5.872389388    6.008508541
    2.100000000    5.866451053    5.866456517    6.002320974
    2.110000000    5.860516340    5.860521598    5.996130899
    2.120000000    5.854579694    5.854584747    5.989938443
    2.130000000    5.848641228    5.848646079    5.983743728
    2.140000000    5.842701055    5.842705707    5.977546879
    2.150000000    5.836759287    5.836763743    5.971348015
    2.160000000    5.830816036    5.830820297    5.965147258
    2.170000000    5.824871410    5.824875479    5.958944726
    2.180000000    5.818925517    5.818929396    5.952740536
    2.190000000    5.812978463    5.812982156    5.946534804
    2.200000000    5.807030355    5.807033862    5.940327644
    2.210000000    5.801081296    5.801084620    5.934119170
    2.220000000    5.795131388    5.795134532    5.927909493
    2.230000000    5.789180735    5.789183700    5.921698725
    2.240000000    5.783229435    5.783232224    5.915486974
    2.250000000    5.777277588    5.777280204    5.909274349
    2.260000000    5.771325293    5.771327736    5.903060956
    2.270000000    5.765372646    5.765374919    5.896846902
    2.280000000    5.759419742    5.759421847    5.890632290
    2.290000000    5.753466676    5.753468615    5.884417223
    2.300000000    5.747513542    5.747515317    5.878201805
    2.310000000    5.741560431    5.741562044    5.871986135
    2.320000000    5.735607435    5.735608888    5.865770313
    2.330000000    5.729654644    5.729655938    5.859554438
    2.340000000    5.723702147    5.723703284    5.853338606
    2.350000000    5.717750031    5.717751014    5.847122915
    2.360000000    5.711798383    5.711799214    5.840907459
    2.370000000    5.705847290    5.705847969    5.834692332
    2.380000000    5.699896836    5.699897366    5.828477627
    2.390000000    5.693947103    5.693947486    5.822263436
    2.400000000    5.687998177    5.687998413    5.816049850
    2.410000000    5.682050137    5.682050229    5.809836957
    2.420000000    5.676103064    5.676103014    5.803624848
    2.430000000    5.670157039    5.670156848    5.797413609
    2.440000000    5.664212139    5.664211809    5.791203326
    2.450000000    5.658268444    5.658267975    5.784994086
    2.460000000    5.652326028    5.652325424    5.778785973
    2.470000000    5.646384970    5.646384231    5.772579070
    2.480000000    5.640445342    5.640444470    5.766373460
    2.490000000    5.634507220    5.634506216    5.760169225
    2.500000000    5.628570677    5.628569543    5.753966445
    2.510000000    5.622635784    5.622634522    5.747765199
    2.520000000    5.616702614    5.616701224    5.741565567
    2.530000000    5.610771237    5.610769721    5.735367627
    2.540000000    5.604841722    5.604840082    5.729171454
    2.550000000    5.598914138    5.598912375    5.722977126
    2.560000000    5.592988553    5.592986669    5.716784717
    2.570000000    5.587065035    5.587063030    5.710594301
    2.580000000    5.581143650    5.581141526    5.704405952
    2.590000000    5.575224462    5.575222221    5.698219742
    2.600000000    5.569307538    5.569305180    5.692035742
    2.610000000    5.563392940    5.563390467    5.685854024
    2.620000000    5.557480733    5.557478146    5.679674657
    2.630000000    5.551570977    5.551568278    5.673497711
    2.640000000    5.545663736    5.545660925    5.667323253
    2.650000000    5.539759069    5.539756148    5.661151351
    2.660000000    5.533857038    5.533854007    5.654982071
    2.670000000    5.527957700    5.527954562    5.648815480
    2.680000000    5.522061115    5.522057871    5.642651642
    2.690000000    5.516167341    5.516163991    5.636490622
    2.700000000    5.510276435    5.510272981    5.630332483
    2.710000000    5.504388454    5.504384896    5.624177288
    2.720000000    5.498503452    5.498499792    5.618025098
    2.730000000    5.492621486    5.492617725    5.611875976
    2.740000000    5.486742610    5.486738749    5.605729981
    2.750000000    5.480866878    5.480862918    5.599587173
    2.760000000    5.474994342    5.474990284    5.593447612
    2.770000000    5.469125055    5.469120900    5.587311355
    2.780000000    5.463259069    5.463254818    5.581178461
    2.790000000    5.457396435    5.457392090    5.575048986
    2.800000000    5.451537204    5.451532765    5.568922986
    2.810000000    5.445681426    5.445676893    5.562800518
    2.820000000    5.439829149    5.439824524    5.556681635
    2.830000000    5.433980422    5.433975707    5.550566393
    2.840000000    5.428135294    5.428130489    5.544454844
    2.850000000    5.422293812    5.422288918    5.538347042
    2.860000000    5.416456023    5.416451040    5.532243040
    2.870000000    5.410621973    5.410616903    5.526142887
    2.880000000    5.404791708    5.404786552    5.520046637
    2.890000000    5.398965273    5.398960031    5.513954338
    2.900000000    5.393142713    5.393137386    5.507866041
    2.910000000    5.387324071    5.387318660    5.501781795
    2.920000000    5.381509391    5.381503898    5.495701649
    2.930000000    5.375698717    5.375693141    5.489625650
    2.940000000    5.369892089    5.369886433    5.483553846
    2.950000000    5.364089552    5.364083814    5.477486284
    2.960000000    5.358291144    5.358285327    5.471423009
    2.970000000    5.352496908    5.352491013    5.465364068
    2.980000000    5.346706884    5.346700910    5.459309506
    2.990000000    5.340921112    5.340915061    5.453259367
    3.000000000    5.335139630    5.335133502    5.447213695
    3.010000000    5.329362478    5.329356275    5.441172534
    3.020000000    5.323589694    5.323583416    5.435135926
    3.030000000    5.317821316    5.317814963    5.429103914
    3.040000000    5.312057381    5.312050954    5.423076540
    3.050000000    5.306297925    5.306291426    5.417053845
    3.060000000    5.300542987    5.300536415    5.411035869
    3.070000000    5.294792600    5.294785957    5.405022654
    3.080000000    5.289046801    5.289040088    5.399014238
    3.090000000    5.283305625    5.283298842    5.393010661
    3.100000000    5.277569107    5.277562254    5.387011963
    3.110000000    5.271837279    5.271830358    5.381018180
    3.120000000    5.266110177    5.266103188    5.375029352
    3.130000000    5.260387834    5.260380777    5.369045515
    3.140000000    5.254670282    5.254663158    5.363066706
    3.150000000    5.248957553    5.248950364    5.357092961
    3.160000000    5.243249680    5.243242425    5.351124317
    3.170000000    5.237546694    5.237539375    5.345160809
    3.180000000    5.231848627    5.231841243    5.339202472
    3.190000000    5.226155509    5.226148062    5.333249340
    3.200000000    5.220467370    5.220459860    5.327301448
    3.210000000    5.214784241    5.214776668    5.321358829
    3.220000000    5.209106151    5.209098516    5.315421516
    3.230000000    5.203433129    5.203425433    5.309489543
    3.240000000    5.197765203    5.197757447    5.303562942
    3.250000000    5.192102404    5.192094588    5.297641744
    3.260000000    5.186444757    5.186436882    5.291725981
    3.270000000    5.180792292    5.180784358    5.285815684
    3.280000000    5.175145035    5.175137042    5.279910885
    3.290000000    5.169503014    5.169494963    5.274011613
    3.300000000    5.163866254    5.163858146    5.268117898
    3.310000000    5.158234782    5.158226618    5.262229770
    3.320000000    5.152608624    5.152600404    5.256347257
    3.330000000    5.146987806    5.146979530    5.250470390
    3.340000000    5.141372353    5.141364021    5.244599195
    3.350000000    5.135762289    5.135753902    5.238733701
    3.360000000    5.130157639    5.130149198    5.232873936
    3.370000000    5.124558427    5.124549933    5.227019926
    3.380000000    5.118964677    5.118956129    5.221171699
    3.390000000    5.113376412    5.113367812    5.215329281
    3.400000000    5.107793656    5.107785004    5.209492698
    3.410000000    5.102216432    5.102207728    5.203661977
    3.420000000    5.096644762    5.096636007    5.197837141
    3.430000000    5.091078668    5.091069862    5.192018217
    3.440000000    5.085518172    5.085509316    5.186205230
    3.450000000    5.079963296    5.079954390    5.180398203
    3.460000000    5.074414062    5.074405106    5.174597160
    3.470000000    5.068870489    5.068861485    5.168802126
    3.480000000    5.063332600    5.063323547    5.163013123
    3.490000000    5.057800413    5.057791313    5.157230176
    3.500000000    5.052273951    5.052264802    5.151453305
    3.510000000    5.046753231    5.046744036    5.145682535
    3.520000000    5.041238275    5.041229032    5.139917886
    3.530000000    5.035729101    5.035719812    5.134159381
    3.540000000    5.030225727    5.030216393    5.128407042
    3.550000000    5.024728174    5.024718794    5.122660888
    3.560000000    5.019236459    5.019227034    5.116920942
    3.570000000    5.013750601    5.013741131    5.111187223
    3.580000000    5.008270617    5.008261103    5.105459752
    3.590000000    5.002796525    5.002786967    5.099738549
    3.600000000    4.997328343    4.997318741    5.094023633
    3.610000000    4.991866087    4.991856442    5.088315024
    3.620000000    4.986409775    4.986400088    5.082612741
    3.630000000    4.980959424    4.980949693    5.076916803
    3.640000000    4.975515048    4.975505276    5.071227227
    3.650000000    4.970076665    4.970066851    5.065544033
    3.660000000    4.964644291    4.964634436    5.059867238
    3.670000000    4.959217941    4.959208045    5.054196860
    3.680000000    4.953797631    4.953787694    5.048532916
    3.690000000    4.948383375    4.948373398    5.042875424
    3.700000000    4.942975189    4.942965172    5.037224400
    3.710000000    4.937573087    4.937563030    5.031579860
    3.720000000    4.932177084    4.932166988    5.025941822
    3.730000000    4.926787194    4.926777059    5.020310301
    3.740000000    4.921403431    4.921393258    5.014685313
    3.750000000    4.916025808    4.916015597    5.009066874
    3.760000000    4.910654340    4.910644091    5.003454998
    3.770000000    4.905289040    4.905278753    4.997849701
    3.780000000    4.899929920    4.899919596    4.992250998
    3.790000000    4.894576994    4.894566633    4.986658903
    3.800000000    4.889230274    4.889219877    4.981073431
    3.810000000    4.883889773    4.883879340    4.975494596
    3.820000000    4.878555503    4.878545034    4.969922411
    3.830000000    4.873227476    4.873216971    4.964356890
    3.840000000    4.867905704    4.867895164    4.958798047
    3.850000000    4.862590199    4.862579623    4.953245894
    3.860000000    4.857280971    4.857270361    4.947700445
    3.870000000    4.851978033    4.851967389    4.942161713
    3.880000000    4.846681395    4.846670717    4.936629709
    3.890000000    4.841391068    4.841380356    4.931104446
    3.900000000    4.836107064    4.836096318    4.925585936
    3.910000000    4.830829391    4.830818612    4.920074191
    3.920000000    4.825558061    4.825547248    4.914569222
    3.930000000    4.820293083    4.820282238    4.909071041
    3.940000000    4.815034468    4.815023591    4.903579660
    3.950000000    4.809782225    4.809771316    4.898095088
    3.960000000    4.804536364    4.804525423    4.892617337
    3.970000000    4.799296895    4.799285922    4.887146417
    3.980000000    4.794063825    4.794052821    4.881682339
    3.990000000    4.788837165    4.788826129    4.876225113
    4.000000000    4.783616922    4.783605856    4.870774749
    4.010000000    4.778403107    4.778392010    4.865331256
    4.020000000    4.773195727    4.773184599    4.859894644
    4.030000000    4.767994790    4.767983633    4.854464922
    4.040000000    4.762800305    4.762789118    4.849042100
    4.050000000    4.757612279    4.757601063    4.843626187
    4.060000000    4.752430721    4.752419475    4.838217191
    4.070000000    4.747255638    4.747244363    4.832815121
    4.080000000    4.742087038    4.742075734    4.827419985
    4.090000000    4.736924927    4.736913595    4.822031793
    4.100000000    4.731769313    4.731757953    4.816650550
    4.110000000    4.726620203    4.726608815    4.811276267
    4.120000000    4.721477605    4.721466188    4.805908949
    4.130000000    4.716341523    4.716330079    4.800548606
    4.140000000    4.711211966    4.711200494    4.795195244
    4.150000000    4.706088939    4.706077440    4.789848870
    4.160000000    4.700972448    4.700960922    4.784509491
    4.170000000    4.695862501    4.695850948    4.779177115
    4.180000000    4.690759101    4.690747522    4.773851748
    4.190000000    4.685662257    4.685650651    4.768533396
    4.200000000    4.680571972    4.680560341    4.763222065
    4.210000000    4.675488253    4.675476596    4.757917763
    4.220000000    4.670411105    4.670399422    4.752620495
    4.230000000    4.665340533    4.665328824    4.747330266
    4.240000000    4.660276542    4.660264808    4.742047083
    4.250000000    4.655219137    4.655207379    4.736770951
    4.260000000    4.650168323    4.650156540    4.731501875
    4.270000000    4.645124105    4.645112297    4.726239861
    4.280000000    4.640086487    4.640074654    4.720984914
    4.290000000    4.635055473    4.635043616    4.715737038
    4.300000000    4.630031068    4.630019187    4.710496239
    4.310000000    4.625013276    4.625001371    4.705262521
    4.320000000    4.620002101    4.619990172    4.700035888
    4.330000000    4.614997546    4.614985594    4.694816345
    4.340000000    4.609999616    4.609987641    4.689603897
    4.350000000    4.605008314    4.604996316    4.684398546
    4.360000000    4.600023644    4.600011623    4.679200298
    4.370000000    4.595045608    4.595033565    4.674009155
    4.380000000    4.590074211    4.590062145    4.668825122
    4.390000000    4.585109455    4.585097367    4.663648201
    4.400000000    4.580151344    4.580139233    4.658478397
    4.410000000    4.575199880    4.575187747    4.653315713
    4.420000000    4.570255065    4.570242911    4.648160151
    4.430000000    4.565316904    4.565304728    4.643011714
    4.440000000    4.560385397    4.560373200    4.637870406
    4.450000000    4.555460548    4.555448330    4.632736229
    4.460000000    4.550542360    4.550530120    4.627609186
    4.470000000    4.545630833    4.545618573    4.622489278
    4.480000000    4.540725970    4.540713689    4.617376509
    4.490000000    4.535827774    4.535815473    4.612270881
    4.500000000    4.530936246    4.530923924    4.607172395
    4.510000000    4.526051387    4.526039045    4.602081053
    4.520000000    4.521173200    4.521160838    4.596996858
    4.530000000    4.516301686    4.516289304    4.591919811
    4.540000000    4.511436846    4.511424445    4.586849914
    4.550000000    4.506578683    4.506566261    4.581787168
    4.560000000    4.501727196    4.501714755    4.576731574
    4.570000000    4.496882387    4.496869927    4.571683133
    4.580000000    4.492044257    4.492031778    4.566641848
    4.590000000    4.487212808    4.487200310    4.561607718
    4.600000000    4.482388039    4.482375523    4.556580745
    4.610000000    4.477569952    4.477557417    4.551560929
    4.620000000    4.472758548    4.472745994    4.546548271
    4.630000000    4.467953826    4.467941254    4.541542772
    4.640000000    4.463155787    4.463143197    4.536544432
    4.650000000    4.458364432    4.458351824    4.531553251
    4.660000000    4.453579761    4.453567134    4.526569230
    4.670000000    4.448801773    4.448789129    4.521592368
    4.680000000    4.444030470    4.444017808    4.516622666
    4.690000000    4.439265851    4.439253172    4.511660124
    4.700000000    4.434507915    4.434495219    4.506704741
    4.710000000    4.429756664    4.429743950    4.501756517
    4.720000000    4.425012095    4.424999365    4.496815452
    4.730000000    4.420274210    4.420261463    4.491881545
    4.740000000    4.415543007    4.415530243    4.486954796
    4.750000000    4.410818486    4.410805706    4.482035204
    4.760000000    4.406100647    4.406087850    4.477122768
    4.770000000    4.401389488    4.401376674    4.472217487
    4.780000000    4.396685009    4.396672179    4.467319361
    4.790000000    4.391987208    4.391974362    4.462428388
    4.800000000    4.387296086    4.387283224    4.457544567
    4.810000000    4.382611640    4.382598763    4.452667896
    4.820000000    4.377933870    4.377920977    4.447798375
    4.830000000    4.373262775    4.373249866    4.442936003
    4.840000000    4.368598353    4.368585428    4.438080776
    4.850000000    4.363940602    4.363927662    4.433232695
    4.860000000    4.359289522    4.359276567    4.428391756
    4.870000000    4.354645110    4.354632140    4.423557959
    4.880000000    4.350007366    4.349994381    4.418731301
    4.890000000    4.345376287    4.345363287    4.413911781
    4.900000000    4.340751872    4.340738857    4.409099396
    4.910000000    4.336134118    4.336121089    4.404294145
    4.920000000    4.331523025    4.331509981    4.399496025
    4.930000000    4.326918589    4.326905532    4.394705033
    4.940000000    4.322320810    4.322307738    4.389921168
    4.950000000    4.317729684    4.317716598    4.385144427
    4.960000000    4.313145210    4.313132110    4.380374807
    4.970000000    4.308567385    4.308554271    4.375612305
    4.980000000    4.303996207    4.303983079    4.370856920
    4.990000000    4.299431674    4.299418532    4.366108649
    5.000000000    4.294873782    4.294860627    4.361367487
    5.010000000    4.290322530    4.290309362    4.356633433
    5.020000000    4.285777915    4.285764734    4.351906484
    5.030000000    4.281239935    4.281226740    4.347186636
    5.040000000    4.276708586    4.276695377    4.342473886
    5.050000000    4.272183865    4.272170644    4.337768231
    5.060000000    4.267665770    4.267652536    4.333069668
    5.070000000    4.263154298    4.263141052    4.328378193
    5.080000000    4.258649446    4.258636187    4.323693803
    5.090000000    4.254151211    4.254137939    4.319016494
    5.100000000    4.249659590    4.249646305    4.314346263
    5.110000000    4.245174579    4.245161282    4.309683106
    5.120000000    4.240696175    4.240682866    4.305027020
    5.130000000    4.236224375    4.236211054    4.300378000
    5.140000000    4.231759176    4.231745843    4.295736043
    5.150000000    4.227300574    4.227287228    4.291101145
    5.160000000    4.222848565    4.222835208    4.286473302
    5.170000000    4.218403147    4.218389778    4.281852509
    5.180000000    4.213964315    4.213950935    4.277238763
    5.190000000    4.209532066    4.209518674    4.272632060
    5.200000000    4.205106396    4.205092993    4.268032394
    5.210000000    4.200687302    4.200673887    4.263439763
    5.220000000    4.196274779    4.196261353    4.258854161
    5.230000000    4.191868824    4.191855386    4.254275584
    5.240000000    4.187469432    4.187455984    4.249704028
    5.250000000    4.183076600    4.183063141    4.245139488
    5.260000000    4.178690324    4.178676854    4.240581960
    5.270000000    4.174310600    4.174297119    4.236031438
    5.280000000    4.169937423    4.169923932    4.231487919
    5.290000000    4.165570790    4.165557287    4.226951396
    5.300000000    4.161210695    4.161197183    4.222421866
    5.310000000    4.156857136    4.156843612    4.217899324
    5.320000000    4.152510106    4.152496573    4.213383764
    5.330000000    4.148169603    4.148156059    4.208875182
    5.340000000    4.143835622    4.143822067    4.204373573
    5.350000000    4.139508157    4.139494593    4.199878930
    5.360000000    4.135187205    4.135173631    4.195391251
    5.370000000    4.130872761    4.130859177    4.190910528
    5.380000000    4.126564820    4.126551226    4.186436757
    5.390000000    4.122263378    4.122249775    4.181969932
    5.400000000    4.117968430    4.117954817    4.177510048
    5.410000000    4.113679971    4.113666348    4.173057100
    5.420000000    4.109397997    4.109384364    4.168611082
    5.430000000    4.105122502    4.105108860    4.164171989
    5.440000000    4.100853481    4.100839830    4.159739815
    5.450000000    4.096590930    4.096577270    4.155314554
    5.460000000    4.092334844    4.092321175    4.150896202
    5.470000000    4.088085218    4.088071539    4.146484751
    5.480000000    4.083842046    4.083828358    4.142080196
    5.490000000    4.079605323    4.079591627    4.137682532
    5.500000000    4.075375045    4.075361339    4.133291752
    5.510000000    4.071151206    4.071137492    4.128907852
    5.520000000    4.066933800    4.066920077    4.124530823
    5.530000000    4.062722824    4.062709092    4.120160662
    5.540000000    4.058518270    4.058504530    4.115797362
    5.550000000    4.054320134    4.054306386    4.111440916
    5.560000000    4.050128411    4.050114654    4.107091318
    5.570000000    4.045943095    4.045929330    4.102748563
    5.580000000    4.041764181    4.041750407    4.098412645
    5.590000000    4.037591662    4.037577880    4.094083556
    5.600000000    4.033425534    4.033411744    4.089761290
    5.610000000    4.029265791    4.029251993    4.085445842
    5.620000000    4.025112427    4.025098622    4.081137205
    5.630000000    4.020965437    4.020951624    4.076835373
    5.640000000    4.016824815    4.016810994    4.072540338
    5.650000000    4.012690556    4.012676726    4.068252095
    5.660000000    4.008562652    4.008548815    4.063970638
    5.670000000    4.004441100    4.004427255    4.059695958
    5.680000000    4.000325892    4.000312040    4.055428051
    5.690000000    3.996217023    3.996203164    4.051166909
    5.700000000    3.992114487    3.992100620    4.046912525
    5.710000000    3.988018279    3.988004405    4.042664893
    5.720000000    3.983928391    3.983914510    4.038424007
    5.730000000    3.979844819    3.979830931    4.034189859
    5.740000000    3.975767556    3.975753661    4.029962442
    5.750000000    3.971696597    3.971682694    4.025741750
    5.760000000    3.967631934    3.967618024    4.021527776
    5.770000000    3.963573562    3.963559645    4.017320513
    5.780000000    3.959521475    3.959507551    4.013119954
    5.790000000    3.955475667    3.955461736    4.008926092
    5.800000000    3.951436130    3.951422193    4.004738919
    5.810000000    3.947402861    3.947388917    4.000558430
    5.820000000    3.943375850    3.943361900    3.996384616
    5.830000000    3.939355094    3.939341137    3.992217471
    5.840000000    3.935340585    3.935326621    3.988056988
    5.850000000    3.931332317    3.931318347    3.983903159
    5.860000000    3.927330283    3.927316307    3.979755978
    5.870000000    3.923334477    3.923320495    3.975615436
    5.880000000    3.919344893    3.919330904    3.971481527
    5.890000000    3.915361524    3.915347530    3.967354244
    5.900000000    3.911384365    3.911370364    3.963233578
    5.910000000    3.907413407    3.907399400    3.959119524
    5.920000000    3.903448645    3.903434632    3.955012072
    5.930000000    3.899490072    3.899476053    3.950911217
    5.940000000    3.895537681    3.895523657    3.946816951
    5.950000000    3.891591467    3.891577436    3.942729265
    5.960000000    3.887651422    3.887637386    3.938648153
    5.970000000    3.883717539    3.883703497    3.934573608
    5.980000000    3.879789813    3.879775765    3.930505621
    5.990000000    3.875868236    3.875854182    3.926444185
    6.000000000    3.871952801    3.871938742    3.922389292
    6.010000000    3.868043502    3.868029437    3.918340935
    6.020000000    3.864140332    3.864126262    3.914299107
    6.030000000    3.860243284    3.860229209    3.910263799
    6.040000000    3.856352351    3.856338271    3.906235004
    6.050000000    3.852467527    3.852453442    3.902212715
    6.060000000    3.848588805    3.848574714    3.898196922
    6.070000000    3.844716177    3.844702081    3.894187620
    6.080000000    3.840849637    3.840835536    3.890184799
    6.090000000    3.836989179    3.836975073    3.886188453
    6.100000000    3.833134794    3.833120683    3.882198573
    6.110000000    3.829286476    3.829272360    3.878215152
    6.120000000    3.825444218    3.825430097    3.874238181
    6.130000000    3.821608013    3.821593888    3.870267653
    6.140000000    3.817777855    3.817763724    3.866303560
    6.150000000    3.813953735    3.813939599    3.862345894
    6.160000000    3.810135647    3.810121507    3.858394647
    6.170000000    3.806323584    3.806309439    3.854449811
    6.180000000    3.802517538    3.802503389    3.850511378
    6.190000000    3.798717503    3.798703350    3.846579340
    6.200000000    3.794923472    3.794909314    3.842653690
    6.210000000    3.791135437    3.791121274    3.838734418
    6.220000000    3.787353391    3.787339224    3.834821518
    6.230000000    3.783577327    3.783563155    3.830914981
    6.240000000    3.779807237    3.779793062    3.827014798
    6.250000000    3.776043115    3.776028936    3.823120962
    6.260000000    3.772284954    3.772270770    3.819233465
    6.270000000    3.768532745    3.768518557    3.815352299
    6.280000000    3.764786482    3.764772290    3.811477455
    6.290000000    3.761046158    3.761031962    3.807608925
    6.300000000    3.757311765    3.757297565    3.803746701
    6.310000000    3.753583295    3.753569091    3.799890775
    6.320000000    3.749860743    3.749846535    3.796041139
    6.330000000    3.746144099    3.746129887    3.792197783
    6.340000000    3.742433357    3.742419142    3.788360702
    6.350000000    3.738728510    3.738714290    3.784529885
    6.360000000    3.735029549    3.735015326    3.780705324
    6.370000000    3.731336469    3.731322242    3.776887012
    6.380000000    3.727649260    3.727635030    3.773074940
    6.390000000    3.723967917    3.723953683    3.769269100
    6.400000000    3.720292430    3.720278193    3.765469483
    6.410000000    3.716622794    3.716608553    3.761676081
    6.420000000    3.712959000    3.712944756    3.757888886
    6.430000000    3.709301042    3.709286794    3.754107889
    6.440000000    3.705648910    3.705634659    3.750333083
    6.450000000    3.702002599    3.701988345    3.746564457
    6.460000000    3.698362100    3.698347842    3.742802005
    6.470000000    3.694727406    3.694713145    3.739045718
    6.480000000    3.691098510    3.691084246    3.735295587
    6.490000000    3.687475403    3.687461136    3.731551604
    6.500000000    3.683858079    3.683843809    3.727813760
    6.510000000    3.680246529    3.680232256    3.724082047
    6.520000000    3.676640747    3.676626471    3.720356457
    6.530000000    3.673040724    3.673026445    3.716636981
    6.540000000    3.669446453    3.669432171    3.712923610
    6.550000000    3.665857927    3.665843642    3.709216337
    6.560000000    3.662275137    3.662260849    3.705515152
    6.570000000    3.658698077    3.658683786    3.701820047
    6.580000000    3.655126738    3.655112444    3.698131013
    6.590000000    3.651561113    3.651546816    3.694448043
    6.600000000    3.648001194    3.647986895    3.690771127
    6.610000000    3.644446973    3.644432672    3.687100256
    6.620000000    3.640898444    3.640884140    3.683435423
    6.630000000    3.637355597    3.637341291    3.679776619
    6.640000000    3.633818426    3.633804117    3.676123835
    6.650000000    3.630286923    3.630272611    3.672477063
    6.660000000    3.626761080    3.626746766    3.668836293
    6.670000000    3.623240889    3.623226573    3.665201518
    6.680000000    3.619726343    3.619712024    3.661572729
    6.690000000    3.616217434    3.616203113    3.657949916
    6.700000000    3.612714154    3.612699831    3.654333073
    6.710000000    3.609216496    3.609202170    3.650722189
    6.720000000    3.605724451    3.605710123    3.647117257
    6.730000000    3.602238012    3.602223682    3.643518267
    6.740000000    3.598757171    3.598742839    3.639925211
    6.750000000    3.595281921    3.595267586    3.636338081
    6.760000000    3.591812253    3.591797916    3.632756867
    6.770000000    3.588348160    3.588333821    3.629181561
    6.780000000    3.584889634    3.584875294    3.625612155
    6.790000000    3.581436668    3.581422325    3.622048639
    6.800000000    3.577989253    3.577974908    3.618491005
    6.810000000    3.574547381    3.574533035    3.614939245
    6.820000000    3.571111046    3.571096697    3.611393349
    6.830000000    3.567680238    3.567665888    3.607853309
    6.840000000    3.564254951    3.564240599    3.604319117
    6.850000000    3.560835176    3.560820822    3.600790763
    6.860000000    3.557420906    3.557406550    3.597268239
    6.870000000    3.554012132    3.553997775    3.593751536
    6.880000000    3.550608848    3.550594489    3.590240645
    6.890000000    3.547211044    3.547196683    3.586735558
    6.900000000    3.543818714    3.543804351    3.583236267
    6.910000000    3.540431849    3.540417485    3.579742761
    6.920000000    3.537050441    3.537036076    3.576255033
    6.930000000    3.533674483    3.533660116    3.572773074
    6.940000000    3.530303967    3.530289599    3.569296875
    6.950000000    3.526938885    3.526924515    3.565826427
    6.960000000    3.523579229    3.523564858    3.562361722
    6.970000000    3.520224991    3.520210619    3.558902751
    6.980000000    3.516876164    3.516861790    3.555449505
    6.990000000    3.513532739    3.513518364    3.552001976
    7.000000000    3.510194708    3.510180332    3.548560154
    7.010000000    3.506862065    3.506847687    3.545124031
    7.020000000    3.503534800    3.503520421    3.541693598
    7.030000000    3.500212906    3.500198526    3.538268847
    7.040000000    3.496896375    3.496881994    3.534849769
    7.050000000    3.493585199    3.493570817    3.531436354
    7.060000000    3.490279371    3.490264987    3.528028595
    7.070000000    3.486978881    3.486964497    3.524626482
    7.080000000    3.483683724    3.483669338    3.521230007
    7.090000000    3.480393890    3.480379503    3.517839161
    7.100000000    3.477109371    3.477094984    3.514453935
    7.110000000    3.473830161    3.473815773    3.511074321
    7.120000000    3.470556250    3.470541861    3.507700309
    7.130000000    3.467287631    3.467273241    3.504331891
    7.140000000    3.464024297    3.464009906    3.500969059
    7.150000000    3.460766239    3.460751847    3.497611803
    7.160000000    3.457513448    3.457499056    3.494260115
    7.170000000    3.454265919    3.454251525    3.490913986
    7.180000000    3.451023642    3.451009248    3.487573407
    7.190000000    3.447786609    3.447772214    3.484238369
    7.200000000    3.444554813    3.444540418    3.480908865
    7.210000000    3.441328246    3.441313850    3.477584884
    7.220000000    3.438106900    3.438092503    3.474266418
    7.230000000    3.434890766    3.434876369    3.470953460
    7.240000000    3.431679838    3.431665440    3.467645998
    7.250000000    3.428474107    3.428459709    3.464344026
    7.260000000    3.425273565    3.425259166    3.461047535
    7.270000000    3.422078205    3.422063805    3.457756515
    7.280000000    3.418888018    3.418873618    3.454470957
    7.290000000    3.415702996    3.415688596    3.451190854
    7.300000000    3.412523133    3.412508732    3.447916197
    7.310000000    3.409348419    3.409334018    3.444646976
    7.320000000    3.406178846    3.406164445    3.441383182
    7.330000000    3.403014408    3.403000007    3.438124809
    7.340000000    3.399855096    3.399840694    3.434871845
    7.350000000    3.396700902    3.396686500    3.431624284
    7.360000000    3.393551819    3.393537417    3.428382115
    7.370000000    3.390407838    3.390393435    3.425145331
    7.380000000    3.387268951    3.387254548    3.421913923
    7.390000000    3.384135151    3.384120748    3.418687882
    7.400000000    3.381006430    3.380992027    3.415467199
    7.410000000    3.377882780    3.377868376    3.412251865
    7.420000000    3.374764192    3.374749789    3.409041873
    7.430000000    3.371650660    3.371636257    3.405837212
    7.440000000    3.368542175    3.368527772    3.402637875
    7.450000000    3.365438729    3.365424326    3.399443853
    7.460000000    3.362340315    3.362325912    3.396255138
    7.470000000    3.359246925    3.359232521    3.393071719
    7.480000000    3.356158550    3.356144147    3.389893590
    7.490000000    3.353075183    3.353060780    3.386720741
    7.500000000    3.349996816    3.349982413    3.383553163
    7.510000000    3.346923441    3.346909039    3.380390848
    7.520000000    3.343855051    3.343840649    3.377233787
    7.530000000    3.340791637    3.340777235    3.374081972
    7.540000000    3.337733192    3.337718790    3.370935394
    7.550000000    3.334679707    3.334665306    3.367794044
    7.560000000    3.331631176    3.331616774    3.364657913
    7.570000000    3.328587590    3.328573188    3.361526994
    7.580000000    3.325548940    3.325534539    3.358401277
    7.590000000    3.322515221    3.322500820    3.355280754
    7.600000000    3.319486423    3.319472022    3.352165416
    7.610000000    3.316462538    3.316448138    3.349055255
    7.620000000    3.313443560    3.313429161    3.345950261
    7.630000000    3.310429480    3.310415081    3.342850427
    7.640000000    3.307420290    3.307405891    3.339755744
    7.650000000    3.304415983    3.304401585    3.336666203
    7.660000000    3.301416550    3.301402153    3.333581795
    7.670000000    3.298421984    3.298407587    3.330502513
    7.680000000    3.295432278    3.295417882    3.327428347
    7.690000000    3.292447423    3.292433027    3.324359289
    7.700000000    3.289467411    3.289453016    3.321295330
    7.710000000    3.286492235    3.286477841    3.318236463
    7.720000000    3.283521888    3.283507494    3.315182677
    7.730000000    3.280556360    3.280541967    3.312133965
    7.740000000    3.277595645    3.277581252    3.309090319
    7.750000000    3.274639734    3.274625342    3.306051729
    7.760000000    3.271688621    3.271674230    3.303018187
    7.770000000    3.268742297    3.268727906    3.299989685
    7.780000000    3.265800754    3.265786364    3.296966214
    7.790000000    3.262863984    3.262849595    3.293947766
    7.800000000    3.259931981    3.259917593    3.290934331
    7.810000000    3.257004736    3.256990349    3.287925903
    7.820000000    3.254082242    3.254067855    3.284922472
    7.830000000    3.251164490    3.251150104    3.281924029
    7.840000000    3.248251473    3.248237088    3.278930567
    7.850000000    3.245343184    3.245328800    3.275942076
    7.860000000    3.242439614    3.242425231    3.272958549
    7.870000000    3.239540756    3.239526374    3.269979977
    7.880000000    3.236646602    3.236632221    3.267006351
    7.890000000    3.233757145    3.233742765    3.264037664
    7.900000000    3.230872377    3.230857998    3.261073906
    7.910000000    3.227992290    3.227977912    3.258115069
    7.920000000    3.225116876    3.225102500    3.255161145
    7.930000000    3.222246129    3.222231753    3.252212125
    7.940000000    3.219380039    3.219365665    3.249268002
    7.950000000    3.216518600    3.216504227    3.246328766
    7.960000000    3.213661804    3.213647432    3.243394409
    7.970000000    3.210809643    3.210795272    3.240464924
    7.980000000    3.207962110    3.207947740    3.237540301
    7.990000000    3.205119196    3.205104827    3.234620532
    8.000000000    3.202280895    3.202266528    3.231705609
    8.010000000    3.199447199    3.199432833    3.228795523
    8.020000000    3.196618100    3.196603735    3.225890267
    8.030000000    3.193793590    3.193779226    3.222989831
    8.040000000    3.190973662    3.190959300    3.220094208
    8.050000000    3.188158309    3.188143947    3.217203390
    8.060000000    3.185347522    3.185333162    3.214317367
    8.070000000    3.182541294    3.182526936    3.211436132
    8.080000000    3.179739618    3.179725261    3.208559677
    8.090000000    3.176942486    3.176928130    3.205687992
    8.100000000    3.174149890    3.174135536    3.202821070
    8.110000000    3.171361824    3.171347471    3.199958904
    8.120000000    3.168578278    3.168563927    3.197101483
    8.130000000    3.165799247    3.165784896    3.194248801
    8.140000000    3.163024721    3.163010373    3.191400848
    8.150000000    3.160254695    3.160240348    3.188557617
    8.160000000    3.157489159    3.157474814    3.185719100
    8.170000000    3.154728108    3.154713764    3.182885288
    8.180000000    3.151971532    3.151957190    3.180056173
    8.190000000    3.149219426    3.149205085    3.177231747
    8.200000000    3.146471780    3.146457441    3.174412002
    8.210000000    3.143728589    3.143714251    3.171596929
    8.220000000    3.140989843    3.140975507    3.168786521
    8.230000000    3.138255537    3.138241202    3.165980769
    8.240000000    3.135525661    3.135511328    3.163179665
    8.250000000    3.132800210    3.132785879    3.160383201
    8.260000000    3.130079175    3.130064845    3.157591369
    8.270000000    3.127362549    3.127348221    3.154804161
    8.280000000    3.124650325    3.124635999    3.152021569
    8.290000000    3.121942495    3.121928170    3.149243584
    8.300000000    3.119239051    3.119224729    3.146470199
    8.310000000    3.116539987    3.116525666    3.143701405
    8.320000000    3.113845295    3.113830976    3.140937194
    8.330000000    3.111154968    3.111140650    3.138177559
    8.340000000    3.108468997    3.108454682    3.135422491
    8.350000000    3.105787377    3.105773063    3.132671983
    8.360000000    3.103110098    3.103095787    3.129926025
    8.370000000    3.100437155    3.100422845    3.127184611
    8.380000000    3.097768540    3.097754232    3.124447732
    8.390000000    3.095104245    3.095089939    3.121715380
    8.400000000    3.092444263    3.092429959    3.118987548
    8.410000000    3.089788586    3.089774284    3.116264227
    8.420000000    3.087137209    3.087122908    3.113545409
    8.430000000    3.084490122    3.084475823    3.110831086
    8.440000000    3.081847319    3.081833022    3.108121251
    8.450000000    3.079208792    3.079194497    3.105415895
    8.460000000    3.076574534    3.076560242    3.102715010
    8.470000000    3.073944539    3.073930248    3.100018589
    8.480000000    3.071318798    3.071304509    3.097326624
    8.490000000    3.068697304    3.068683018    3.094639107
    8.500000000    3.066080051    3.066065766    3.091956030
    8.510000000    3.063467030    3.063452748    3.089277384
    8.520000000    3.060858235    3.060843955    3.086603163
    8.530000000    3.058253658    3.058239380    3.083933358
    8.540000000    3.055653293    3.055639017    3.081267962
    8.550000000    3.053057131    3.053042858    3.078606966
    8.560000000    3.050465167    3.050450895    3.075950363
    8.570000000    3.047877391    3.047863122    3.073298145
    8.580000000    3.045293799    3.045279531    3.070650304
    8.590000000    3.042714381    3.042700116    3.068006832
    8.600000000    3.040139131    3.040124868    3.065367722
    8.610000000    3.037568042    3.037553782    3.062732966
    8.620000000    3.035001107    3.034986849    3.060102556
    8.630000000    3.032438319    3.032424063    3.057476484
    8.640000000    3.029879670    3.029865416    3.054854743
    8.650000000    3.027325153    3.027310901    3.052237324
    8.660000000    3.024774761    3.024760512    3.049624221
    8.670000000    3.022228488    3.022214241    3.047015425
    8.680000000    3.019686325    3.019672080    3.044410928
    8.690000000    3.017148266    3.017134024    3.041810724
    8.700000000    3.014614304    3.014600064    3.039214804
    8.710000000    3.012084432    3.012070194    3.036623160
    8.720000000    3.009558642    3.009544407    3.034035786
    8.730000000    3.007036928    3.007022696    3.031452673
    8.740000000    3.004519283    3.004505052    3.028873813
    8.750000000    3.002005699    3.001991471    3.026299200
    8.760000000    2.999496169    2.999481944    3.023728825
    8.770000000    2.996990687    2.996976464    3.021162681
    8.780000000    2.994489245    2.994475025    3.018600760
    8.790000000    2.991991837    2.991977619    3.016043054
    8.800000000    2.989498455    2.989484240    3.013489557
    8.810000000    2.987009093    2.986994880    3.010940260
    8.820000000    2.984523743    2.984509533    3.008395156
    8.830000000    2.982042399    2.982028191    3.005854238
    8.840000000    2.979565053    2.979550848    3.003317497
    8.850000000    2.977091699    2.977077496    3.000784927
    8.860000000    2.974622329    2.974608129    2.998256520
    8.870000000    2.972156937    2.972142740    2.995732267
    8.880000000    2.969695516    2.969681321    2.993212163
    8.890000000    2.967238059    2.967223867    2.990696199
    8.900000000    2.964784559    2.964770369    2.988184368
    8.910000000    2.962335009    2.962320822    2.985676663
    8.920000000    2.959889402    2.959875218    2.983173075
    8.930000000    2.957447732    2.957433550    2.980673598
    8.940000000    2.955009991    2.954995812    2.978178224
    8.950000000    2.952576172    2.952561996    2.975686946
    8.960000000    2.950146270    2.950132096    2.973199756
    8.970000000    2.947720276    2.947706105    2.970716647
    8.980000000    2.945298184    2.945284016    2.968237612
    8.990000000    2.942879988    2.942865822    2.965762643
    9.000000000    2.940465680    2.940451517    2.963291732
    9.010000000    2.938055254    2.938041094    2.960824874
    9.020000000    2.935648703    2.935634545    2.958362059
    9.030000000    2.933246020    2.933231865    2.955903281
    9.040000000    2.930847198    2.930833046    2.953448532
    9.050000000    2.928452230    2.928438081    2.950997806
    9.060000000    2.926061111    2.926046965    2.948551095
    9.070000000    2.923673832    2.923659689    2.946108391
    9.080000000    2.921290388    2.921276248    2.943669688
    9.090000000    2.918910772    2.918896634    2.941234977
    9.100000000    2.916534976    2.916520841    2.938804253
    9.110000000    2.914162995    2.914148863    2.936377507
    9.120000000    2.911794821    2.911780692    2.933954732
    9.130000000    2.909430447    2.909416321    2.931535922
    9.140000000    2.907069868    2.907055745    2.929121069
    9.150000000    2.904713077    2.904698957    2.926710165
    9.160000000    2.902360066    2.902345949    2.924303204
    9.170000000    2.900010829    2.899996715    2.921900178
    9.180000000    2.897665360    2.897651249    2.919501081
    9.190000000    2.895323652    2.895309543    2.917105905
    9.200000000    2.892985697    2.892971592    2.914714642
    9.210000000    2.890651491    2.890637389    2.912327287
    9.220000000    2.888321026    2.888306926    2.909943831
    9.230000000    2.885994295    2.885980198    2.907564268
    9.240000000    2.883671291    2.883657198    2.905188590
    9.250000000    2.881352010    2.881337919    2.902816791
    9.260000000    2.879036443    2.879022355    2.900448863
    9.270000000    2.876724584    2.876710500    2.898084800
    9.280000000    2.874416426    2.874402345    2.895724594
    9.290000000    2.872111964    2.872097886    2.893368238
    9.300000000    2.869811190    2.869797116    2.891015725
    9.310000000    2.867514099    2.867500027    2.888667049
    9.320000000    2.865220683    2.865206614    2.886322201
    9.330000000    2.862930936    2.862916870    2.883981176
    9.340000000    2.860644851    2.860630789    2.881643966
    9.350000000    2.858362423    2.858348364    2.879310565
    9.360000000    2.856083644    2.856069588    2.876980964
    9.370000000    2.853808509    2.853794456    2.874655158
    9.380000000    2.851537010    2.851522960    2.872333140
    9.390000000    2.849269142    2.849255095    2.870014902
    9.400000000    2.847004897    2.846990854    2.867700437
    9.410000000    2.844744270    2.844730230    2.865389739
    9.420000000    2.842487254    2.842473217    2.863082801
    9.430000000    2.840233842    2.840219808    2.860779616
    9.440000000    2.837984029    2.837969998    2.858480177
    9.450000000    2.835737807    2.835723780    2.856184477
    9.460000000    2.833495171    2.833481147    2.853892510
    9.470000000    2.831256114    2.831242094    2.851604268
    9.480000000    2.829020630    2.829006613    2.849319744
    9.490000000    2.826788713    2.826774699    2.847038933
    9.500000000    2.824560355    2.824546345    2.844761826
    9.510000000    2.822335552    2.822321544    2.842488418
    9.520000000    2.820114296    2.820100291    2.840218702
    9.530000000    2.817896581    2.817882580    2.837952670
    9.540000000    2.815682401    2.815668403    2.835690316
    9.550000000    2.813471749    2.813457755    2.833431633
    9.560000000    2.811264620    2.811250629    2.831176615
    9.570000000    2.809061007    2.809047019    2.828925254
    9.580000000    2.806860904    2.806846920    2.826677545
    9.590000000    2.804664304    2.804650323    2.824433480
    9.600000000    2.802471202    2.802457225    2.822193053
    9.610000000    2.800281591    2.800267617    2.819956256
    9.620000000    2.798095465    2.798081494    2.817723084
    9.630000000    2.795912817    2.795898850    2.815493530
    9.640000000    2.793733642    2.793719678    2.813267587
    9.650000000    2.791557934    2.791543973    2.811045248
    9.660000000    2.789385685    2.789371728    2.808826507
    9.670000000    2.787216891    2.787202937    2.806611357
    9.680000000    2.785051544    2.785037594    2.804399792
    9.690000000    2.782889639    2.782875693    2.802191805
    9.700000000    2.780731170    2.780717227    2.799987389
    9.710000000    2.778576130    2.778562191    2.797786538
    9.720000000    2.776424514    2.776410578    2.795589245
    9.730000000    2.774276314    2.774262382    2.793395504
    9.740000000    2.772131526    2.772117597    2.791205308
    9.750000000    2.769990143    2.769976217    2.789018651
    9.760000000    2.767852159    2.767838237    2.786835526
    9.770000000    2.765717568    2.765703649    2.784655927
    9.780000000    2.763586363    2.763572448    2.782479847
    9.790000000    2.761458540    2.761444628    2.780307280
    9.800000000    2.759334091    2.759320183    2.778138219
    9.810000000    2.757213011    2.757199106    2.775972658
    9.820000000    2.755095293    2.755081393    2.773810590
    9.830000000    2.752980933    2.752967036    2.771652009
    9.840000000    2.750869923    2.750856029    2.769496909
    9.850000000    2.748762257    2.748748368    2.767345283
    9.860000000    2.746657931    2.746644045    2.765197124
    9.870000000    2.744556937    2.744543055    2.763052427
    9.880000000    2.742459270    2.742445392    2.760911185
    9.890000000    2.740364925    2.740351049    2.758773392
    9.900000000    2.738273893    2.738260022    2.756639040
    9.910000000    2.736186171    2.736172304    2.754508125
    9.920000000    2.734101753    2.734087888    2.752380639
    9.930000000    2.732020631    2.732006770    2.750256576
    9.940000000    2.729942800    2.729928943    2.748135931
    9.950000000    2.727868255    2.727854402    2.746018696
    9.960000000    2.725796990    2.725783140    2.743904865
    9.970000000    2.723728998    2.723715152    2.741794432
    9.980000000    2.721664274    2.721650432    2.739687392
    9.990000000    2.719602811    2.719588973    2.737583736
   10.000000000    2.717544605    2.717530771    2.735483461
   10.010000000    2.715489649    2.715475819    2.733386558
   10.020000000    2.713437938    2.713424111    2.731293022
   10.030000000    2.711389465    2.711375642    2.729202847
   10.040000000    2.709344225    2.709330406    2.727116026
   10.050000000    2.707302212    2.707288396    2.725032553
   10.060000000    2.705263421    2.705249608    2.722952423
   10.070000000    2.703227844    2.703214036    2.720875628
   10.080000000    2.701195478    2.701181673    2.718802164
   10.090000000    2.699166315    2.699152514    2.716732023
   10.100000000    2.697140351    2.697126554    2.714665199
   10.110000000    2.695117579    2.695103786    2.712601687
   10.120000000    2.693097994    2.693084204    2.710541480
   10.130000000    2.691081590    2.691067804    2.708484572
   10.140000000    2.689068361    2.689054579    2.706430958
   10.150000000    2.687058302    2.687044524    2.704380630
   10.160000000    2.685051406    2.685037632    2.702333583
   10.170000000    2.683047669    2.683033899    2.700289811
   10.180000000    2.681047085    2.681033319    2.698249308
   10.190000000    2.679049648    2.679035885    2.696212068
   10.200000000    2.677055352    2.677041593    2.694178085
   10.210000000    2.675064191    2.675050437    2.692147352
   10.220000000    2.673076161    2.673062410    2.690119864
   10.230000000    2.671091255    2.671077508    2.688095615
   10.240000000    2.669109467    2.669095725    2.686074599
   10.250000000    2.667130793    2.667117054    2.684056809
   10.260000000    2.665155227    2.665141492    2.682042241
   10.270000000    2.663182763    2.663169032    2.680030887
   10.280000000    2.661213395    2.661199668    2.678022742
   10.290000000    2.659247118    2.659233395    2.676017801
   10.300000000    2.657283926    2.657270207    2.674016056
   10.310000000    2.655323814    2.655310099    2.672017503
   10.320000000    2.653366777    2.653353065    2.670022135
   10.330000000    2.651412808    2.651399100    2.668029947
   10.340000000    2.649461902    2.649448199    2.666040932
   10.350000000    2.647514054    2.647500355    2.664055085
   10.360000000    2.645569259    2.645555563    2.662072400
   10.370000000    2.643627510    2.643613818    2.660092870
   10.380000000    2.641688802    2.641675115    2.658116491
   10.390000000    2.639753130    2.639739447    2.656143257
   10.400000000    2.637820489    2.637806810    2.654173161
   10.410000000    2.635890872    2.635877197    2.652206198
   10.420000000    2.633964275    2.633950604    2.650242361
   10.430000000    2.632040692    2.632027025    2.648281646
   10.440000000    2.630120118    2.630106455    2.646324047
   10.450000000    2.628202547    2.628188888    2.644369557
   10.460000000    2.626287973    2.626274318    2.642418171
   10.470000000    2.624376393    2.624362741    2.640469883
   10.480000000    2.622467799    2.622454152    2.638524688
   10.490000000    2.620562186    2.620548543    2.636582580
   10.500000000    2.618659551    2.618645912    2.634643553
   10.510000000    2.616759886    2.616746251    2.632707601
   10.520000000    2.614863186    2.614849555    2.630774719
   10.530000000    2.612969447    2.612955821    2.628844901
   10.540000000    2.611078663    2.611065041    2.626918141
   10.550000000    2.609190829    2.609177210    2.624994434
   10.560000000    2.607305938    2.607292324    2.623073774
   10.570000000    2.605423987    2.605410377    2.621156156
   10.580000000    2.603544970    2.603531364    2.619241573
   10.590000000    2.601668881    2.601655279    2.617330021
   10.600000000    2.599795716    2.599782118    2.615421493
   10.610000000    2.597925468    2.597911874    2.613515985
   10.620000000    2.596058133    2.596044543    2.611613490
   10.630000000    2.594193705    2.594180120    2.609714002
   10.640000000    2.592332180    2.592318599    2.607817518
   10.650000000    2.590473552    2.590459975    2.605924030
   10.660000000    2.588617815    2.588604242    2.604033533
   10.670000000    2.586764965    2.586751397    2.602146022
   10.680000000    2.584914997    2.584901432    2.600261491
   10.690000000    2.583067904    2.583054344    2.598379935
   10.700000000    2.581223683    2.581210127    2.596501349
   10.710000000    2.579382328    2.579368776    2.594625726
   10.720000000    2.577543833    2.577530285    2.592753061
   10.730000000    2.575708194    2.575694650    2.590883349
   10.740000000    2.573875405    2.573861866    2.589016585
   10.750000000    2.572045462    2.572031927    2.587152762
   10.760000000    2.570218359    2.570204828    2.585291876
   10.770000000    2.568394090    2.568380564    2.583433921
   10.780000000    2.566572652    2.566559130    2.581578892
   10.790000000    2.564754039    2.564740521    2.579726783
   10.800000000    2.562938245    2.562924732    2.577877589
   10.810000000    2.561125267    2.561111757    2.576031304
   10.820000000    2.559315097    2.559301592    2.574187924
   10.830000000    2.557507733    2.557494232    2.572347442
   10.840000000    2.555703168    2.555689671    2.570509854
   10.850000000    2.553901397    2.553887905    2.568675154
   10.860000000    2.552102416    2.552088928    2.566843336
   10.870000000    2.550306220    2.550292736    2.565014396
   10.880000000    2.548512802    2.548499323    2.563188328
   10.890000000    2.546722160    2.546708684    2.561365127
   10.900000000    2.544934286    2.544920815    2.559544788
   10.910000000    2.543149178    2.543135711    2.557727304
   10.920000000    2.541366828    2.541353366    2.555912672
   10.930000000    2.539587234    2.539573776    2.554100885
   10.940000000    2.537810388    2.537796935    2.552291939
   10.950000000    2.536036288    2.536022838    2.550485828
   10.960000000    2.534264927    2.534251482    2.548682547
   10.970000000    2.532496301    2.532482860    2.546882091
   10.980000000    2.530730405    2.530716968    2.545084455
   10.990000000    2.528967233    2.528953801    2.543289632
   11.000000000    2.527206782    2.527193354    2.541497619
   11.010000000    2.525449046    2.525435622    2.539708410
   11.020000000    2.523694020    2.523680601    2.537922000
   11.030000000    2.521941699    2.521928285    2.536138384
   11.040000000    2.520192079    2.520178669    2.534357556
   11.050000000    2.518445155    2.518431749    2.532579511
   11.060000000    2.516700921    2.516687519    2.530804245
   11.070000000    2.514959373    2.514945976    2.529031751
   11.080000000    2.513220507    2.513207114    2.527262026
   11.090000000    2.511484316    2.511470928    2.525495064
   11.100000000    2.509750797    2.509737414    2.523730859
   11.110000000    2.508019945    2.508006566    2.521969407
   11.120000000    2.506291755    2.506278380    2.520210703
   11.130000000    2.504566222    2.504552851    2.518454742
   11.140000000    2.502843341    2.502829975    2.516701518
   11.150000000    2.501123108    2.501109746    2.514951026
   11.160000000    2.499405517    2.499392160    2.513203262
   11.170000000    2.497690565    2.497677212    2.511458221
   11.180000000    2.495978245    2.495964897    2.509715896
   11.190000000    2.494268555    2.494255211    2.507976285
   11.200000000    2.492561488    2.492548148    2.506239381
   11.210000000    2.490857040    2.490843705    2.504505179
   11.220000000    2.489155207    2.489141876    2.502773674
   11.230000000    2.487455983    2.487442657    2.501044862
   11.240000000    2.485759364    2.485746043    2.499318738
   11.250000000    2.484065346    2.484052029    2.497595297
   11.260000000    2.482373923    2.482360611    2.495874532
   11.270000000    2.480685092    2.480671783    2.494156441
   11.280000000    2.478998846    2.478985543    2.492441018
   11.290000000    2.477315183    2.477301883    2.490728257
   11.300000000    2.475634096    2.475620801    2.489018155
   11.310000000    2.473955582    2.473942291    2.487310705
   11.320000000    2.472279635    2.472266349    2.485605904
   11.330000000    2.470606252    2.470592971    2.483903746
   11.340000000    2.468935427    2.468922150    2.482204227
   11.350000000    2.467267157    2.467253884    2.480507341
   11.360000000    2.465601435    2.465588167    2.478813084
   11.370000000    2.463938259    2.463924995    2.477121451
   11.380000000    2.462277622    2.462264363    2.475432438
   11.390000000    2.460619521    2.460606267    2.473746038
   11.400000000    2.458963952    2.458950702    2.472062249
   11.410000000    2.457310909    2.457297664    2.470381063
   11.420000000    2.455660388    2.455647147    2.468702478
   11.430000000    2.454012384    2.453999148    2.467026488
   11.440000000    2.452366894    2.452353662    2.465353089
   11.450000000    2.450723912    2.450710684    2.463682275
   11.460000000    2.449083433    2.449070211    2.462014042
   11.470000000    2.447445455    2.447432237    2.460348385
   11.480000000    2.445809971    2.445796758    2.458685299
   11.490000000    2.444176978    2.444163769    2.457024781
   11.500000000    2.442546471    2.442533266    2.455366824
   11.510000000    2.440918445    2.440905245    2.453711424
   11.520000000    2.439292896    2.439279701    2.452058577
   11.530000000    2.437669820    2.437656630    2.450408278
   11.540000000    2.436049213    2.436036027    2.448760523
   11.550000000    2.434431069    2.434417888    2.447115305
   11.560000000    2.432815385    2.432802208    2.445472622
   11.570000000    2.431202155    2.431188983    2.443832468
   11.580000000    2.429591376    2.429578209    2.442194839
   11.590000000    2.427983043    2.427969880    2.440559729
   11.600000000    2.426377152    2.426363994    2.438927135
   11.610000000    2.424773699    2.424760545    2.437297052
   11.620000000    2.423172678    2.423159529    2.435669475
   11.630000000    2.421574086    2.421560942    2.434044399
   11.640000000    2.419977918    2.419964779    2.432421820
   11.650000000    2.418384171    2.418371036    2.430801734
   11.660000000    2.416792839    2.416779708    2.429184135
   11.670000000    2.415203918    2.415190792    2.427569020
   11.680000000    2.413617404    2.413604283    2.425956384
   11.690000000    2.412033293    2.412020176    2.424346221
   11.700000000    2.410451580    2.410438468    2.422738529
   11.710000000    2.408872262    2.408859154    2.421133301
   11.720000000    2.407295333    2.407282230    2.419530534
   11.730000000    2.405720789    2.405707691    2.417930223
   11.740000000    2.404148627    2.404135533    2.416332364
   11.750000000    2.402578842    2.402565753    2.414736951
   11.760000000    2.401011429    2.400998345    2.413143982
   11.770000000    2.399446385    2.399433305    2.411553450
   11.780000000    2.397883705    2.397870630    2.409965353
   11.790000000    2.396323385    2.396310315    2.408379684
   11.800000000    2.394765420    2.394752355    2.406796440
   11.810000000    2.393209807    2.393196747    2.405215617
   11.820000000    2.391656542    2.391643486    2.403637210
   11.830000000    2.390105620    2.390092568    2.402061214
   11.840000000    2.388557036    2.388543989    2.400487625
   11.850000000    2.387010787    2.386997745    2.398916439
   11.860000000    2.385466869    2.385453832    2.397347651
   11.870000000    2.383925277    2.383912245    2.395781257
   11.880000000    2.382386008    2.382372980    2.394217253
   11.890000000    2.380849056    2.380836033    2.392655634
   11.900000000    2.379314418    2.379301400    2.391096396
   11.910000000    2.377782091    2.377769077    2.389539534
   11.920000000    2.376252068    2.376239059    2.387985044
   11.930000000    2.374724348    2.374711343    2.386432922
   11.940000000    2.373198924    2.373185925    2.384883164
   11.950000000    2.371675794    2.371662800    2.383335765
   11.960000000    2.370154954    2.370141964    2.381790720
   11.970000000    2.368636398    2.368623413    2.380248027
   11.980000000    2.367120123    2.367107143    2.378707679
   11.990000000    2.365606126    2.365593150    2.377169674
   12.000000000    2.364094401    2.364081430    2.375634006
   12.010000000    2.362584945    2.362571979    2.374100672
   12.020000000    2.361077754    2.361064792    2.372569667
   12.030000000    2.359572823    2.359559866    2.371040986
   12.040000000    2.358070150    2.358057197    2.369514627
   12.050000000    2.356569728    2.356556781    2.367990584
   12.060000000    2.355071556    2.355058613    2.366468853
   12.070000000    2.353575628    2.353562690    2.364949431
   12.080000000    2.352081941    2.352069008    2.363432312
   12.090000000    2.350590490    2.350577562    2.361917493
   12.100000000    2.349101272    2.349088348    2.360404969
   12.110000000    2.347614283    2.347601364    2.358894737
   12.120000000    2.346129518    2.346116604    2.357386791
   12.130000000    2.344646974    2.344634065    2.355881129
   12.140000000    2.343166647    2.343153742    2.354377745
   12.150000000    2.341688532    2.341675632    2.352876636
   12.160000000    2.340212627    2.340199732    2.351377798
   12.170000000    2.338738926    2.338726036    2.349881226
   12.180000000    2.337267426    2.337254541    2.348386916
   12.190000000    2.335798123    2.335785243    2.346894864
   12.200000000    2.334331014    2.334318138    2.345405067
   12.210000000    2.332866093    2.332853222    2.343917519
   12.220000000    2.331403358    2.331390492    2.342432217
   12.230000000    2.329942804    2.329929943    2.340949157
   12.240000000    2.328484428    2.328471572    2.339468334
   12.250000000    2.327028226    2.327015374    2.337989745
   12.260000000    2.325574193    2.325561346    2.336513386
   12.270000000    2.324122326    2.324109484    2.335039252
   12.280000000    2.322672622    2.322659784    2.333567339
   12.290000000    2.321225075    2.321212242    2.332097644
   12.300000000    2.319779683    2.319766855    2.330630163
   12.310000000    2.318336441    2.318323618    2.329164890
   12.320000000    2.316895346    2.316882528    2.327701823
   12.330000000    2.315456394    2.315443581    2.326240958
   12.340000000    2.314019582    2.314006773    2.324782290
   12.350000000    2.312584904    2.312572100    2.323325815
   12.360000000    2.311152358    2.311139559    2.321871529
   12.370000000    2.309721939    2.309709145    2.320419429
   12.380000000    2.308293645    2.308280856    2.318969511
   12.390000000    2.306867470    2.306854686    2.317521770
   12.400000000    2.305443412    2.305430633    2.316076202
   12.410000000    2.304021467    2.304008692    2.314632805
   12.420000000    2.302601630    2.302588860    2.313191572
   12.430000000    2.301183898    2.301171134    2.311752502
   12.440000000    2.299768268    2.299755508    2.310315590
   12.450000000    2.298354736    2.298341980    2.308880831
   12.460000000    2.296943297    2.296930547    2.307448222
   12.470000000    2.295533948    2.295521203    2.306017760
   12.480000000    2.294126686    2.294113946    2.304589440
   12.490000000    2.292721507    2.292708771    2.303163258
   12.500000000    2.291318407    2.291305676    2.301739211
   12.510000000    2.289917382    2.289904656    2.300317295
   12.520000000    2.288518429    2.288505708    2.298897505
   12.530000000    2.287121544    2.287108827    2.297479838
   12.540000000    2.285726723    2.285714011    2.296064290
   12.550000000    2.284333963    2.284321256    2.294650858
   12.560000000    2.282943260    2.282930558    2.293239537
   12.570000000    2.281554610    2.281541913    2.291830324
   12.580000000    2.280168010    2.280155318    2.290423214
   12.590000000    2.278783456    2.278770769    2.289018205
   12.600000000    2.277400945    2.277388262    2.287615292
   12.610000000    2.276020472    2.276007795    2.286214471
   12.620000000    2.274642035    2.274629362    2.284815739
   12.630000000    2.273265629    2.273252962    2.283419092
   12.640000000    2.271891252    2.271878589    2.282024526
   12.650000000    2.270518898    2.270506241    2.280632037
   12.660000000    2.269148566    2.269135913    2.279241622
   12.670000000    2.267780251    2.267767603    2.277853277
   12.680000000    2.266413950    2.266401307    2.276466999
   12.690000000    2.265049659    2.265037020    2.275082782
   12.700000000    2.263687374    2.263674741    2.273700624
   12.710000000    2.262327093    2.262314464    2.272320522
   12.720000000    2.260968811    2.260956187    2.270942470
   12.730000000    2.259612524    2.259599906    2.269566467
   12.740000000    2.258258231    2.258245617    2.268192507
   12.750000000    2.256905926    2.256893317    2.266820587
   12.760000000    2.255555607    2.255543003    2.265450704
   12.770000000    2.254207269    2.254194670    2.264082854
   12.780000000    2.252860910    2.252848316    2.262717033
   12.790000000    2.251516526    2.251503937    2.261353238
   12.800000000    2.250174113    2.250161529    2.259991464
   12.810000000    2.248833668    2.248821089    2.258631709
   12.820000000    2.247495188    2.247482614    2.257273969
   12.830000000    2.246158669    2.246146099    2.255918239
   12.840000000    2.244824107    2.244811542    2.254564517
   12.850000000    2.243491499    2.243478939    2.253212799
   12.860000000    2.242160841    2.242148287    2.251863081
   12.870000000    2.240832131    2.240819581    2.250515360
   12.880000000    2.239505365    2.239492820    2.249169632
   12.890000000    2.238180538    2.238167999    2.247825893
   12.900000000    2.236857649    2.236845114    2.246484140
   12.910000000    2.235536693    2.235524163    2.245144369
   12.920000000    2.234217667    2.234205142    2.243806578
   12.930000000    2.232900568    2.232888048    2.242470761
   12.940000000    2.231585392    2.231572877    2.241136916
   12.950000000    2.230272136    2.230259626    2.239805039
   12.960000000    2.228960796    2.228948291    2.238475127
   12.970000000    2.227651370    2.227638870    2.237147176
   12.980000000    2.226343853    2.226331358    2.235821182
   12.990000000    2.225038243    2.225025752    2.234497143
   13.000000000    2.223734535    2.223722050    2.233175053
   13.010000000    2.222432727    2.222420247    2.231854911
   13.020000000    2.221132816    2.221120340    2.230536713
   13.030000000    2.219834797    2.219822327    2.229220455
   13.040000000    2.218538668    2.218526203    2.227906133
   13.050000000    2.217244426    2.217231965    2.226593744
   13.060000000    2.215952066    2.215939610    2.225283285
   13.070000000    2.214661586    2.214649135    2.223974753
   13.080000000    2.213372983    2.213360537    2.222668143
   13.090000000    2.212086252    2.212073811    2.221363452
   13.100000000    2.210801391    2.210788956    2.220060677
   13.110000000    2.209518397    2.209505966    2.218759815
   13.120000000    2.208237266    2.208224840    2.217460862
   13.130000000    2.206957995    2.206945574    2.216163814
   13.140000000    2.205680581    2.205668165    2.214868669
   13.150000000    2.204405020    2.204392609    2.213575422
   13.160000000    2.203131309    2.203118903    2.212284071
   13.170000000    2.201859445    2.201847044    2.210994612
   13.180000000    2.200589425    2.200577029    2.209707042
   13.190000000    2.199321245    2.199308854    2.208421356
   13.200000000    2.198054902    2.198042516    2.207137553
   13.210000000    2.196790394    2.196778013    2.205855629
   13.220000000    2.195527716    2.195515340    2.204575579
   13.230000000    2.194266865    2.194254494    2.203297402
   13.240000000    2.193007839    2.192995473    2.202021093
   13.250000000    2.191750635    2.191738273    2.200746649
   13.260000000    2.190495248    2.190482892    2.199474067
   13.270000000    2.189241676    2.189229324    2.198203344
   13.280000000    2.187989915    2.187977569    2.196934476
   13.290000000    2.186739963    2.186727622    2.195667460
   13.300000000    2.185491816    2.185479480    2.194402292
   13.310000000    2.184245471    2.184233140    2.193138970
   13.320000000    2.183000925    2.182988599    2.191877490
   13.330000000    2.181758175    2.181745854    2.190617849
   13.340000000    2.180517218    2.180504902    2.189360043
   13.350000000    2.179278050    2.179265739    2.188104070
   13.360000000    2.178040668    2.178028362    2.186849925
   13.370000000    2.176805070    2.176792769    2.185597607
   13.380000000    2.175571252    2.175558956    2.184347110
   13.390000000    2.174339211    2.174326919    2.183098433
   13.400000000    2.173108943    2.173096657    2.181851572
   13.410000000    2.171880447    2.171868166    2.180606524
   13.420000000    2.170653718    2.170641442    2.179363285
   13.430000000    2.169428754    2.169416483    2.178121853
   13.440000000    2.168205551    2.168193285    2.176882224
   13.450000000    2.166984107    2.166971846    2.175644394
   13.460000000    2.165764418    2.165752162    2.174408362
   13.470000000    2.164546482    2.164534231    2.173174123
   13.480000000    2.163330295    2.163318049    2.171941674
   13.490000000    2.162115854    2.162103613    2.170711013
   13.500000000    2.160903156    2.160890920    2.169482136
   13.510000000    2.159692198    2.159679967    2.168255039
   13.520000000    2.158482978    2.158470752    2.167029720
   13.530000000    2.157275491    2.157263270    2.165806176
   13.540000000    2.156069736    2.156057520    2.164584403
   13.550000000    2.154865708    2.154853497    2.163364399
   13.560000000    2.153663406    2.153651200    2.162146159
   13.570000000    2.152462825    2.152450624    2.160929682
   13.580000000    2.151263964    2.151251768    2.159714963
   13.590000000    2.150066818    2.150054627    2.158502000
   13.600000000    2.148871386    2.148859200    2.157290790
   13.610000000    2.147677664    2.147665483    2.156081330
   13.620000000    2.146485648    2.146473472    2.154873616
   13.630000000    2.145295337    2.145283166    2.153667645
   13.640000000    2.144106727    2.144094561    2.152463415
   13.650000000    2.142919815    2.142907654    2.151260922
   13.660000000    2.141734598    2.141722442    2.150060163
   13.670000000    2.140551074    2.140538923    2.148861135
   13.680000000    2.139369238    2.139357093    2.147663835
   13.690000000    2.138189089    2.138176949    2.146468260
   13.700000000    2.137010624    2.136998488    2.145274407
   13.710000000    2.135833839    2.135821709    2.144082273
   13.720000000    2.134658732    2.134646606    2.142891855
   13.730000000    2.133485299    2.133473179    2.141703149
   13.740000000    2.132313539    2.132301423    2.140516154
   13.750000000    2.131143447    2.131131336    2.139330865
   13.760000000    2.129975021    2.129962915    2.138147280
   13.770000000    2.128808258    2.128796158    2.136965396
   13.780000000    2.127643155    2.127631060    2.135785209
   13.790000000    2.126479710    2.126467620    2.134606718
   13.800000000    2.125317919    2.125305834    2.133429918
   13.810000000    2.124157780    2.124145700    2.132254807
   13.820000000    2.122999289    2.122987214    2.131081382
   13.830000000    2.121842445    2.121830375    2.129909639
   13.840000000    2.120687243    2.120675178    2.128739577
   13.850000000    2.119533682    2.119521621    2.127571192
   13.860000000    2.118381757    2.118369702    2.126404480
   13.870000000    2.117231468    2.117219417    2.125239440
   13.880000000    2.116082809    2.116070764    2.124076068
   13.890000000    2.114935780    2.114923740    2.122914361
   13.900000000    2.113790377    2.113778342    2.121754316
   13.910000000    2.112646597    2.112634567    2.120595931
   13.920000000    2.111504437    2.111492412    2.119439202
   13.930000000    2.110363895    2.110351875    2.118284126
   13.940000000    2.109224968    2.109212953    2.117130702
   13.950000000    2.108087652    2.108075643    2.115978925
   13.960000000    2.106951946    2.106939942    2.114828792
   13.970000000    2.105817847    2.105805847    2.113680302
   13.980000000    2.104685350    2.104673356    2.112533451
   13.990000000    2.103554455    2.103542466    2.111388236
   14.000000000    2.102425158    2.102413174    2.110244654
   14.010000000    2.101297456    2.101285477    2.109102703
   14.020000000    2.100171347    2.100159373    2.107962379
   14.030000000    2.099046828    2.099034859    2.106823680
   14.040000000    2.097923896    2.097911931    2.105686603
   14.050000000    2.096802548    2.096790589    2.104551145
   14.060000000    2.095682782    2.095670828    2.103417303
   14.070000000    2.094564594    2.094552645    2.102285075
   14.080000000    2.093447983    2.093436039    2.101154457
   14.090000000    2.092332946    2.092321007    2.100025447
   14.100000000    2.091219479    2.091207545    2.098898042
   14.110000000    2.090107580    2.090095651    2.097772239
   14.120000000    2.088997246    2.088985322    2.096648035
   14.130000000    2.087888475    2.087876557    2.095525428
   14.140000000    2.086781265    2.086769351    2.094404415
   14.150000000    2.085675611    2.085663702    2.093284992
   14.160000000    2.084571512    2.084559608    2.092167158
   14.170000000    2.083468965    2.083457066    2.091050909
   14.180000000    2.082367967    2.082356073    2.089936243
   14.190000000    2.081268515    2.081256627    2.088823156
   14.200000000    2.080170608    2.080158724    2.087711647
   14.210000000    2.079074242    2.079062363    2.086601712
   14.220000000    2.077979414    2.077967541    2.085493349
   14.230000000    2.076886122    2.076874254    2.084386554
   14.240000000    2.075794364    2.075782501    2.083281326
   14.250000000    2.074704137    2.074692278    2.082177661
   14.260000000    2.073615437    2.073603584    2.081075557
   14.270000000    2.072528263    2.072516415    2.079975011
   14.280000000    2.071442612    2.071430768    2.078876020
   14.290000000    2.070358481    2.070346642    2.077778581
   14.300000000    2.069275867    2.069264034    2.076682693
   14.310000000    2.068194769    2.068182941    2.075588351
   14.320000000    2.067115182    2.067103360    2.074495554
   14.330000000    2.066037106    2.066025288    2.073404299
   14.340000000    2.064960537    2.064948724    2.072314583
   14.350000000    2.063885473    2.063873665    2.071226403
   14.360000000    2.062811910    2.062800107    2.070139757
   14.370000000    2.061739847    2.061728050    2.069054642
   14.380000000    2.060669281    2.060657489    2.067971055
   14.390000000    2.059600209    2.059588422    2.066888994
   14.400000000    2.058532629    2.058520847    2.065808456
   14.410000000    2.057466539    2.057454761    2.064729439
   14.420000000    2.056401935    2.056390162    2.063651940
   14.430000000    2.055338815    2.055327048    2.062575955
   14.440000000    2.054277177    2.054265414    2.061501484
   14.450000000    2.053217017    2.053205260    2.060428522
   14.460000000    2.052158335    2.052146582    2.059357067
   14.470000000    2.051101126    2.051089379    2.058287117
   14.480000000    2.050045389    2.050033647    2.057218670
   14.490000000    2.048991120    2.048979383    2.056151721
   14.500000000    2.047938319    2.047926587    2.055086270
   14.510000000    2.046886981    2.046875254    2.054022313
   14.520000000    2.045837105    2.045825383    2.052959847
   14.530000000    2.044788687    2.044776970    2.051898871
   14.540000000    2.043741726    2.043730014    2.050839381
   14.550000000    2.042696219    2.042684513    2.049781375
   14.560000000    2.041652164    2.041640462    2.048724851
   14.570000000    2.040609557    2.040597861    2.047669806
   14.580000000    2.039568397    2.039556706    2.046616236
   14.590000000    2.038528682    2.038516995    2.045564141
   14.600000000    2.037490408    2.037478726    2.044513516
   14.610000000    2.036453573    2.036441896    2.043464361
   14.620000000    2.035418174    2.035406503    2.042416671
   14.630000000    2.034384210    2.034372544    2.041370445
   14.640000000    2.033351678    2.033340017    2.040325680
   14.650000000    2.032320575    2.032308919    2.039282374
   14.660000000    2.031290900    2.031279249    2.038240523
   14.670000000    2.030262648    2.030251002    2.037200126
   14.680000000    2.029235819    2.029224178    2.036161180
   14.690000000    2.028210410    2.028198774    2.035123683
   14.700000000    2.027186418    2.027174787    2.034087631
   14.710000000    2.026163840    2.026152214    2.033053023
   14.720000000    2.025142675    2.025131055    2.032019856
   14.730000000    2.024122920    2.024111305    2.030988128
   14.740000000    2.023104573    2.023092963    2.029957835
   14.750000000    2.022087631    2.022076026    2.028928976
   14.760000000    2.021072092    2.021060492    2.027901548
   14.770000000    2.020057954    2.020046358    2.026875549
   14.780000000    2.019045213    2.019033623    2.025850976
   14.790000000    2.018033869    2.018022283    2.024827827
   14.800000000    2.017023917    2.017012337    2.023806099
   14.810000000    2.016015357    2.016003782    2.022785790
   14.820000000    2.015008186    2.014996615    2.021766897
   14.830000000    2.014002400    2.013990835    2.020749419
   14.840000000    2.012997999    2.012986439    2.019733351
   14.850000000    2.011994979    2.011983424    2.018718693
   14.860000000    2.010993339    2.010981789    2.017705442
   14.870000000    2.009993075    2.009981530    2.016693595
   14.880000000    2.008994186    2.008982646    2.015683150
   14.890000000    2.007996669    2.007985135    2.014674104
   14.900000000    2.007000523    2.006988993    2.013666455
   14.910000000    2.006005743    2.005994219    2.012660201
   14.920000000    2.005012330    2.005000810    2.011655339
   14.930000000    2.004020279    2.004008764    2.010651868
   14.940000000    2.003029589    2.003018079    2.009649783
   14.950000000    2.002040257    2.002028752    2.008649084
   14.960000000    2.001052281    2.001040782    2.007649767
   14.970000000    2.000065660    2.000054165    2.006651831
   14.980000000    1.999080389    1.999068900    2.005655273
   14.990000000    1.998096468    1.998084984    2.004660091
   15.000000000    1.997113894    1.997102415    2.003666282
   15.010000000    1.996132665    1.996121190    2.002673844
   15.020000000    1.995152778    1.995141309    2.001682774
   15.030000000    1.994174231    1.994162767    2.000693071
   15.040000000    1.993197022    1.993185563    1.999704732
   15.050000000    1.992221149    1.992209695    1.998717754
   15.060000000    1.991246609    1.991235160    1.997732136
   15.070000000    1.990273400    1.990261956    1.996747874
   15.080000000    1.989301520    1.989290081    1.995764968
   15.090000000    1.988330967    1.988319533    1.994783413
   15.100000000    1.987361738    1.987350309    1.993803209
   15.110000000    1.986393831    1.986382407    1.992824352
   15.120000000    1.985427244    1.985415825    1.991846841
   15.130000000    1.984461975    1.984450561    1.990870673
   15.140000000    1.983498022    1.983486613    1.989895846
   15.150000000    1.982535381    1.982523978    1.988922357
   15.160000000    1.981574052    1.981562654    1.987950205
   15.170000000    1.980614032    1.980602639    1.986979386
   15.180000000    1.979655319    1.979643930    1.986009899
   15.190000000    1.978697909    1.978686526    1.985041742
   15.200000000    1.977741803    1.977730424    1.984074912
   15.210000000    1.976786996    1.976775623    1.983109407
   15.220000000    1.975833487    1.975822119    1.982145225
   15.230000000    1.974881274    1.974869911    1.981182363
   15.240000000    1.973930355    1.973918997    1.980220819
   15.250000000    1.972980727    1.972969374    1.979260591
   15.260000000    1.972032388    1.972021040    1.978301677
   15.270000000    1.971085336    1.971073993    1.977344075
   15.280000000    1.970139569    1.970128231    1.976387781
   15.290000000    1.969195085    1.969183752    1.975432795
   15.300000000    1.968251882    1.968240554    1.974479114
   15.310000000    1.967309957    1.967298634    1.973526735
   15.320000000    1.966369308    1.966357990    1.972575656
   15.330000000    1.965429933    1.965418620    1.971625876
   15.340000000    1.964491831    1.964480523    1.970677392
   15.350000000    1.963554998    1.963543695    1.969730201
   15.360000000    1.962619433    1.962608135    1.968784302
   15.370000000    1.961685134    1.961673841    1.967839692
   15.380000000    1.960752098    1.960740810    1.966896370
   15.390000000    1.959820324    1.959809041    1.965954333
   15.400000000    1.958889809    1.958878531    1.965013578
   15.410000000    1.957960551    1.957949279    1.964074105
   15.420000000    1.957032549    1.957021281    1.963135909
   15.430000000    1.956105799    1.956094536    1.962198990
   15.440000000    1.955180300    1.955169043    1.961263346
   15.450000000    1.954256050    1.954244798    1.960328973
   15.460000000    1.953333047    1.953321800    1.959395870
   15.470000000    1.952411289    1.952400046    1.958464035
   15.480000000    1.951490773    1.951479535    1.957533466
   15.490000000    1.950571498    1.950560265    1.956604160
   15.500000000    1.949653461    1.949642233    1.955676116
   15.510000000    1.948736660    1.948725438    1.954749330
   15.520000000    1.947821094    1.947809876    1.953823802
   15.530000000    1.946906760    1.946895547    1.952899528
   15.540000000    1.945993656    1.945982448    1.951976508
   15.550000000    1.945081780    1.945070578    1.951054738
   15.560000000    1.944171130    1.944159933    1.950134217
   15.570000000    1.943261705    1.943250513    1.949214942
   15.580000000    1.942353501    1.942342314    1.948296912
   15.590000000    1.941446518    1.941435335    1.947380124
   15.600000000    1.940540752    1.940529575    1.946464577
   15.610000000    1.939636202    1.939625030    1.945550267
   15.620000000    1.938732867    1.938721699    1.944637194
   15.630000000    1.937830743    1.937819581    1.943725354
   15.640000000    1.936929829    1.936918672    1.942814746
   15.650000000    1.936030123    1.936018970    1.941905369
   15.660000000    1.935131622    1.935120475    1.940997219
   15.670000000    1.934234326    1.934223184    1.940090294
   15.680000000    1.933338231    1.933327094    1.939184593
   15.690000000    1.932443336    1.932432204    1.938280114
   15.700000000    1.931549640    1.931538512    1.937376855
   15.710000000    1.930657138    1.930646016    1.936474812
   15.720000000    1.929765831    1.929754714    1.935573986
   15.730000000    1.928875716    1.928864604    1.934674372
   15.740000000    1.927986791    1.927975684    1.933775970
   15.750000000    1.927099053    1.927087951    1.932878778
   15.760000000    1.926212502    1.926201405    1.931982792
   15.770000000    1.925327135    1.925316043    1.931088012
   15.780000000    1.924442949    1.924431862    1.930194435
   15.790000000    1.923559944    1.923548862    1.929302060
   15.800000000    1.922678117    1.922667040    1.928410883
   15.810000000    1.921797466    1.921786394    1.927520904
   15.820000000    1.920917990    1.920906922    1.926632120
   15.830000000    1.920039685    1.920028623    1.925744529
   15.840000000    1.919162551    1.919151494    1.924858130
   15.850000000    1.918286586    1.918275534    1.923972919
   15.860000000    1.917411787    1.917400740    1.923088896
   15.870000000    1.916538152    1.916527110    1.922206058
   15.880000000    1.915665680    1.915654643    1.921324404
   15.890000000    1.914794369    1.914783337    1.920443930
   15.900000000    1.913924217    1.913913190    1.919564636
   15.910000000    1.913055222    1.913044199    1.918686520
   15.920000000    1.912187381    1.912176364    1.917809578
   15.930000000    1.911320694    1.911309682    1.916933810
   15.940000000    1.910455158    1.910444150    1.916059214
   15.950000000    1.909590771    1.909579768    1.915185787
   15.960000000    1.908727531    1.908716534    1.914313528
   15.970000000    1.907865437    1.907854445    1.913442434
   15.980000000    1.907004487    1.906993499    1.912572504
   15.990000000    1.906144678    1.906133696    1.911703735
   16.000000000    1.905286009    1.905275032    1.910836126
   16.010000000    1.904428478    1.904417506    1.909969676
   16.020000000    1.903572083    1.903561116    1.909104381
   16.030000000    1.902716822    1.902705860    1.908240240
   16.040000000    1.901862694    1.901851737    1.907377251
   16.050000000    1.901009696    1.900998744    1.906515412
   16.060000000    1.900157827    1.900146879    1.905654722
   16.070000000    1.899307084    1.899296142    1.904795178
   16.080000000    1.898457467    1.898446529    1.903936778
   16.090000000    1.897608972    1.897598040    1.903079521
   16.100000000    1.896761599    1.896750671    1.902223404
   16.110000000    1.895915345    1.895904422    1.901368426
   16.120000000    1.895070208    1.895059291    1.900514586
   16.130000000    1.894226188    1.894215275    1.899661879
   16.140000000    1.893383281    1.893372373    1.898810307
   16.150000000    1.892541486    1.892530583    1.897959865
   16.160000000    1.891700801    1.891689904    1.897110552
   16.170000000    1.890861225    1.890850332    1.896262367
   16.180000000    1.890022755    1.890011868    1.895415308
   16.190000000    1.889185390    1.889174508    1.894569372
   16.200000000    1.888349128    1.888338251    1.893724558
   16.210000000    1.887513967    1.887503095    1.892880864
   16.220000000    1.886679906    1.886669038    1.892038288
   16.230000000    1.885846942    1.885836079    1.891196829
   16.240000000    1.885015074    1.885004216    1.890356484
   16.250000000    1.884184299    1.884173446    1.889517251
   16.260000000    1.883354617    1.883343769    1.888679130
   16.270000000    1.882526025    1.882515182    1.887842117
   16.280000000    1.881698522    1.881687684    1.887006211
   16.290000000    1.880872106    1.880861273    1.886171410
   16.300000000    1.880046774    1.880035946    1.885337713
   16.310000000    1.879222526    1.879211703    1.884505118
   16.320000000    1.878399359    1.878388541    1.883673622
   16.330000000    1.877577272    1.877566459    1.882843224
   16.340000000    1.876756263    1.876745455    1.882013922
   16.350000000    1.875936330    1.875925527    1.881185715
   16.360000000    1.875117472    1.875106673    1.880358600
   16.370000000    1.874299686    1.874288893    1.879532576
   16.380000000    1.873482971    1.873472183    1.878707641
   16.390000000    1.872667326    1.872656542    1.877883792
   16.400000000    1.871852747    1.871841969    1.877061030
   16.410000000    1.871039235    1.871028461    1.876239350
   16.420000000    1.870226786    1.870216017    1.875418753
   16.430000000    1.869415400    1.869404636    1.874599236
   16.440000000    1.868605074    1.868594315    1.873780796
   16.450000000    1.867795807    1.867785053    1.872963433
   16.460000000    1.866987597    1.866976848    1.872147145
   16.470000000    1.866180442    1.866169698    1.871331930
   16.480000000    1.865374341    1.865363602    1.870517786
   16.490000000    1.864569291    1.864558557    1.869704711
   16.500000000    1.863765292    1.863754563    1.868892704
   16.510000000    1.862962342    1.862951617    1.868081762
   16.520000000    1.862160438    1.862149718    1.867271885
   16.530000000    1.861359579    1.861348864    1.866463070
   16.540000000    1.860559763    1.860549054    1.865655316
   16.550000000    1.859760990    1.859750285    1.864848621
   16.560000000    1.858963256    1.858952556    1.864042982
   16.570000000    1.858166560    1.858155865    1.863238399
   16.580000000    1.857370901    1.857360211    1.862434870
   16.590000000    1.856576277    1.856565592    1.861632393
   16.600000000    1.855782686    1.855772006    1.860830966
   16.610000000    1.854990127    1.854979452    1.860030587
   16.620000000    1.854198598    1.854187928    1.859231255
   16.630000000    1.853408097    1.853397431    1.858432968
   16.640000000    1.852618622    1.852607962    1.857635725
   16.650000000    1.851830172    1.851819517    1.856839523
   16.660000000    1.851042746    1.851032095    1.856044361
   16.670000000    1.850256341    1.850245695    1.855250238
   16.680000000    1.849470956    1.849460315    1.854457151
   16.690000000    1.848686589    1.848675954    1.853665098
   16.700000000    1.847903239    1.847892608    1.852874079
   16.710000000    1.847120904    1.847110278    1.852084092
   16.720000000    1.846339582    1.846328961    1.851295134
   16.730000000    1.845559272    1.845548656    1.850507204
   16.740000000    1.844779972    1.844769361    1.849720300
   16.750000000    1.844001681    1.843991074    1.848934422
   16.760000000    1.843224396    1.843213794    1.848149566
   16.770000000    1.842448116    1.842437520    1.847365732
   16.780000000    1.841672840    1.841662249    1.846582917
   16.790000000    1.840898566    1.840887979    1.845801121
   16.800000000    1.840125292    1.840114710    1.845020341
   16.810000000    1.839353017    1.839342440    1.844240576
   16.820000000    1.838581739    1.838571167    1.843461824
   16.830000000    1.837811456    1.837800889    1.842684083
   16.840000000    1.837042168    1.837031605    1.841907352
   16.850000000    1.836273871    1.836263314    1.841131629
   16.860000000    1.835506565    1.835496013    1.840356913
   16.870000000    1.834740249    1.834729701    1.839583202
   16.880000000    1.833974919    1.833964377    1.838810494
   16.890000000    1.833210576    1.833200038    1.838038787
   16.900000000    1.832447217    1.832436684    1.837268081
   16.910000000    1.831684841    1.831674313    1.836498372
   16.920000000    1.830923445    1.830912922    1.835729661
   16.930000000    1.830163030    1.830152512    1.834961945
   16.940000000    1.829403592    1.829393079    1.834195222
   16.950000000    1.828645131    1.828634623    1.833429491
   16.960000000    1.827887645    1.827877141    1.832664750
   16.970000000    1.827131132    1.827120633    1.831900998
   16.980000000    1.826375590    1.826365096    1.831138233
   16.990000000    1.825621019    1.825610530    1.830376454
   17.000000000    1.824867416    1.824856932    1.829615658
   17.010000000    1.824114781    1.824104302    1.828855845
   17.020000000    1.823363111    1.823352636    1.828097012
   17.030000000    1.822612404    1.822601935    1.827339159
   17.040000000    1.821862661    1.821852196    1.826582283
   17.050000000    1.821113878    1.821103418    1.825826382
   17.060000000    1.820366054    1.820355599    1.825071457
   17.070000000    1.819619188    1.819608738    1.824317504
   17.080000000    1.818873279    1.818862834    1.823564522
   17.090000000    1.818128324    1.818117884    1.822812510
   17.100000000    1.817384322    1.817373887    1.822061465
   17.110000000    1.816641272    1.816630842    1.821311388
   17.120000000    1.815899172    1.815888747    1.820562275
   17.130000000    1.815158021    1.815147600    1.819814126
   17.140000000    1.814417817    1.814407401    1.819066938
   17.150000000    1.813678558    1.813668147    1.818320711
   17.160000000    1.812940243    1.812929837    1.817575442
   17.170000000    1.812202871    1.812192470    1.816831131
   17.180000000    1.811466440    1.811456044    1.816087775
   17.190000000    1.810730949    1.810720557    1.815345374
   17.200000000    1.809996396    1.809986009    1.814603924
   17.210000000    1.809262779    1.809252397    1.813863426
   17.220000000    1.808530097    1.808519720    1.813123878
   17.230000000    1.807798349    1.807787977    1.812385277
   17.240000000    1.807067533    1.807057165    1.811647623
   17.250000000    1.806337647    1.806327285    1.810910913
   17.260000000    1.805608691    1.805598333    1.810175147
   17.270000000    1.804880662    1.804870309    1.809440323
   17.280000000    1.804153559    1.804143211    1.808706439
   17.290000000    1.803427381    1.803417038    1.807973494
   17.300000000    1.802702126    1.802691788    1.807241486
   17.310000000    1.801977793    1.801967460    1.806510415
   17.320000000    1.801254381    1.801244052    1.805780277
   17.330000000    1.800531887    1.800521563    1.805051072
   17.340000000    1.799810310    1.799799991    1.804322799
   17.350000000    1.799089649    1.799079335    1.803595455
   17.360000000    1.798369903    1.798359593    1.802869040
   17.370000000    1.797651069    1.797640764    1.802143551
   17.380000000    1.796933147    1.796922847    1.801418988
   17.390000000    1.796216135    1.796205840    1.800695349
   17.400000000    1.795500032    1.795489742    1.799972632
   17.410000000    1.794784836    1.794774551    1.799250836
   17.420000000    1.794070546    1.794060265    1.798529960
   17.430000000    1.793357160    1.793346884    1.797810001
   17.440000000    1.792644676    1.792634405    1.797090959
   17.450000000    1.791933095    1.791922828    1.796372832
   17.460000000    1.791222413    1.791212152    1.795655618
   17.470000000    1.790512630    1.790502373    1.794939317
   17.480000000    1.789803744    1.789793492    1.794223926
   17.490000000    1.789095753    1.789085506    1.793509444
   17.500000000    1.788388657    1.788378415    1.792795871
   17.510000000    1.787682454    1.787672217    1.792083203
   17.520000000    1.786977142    1.786966910    1.791371440
   17.530000000    1.786272721    1.786262493    1.790660581
   17.540000000    1.785569188    1.785558965    1.789950623
   17.550000000    1.784866542    1.784856324    1.789241566
   17.560000000    1.784164783    1.784154569    1.788533408
   17.570000000    1.783463907    1.783453699    1.787826148
   17.580000000    1.782763915    1.782753711    1.787119784
   17.590000000    1.782064804    1.782054605    1.786414314
   17.600000000    1.781366574    1.781356380    1.785709738
   17.610000000    1.780669222    1.780659033    1.785006054
   17.620000000    1.779972748    1.779962564    1.784303261
   17.630000000    1.779277150    1.779266970    1.783601356
   17.640000000    1.778582427    1.778572252    1.782900339
   17.650000000    1.777888577    1.777878407    1.782200209
   17.660000000    1.777195599    1.777185434    1.781500963
   17.670000000    1.776503492    1.776493331    1.780802600
   17.680000000    1.775812254    1.775802098    1.780105120
   17.690000000    1.775121883    1.775111732    1.779408520
   17.700000000    1.774432379    1.774422233    1.778712800
   17.710000000    1.773743741    1.773733599    1.778017957
   17.720000000    1.773055966    1.773045829    1.777323991
   17.730000000    1.772369053    1.772358921    1.776630899
   17.740000000    1.771683001    1.771672874    1.775938682
   17.750000000    1.770997810    1.770987687    1.775247337
   17.760000000    1.770313476    1.770303358    1.774556862
   17.770000000    1.769629999    1.769619886    1.773867257
   17.780000000    1.768947378    1.768937270    1.773178520
   17.790000000    1.768265612    1.768255508    1.772490650
   17.800000000    1.767584698    1.767574599    1.771803645
   17.810000000    1.766904636    1.766894542    1.771117505
   17.820000000    1.766225424    1.766215335    1.770432226
   17.830000000    1.765547061    1.765536976    1.769747810
   17.840000000    1.764869545    1.764859466    1.769064253
   17.850000000    1.764192876    1.764182801    1.768381554
   17.860000000    1.763517052    1.763506982    1.767699713
   17.870000000    1.762842071    1.762832006    1.767018727
   17.880000000    1.762167933    1.762157872    1.766338596
   17.890000000    1.761494635    1.761484580    1.765659318
   17.900000000    1.760822178    1.760812127    1.764980892
   17.910000000    1.760150558    1.760140512    1.764303316
   17.920000000    1.759479776    1.759469734    1.763626590
   17.930000000    1.758809829    1.758799792    1.762950711
   17.940000000    1.758140717    1.758130685    1.762275678
   17.950000000    1.757472438    1.757462410    1.761601491
   17.960000000    1.756804990    1.756794968    1.760928147
   17.970000000    1.756138373    1.756128355    1.760255646
   17.980000000    1.755472585    1.755462572    1.759583985
   17.990000000    1.754807626    1.754797617    1.758913165
   18.000000000    1.754143492    1.754133489    1.758243183
   18.010000000    1.753480184    1.753470185    1.757574038
   18.020000000    1.752817700    1.752807706    1.756905728
   18.030000000    1.752156039    1.752146050    1.756238254
   18.040000000    1.751495199    1.751485215    1.755571612
   18.050000000    1.750835180    1.750825200    1.754905802
   18.060000000    1.750175979    1.750166004    1.754240823
   18.070000000    1.749517596    1.749507625    1.753576673
   18.080000000    1.748860029    1.748850063    1.752913350
   18.090000000    1.748203278    1.748193316    1.752250855
   18.100000000    1.747547340    1.747537383    1.751589185
   18.110000000    1.746892214    1.746882262    1.750928338
   18.120000000    1.746237900    1.746227953    1.750268315
   18.130000000    1.745584396    1.745574454    1.749609113
   18.140000000    1.744931700    1.744921763    1.748950731
   18.150000000    1.744279812    1.744269879    1.748293168
   18.160000000    1.743628731    1.743618802    1.747636422
   18.170000000    1.742978454    1.742968530    1.746980493
   18.180000000    1.742328981    1.742319062    1.746325378
   18.190000000    1.741680310    1.741670396    1.745671078
   18.200000000    1.741032441    1.741022531    1.745017590
   18.210000000    1.740385371    1.740375467    1.744364913
   18.220000000    1.739739101    1.739729200    1.743713046
   18.230000000    1.739093627    1.739083732    1.743061987
   18.240000000    1.738448950    1.738439060    1.742411736
   18.250000000    1.737805068    1.737795182    1.741762292
   18.260000000    1.737161980    1.737152099    1.741113651
   18.270000000    1.736519684    1.736509808    1.740465815
   18.280000000    1.735878180    1.735868308    1.739818781
   18.290000000    1.735237466    1.735227598    1.739172548
   18.300000000    1.734597540    1.734587678    1.738527115
   18.310000000    1.733958402    1.733948544    1.737882480
   18.320000000    1.733320051    1.733310198    1.737238643
   18.330000000    1.732682485    1.732672636    1.736595601
   18.340000000    1.732045703    1.732035859    1.735953355
   18.350000000    1.731409703    1.731399864    1.735311902
   18.360000000    1.730774485    1.730764651    1.734671242
   18.370000000    1.730140048    1.730130218    1.734031372
   18.380000000    1.729506389    1.729496564    1.733392293
   18.390000000    1.728873509    1.728863688    1.732754002
   18.400000000    1.728241405    1.728231589    1.732116499
   18.410000000    1.727610077    1.727600266    1.731479782
   18.420000000    1.726979523    1.726969717    1.730843849
   18.430000000    1.726349742    1.726339941    1.730208701
   18.440000000    1.725720734    1.725710936    1.729574335
   18.450000000    1.725092496    1.725082703    1.728940750
   18.460000000    1.724465027    1.724455239    1.728307946
   18.470000000    1.723838327    1.723828544    1.727675920
   18.480000000    1.723212394    1.723202616    1.727044672
   18.490000000    1.722587227    1.722577453    1.726414201
   18.500000000    1.721962825    1.721953056    1.725784505
   18.510000000    1.721339187    1.721329422    1.725155583
   18.520000000    1.720716311    1.720706551    1.724527433
   18.530000000    1.720094196    1.720084441    1.723900056
   18.540000000    1.719472842    1.719463091    1.723273449
   18.550000000    1.718852246    1.718842500    1.722647611
   18.560000000    1.718232408    1.718222667    1.722022541
   18.570000000    1.717613327    1.717603590    1.721398238
   18.580000000    1.716995001    1.716985269    1.720774701
   18.590000000    1.716377430    1.716367702    1.720151928
   18.600000000    1.715760612    1.715750889    1.719529919
   18.610000000    1.715144545    1.715134827    1.718908671
   18.620000000    1.714529230    1.714519516    1.718288185
   18.630000000    1.713914664    1.713904955    1.717668458
   18.640000000    1.713300847    1.713291142    1.717049490
   18.650000000    1.712687777    1.712678077    1.716431280
   18.660000000    1.712075453    1.712065758    1.715813825
   18.670000000    1.711463874    1.711454184    1.715197126
   18.680000000    1.710853040    1.710843354    1.714581181
   18.690000000    1.710242948    1.710233266    1.713965988
   18.700000000    1.709633597    1.709623921    1.713351547
   18.710000000    1.709024988    1.709015316    1.712737857
   18.720000000    1.708417117    1.708407450    1.712124915
   18.730000000    1.707809985    1.707800322    1.711512722
   18.740000000    1.707203590    1.707193932    1.710901276
   18.750000000    1.706597931    1.706588277    1.710290576
   18.760000000    1.705993007    1.705983358    1.709680620
   18.770000000    1.705388816    1.705379172    1.709071407
   18.780000000    1.704785358    1.704775719    1.708462938
   18.790000000    1.704182632    1.704172997    1.707855209
   18.800000000    1.703580636    1.703571005    1.707248220
   18.810000000    1.702979369    1.702969743    1.706641970
   18.820000000    1.702378831    1.702369209    1.706036459
   18.830000000    1.701779019    1.701769402    1.705431683
   18.840000000    1.701179933    1.701170321    1.704827644
   18.850000000    1.700581573    1.700571965    1.704224338
   18.860000000    1.699983935    1.699974332    1.703621766
   18.870000000    1.699387021    1.699377422    1.703019926
   18.880000000    1.698790828    1.698781234    1.702418817
   18.890000000    1.698195355    1.698185766    1.701818438
   18.900000000    1.697600602    1.697591017    1.701218788
   18.910000000    1.697006567    1.696996986    1.700619865
   18.920000000    1.696413249    1.696403673    1.700021669
   18.930000000    1.695820647    1.695811075    1.699424198
   18.940000000    1.695228759    1.695219193    1.698827452
   18.950000000    1.694637586    1.694628024    1.698231428
   18.960000000    1.694047126    1.694037568    1.697636127
   18.970000000    1.693457377    1.693447824    1.697041547
   18.980000000    1.692868338    1.692858790    1.696447687
   18.990000000    1.692280010    1.692270466    1.695854545
   19.000000000    1.691692389    1.691682850    1.695262121
   19.010000000    1.691105476    1.691095942    1.694670414
   19.020000000    1.690519269    1.690509739    1.694079422
   19.030000000    1.689933768    1.689924242    1.693489144
   19.040000000    1.689348970    1.689339449    1.692899580
   19.050000000    1.688764876    1.688755359    1.692310728
   19.060000000    1.688181483    1.688171972    1.691722587
   19.070000000    1.687598792    1.687589285    1.691135156
   19.080000000    1.687016800    1.687007298    1.690548434
   19.090000000    1.686435507    1.686426009    1.689962420
   19.100000000    1.685854912    1.685845419    1.689377112
   19.110000000    1.685275014    1.685265525    1.688792510
   19.120000000    1.684695811    1.684686326    1.688208613
   19.130000000    1.684117303    1.684107823    1.687625419
   19.140000000    1.683539488    1.683530012    1.687042928
   19.150000000    1.682962366    1.682952895    1.686461138
   19.160000000    1.682385935    1.682376468    1.685880049
   19.170000000    1.681810194    1.681800732    1.685299658
   19.180000000    1.681235143    1.681225686    1.684719966
   19.190000000    1.680660780    1.680651327    1.684140971
   19.200000000    1.680087104    1.680077656    1.683562672
   19.210000000    1.679514115    1.679504671    1.682985068
   19.220000000    1.678941811    1.678932371    1.682408158
   19.230000000    1.678370190    1.678360756    1.681831941
   19.240000000    1.677799253    1.677789823    1.681256415
   19.250000000    1.677228998    1.677219573    1.680681581
   19.260000000    1.676659424    1.676650003    1.680107436
   19.270000000    1.676090530    1.676081114    1.679533979
   19.280000000    1.675522315    1.675512903    1.678961211
   19.290000000    1.674954778    1.674945371    1.678389129
   19.300000000    1.674387918    1.674378515    1.677817732
   19.310000000    1.673821734    1.673812335    1.677247020
   19.320000000    1.673256224    1.673246830    1.676676991
   19.330000000    1.672691389    1.672681999    1.676107645
   19.340000000    1.672127226    1.672117841    1.675538980
   19.350000000    1.671563736    1.671554355    1.674970996
   19.360000000    1.671000916    1.670991540    1.674403691
   19.370000000    1.670438766    1.670429394    1.673837064
   19.380000000    1.669877284    1.669867917    1.673271114
   19.390000000    1.669316471    1.669307108    1.672705841
   19.400000000    1.668756324    1.668746966    1.672141243
   19.410000000    1.668196843    1.668187490    1.671577319
   19.420000000    1.667638027    1.667628678    1.671014068
   19.430000000    1.667079875    1.667070530    1.670451489
   19.440000000    1.666522386    1.666513045    1.669889581
   19.450000000    1.665965558    1.665956222    1.669328344
   19.460000000    1.665409391    1.665400060    1.668767776
   19.470000000    1.664853884    1.664844557    1.668207875
   19.480000000    1.664299036    1.664289714    1.667648642
   19.490000000    1.663744846    1.663735528    1.667090075
   19.500000000    1.663191312    1.663181999    1.666532173
   19.510000000    1.662638434    1.662629126    1.665974935
   19.520000000    1.662086212    1.662076907    1.665418360
   19.530000000    1.661534643    1.661525343    1.664862447
   19.540000000    1.660983727    1.660974432    1.664307195
   19.550000000    1.660433463    1.660424172    1.663752603
   19.560000000    1.659883850    1.659874564    1.663198670
   19.570000000    1.659334887    1.659325605    1.662645395
   19.580000000    1.658786573    1.658777296    1.662092778
   19.590000000    1.658238907    1.658229634    1.661540816
   19.600000000    1.657691889    1.657682620    1.660989510
   19.610000000    1.657145516    1.657136252    1.660438857
   19.620000000    1.656599788    1.656590529    1.659888858
   19.630000000    1.656054705    1.656045450    1.659339511
   19.640000000    1.655510265    1.655501014    1.658790815
   19.650000000    1.654966467    1.654957221    1.658242769
   19.660000000    1.654423311    1.654414069    1.657695373
   19.670000000    1.653880794    1.653871557    1.657148625
   19.680000000    1.653338918    1.653329684    1.656602523
   19.690000000    1.652797679    1.652788451    1.656057069
   19.700000000    1.652257078    1.652247854    1.655512259
   19.710000000    1.651717114    1.651707894    1.654968094
   19.720000000    1.651177785    1.651168570    1.654424572
   19.730000000    1.650639091    1.650629880    1.653881693
   19.740000000    1.650101031    1.650091824    1.653339455
   19.750000000    1.649563603    1.649554401    1.652797858
   19.760000000    1.649026807    1.649017609    1.652256900
   19.770000000    1.648490642    1.648481449    1.651716580
   19.780000000    1.647955107    1.647945918    1.651176899
   19.790000000    1.647420201    1.647411017    1.650637854
   19.800000000    1.646885923    1.646876743    1.650099444
   19.810000000    1.646352272    1.646343096    1.649561670
   19.820000000    1.645819247    1.645810076    1.649024529
   19.830000000    1.645286848    1.645277681    1.648488021
   19.840000000    1.644755073    1.644745910    1.647952145
   19.850000000    1.644223921    1.644214763    1.647416900
   19.860000000    1.643693392    1.643684238    1.646882284
   19.870000000    1.643163484    1.643154335    1.646348298
   19.880000000    1.642634197    1.642625052    1.645814940
   19.890000000    1.642105530    1.642096389    1.645282210
   19.900000000    1.641577481    1.641568345    1.644750105
   19.910000000    1.641050050    1.641040919    1.644218626
   19.920000000    1.640523236    1.640514109    1.643687771
   19.930000000    1.639997039    1.639987916    1.643157540
   19.940000000    1.639471456    1.639462338    1.642627931
   19.950000000    1.638946488    1.638937374    1.642098944
   19.960000000    1.638422133    1.638413023    1.641570577
   19.970000000    1.637898390    1.637889285    1.641042831
   19.980000000    1.637375259    1.637366158    1.640515703
   19.990000000    1.636852738    1.636843641    1.639989193
   20.000000000    1.636330827    1.636321735    1.639463300
   20.010000000    1.635809525    1.635800437    1.638938023
   20.020000000    1.635288831    1.635279747    1.638413361
   20.030000000    1.634768743    1.634759664    1.637889313
   20.040000000    1.634249262    1.634240187    1.637365879
   20.050000000    1.633730386    1.633721316    1.636843057
