# energy grid [eV]  eels components [arbitrary units]
#
    0.050000000    0.000029001    0.000029052    0.000028274
    0.060000000    0.000034807    0.000034869    0.000033935
    0.070000000    0.000040616    0.000040688    0.000039598
    0.080000000    0.000046430    0.000046512    0.000045265
    0.090000000    0.000052248    0.000052341    0.000050936
    0.100000000    0.000058071    0.000058174    0.000056611
    0.110000000    0.000063899    0.000064013    0.000062292
    0.120000000    0.000069734    0.000069858    0.000067978
    0.130000000    0.000075575    0.000075711    0.000073670
    0.140000000    0.000081424    0.000081570    0.000079369
    0.150000000    0.000087280    0.000087437    0.000085075
    0.160000000    0.000093145    0.000093313    0.000090789
    0.170000000    0.000099019    0.000099199    0.000096511
    0.180000000    0.000104903    0.000105094    0.000102241
    0.190000000    0.000110797    0.000110999    0.000107981
    0.200000000    0.000116702    0.000116915    0.000113731
    0.210000000    0.000122618    0.000122843    0.000119491
    0.220000000    0.000128546    0.000128783    0.000125262
    0.230000000    0.000134487    0.000134736    0.000131044
    0.240000000    0.000140442    0.000140703    0.000136839
    0.250000000    0.000146410    0.000146683    0.000142646
    0.260000000    0.000152393    0.000152679    0.000148467
    0.270000000    0.000158391    0.000158689    0.000154301
    0.280000000    0.000164406    0.000164716    0.000160150
    0.290000000    0.000170437    0.000170760    0.000166013
    0.300000000    0.000176485    0.000176822    0.000171893
    0.310000000    0.000182551    0.000182901    0.000177788
    0.320000000    0.000188636    0.000189000    0.000183701
    0.330000000    0.000194740    0.000195118    0.000189631
    0.340000000    0.000200864    0.000201256    0.000195579
    0.350000000    0.000207010    0.000207416    0.000201546
    0.360000000    0.000213177    0.000213598    0.000207532
    0.370000000    0.000219366    0.000219802    0.000213539
    0.380000000    0.000225578    0.000226030    0.000219567
    0.390000000    0.000231815    0.000232282    0.000225616
    0.400000000    0.000238076    0.000238559    0.000231688
    0.410000000    0.000244363    0.000244862    0.000237782
    0.420000000    0.000250676    0.000251192    0.000243901
    0.430000000    0.000257017    0.000257550    0.000250044
    0.440000000    0.000263385    0.000263936    0.000256212
    0.450000000    0.000269783    0.000270351    0.000262407
    0.460000000    0.000276211    0.000276798    0.000268628
    0.470000000    0.000282669    0.000283275    0.000274877
    0.480000000    0.000289160    0.000289785    0.000281155
    0.490000000    0.000295683    0.000296328    0.000287462
    0.500000000    0.000302240    0.000302905    0.000293800
    0.510000000    0.000308832    0.000309518    0.000300169
    0.520000000    0.000315460    0.000316167    0.000306570
    0.530000000    0.000322125    0.000322853    0.000313004
    0.540000000    0.000328828    0.000329579    0.000319473
    0.550000000    0.000335570    0.000336344    0.000325976
    0.560000000    0.000342352    0.000343150    0.000332516
    0.570000000    0.000349176    0.000349998    0.000339093
    0.580000000    0.000356042    0.000356890    0.000345708
    0.590000000    0.000362953    0.000363826    0.000352362
    0.600000000    0.000369909    0.000370809    0.000359057
    0.610000000    0.000376911    0.000377838    0.000365793
    0.620000000    0.000383961    0.000384917    0.000372572
    0.630000000    0.000391061    0.000392046    0.000379395
    0.640000000    0.000398211    0.000399226    0.000386264
    0.650000000    0.000405413    0.000406460    0.000393179
    0.660000000    0.000412669    0.000413748    0.000400141
    0.670000000    0.000419981    0.000421093    0.000407153
    0.680000000    0.000427349    0.000428495    0.000414216
    0.690000000    0.000434776    0.000435957    0.000421330
    0.700000000    0.000442263    0.000443481    0.000428498
    0.710000000    0.000449812    0.000451068    0.000435722
    0.720000000    0.000457425    0.000458720    0.000443001
    0.730000000    0.000465103    0.000466440    0.000450340
    0.740000000    0.000472849    0.000474228    0.000457738
    0.750000000    0.000480665    0.000482087    0.000465197
    0.760000000    0.000488553    0.000490020    0.000472721
    0.770000000    0.000496514    0.000498029    0.000480309
    0.780000000    0.000504552    0.000506115    0.000487965
    0.790000000    0.000512667    0.000514281    0.000495690
    0.800000000    0.000520864    0.000522530    0.000503486
    0.810000000    0.000529144    0.000530865    0.000511356
    0.820000000    0.000537509    0.000539287    0.000519301
    0.830000000    0.000545963    0.000547800    0.000527324
    0.840000000    0.000554508    0.000556406    0.000535427
    0.850000000    0.000563147    0.000565109    0.000543612
    0.860000000    0.000571882    0.000573912    0.000551883
    0.870000000    0.000580718    0.000582817    0.000560242
    0.880000000    0.000589657    0.000591828    0.000568691
    0.890000000    0.000598703    0.000600949    0.000577233
    0.900000000    0.000607858    0.000610183    0.000585871
    0.910000000    0.000617127    0.000619534    0.000594609
    0.920000000    0.000626513    0.000629006    0.000603449
    0.930000000    0.000636020    0.000638603    0.000612394
    0.940000000    0.000645652    0.000648329    0.000621449
    0.950000000    0.000655414    0.000658189    0.000630616
    0.960000000    0.000665310    0.000668188    0.000639900
    0.970000000    0.000675344    0.000678329    0.000649304
    0.980000000    0.000685521    0.000688619    0.000658832
    0.990000000    0.000695846    0.000699063    0.000668489
    1.000000000    0.000706325    0.000709665    0.000678278
    1.010000000    0.000716963    0.000720433    0.000688205
    1.020000000    0.000727766    0.000731373    0.000698275
    1.030000000    0.000738739    0.000742489    0.000708491
    1.040000000    0.000749889    0.000753791    0.000718860
    1.050000000    0.000761224    0.000765283    0.000729387
    1.060000000    0.000772748    0.000776975    0.000740078
    1.070000000    0.000784471    0.000788874    0.000750939
    1.080000000    0.000796399    0.000800988    0.000761976
    1.090000000    0.000808541    0.000813325    0.000773195
    1.100000000    0.000820905    0.000825896    0.000784605
    1.110000000    0.000833500    0.000838709    0.000796212
    1.120000000    0.000846336    0.000851775    0.000808023
    1.130000000    0.000859421    0.000865105    0.000820048
    1.140000000    0.000872768    0.000878710    0.000832294
    1.150000000    0.000886387    0.000892602    0.000844770
    1.160000000    0.000900290    0.000906794    0.000857487
    1.170000000    0.000914488    0.000921301    0.000870454
    1.180000000    0.000928996    0.000936135    0.000883681
    1.190000000    0.000943827    0.000951313    0.000897181
    1.200000000    0.000958996    0.000966851    0.000910964
    1.210000000    0.000974518    0.000982766    0.000925044
    1.220000000    0.000990411    0.000999077    0.000939434
    1.230000000    0.001006691    0.001015804    0.000954148
    1.240000000    0.001023378    0.001032968    0.000969201
    1.250000000    0.001040493    0.001050592    0.000984609
    1.260000000    0.001058055    0.001068699    0.001000389
    1.270000000    0.001076089    0.001087316    0.001016560
    1.280000000    0.001094619    0.001106471    0.001033141
    1.290000000    0.001113672    0.001126195    0.001050152
    1.300000000    0.001133275    0.001146518    0.001067616
    1.310000000    0.001153459    0.001167477    0.001085556
    1.320000000    0.001174257    0.001189109    0.001103998
    1.330000000    0.001195703    0.001211455    0.001122969
    1.340000000    0.001217836    0.001234558    0.001142499
    1.350000000    0.001240697    0.001258468    0.001162619
    1.360000000    0.001264329    0.001283236    0.001183364
    1.370000000    0.001288782    0.001308919    0.001204769
    1.380000000    0.001314107    0.001335580    0.001226875
    1.390000000    0.001340361    0.001363285    0.001249726
    1.400000000    0.001367605    0.001392109    0.001273366
    1.410000000    0.001395907    0.001422134    0.001297849
    1.420000000    0.001425341    0.001453450    0.001323228
    1.430000000    0.001455988    0.001486155    0.001349564
    1.440000000    0.001487936    0.001520359    0.001376923
    1.450000000    0.001521283    0.001556183    0.001405377
    1.460000000    0.001556138    0.001593762    0.001435006
    1.470000000    0.001592618    0.001633246    0.001465897
    1.480000000    0.001630856    0.001674802    0.001498145
    1.490000000    0.001671001    0.001718620    0.001531858
    1.500000000    0.001713214    0.001764909    0.001567152
    1.510000000    0.001757681    0.001813910    0.001604160
    1.520000000    0.001804607    0.001865890    0.001643026
    1.530000000    0.001854223    0.001921158    0.001683915
    1.540000000    0.001906793    0.001980063    0.001727008
    1.550000000    0.001962612    0.002043006    0.001772512
    1.560000000    0.002022020    0.002110446    0.001820659
    1.570000000    0.002085402    0.002182917    0.001871713
    1.580000000    0.002153203    0.002261034    0.001925973
    1.590000000    0.002225935    0.002345520    0.001983782
    1.600000000    0.002304193    0.002437218    0.002045533
    1.610000000    0.002388668    0.002537124    0.002111680
    1.620000000    0.002480171    0.002646420    0.002182747
    1.630000000    0.002579659    0.002766515    0.002259346
    1.640000000    0.002688267    0.002899106    0.002342195
    1.650000000    0.002807350    0.003046244    0.002432138
    1.660000000    0.002938538    0.003210428    0.002530178
    1.670000000    0.003083809    0.003394731    0.002637511
    1.680000000    0.003245576    0.003602963    0.002755577
    1.690000000    0.003426816    0.003839880    0.002886122
    1.700000000    0.003631229    0.004111483    0.003031278
    1.710000000    0.003863458    0.004425412    0.003193674
    1.720000000    0.004129386    0.004791478    0.003376583
    1.730000000    0.004436535    0.005222402    0.003584109
    1.740000000    0.004794608    0.005734812    0.003821461
    1.750000000    0.005216216    0.006350589    0.004095302
    1.760000000    0.005717826    0.007098620    0.004414242
    1.770000000    0.006320920    0.008016935    0.004789492
    1.780000000    0.007053223    0.009154886    0.005235725
    1.790000000    0.007949424    0.010574173    0.005772163
    1.800000000    0.009049934    0.012345454    0.006423763
    1.810000000    0.010394401    0.014532999    0.007222082
    1.820000000    0.012004734    0.017153470    0.008204536
    1.830000000    0.013854447    0.020094205    0.009408922
    1.840000000    0.015836823    0.023009834    0.010856808
    1.850000000    0.017766902    0.025311920    0.012516744
    1.860000000    0.019425474    0.026409050    0.014247422
    1.870000000    0.020587782    0.026082212    0.015764728
    1.880000000    0.021061744    0.024593652    0.016735877
    1.890000000    0.020839736    0.022471542    0.017020769
    1.900000000    0.020207970    0.020255959    0.016819190
    1.910000000    0.019603047    0.018338666    0.016524452
    1.920000000    0.019389456    0.016920218    0.016483800
    1.930000000    0.019781301    0.016058781    0.016901792
    1.940000000    0.020872924    0.015734602    0.017858277
    1.950000000    0.022662071    0.015879290    0.019329798
    1.960000000    0.025008966    0.016364577    0.021174910
    1.970000000    0.027542122    0.016980251    0.023132969
    1.980000000    0.029613206    0.017464416    0.024936113
    1.990000000    0.030492081    0.017625992    0.026508236
    2.000000000    0.029827267    0.017460378    0.027985495
    2.010000000    0.027922873    0.017099470    0.029431154
    2.020000000    0.025453083    0.016659629    0.030539722
    2.030000000    0.023004638    0.016196630    0.030702003
    2.040000000    0.020915587    0.015779837    0.029493838
    2.050000000    0.019338094    0.015529365    0.027109387
    2.060000000    0.018321758    0.015572446    0.024201081
    2.070000000    0.017868008    0.016003100    0.021393914
    2.080000000    0.017964666    0.016880188    0.019034921
    2.090000000    0.018600985    0.018232738    0.017230561
    2.100000000    0.019760160    0.020040882    0.015962069
    2.110000000    0.021388761    0.022183193    0.015164096
    2.120000000    0.023352539    0.024382601    0.014755264
    2.130000000    0.025408165    0.026247127    0.014641472
    2.140000000    0.027232947    0.027475366    0.014721430
    2.150000000    0.028555135    0.028085026    0.014921004
    2.160000000    0.029368127    0.028430328    0.015240087
    2.170000000    0.030018252    0.029005380    0.015753620
    2.180000000    0.031001308    0.030216282    0.016561695
    2.190000000    0.032672204    0.032246412    0.017745661
    2.200000000    0.035086442    0.034987238    0.019356863
    2.210000000    0.037964887    0.037990712    0.021430997
    2.220000000    0.040767795    0.040550720    0.024020029
    2.230000000    0.042880777    0.042051771    0.027203709
    2.240000000    0.043791819    0.042368747    0.031011636
    2.250000000    0.043236242    0.041892272    0.035247138
    2.260000000    0.041367417    0.041193541    0.039320654
    2.270000000    0.038703926    0.040666395    0.042306861
    2.280000000    0.035797278    0.040377058    0.043381565
    2.290000000    0.032993125    0.040156062    0.042380332
    2.300000000    0.030421887    0.039748305    0.039942793
    2.310000000    0.028066878    0.038832789    0.037096722
    2.320000000    0.025870011    0.037096531    0.034706320
    2.330000000    0.023853837    0.034527853    0.033215415
    2.340000000    0.022128340    0.031538645    0.032658853
    2.350000000    0.020795097    0.028680354    0.032719238
    2.360000000    0.019892137    0.026338055    0.032789264
    2.370000000    0.019418311    0.024677750    0.032203505
    2.380000000    0.019377383    0.023737208    0.030661245
    2.390000000    0.019791481    0.023507917    0.028429794
    2.400000000    0.020683215    0.023964238    0.026062164
    2.410000000    0.022042235    0.025046605    0.024012007
    2.420000000    0.023778227    0.026607378    0.022507429
    2.430000000    0.025680634    0.028352103    0.021617222
    2.440000000    0.027466398    0.029880413    0.021344165
    2.450000000    0.028977462    0.030921029    0.021682394
    2.460000000    0.030363503    0.031584501    0.022639271
    2.470000000    0.031989673    0.032294361    0.024231003
    2.480000000    0.034143527    0.033457370    0.026454533
    2.490000000    0.036800665    0.035217424    0.029241703
    2.500000000    0.039554959    0.037417465    0.032434217
    2.510000000    0.041781750    0.039721267    0.035849761
    2.520000000    0.043037597    0.041789932    0.039412476
    2.530000000    0.043357116    0.043358045    0.043136959
    2.540000000    0.043111080    0.044194555    0.046874035
    2.550000000    0.042631510    0.044068496    0.050068329
    2.560000000    0.041998137    0.042838977    0.051880871
    2.570000000    0.041125686    0.040654229    0.051783895
    2.580000000    0.040025947    0.037993129    0.050043272
    2.590000000    0.038938150    0.035438688    0.047392673
    2.600000000    0.038177009    0.033414261    0.044345857
    2.610000000    0.037942424    0.032093297    0.041033632
    2.620000000    0.038258688    0.031442510    0.037545142
    2.630000000    0.038942955    0.031278512    0.034134015
    2.640000000    0.039635643    0.031357322    0.031091569
    2.650000000    0.040046135    0.031539357    0.028608653
    2.660000000    0.040234913    0.031876512    0.026765819
    2.670000000    0.040525781    0.032469652    0.025557134
    2.680000000    0.041104072    0.033252796    0.024911183
    2.690000000    0.041743454    0.033959220    0.024726837
    2.700000000    0.041915550    0.034325183    0.024910066
    2.710000000    0.041239275    0.034346718    0.025388129
    2.720000000    0.039870675    0.034321991    0.026132497
    2.730000000    0.038379068    0.034643168    0.027208906
    2.740000000    0.037294834    0.035551444    0.028774338
    2.750000000    0.036830836    0.037007383    0.030982583
    2.760000000    0.036915555    0.038713813    0.033870918
    2.770000000    0.037407193    0.040316718    0.037286207
    2.780000000    0.038280211    0.041675630    0.040870096
    2.790000000    0.039593807    0.042911977    0.044094600
    2.800000000    0.041274682    0.044136823    0.046339315
    2.810000000    0.042939871    0.045159867    0.047152893
    2.820000000    0.043962590    0.045538004    0.046674225
    2.830000000    0.043823006    0.044976951    0.045667694
    2.840000000    0.042513507    0.043687636    0.045014995
    2.850000000    0.040579624    0.042283605    0.045224284
    2.860000000    0.038714960    0.041343153    0.046247202
    2.870000000    0.037336918    0.041088655    0.047503342
    2.880000000    0.036465696    0.041361916    0.048116270
    2.890000000    0.035870626    0.041828360    0.047383645
    2.900000000    0.035338193    0.042281461    0.045193352
    2.910000000    0.034863419    0.042800258    0.042055081
    2.920000000    0.034587874    0.043573379    0.038762162
    2.930000000    0.034601428    0.044584880    0.035986698
    2.940000000    0.034888789    0.045534282    0.034107824
    2.950000000    0.035450855    0.046085249    0.033269544
    2.960000000    0.036384484    0.046176844    0.033489653
    2.970000000    0.037794441    0.046061479    0.034712103
    2.980000000    0.039641811    0.046031819    0.036789479
    2.990000000    0.041719990    0.046174406    0.039424770
    3.000000000    0.043828579    0.046416853    0.042133956
    3.010000000    0.045941571    0.046669672    0.044337990
    3.020000000    0.048106289    0.046798843    0.045658460
    3.030000000    0.050181621    0.046580745    0.046219849
    3.040000000    0.051779247    0.045841726    0.046571349
    3.050000000    0.052522905    0.044631760    0.047247783
    3.060000000    0.052318090    0.043203690    0.048405695
    3.070000000    0.051358167    0.041853092    0.049728992
    3.080000000    0.049988846    0.040814496    0.050551561
    3.090000000    0.048541050    0.040222618    0.050218321
    3.100000000    0.047181726    0.040079320    0.048571703
    3.110000000    0.045968495    0.040295352    0.046124586
    3.120000000    0.045031812    0.040817633    0.043674975
    3.130000000    0.044548043    0.041646232    0.041777923
    3.140000000    0.044486373    0.042634975    0.040546239
    3.150000000    0.044463981    0.043329708    0.039805479
    3.160000000    0.043968055    0.043178042    0.039414528
    3.170000000    0.042821539    0.042023585    0.039469280
    3.180000000    0.041373292    0.040309764    0.040190874
    3.190000000    0.040178132    0.038732926    0.041642716
    3.200000000    0.039594527    0.037813611    0.043518001
    3.210000000    0.039664608    0.037765080    0.045120898
    3.220000000    0.040224213    0.038559500    0.045664033
    3.230000000    0.041056906    0.039986894    0.044814762
    3.240000000    0.041950908    0.041651262    0.042937418
    3.250000000    0.042713396    0.043048291    0.040678620
    3.260000000    0.043295845    0.043853880    0.038431019
    3.270000000    0.043866514    0.044154524    0.036258928
    3.280000000    0.044590097    0.044258552    0.034183743
    3.290000000    0.045338615    0.044313441    0.032378091
    3.300000000    0.045714229    0.044198187    0.031089895
    3.310000000    0.045410696    0.043736407    0.030505461
    3.320000000    0.044530159    0.042937800    0.030708203
    3.330000000    0.043477210    0.042033399    0.031690096
    3.340000000    0.042575780    0.041297739    0.033356688
    3.350000000    0.041866750    0.040882212    0.035538962
    3.360000000    0.041256775    0.040853075    0.038056444
    3.370000000    0.040753645    0.041288828    0.040797432
    3.380000000    0.040466197    0.042217176    0.043695205
    3.390000000    0.040447029    0.043487765    0.046608020
    3.400000000    0.040667501    0.044799100    0.049272701
    3.410000000    0.041113526    0.045847939    0.051392334
    3.420000000    0.041787893    0.046405505    0.052778647
    3.430000000    0.042619998    0.046341968    0.053437199
    3.440000000    0.043429895    0.045712501    0.053511047
    3.450000000    0.044022895    0.044788152    0.053092214
    3.460000000    0.044395982    0.043963926    0.052068670
    3.470000000    0.044817966    0.043600879    0.050290097
    3.480000000    0.045594603    0.043842737    0.047914436
    3.490000000    0.046772318    0.044534789    0.045436068
    3.500000000    0.048108469    0.045364336    0.043413326
    3.510000000    0.049294187    0.046120415    0.042269388
    3.520000000    0.050173027    0.046790209    0.042240961
    3.530000000    0.050786227    0.047431766    0.043380863
    3.540000000    0.051280498    0.048044457    0.045553781
    3.550000000    0.051752701    0.048541932    0.048403171
    3.560000000    0.052119221    0.048819347    0.051349513
    3.570000000    0.052144054    0.048885519    0.053761449
    3.580000000    0.051677516    0.048924743    0.055287415
    3.590000000    0.050861013    0.049190308    0.055958291
    3.600000000    0.049977692    0.049817828    0.055853345
    3.610000000    0.049138045    0.050732177    0.054814506
    3.620000000    0.048199937    0.051659598    0.052645745
    3.630000000    0.046966612    0.052191192    0.049549925
    3.640000000    0.045425751    0.051960857    0.046201134
    3.650000000    0.043808457    0.050915353    0.043360448
    3.660000000    0.042444662    0.049415720    0.041539547
    3.670000000    0.041545781    0.047980313    0.040957992
    3.680000000    0.041108692    0.046943060    0.041630101
    3.690000000    0.041003602    0.046367215    0.043408489
    3.700000000    0.041081217    0.046131078    0.045946663
    3.710000000    0.041189573    0.046028317    0.048666674
    3.720000000    0.041198098    0.045923544    0.050877961
    3.730000000    0.041044522    0.045865801    0.052028557
    3.740000000    0.040752340    0.046008966    0.051857935
    3.750000000    0.040448859    0.046478526    0.050414408
    3.760000000    0.040329519    0.047308352    0.048091938
    3.770000000    0.040534708    0.048389471    0.045538471
    3.780000000    0.041071600    0.049465966    0.043329228
    3.790000000    0.041868688    0.050249438    0.041731755
    3.800000000    0.042879669    0.050569985    0.040770614
    3.810000000    0.044128182    0.050458421    0.040434898
    3.820000000    0.045649695    0.050089907    0.040785311
    3.830000000    0.047378502    0.049606928    0.041877181
    3.840000000    0.049117457    0.049017480    0.043619445
    3.850000000    0.050630562    0.048243607    0.045717171
    3.860000000    0.051765106    0.047216369    0.047756214
    3.870000000    0.052511582    0.045950530    0.049367956
    3.880000000    0.052971498    0.044568159    0.050367564
    3.890000000    0.053282939    0.043264776    0.050809457
    3.900000000    0.053558230    0.042233391    0.050852314
    3.910000000    0.053858475    0.041584261    0.050506836
    3.920000000    0.054142622    0.041269808    0.049580135
    3.930000000    0.054176905    0.041047114    0.047904632
    3.940000000    0.053606723    0.040587498    0.045637133
    3.950000000    0.052223497    0.039692996    0.043279737
    3.960000000    0.050122580    0.038389365    0.041371447
    3.970000000    0.047624255    0.036848155    0.040201502
    3.980000000    0.045108930    0.035294908    0.039741480
    3.990000000    0.042852357    0.033938876    0.039755907
    4.000000000    0.040948948    0.032924594    0.040026761
    4.010000000    0.039381844    0.032339231    0.040519839
    4.020000000    0.038161753    0.032249020    0.041299939
    4.030000000    0.037406372    0.032730349    0.042325298
    4.040000000    0.037286143    0.033873677    0.043398411
    4.050000000    0.037897377    0.035739589    0.044294734
    4.060000000    0.039161593    0.038274864    0.044911175
    4.070000000    0.040807891    0.041241484    0.045326992
    4.080000000    0.042491527    0.044250816    0.045728615
    4.090000000    0.044011995    0.046953091    0.046266559
    4.100000000    0.045416091    0.049238593    0.047004917
    4.110000000    0.046862451    0.051237905    0.047975819
    4.120000000    0.048429330    0.053147642    0.049204549
    4.130000000    0.050043958    0.055048149    0.050654858
    4.140000000    0.051523578    0.056838269    0.052173410
    4.150000000    0.052667464    0.058342484    0.053482101
    4.160000000    0.053315182    0.059474601    0.054220686
    4.170000000    0.053325974    0.060249687    0.054060669
    4.180000000    0.052565781    0.060625444    0.052893542
    4.190000000    0.050989071    0.060392139    0.050942921
    4.200000000    0.048768182    0.059293303    0.048637338
    4.210000000    0.046301747    0.057272804    0.046432829
    4.220000000    0.044045248    0.054612262    0.044764133
    4.230000000    0.042312223    0.051830902    0.043986451
    4.240000000    0.041187016    0.049407482    0.044257457
    4.250000000    0.040589013    0.047585295    0.045453743
    4.260000000    0.040402545    0.046383922    0.047164605
    4.270000000    0.040528852    0.045673534    0.048800360
    4.280000000    0.040853282    0.045230940    0.049816113
    4.290000000    0.041252211    0.044844084    0.049931703
    4.300000000    0.041688445    0.044458085    0.049231829
    4.310000000    0.042272084    0.044209059    0.048091933
    4.320000000    0.043175935    0.044287545    0.046992148
    4.330000000    0.044473567    0.044793378    0.046363606
    4.340000000    0.046034214    0.045679490    0.046449616
    4.350000000    0.047573206    0.046740831    0.047178232
    4.360000000    0.048855135    0.047667454    0.048186770
    4.370000000    0.049860441    0.048198374    0.049061827
    4.380000000    0.050712799    0.048252586    0.049591021
    4.390000000    0.051450357    0.047868931    0.049758549
    4.400000000    0.051930049    0.047073676    0.049618582
    4.410000000    0.051944302    0.045878051    0.049297287
    4.420000000    0.051364570    0.044353254    0.049026645
    4.430000000    0.050208213    0.042675509    0.049071009
    4.440000000    0.048669091    0.041105274    0.049562213
    4.450000000    0.047079898    0.039894704    0.050366747
    4.460000000    0.045769589    0.039185898    0.051152081
    4.470000000    0.044916651    0.038986069    0.051649533
    4.480000000    0.044504523    0.039225017    0.051836986
    4.490000000    0.044410311    0.039831946    0.051807276
    4.500000000    0.044563359    0.040773870    0.051542762
    4.510000000    0.045001472    0.042036128    0.050918654
    4.520000000    0.045747135    0.043557242    0.049834439
    4.530000000    0.046649125    0.045156631    0.048212760
    4.540000000    0.047359445    0.046508974    0.045987081
    4.550000000    0.047478517    0.047223916    0.043272279
    4.560000000    0.046771351    0.047046644    0.040455396
    4.570000000    0.045301156    0.046053693    0.038012246
    4.580000000    0.043399938    0.044658193    0.036298347
    4.590000000    0.041529032    0.043406367    0.035488297
    4.600000000    0.040109314    0.042726767    0.035592738
    4.610000000    0.039375829    0.042774514    0.036467381
    4.620000000    0.039326739    0.043413219    0.037809913
    4.630000000    0.039771444    0.044300314    0.039200898
    4.640000000    0.040413067    0.045023891    0.040227478
    4.650000000    0.040928268    0.045243210    0.040653999
    4.660000000    0.041079583    0.044789844    0.040538527
    4.670000000    0.040857074    0.043725717    0.040151686
    4.680000000    0.040483911    0.042323063    0.039744780
    4.690000000    0.040213911    0.040923012    0.039432815
    4.700000000    0.040150409    0.039779533    0.039256672
    4.710000000    0.040277208    0.039027369    0.039276726
    4.720000000    0.040600871    0.038730063    0.039604029
    4.730000000    0.041196011    0.038897101    0.040334279
    4.740000000    0.042119581    0.039468729    0.041455671
    4.750000000    0.043353936    0.040335896    0.042873922
    4.760000000    0.044856664    0.041412316    0.044515958
    4.770000000    0.046581185    0.042656154    0.046332362
    4.780000000    0.048374468    0.043961959    0.048179748
    4.790000000    0.049893532    0.045062415    0.049750716
    4.800000000    0.050711706    0.045638020    0.050688193
    4.810000000    0.050573964    0.045571558    0.050811010
    4.820000000    0.049601104    0.045074007    0.050228077
    4.830000000    0.048269320    0.044563436    0.049266505
    4.840000000    0.047136334    0.044415823    0.048334179
    4.850000000    0.046527823    0.044774582    0.047798981
    4.860000000    0.046424862    0.045515982    0.047893745
    4.870000000    0.046532122    0.046320552    0.048671443
    4.880000000    0.046416686    0.046785887    0.049976581
    4.890000000    0.045721962    0.046600911    0.051388320
    4.900000000    0.044402936    0.045747984    0.052255112
    4.910000000    0.042765004    0.044548190    0.051973556
    4.920000000    0.041242574    0.043453892    0.050411396
    4.930000000    0.040144454    0.042778217    0.048079491
    4.940000000    0.039574174    0.042604697    0.045804176
    4.950000000    0.039514816    0.042899020    0.044237296
    4.960000000    0.039912200    0.043627203    0.043628180
    4.970000000    0.040651147    0.044717574    0.043854661
    4.980000000    0.041536507    0.045983556    0.044558025
    4.990000000    0.042393825    0.047206735    0.045304096
    5.000000000    0.043165795    0.048296784    0.045706685
    5.010000000    0.043859840    0.049292001    0.045492354
    5.020000000    0.044460757    0.050221406    0.044554139
    5.030000000    0.044950636    0.051028809    0.042993256
    5.040000000    0.045369959    0.051618842    0.041111298
    5.050000000    0.045809152    0.051943633    0.039327262
    5.060000000    0.046339358    0.052028244    0.038019720
    5.070000000    0.046951008    0.051914169    0.037400456
    5.080000000    0.047538706    0.051617391    0.037505226
    5.090000000    0.047945898    0.051168506    0.038238176
    5.100000000    0.048066447    0.050661731    0.039394180
    5.110000000    0.047939413    0.050224564    0.040691345
    5.120000000    0.047736402    0.049932792    0.041872771
    5.130000000    0.047653230    0.049758699    0.042844750
    5.140000000    0.047816776    0.049590635    0.043714022
    5.150000000    0.048255909    0.049310116    0.044633998
    5.160000000    0.048904243    0.048863497    0.045584415
    5.170000000    0.049608984    0.048251088    0.046300956
    5.180000000    0.050188818    0.047481763    0.046432662
    5.190000000    0.050562522    0.046586702    0.045812356
    5.200000000    0.050812871    0.045656511    0.044587972
    5.210000000    0.051075991    0.044826215    0.043094157
    5.220000000    0.051420467    0.044233741    0.041642458
    5.230000000    0.051864824    0.043991972    0.040396857
    5.240000000    0.052410526    0.044154855    0.039335593
    5.250000000    0.052996898    0.044685873    0.038317287
    5.260000000    0.053474296    0.045465837    0.037250207
    5.270000000    0.053684259    0.046347341    0.036202043
    5.280000000    0.053580941    0.047218196    0.035306550
    5.290000000    0.053244938    0.048011545    0.034597736
    5.300000000    0.052791146    0.048673384    0.033993874
    5.310000000    0.052317705    0.049165267    0.033414908
    5.320000000    0.051930098    0.049506187    0.032849702
    5.330000000    0.051741851    0.049792075    0.032330083
    5.340000000    0.051821137    0.050152646    0.031898214
    5.350000000    0.052151928    0.050662857    0.031581991
    5.360000000    0.052632325    0.051283665    0.031379350
    5.370000000    0.053091978    0.051880756    0.031282024
    5.380000000    0.053367894    0.052324372    0.031311903
    5.390000000    0.053418101    0.052609075    0.031519249
    5.400000000    0.053357306    0.052877043    0.031955472
    5.410000000    0.053373062    0.053308972    0.032664169
    5.420000000    0.053615249    0.054009895    0.033682920
    5.430000000    0.054161356    0.055011579    0.035020105
    5.440000000    0.055036651    0.056320304    0.036615500
    5.450000000    0.056212618    0.057890816    0.038336337
    5.460000000    0.057590233    0.059574055    0.040034061
    5.470000000    0.059003465    0.061136368    0.041615976
    5.480000000    0.060257413    0.062352824    0.043063242
    5.490000000    0.061216427    0.063119271    0.044403846
    5.500000000    0.061899825    0.063507258    0.045685320
    5.510000000    0.062483051    0.063718216    0.046942788
    5.520000000    0.063176334    0.063983002    0.048168359
    5.530000000    0.064090624    0.064496516    0.049322749
    5.540000000    0.065176685    0.065382159    0.050379248
    5.550000000    0.066250061    0.066646901    0.051337645
    5.560000000    0.067098940    0.068174289    0.052197170
    5.570000000    0.067618304    0.069794998    0.052942613
    5.580000000    0.067864178    0.071366505    0.053553428
    5.590000000    0.067999310    0.072777250    0.054012561
    5.600000000    0.068200968    0.073923947    0.054325823
    5.610000000    0.068566542    0.074727584    0.054529227
    5.620000000    0.069079044    0.075169541    0.054659660
    5.630000000    0.069687370    0.075331915    0.054741739
    5.640000000    0.070398081    0.075409336    0.054832099
    5.650000000    0.071290228    0.075662134    0.055048795
    5.660000000    0.072484651    0.076328131    0.055531376
    5.670000000    0.074098825    0.077531266    0.056375973
    5.680000000    0.076198677    0.079241293    0.057571804
    5.690000000    0.078742595    0.081274554    0.058953964
    5.700000000    0.081507025    0.083286280    0.060239375
    5.710000000    0.084075869    0.084847744    0.061180732
    5.720000000    0.085991322    0.085663407    0.061734866
    5.730000000    0.086969481    0.085695167    0.062054462
    5.740000000    0.087005421    0.085069935    0.062305163
    5.750000000    0.086337135    0.083979947    0.062561016
    5.760000000    0.085292874    0.082644910    0.062858487
    5.770000000    0.084094156    0.081249702    0.063233332
    5.780000000    0.082807465    0.079912650    0.063667305
    5.790000000    0.081490833    0.078740778    0.064075036
    5.800000000    0.080299293    0.077883924    0.064408688
    5.810000000    0.079415949    0.077492924    0.064747469
    5.820000000    0.078932886    0.077608377    0.065265034
    5.830000000    0.078814101    0.078100913    0.066142412
    5.840000000    0.078954862    0.078755143    0.067491566
    5.850000000    0.079271301    0.079434326    0.069302222
    5.860000000    0.079727724    0.080139888    0.071418213
    5.870000000    0.080295650    0.080916401    0.073548977
    5.880000000    0.080945372    0.081773185    0.075356648
    5.890000000    0.081679189    0.082699889    0.076590922
    5.900000000    0.082528490    0.083672159    0.077147891
    5.910000000    0.083527176    0.084642045    0.077067399
    5.920000000    0.084692038    0.085582926    0.076532461
    5.930000000    0.085994688    0.086539769    0.075788190
    5.940000000    0.087344262    0.087589714    0.075024824
    5.950000000    0.088600889    0.088717874    0.074353619
    5.960000000    0.089624704    0.089757396    0.073832137
    5.970000000    0.090348250    0.090492022    0.073479761
    5.980000000    0.090794228    0.090788010    0.073291111
    5.990000000    0.090997454    0.090606636    0.073264828
    6.000000000    0.090928856    0.089949307    0.073456152
    6.010000000    0.090558433    0.088871015    0.074001444
    6.020000000    0.089965941    0.087530232    0.075030334
    6.030000000    0.089291159    0.086136323    0.076531149
    6.040000000    0.088594654    0.084831367    0.078323584
    6.050000000    0.087829368    0.083634808    0.080116807
    6.060000000    0.086962888    0.082502580    0.081567894
    6.070000000    0.086080293    0.081423859    0.082414483
    6.080000000    0.085311958    0.080449393    0.082659124
    6.090000000    0.084714381    0.079658810    0.082548102
    6.100000000    0.084271147    0.079130640    0.082376400
    6.110000000    0.083968097    0.078938645    0.082371929
    6.120000000    0.083845779    0.079170028    0.082673508
    6.130000000    0.083969377    0.079908764    0.083334975
    6.140000000    0.084318943    0.081130047    0.084308013
    6.150000000    0.084743893    0.082612974    0.085423899
    6.160000000    0.085069284    0.084010937    0.086476833
    6.170000000    0.085212828    0.085045863    0.087365346
    6.180000000    0.085188251    0.085659310    0.088140060
    6.190000000    0.085031945    0.085963836    0.088918026
    6.200000000    0.084733168    0.086059539    0.089773378
    6.210000000    0.084256153    0.085969031    0.090752303
    6.220000000    0.083638317    0.085723580    0.091978109
    6.230000000    0.083024769    0.085410573    0.093630974
    6.240000000    0.082575113    0.085127476    0.095776252
    6.250000000    0.082328395    0.084918636    0.098260733
    6.260000000    0.082171912    0.084744097    0.100760580
    6.270000000    0.081941566    0.084502428    0.102861450
    6.280000000    0.081540048    0.084107228    0.104112568
    6.290000000    0.080980842    0.083577793    0.104190510
    6.300000000    0.080353189    0.083058010    0.103178449
    6.310000000    0.079785821    0.082745139    0.101574650
    6.320000000    0.079436386    0.082803773    0.099942136
    6.330000000    0.079442103    0.083307013    0.098629321
    6.340000000    0.079857674    0.084210074    0.097729151
    6.350000000    0.080658966    0.085381528    0.097142133
    6.360000000    0.081791516    0.086680602    0.096654050
    6.370000000    0.083213822    0.088022277    0.096020265
    6.380000000    0.084926858    0.089393328    0.095083854
    6.390000000    0.086959862    0.090803555    0.093854877
    6.400000000    0.089289367    0.092195268    0.092474793
    6.410000000    0.091748315    0.093389975    0.091131380
    6.420000000    0.094048109    0.094171031    0.090008269
    6.430000000    0.095960362    0.094480333    0.089324041
    6.440000000    0.097487134    0.094513237    0.089363800
    6.450000000    0.098814132    0.094582244    0.090339374
    6.460000000    0.100112468    0.094923285    0.092195175
    6.470000000    0.101420582    0.095626001    0.094576721
    6.480000000    0.102687371    0.096657471    0.096974431
    6.490000000    0.103848014    0.097893598    0.098962426
    6.500000000    0.104804925    0.099130746    0.100396005
    6.510000000    0.105410157    0.100144550    0.101375034
    6.520000000    0.105599490    0.100842223    0.102070220
    6.530000000    0.105524697    0.101334914    0.102679969
    6.540000000    0.105459034    0.101802003    0.103434216
    6.550000000    0.105577228    0.102314844    0.104483424
    6.560000000    0.105844052    0.102791119    0.105832884
    6.570000000    0.106083657    0.103081310    0.107438242
    6.580000000    0.106116449    0.103092208    0.109273581
    6.590000000    0.105827765    0.102832041    0.111240916
    6.600000000    0.105183809    0.102378669    0.113046191
    6.610000000    0.104241105    0.101834002    0.114209308
    6.620000000    0.103147231    0.101309878    0.114307446
    6.630000000    0.102140587    0.100974703    0.113345087
    6.640000000    0.101486037    0.101055823    0.111849742
    6.650000000    0.101339761    0.101724670    0.110523718
    6.660000000    0.101680544    0.102992245    0.109835017
    6.670000000    0.102358384    0.104708034    0.109896252
    6.680000000    0.103199207    0.106632169    0.110587035
    6.690000000    0.104118607    0.108546537    0.111713830
    6.700000000    0.105152304    0.110343784    0.113027499
    6.710000000    0.106364094    0.112025546    0.114154907
    6.720000000    0.107749439    0.113634070    0.114717180
    6.730000000    0.109201670    0.115180885    0.114592368
    6.740000000    0.110543900    0.116617687    0.113969385
    6.750000000    0.111672783    0.117901904    0.113158352
    6.760000000    0.112725514    0.119115128    0.112437170
    6.770000000    0.114040891    0.120468741    0.112000602
    6.780000000    0.115870364    0.122118383    0.111875671
    6.790000000    0.118118678    0.123980968    0.111845393
    6.800000000    0.120413945    0.125813024    0.111546299
    6.810000000    0.122445391    0.127468179    0.110750788
    6.820000000    0.124196321    0.128995078    0.109602642
    6.830000000    0.125862841    0.130505152    0.108550599
    6.840000000    0.127615670    0.132035741    0.108046799
    6.850000000    0.129428124    0.133511769    0.108305326
    6.860000000    0.131073038    0.134769464    0.109248523
    6.870000000    0.132271723    0.135606842    0.110566225
    6.880000000    0.132876251    0.135867224    0.111842252
    6.890000000    0.132962548    0.135571417    0.112729249
    6.900000000    0.132784551    0.134976359    0.113071657
    6.910000000    0.132635673    0.134451787    0.112912729
    6.920000000    0.132699084    0.134265945    0.112445631
    6.930000000    0.132989827    0.134467905    0.111980661
    6.940000000    0.133430585    0.134934634    0.111912018
    6.950000000    0.133952848    0.135473172    0.112616742
    6.960000000    0.134542257    0.135883884    0.114312000
    6.970000000    0.135228582    0.135992273    0.116938668
    6.980000000    0.136012501    0.135665197    0.120142533
    6.990000000    0.136722065    0.134807425    0.123381710
    7.000000000    0.136953949    0.133399309    0.126078582
    7.010000000    0.136309313    0.131594427    0.127809308
    7.020000000    0.134738194    0.129711287    0.128532299
    7.030000000    0.132607328    0.128086590    0.128602091
    7.040000000    0.130485615    0.126957730    0.128469761
    7.050000000    0.128886627    0.126420818    0.128462059
    7.060000000    0.128078035    0.126406176    0.128807781
    7.070000000    0.128001917    0.126691228    0.129646611
    7.080000000    0.128362223    0.126995863    0.130944661
    7.090000000    0.128832961    0.127124974    0.132504911
    7.100000000    0.129257193    0.127074407    0.134056250
    7.110000000    0.129714201    0.127016370    0.135249263
    7.120000000    0.130385148    0.127148413    0.135717790
    7.130000000    0.131302282    0.127503900    0.135309598
    7.140000000    0.132224188    0.127884829    0.134159116
    7.150000000    0.132794549    0.127997486    0.132503226
    7.160000000    0.132837665    0.127680076    0.130550212
    7.170000000    0.132452948    0.127000342    0.128505416
    7.180000000    0.131838642    0.126146915    0.126600157
    7.190000000    0.131131446    0.125278506    0.125069674
    7.200000000    0.130412428    0.124495085    0.124126032
    7.210000000    0.129737530    0.123865534    0.123938904
    7.220000000    0.129132322    0.123397107    0.124609449
    7.230000000    0.128613544    0.122986999    0.126135381
    7.240000000    0.128173347    0.122431111    0.128337679
    7.250000000    0.127735712    0.121532340    0.130785913
    7.260000000    0.127199102    0.120250857    0.132860983
    7.270000000    0.126500095    0.118746062    0.134022008
    7.280000000    0.125573070    0.117249307    0.134127861
    7.290000000    0.124306700    0.115888174    0.133507486
    7.300000000    0.122650056    0.114642997    0.132688114
    7.310000000    0.120747593    0.113464260    0.132088287
    7.320000000    0.118909934    0.112411355    0.131890550
    7.330000000    0.117484894    0.111695967    0.132075964
    7.340000000    0.116754044    0.111612092    0.132575600
    7.350000000    0.116835637    0.112408538    0.133363670
    7.360000000    0.117610213    0.114190263    0.134386570
    7.370000000    0.118741837    0.116845135    0.135492692
    7.380000000    0.119807933    0.119979793    0.136498075
    7.390000000    0.120494446    0.122962507    0.137271133
    7.400000000    0.120755222    0.125180086    0.137699316
    7.410000000    0.120813986    0.126379338    0.137684588
    7.420000000    0.121006326    0.126752423    0.137277961
    7.430000000    0.121546580    0.126652118    0.136740546
    7.440000000    0.122334501    0.126241865    0.136423384
    7.450000000    0.122980321    0.125461023    0.136628298
    7.460000000    0.123065930    0.124275133    0.137559343
    7.470000000    0.122389712    0.122844735    0.139317990
    7.480000000    0.120969569    0.121422564    0.141863037
    7.490000000    0.118878394    0.120131870    0.144959042
    7.500000000    0.116174563    0.118874354    0.148176824
    7.510000000    0.113025462    0.117480652    0.150980449
    7.520000000    0.109789704    0.115941692    0.152907355
    7.530000000    0.106881905    0.114453339    0.153718807
    7.540000000    0.104555931    0.113235590    0.153457032
    7.550000000    0.102811205    0.112337635    0.152461843
    7.560000000    0.101478932    0.111621307    0.151270172
    7.570000000    0.100371696    0.110891167    0.150338814
    7.580000000    0.099363682    0.110013211    0.149748916
    7.590000000    0.098397008    0.108945207    0.149167314
    7.600000000    0.097460670    0.107716831    0.148144127
    7.610000000    0.096564240    0.106411454    0.146425660
    7.620000000    0.095759699    0.105178250    0.144039265
    7.630000000    0.095175345    0.104235560    0.141276322
    7.640000000    0.094956008    0.103793798    0.138575503
    7.650000000    0.095162283    0.103937507    0.136216933
    7.660000000    0.095756583    0.104576577    0.134121646
    7.670000000    0.096683372    0.105516508    0.132060668
    7.680000000    0.097936350    0.106585471    0.130004539
    7.690000000    0.099557169    0.107712899    0.128163058
    7.700000000    0.101578497    0.108900286    0.126758143
    7.710000000    0.103922942    0.110107928    0.125872387
    7.720000000    0.106352776    0.111184443    0.125469676
    7.730000000    0.108568664    0.111927558    0.125427278
    7.740000000    0.110383190    0.112216875    0.125519272
    7.750000000    0.111776695    0.112102598    0.125485497
    7.760000000    0.112805988    0.111783935    0.125188514
    7.770000000    0.113575955    0.111501824    0.124664827
    7.780000000    0.114318204    0.111431057    0.124010001
    7.790000000    0.115359183    0.111626840    0.123308735
    7.800000000    0.116898738    0.111998937    0.122732515
    7.810000000    0.118791097    0.112319909    0.122593617
    7.820000000    0.120538701    0.112329994    0.123197898
    7.830000000    0.121575097    0.111910968    0.124672652
    7.840000000    0.121674829    0.111184853    0.126948140
    7.850000000    0.121112735    0.110477012    0.129836089
    7.860000000    0.120417614    0.110185176    0.133093623
    7.870000000    0.119995861    0.110586093    0.136436345
    7.880000000    0.119967613    0.111711816    0.139569000
    7.890000000    0.120244429    0.113390146    0.142300402
    7.900000000    0.120676212    0.115363468    0.144636746
    7.910000000    0.121190396    0.117403288    0.146733634
    7.920000000    0.121858891    0.119376678    0.148756806
    7.930000000    0.122780179    0.121198562    0.150765055
    7.940000000    0.123924822    0.122766816    0.152670052
    7.950000000    0.125202997    0.124053476    0.154298809
    7.960000000    0.126677652    0.125270327    0.155572419
    7.970000000    0.128631504    0.126860897    0.156662013
    7.980000000    0.131377513    0.129226315    0.157879887
    7.990000000    0.134988901    0.132375108    0.159368809
    8.000000000    0.139216576    0.135823475    0.160995645
    8.010000000    0.143672384    0.138872023    0.162593317
    8.020000000    0.148038691    0.140989875    0.164207625
    8.030000000    0.152060931    0.141970576    0.166067442
    8.040000000    0.155450659    0.141916783    0.168379734
    8.050000000    0.157969978    0.141247587    0.171139741
    8.060000000    0.159617267    0.140617599    0.174040041
    8.070000000    0.160569094    0.140602360    0.176516428
    8.080000000    0.160918910    0.141351815    0.177990831
    8.090000000    0.160642924    0.142555293    0.178274060
    8.100000000    0.159831051    0.143770794    0.177751991
    8.110000000    0.158808498    0.144826670    0.177090863
    8.120000000    0.157973993    0.145917987    0.176779301
    8.130000000    0.157527604    0.147350606    0.176957957
    8.140000000    0.157360295    0.149281443    0.177567330
    8.150000000    0.157218884    0.151688101    0.178518289
    8.160000000    0.157000928    0.154481847    0.179722319
    8.170000000    0.156856198    0.157570863    0.181054029
    8.180000000    0.156953982    0.160790304    0.182320179
    8.190000000    0.157259719    0.163856719    0.183247647
    8.200000000    0.157664226    0.166541810    0.183571120
    8.210000000    0.158232558    0.168903802    0.183226248
    8.220000000    0.159155232    0.171221137    0.182442368
    8.230000000    0.160505321    0.173717863    0.181666239
    8.240000000    0.162204885    0.176480980    0.181428697
    8.250000000    0.164173057    0.179572981    0.182216762
    8.260000000    0.166331178    0.183026559    0.184367548
    8.270000000    0.168493474    0.186704406    0.187968516
    8.280000000    0.170441724    0.190290954    0.192803152
    8.290000000    0.172162141    0.193482679    0.198411969
    8.300000000    0.173859549    0.196144753    0.204267371
    8.310000000    0.175611451    0.198254656    0.209960289
    8.320000000    0.177098643    0.199807344    0.215199425
    8.330000000    0.177860592    0.200863528    0.219687677
    8.340000000    0.177856425    0.201608431    0.223227620
    8.350000000    0.177639105    0.202331142    0.225999959
    8.360000000    0.177906109    0.203293600    0.228611001
    8.370000000    0.178955149    0.204495350    0.231785838
    8.380000000    0.180543956    0.205567306    0.235931443
    8.390000000    0.182184834    0.205989971    0.240874314
    8.400000000    0.183571830    0.205468817    0.245919773
    8.410000000    0.184711232    0.204075278    0.250173369
    8.420000000    0.185751459    0.202146737    0.253044646
    8.430000000    0.186925625    0.200219165    0.254612238
    8.440000000    0.188609956    0.198884275    0.255473699
    8.450000000    0.191169226    0.198438501    0.256299846
    8.460000000    0.194615210    0.198593308    0.257499195
    8.470000000    0.198431420    0.198575824    0.259109354
    8.480000000    0.201813001    0.197590895    0.260965677
    8.490000000    0.204116143    0.195249783    0.263055232
    8.500000000    0.205109818    0.191704499    0.265679121
    8.510000000    0.204879239    0.187483338    0.269134117
    8.520000000    0.203580533    0.183184286    0.273209504
    8.530000000    0.201382383    0.179279178    0.277147859
    8.540000000    0.198637598    0.176118252    0.280218232
    8.550000000    0.195912506    0.173972575    0.282192502
    8.560000000    0.193652530    0.172905114    0.283142155
    8.570000000    0.191820892    0.172575368    0.283069729
    8.580000000    0.189993093    0.172361920    0.282032629
    8.590000000    0.187837779    0.171791264    0.280379123
    8.600000000    0.185438476    0.170804734    0.278521814
    8.610000000    0.183214390    0.169695317    0.276602447
    8.620000000    0.181592111    0.168863134    0.274484314
    8.630000000    0.180650376    0.168456249    0.271827519
    8.640000000    0.180021493    0.168135267    0.268213132
    8.650000000    0.179137007    0.167266116    0.263493789
    8.660000000    0.177583309    0.165396999    0.258063467
    8.670000000    0.175250074    0.162528132    0.252706059
    8.680000000    0.172223099    0.158986250    0.248181428
    8.690000000    0.168695560    0.155194660    0.244955095
    8.700000000    0.164952339    0.151527021    0.243171747
    8.710000000    0.161291123    0.148232479    0.242691550
    8.720000000    0.157919668    0.145425958    0.243064881
    8.730000000    0.154937949    0.143129473    0.243625890
    8.740000000    0.152435931    0.141353448    0.243884105
    8.750000000    0.150549001    0.140124002    0.243771885
    8.760000000    0.149353209    0.139401170    0.243423913
    8.770000000    0.148768835    0.139046386    0.243032909
    8.780000000    0.148594389    0.138912912    0.243016504
    8.790000000    0.148577337    0.138906764    0.243896139
    8.800000000    0.148497760    0.138993647    0.245801812
    8.810000000    0.148293209    0.139238011    0.248306316
    8.820000000    0.148128347    0.139821629    0.250861235
    8.830000000    0.148281445    0.140959204    0.253281911
    8.840000000    0.148915004    0.142756129    0.255702725
    8.850000000    0.149961955    0.145121846    0.258119673
    8.860000000    0.151206918    0.147789172    0.260034306
    8.870000000    0.152424231    0.150433081    0.260612212
    8.880000000    0.153417381    0.152803143    0.259316715
    8.890000000    0.153984058    0.154743508    0.256274550
    8.900000000    0.153954862    0.156131434    0.251987535
    8.910000000    0.153326482    0.156887490    0.246985806
    8.920000000    0.152309863    0.157066606    0.241716825
    8.930000000    0.151197969    0.156871885    0.236439776
    8.940000000    0.150252025    0.156577005    0.231189163
    8.950000000    0.149735118    0.156486689    0.225960365
    8.960000000    0.149919009    0.156897638    0.220887976
    8.970000000    0.150934428    0.157950096    0.216174740
    8.980000000    0.152632701    0.159498657    0.211917607
    8.990000000    0.154646918    0.161189989    0.208055078
    9.000000000    0.156563078    0.162661919    0.204442995
    9.010000000    0.158030546    0.163662055    0.201003536
    9.020000000    0.158806160    0.164052797    0.197835401
    9.030000000    0.158778570    0.163808027    0.195144660
    9.040000000    0.157971897    0.163045275    0.193089672
    9.050000000    0.156542992    0.162013828    0.191744673
    9.060000000    0.154778577    0.161020401    0.191200072
    9.070000000    0.153044798    0.160351133    0.191637798
    9.080000000    0.151665291    0.160184359    0.193229237
    9.090000000    0.150812721    0.160521130    0.195942180
    9.100000000    0.150499818    0.161215119    0.199495961
    9.110000000    0.150647641    0.162097177    0.203449125
    9.120000000    0.151182441    0.163107647    0.207266632
    9.130000000    0.152093763    0.164307686    0.210372681
    9.140000000    0.153360471    0.165726845    0.212265829
    9.150000000    0.154797803    0.167193910    0.212691604
    9.160000000    0.156051893    0.168355963    0.211761969
    9.170000000    0.156847162    0.168937538    0.209898610
    9.180000000    0.157221328    0.168976360    0.207605137
    9.190000000    0.157467793    0.168760972    0.205244817
    9.200000000    0.157886454    0.168581306    0.203001177
    9.210000000    0.158596734    0.168548245    0.200941465
    9.220000000    0.159504215    0.168555546    0.198985847
    9.230000000    0.160374176    0.168353875    0.196860950
    9.240000000    0.160971705    0.167712763    0.194255851
    9.250000000    0.161207441    0.166589449    0.191110914
    9.260000000    0.161177495    0.165180340    0.187688566
    9.270000000    0.161035510    0.163774967    0.184332773
    9.280000000    0.160822072    0.162553442    0.181284256
    9.290000000    0.160445669    0.161553762    0.178723909
    9.300000000    0.159812532    0.160763796    0.176824744
    9.310000000    0.158947868    0.160168541    0.175672442
    9.320000000    0.158000348    0.159741028    0.175143130
    9.330000000    0.157166656    0.159467970    0.174938695
    9.340000000    0.156640455    0.159408297    0.174831924
    9.350000000    0.156586880    0.159679202    0.174857664
    9.360000000    0.157105520    0.160363815    0.175213248
    9.370000000    0.158225859    0.161477577    0.176011361
    9.380000000    0.159931626    0.163012157    0.177153904
    9.390000000    0.162131165    0.164923774    0.178400085
    9.400000000    0.164613485    0.167090704    0.179545360
    9.410000000    0.167112732    0.169368509    0.180603756
    9.420000000    0.169480352    0.171701972    0.181879276
    9.430000000    0.171797021    0.174143127    0.183826986
    9.440000000    0.174274908    0.176741378    0.186798900
    9.450000000    0.177056483    0.179447886    0.190892918
    9.460000000    0.180110393    0.182159526    0.195980420
    9.470000000    0.183283472    0.184827271    0.201836715
    9.480000000    0.186442492    0.187459017    0.208277586
    9.490000000    0.189573991    0.190051741    0.215225616
    9.500000000    0.192779101    0.192615354    0.222626993
    9.510000000    0.196164004    0.195199697    0.230223052
    9.520000000    0.199662356    0.197775763    0.237389925
    9.530000000    0.202980976    0.200163866    0.243278763
    9.540000000    0.205827773    0.202207143    0.247195704
    9.550000000    0.208231513    0.203984490    0.248938612
    9.560000000    0.210564406    0.205766862    0.248881492
    9.570000000    0.213202755    0.207763573    0.247736928
    9.580000000    0.216206947    0.209979918    0.246153346
    9.590000000    0.219316361    0.212327983    0.244525388
    9.600000000    0.222140431    0.214752463    0.243143073
    9.610000000    0.224303326    0.217176274    0.242365541
    9.620000000    0.225496307    0.219399110    0.242589512
    9.630000000    0.225564328    0.221134933    0.244082427
    9.640000000    0.224605933    0.222157861    0.246808255
    9.650000000    0.222915103    0.222359674    0.250418611
    9.660000000    0.220858997    0.221719767    0.254520247
    9.670000000    0.218875718    0.220403617    0.258960386
    9.680000000    0.217466427    0.218869234    0.263821620
    9.690000000    0.217087181    0.217707903    0.269266540
    9.700000000    0.218034231    0.217350855    0.275412941
    9.710000000    0.220376438    0.217972835    0.282153379
    9.720000000    0.223953226    0.219642409    0.289039311
    9.730000000    0.228426632    0.222415868    0.295433247
    9.740000000    0.233339441    0.226157821    0.300752832
    9.750000000    0.238217844    0.230338968    0.304510631
    9.760000000    0.242725325    0.234159240    0.306303841
    9.770000000    0.246698451    0.236924766    0.306075665
    9.780000000    0.250065922    0.238397029    0.304349444
    9.790000000    0.252852863    0.238913441    0.302054349
    9.800000000    0.255225254    0.239155268    0.300117133
    9.810000000    0.257373698    0.239696221    0.299082014
    9.820000000    0.259345959    0.240707148    0.298930644
    9.830000000    0.261042286    0.241999758    0.299146819
    9.840000000    0.262291478    0.243250195    0.298844242
    9.850000000    0.262913265    0.244213932    0.297022269
    9.860000000    0.262839136    0.244875305    0.293209380
    9.870000000    0.262262885    0.245507168    0.288025596
    9.880000000    0.261636998    0.246566087    0.282847986
    9.890000000    0.261419718    0.248446349    0.278835746
    9.900000000    0.261764449    0.251278520    0.276294054
    9.910000000    0.262493667    0.254904141    0.274820454
    9.920000000    0.263376428    0.259003561    0.273917168
    9.930000000    0.264378305    0.263271124    0.273387125
    9.940000000    0.265711890    0.267532206    0.273178669
    9.950000000    0.267672491    0.271699779    0.273080064
    9.960000000    0.270346765    0.275605110    0.272777951
    9.970000000    0.273523794    0.279004264    0.272083194
    9.980000000    0.276872213    0.281811164    0.270878999
    9.990000000    0.280099694    0.284202546    0.269066268
   10.000000000    0.283010965    0.286476667    0.266776357
   10.010000000    0.285538109    0.288863618    0.264449916
   10.020000000    0.287664043    0.291375240    0.262543987
   10.030000000    0.289182922    0.293668632    0.261163449
   10.040000000    0.289533845    0.294995988    0.260021358
   10.050000000    0.288070008    0.294459918    0.258778070
   10.060000000    0.284682330    0.291669052    0.257290318
   10.070000000    0.280079825    0.287235027    0.255439921
   10.080000000    0.275365831    0.282456507    0.252931577
   10.090000000    0.271415778    0.278549414    0.249422271
   10.100000000    0.268596747    0.276158976    0.244770063
   10.110000000    0.266808548    0.275230923    0.239113568
   10.120000000    0.265690415    0.275155048    0.232783747
   10.130000000    0.264948392    0.275262836    0.226135450
   10.140000000    0.264501878    0.275268476    0.219354610
   10.150000000    0.264279041    0.275172455    0.212412215
   10.160000000    0.264035708    0.274926778    0.205270318
   10.170000000    0.263466980    0.274328742    0.198094845
   10.180000000    0.262411621    0.273140790    0.191171971
   10.190000000    0.260923036    0.271265391    0.184681560
   10.200000000    0.259208016    0.268821023    0.178615780
   10.210000000    0.257508673    0.266033989    0.172831550
   10.220000000    0.256012542    0.263111126    0.167139135
   10.230000000    0.254795919    0.260205001    0.161390860
   10.240000000    0.253780536    0.257401322    0.155572452
   10.250000000    0.252817653    0.254767504    0.149830660
   10.260000000    0.251886219    0.252444566    0.144344810
   10.270000000    0.251117895    0.250592471    0.139178143
   10.280000000    0.250515003    0.249166500    0.134300136
   10.290000000    0.249641140    0.247739898    0.129715449
   10.300000000    0.247723395    0.245628559    0.125543469
   10.310000000    0.244228153    0.242331472    0.122008683
   10.320000000    0.239365706    0.237945187    0.119355878
   10.330000000    0.233961898    0.233145998    0.117731030
   10.340000000    0.228864735    0.228742302    0.117118816
   10.350000000    0.224510076    0.225218895    0.117372123
   10.360000000    0.220921774    0.222588032    0.118261833
   10.370000000    0.217925629    0.220520183    0.119495132
   10.380000000    0.215315345    0.218596874    0.120757581
   10.390000000    0.212970422    0.216588248    0.121826780
   10.400000000    0.210915538    0.214591897    0.122656204
   10.410000000    0.209242089    0.212907411    0.123316841
   10.420000000    0.207992252    0.211807552    0.123872576
   10.430000000    0.207110013    0.211364195    0.124317058
   10.440000000    0.206420302    0.211322909    0.124595395
   10.450000000    0.205647703    0.211124653    0.124657467
   10.460000000    0.204555685    0.210197672    0.124495328
   10.470000000    0.203140367    0.208345007    0.124181080
   10.480000000    0.201647957    0.205831818    0.123898143
   10.490000000    0.200388716    0.203102651    0.123885684
   10.500000000    0.199543488    0.200482916    0.124300884
   10.510000000    0.199073438    0.198109596    0.125153452
   10.520000000    0.198779700    0.196037545    0.126392602
   10.530000000    0.198497822    0.194371886    0.128013090
   10.540000000    0.198238432    0.193282348    0.130022440
   10.550000000    0.198132887    0.192886554    0.132318851
   10.560000000    0.198304038    0.193162604    0.134653624
   10.570000000    0.198794747    0.193969391    0.136745967
   10.580000000    0.199533296    0.195089814    0.138443518
   10.590000000    0.200344586    0.196256078    0.139779531
   10.600000000    0.201053087    0.197219682    0.140928388
   10.610000000    0.201568609    0.197831726    0.142143096
   10.620000000    0.201816720    0.198014601    0.143677537
   10.630000000    0.201607857    0.197663044    0.145643733
   10.640000000    0.200679067    0.196650415    0.147856145
   10.650000000    0.198904280    0.194954617    0.149858865
   10.660000000    0.196409256    0.192717144    0.151237840
   10.670000000    0.193477505    0.190178706    0.151956966
   10.680000000    0.190382472    0.187587065    0.152347940
   10.690000000    0.187294883    0.185130425    0.152824008
   10.700000000    0.184315382    0.182941553    0.153674491
   10.710000000    0.181599576    0.181178780    0.155046945
   10.720000000    0.179437387    0.180050430    0.156950920
   10.730000000    0.178155638    0.179704692    0.159220761
   10.740000000    0.177918300    0.180109298    0.161582306
   10.750000000    0.178632871    0.181066388    0.163833565
   10.760000000    0.180034737    0.182348912    0.165908783
   10.770000000    0.181838217    0.183823171    0.167783079
   10.780000000    0.183843010    0.185465134    0.169453884
   10.790000000    0.185934885    0.187264388    0.170992716
   10.800000000    0.187987753    0.189094045    0.172487722
   10.810000000    0.189794664    0.190678976    0.173956806
   10.820000000    0.191119192    0.191711025    0.175364024
   10.830000000    0.191817614    0.192019726    0.176698595
   10.840000000    0.191922672    0.191638903    0.178003766
   10.850000000    0.191636689    0.190727747    0.179317821
   10.860000000    0.191262667    0.189484618    0.180600751
   10.870000000    0.191095091    0.188134450    0.181733375
   10.880000000    0.191276599    0.186905478    0.182587200
   10.890000000    0.191721327    0.185962108    0.183102469
   10.900000000    0.192191007    0.185379928    0.183307725
   10.910000000    0.192434126    0.185166607    0.183266620
   10.920000000    0.192272041    0.185244256    0.183049323
   10.930000000    0.191651143    0.185441120    0.182765798
   10.940000000    0.190689502    0.185600458    0.182561106
   10.950000000    0.189621905    0.185706989    0.182536291
   10.960000000    0.188634956    0.185852836    0.182710315
   10.970000000    0.187741224    0.186081964    0.183101768
   10.980000000    0.186805960    0.186297416    0.183786772
   10.990000000    0.185678589    0.186306288    0.184813880
   11.000000000    0.184270274    0.185929485    0.186067619
   11.010000000    0.182537879    0.185078938    0.187214583
   11.020000000    0.180478103    0.183753140    0.187823122
   11.030000000    0.178164316    0.181991713    0.187613359
   11.040000000    0.175762993    0.179880471    0.186613376
   11.050000000    0.173479217    0.177579443    0.185055844
   11.060000000    0.171454915    0.175287867    0.183161180
   11.070000000    0.169717369    0.173189547    0.181052039
   11.080000000    0.168253087    0.171467895    0.178841758
   11.090000000    0.167137034    0.170349746    0.176693181
   11.100000000    0.166551060    0.170060242    0.174711516
   11.110000000    0.166652081    0.170685291    0.172867638
   11.120000000    0.167427583    0.172077736    0.171081412
   11.130000000    0.168670692    0.173910169    0.169283467
   11.140000000    0.170067833    0.175801594    0.167363283
   11.150000000    0.171324411    0.177402069    0.165157904
   11.160000000    0.172268880    0.178454728    0.162530011
   11.170000000    0.172887462    0.178860167    0.159443064
   11.180000000    0.173275945    0.178657810    0.155989332
   11.190000000    0.173572913    0.177936518    0.152379345
   11.200000000    0.173921136    0.176803823    0.148886275
   11.210000000    0.174416673    0.175417324    0.145719392
   11.220000000    0.175058246    0.173982809    0.142907214
   11.230000000    0.175761156    0.172701457    0.140343098
   11.240000000    0.176439310    0.171750579    0.137961025
   11.250000000    0.177054949    0.171272826    0.135817461
   11.260000000    0.177577685    0.171304769    0.134013543
   11.270000000    0.177952721    0.171735841    0.132594850
   11.280000000    0.178135670    0.172358718    0.131501297
   11.290000000    0.178129458    0.172945071    0.130587970
   11.300000000    0.178000459    0.173313134    0.129703686
   11.310000000    0.177859967    0.173383449    0.128737115
   11.320000000    0.177779702    0.173187377    0.127596800
   11.330000000    0.177722950    0.172828270    0.126199541
   11.340000000    0.177590137    0.172435334    0.124542600
   11.350000000    0.177296424    0.172098474    0.122790609
   11.360000000    0.176812194    0.171838353    0.121227165
   11.370000000    0.176213345    0.171687551    0.120101987
   11.380000000    0.175672884    0.171740881    0.119539380
   11.390000000    0.175314658    0.172028831    0.119564242
   11.400000000    0.175093201    0.172403062    0.120152506
   11.410000000    0.174871887    0.172658121    0.121224809
   11.420000000    0.174583848    0.172752106    0.122608249
   11.430000000    0.174268201    0.172852416    0.124037389
   11.440000000    0.173970269    0.173158609    0.125230688
   11.450000000    0.173654141    0.173700461    0.126003618
   11.460000000    0.173207940    0.174299358    0.126350284
   11.470000000    0.172518621    0.174695861    0.126427942
   11.480000000    0.171582094    0.174731747    0.126435445
   11.490000000    0.170554399    0.174437931    0.126469713
   11.500000000    0.169667133    0.173959979    0.126457003
   11.510000000    0.169080485    0.173429163    0.126180783
   11.520000000    0.168781014    0.172883739    0.125396671
   11.530000000    0.168596921    0.172273800    0.124018434
   11.540000000    0.168336169    0.171545429    0.122245036
   11.550000000    0.167941061    0.170727623    0.120472721
   11.560000000    0.167542383    0.169949281    0.119062807
   11.570000000    0.167383149    0.169398292    0.118188060
   11.580000000    0.167692598    0.169285182    0.117856691
   11.590000000    0.168601790    0.169806400    0.118030841
   11.600000000    0.170109876    0.171050327    0.118705897
   11.610000000    0.172093749    0.172898307    0.119891819
   11.620000000    0.174350519    0.175024140    0.121539806
   11.630000000    0.176613801    0.176969769    0.123489630
   11.640000000    0.178543769    0.178268475    0.125481980
   11.650000000    0.179820375    0.178665086    0.127227624
   11.660000000    0.180346135    0.178294250    0.128488611
   11.670000000    0.180312426    0.177574329    0.129117194
   11.680000000    0.180021663    0.176902139    0.129028280
   11.690000000    0.179666432    0.176440984    0.128201003
   11.700000000    0.179262920    0.176121481    0.126787878
   11.710000000    0.178743863    0.175792463    0.125173292
   11.720000000    0.178063302    0.175368891    0.123825872
   11.730000000    0.177239644    0.174874431    0.123085505
   11.740000000    0.176383656    0.174418368    0.123074812
   11.750000000    0.175670853    0.174146108    0.123721681
   11.760000000    0.175231332    0.174172418    0.124818464
   11.770000000    0.175075097    0.174531855    0.126103529
   11.780000000    0.175126987    0.175169655    0.127342372
   11.790000000    0.175325142    0.175983859    0.128394638
   11.800000000    0.175665667    0.176875009    0.129250582
   11.810000000    0.176147017    0.177767816    0.130002096
   11.820000000    0.176713674    0.178632642    0.130790033
   11.830000000    0.177277324    0.179480418    0.131766911
   11.840000000    0.177768841    0.180288226    0.133045812
   11.850000000    0.178187034    0.180972316    0.134665628
   11.860000000    0.178633926    0.181494217    0.136634130
   11.870000000    0.179248288    0.181915002    0.138981342
   11.880000000    0.180064059    0.182298237    0.141727556
   11.890000000    0.181003790    0.182672101    0.144790101
   11.900000000    0.182017389    0.183122324    0.147915790
   11.910000000    0.183098408    0.183783699    0.150739023
   11.920000000    0.184160367    0.184698186    0.152993130
   11.930000000    0.185011530    0.185734963    0.154683884
   11.940000000    0.185452686    0.186644814    0.156013088
   11.950000000    0.185361796    0.187191435    0.157166211
   11.960000000    0.184755083    0.187276213    0.158229732
   11.970000000    0.183850968    0.186993105    0.159284226
   11.980000000    0.183039587    0.186572067    0.160482040
   11.990000000    0.182708343    0.186242560    0.161957994
   12.000000000    0.183048866    0.186107104    0.163694813
   12.010000000    0.183984208    0.186105068    0.165535258
   12.020000000    0.185241390    0.186112049    0.167302301
   12.030000000    0.186490571    0.186083685    0.168854127
   12.040000000    0.187464998    0.186085863    0.170069289
   12.050000000    0.188044123    0.186215315    0.170897234
   12.060000000    0.188280835    0.186527893    0.171422982
   12.070000000    0.188324671    0.187016357    0.171802245
   12.080000000    0.188299654    0.187623563    0.172141756
   12.090000000    0.188253703    0.188273660    0.172466334
   12.100000000    0.188181818    0.188897395    0.172765520
   12.110000000    0.188047150    0.189427043    0.173069855
   12.120000000    0.187811704    0.189791411    0.173523063
   12.130000000    0.187535959    0.189962413    0.174347348
   12.140000000    0.187424793    0.189993449    0.175669800
   12.150000000    0.187682951    0.189974406    0.177403489
   12.160000000    0.188334360    0.189956416    0.179351460
   12.170000000    0.189212375    0.189939682    0.181424878
   12.180000000    0.190057408    0.189901710    0.183703780
   12.190000000    0.190571264    0.189781484    0.186242460
   12.200000000    0.190497237    0.189491909    0.188838324
   12.210000000    0.189815557    0.189022062    0.191059442
   12.220000000    0.188801863    0.188467261    0.192497128
   12.230000000    0.187781119    0.187925270    0.192959127
   12.240000000    0.186905867    0.187428035    0.192493947
   12.250000000    0.186213721    0.186992324    0.191318919
   12.260000000    0.185797105    0.186709846    0.189783683
   12.270000000    0.185833588    0.186757921    0.188372429
   12.280000000    0.186438140    0.187268944    0.187568820
   12.290000000    0.187546081    0.188197472    0.187638549
   12.300000000    0.189002056    0.189368720    0.188554998
   12.310000000    0.190692246    0.190616405    0.190072625
   12.320000000    0.192528855    0.191849105    0.191854277
   12.330000000    0.194421598    0.193071269    0.193617064
   12.340000000    0.196350500    0.194378196    0.195257531
   12.350000000    0.198385637    0.195883030    0.196890023
   12.360000000    0.200559010    0.197620882    0.198734073
   12.370000000    0.202783601    0.199529913    0.200916638
   12.380000000    0.204946393    0.201502581    0.203397674
   12.390000000    0.206987894    0.203400759    0.206043810
   12.400000000    0.208827431    0.205015385    0.208642816
   12.410000000    0.210300091    0.206106887    0.210876915
   12.420000000    0.211278878    0.206590197    0.212450380
   12.430000000    0.211839620    0.206690211    0.213261230
   12.440000000    0.212256930    0.206891610    0.213416930
   12.450000000    0.212864881    0.207700114    0.213173507
   12.460000000    0.213915461    0.209391090    0.212870320
   12.470000000    0.215474631    0.211905657    0.212815527
   12.480000000    0.217382007    0.214906763    0.213171969
   12.490000000    0.219348400    0.217952812    0.213932191
   12.500000000    0.221155016    0.220758622    0.215016754
   12.510000000    0.222775478    0.223364794    0.216394962
   12.520000000    0.224332239    0.225999786    0.218093408
   12.530000000    0.225957973    0.228769743    0.220131308
   12.540000000    0.227668652    0.231513894    0.222459119
   12.550000000    0.229394993    0.233982940    0.224967259
   12.560000000    0.231144516    0.236121487    0.227588464
   12.570000000    0.233037295    0.238086429    0.230361810
   12.580000000    0.235160396    0.240015746    0.233317932
   12.590000000    0.237462060    0.241881687    0.236316748
   12.600000000    0.239811684    0.243570380    0.239051750
   12.610000000    0.242100829    0.245027229    0.241187926
   12.620000000    0.244261869    0.246320590    0.242479481
   12.630000000    0.246262310    0.247597324    0.242810302
   12.640000000    0.248150520    0.248985406    0.242240030
   12.650000000    0.250074466    0.250536174    0.241072295
   12.660000000    0.252179658    0.252223823    0.239815442
   12.670000000    0.254452803    0.253978502    0.238979005
   12.680000000    0.256674318    0.255749066    0.238899987
   12.690000000    0.258562107    0.257537280    0.239810443
   12.700000000    0.259995952    0.259350438    0.241999489
   12.710000000    0.261134853    0.261180243    0.245737480
   12.720000000    0.262321635    0.263050456    0.250984421
   12.730000000    0.263816256    0.264963310    0.257251583
   12.740000000    0.265599690    0.266756542    0.263742929
   12.750000000    0.267462479    0.268163767    0.269668601
   12.760000000    0.269181660    0.269020206    0.274646331
   12.770000000    0.270495924    0.269267941    0.278863533
   12.780000000    0.271063321    0.268829170    0.282716344
   12.790000000    0.270707663    0.267669206    0.286307080
   12.800000000    0.269753153    0.266015986    0.289415083
   12.810000000    0.268979061    0.264404229    0.291860270
   12.820000000    0.269226538    0.263494491    0.293739595
   12.830000000    0.271069439    0.263892309    0.295326826
   12.840000000    0.274652643    0.266008254    0.296877213
   12.850000000    0.279580682    0.269899866    0.298609045
   12.860000000    0.284957068    0.275176051    0.300681961
   12.870000000    0.289679971    0.281038276    0.303072075
   12.880000000    0.292825585    0.286458764    0.305575633
   12.890000000    0.293972807    0.290553643    0.307930251
   12.900000000    0.293347384    0.292991054    0.309828673
   12.910000000    0.291582624    0.294016301    0.310844899
   12.920000000    0.289341367    0.294111278    0.310546522
   12.930000000    0.287267536    0.293755878    0.308853516
   12.940000000    0.286044994    0.293376923    0.306275236
   12.950000000    0.286126498    0.293244051    0.303728411
   12.960000000    0.287379002    0.293354624    0.302113552
   12.970000000    0.289130300    0.293467474    0.301940290
   12.980000000    0.290645695    0.293310058    0.303140509
   12.990000000    0.291601625    0.292832907    0.305211181
   13.000000000    0.292120289    0.292258907    0.307602647
   13.010000000    0.292506840    0.291942407    0.310021713
   13.020000000    0.293101528    0.292258739    0.312501708
   13.030000000    0.294224783    0.293531666    0.315253384
   13.040000000    0.296058180    0.295923813    0.318418795
   13.050000000    0.298626664    0.299368884    0.321977028
   13.060000000    0.301988510    0.303665058    0.325855714
   13.070000000    0.306312117    0.308616867    0.330113480
   13.080000000    0.311634859    0.314062927    0.335016835
   13.090000000    0.317633967    0.319831605    0.340810456
   13.100000000    0.323735073    0.325687084    0.347363216
   13.110000000    0.329458723    0.331321232    0.354077128
   13.120000000    0.334597865    0.336419460    0.360121290
   13.130000000    0.339062719    0.340764461    0.364819180
   13.140000000    0.342732026    0.344334858    0.367943267
   13.150000000    0.345461679    0.347218431    0.369610992
   13.160000000    0.347126009    0.349381415    0.369879748
   13.170000000    0.347726804    0.350649759    0.368608610
   13.180000000    0.347428361    0.350864100    0.365688360
   13.190000000    0.346341269    0.349933446    0.361262706
   13.200000000    0.344387651    0.347881532    0.355754991
   13.210000000    0.341535487    0.344975289    0.349671005
   13.220000000    0.338123418    0.341744833    0.343447531
   13.230000000    0.334868919    0.338859166    0.337658526
   13.240000000    0.332484279    0.336917188    0.333222009
   13.250000000    0.331270613    0.336227309    0.331138629
   13.260000000    0.331096208    0.336784034    0.332033602
   13.270000000    0.331665664    0.338401480    0.335931894
   13.280000000    0.332748059    0.340797491    0.342298728
   13.290000000    0.334291792    0.343656018    0.350290333
   13.300000000    0.336489495    0.346737485    0.359070574
   13.310000000    0.339718773    0.349971069    0.367894092
   13.320000000    0.344249933    0.353394687    0.375970083
   13.330000000    0.349847875    0.356907486    0.382494497
   13.340000000    0.355685767    0.360136482    0.387009341
   13.350000000    0.360778384    0.362655279    0.389704505
   13.360000000    0.364587727    0.364347829    0.391286945
   13.370000000    0.367312190    0.365585903    0.392577652
   13.380000000    0.369646702    0.366990881    0.394164277
   13.390000000    0.372201592    0.368921517    0.396126936
   13.400000000    0.375004611    0.371175836    0.397812836
   13.410000000    0.377535245    0.373205922    0.398149666
   13.420000000    0.379350478    0.374644436    0.396636107
   13.430000000    0.380602911    0.375597773    0.393845623
   13.440000000    0.381828128    0.376443600    0.390754684
   13.450000000    0.383312621    0.377403415    0.387868736
   13.460000000    0.384777150    0.378213272    0.385031500
   13.470000000    0.385674821    0.378178854    0.381840410
   13.480000000    0.385753020    0.376777524    0.378187481
   13.490000000    0.385347455    0.374309103    0.374449976
   13.500000000    0.385244732    0.371892080    0.371295997
   13.510000000    0.386205298    0.370790345    0.369421813
   13.520000000    0.388445895    0.371683509    0.369395326
   13.530000000    0.391520835    0.374446388    0.371566589
   13.540000000    0.394735691    0.378498907    0.375973113
   13.550000000    0.397695990    0.383262209    0.382275139
   13.560000000    0.400418387    0.388260939    0.389827353
   13.570000000    0.402938237    0.392937648    0.397852945
   13.580000000    0.404966695    0.396588483    0.405623062
   13.590000000    0.405983096    0.398602420    0.412614070
   13.600000000    0.405614249    0.398811563    0.418569654
   13.610000000    0.403927969    0.397656058    0.423431036
   13.620000000    0.401399451    0.395945979    0.427290314
   13.630000000    0.398665456    0.394411395    0.430526630
   13.640000000    0.396267818    0.393445451    0.433867700
   13.650000000    0.394475828    0.393121751    0.438036096
   13.660000000    0.393260286    0.393357488    0.443233640
   13.670000000    0.392410679    0.394027837    0.448923285
   13.680000000    0.391708421    0.394921889    0.454094005
   13.690000000    0.390976021    0.395617584    0.457825118
   13.700000000    0.389938018    0.395447602    0.459701450
   13.710000000    0.388163599    0.393732011    0.459845691
   13.720000000    0.385277132    0.390194246    0.458696196
   13.730000000    0.381212505    0.385161650    0.456625745
   13.740000000    0.376223157    0.379333809    0.453581500
   13.750000000    0.370734431    0.373443200    0.449257537
   13.760000000    0.365253783    0.368117444    0.443776824
   13.770000000    0.360277305    0.363802845    0.438068228
   13.780000000    0.356085109    0.360607652    0.433416285
   13.790000000    0.352583966    0.358250372    0.430576582
   13.800000000    0.349416617    0.356266330    0.429368608
   13.810000000    0.346295814    0.354301463    0.429132641
   13.820000000    0.343244499    0.352266526    0.429464279
   13.830000000    0.340579723    0.350345001    0.430445054
   13.840000000    0.338771522    0.348918526    0.432271501
   13.850000000    0.338258862    0.348418733    0.434879145
   13.860000000    0.339227266    0.349111989    0.437984687
   13.870000000    0.341496103    0.350932062    0.441322826
   13.880000000    0.344633434    0.353504750    0.444688080
   13.890000000    0.348122824    0.356296806    0.447794872
   13.900000000    0.351464835    0.358797088    0.450202185
   13.910000000    0.354281667    0.360693382    0.451481503
   13.920000000    0.356401055    0.361949509    0.451556760
   13.930000000    0.357861039    0.362770265    0.450804242
   13.940000000    0.358853821    0.363506482    0.449708914
   13.950000000    0.359664229    0.364515965    0.448490563
   13.960000000    0.360608365    0.366003004    0.447082954
   13.970000000    0.361936183    0.367919617    0.445347051
   13.980000000    0.363747767    0.370024187    0.443337420
   13.990000000    0.365980040    0.372048277    0.441437248
   14.000000000    0.368490117    0.373869730    0.440256086
   14.010000000    0.371251378    0.375647760    0.440399843
   14.020000000    0.374471199    0.377795485    0.442122141
   14.030000000    0.378408057    0.380712942    0.445071809
   14.040000000    0.383023995    0.384451273    0.448508483
   14.050000000    0.387875307    0.388611520    0.451815611
   14.060000000    0.392444777    0.392604276    0.454755499
   14.070000000    0.396532012    0.396005877    0.457299530
   14.080000000    0.400269196    0.398734953    0.459477943
   14.090000000    0.403888115    0.401025800    0.461417953
   14.100000000    0.407513356    0.403224922    0.463293309
   14.110000000    0.411145566    0.405587611    0.465348987
   14.120000000    0.414868792    0.408314779    0.468076095
   14.130000000    0.418904689    0.411616679    0.471957812
   14.140000000    0.423260694    0.415491276    0.476916759
   14.150000000    0.427458793    0.419494969    0.482373257
   14.160000000    0.430809299    0.422944063    0.487879434
   14.170000000    0.432876613    0.425377628    0.493385598
   14.180000000    0.433616989    0.426743528    0.498863915
   14.190000000    0.433308591    0.427268075    0.504051612
   14.200000000    0.432472783    0.427312573    0.508755695
   14.210000000    0.431605923    0.427152868    0.513157821
   14.220000000    0.430869790    0.426749685    0.517608379
   14.230000000    0.430191712    0.425920577    0.522222841
   14.240000000    0.429561967    0.424721816    0.526658944
   14.250000000    0.428984130    0.423490021    0.530094637
   14.260000000    0.428184373    0.422538240    0.531575003
   14.270000000    0.426647400    0.421910340    0.530746962
   14.280000000    0.424224124    0.421531473    0.528392164
   14.290000000    0.421575120    0.421471517    0.526054814
   14.300000000    0.419721681    0.421868600    0.525015926
   14.310000000    0.419322922    0.422822303    0.525678742
   14.320000000    0.420441303    0.424498160    0.527732514
   14.330000000    0.422744852    0.427106142    0.530612612
   14.340000000    0.425838791    0.430678686    0.533900219
   14.350000000    0.429478313    0.434950973    0.537563196
   14.360000000    0.433537265    0.439478110    0.541857978
   14.370000000    0.437861562    0.443855433    0.546902256
   14.380000000    0.442252233    0.447902078    0.552440784
   14.390000000    0.446522496    0.451676305    0.558086058
   14.400000000    0.450491465    0.455283509    0.563670417
   14.410000000    0.453921768    0.458629306    0.569306718
   14.420000000    0.456515245    0.461367461    0.575096960
   14.430000000    0.458267461    0.463257767    0.580985972
   14.440000000    0.459960664    0.464650091    0.586864948
   14.450000000    0.463037301    0.466487326    0.592462978
   14.460000000    0.468814766    0.469765453    0.597302378
   14.470000000    0.477687330    0.474818440    0.600922467
   14.480000000    0.488796964    0.480921314    0.602889676
   14.490000000    0.500343869    0.486693645    0.602616709
   14.500000000    0.510260994    0.490968590    0.599369252
   14.510000000    0.516762424    0.493213747    0.592682548
   14.520000000    0.518686437    0.493287713    0.583002337
   14.530000000    0.515894855    0.491244006    0.571829377
   14.540000000    0.509515093    0.487545850    0.561065217
   14.550000000    0.501484476    0.483146609    0.552245439
   14.560000000    0.493702586    0.479191408    0.546276834
   14.570000000    0.487584074    0.476712009    0.543563908
   14.580000000    0.484100336    0.476444425    0.544079270
   14.590000000    0.483858078    0.478682815    0.547246009
   14.600000000    0.487032550    0.483310043    0.551927713
   14.610000000    0.493256119    0.489974343    0.556632785
   14.620000000    0.501606206    0.498131822    0.559754047
   14.630000000    0.510733815    0.506904892    0.559789332
   14.640000000    0.519073790    0.515028422    0.555826571
   14.650000000    0.525280129    0.521270756    0.548232309
   14.660000000    0.528786669    0.525152880    0.538705039
   14.670000000    0.529999356    0.527266301    0.529460678
   14.680000000    0.529982905    0.528943636    0.522327154
   14.690000000    0.529902796    0.531562280    0.518293704
   14.700000000    0.530606824    0.536015382    0.517531980
   14.710000000    0.532585138    0.542696245    0.519581591
   14.720000000    0.536073631    0.551588225    0.523485206
   14.730000000    0.541039898    0.562088742    0.528059781
   14.740000000    0.547100475    0.572854578    0.532438817
   14.750000000    0.553594171    0.582174538    0.536526348
   14.760000000    0.559880334    0.588801324    0.540815542
   14.770000000    0.565526726    0.592365167    0.545642123
   14.780000000    0.570216232    0.593071854    0.550703338
   14.790000000    0.573831186    0.591525008    0.555503985
   14.800000000    0.576801820    0.588909005    0.560121513
   14.810000000    0.579995327    0.586760043    0.565039186
   14.820000000    0.583988542    0.586216705    0.570193270
   14.830000000    0.588621946    0.587594851    0.574682477
   14.840000000    0.593343028    0.590608762    0.577460693
   14.850000000    0.597676608    0.594683333    0.577973828
   14.860000000    0.601189374    0.599056005    0.576327020
   14.870000000    0.603347571    0.602895480    0.573361914
   14.880000000    0.603805893    0.605587120    0.570516812
   14.890000000    0.602760889    0.607001843    0.569193147
   14.900000000    0.600877239    0.607519953    0.570155418
   14.910000000    0.599051325    0.607866465    0.573502143
   14.920000000    0.598309415    0.608900202    0.578943361
   14.930000000    0.599601998    0.611334492    0.585909619
   14.940000000    0.603466195    0.615456230    0.593536809
   14.950000000    0.609763291    0.620900647    0.600842846
   14.960000000    0.617676102    0.626723889    0.607057928
   14.970000000    0.626078936    0.632034107    0.611757475
   14.980000000    0.633863129    0.636507630    0.614574439
   14.990000000    0.640016316    0.640092947    0.614825192
   15.000000000    0.643910659    0.642550273    0.611793218
   15.010000000    0.645603128    0.643570847    0.605734463
   15.020000000    0.645543013    0.643131949    0.598449230
   15.030000000    0.644210706    0.641729684    0.592620078
   15.040000000    0.642251586    0.640336969    0.590519352
   15.050000000    0.640528501    0.639808112    0.593011589
   15.060000000    0.639752243    0.640209331    0.599253260
   15.070000000    0.640240995    0.640949358    0.607141627
   15.080000000    0.642127602    0.641630329    0.614422026
   15.090000000    0.645569373    0.642563380    0.619811680
   15.100000000    0.650629559    0.644369026    0.623170655
   15.110000000    0.656983541    0.647230329    0.624865989
   15.120000000    0.663731247    0.650613551    0.625289500
   15.130000000    0.669623136    0.653680723    0.624745774
   15.140000000    0.673644849    0.655934936    0.623417894
   15.150000000    0.675577502    0.657626667    0.621330138
   15.160000000    0.676168717    0.659667614    0.618477622
   15.170000000    0.676564453    0.662915041    0.615159277
   15.180000000    0.677297132    0.667390962    0.612005640
   15.190000000    0.677852189    0.672223069    0.609524239
   15.200000000    0.677277293    0.676218750    0.607935465
   15.210000000    0.675130093    0.678517345    0.607506477
   15.220000000    0.671821699    0.678927212    0.608515784
   15.230000000    0.668313200    0.677886344    0.610699878
   15.240000000    0.665716318    0.676251741    0.613117864
   15.250000000    0.664916698    0.674910458    0.614892652
   15.260000000    0.666255861    0.674390699    0.616227327
   15.270000000    0.669580332    0.674879362    0.618559391
   15.280000000    0.674563715    0.676454398    0.623421991
   15.290000000    0.680824109    0.679087703    0.631077245
   15.300000000    0.687699641    0.682453147    0.640206835
   15.310000000    0.694190824    0.685983404    0.648917188
   15.320000000    0.699513718    0.689311845    0.656214182
   15.330000000    0.703699146    0.692491746    0.662346542
   15.340000000    0.707330193    0.695611245    0.667613587
   15.350000000    0.710874586    0.698541867    0.671511756
   15.360000000    0.714518809    0.701293937    0.673359155
   15.370000000    0.718385461    0.704344939    0.673023741
   15.380000000    0.722717406    0.708428288    0.670725908
   15.390000000    0.727823363    0.714076721    0.666830192
   15.400000000    0.733848268    0.721306069    0.662177412
   15.410000000    0.740634739    0.729522703    0.658042634
   15.420000000    0.747778836    0.737752091    0.655294955
   15.430000000    0.754775623    0.745017420    0.653712771
   15.440000000    0.761139765    0.750513990    0.652341680
   15.450000000    0.766439034    0.753661452    0.650437761
   15.460000000    0.770443383    0.754502363    0.647918817
   15.470000000    0.773407956    0.754085216    0.645176352
   15.480000000    0.776044621    0.753975282    0.642830852
   15.490000000    0.779092205    0.755405522    0.641542394
   15.500000000    0.782968441    0.758995335    0.641594465
   15.510000000    0.787828895    0.764897029    0.642457352
   15.520000000    0.793726887    0.772904193    0.642840963
   15.530000000    0.800514313    0.782414157    0.641322688
   15.540000000    0.807557893    0.792425985    0.637107737
   15.550000000    0.813593817    0.801814911    0.630325169
   15.560000000    0.817151226    0.809824242    0.621809502
   15.570000000    0.817333850    0.816206298    0.612741186
   15.580000000    0.814213738    0.820813583    0.604214867
   15.590000000    0.808672572    0.823382469    0.596867262
   15.600000000    0.801998205    0.823933803    0.590892636
   15.610000000    0.795622230    0.823388519    0.586400972
   15.620000000    0.790976834    0.823515812    0.583738535
   15.630000000    0.789120450    0.825854456    0.583566960
   15.640000000    0.790233496    0.830689681    0.586594872
   15.650000000    0.793473607    0.837143246    0.592929380
   15.660000000    0.797613181    0.844144848    0.601543417
   15.670000000    0.802035168    0.851213234    0.610502953
   15.680000000    0.806957133    0.858282978    0.617846662
   15.690000000    0.812738441    0.865134447    0.622517112
   15.700000000    0.819267209    0.871353949    0.624854524
   15.710000000    0.826111439    0.876850988    0.626179213
   15.720000000    0.833096902    0.882279493    0.627730215
   15.730000000    0.840693026    0.888960432    0.630242612
   15.740000000    0.850033458    0.898330008    0.634514810
   15.750000000    0.862476712    0.911093027    0.641659030
   15.760000000    0.878669174    0.926531951    0.652505765
   15.770000000    0.897862933    0.942679969    0.667123635
   15.780000000    0.918312259    0.957344874    0.684966770
   15.790000000    0.938110990    0.968820688    0.705263329
   15.800000000    0.955626653    0.976064719    0.727313078
   15.810000000    0.970000207    0.979241062    0.750632390
   15.820000000    0.981871235    0.980194960    0.774848420
   15.830000000    0.993278649    0.981787179    0.799394248
   15.840000000    1.006254038    0.986334434    0.823137714
   15.850000000    1.021254578    0.994286255    0.844040813
   15.860000000    1.037132256    1.004311334    0.859548843
   15.870000000    1.052752810    1.014764666    0.868165312
   15.880000000    1.068196002    1.024831788    0.870802647
   15.890000000    1.084117207    1.034420968    0.870360928
   15.900000000    1.100591194    1.043827425    0.870239303
   15.910000000    1.117110084    1.053822053    0.872987514
   15.920000000    1.133354682    1.065526126    0.879539754
   15.930000000    1.149484752    1.079807113    0.889297449
   15.940000000    1.165482895    1.096617619    0.900669654
   15.950000000    1.180348087    1.114786380    0.911327724
   15.960000000    1.192457338    1.132606155    0.918610358
   15.970000000    1.200655230    1.148650585    0.920735533
   15.980000000    1.204512230    1.161862675    0.918020390
   15.990000000    1.203972208    1.171105588    0.912739732
   16.000000000    1.199433660    1.175315705    0.907491380
   16.010000000    1.192283736    1.174608927    0.903626886
   16.020000000    1.185009384    1.170900381    0.901202849
   16.030000000    1.180148937    1.166796077    0.900000241
   16.040000000    1.178860881    1.163921416    0.900292038
   16.050000000    1.180400037    1.162365911    0.902689071
   16.060000000    1.182758784    1.161361908    0.907304287
   16.070000000    1.184022492    1.160407625    0.913196500
   16.080000000    1.183801932    1.160219782    0.918873880
   16.090000000    1.183695813    1.162868198    0.923441131
   16.100000000    1.186175873    1.170565013    0.927284506
   16.110000000    1.193024521    1.184134569    0.931985202
   16.120000000    1.204727611    1.202650384    0.939590932
   16.130000000    1.220821468    1.224276029    0.951550043
   16.140000000    1.240120181    1.247100672    0.968123928
   16.150000000    1.260050372    1.268744522    0.988395440
   16.160000000    1.276196807    1.285558075    1.010307703
   16.170000000    1.283944104    1.293850757    1.030617162
   16.180000000    1.281401282    1.292689275    1.045575506
   16.190000000    1.270477206    1.284653478    1.052652350
   16.200000000    1.255276815    1.273883847    1.052133553
   16.210000000    1.240106577    1.264307279    1.047514523
   16.220000000    1.228648497    1.259282564    1.044310196
   16.230000000    1.223760190    1.261430540    1.047633338
   16.240000000    1.227171565    1.271880426    1.060056916
   16.250000000    1.239118766    1.289634694    1.081264479
   16.260000000    1.258166093    1.311822120    1.109174487
   16.270000000    1.281499102    1.334763153    1.140949201
   16.280000000    1.305834369    1.355289667    1.173148311
   16.290000000    1.328536232    1.371762274    1.202168225
   16.300000000    1.348020063    1.384217564    1.225734854
   16.310000000    1.363203492    1.393610799    1.243583004
   16.320000000    1.372874185    1.400701429    1.256272167
   16.330000000    1.375962425    1.405337347    1.264197789
   16.340000000    1.372454836    1.406654376    1.267689132
   16.350000000    1.363546297    1.403560704    1.267101278
   16.360000000    1.350710873    1.394645016    1.262952510
   16.370000000    1.335038647    1.378304778    1.256343400
   16.380000000    1.317494432    1.354084609    1.248711701
   16.390000000    1.299335386    1.324061296    1.240814099
   16.400000000    1.281892462    1.292310356    1.232146629
   16.410000000    1.265642592    1.262561484    1.221498385
   16.420000000    1.249658651    1.236330794    1.208129836
   16.430000000    1.232454544    1.213131000    1.192472592
   16.440000000    1.213493468    1.192057077    1.176014484
   16.450000000    1.193670331    1.172923724    1.160788405
   16.460000000    1.174703210    1.156369158    1.148767325
   16.470000000    1.158537366    1.143553358    1.141489705
   16.480000000    1.146632634    1.135438687    1.139977221
   16.490000000    1.139052452    1.131779430    1.144749159
   16.500000000    1.134388772    1.130923431    1.155766367
   16.510000000    1.130905768    1.130820542    1.172527086
   16.520000000    1.127729397    1.130022827    1.194410525
   16.530000000    1.124836485    1.127622662    1.220627561
   16.540000000    1.122391952    1.122961891    1.249956865
   16.550000000    1.120482591    1.115953453    1.281069947
   16.560000000    1.118936227    1.107114947    1.312864181
   16.570000000    1.117049776    1.097002589    1.343865016
   16.580000000    1.113958118    1.086271870    1.371504310
   16.590000000    1.109423069    1.076344744    1.392891652
   16.600000000    1.103918408    1.069162319    1.406668192
   16.610000000    1.098253775    1.066074179    1.413590800
   16.620000000    1.093752980    1.067415317    1.415589549
   16.630000000    1.092178601    1.072817335    1.414880675
   16.640000000    1.094450906    1.081057912    1.413126226
   16.650000000    1.099597563    1.089777942    1.410935324
   16.660000000    1.105475313    1.096511291    1.408588240
   16.670000000    1.110392215    1.100408553    1.406856744
   16.680000000    1.113725846    1.102364143    1.406687608
   16.690000000    1.115393333    1.103477489    1.408226102
   16.700000000    1.115540985    1.104062817    1.410190127
   16.710000000    1.114766259    1.104057123    1.410714819
   16.720000000    1.114123903    1.103749850    1.409550879
   16.730000000    1.114560047    1.103819959    1.408859526
   16.740000000    1.116317404    1.104889335    1.411215527
   16.750000000    1.119209830    1.107501850    1.417633743
   16.760000000    1.123344459    1.112369107    1.427741076
   16.770000000    1.129091429    1.119996971    1.440582657
   16.780000000    1.136588578    1.130059649    1.454854586
   16.790000000    1.145763820    1.141566702    1.469663938
   16.800000000    1.156685282    1.153728695    1.485815140
   16.810000000    1.169498267    1.166374190    1.505764882
   16.820000000    1.183896931    1.179421401    1.531564892
   16.830000000    1.198785666    1.192404939    1.562628112
   16.840000000    1.212745563    1.204816671    1.595912018
   16.850000000    1.224926271    1.216488474    1.628270948
   16.860000000    1.235598582    1.227564139    1.658206098
   16.870000000    1.246241765    1.238658012    1.685856244
   16.880000000    1.258785408    1.250776529    1.711771479
   16.890000000    1.274162532    1.264481511    1.735633551
   16.900000000    1.291737880    1.279470155    1.756459088
   16.910000000    1.310204231    1.295204753    1.774083158
   16.920000000    1.328649079    1.311605736    1.789933845
   16.930000000    1.346480995    1.328834087    1.806086133
   16.940000000    1.362690476    1.346414618    1.823653554
   16.950000000    1.375840821    1.362886796    1.842006767
   16.960000000    1.385075395    1.376623863    1.859431241
   16.970000000    1.391070960    1.387119745    1.874966404
   16.980000000    1.395813210    1.395537113    1.889814253
   16.990000000    1.401321605    1.404101342    1.906174616
   17.000000000    1.408434757    1.414973277    1.924337946
   17.010000000    1.416670344    1.429540318    1.941997143
   17.020000000    1.425151242    1.448147321    1.957170831
   17.030000000    1.433672540    1.469945490    1.970906795
   17.040000000    1.442840542    1.492844461    1.986074303
   17.050000000    1.453084860    1.513690265    2.003673928
   17.060000000    1.463981857    1.529410641    2.020690024
   17.070000000    1.475115806    1.539110635    2.032116421
   17.080000000    1.487358433    1.545141670    2.035453243
   17.090000000    1.502727001    1.551776543    2.032586271
   17.100000000    1.522943538    1.562734118    2.027182565
   17.110000000    1.548234711    1.579495312    2.021113585
   17.120000000    1.577247153    1.601103500    2.014112722
   17.130000000    1.607840870    1.625164638    2.006134256
   17.140000000    1.637844592    1.648908976    1.997956534
   17.150000000    1.664873199    1.669248112    1.989389260
   17.160000000    1.686057892    1.682882607    1.978752234
   17.170000000    1.699051797    1.687757631    1.964255376
   17.180000000    1.703009836    1.684239316    1.945129874
   17.190000000    1.698251634    1.674333843    1.922142797
   17.200000000    1.685875383    1.660218326    1.897870759
   17.210000000    1.668161721    1.643940317    1.876104034
   17.220000000    1.648728984    1.627955832    1.860398417
   17.230000000    1.631675431    1.615034807    1.852860200
   17.240000000    1.620120923    1.607210649    1.853366368
   17.250000000    1.614846532    1.604533413    1.859378088
   17.260000000    1.614119149    1.605027280    1.867361743
   17.270000000    1.615142233    1.606363475    1.875143560
   17.280000000    1.615681645    1.607365749    1.882410979
   17.290000000    1.614793463    1.607954366    1.888888098
   17.300000000    1.613120494    1.608697456    1.893355887
   17.310000000    1.612555428    1.610698389    1.894966293
   17.320000000    1.615136584    1.615390757    1.894490535
   17.330000000    1.622360222    1.624313054    1.893553281
   17.340000000    1.635039559    1.638615800    1.892843268
   17.350000000    1.653178554    1.658388563    1.891782653
   17.360000000    1.675992511    1.682582189    1.890058316
   17.370000000    1.701825582    1.709196258    1.888468557
   17.380000000    1.728073609    1.735341345    1.887839944
   17.390000000    1.751922951    1.758076529    1.888324592
   17.400000000    1.771434706    1.775941456    1.890539867
   17.410000000    1.785770816    1.789355710    1.895889938
   17.420000000    1.795026091    1.799540602    1.905009943
   17.430000000    1.800415102    1.807538386    1.917578051
   17.440000000    1.804127096    1.813955481    1.934102658
   17.450000000    1.808362639    1.818818922    1.956117974
   17.460000000    1.814098559    1.821575158    1.983844881
   17.470000000    1.820775592    1.821817990    2.014539740
   17.480000000    1.827578888    1.820169759    2.043607050
   17.490000000    1.834641985    1.818083533    2.066344059
   17.500000000    1.842532251    1.816848954    2.078603838
   17.510000000    1.851069832    1.816862552    2.077858269
   17.520000000    1.858946365    1.817483613    2.064451728
   17.530000000    1.864237486    1.817317920    2.041382325
   17.540000000    1.865333408    1.814787886    2.012605153
   17.550000000    1.861881995    1.809127127    1.981385914
   17.560000000    1.855018379    1.801218818    1.949914312
   17.570000000    1.846420434    1.793223959    1.919365479
   17.580000000    1.836880135    1.787071624    1.890020195
   17.590000000    1.825666138    1.782981615    1.861812616
   17.600000000    1.811540347    1.779437099    1.834650749
   17.610000000    1.794149766    1.774517912    1.808213114
   17.620000000    1.773921215    1.766803816    1.782032224
   17.630000000    1.751365327    1.755355492    1.756135647
   17.640000000    1.727100997    1.739923467    1.731504903
   17.650000000    1.702042442    1.721471421    1.709705779
   17.660000000    1.677327109    1.702020328    1.691871345
   17.670000000    1.653999555    1.683480502    1.677739315
   17.680000000    1.632659604    1.666539315    1.665601166
   17.690000000    1.613573835    1.650878667    1.653473312
   17.700000000    1.597113204    1.636247342    1.640638753
   17.710000000    1.583945251    1.623007508    1.627953737
   17.720000000    1.574644234    1.611732957    1.616434623
   17.730000000    1.568937362    1.602421138    1.605765637
   17.740000000    1.565517475    1.594342908    1.594460217
   17.750000000    1.562987165    1.586871574    1.581556091
   17.760000000    1.560882195    1.580123367    1.567586662
   17.770000000    1.559503668    1.574396017    1.553445408
   17.780000000    1.559357812    1.569604066    1.539255671
   17.790000000    1.561130469    1.565719827    1.524594707
   17.800000000    1.565280398    1.562955986    1.508920569
   17.810000000    1.571115972    1.561219780    1.491806045
   17.820000000    1.576988115    1.560213106    1.473443515
   17.830000000    1.581681895    1.560227416    1.455116699
   17.840000000    1.585228027    1.562207754    1.438616962
   17.850000000    1.588444357    1.566881030    1.424863541
   17.860000000    1.591862546    1.574038950    1.413399238
   17.870000000    1.595159478    1.582584275    1.403085515
   17.880000000    1.597611884    1.590992437    1.392919065
   17.890000000    1.598563421    1.597720981    1.382632355
   17.900000000    1.597366414    1.601562919    1.373176469
   17.910000000    1.593598918    1.602101291    1.366685184
   17.920000000    1.587591980    1.600023334    1.365547040
   17.930000000    1.580378587    1.596706288    1.370934489
   17.940000000    1.573141092    1.593340750    1.381708378
   17.950000000    1.566900752    1.590734676    1.394754335
   17.960000000    1.562416447    1.589813837    1.406907047
   17.970000000    1.560190299    1.591747409    1.416975027
   17.980000000    1.560620539    1.597285295    1.426033765
   17.990000000    1.563937546    1.606101120    1.435798896
   18.000000000    1.569879075    1.616859304    1.446821387
   18.010000000    1.577434721    1.627513749    1.458261687
   18.020000000    1.584927801    1.635537050    1.468807662
   18.030000000    1.590743654    1.638922739    1.477444998
   18.040000000    1.594312506    1.637615260    1.483956910
   18.050000000    1.596345181    1.633490375    1.489127586
   18.060000000    1.598143082    1.628772696    1.494330259
   18.070000000    1.600737637    1.624601724    1.500982722
   18.080000000    1.604641362    1.620882432    1.510506795
   18.090000000    1.609928213    1.616984786    1.524225684
   18.100000000    1.616062312    1.612307188    1.542640895
   18.110000000    1.621865722    1.606581251    1.564978512
   18.120000000    1.626076330    1.600170591    1.589641192
   18.130000000    1.628196453    1.594225247    1.615228539
   18.140000000    1.628866879    1.590321832    1.641315443
   18.150000000    1.629573108    1.589920286    1.668021496
   18.160000000    1.631955242    1.593984106    1.694815092
   18.170000000    1.636593419    1.602104395    1.719836913
   18.180000000    1.642187130    1.611724287    1.740445709
   18.190000000    1.646381082    1.619119515    1.754477544
   18.200000000    1.647393576    1.621525419    1.760865634
   18.210000000    1.644900553    1.618365341    1.759546607
   18.220000000    1.639507377    1.610792474    1.751532005
   18.230000000    1.631744967    1.600674193    1.739176770
   18.240000000    1.622182495    1.590210671    1.725909971
   18.250000000    1.611997419    1.581586454    1.715005874
   18.260000000    1.602635996    1.576236567    1.708355952
   18.270000000    1.595222149    1.574621734    1.706360229
   18.280000000    1.590582342    1.576560130    1.708342851
   18.290000000    1.589333015    1.581355014    1.712593547
   18.300000000    1.591383550    1.587758457    1.716610727
   18.310000000    1.595516189    1.594249884    1.718022478
   18.320000000    1.599927523    1.599647171    1.715503707
   18.330000000    1.603309937    1.603515294    1.709214048
   18.340000000    1.605509018    1.606053892    1.700781586
   18.350000000    1.607528565    1.607935867    1.692785401
   18.360000000    1.611148123    1.610382826    1.687911174
   18.370000000    1.618063855    1.614827773    1.687954548
   18.380000000    1.628726425    1.621938766    1.692875711
   18.390000000    1.641905854    1.630917709    1.700539623
   18.400000000    1.655514647    1.639884829    1.707464174
   18.410000000    1.667877107    1.647089713    1.710248508
   18.420000000    1.678213680    1.651871293    1.707238264
   18.430000000    1.686189703    1.654763828    1.699726841
   18.440000000    1.691591912    1.657010055    1.691457161
   18.450000000    1.694794759    1.659972888    1.686544285
   18.460000000    1.697161831    1.664760789    1.687548771
   18.470000000    1.700215605    1.671930109    1.694527728
   18.480000000    1.704158985    1.681253512    1.704842337
   18.490000000    1.707372114    1.691658944    1.713758165
   18.500000000    1.707407809    1.701208392    1.716137238
   18.510000000    1.702699954    1.707534250    1.708995065
   18.520000000    1.693714219    1.709100499    1.693424318
   18.530000000    1.682565759    1.706116901    1.673783740
   18.540000000    1.671520179    1.700017111    1.654526437
   18.550000000    1.661819227    1.692308101    1.637721494
   18.560000000    1.653550616    1.683851458    1.622927413
   18.570000000    1.646281685    1.674757516    1.608579374
   18.580000000    1.639941135    1.664975409    1.593791911
   18.590000000    1.635376606    1.655379984    1.579773263
   18.600000000    1.634063175    1.648274246    1.569709862
   18.610000000    1.637169369    1.646446755    1.566814004
   18.620000000    1.644724933    1.651406089    1.572050031
   18.630000000    1.655685894    1.662379861    1.583587194
   18.640000000    1.668802964    1.676860000    1.598427983
   18.650000000    1.682790609    1.691610025    1.614148876
   18.660000000    1.695659011    1.703218866    1.629044833
   18.670000000    1.705090493    1.709115689    1.642001975
   18.680000000    1.709656722    1.708678116    1.652919499
   18.690000000    1.709110063    1.702969383    1.662414584
   18.700000000    1.704143512    1.693984270    1.670909406
   18.710000000    1.696464346    1.684491196    1.678347310
   18.720000000    1.688245514    1.677371221    1.684262651
   18.730000000    1.680855446    1.674204653    1.687674371
   18.740000000    1.674279930    1.674640803    1.687534080
   18.750000000    1.667751926    1.677141621    1.683903724
   18.760000000    1.660866419    1.680362132    1.678352096
   18.770000000    1.654240541    1.684114306    1.672877643
   18.780000000    1.649339553    1.689186731    1.668665266
   18.790000000    1.647561621    1.696116165    1.665836579
   18.800000000    1.649106688    1.703883082    1.664075420
   18.810000000    1.652695189    1.709880645    1.663131387
   18.820000000    1.656666462    1.711727533    1.662845148
   18.830000000    1.660553595    1.709396111    1.663399090
   18.840000000    1.665612243    1.705426182    1.665615163
   18.850000000    1.673609475    1.703045926    1.670523890
   18.860000000    1.684941739    1.703994389    1.678326852
   18.870000000    1.697939468    1.707751526    1.687470111
   18.880000000    1.709869500    1.712416640    1.694664193
   18.890000000    1.718779252    1.716430962    1.696475045
   18.900000000    1.724737583    1.719787024    1.691355293
   18.910000000    1.729220907    1.723433956    1.679893869
   18.920000000    1.733060786    1.727468030    1.663324088
   18.930000000    1.735155625    1.730355260    1.642652432
   18.940000000    1.733496859    1.730028429    1.619335512
   18.950000000    1.727151038    1.725319859    1.595924517
   18.960000000    1.716976891    1.716394796    1.575368025
   18.970000000    1.705058979    1.704515035    1.559698888
   18.980000000    1.694070307    1.691854047    1.549581302
   18.990000000    1.686820612    1.681173223    1.544943472
   19.000000000    1.685399780    1.674902857    1.545764196
   19.010000000    1.690118954    1.674088690    1.552085861
   19.020000000    1.699196088    1.677922665    1.563033909
   19.030000000    1.709579911    1.684082936    1.576005525
   19.040000000    1.718314686    1.689767221    1.587416921
   19.050000000    1.723418205    1.692804022    1.594589119
   19.060000000    1.724117004    1.692212605    1.597047467
   19.070000000    1.720769889    1.688181957    1.596147097
   19.080000000    1.714465284    1.681653646    1.593836400
   19.090000000    1.706543515    1.673744517    1.591791992
   19.100000000    1.698338967    1.665404851    1.591057868
   19.110000000    1.691053161    1.657477043    1.591988121
   19.120000000    1.685612391    1.650812449    1.594536408
   19.130000000    1.682463811    1.646107753    1.598514431
   19.140000000    1.681407237    1.643716807    1.603291498
   19.150000000    1.681661611    1.643700664    1.607652205
   19.160000000    1.681977302    1.645729438    1.610407171
   19.170000000    1.680981435    1.649001764    1.611032420
   19.180000000    1.678041047    1.652836703    1.609718138
   19.190000000    1.673888387    1.657453008    1.607043012
   19.200000000    1.670411086    1.664023174    1.603679326
   19.210000000    1.670018622    1.674169133    1.600302331
   19.220000000    1.674827282    1.689105342    1.597542136
   19.230000000    1.685695149    1.708557960    1.595771340
   19.240000000    1.701798938    1.730342237    1.594795061
   19.250000000    1.720982100    1.750939602    1.593538575
   19.260000000    1.740322753    1.766782004    1.590271108
   19.270000000    1.756895745    1.775939755    1.583953666
   19.280000000    1.768697075    1.778894762    1.575637052
   19.290000000    1.775142661    1.777544425    1.568111893
   19.300000000    1.776813978    1.773700004    1.563904399
   19.310000000    1.774662365    1.768352726    1.563575684
   19.320000000    1.769345310    1.761777845    1.565679982
   19.330000000    1.761516262    1.754313147    1.568107307
   19.340000000    1.752480364    1.747024910    1.569547052
   19.350000000    1.743975188    1.741478963    1.569864372
   19.360000000    1.737240954    1.738811600    1.569601784
   19.370000000    1.732467771    1.739060086    1.569764801
   19.380000000    1.729282418    1.741673512    1.571721022
   19.390000000    1.727621280    1.746405938    1.576401368
   19.400000000    1.727940059    1.753253668    1.583319945
   19.410000000    1.730841585    1.761969469    1.590504838
   19.420000000    1.736704332    1.772088183    1.595572829
   19.430000000    1.745331541    1.782923487    1.597080516
   19.440000000    1.755759840    1.793207849    1.595130098
   19.450000000    1.766707821    1.801233905    1.590942442
   19.460000000    1.777333417    1.805756393    1.585961842
   19.470000000    1.787492891    1.806718786    1.581201814
   19.480000000    1.797468723    1.805147578    1.576867501
   19.490000000    1.807567187    1.802587211    1.572427034
   19.500000000    1.817891220    1.800616346    1.567337506
   19.510000000    1.828251195    1.800309975    1.561798892
   19.520000000    1.837925743    1.801730030    1.556960254
   19.530000000    1.845627460    1.804157633    1.554517138
   19.540000000    1.850265285    1.807025519    1.555881233
   19.550000000    1.851915630    1.810589024    1.561560220
   19.560000000    1.851706122    1.815635394    1.571136506
   19.570000000    1.850910121    1.822744297    1.583484979
   19.580000000    1.850519562    1.832013470    1.597014026
   19.590000000    1.851401434    1.843303280    1.610239466
   19.600000000    1.854439698    1.856469217    1.622547040
   19.610000000    1.860484327    1.871266982    1.634225012
   19.620000000    1.870309720    1.887371798    1.645734874
   19.630000000    1.884282725    1.904697786    1.657263304
   19.640000000    1.901855832    1.923493708    1.668963006
   19.650000000    1.921635765    1.943949592    1.681104682
   19.660000000    1.942064850    1.965768127    1.693826555
   19.670000000    1.962171849    1.988268461    1.707121418
   19.680000000    1.981685231    2.010676855    1.720906229
   19.690000000    2.000325679    2.032176432    1.734816150
   19.700000000    2.017323013    2.052051471    1.747937984
   19.710000000    2.032003127    2.069899493    1.758650052
   19.720000000    2.044386954    2.085344948    1.764545281
   19.730000000    2.054710697    2.097525898    1.762819760
   19.740000000    2.062680776    2.105299053    1.751725430
   19.750000000    2.067508963    2.107984587    1.732168860
   19.760000000    2.068449860    2.105652678    1.707847364
   19.770000000    2.065290525    2.098876799    1.683898816
   19.780000000    2.058813804    2.088611926    1.664911524
   19.790000000    2.050784885    2.076314333    1.653211759
   19.800000000    2.043060516    2.063926667    1.648665717
   19.810000000    2.036682991    2.053532003    1.650090110
   19.820000000    2.031847521    2.046692311    1.656706169
   19.830000000    2.028471672    2.043730581    1.668423428
   19.840000000    2.026684760    2.043504882    1.684981679
   19.850000000    2.026905574    2.043997706    1.704710721
   19.860000000    2.029556328    2.043443871    1.724093794
   19.870000000    2.034693237    2.041196854    1.738885968
   19.880000000    2.041920983    2.037640826    1.746095756
   19.890000000    2.050559484    2.033446026    1.745317421
   19.900000000    2.059789498    2.029213523    1.738639864
   19.910000000    2.068851585    2.025806429    1.729204874
   19.920000000    2.077405483    2.024512215    1.719596719
   19.930000000    2.085720764    2.026464669    1.711354459
   19.940000000    2.094414501    2.032023267    1.705100461
   19.950000000    2.104056558    2.040891859    1.700524225
   19.960000000    2.115028186    2.052436472    1.696687050
   19.970000000    2.127507586    2.065667167    1.692698583
   19.980000000    2.141463692    2.079435228    1.688304445
   19.990000000    2.156674786    2.092983969    1.684388611
   20.000000000    2.172810112    2.106444588    1.682900772
   20.010000000    2.189870882    2.121055128    1.685543381
   20.020000000    2.208282660    2.138491421    1.692093084
   20.030000000    2.227627428    2.159185454    1.700330534
   20.040000000    2.245404233    2.181049768    1.707931241
   20.050000000    2.258116836    2.200154877    1.714193994
