# energy grid [eV]     epsi_x  epsi_y  epsi_z
#
    0.050000000    0.001372928    0.001375696    0.001403402
    0.060000000    0.001647947    0.001651273    0.001684504
    0.070000000    0.001923202    0.001927087    0.001965836
    0.080000000    0.002198734    0.002203181    0.002247438
    0.090000000    0.002474582    0.002479594    0.002529347
    0.100000000    0.002750787    0.002756367    0.002811604
    0.110000000    0.003027388    0.003033539    0.003094246
    0.120000000    0.003304426    0.003311153    0.003377314
    0.130000000    0.003581943    0.003589250    0.003660848
    0.140000000    0.003859978    0.003867869    0.003944886
    0.150000000    0.004138574    0.004147055    0.004229470
    0.160000000    0.004417771    0.004426848    0.004514639
    0.170000000    0.004697613    0.004707291    0.004800435
    0.180000000    0.004978141    0.004988426    0.005086899
    0.190000000    0.005259398    0.005270297    0.005374071
    0.200000000    0.005541427    0.005552948    0.005661995
    0.210000000    0.005824273    0.005836422    0.005950712
    0.220000000    0.006107978    0.006120764    0.006240264
    0.230000000    0.006392587    0.006406020    0.006530696
    0.240000000    0.006678147    0.006692234    0.006822050
    0.250000000    0.006964701    0.006979452    0.007114371
    0.260000000    0.007252297    0.007267723    0.007407704
    0.270000000    0.007540982    0.007557092    0.007702093
    0.280000000    0.007830803    0.007847609    0.007997586
    0.290000000    0.008121807    0.008139321    0.008294228
    0.300000000    0.008414045    0.008432279    0.008592066
    0.310000000    0.008707566    0.008726532    0.008891149
    0.320000000    0.009002419    0.009022132    0.009191524
    0.330000000    0.009298658    0.009319130    0.009493243
    0.340000000    0.009596333    0.009617580    0.009796353
    0.350000000    0.009895497    0.009917535    0.010100907
    0.360000000    0.010196206    0.010219050    0.010406957
    0.370000000    0.010498513    0.010522180    0.010714554
    0.380000000    0.010802474    0.010826983    0.011023753
    0.390000000    0.011108147    0.011133515    0.011334609
    0.400000000    0.011415591    0.011441837    0.011647177
    0.410000000    0.011724863    0.011752007    0.011961513
    0.420000000    0.012036025    0.012064089    0.012277677
    0.430000000    0.012349138    0.012378143    0.012595726
    0.440000000    0.012664266    0.012694236    0.012915721
    0.450000000    0.012981473    0.013012431    0.013237723
    0.460000000    0.013300825    0.013332796    0.013561796
    0.470000000    0.013622389    0.013655399    0.013888003
    0.480000000    0.013946234    0.013980310    0.014216410
    0.490000000    0.014272432    0.014307602    0.014547084
    0.500000000    0.014601053    0.014637348    0.014880094
    0.510000000    0.014932173    0.014969622    0.015215509
    0.520000000    0.015265866    0.015304502    0.015553402
    0.530000000    0.015602212    0.015642068    0.015893847
    0.540000000    0.015941288    0.015982400    0.016236917
    0.550000000    0.016283178    0.016325582    0.016582691
    0.560000000    0.016627964    0.016671699    0.016931249
    0.570000000    0.016975734    0.017020840    0.017282670
    0.580000000    0.017326575    0.017373094    0.017637039
    0.590000000    0.017680579    0.017728554    0.017994441
    0.600000000    0.018037840    0.018087316    0.018354964
    0.610000000    0.018398452    0.018449478    0.018718698
    0.620000000    0.018762516    0.018815142    0.019085736
    0.630000000    0.019130132    0.019184410    0.019456174
    0.640000000    0.019501407    0.019557391    0.019830109
    0.650000000    0.019876447    0.019934195    0.020207642
    0.660000000    0.020255364    0.020314935    0.020588877
    0.670000000    0.020638272    0.020699730    0.020973922
    0.680000000    0.021025291    0.021088701    0.021362886
    0.690000000    0.021416541    0.021481972    0.021755882
    0.700000000    0.021812149    0.021879673    0.022153029
    0.710000000    0.022212244    0.022281937    0.022554446
    0.720000000    0.022616962    0.022688903    0.022960257
    0.730000000    0.023026441    0.023100713    0.023370593
    0.740000000    0.023440823    0.023517514    0.023785584
    0.750000000    0.023860258    0.023939459    0.024205369
    0.760000000    0.024284899    0.024366707    0.024630089
    0.770000000    0.024714905    0.024799421    0.025059889
    0.780000000    0.025150441    0.025237771    0.025494923
    0.790000000    0.025591676    0.025681932    0.025935345
    0.800000000    0.026038787    0.026132087    0.026381319
    0.810000000    0.026491958    0.026588426    0.026833012
    0.820000000    0.026951378    0.027051144    0.027290598
    0.830000000    0.027417245    0.027520447    0.027754258
    0.840000000    0.027889763    0.027996546    0.028224177
    0.850000000    0.028369144    0.028479661    0.028700551
    0.860000000    0.028855611    0.028970022    0.029183580
    0.870000000    0.029349392    0.029467868    0.029673473
    0.880000000    0.029850727    0.029973446    0.030170446
    0.890000000    0.030359863    0.030487017    0.030674726
    0.900000000    0.030877061    0.031008849    0.031186547
    0.910000000    0.031402589    0.031539223    0.031706151
    0.920000000    0.031936729    0.032078434    0.032233794
    0.930000000    0.032479774    0.032626788    0.032769739
    0.940000000    0.033032030    0.033184604    0.033314261
    0.950000000    0.033593816    0.033752218    0.033867647
    0.960000000    0.034165466    0.034329978    0.034430196
    0.970000000    0.034747328    0.034918250    0.035002219
    0.980000000    0.035339767    0.035517418    0.035584044
    0.990000000    0.035943164    0.036127884    0.036176008
    1.000000000    0.036557918    0.036750067    0.036778469
    1.010000000    0.037184447    0.037384408    0.037391797
    1.020000000    0.037823190    0.038031372    0.038016382
    1.030000000    0.038474606    0.038691443    0.038652630
    1.040000000    0.039139178    0.039365135    0.039300968
    1.050000000    0.039817412    0.040052983    0.039961843
    1.060000000    0.040509840    0.040755554    0.040635722
    1.070000000    0.041217022    0.041473445    0.041323100
    1.080000000    0.041939548    0.042207282    0.042024490
    1.090000000    0.042678038    0.042957730    0.042740438
    1.100000000    0.043433144    0.043725487    0.043471513
    1.110000000    0.044205557    0.044511294    0.044218316
    1.120000000    0.044996004    0.045315931    0.044981479
    1.130000000    0.045805254    0.046140226    0.045761670
    1.140000000    0.046634118    0.046985055    0.046559591
    1.150000000    0.047483457    0.047851348    0.047375985
    1.160000000    0.048354180    0.048740091    0.048211636
    1.170000000    0.049247252    0.049652331    0.049067372
    1.180000000    0.050163695    0.050589183    0.049944070
    1.190000000    0.051104597    0.051551830    0.050842659
    1.200000000    0.052071111    0.052541538    0.051764124
    1.210000000    0.053064466    0.053559652    0.052709510
    1.220000000    0.054085968    0.054607611    0.053679924
    1.230000000    0.055137013    0.055686954    0.054676546
    1.240000000    0.056219088    0.056799327    0.055700632
    1.250000000    0.057333781    0.057946492    0.056753516
    1.260000000    0.058482793    0.059130344    0.057836624
    1.270000000    0.059667943    0.060352915    0.058951477
    1.280000000    0.060891182    0.061616392    0.060099700
    1.290000000    0.062154606    0.062923131    0.061283032
    1.300000000    0.063460464    0.064275676    0.062503336
    1.310000000    0.064811181    0.065676772    0.063762609
    1.320000000    0.066209368    0.067129392    0.065062998
    1.330000000    0.067657843    0.068636758    0.066406809
    1.340000000    0.069159654    0.070202367    0.067796526
    1.350000000    0.070718099    0.071830023    0.069234831
    1.360000000    0.072336756    0.073523869    0.070724615
    1.370000000    0.074019512    0.075288431    0.072269010
    1.380000000    0.075770594    0.077128655    0.073871407
    1.390000000    0.077594612    0.079049963    0.075535485
    1.400000000    0.079496601    0.081058309    0.077265246
    1.410000000    0.081482071    0.083160247    0.079065046
    1.420000000    0.083557063    0.085363006    0.080939640
    1.430000000    0.085728217    0.087674580    0.082894226
    1.440000000    0.088002847    0.090103830    0.084934496
    1.450000000    0.090389027    0.092660605    0.087066703
    1.460000000    0.092895691    0.095355882    0.089297723
    1.470000000    0.095532754    0.098201928    0.091635142
    1.480000000    0.098311248    0.101212498    0.094087345
    1.490000000    0.101243477    0.104403055    0.096663626
    1.500000000    0.104343215    0.107791050    0.099374313
    1.510000000    0.107625919    0.111396237    0.102230919
    1.520000000    0.111108999    0.115241064    0.105246309
    1.530000000    0.114812129    0.119351136    0.108434910
    1.540000000    0.118757626    0.123755779    0.111812951
    1.550000000    0.122970897    0.128488718    0.115398750
    1.560000000    0.127480991    0.133588918    0.119213059
    1.570000000    0.132321261    0.139101610    0.123279483
    1.580000000    0.137530175    0.145079557    0.127624970
    1.590000000    0.143152320    0.151584640    0.132280430
    1.600000000    0.149239638    0.158689836    0.137281470
    1.610000000    0.155852968    0.166481723    0.142669312
    1.620000000    0.163063986    0.175063657    0.148491921
    1.630000000    0.170957654    0.184559844    0.154805415
    1.640000000    0.179635346    0.195120599    0.161675832
    1.650000000    0.189218858    0.206929188    0.169181367
    1.660000000    0.199855608    0.220210810    0.177415217
    1.670000000    0.211725430    0.235244481    0.186489243
    1.680000000    0.225049518    0.252378896    0.196538703
    1.690000000    0.240102323    0.272053760    0.207728449
    1.700000000    0.257227473    0.294828686    0.220261080
    1.710000000    0.276859252    0.321422562    0.234387782
    1.720000000    0.299551709    0.352767321    0.250422859
    1.730000000    0.326018164    0.390081245    0.268763330
    1.740000000    0.357184597    0.434967792    0.289915527
    1.750000000    0.394260605    0.489545170    0.314531265
    1.760000000    0.438830125    0.556605622    0.343456862
    1.770000000    0.492957243    0.639782012    0.377798668
    1.780000000    0.559281867    0.743639856    0.419007734
    1.790000000    0.641027218    0.873466581    0.468980852
    1.800000000    0.741724153    1.034217725    0.530158081
    1.810000000    0.864255250    1.227577353    0.605550880
    1.820000000    1.008666835    1.445873636    0.698525400
    1.830000000    1.168734354    1.663704074    0.811943673
    1.840000000    1.329501274    1.835531877    0.945954848
    1.850000000    1.470086736    1.913581636    1.093798292
    1.860000000    1.571130541    1.880971603    1.237016484
    1.870000000    1.619516590    1.762778339    1.346801054
    1.880000000    1.612284264    1.602418311    1.399571482
    1.890000000    1.564188313    1.437552379    1.397587470
    1.900000000    1.505682530    1.293156439    1.369281619
    1.910000000    1.467966414    1.182505487    1.348957536
    1.920000000    1.472012088    1.110213291    1.360898540
    1.930000000    1.527862089    1.075894509    1.416988374
    1.940000000    1.636644530    1.076503243    1.519071259
    1.950000000    1.788703109    1.106235618    1.658708133
    1.960000000    1.957333057    1.154487599    1.814903207
    1.970000000    2.095652462    1.204648209    1.957936958
    1.980000000    2.150954818    1.238536159    2.066112551
    1.990000000    2.097767852    1.246764935    2.140967687
    2.000000000    1.957782190    1.234324441    2.195883290
    2.010000000    1.780192717    1.213018893    2.227650453
    2.020000000    1.607766689    1.190885095    2.207814484
    2.030000000    1.463364776    1.171648730    2.109147345
    2.040000000    1.355559933    1.160817368    1.938513360
    2.050000000    1.286815937    1.167538171    1.734480798
    2.060000000    1.257578215    1.201279980    1.537762365
    2.070000000    1.267899400    1.269265988    1.372363231
    2.080000000    1.318150968    1.376021118    1.246223229
    2.090000000    1.408654780    1.522356521    1.158607211
    2.100000000    1.537610403    1.701618453    1.105711663
    2.110000000    1.697174835    1.894020394    1.083124627
    2.120000000    1.869552053    2.065925663    1.086118834
    2.130000000    2.027847002    2.184255687    1.109073381
    2.140000000    2.145722685    2.240556963    1.145869719
    2.150000000    2.213644316    2.259019739    1.192916503
    2.160000000    2.250080652    2.280632946    1.252858840
    2.170000000    2.292612224    2.342176585    1.334200998
    2.180000000    2.373939868    2.462265915    1.446997797
    2.190000000    2.502864519    2.633218247    1.599122787
    2.200000000    2.657296592    2.816730813    1.794795712
    2.210000000    2.790356528    2.952638424    2.034828437
    2.220000000    2.853530243    2.992336430    2.317437361
    2.230000000    2.822921373    2.934416461    2.634166064
    2.240000000    2.704537870    2.819963265    2.955530270
    2.250000000    2.524981790    2.697236825    3.218509265
    2.260000000    2.320579998    2.596308686    3.345262367
    2.270000000    2.122821183    2.522937011    3.296594755
    2.280000000    1.948357645    2.464764363    3.104352785
    2.290000000    1.800656030    2.404009096    2.843753314
    2.300000000    1.676126212    2.325590705    2.587261631
    2.310000000    1.568340361    2.217334180    2.381885872
    2.320000000    1.472727139    2.075787586    2.247881638
    2.330000000    1.390828482    1.915199070    2.184532941
    2.340000000    1.328527001    1.761271404    2.173572208
    2.350000000    1.290880405    1.635824630    2.180021262
    2.360000000    1.280107414    1.550140923    2.160510777
    2.370000000    1.297340234    1.507879350    2.086555171
    2.380000000    1.344812799    1.509821358    1.964514235
    2.390000000    1.425897343    1.556141251    1.826484223
    2.400000000    1.542897410    1.645626000    1.704853094
    2.410000000    1.693292347    1.772156767    1.618926388
    2.420000000    1.865128704    1.919482903    1.576636058
    2.430000000    2.035802311    2.059588494    1.580602975
    2.440000000    2.182556424    2.164320325    1.632527248
    2.450000000    2.302411381    2.228008221    1.735082174
    2.460000000    2.417981774    2.275232697    1.891666174
    2.470000000    2.556743423    2.340517073    2.103809344
    2.480000000    2.724029551    2.442591456    2.365823101
    2.490000000    2.890938961    2.573319171    2.658667235
    2.500000000    3.006893271    2.703121162    2.950782852
    2.510000000    3.036322911    2.799130004    3.212420286
    2.520000000    2.987467578    2.841902366    3.428369502
    2.530000000    2.899061189    2.826430829    3.585879780
    2.540000000    2.806001676    2.754932995    3.655571326
    2.550000000    2.721545540    2.633755815    3.603728616
    2.560000000    2.641706494    2.476883042    3.430233017
    2.570000000    2.561112623    2.308298672    3.182152073
    2.580000000    2.486132722    2.155295974    2.920412216
    2.590000000    2.432607635    2.038670635    2.680777214
    2.600000000    2.413058715    1.967950468    2.467059284
    2.610000000    2.429318844    1.942381552    2.270979989
    2.620000000    2.471737855    1.953321063    2.091852365
    2.630000000    2.519447169    1.986174793    1.937775817
    2.640000000    2.549249243    2.026518197    1.816835901
    2.650000000    2.554959886    2.069966145    1.733310634
    2.660000000    2.553279793    2.122643766    1.688562063
    2.670000000    2.563048898    2.187712788    1.681395193
    2.680000000    2.581567421    2.254196758    1.708079573
    2.690000000    2.583119058    2.303075278    1.763739562
    2.700000000    2.542315618    2.326068044    1.844153935
    2.710000000    2.461191182    2.336656547    1.946671564
    2.720000000    2.369967328    2.361352676    2.072583265
    2.730000000    2.303026376    2.421685150    2.230388721
    2.740000000    2.278765149    2.520957529    2.432216579
    2.750000000    2.295892671    2.640477357    2.681596100
    2.760000000    2.341710197    2.749323644    2.960599298
    2.770000000    2.405404811    2.826655526    3.226164364
    2.780000000    2.484337341    2.875557498    3.423329273
    2.790000000    2.574897193    2.909823602    3.509682118
    2.800000000    2.658237798    2.929663925    3.475627524
    2.810000000    2.700501488    2.916621406    3.354018640
    2.820000000    2.674152002    2.855242139    3.207941559
    2.830000000    2.581580737    2.756261116    3.097257111
    2.840000000    2.455575008    2.654076407    3.052250699
    2.850000000    2.337324903    2.584040197    3.066141826
    2.860000000    2.254371533    2.563170104    3.098594136
    2.870000000    2.212459690    2.584854252    3.092993541
    2.880000000    2.199694158    2.626184747    3.010490254
    2.890000000    2.198615494    2.665310108    2.854549494
    2.900000000    2.200659738    2.697805889    2.661308357
    2.910000000    2.211221827    2.734380949    2.474267064
    2.920000000    2.239943542    2.780860454    2.327490353
    2.930000000    2.289641514    2.824358158    2.240863008
    2.940000000    2.357858871    2.843245106    2.223183559
    2.950000000    2.445729376    2.829718439    2.276929926
    2.960000000    2.558842213    2.797837146    2.399811614
    2.970000000    2.697027724    2.769216317    2.581494792
    2.980000000    2.845620365    2.754042675    2.797275236
    2.990000000    2.982175114    2.747367327    3.005258619
    3.000000000    3.094300670    2.740172941    3.157094531
    3.010000000    3.183383315    2.725739339    3.224200861
    3.020000000    3.247230902    2.696078743    3.219279098
    3.030000000    3.269449545    2.643817371    3.187070622
    3.040000000    3.234174686    2.571118085    3.170577902
    3.050000000    3.145843165    2.491437123    3.183761618
    3.060000000    3.026811558    2.421273946    3.206761125
    3.070000000    2.901910150    2.372704651    3.199842779
    3.080000000    2.789672199    2.352059015    3.129747325
    3.090000000    2.698644603    2.359694246    2.994961290
    3.100000000    2.628025933    2.389445793    2.828095416
    3.110000000    2.576474381    2.432885307    2.673609755
    3.120000000    2.548038241    2.485235166    2.563038700
    3.130000000    2.543780359    2.540964559    2.504735657
    3.140000000    2.549407305    2.582053628    2.487985944
    3.150000000    2.538395943    2.581052587    2.496787436
    3.160000000    2.494408243    2.525816306    2.525919723
    3.170000000    2.429388127    2.436931061    2.583722901
    3.180000000    2.373950606    2.354036954    2.676216173
    3.190000000    2.353585361    2.310560462    2.787934147
    3.200000000    2.375585087    2.322120012    2.877126608
    3.210000000    2.430575913    2.387696711    2.895838973
    3.220000000    2.501591004    2.493126373    2.826168726
    3.230000000    2.572631214    2.612343766    2.695316358
    3.240000000    2.631143774    2.711071138    2.549885594
    3.250000000    2.670700607    2.762860672    2.421497464
    3.260000000    2.697258220    2.768867999    2.316714835
    3.270000000    2.723697399    2.753268767    2.230367518
    3.280000000    2.751306039    2.736395924    2.163327873
    3.290000000    2.762575509    2.718813497    2.127088762
    3.300000000    2.738351012    2.690212224    2.136110991
    3.310000000    2.680540569    2.647216196    2.200916237
    3.320000000    2.612493853    2.600254176    2.325828954
    3.330000000    2.558371170    2.566212527    2.507283781
    3.340000000    2.526132452    2.556576624    2.731391038
    3.350000000    2.509173317    2.573684242    2.975265595
    3.360000000    2.501173756    2.617091432    3.215650579
    3.370000000    2.505005205    2.686323999    3.435982784
    3.380000000    2.525927977    2.773171780    3.621058874
    3.390000000    2.563079646    2.857338051    3.750920129
    3.400000000    2.612319025    2.916401521    3.809051665
    3.410000000    2.671559637    2.938031338    3.794829259
    3.420000000    2.737622159    2.921187833    3.725138973
    3.430000000    2.801467970    2.874435285    3.624037449
    3.440000000    2.851141202    2.815823167    3.509399558
    3.450000000    2.882353567    2.767895491    3.385033577
    3.460000000    2.907368167    2.750469593    3.246293293
    3.470000000    2.946905761    2.773246266    3.098093214
    3.480000000    3.009156457    2.828825426    2.962581461
    3.490000000    3.079834529    2.895000641    2.867458978
    3.500000000    3.134747211    2.950815339    2.834286636
    3.510000000    3.160355298    2.990960026    2.875545612
    3.520000000    3.160297296    3.021305285    2.992857434
    3.530000000    3.146800844    3.045974068    3.172316407
    3.540000000    3.129444983    3.062929983    3.379348974
    3.550000000    3.107844612    3.067543088    3.561006834
    3.560000000    3.072305258    3.059605261    3.666010703
    3.570000000    3.014575588    3.048107968    3.675520830
    3.580000000    2.940222362    3.047058116    3.610767762
    3.590000000    2.865880281    3.064603535    3.503382684
    3.600000000    2.802395910    3.095252139    3.366861055
    3.610000000    2.745646522    3.121706884    3.201492242
    3.620000000    2.684269719    3.122488213    3.016844593
    3.630000000    2.613677350    3.082120389    2.840586380
    3.640000000    2.542124110    3.002174014    2.706309568
    3.650000000    2.485438598    2.904081032    2.638806649
    3.660000000    2.456812159    2.817373563    2.649893122
    3.670000000    2.458680367    2.762092503    2.739962976
    3.680000000    2.482918607    2.741256632    2.897128268
    3.690000000    2.518225915    2.745898378    3.092149420
    3.700000000    2.554873196    2.762339496    3.276089817
    3.710000000    2.584986799    2.778928122    3.394218861
    3.720000000    2.604761572    2.794012281    3.415050187
    3.730000000    2.616145461    2.815640070    3.344495118
    3.740000000    2.626227734    2.851702353    3.211297614
    3.750000000    2.646415073    2.903295063    3.050228633
    3.760000000    2.687562672    2.963186180    2.896753090
    3.770000000    2.752636606    3.015820304    2.780270303
    3.780000000    2.835845715    3.043602212    2.715232839
    3.790000000    2.929474021    3.037764550    2.700994809
    3.800000000    3.029913771    3.003042274    2.731169117
    3.810000000    3.136618149    2.953215026    2.803238575
    3.820000000    3.244776301    2.900985718    2.918002539
    3.830000000    3.340398479    2.850044141    3.068607363
    3.840000000    3.406592556    2.796873818    3.231201595
    3.850000000    3.434855358    2.737463223    3.369609917
    3.860000000    3.429544424    2.671844308    3.453864028
    3.870000000    3.403103855    2.605246964    3.475453155
    3.880000000    3.368134232    2.546403167    3.447086167
    3.890000000    3.332508636    2.504266555    3.390402598
    3.900000000    3.298308944    2.484202737    3.318520960
    3.910000000    3.262504343    2.484726302    3.229155871
    3.920000000    3.215512358    2.494891215    3.116085495
    3.930000000    3.142926086    2.496438492    2.985430887
    3.940000000    3.037294542    2.474987816    2.860441260
    3.950000000    2.907066714    2.430301885    2.769929386
    3.960000000    2.770737512    2.373574238    2.732671607
    3.970000000    2.646743897    2.319082032    2.750130253
    3.980000000    2.547975507    2.280109653    2.807881926
    3.990000000    2.479037313    2.267032086    2.885418902
    4.000000000    2.437684763    2.286760260    2.971272226
    4.010000000    2.420922107    2.344530238    3.067266324
    4.020000000    2.431339569    2.446003305    3.174389207
    4.030000000    2.477978752    2.597930881    3.280655875
    4.040000000    2.569671401    2.805390563    3.367841842
    4.050000000    2.705430192    3.063778752    3.426711933
    4.060000000    2.868135726    3.348856289    3.463704364
    4.070000000    3.028403370    3.616613585    3.495447895
    4.080000000    3.161944087    3.824210601    3.536460239
    4.090000000    3.265877550    3.958254165    3.591276292
    4.100000000    3.353355277    4.037235885    3.657310883
    4.110000000    3.434045228    4.087417770    3.730349496
    4.120000000    3.504080774    4.121761674    3.803321509
    4.130000000    3.550411398    4.135840518    3.862395675
    4.140000000    3.560693449    4.118587293    3.888656932
    4.150000000    3.530338643    4.067006422    3.865097122
    4.160000000    3.461533786    3.988567783    3.784634870
    4.170000000    3.358741104    3.890189676    3.655760005
    4.180000000    3.228621787    3.770037826    3.502345011
    4.190000000    3.083705619    3.623139822    3.354312638
    4.200000000    2.943504680    3.453369089    3.236363041
    4.210000000    2.829223834    3.277275662    3.166878042
    4.220000000    2.756133418    3.118085379    3.161192814
    4.230000000    2.728844996    2.995856636    3.227025130
    4.240000000    2.741479916    2.919525209    3.354259788
    4.250000000    2.783399144    2.886267643    3.508685967
    4.260000000    2.845422144    2.885902457    3.639599057
    4.270000000    2.919937756    2.904210362    3.704615400
    4.280000000    2.998633936    2.926660036    3.692999171
    4.290000000    3.075951668    2.945956375    3.625992450
    4.300000000    3.155592494    2.967458447    3.540438742
    4.310000000    3.248588762    3.003647051    3.471760153
    4.320000000    3.361373053    3.062185964    3.445281177
    4.330000000    3.484851512    3.139335041    3.473214086
    4.340000000    3.595306979    3.220060589    3.548436398
    4.350000000    3.670459992    3.282430174    3.641316996
    4.360000000    3.706957741    3.308239996    3.714276810
    4.370000000    3.718239275    3.294246380    3.747547328
    4.380000000    3.715372659    3.250591783    3.746294168
    4.390000000    3.695077611    3.188120960    3.724588786
    4.400000000    3.647552499    3.112711589    3.695586801
    4.410000000    3.569975062    3.029854298    3.674037811
    4.420000000    3.469940711    2.948798645    3.674868641
    4.430000000    3.362298411    2.882701990    3.704661774
    4.440000000    3.265977075    2.845643695    3.752555770
    4.450000000    3.198728505    2.847367675    3.792064835
    4.460000000    3.170192371    2.889298405    3.799812051
    4.470000000    3.178154530    2.965338286    3.773690113
    4.480000000    3.211113699    3.066576338    3.726942107
    4.490000000    3.257364811    3.185570874    3.667455201
    4.500000000    3.313079622    3.316558496    3.591638616
    4.510000000    3.378192940    3.451321211    3.495336153
    4.520000000    3.443890119    3.574070922    3.379792010
    4.530000000    3.488120018    3.661154085    3.247286988
    4.540000000    3.486735413    3.689582722    3.103392597
    4.550000000    3.430488580    3.651466951    2.965186657
    4.560000000    3.331815741    3.563087877    2.858090187
    4.570000000    3.217585559    3.459292726    2.804644672
    4.580000000    3.117686912    3.378292166    2.818612061
    4.590000000    3.057435596    3.347993519    2.903846328
    4.600000000    3.052281406    3.377607377    3.051897693
    4.610000000    3.102916854    3.454017142    3.237935340
    4.620000000    3.194222268    3.545635296    3.421787638
    4.630000000    3.300136791    3.615401866    3.561869194
    4.640000000    3.392536290    3.637412400    3.636311718
    4.650000000    3.451529333    3.606320173    3.653963448
    4.660000000    3.475451407    3.535551534    3.645909375
    4.670000000    3.483282702    3.450167463    3.643315999
    4.680000000    3.501274968    3.377459075    3.661451739
    4.690000000    3.544260368    3.337306659    3.702684430
    4.700000000    3.611231630    3.338608988    3.767775752
    4.710000000    3.696932063    3.383116784    3.861834610
    4.720000000    3.802364780    3.469028121    3.991411075
    4.730000000    3.930901803    3.589722286    4.154320152
    4.740000000    4.078104704    3.732279636    4.334769541
    4.750000000    4.231519241    3.881752894    4.513279209
    4.760000000    4.377430052    4.027495843    4.675620657
    4.770000000    4.498706334    4.159666547    4.806136884
    4.780000000    4.569014629    4.259376765    4.880878732
    4.790000000    4.563434657    4.304264942    4.879454088
    4.800000000    4.480274745    4.290990672    4.805511017
    4.810000000    4.348174527    4.245553750    4.689373384
    4.820000000    4.212565482    4.208504412    4.570845525
    4.830000000    4.115169748    4.212653537    4.483588194
    4.840000000    4.076443931    4.267571981    4.449713199
    4.850000000    4.088270269    4.355684557    4.477281574
    4.860000000    4.120110505    4.441259619    4.556940395
    4.870000000    4.134068949    4.487460917    4.660562256
    4.880000000    4.103590728    4.474402831    4.742843369
    4.890000000    4.029417612    4.411276864    4.752882505
    4.900000000    3.939962998    4.333455338    4.662239877
    4.910000000    3.873486925    4.283798906    4.488427234
    4.920000000    3.858082462    4.291441851    4.287555238
    4.930000000    3.903059026    4.362059765    4.123658393
    4.940000000    4.002850704    4.484110449    4.040976315
    4.950000000    4.146200928    4.642892510    4.052621370
    4.960000000    4.318476778    4.824110927    4.140798331
    4.970000000    4.497397546    5.004947587    4.263499281
    4.980000000    4.659186756    5.157292133    4.370506516
    4.990000000    4.794128708    5.268311940    4.424219343
    5.000000000    4.907203578    5.346425025    4.410491156
    5.010000000    5.003829641    5.402788809    4.336786850
    5.020000000    5.085482727    5.437595508    4.225961463
    5.030000000    5.157008901    5.445478579    4.109400839
    5.040000000    5.228306186    5.426683616    4.021242807
    5.050000000    5.306637840    5.389930562    3.992213597
    5.060000000    5.389498270    5.345638820    4.041480370
    5.070000000    5.464699746    5.299573509    4.171448076
    5.080000000    5.517649676    5.255240452    4.367870044
    5.090000000    5.542407045    5.219482274    4.601249335
    5.100000000    5.549421484    5.201283385    4.830808171
    5.110000000    5.561670153    5.204462453    5.018823054
    5.120000000    5.600828454    5.222874716    5.150829166
    5.130000000    5.676020679    5.243297365    5.241283463
    5.140000000    5.781829432    5.253666794    5.313652656
    5.150000000    5.902037812    5.250752481    5.371836642
    5.160000000    6.014845422    5.239799635    5.392329378
    5.170000000    6.100890481    5.227602307    5.346727609
    5.180000000    6.155776332    5.220391295    5.232305859
    5.190000000    6.195355529    5.227770531    5.079115504
    5.200000000    6.240966734    5.263212392    4.929048824
    5.210000000    6.300546307    5.339451084    4.812567510
    5.220000000    6.369436539    5.464773249    4.740879206
    5.230000000    6.440650999    5.640079486    4.707580837
    5.240000000    6.504639559    5.854613859    4.694303269
    5.250000000    6.546940886    6.085765428    4.684804902
    5.260000000    6.557165054    6.307304725    4.680344167
    5.270000000    6.541199373    6.501417407    4.696923632
    5.280000000    6.519254964    6.663260183    4.745076330
    5.290000000    6.511138845    6.794975819    4.817916135
    5.300000000    6.527867296    6.901455652    4.901959602
    5.310000000    6.575780221    6.993369370    4.993330117
    5.320000000    6.660027085    7.087712009    5.098465006
    5.330000000    6.779744645    7.200671905    5.226507248
    5.340000000    6.923033014    7.336679361    5.385252861
    5.350000000    7.069642512    7.483419802    5.578498267
    5.360000000    7.198192851    7.619939566    5.806902163
    5.370000000    7.296632411    7.733817654    6.074563957
    5.380000000    7.373168304    7.834616282    6.392399046
    5.390000000    7.454176984    7.949417789    6.772714584
    5.400000000    7.567357443    8.101708170    7.222488873
    5.410000000    7.725525324    8.293494543    7.740715828
    5.420000000    7.923415113    8.507763224    8.313255780
    5.430000000    8.144534227    8.721914364    8.903191761
    5.440000000    8.365785986    8.910519609    9.452731039
    5.450000000    8.559298890    9.043648067    9.909370702
    5.460000000    8.699817155    9.099449604   10.255847782
    5.470000000    8.775834450    9.081207518   10.510455479
    5.480000000    8.797824908    9.019338361   10.702935783
    5.490000000    8.796433125    8.956788566   10.856566578
    5.500000000    8.806740950    8.929837648   10.982141115
    5.510000000    8.847058615    8.955947643   11.077692028
    5.520000000    8.908875719    9.032809744   11.137437370
    5.530000000    8.964743790    9.142477405   11.163767249
    5.540000000    8.986891676    9.254075363   11.166979023
    5.550000000    8.966363235    9.332396292   11.155517617
    5.560000000    8.919763092    9.354914029   11.133110298
    5.570000000    8.877514759    9.320907072   11.103754619
    5.580000000    8.864899172    9.242872131   11.073941545
    5.590000000    8.891598920    9.135901467   11.053187990
    5.600000000    8.950523011    9.016678058   11.052785241
    5.610000000    9.023919904    8.904063770   11.080222055
    5.620000000    9.098221010    8.817379065   11.138049769
    5.630000000    9.172706367    8.772597682   11.231188700
    5.640000000    9.252024664    8.775790989   11.367750222
    5.650000000    9.335212658    8.817106732   11.545732734
    5.660000000    9.409896813    8.869101916   11.741211361
    5.670000000    9.451959534    8.893981826   11.909245224
    5.680000000    9.431115269    8.858194401   11.999210961
    5.690000000    9.321597379    8.744543613   11.985197293
    5.700000000    9.117960976    8.560639332   11.890451235
    5.710000000    8.846605957    8.340072714   11.775615010
    5.720000000    8.555607471    8.124878496   11.696188691
    5.730000000    8.290585313    7.943697472   11.669470112
    5.740000000    8.080242345    7.809080304   11.682045242
    5.750000000    7.934151376    7.725518695   11.718384717
    5.760000000    7.845326168    7.692038283   11.769395051
    5.770000000    7.799856360    7.703531371   11.823331009
    5.780000000    7.791094277    7.755886021   11.869623536
    5.790000000    7.822308740    7.847803704   11.914960150
    5.800000000    7.894776129    7.974110283   11.980325196
    5.810000000    7.998046015    8.117218403   12.076604516
    5.820000000    8.112582875    8.249094585   12.188192287
    5.830000000    8.220442926    8.347582697   12.275034700
    5.840000000    8.313577882    8.411419022   12.287635910
    5.850000000    8.392133194    8.454430020   12.190578817
    5.860000000    8.456850807    8.486643856   11.982189946
    5.870000000    8.507500070    8.507701537   11.698481937
    5.880000000    8.546066589    8.514624385   11.396292281
    5.890000000    8.574698376    8.505852861   11.126072038
    5.900000000    8.591931916    8.480554002   10.919635442
    5.910000000    8.592865353    8.441285500   10.793768641
    5.920000000    8.570516228    8.393849500   10.750024233
    5.930000000    8.518708048    8.340089863   10.774787371
    5.940000000    8.436528728    8.272226303   10.849075986
    5.950000000    8.330816457    8.179159907   10.956177283
    5.960000000    8.214897530    8.060429387   11.082364133
    5.970000000    8.102275063    7.929273762   11.217195184
    5.980000000    7.999466930    7.802109147   11.354717590
    5.990000000    7.906236354    7.690526685   11.492826282
    6.000000000    7.824057315    7.603259371   11.625358417
    6.010000000    7.760666367    7.549548084   11.728288412
    6.020000000    7.721745245    7.535002824   11.761583450
    6.030000000    7.703318401    7.556274470   11.697824069
    6.040000000    7.697175744    7.603195143   11.544769651
    6.050000000    7.701829114    7.667061662   11.339889265
    6.060000000    7.724500061    7.746998397   11.136101016
    6.070000000    7.770318625    7.847637777   10.984795016
    6.080000000    7.834338230    7.972548068   10.911915813
    6.090000000    7.907214046    8.120882489   10.909697385
    6.100000000    7.983653400    8.287518348   10.951348260
    6.110000000    8.062965493    8.463659055   11.005359834
    6.120000000    8.142883817    8.634638982   11.042412576
    6.130000000    8.213010241    8.774849889   11.039914034
    6.140000000    8.258915554    8.853477923   10.988594769
    6.150000000    8.276368855    8.856847873   10.900805038
    6.160000000    8.275898033    8.802899293   10.804201890
    6.170000000    8.272101733    8.728800390   10.720973378
    6.180000000    8.273586531    8.665063505   10.654589908
    6.190000000    8.281921342    8.621262090   10.594689467
    6.200000000    8.298254995    8.594648725   10.531575648
    6.210000000    8.329939158    8.585292509   10.460222617
    6.220000000    8.386782742    8.597023663   10.367987415
    6.230000000    8.470037011    8.629662210   10.231181658
    6.240000000    8.566908218    8.676373010   10.034746719
    6.250000000    8.658976914    8.727505325    9.788830166
    6.260000000    8.738013205    8.777407630    9.522464247
    6.270000000    8.812131569    8.830009980    9.269871386
    6.280000000    8.898353847    8.898632107    9.065549446
    6.290000000    9.011637609    8.997692809    8.940176705
    6.300000000    9.159792827    9.131460233    8.906676390
    6.310000000    9.343429335    9.289008560    8.950402161
    6.320000000    9.552782759    9.446884283    9.038252884
    6.330000000    9.765844427    9.577194795    9.135633802
    6.340000000    9.956710708    9.659931271    9.218056472
    6.350000000   10.106491621    9.691853386    9.276660562
    6.360000000   10.206359569    9.683275968    9.318809424
    6.370000000   10.254118922    9.647249172    9.364634220
    6.380000000   10.247517894    9.590575991    9.437599460
    6.390000000   10.180208532    9.512919545    9.552861602
    6.400000000   10.048736287    9.415213974    9.712882293
    6.410000000    9.866737121    9.310638056    9.909670984
    6.420000000    9.667894037    9.225217633   10.128161107
    6.430000000    9.487540691    9.182228498   10.341536249
    6.440000000    9.340413844    9.184355092   10.500188012
    6.450000000    9.217561904    9.212260755   10.546115070
    6.460000000    9.102050611    9.238394318   10.457216947
    6.470000000    8.984643934    9.240537582   10.269101804
    6.480000000    8.865612067    9.207658088   10.049258878
    6.490000000    8.748081217    9.140733574    9.855437593
    6.500000000    8.637445665    9.052898809    9.711720794
    6.510000000    8.545805021    8.966570931    9.614201341
    6.520000000    8.486168119    8.900366510    9.549928725
    6.530000000    8.458598834    8.855664597    9.502528470
    6.540000000    8.447018852    8.819731040    9.450030853
    6.550000000    8.431421679    8.780684363    9.374408842
    6.560000000    8.402752741    8.738328824    9.271463502
    6.570000000    8.366668354    8.703337207    9.144257386
    6.580000000    8.335961267    8.688075612    8.994685561
    6.590000000    8.323494065    8.699578047    8.828668927
    6.600000000    8.339818222    8.738964500    8.665250872
    6.610000000    8.391606999    8.803705361    8.536585561
    6.620000000    8.479853005    8.889458929    8.475598255
    6.630000000    8.595592630    8.985676526    8.496316910
    6.640000000    8.717015269    9.069386226    8.580923335
    6.650000000    8.817709610    9.111909149    8.686348836
    6.660000000    8.881155962    9.095509857    8.767218534
    6.670000000    8.907402090    9.023005921    8.797122543
    6.680000000    8.908309230    8.913896784    8.772769144
    6.690000000    8.895075442    8.791470833    8.703825669
    6.700000000    8.868718040    8.670836489    8.607062958
    6.710000000    8.823650269    8.556324416    8.509567904
    6.720000000    8.757320826    8.446420928    8.441985611
    6.730000000    8.676084171    8.340072430    8.421062746
    6.740000000    8.595304835    8.240630883    8.442907286
    6.750000000    8.529585937    8.153064264    8.491411273
    6.760000000    8.476859434    8.075234586    8.547137200
    6.770000000    8.413902069    7.993980544    8.590913053
    6.780000000    8.315175324    7.895291214    8.611701123
    6.790000000    8.179150795    7.779509179    8.617865317
    6.800000000    8.029913125    7.660639741    8.636260241
    6.810000000    7.892556617    7.550179276    8.693713906
    6.820000000    7.773651224    7.447851909    8.794428678
    6.830000000    7.663323323    7.347192419    8.911910113
    6.840000000    7.549114860    7.243838330    9.002981423
    6.850000000    7.428020511    7.138874335    9.033564851
    6.860000000    7.309200992    7.038413511    8.997062749
    6.870000000    7.207299848    6.951792608    8.915400643
    6.880000000    7.133359465    6.889056755    8.824946118
    6.890000000    7.089300418    6.855681887    8.757611578
    6.900000000    7.067515282    6.847107103    8.730218099
    6.910000000    7.054587876    6.848992714    8.744697412
    6.920000000    7.038049170    6.844619231    8.791186844
    6.930000000    7.012337364    6.823799776    8.847916301
    6.940000000    6.978302828    6.785587025    8.880561475
    6.950000000    6.938543254    6.735147057    8.851139075
    6.960000000    6.893808205    6.680215816    8.737359485
    6.970000000    6.841744337    6.628985057    8.548693054
    6.980000000    6.778670942    6.589065069    8.322600165
    6.990000000    6.706296759    6.568101644    8.103798379
    7.000000000    6.638817123    6.574123778    7.927875642
    7.010000000    6.598602685    6.611319257    7.814317408
    7.020000000    6.602441835    6.675108405    7.761645806
    7.030000000    6.652451181    6.752984298    7.749691273
    7.040000000    6.735666119    6.828842186    7.753451969
    7.050000000    6.828068439    6.887239433    7.753568900
    7.060000000    6.903176288    6.918662854    7.735132205
    7.070000000    6.944909606    6.924377640    7.688006177
    7.080000000    6.955007094    6.915602124    7.613026631
    7.090000000    6.947510178    6.906461366    7.521452042
    7.100000000    6.935766959    6.905246568    7.428088680
    7.110000000    6.922015208    6.909271484    7.350340659
    7.120000000    6.897171202    6.907306541    7.306287309
    7.130000000    6.852393373    6.889532173    7.305363248
    7.140000000    6.791909630    6.857590680    7.344958921
    7.150000000    6.732459169    6.824697837    7.417707388
    7.160000000    6.689702589    6.805464798    7.517174901
    7.170000000    6.667781114    6.806062335    7.635919797
    7.180000000    6.662031664    6.823400165    7.762175514
    7.190000000    6.666924496    6.851061825    7.879474090
    7.200000000    6.678485910    6.883101936    7.968387552
    7.210000000    6.693143717    6.913238321    8.009907736
    7.220000000    6.708197414    6.935594325    7.990918680
    7.230000000    6.721188076    6.948688497    7.909874934
    7.240000000    6.729536417    6.959064289    7.781666930
    7.250000000    6.733566412    6.979998305    7.637675368
    7.260000000    6.737136751    7.023947971    7.515705848
    7.270000000    6.744022458    7.094478497    7.444203636
    7.280000000    6.757694316    7.185001974    7.430453855
    7.290000000    6.785803146    7.286254117    7.459619241
    7.300000000    6.839790485    7.395380809    7.505418345
    7.310000000    6.926886807    7.516681288    7.543653250
    7.320000000    7.043550118    7.653459614    7.560966429
    7.330000000    7.174817905    7.798112175    7.556117660
    7.340000000    7.296423878    7.927403174    7.532362825
    7.350000000    7.381726841    8.008079817    7.491284687
    7.360000000    7.414833917    8.010647716    7.436307826
    7.370000000    7.400258317    7.924792697    7.376425927
    7.380000000    7.360069311    7.769221686    7.322027236
    7.390000000    7.320816707    7.586287919    7.280068486
    7.400000000    7.299246497    7.420965331    7.256223788
    7.410000000    7.294951303    7.299271277    7.255830304
    7.420000000    7.292123039    7.221630069    7.277249926
    7.430000000    7.269710492    7.173214779    7.307616755
    7.440000000    7.217891291    7.142303415    7.327539209
    7.450000000    7.147446896    7.130089751    7.318805030
    7.460000000    7.081031532    7.143471918    7.269241723
    7.470000000    7.037346095    7.182379445    7.175151541
    7.480000000    7.024890162    7.236458607    7.043683408
    7.490000000    7.047736152    7.293647169    6.892537454
    7.500000000    7.113521329    7.352054156    6.744957499
    7.510000000    7.231859949    7.421462394    6.622631806
    7.520000000    7.403949603    7.511268417    6.539567503
    7.530000000    7.615603092    7.618273120    6.500695489
    7.540000000    7.841788824    7.727359368    6.503183731
    7.550000000    8.060443340    7.824329434    6.535717065
    7.560000000    8.263111083    7.907136648    6.579002713
    7.570000000    8.453336857    7.984957413    6.613598103
    7.580000000    8.639024469    8.070045047    6.632951579
    7.590000000    8.827239319    8.172061350    6.648636444
    7.600000000    9.022230549    8.296739368    6.679988758
    7.610000000    9.226443194    8.445897181    6.741240284
    7.620000000    9.439008037    8.614961607    6.837410179
    7.630000000    9.648094864    8.787731045    6.962518539
    7.640000000    9.830254227    8.937203677    7.099239016
    7.650000000    9.963538098    9.038298975    7.230293161
    7.660000000   10.039279036    9.083012975    7.354236876
    7.670000000   10.058620704    9.082233987    7.482068521
    7.680000000   10.022564112    9.053198632    7.617488781
    7.690000000    9.929041179    9.006785950    7.748075700
    7.700000000    9.778700316    8.945693474    7.855558705
    7.710000000    9.585819098    8.873454306    7.928498498
    7.720000000    9.380710535    8.802395812    7.965120633
    7.730000000    9.195422623    8.750485061    7.972400597
    7.740000000    9.047024819    8.731341872    7.966269168
    7.750000000    8.935920433    8.746536981    7.965100913
    7.760000000    8.856140065    8.784672939    7.978026510
    7.770000000    8.798589335    8.827055957    8.001684441
    7.780000000    8.744555395    8.856313142    8.028037191
    7.790000000    8.667992777    8.863275790    8.048387731
    7.800000000    8.554402850    8.851662609    8.046301712
    7.810000000    8.417884288    8.838754896    7.996497260
    7.820000000    8.295993399    8.847107685    7.881027599
    7.830000000    8.225292977    8.890070686    7.704194289
    7.840000000    8.217966087    8.961708893    7.488510176
    7.850000000    8.255968730    9.035512412    7.260901698
    7.860000000    8.304288108    9.072492723    7.043705415
    7.870000000    8.333269605    9.042146036    6.852707381
    7.880000000    8.332424056    8.941468585    6.696009870
    7.890000000    8.307435154    8.792102551    6.571898615
    7.900000000    8.269049604    8.623248217    6.470695305
    7.910000000    8.221897027    8.457002593    6.381132765
    7.920000000    8.160344338    8.303687674    6.296394451
    7.930000000    8.078507279    8.168050324    6.216326125
    7.940000000    7.980364741    8.054176099    6.145632572
    7.950000000    7.872148197    7.958933280    6.088778101
    7.960000000    7.748258055    7.863724141    6.043484737
    7.970000000    7.592426725    7.740487559    5.999190533
    7.980000000    7.395544680    7.574162889    5.945617996
    7.990000000    7.170012924    7.381009796    5.883012736
    8.000000000    6.942655812    7.199020064    5.819528426
    8.010000000    6.735625551    7.060896940    5.759366396
    8.020000000    6.558534480    6.979748920    5.698065188
    8.030000000    6.414973720    6.953243578    5.628540540
    8.040000000    6.308349060    6.969368970    5.549072408
    8.050000000    6.239017474    7.005090415    5.466709441
    8.060000000    6.200374370    7.028024632    5.395150338
    8.070000000    6.183427149    7.012110361    5.349055684
    8.080000000    6.184870078    6.956376600    5.336540607
    8.090000000    6.205954089    6.882700122    5.352543936
    8.100000000    6.243734395    6.813003345    5.379667392
    8.110000000    6.286757763    6.750747193    5.398416469
    8.120000000    6.320538947    6.683158851    5.398450435
    8.130000000    6.338007301    6.597370510    5.380419487
    8.140000000    6.344237857    6.491284741    5.349478444
    8.150000000    6.349499849    6.371277319    5.310372445
    8.160000000    6.357282366    6.244918295    5.267375094
    8.170000000    6.360959522    6.118575424    5.225366550
    8.180000000    6.353842150    6.000077030    5.190125630
    8.190000000    6.337885555    5.898079056    5.167702833
    8.200000000    6.317385442    5.815103632    5.161206584
    8.210000000    6.289130269    5.743647016    5.166602251
    8.220000000    6.245917902    5.672793312    5.172362678
    8.230000000    6.186704417    5.596881598    5.162801639
    8.240000000    6.116499572    5.515249678    5.122945632
    8.250000000    6.039780843    5.427846813    5.044079943
    8.260000000    5.960706613    5.336123220    4.928005850
    8.270000000    5.886424973    5.245991562    4.787511543
    8.280000000    5.823153885    5.165569768    4.641243826
    8.290000000    5.769147892    5.099786331    4.505778411
    8.300000000    5.716886945    5.048649361    4.390311125
    8.310000000    5.664925137    5.010413758    4.296749137
    8.320000000    5.623824020    4.983796599    4.224250616
    8.330000000    5.605923568    4.966523099    4.171940566
    8.340000000    5.609887904    4.954034890    4.136182440
    8.350000000    5.617654429    4.939866601    4.107835943
    8.360000000    5.608061556    4.918426809    4.074728095
    8.370000000    5.573702612    4.890053723    4.028256547
    8.380000000    5.524521583    4.862860463    3.969079451
    8.390000000    5.476219349    4.847741753    3.906745151
    8.400000000    5.436873779    4.851152540    3.853849340
    8.410000000    5.405056221    4.872936819    3.819667008
    8.420000000    5.375859713    4.908031389    3.805746593
    8.430000000    5.342404965    4.946228985    3.805600408
    8.440000000    5.294434427    4.973169277    3.809140671
    8.450000000    5.223565044    4.978250079    3.808004324
    8.460000000    5.132589240    4.964085442    3.798675846
    8.470000000    5.036953388    4.946442535    3.782654933
    8.480000000    4.954961057    4.944186112    3.763005372
    8.490000000    4.897709002    4.970209577    3.739632820
    8.500000000    4.867111930    5.028271995    3.708669472
    8.510000000    4.860183812    5.113834450    3.667973958
    8.520000000    4.874314506    5.217409621    3.622561126
    8.530000000    4.908302735    5.327876311    3.582197744
    8.540000000    4.957916788    5.432889277    3.553559743
    8.550000000    5.012448253    5.517940054    3.536873177
    8.560000000    5.059771328    5.571211583    3.530040060
    8.570000000    5.096876872    5.594523637    3.532695098
    8.580000000    5.132451431    5.604728232    3.544399941
    8.590000000    5.177047794    5.620068774    3.561720981
    8.600000000    5.232763696    5.648052400    3.580265381
    8.610000000    5.290899604    5.683511722    3.598355536
    8.620000000    5.337352748    5.713016629    3.617437289
    8.630000000    5.363663398    5.726077451    3.641678568
    8.640000000    5.374749586    5.727489116    3.677415246
    8.650000000    5.385250659    5.736387684    3.729684346
    8.660000000    5.409405437    5.772506545    3.797859168
    8.670000000    5.455060963    5.845416354    3.874463144
    8.680000000    5.525271090    5.954481063    3.948198827
    8.690000000    5.620464020    6.092784153    4.008338080
    8.700000000    5.737467708    6.249827250    4.047708454
    8.710000000    5.869572389    6.414096049    4.064461962
    8.720000000    6.009168372    6.575498295    4.063728920
    8.730000000    6.150192790    6.726601662    4.056380583
    8.740000000    6.286141517    6.860733184    4.051910173
    8.750000000    6.406552740    6.970146967    4.053047577
    8.760000000    6.500605577    7.050516082    4.058624106
    8.770000000    6.564568027    7.105218064    4.066350350
    8.780000000    6.603502819    7.141252138    4.069821320
    8.790000000    6.628296178    7.164261046    4.059329627
    8.800000000    6.650844783    7.176894845    4.030743808
    8.810000000    6.676961265    7.176061787    3.990087750
    8.820000000    6.701070546    7.151673344    3.946536929
    8.830000000    6.709785616    7.092447245    3.903661372
    8.840000000    6.693697763    6.995737311    3.859243434
    8.850000000    6.655206544    6.871983338    3.811775615
    8.860000000    6.605059984    6.739996065    3.765968944
    8.870000000    6.554564479    6.617371525    3.731752420
    8.880000000    6.512891134    6.514208923    3.717315272
    8.890000000    6.488734014    6.434563170    3.724325318
    8.900000000    6.489406736    6.380679144    3.750036852
    8.910000000    6.515938604    6.353121339    3.790665894
    8.920000000    6.560584524    6.347714333    3.842120894
    8.930000000    6.611063084    6.355326256    3.901090901
    8.940000000    6.654890422    6.364455995    3.967028687
    8.950000000    6.678280995    6.362393867    4.041290982
    8.960000000    6.667111984    6.337582655    4.123679151
    8.970000000    6.616172745    6.286967740    4.211191249
    8.980000000    6.536081626    6.220351069    4.300349711
    8.990000000    6.447052200    6.153999173    4.389880205
    9.000000000    6.367922265    6.101182501    4.481473820
    9.010000000    6.311441947    6.068979105    4.577809243
    9.020000000    6.284490910    6.059950989    4.678595810
    9.030000000    6.289156445    6.073175328    4.779007578
    9.040000000    6.323639795    6.103284302    4.872381385
    9.050000000    6.382131912    6.140581035    4.952966014
    9.060000000    6.453686261    6.173175670    5.014868270
    9.070000000    6.522808114    6.189919003    5.049487069
    9.080000000    6.574269526    6.184601924    5.047838630
    9.090000000    6.599161564    6.159057391    5.007907279
    9.100000000    6.596748434    6.120945725    4.937516479
    9.110000000    6.571488460    6.077588423    4.850233033
    9.120000000    6.528010251    6.031123695    4.760806211
    9.130000000    6.468732978    5.979796541    4.682725622
    9.140000000    6.397899404    5.924545255    4.626561701
    9.150000000    6.326768794    5.873494254    4.598310882
    9.160000000    6.270030955    5.838297516    4.598205653
    9.170000000    6.234528589    5.824756447    4.621001883
    9.180000000    6.213653401    5.827855168    4.658512482
    9.190000000    6.193544991    5.836362989    4.703309371
    9.200000000    6.163733675    5.841247575    4.750404934
    9.210000000    6.123084360    5.840705355    4.796573646
    9.220000000    6.078666801    5.840167190    4.841388056
    9.230000000    6.040538613    5.848504769    4.889902627
    9.240000000    6.015634134    5.872158934    4.951288340
    9.250000000    6.003861302    5.910291574    5.031993844
    9.260000000    5.999236219    5.954219522    5.130474242
    9.270000000    5.995997659    5.993098858    5.239640352
    9.280000000    5.993810550    6.020812722    5.351779451
    9.290000000    5.996166335    6.036379585    5.458734483
    9.300000000    6.004579457    6.040298400    5.550503456
    9.310000000    6.015036593    6.033104308    5.618308362
    9.320000000    6.019307636    6.015643621    5.661211933
    9.330000000    6.008475577    5.987647451    5.687384444
    9.340000000    5.975203105    5.946088293    5.705164394
    9.350000000    5.915488731    5.887395869    5.714066705
    9.360000000    5.830274482    5.811407962    5.707061906
    9.370000000    5.724540735    5.721210252    5.680127836
    9.380000000    5.605543560    5.620840152    5.637524299
    9.390000000    5.482763556    5.515670240    5.588493486
    9.400000000    5.366336482    5.412111829    5.539705106
    9.410000000    5.262332779    5.314162804    5.489071675
    9.420000000    5.169147546    5.221365832    5.425070105
    9.430000000    5.079735446    5.131388455    5.334095757
    9.440000000    4.988445083    5.044097985    5.210773482
    9.450000000    4.895440271    4.961995227    5.061500624
    9.460000000    4.805249489    4.886991857    4.899229628
    9.470000000    4.722192808    4.818517702    4.735975677
    9.480000000    4.647104381    4.755326836    4.578801147
    9.490000000    4.577638597    4.696911403    4.430389706
    9.500000000    4.510847727    4.642330937    4.292827849
    9.510000000    4.446410129    4.590725877    4.171273536
    9.520000000    4.388300398    4.543903527    4.073627666
    9.530000000    4.341760575    4.505130246    4.006599072
    9.540000000    4.307379094    4.474297160    3.972291087
    9.550000000    4.278816009    4.446345211    3.967316757
    9.560000000    4.247636174    4.415485495    3.983636087
    9.570000000    4.210722609    4.380235363    4.011165596
    9.580000000    4.172309050    4.343223811    4.041648719
    9.590000000    4.139704937    4.307172981    4.070082734
    9.600000000    4.118846371    4.273512496    4.092047686
    9.610000000    4.113219159    4.244379633    4.101300172
    9.620000000    4.124275095    4.223545320    4.091152737
    9.630000000    4.150708996    4.214546083    4.058370704
    9.640000000    4.187814230    4.218598337    4.006341243
    9.650000000    4.228925973    4.234961688    3.943548101
    9.660000000    4.266552445    4.261511347    3.877370717
    9.670000000    4.291720874    4.292489677    3.810047709
    9.680000000    4.295048736    4.317457817    3.740409518
    9.690000000    4.270332002    4.325629116    3.666917560
    9.700000000    4.217610680    4.311656807    3.589379036
    9.710000000    4.143548932    4.276264578    3.510583928
    9.720000000    4.058752487    4.222533446    3.436105752
    9.730000000    3.974083921    4.155059485    3.371417060
    9.740000000    3.898191636    4.082929209    3.319826024
    9.750000000    3.835873415    4.019082472    3.283401066
    9.760000000    3.787703535    3.974377558    3.264052294
    9.770000000    3.752002285    3.952687468    3.261813480
    9.780000000    3.726705182    3.949825656    3.272766510
    9.790000000    3.709077051    3.955442828    3.289454815
    9.800000000    3.695634206    3.958090840    3.303222290
    9.810000000    3.684092072    3.951455813    3.307598168
    9.820000000    3.674673845    3.936651280    3.301052151
    9.830000000    3.669087683    3.919088936    3.287216711
    9.840000000    3.669297558    3.903922551    3.273934302
    9.850000000    3.676766302    3.893177438    3.271693284
    9.860000000    3.691027655    3.884655197    3.288954019
    9.870000000    3.708270725    3.872457430    3.325872646
    9.880000000    3.722135572    3.849921243    3.372624674
    9.890000000    3.727511253    3.813804391    3.415250271
    9.900000000    3.724230206    3.766247565    3.444730175
    9.910000000    3.716042504    3.713044484    3.461020466
    9.920000000    3.706073027    3.660167874    3.468514523
    9.930000000    3.694053922    3.611274875    3.469641688
    9.940000000    3.676789020    3.567361310    3.464420860
    9.950000000    3.651275791    3.528578326    3.454233598
    9.960000000    3.618323073    3.496211545    3.442544294
    9.970000000    3.582202794    3.471647163    3.432134817
    9.980000000    3.547370125    3.453916603    3.424934041
    9.990000000    3.516702758    3.439729073    3.423438873
   10.000000000    3.491397455    3.425590799    3.428782307
   10.010000000    3.471172720    3.409594196    3.437924072
   10.020000000    3.455553501    3.392502008    3.444636528
   10.030000000    3.446423309    3.378497485    3.444083901
   10.040000000    3.449330326    3.374978867    3.436308214
   10.050000000    3.470749889    3.390025290    3.424314197
   10.060000000    3.512532326    3.427213477    3.409733347
   10.070000000    3.568816314    3.481438242    3.392730120
   10.080000000    3.628473940    3.540234553    3.375144973
   10.090000000    3.680709238    3.589748935    3.361198739
   10.100000000    3.719413252    3.620863878    3.355315232
   10.110000000    3.744523857    3.633095150    3.360175782
   10.120000000    3.760262190    3.633950941    3.376102302
   10.130000000    3.770532672    3.632072707    3.401260436
   10.140000000    3.776381088    3.631097217    3.433279176
   10.150000000    3.778611008    3.630868951    3.471992026
   10.160000000    3.780439576    3.631751237    3.520171458
   10.170000000    3.786128734    3.636095350    3.580468069
   10.180000000    3.798242618    3.646953446    3.652310672
   10.190000000    3.816591570    3.666077439    3.732546391
   10.200000000    3.838783004    3.692803425    3.817979943
   10.210000000    3.861560229    3.724982107    3.907282778
   10.220000000    3.881998104    3.760382617    4.001934770
   10.230000000    3.898451588    3.797135000    4.106421624
   10.240000000    3.911539438    3.834031746    4.227202680
   10.250000000    3.923314411    3.870085759    4.369538031
   10.260000000    3.934212125    3.903006442    4.535036419
   10.270000000    3.941930157    3.929377878    4.723902257
   10.280000000    3.945160077    3.947975906    4.939196892
   10.290000000    3.948883539    3.963513163    5.187618365
   10.300000000    3.964514722    3.986318792    5.476001301
   10.310000000    4.003146674    4.026905422    5.805182997
   10.320000000    4.067837526    4.089270515    6.163347315
   10.330000000    4.151534643    4.167781381    6.524349132
   10.340000000    4.241876298    4.250070548    6.855169788
   10.350000000    4.328450882    4.324085918    7.127734151
   10.360000000    4.406580478    4.384343271    7.327814258
   10.370000000    4.476344714    4.433416938    7.459494393
   10.380000000    4.540200804    4.478648257    7.543100202
   10.390000000    4.600270556    4.526060400    7.603319685
   10.400000000    4.655915874    4.575451452    7.655418872
   10.410000000    4.704332516    4.620796890    7.702664973
   10.420000000    4.743184469    4.654554092    7.743890981
   10.430000000    4.772383961    4.672484749    7.780567298
   10.440000000    4.795105629    4.677953973    7.817840830
   10.450000000    4.817790653    4.682574275    7.861447486
   10.460000000    4.847138747    4.700251119    7.914590715
   10.470000000    4.885029553    4.738560911    7.974466417
   10.480000000    4.926706292    4.795266659    8.028397333
   10.490000000    4.964245360    4.862268121    8.056481331
   10.500000000    4.991742616    4.931770145    8.043589680
   10.510000000    5.008881902    4.999210575    7.987870853
   10.520000000    5.020314373    5.061943188    7.895231750
   10.530000000    5.030558441    5.115957868    7.770726411
   10.540000000    5.039726838    5.154950045    7.620642312
   10.550000000    5.044509036    5.173763263    7.459037308
   10.560000000    5.041621932    5.171905868    7.305492010
   10.570000000    5.029969588    5.153430035    7.174920745
   10.580000000    5.011637840    5.125151907    7.070454590
   10.590000000    4.991396621    5.095131301    6.984840667
   10.600000000    4.973809234    5.070328452    6.905593678
   10.610000000    4.961066437    5.054584604    6.819434344
   10.620000000    4.954826533    5.049701660    6.717390046
   10.630000000    4.959484193    5.058230578    6.601685180
   10.640000000    4.981425152    5.083591871    6.488277516
   10.650000000    5.024487812    5.127148971    6.397644807
   10.660000000    5.087189568    5.186471841    6.339105867
   10.670000000    5.164071798    5.256226332    6.303720368
   10.680000000    5.248939083    5.329907834    6.272106429
   10.690000000    5.337149942    5.401521798    6.227547761
   10.700000000    5.425072982    5.465762242    6.162281053
   10.710000000    5.506390598    5.515870626    6.076496000
   10.720000000    5.569187602    5.543345133    5.977072747
   10.730000000    5.599719044    5.542651868    5.875966904
   10.740000000    5.591493976    5.516065528    5.783999347
   10.750000000    5.549888274    5.472299093    5.705068002
   10.760000000    5.487537558    5.420385374    5.638039966
   10.770000000    5.416697862    5.365364892    5.581408503
   10.780000000    5.345095346    5.308681346    5.533025735
   10.790000000    5.276838417    5.251837806    5.489234294
   10.800000000    5.215892214    5.199619686    5.447581219
   10.810000000    5.167427494    5.159482045    5.408360639
   10.820000000    5.135854900    5.137723808    5.372688324
   10.830000000    5.122171598    5.136037384    5.340249524
   10.840000000    5.123000795    5.151412773    5.309610677
   10.850000000    5.131518155    5.178705462    5.280462494
   10.860000000    5.139365351    5.212306845    5.254903377
   10.870000000    5.139610371    5.245957049    5.236251735
   10.880000000    5.130478505    5.273416521    5.226774363
   10.890000000    5.116404073    5.290518303    5.226264603
   10.900000000    5.104667792    5.295917658    5.232560856
   10.910000000    5.101391667    5.290594248    5.243277163
   10.920000000    5.109885497    5.278250189    5.256057733
   10.930000000    5.129942217    5.264620441    5.267569622
   10.940000000    5.157252983    5.253625489    5.274190914
   10.950000000    5.185406942    5.244670353    5.274304162
   10.960000000    5.210298242    5.235113994    5.268490473
   10.970000000    5.232897222    5.224860570    5.256820269
   10.980000000    5.257637612    5.217759557    5.238253314
   10.990000000    5.288541668    5.219172897    5.213796990
   11.000000000    5.327576819    5.232877851    5.189306002
   11.010000000    5.375407081    5.259762655    5.174667882
   11.020000000    5.431354773    5.298669605    5.179152162
   11.030000000    5.492127280    5.347564902    5.206164408
   11.040000000    5.551388858    5.402891541    5.252024355
   11.050000000    5.601775562    5.458652225    5.309930898
   11.060000000    5.638434591    5.507570450    5.374786393
   11.070000000    5.660334540    5.542643301    5.444128662
   11.080000000    5.666997255    5.556755925    5.515119000
   11.090000000    5.654648425    5.542672218    5.583337832
   11.100000000    5.618053021    5.496966756    5.646435953
   11.110000000    5.556998525    5.425168549    5.706167865
   11.120000000    5.479704070    5.341190731    5.765515606
   11.130000000    5.399265775    5.260572672    5.827147754
   11.140000000    5.327352644    5.194792288    5.895338125
   11.150000000    5.270087498    5.150070210    5.975983056
   11.160000000    5.227330740    5.127647752    6.073825269
   11.170000000    5.194657928    5.124413438    6.189953180
   11.180000000    5.166450077    5.135308658    6.320485684
   11.190000000    5.137863947    5.155567016    6.456124003
   11.200000000    5.105753491    5.180359208    6.583895570
   11.210000000    5.069826519    5.203648100    6.693304754
   11.220000000    5.032721471    5.218894097    6.782459951
   11.230000000    4.997886742    5.220861234    6.855181467
   11.240000000    4.967097116    5.206234038    6.911795498
   11.250000000    4.940562200    5.174734315    6.946754455
   11.260000000    4.918698548    5.130932826    6.954883234
   11.270000000    4.902136354    5.082913305    6.937232505
   11.280000000    4.890468747    5.038586682    6.902016406
   11.290000000    4.881868279    5.003158039    6.860130948
   11.300000000    4.873467232    4.978102505    6.819391615
   11.310000000    4.862824402    4.961291256    6.783355259
   11.320000000    4.850120194    4.948488936    6.753155140
   11.330000000    4.838027216    4.935180074    6.726667784
   11.340000000    4.828968027    4.918003495    6.694260280
   11.350000000    4.823483316    4.896029330    6.638959046
   11.360000000    4.819881911    4.869775511    6.546056244
   11.370000000    4.814104575    4.838611146    6.413056952
   11.380000000    4.802209480    4.801904381    6.249471629
   11.390000000    4.784496643    4.762918038    6.069685697
   11.400000000    4.765229383    4.727530067    5.888383011
   11.410000000    4.747735822    4.698030723    5.719619483
   11.420000000    4.731634683    4.670566458    5.575300900
   11.430000000    4.715043860    4.639497366    5.461947631
   11.440000000    4.697890273    4.603645937    5.378322217
   11.450000000    4.682262996    4.567792623    5.316011105
   11.460000000    4.670290824    4.538589658    5.262973352
   11.470000000    4.661587256    4.519433188    5.209260415
   11.480000000    4.651847875    4.508283329    5.151905612
   11.490000000    4.634737943    4.499762927    5.095198050
   11.500000000    4.606259793    4.489208009    5.046237072
   11.510000000    4.567684800    4.474943258    5.009060260
   11.520000000    4.524652888    4.457928217    4.979623508
   11.530000000    4.482780449    4.439446816    4.944201894
   11.540000000    4.443249421    4.418636995    4.885270346
   11.550000000    4.402016002    4.392110744    4.792784419
   11.560000000    4.352918556    4.355727956    4.670418966
   11.570000000    4.292132177    4.306648908    4.530726170
   11.580000000    4.220585778    4.244518452    4.385939150
   11.590000000    4.143426302    4.172683954    4.243796610
   11.600000000    4.067878028    4.098951890    4.109459132
   11.610000000    4.000748967    4.033457454    3.988359193
   11.620000000    3.947018219    3.984737855    3.886294076
   11.630000000    3.909994573    3.957217058    3.807333776
   11.640000000    3.890930529    3.949651793    3.751913692
   11.650000000    3.886959863    3.954157003    3.716584993
   11.660000000    3.890648003    3.958937584    3.695248407
   11.670000000    3.893755705    3.954774477    3.680973342
   11.680000000    3.891872947    3.939591773    3.666560509
   11.690000000    3.885415662    3.917297115    3.642930817
   11.700000000    3.876769434    3.892948656    3.599397469
   11.710000000    3.867066579    3.868701215    3.529379361
   11.720000000    3.855420106    3.843368451    3.436059228
   11.730000000    3.839459482    3.814279264    3.330746588
   11.740000000    3.816268382    3.779099876    3.226382431
   11.750000000    3.784569705    3.737247846    3.132504924
   11.760000000    3.746192713    3.690443744    3.053306945
   11.770000000    3.704682558    3.641994444    2.988040754
   11.780000000    3.662695708    3.595254651    2.932711344
   11.790000000    3.620954145    3.552280497    2.881975617
   11.800000000    3.579619658    3.513708758    2.831218409
   11.810000000    3.539713505    3.479152596    2.777937101
   11.820000000    3.502561593    3.447629268    2.721797141
   11.830000000    3.468501472    3.418633747    2.664339908
   11.840000000    3.436505755    3.392680232    2.608298569
   11.850000000    3.404458400    3.369666754    2.556050942
   11.860000000    3.370476750    3.347733964    2.508889626
   11.870000000    3.335024003    3.325067107    2.468038698
   11.880000000    3.300718589    3.301297192    2.435536826
   11.890000000    3.269400320    3.276069604    2.413576845
   11.900000000    3.241258629    3.248601849    2.402685499
   11.910000000    3.217057050    3.219831483    2.400054017
   11.920000000    3.198632892    3.193086906    2.400056362
   11.930000000    3.186812771    3.171990229    2.397478395
   11.940000000    3.180133599    3.158030623    2.390319611
   11.950000000    3.175042389    3.149584155    2.379197924
   11.960000000    3.166291104    3.142578750    2.364886490
   11.970000000    3.148257328    3.132399010    2.347479487
   11.980000000    3.118046192    3.116258579    2.327907367
   11.990000000    3.077962167    3.094496455    2.308890511
   12.000000000    3.034549483    3.069867262    2.293353620
   12.010000000    2.994934843    3.045143512    2.282437659
   12.020000000    2.963569659    3.020907174    2.275526746
   12.030000000    2.941266428    2.995805180    2.271345792
   12.040000000    2.925902402    2.968639749    2.268073211
   12.050000000    2.913679352    2.939623061    2.263205053
   12.060000000    2.900915587    2.910084591    2.254771653
   12.070000000    2.885740196    2.881632141    2.242513805
   12.080000000    2.868212246    2.855450520    2.227312906
   12.090000000    2.849122940    2.832017124    2.209886533
   12.100000000    2.829083122    2.811298878    2.190135356
   12.110000000    2.808202793    2.793019053    2.167305831
   12.120000000    2.785519268    2.776372281    2.141129535
   12.130000000    2.759114109    2.759820569    2.113327053
   12.140000000    2.728343625    2.741942813    2.087269375
   12.150000000    2.695714905    2.722425460    2.065505349
   12.160000000    2.665463635    2.701887602    2.048067763
   12.170000000    2.640765810    2.680989456    2.033650673
   12.180000000    2.622718376    2.660213186    2.022227728
   12.190000000    2.610356593    2.639833692    2.015895533
   12.200000000    2.599995198    2.619047406    2.016739480
   12.210000000    2.585899088    2.595988166    2.024209855
   12.220000000    2.563999098    2.569421194    2.034912394
   12.230000000    2.534339226    2.539520361    2.044215719
   12.240000000    2.498957545    2.506758040    2.047779344
   12.250000000    2.458971254    2.470895036    2.042253484
   12.260000000    2.414711288    2.431468002    2.025542976
   12.270000000    2.367791691    2.389387043    1.997998696
   12.280000000    2.321621162    2.347553495    1.963472553
   12.290000000    2.279224440    2.308993301    1.927742952
   12.300000000    2.241526886    2.274792374    1.895664419
   12.310000000    2.208281804    2.244227865    1.869596302
   12.320000000    2.179141496    2.215834496    1.849282075
   12.330000000    2.153301983    2.188191489    1.832623509
   12.340000000    2.129624694    2.160740028    1.817035749
   12.350000000    2.107878782    2.134218758    1.801039531
   12.360000000    2.088960956    2.110029841    1.785204233
   12.370000000    2.073457089    2.089189496    1.771387226
   12.380000000    2.060936711    2.072052235    1.761119882
   12.390000000    2.050871054    2.058625459    1.755158849
   12.400000000    2.043107094    2.048257058    1.753750936
   12.410000000    2.036780504    2.038641103    1.756022001
   12.420000000    2.029519911    2.025867016    1.759511099
   12.430000000    2.018559474    2.006372219    1.761136542
   12.440000000    2.002543468    1.979424659    1.758386163
   12.450000000    1.982273466    1.947991276    1.749853108
   12.460000000    1.960261008    1.917104724    1.735661912
   12.470000000    1.939611363    1.891194513    1.717483811
   12.480000000    1.922486344    1.872255132    1.697658519
   12.490000000    1.908956341    1.859331082    1.677949815
   12.500000000    1.897341172    1.849462740    1.658969969
   12.510000000    1.885741155    1.840090481    1.640793911
   12.520000000    1.873310758    1.830996833    1.623733393
   12.530000000    1.860490984    1.823750796    1.608445828
   12.540000000    1.848095413    1.819386578    1.595524110
   12.550000000    1.836094974    1.816916530    1.584964448
   12.560000000    1.823839711    1.814384375    1.576278850
   12.570000000    1.811367484    1.810943538    1.569410928
   12.580000000    1.799716600    1.807254996    1.565207661
   12.590000000    1.789890644    1.804106705    1.564569150
   12.600000000    1.782056339    1.801330805    1.567382652
   12.610000000    1.775780483    1.797993332    1.572330909
   12.620000000    1.770471618    1.793212628    1.577338508
   12.630000000    1.765389909    1.786833704    1.579908369
   12.640000000    1.759764781    1.779445610    1.577304655
   12.650000000    1.753446927    1.771910505    1.567293505
   12.660000000    1.747373732    1.764918261    1.549375855
   12.670000000    1.743029205    1.758714488    1.525160817
   12.680000000    1.741154467    1.753128875    1.497135532
   12.690000000    1.740885871    1.748019103    1.467483950
   12.700000000    1.740166718    1.743493745    1.438572061
   12.710000000    1.737153674    1.739626716    1.413768912
   12.720000000    1.731666475    1.736580122    1.396520977
   12.730000000    1.725402376    1.735112332    1.388563993
   12.740000000    1.720436464    1.736005355    1.389178389
   12.750000000    1.717736408    1.738870335    1.395478160
   12.760000000    1.717381541    1.742401398    1.403674126
   12.770000000    1.719084729    1.745412079    1.411272622
   12.780000000    1.721325289    1.746619103    1.418312277
   12.790000000    1.720504397    1.743689089    1.425992163
   12.800000000    1.712476676    1.733678211    1.434459123
   12.810000000    1.695631436    1.714920031    1.442442523
   12.820000000    1.672265060    1.688277733    1.448526513
   12.830000000    1.647420360    1.657049949    1.452235254
   12.840000000    1.626961777    1.626206823    1.453866029
   12.850000000    1.615692074    1.601032646    1.454096248
   12.860000000    1.615710360    1.585486489    1.454153591
   12.870000000    1.625932912    1.581177534    1.455486701
   12.880000000    1.642718009    1.586976398    1.459013065
   12.890000000    1.660830713    1.599175073    1.465045226
   12.900000000    1.675070593    1.612908759    1.473618946
   12.910000000    1.682084506    1.624303549    1.484138723
   12.920000000    1.680473783    1.631374129    1.494423358
   12.930000000    1.670059834    1.633518999    1.500661462
   12.940000000    1.652691235    1.631277335    1.499162027
   12.950000000    1.632902780    1.626283755    1.488639243
   12.960000000    1.615790727    1.620426828    1.471106763
   12.970000000    1.603804312    1.614610051    1.450859060
   12.980000000    1.595677039    1.608056974    1.432127254
   12.990000000    1.588222652    1.598929541    1.416952713
   13.000000000    1.578847015    1.585771648    1.404945542
   13.010000000    1.566382976    1.568260004    1.394536457
   13.020000000    1.550744319    1.547187689    1.384388630
   13.030000000    1.532835306    1.524350749    1.374248071
   13.040000000    1.514188102    1.502135192    1.364712661
   13.050000000    1.495952415    1.482574075    1.356315175
   13.060000000    1.478700651    1.466679570    1.349009107
   13.070000000    1.463512957    1.454735835    1.342428267
   13.080000000    1.452361761    1.446849165    1.336832334
   13.090000000    1.446919405    1.443162478    1.333776510
   13.100000000    1.447320425    1.443782902    1.335399590
   13.110000000    1.452325334    1.448518115    1.343056752
   13.120000000    1.460612213    1.456714024    1.356545643
   13.130000000    1.471502451    1.467292933    1.374228980
   13.140000000    1.484589790    1.479187596    1.394010496
   13.150000000    1.499361680    1.492047104    1.414616748
   13.160000000    1.514986198    1.506080010    1.435727383
   13.170000000    1.530260479    1.521161781    1.456790294
   13.180000000    1.544275460    1.536559037    1.476208306
   13.190000000    1.556825408    1.551072949    1.491538873
   13.200000000    1.567426472    1.562857990    1.500331285
   13.210000000    1.574229837    1.569587951    1.500873796
   13.220000000    1.574572558    1.569350263    1.491801044
   13.230000000    1.567007029    1.561608154    1.471697647
   13.240000000    1.552829050    1.547754368    1.440714715
   13.250000000    1.535198072    1.530554896    1.402404395
   13.260000000    1.516887656    1.512768445    1.362828726
   13.270000000    1.499147042    1.496399373    1.327903183
   13.280000000    1.481974292    1.482627154    1.301368183
   13.290000000    1.464756872    1.471767830    1.284317175
   13.300000000    1.447054685    1.463416580    1.276177419
   13.310000000    1.429581216    1.457005341    1.275992218
   13.320000000    1.414667760    1.452572121    1.282676786
   13.330000000    1.405229016    1.450849636    1.294373463
   13.340000000    1.402686250    1.452197168    1.308191312
   13.350000000    1.405802081    1.455610648    1.321084728
   13.360000000    1.411372173    1.458918507    1.331141795
   13.370000000    1.416123739    1.460143886    1.338216998
   13.380000000    1.418631863    1.459125160    1.343796964
   13.390000000    1.419963247    1.457719363    1.350474502
   13.400000000    1.422388741    1.458134618    1.360560580
   13.410000000    1.426965884    1.460995575    1.373788975
   13.420000000    1.432412097    1.465021110    1.386756611
   13.430000000    1.436645825    1.468510633    1.395755873
   13.440000000    1.439140017    1.470987675    1.399788866
   13.450000000    1.441358767    1.473594548    1.400374157
   13.460000000    1.444969218    1.478063333    1.399153757
   13.470000000    1.449897952    1.484643317    1.395981640
   13.480000000    1.454128591    1.490650068    1.388983244
   13.490000000    1.455121941    1.491593286    1.376147321
   13.500000000    1.451704157    1.484406724    1.356761057
   13.510000000    1.445250271    1.469983085    1.331801764
   13.520000000    1.438964965    1.452575724    1.303597585
   13.530000000    1.435634578    1.436780893    1.275233845
   13.540000000    1.435962109    1.425237275    1.249846267
   13.550000000    1.438981127    1.418777535    1.229817489
   13.560000000    1.443855897    1.417711782    1.216245307
   13.570000000    1.450951066    1.422308613    1.208991829
   13.580000000    1.461125645    1.432180758    1.207028171
   13.590000000    1.474382732    1.445627052    1.208854247
   13.600000000    1.489252017    1.459717252    1.212949333
   13.610000000    1.503334882    1.471334922    1.217990145
   13.620000000    1.514447551    1.478677030    1.222669424
   13.630000000    1.521496706    1.481859367    1.225670515
   13.640000000    1.524797240    1.482276578    1.226490708
   13.650000000    1.525753532    1.481582510    1.226297586
   13.660000000    1.526059762    1.481097292    1.227546916
   13.670000000    1.526964662    1.481930469    1.232575283
   13.680000000    1.529098383    1.485307624    1.242294915
   13.690000000    1.532966056    1.492490487    1.255908196
   13.700000000    1.539218226    1.504059614    1.271613124
   13.710000000    1.547991845    1.518941261    1.287540609
   13.720000000    1.558136519    1.534198710    1.302481035
   13.730000000    1.567422841    1.546178185    1.316313710
   13.740000000    1.573477017    1.552084631    1.329417630
   13.750000000    1.574415983    1.550623920    1.341010274
   13.760000000    1.569169062    1.541968517    1.348419302
   13.770000000    1.558012143    1.527818218    1.348739660
   13.780000000    1.542730649    1.510981177    1.341558883
   13.790000000    1.525566567    1.493967534    1.329696544
   13.800000000    1.507592539    1.477719420    1.316790933
   13.810000000    1.488133553    1.461594563    1.304590915
   13.820000000    1.465737884    1.444211745    1.292814802
   13.830000000    1.439498661    1.424348029    1.280962429
   13.840000000    1.409834283    1.401667086    1.269568645
   13.850000000    1.378684403    1.377158422    1.259726666
   13.860000000    1.348907465    1.352957737    1.252104058
   13.870000000    1.322963236    1.331370702    1.246832604
   13.880000000    1.302041942    1.313843892    1.244005012
   13.890000000    1.286158560    1.300586063    1.243828159
   13.900000000    1.274463777    1.290664289    1.246220240
   13.910000000    1.265520244    1.282452779    1.250250223
   13.920000000    1.257703648    1.274268496    1.254209542
   13.930000000    1.249598167    1.264878705    1.256619935
   13.940000000    1.240227095    1.253826368    1.257127170
   13.950000000    1.229140519    1.241540846    1.256200022
   13.960000000    1.216487890    1.229084862    1.254208350
   13.970000000    1.202952476    1.217511921    1.250832471
   13.980000000    1.189408480    1.207241508    1.245078759
   13.990000000    1.176489287    1.197897712    1.235968194
   14.000000000    1.164249295    1.188546565    1.223350540
   14.010000000    1.152285662    1.178275952    1.208384374
   14.020000000    1.140506189    1.167007072    1.193391580
   14.030000000    1.129735497    1.155861569    1.180634048
   14.040000000    1.121270402    1.146544286    1.170956397
   14.050000000    1.115685074    1.140134159    1.163722639
   14.060000000    1.112261703    1.136402166    1.157860941
   14.070000000    1.109723377    1.134148378    1.152586166
   14.080000000    1.107223799    1.131956983    1.147258328
   14.090000000    1.104634726    1.128878156    1.141321311
   14.100000000    1.102226889    1.124760396    1.134408771
   14.110000000    1.100118098    1.119925899    1.126132206
   14.120000000    1.098226632    1.114785067    1.116447815
   14.130000000    1.096981212    1.110109381    1.106499641
   14.140000000    1.097533873    1.107182269    1.098043121
   14.150000000    1.100745953    1.106991622    1.091862233
   14.160000000    1.106245027    1.109310497    1.087501271
   14.170000000    1.112695432    1.112864542    1.084445815
   14.180000000    1.118576572    1.116247494    1.082779116
   14.190000000    1.122597162    1.118467990    1.082522929
   14.200000000    1.124114410    1.119156237    1.083072254
   14.210000000    1.123517488    1.118680301    1.083755435
   14.220000000    1.121685771    1.117521755    1.084638215
   14.230000000    1.119066820    1.115395615    1.086541959
   14.240000000    1.115780771    1.111487794    1.090532618
   14.250000000    1.112250319    1.105430227    1.097190207
   14.260000000    1.108940131    1.097690249    1.105723917
   14.270000000    1.105195286    1.088927900    1.113658324
   14.280000000    1.098907926    1.079263516    1.117926634
   14.290000000    1.088288851    1.068601308    1.116963274
   14.300000000    1.073703681    1.057130422    1.111703430
   14.310000000    1.057264713    1.045098012    1.104441417
   14.320000000    1.041203903    1.032780930    1.097153114
   14.330000000    1.026799433    1.020863402    1.090733479
   14.340000000    1.014318025    1.010359955    1.085069205
   14.350000000    1.003587279    1.002031709    1.079633009
   14.360000000    0.994519972    0.995975501    1.074328726
   14.370000000    0.987114310    0.991668647    1.069779700
   14.380000000    0.981239231    0.988347200    1.066667767
   14.390000000    0.976652622    0.985512062    1.065079277
   14.400000000    0.973077760    0.983164918    1.064597505
   14.410000000    0.970133995    0.981529986    1.064923171
   14.420000000    0.966940514    0.980357965    1.066226989
   14.430000000    0.961848472    0.978488670    1.068827655
   14.440000000    0.953395067    0.974516263    1.073080498
   14.450000000    0.941946405    0.968117744    1.079525607
   14.460000000    0.930141904    0.960752281    1.088567582
   14.470000000    0.921640843    0.955074652    1.100324558
   14.480000000    0.919303707    0.953266745    1.114937964
   14.490000000    0.924146804    0.955661111    1.132608050
   14.500000000    0.935486902    0.960952014    1.153080121
   14.510000000    0.951514804    0.967397474    1.174795390
   14.520000000    0.969477672    0.973458993    1.194529220
   14.530000000    0.985671196    0.977463398    1.208434440
   14.540000000    0.996223302    0.977516124    1.213921392
   14.550000000    0.998603706    0.972276014    1.210691231
   14.560000000    0.992434502    0.961631427    1.200382139
   14.570000000    0.979067047    0.946711704    1.185743987
   14.580000000    0.960880374    0.929546954    1.170125413
   14.590000000    0.940835000    0.912425980    1.156915137
   14.600000000    0.921988139    0.897185157    1.148743691
   14.610000000    0.906890579    0.885038766    1.147027896
   14.620000000    0.897089768    0.876795018    1.151995260
   14.630000000    0.892986868    0.872867888    1.162602894
   14.640000000    0.893838380    0.872847865    1.175989256
   14.650000000    0.897768722    0.875090775    1.187464941
   14.660000000    0.902221762    0.877103615    1.192133330
   14.670000000    0.904841355    0.876634116    1.187171613
   14.680000000    0.904265636    0.872709356    1.172984730
   14.690000000    0.900415770    0.865956190    1.152569836
   14.700000000    0.894097360    0.857946142    1.129863771
   14.710000000    0.886414770    0.850408095    1.108395893
   14.720000000    0.878535508    0.845029783    1.090475745
   14.730000000    0.871616271    0.843325464    1.076656786
   14.740000000    0.866571061    0.846107209    1.065818758
   14.750000000    0.863728668    0.852916140    1.056250796
   14.760000000    0.862799283    0.862179439    1.047140050
   14.770000000    0.863248176    0.872070341    1.039048914
   14.780000000    0.864450348    0.880979681    1.032778379
   14.790000000    0.865471431    0.887312514    1.028058466
   14.800000000    0.865349863    0.889723513    1.023987651
   14.810000000    0.863982881    0.888049255    1.020643975
   14.820000000    0.862345716    0.883596201    1.019308918
   14.830000000    0.861561039    0.878222985    1.020913414
   14.840000000    0.862083218    0.873420544    1.024984418
   14.850000000    0.863879734    0.870129333    1.029945133
   14.860000000    0.866837774    0.868775554    1.033644251
   14.870000000    0.870554095    0.869167033    1.033820059
   14.880000000    0.874017435    0.870474561    1.029126678
   14.890000000    0.875918887    0.871521794    1.020050820
   14.900000000    0.875219636    0.871238466    1.008499455
   14.910000000    0.871381717    0.868998998    0.996619141
   14.920000000    0.864524254    0.864849632    0.986167540
   14.930000000    0.855639861    0.859580246    0.978487298
   14.940000000    0.846439177    0.854511189    0.974397658
   14.950000000    0.838788205    0.851010974    0.973981558
   14.960000000    0.833997206    0.849754157    0.976705295
   14.970000000    0.832498123    0.850389937    0.981936064
   14.980000000    0.834106428    0.852213155    0.989376901
   14.990000000    0.838163696    0.854899413    0.998700044
   15.000000000    0.843470320    0.858297416    1.008389108
   15.010000000    0.848700126    0.861901385    1.015172597
   15.020000000    0.852927393    0.864785631    1.015381261
   15.030000000    0.855470443    0.865903066    1.007453113
   15.040000000    0.855690441    0.864755673    0.993356689
   15.050000000    0.853377862    0.861959633    0.977630369
   15.060000000    0.849008900    0.858733436    0.964903721
   15.070000000    0.843336046    0.855683324    0.957755836
   15.080000000    0.836979244    0.852383863    0.956054619
   15.090000000    0.830551601    0.848233615    0.957937937
   15.100000000    0.824905466    0.843426736    0.961458704
   15.110000000    0.821070953    0.838926038    0.965410265
   15.120000000    0.819828843    0.835591677    0.969178842
   15.130000000    0.821187323    0.833441129    0.972462019
   15.140000000    0.824229011    0.831649889    0.975141252
   15.150000000    0.827441533    0.829126735    0.977100144
   15.160000000    0.829505400    0.825395684    0.977884788
   15.170000000    0.830200273    0.821169710    0.976692278
   15.180000000    0.830457391    0.817858479    0.973059567
   15.190000000    0.831268602    0.816494112    0.967260386
   15.200000000    0.832589773    0.817129029    0.959745699
   15.210000000    0.833312307    0.818925384    0.950888024
   15.220000000    0.832081178    0.820634046    0.941565474
   15.230000000    0.828025293    0.821072353    0.933136259
   15.240000000    0.821077606    0.819507930    0.926290221
   15.250000000    0.812032553    0.815935362    0.920118076
   15.260000000    0.802156639    0.810878118    0.912655630
   15.270000000    0.792553485    0.804912716    0.902819654
   15.280000000    0.783938149    0.798539142    0.891862958
   15.290000000    0.776865780    0.792325880    0.882593849
   15.300000000    0.771798402    0.786817560    0.877198292
   15.310000000    0.768696932    0.782144030    0.875790814
   15.320000000    0.766727475    0.777925851    0.876878932
   15.330000000    0.764788587    0.773782357    0.879235050
   15.340000000    0.762317866    0.769664768    0.882951502
   15.350000000    0.759324526    0.765480246    0.888446386
   15.360000000    0.755930771    0.760799092    0.895289434
   15.370000000    0.752147207    0.755217883    0.902497812
   15.380000000    0.747974998    0.748857283    0.909176140
   15.390000000    0.743617267    0.742414145    0.914331430
   15.400000000    0.739509786    0.736857780    0.916819407
   15.410000000    0.736126621    0.732997366    0.916275527
   15.420000000    0.733782089    0.731139894    0.913821659
   15.430000000    0.732555359    0.731088274    0.911241582
   15.440000000    0.732326963    0.732321888    0.909464155
   15.450000000    0.732793759    0.733963665    0.908121351
   15.460000000    0.733386932    0.734678676    0.906293421
   15.470000000    0.733396016    0.733198128    0.903242503
   15.480000000    0.732377937    0.729134057    0.898688816
   15.490000000    0.730404114    0.723044320    0.893065204
   15.500000000    0.727874256    0.715900116    0.887656270
   15.510000000    0.725224391    0.708699426    0.884060874
   15.520000000    0.722916905    0.702351462    0.883191058
   15.530000000    0.721563484    0.697602920    0.884604907
   15.540000000    0.721877566    0.694860090    0.886645688
   15.550000000    0.724321200    0.694005927    0.887193732
   15.560000000    0.728637990    0.694492896    0.884395027
   15.570000000    0.733795277    0.695764799    0.877188538
   15.580000000    0.738368324    0.697458788    0.865619585
   15.590000000    0.740997775    0.699108682    0.850538040
   15.600000000    0.740687153    0.699821768    0.832843327
   15.610000000    0.736924530    0.698485213    0.813082486
   15.620000000    0.729882877    0.694617655    0.791682816
   15.630000000    0.720594076    0.688975527    0.769463139
   15.640000000    0.710639526    0.683015341    0.748027343
   15.650000000    0.701320630    0.677802379    0.729476502
   15.660000000    0.692933169    0.673506267    0.715333596
   15.670000000    0.684951098    0.669812554    0.705620275
   15.680000000    0.676904275    0.666540034    0.698850385
   15.690000000    0.668864575    0.663681073    0.692700219
   15.700000000    0.661118150    0.661022568    0.685051324
   15.710000000    0.653629341    0.657975759    0.674982231
   15.720000000    0.645950900    0.653858214    0.662741564
   15.730000000    0.637540519    0.648377786    0.648794812
   15.740000000    0.628204640    0.642009022    0.633519643
   15.750000000    0.618492210    0.635978057    0.617780450
   15.760000000    0.609648120    0.631705993    0.602968619
   15.770000000    0.602893752    0.630025429    0.590307175
   15.780000000    0.598751497    0.630905205    0.580393465
   15.790000000    0.597052972    0.633757179    0.573271542
   15.800000000    0.597155397    0.637573477    0.568703975
   15.810000000    0.597962040    0.640859384    0.566446716
   15.820000000    0.598181882    0.642066377    0.566444181
   15.830000000    0.597054296    0.640483042    0.568850126
   15.840000000    0.594910641    0.636771088    0.573928885
   15.850000000    0.592813405    0.632497887    0.581742060
   15.860000000    0.591504053    0.628939483    0.591575831
   15.870000000    0.590851280    0.626373384    0.601672430
   15.880000000    0.590380569    0.624428593    0.609849867
   15.890000000    0.590016740    0.622654956    0.614564157
   15.900000000    0.590069809    0.620633528    0.615588936
   15.910000000    0.590746968    0.618001321    0.614040068
   15.920000000    0.591983250    0.614710993    0.611746208
   15.930000000    0.593730752    0.611226094    0.610391599
   15.940000000    0.596290857    0.608398034    0.611129187
   15.950000000    0.600187402    0.607047028    0.614524605
   15.960000000    0.605661138    0.607559902    0.620288773
   15.970000000    0.612505140    0.609912435    0.627063166
   15.980000000    0.620336295    0.613995729    0.632838345
   15.990000000    0.628710556    0.619719152    0.636012764
   16.000000000    0.636942373    0.626676248    0.636279761
   16.010000000    0.643982701    0.633823957    0.634389604
   16.020000000    0.648775183    0.639834362    0.631134890
   16.030000000    0.650994629    0.643933635    0.626788645
   16.040000000    0.651372509    0.646276138    0.621377111
   16.050000000    0.651216024    0.647511915    0.615254584
   16.060000000    0.651570589    0.648083078    0.609250247
   16.070000000    0.652585986    0.647798004    0.604120341
   16.080000000    0.653402720    0.645875480    0.599874797
   16.090000000    0.652759035    0.641587681    0.595721261
   16.100000000    0.649959926    0.635127056    0.590603266
   16.110000000    0.645316679    0.627718642    0.583854251
   16.120000000    0.639800022    0.620869057    0.575699513
   16.130000000    0.634523460    0.615655639    0.567213580
   16.140000000    0.630656391    0.612727684    0.559761956
   16.150000000    0.629565735    0.612756230    0.554536658
   16.160000000    0.632466225    0.616392109    0.552392243
   16.170000000    0.639580422    0.623483750    0.553665818
   16.180000000    0.649697206    0.632602365    0.557802361
   16.190000000    0.660626567    0.641610787    0.563155066
   16.200000000    0.670064650    0.648579215    0.567252622
   16.210000000    0.676162746    0.652168756    0.567586109
   16.220000000    0.677746939    0.651676788    0.562869702
   16.230000000    0.674543541    0.647294950    0.553971724
   16.240000000    0.667370368    0.640329275    0.543382143
   16.250000000    0.657974752    0.632806001    0.533653510
   16.260000000    0.648474437    0.626633584    0.526419681
   16.270000000    0.640660314    0.622971172    0.522467291
   16.280000000    0.635518727    0.622072214    0.522038961
   16.290000000    0.633225379    0.623485485    0.524782687
   16.300000000    0.633565662    0.626467701    0.529788498
   16.310000000    0.636386222    0.630416692    0.536129901
   16.320000000    0.641703945    0.635158535    0.543296463
   16.330000000    0.649431322    0.640939321    0.551038953
   16.340000000    0.659111093    0.648160600    0.559137314
   16.350000000    0.670064238    0.657239929    0.567360122
   16.360000000    0.681758358    0.668716818    0.575357829
   16.370000000    0.693871816    0.683120078    0.582657108
   16.380000000    0.706047719    0.700376367    0.589002767
   16.390000000    0.717753728    0.719304044    0.594638284
   16.400000000    0.728532043    0.737906365    0.600081695
   16.410000000    0.738504138    0.754481670    0.605570543
   16.420000000    0.748438829    0.768535444    0.610693725
   16.430000000    0.759042427    0.780530247    0.614497436
   16.440000000    0.770182065    0.790881874    0.615855628
   16.450000000    0.780877306    0.799393737    0.613885009
   16.460000000    0.789788534    0.805380272    0.608260966
   16.470000000    0.795677681    0.808081664    0.599278607
   16.480000000    0.798061399    0.807386657    0.587718307
   16.490000000    0.797718101    0.804384190    0.574651479
   16.500000000    0.796189031    0.800874115    0.561219790
   16.510000000    0.794619749    0.798265949    0.548358316
   16.520000000    0.793234259    0.797154069    0.536708854
   16.530000000    0.791814054    0.797711375    0.526769859
   16.540000000    0.790221894    0.799870168    0.518875154
   16.550000000    0.788483818    0.803127042    0.513095721
   16.560000000    0.786871098    0.806732680    0.509431821
   16.570000000    0.785869049    0.810023751    0.508064324
   16.580000000    0.785695545    0.812139539    0.509197423
   16.590000000    0.785949368    0.811756807    0.512603453
   16.600000000    0.785890606    0.807805263    0.517489385
   16.610000000    0.784708168    0.800330083    0.522879192
   16.620000000    0.781458577    0.790333558    0.527963457
   16.630000000    0.775577883    0.779249148    0.532225680
   16.640000000    0.767790730    0.768818312    0.535551524
   16.650000000    0.759870181    0.760653395    0.538060039
   16.660000000    0.753276788    0.755244290    0.539729188
   16.670000000    0.748353127    0.751673715    0.540398167
   16.680000000    0.744725906    0.748632178    0.540108847
   16.690000000    0.741916051    0.745475748    0.539306851
   16.700000000    0.739381516    0.742167089    0.538605639
   16.710000000    0.736410918    0.738614198    0.538131318
   16.720000000    0.732353448    0.734409748    0.537142919
   16.730000000    0.727028748    0.729133461    0.534668675
   16.740000000    0.720736767    0.722605604    0.530470068
   16.750000000    0.713733228    0.714745610    0.525081326
   16.760000000    0.705986776    0.705576326    0.519186677
   16.770000000    0.697518819    0.695550703    0.513312938
   16.780000000    0.688577498    0.685509865    0.507738547
   16.790000000    0.679405271    0.676117914    0.502267138
   16.800000000    0.670138218    0.667499365    0.496296466
   16.810000000    0.661020902    0.659519031    0.489444060
   16.820000000    0.652568943    0.652209665    0.482153057
   16.830000000    0.645348831    0.645705803    0.475500422
   16.840000000    0.639533167    0.639942477    0.470338024
   16.850000000    0.634720376    0.634665395    0.466785292
   16.860000000    0.630098075    0.629538987    0.464442475
   16.870000000    0.624807450    0.624153814    0.462841934
   16.880000000    0.618532794    0.618290511    0.461782199
   16.890000000    0.611791851    0.612185019    0.461330734
   16.900000000    0.605445644    0.606260030    0.461488742
   16.910000000    0.600026411    0.600705087    0.461936408
   16.920000000    0.595646252    0.595476853    0.462181560
   16.930000000    0.592379011    0.590651715    0.461939358
   16.940000000    0.590438474    0.586616974    0.461341490
   16.950000000    0.589904644    0.583798142    0.460799994
   16.960000000    0.590376547    0.582194997    0.460637433
   16.970000000    0.590996600    0.581204581    0.460750099
   16.980000000    0.590902241    0.579886942    0.460669629
   16.990000000    0.589736135    0.577458094    0.460120401
   17.000000000    0.587767627    0.573638244    0.459442299
   17.010000000    0.585514630    0.568671035    0.459217205
   17.020000000    0.583247724    0.563195051    0.459530263
   17.030000000    0.580827624    0.558071231    0.459855439
   17.040000000    0.578009666    0.554191804    0.459716673
   17.050000000    0.574841557    0.552237828    0.459353461
   17.060000000    0.571556378    0.552275340    0.459667854
   17.070000000    0.568074509    0.553467385    0.461449611
   17.080000000    0.563881170    0.554363085    0.464678297
   17.090000000    0.558520192    0.553692129    0.468620648
   17.100000000    0.552114517    0.551057618    0.472544329
   17.110000000    0.545372388    0.547036363    0.476274054
   17.120000000    0.539179860    0.542719538    0.479998093
   17.130000000    0.534209416    0.539122117    0.483734865
   17.140000000    0.530865591    0.536965262    0.487361321
   17.150000000    0.529500568    0.536820202    0.491036415
   17.160000000    0.530426531    0.539065140    0.495204220
   17.170000000    0.533667537    0.543586306    0.500247528
   17.180000000    0.538943402    0.549763621    0.506279318
   17.190000000    0.545873838    0.556836784    0.513040675
   17.200000000    0.553971116    0.564175364    0.519811611
   17.210000000    0.562427564    0.571166043    0.525546491
   17.220000000    0.570085314    0.577028219    0.529284351
   17.230000000    0.575771666    0.580978739    0.530562277
   17.240000000    0.578857945    0.582704224    0.529679430
   17.250000000    0.579680774    0.582708724    0.527618942
   17.260000000    0.579316662    0.582004114    0.525435259
   17.270000000    0.578826317    0.581338909    0.523606447
   17.280000000    0.578749877    0.580865528    0.522107221
   17.290000000    0.579043619    0.580382345    0.520987421
   17.300000000    0.579150242    0.579529607    0.520525577
   17.310000000    0.578291082    0.577853285    0.520824451
   17.320000000    0.575897739    0.574919758    0.521570991
   17.330000000    0.571775188    0.570439351    0.522323566
   17.340000000    0.566088787    0.564466274    0.522957767
   17.350000000    0.559316222    0.557499526    0.523655624
   17.360000000    0.552122056    0.550293524    0.524464987
   17.370000000    0.545279380    0.543665619    0.525140357
   17.380000000    0.539553797    0.538372583    0.525474150
   17.390000000    0.535434829    0.534833548    0.525436172
   17.400000000    0.533004167    0.532913623    0.524841053
   17.410000000    0.532081318    0.532118990    0.523331397
   17.420000000    0.532326192    0.531977246    0.520822144
   17.430000000    0.533203506    0.532203771    0.517467939
   17.440000000    0.534066954    0.532682054    0.513174176
   17.450000000    0.534431763    0.533459941    0.507658198
   17.460000000    0.534237901    0.534696804    0.501074461
   17.470000000    0.533782896    0.536440299    0.494234495
   17.480000000    0.533291943    0.538447938    0.488133107
   17.490000000    0.532692285    0.540317911    0.483556274
   17.500000000    0.531865334    0.541767530    0.481084479
   17.510000000    0.530942244    0.542792611    0.481037309
   17.520000000    0.530314795    0.543658683    0.483338478
   17.530000000    0.530447657    0.544788054    0.487540358
   17.540000000    0.531654698    0.546590125    0.493033621
   17.550000000    0.533919884    0.549204474    0.499283431
   17.560000000    0.536896275    0.552315383    0.505888934
   17.570000000    0.540158962    0.555289494    0.512591216
   17.580000000    0.543552657    0.557609833    0.519304154
   17.590000000    0.547333428    0.559286431    0.526030780
   17.600000000    0.551885730    0.560820075    0.532780368
   17.610000000    0.557358036    0.562784623    0.539628483
   17.620000000    0.563701558    0.565589696    0.546743430
   17.630000000    0.570858202    0.569523242    0.554221259
   17.640000000    0.578737369    0.574702337    0.561864992
   17.650000000    0.587134791    0.580898022    0.569156698
   17.660000000    0.595723213    0.587528727    0.575515689
   17.670000000    0.604137202    0.593984987    0.580715178
   17.680000000    0.612110086    0.600015544    0.585106690
   17.690000000    0.619468595    0.605707647    0.589361742
   17.700000000    0.625984130    0.611132111    0.593891016
   17.710000000    0.631293215    0.616130485    0.598521529
   17.720000000    0.635063985    0.620449513    0.602830074
   17.730000000    0.637343561    0.624052905    0.606762774
   17.740000000    0.638656135    0.627201123    0.610808711
   17.750000000    0.639583468    0.630128011    0.615472687
   17.760000000    0.640314471    0.632775642    0.620734104
   17.770000000    0.640717594    0.635013523    0.626282247
   17.780000000    0.640579452    0.636866705    0.632012467
   17.790000000    0.639626577    0.638335773    0.638071549
   17.800000000    0.637718252    0.639327502    0.644727776
   17.810000000    0.635212173    0.639880957    0.652297774
   17.820000000    0.632808970    0.640112316    0.660934504
   17.830000000    0.630958456    0.639884739    0.670280770
   17.840000000    0.629592990    0.638811013    0.679488595
   17.850000000    0.628367243    0.636643282    0.687833486
   17.860000000    0.627087389    0.633556480    0.695219616
   17.870000000    0.625898861    0.630073291    0.702054884
   17.880000000    0.625079927    0.626825546    0.708859850
   17.890000000    0.624867383    0.624379428    0.715883258
   17.900000000    0.625491320    0.623121926    0.722706033
   17.910000000    0.627096303    0.623129290    0.728076210
   17.920000000    0.629547180    0.624085992    0.730371094
   17.930000000    0.632446286    0.625451092    0.728650123
   17.940000000    0.635330462    0.626771808    0.723537337
   17.950000000    0.637783034    0.627735122    0.716953474
   17.960000000    0.639481411    0.627972158    0.710771857
   17.970000000    0.640208048    0.627035985    0.705658720
   17.980000000    0.639802699    0.624695559    0.701049844
   17.990000000    0.638205589    0.621184789    0.696093931
   18.000000000    0.635593290    0.617114403    0.690579714
   18.010000000    0.632451536    0.613291520    0.684980036
   18.020000000    0.629483186    0.610596483    0.679930601
   18.030000000    0.627283319    0.609640706    0.675853794
   18.040000000    0.625991826    0.610347218    0.672764817
   18.050000000    0.625269343    0.612014958    0.670227828
   18.060000000    0.624592665    0.613854039    0.667572388
   18.070000000    0.623576629    0.615468339    0.664143538
   18.080000000    0.622052053    0.616907192    0.659334304
   18.090000000    0.620028246    0.618413589    0.652685519
   18.100000000    0.617747692    0.620219831    0.644229116
   18.110000000    0.615668242    0.622435592    0.634580235
   18.120000000    0.614233642    0.624929245    0.624577904
   18.130000000    0.613578582    0.627252330    0.614801009
   18.140000000    0.613427977    0.628766334    0.605360588
   18.150000000    0.613219130    0.628870778    0.596188649
   18.160000000    0.612358571    0.627195539    0.587465214
   18.170000000    0.610674848    0.623974421    0.579737891
   18.180000000    0.608688741    0.620282342    0.573662437
   18.190000000    0.607254561    0.617534574    0.569664225
   18.200000000    0.606974246    0.616687805    0.567880887
   18.210000000    0.607936448    0.617905847    0.568271407
   18.220000000    0.609932311    0.620785603    0.570601875
   18.230000000    0.612803262    0.624686678    0.574305253
   18.240000000    0.616384490    0.628803803    0.578440739
   18.250000000    0.620271258    0.632260667    0.581975672
   18.260000000    0.623915293    0.634422528    0.584203925
   18.270000000    0.626848769    0.635050845    0.584884659
   18.280000000    0.628699483    0.634209061    0.584165624
   18.290000000    0.629184632    0.632210190    0.582575822
   18.300000000    0.628335322    0.629601636    0.580932996
   18.310000000    0.626662995    0.627013234    0.580034864
   18.320000000    0.624903294    0.624900345    0.580376490
   18.330000000    0.623563548    0.623405173    0.582020459
   18.340000000    0.622681480    0.622425660    0.584561697
   18.350000000    0.621845121    0.621684544    0.587209330
   18.360000000    0.620354784    0.620701288    0.589003045
   18.370000000    0.617581652    0.618934020    0.589171504
   18.380000000    0.613436029    0.616169551    0.587555879
   18.390000000    0.608484333    0.612770631    0.584778798
   18.400000000    0.603544661    0.609468671    0.581985054
   18.410000000    0.599191791    0.606881623    0.580351209
   18.420000000    0.595637064    0.605199257    0.580581759
   18.430000000    0.592937839    0.604192314    0.582508098
   18.440000000    0.591123307    0.603400013    0.585077242
   18.450000000    0.590039406    0.602332706    0.586859945
   18.460000000    0.589214402    0.600602448    0.586732947
   18.470000000    0.588129512    0.598033130    0.584383190
   18.480000000    0.586708154    0.594737405    0.580490434
   18.490000000    0.585477978    0.591113323    0.576514606
   18.500000000    0.585242340    0.587817451    0.574140463
   18.510000000    0.586551591    0.585603476    0.574573859
   18.520000000    0.589344104    0.584940370    0.577967371
   18.530000000    0.593009782    0.585763707    0.583385897
   18.540000000    0.596809362    0.587641801    0.589474021
   18.550000000    0.600276318    0.590113420    0.595307130
   18.560000000    0.603328661    0.592910980    0.600768181
   18.570000000    0.606096361    0.596016681    0.606336161
   18.580000000    0.608605641    0.599487034    0.612501752
   18.590000000    0.610535444    0.603056699    0.619065184
   18.600000000    0.611288941    0.605881561    0.624815019
   18.610000000    0.610363164    0.606832474    0.628085498
   18.620000000    0.607720787    0.605234621    0.627930482
   18.630000000    0.603783109    0.601360592    0.624776874
   18.640000000    0.599061920    0.596196654    0.619843456
   18.650000000    0.594048419    0.590943596    0.614224100
   18.660000000    0.589426619    0.586755583    0.608684151
   18.670000000    0.585943629    0.584446505    0.603721970
   18.680000000    0.584038007    0.584220547    0.599438239
   18.690000000    0.583795731    0.585798577    0.595628730
   18.700000000    0.585051212    0.588629206    0.592117134
   18.710000000    0.587327813    0.591856509    0.588882565
   18.720000000    0.589939423    0.594458115    0.586040556
   18.730000000    0.592388290    0.595757119    0.583898585
   18.740000000    0.594625114    0.595763265    0.582867374
   18.750000000    0.596903640    0.594980577    0.583088280
   18.760000000    0.599403353    0.593902128    0.584198593
   18.770000000    0.601949161    0.592625707    0.585564876
   18.780000000    0.604006840    0.590882822    0.586700943
   18.790000000    0.604988209    0.588460317    0.587457585
   18.800000000    0.604719213    0.585670008    0.587884348
   18.810000000    0.603621191    0.583378615    0.588046000
   18.820000000    0.602323886    0.582422988    0.587999537
   18.830000000    0.601052342    0.582918498    0.587711399
   18.840000000    0.599385142    0.584118905    0.586904901
   18.850000000    0.596671013    0.584932807    0.585134335
   18.860000000    0.592740810    0.584664856    0.582132006
   18.870000000    0.588177037    0.583387438    0.578189067
   18.880000000    0.583927410    0.581708858    0.574248597
   18.890000000    0.580658384    0.580182449    0.571475180
   18.900000000    0.578361588    0.578854501    0.570609722
   18.910000000    0.576547311    0.577404735    0.571776360
   18.920000000    0.574894452    0.575737531    0.574858592
   18.930000000    0.573703706    0.574295173    0.579843379
   18.940000000    0.573632949    0.573755177    0.586668477
   18.950000000    0.575093519    0.574584115    0.594840446
   18.960000000    0.577982481    0.576883196    0.603376583
   18.970000000    0.581777164    0.580424100    0.611201733
   18.980000000    0.585654848    0.584635444    0.617562057
   18.990000000    0.588581901    0.588603494    0.622048505
   19.000000000    0.589624604    0.591331776    0.624343535
   19.010000000    0.588448056    0.592196542    0.624128102
   19.020000000    0.585549271    0.591266279    0.621451582
   19.030000000    0.581963999    0.589258719    0.617167223
   19.040000000    0.578723784    0.587154569    0.612717271
   19.050000000    0.576531257    0.585765316    0.609374793
   19.060000000    0.575707299    0.585524226    0.607660461
   19.070000000    0.576230521    0.586484099    0.607358032
   19.080000000    0.577846666    0.588430111    0.607890908
   19.090000000    0.580194238    0.591048248    0.608637758
   19.100000000    0.582868679    0.594042099    0.609109777
   19.110000000    0.585453582    0.597121905    0.609042301
   19.120000000    0.587571543    0.599956425    0.608344751
   19.130000000    0.588974199    0.602226950    0.606989849
   19.140000000    0.589637906    0.603721324    0.605105728
   19.150000000    0.589771206    0.604342117    0.603085906
   19.160000000    0.589788070    0.604153987    0.601413349
   19.170000000    0.590206386    0.603435313    0.600398270
   19.180000000    0.591350845    0.602468806    0.600100023
   19.190000000    0.593084293    0.601221359    0.600404971
   19.200000000    0.594800708    0.599285724    0.601124420
   19.210000000    0.595597321    0.596062734    0.602030028
   19.220000000    0.594584828    0.591105912    0.602858321
   19.230000000    0.591333180    0.584542816    0.603376285
   19.240000000    0.586109222    0.577181610    0.603510492
   19.250000000    0.579716299    0.570205343    0.603523593
   19.260000000    0.573191504    0.564709714    0.604069994
   19.270000000    0.567494098    0.561251283    0.605810661
   19.280000000    0.563236555    0.559697079    0.608773212
   19.290000000    0.560592975    0.559518734    0.612130043
   19.300000000    0.559408144    0.560200004    0.614725989
   19.310000000    0.559429178    0.561451573    0.615899817
   19.320000000    0.560507367    0.563211109    0.615857877
   19.330000000    0.562527239    0.565425724    0.615341519
   19.340000000    0.565172689    0.567807389    0.614996128
   19.350000000    0.567919401    0.569839729    0.615058258
   19.360000000    0.570305032    0.571062787    0.615459824
   19.370000000    0.572174317    0.571361485    0.615900281
   19.380000000    0.573597475    0.570867483    0.615823925
   19.390000000    0.574583554    0.569651892    0.614677317
   19.400000000    0.574965810    0.567706424    0.612378453
   19.410000000    0.574506612    0.565102126    0.609506658
   19.420000000    0.573033857    0.561987093    0.606982287
   19.430000000    0.570576648    0.558572676    0.605538669
   19.440000000    0.567444412    0.555240725    0.605404670
   19.450000000    0.564077607    0.552514790    0.606340411
   19.460000000    0.560782026    0.550805020    0.607892779
   19.470000000    0.557630622    0.550193814    0.609639977
   19.480000000    0.554547106    0.550445306    0.611394405
   19.490000000    0.551435505    0.551141835    0.613295260
   19.500000000    0.548255316    0.551805517    0.615617472
   19.510000000    0.545047405    0.552058724    0.618444644
   19.520000000    0.542003247    0.551817348    0.621463572
   19.530000000    0.539487319    0.551270644    0.623988317
   19.540000000    0.537838366    0.550606184    0.625256500
   19.550000000    0.537091043    0.549771340    0.624793005
   19.560000000    0.536974759    0.548527432    0.622553761
   19.570000000    0.537147588    0.546678901    0.618883804
   19.580000000    0.537325729    0.544181823    0.614410005
   19.590000000    0.537248826    0.541080798    0.609795675
   19.600000000    0.536638727    0.537431946    0.605400712
   19.610000000    0.535218608    0.533324102    0.601204076
   19.620000000    0.532734446    0.528873151    0.597057566
   19.630000000    0.529059326    0.524128099    0.592891738
   19.640000000    0.524349658    0.519040466    0.588658300
   19.650000000    0.519018034    0.513571868    0.584256814
   19.660000000    0.513518243    0.507808795    0.579615225
   19.670000000    0.508126524    0.501928369    0.574706781
   19.680000000    0.502910357    0.496113503    0.569514160
   19.690000000    0.497914993    0.490538038    0.564079392
   19.700000000    0.493298675    0.485338060    0.558583894
   19.710000000    0.489204382    0.480566014    0.553400127
   19.720000000    0.485612786    0.476254172    0.549141991
   19.730000000    0.482440964    0.472537305    0.546658473
   19.740000000    0.479719402    0.469632633    0.546773363
   19.750000000    0.477607384    0.467699138    0.549857383
   19.760000000    0.476292476    0.466775503    0.555556678
   19.770000000    0.475895521    0.466825089    0.562778797
   19.780000000    0.476359362    0.467757754    0.569977373
   19.790000000    0.477391542    0.469384596    0.575786095
   19.800000000    0.478598064    0.471374022    0.579560673
   19.810000000    0.479696810    0.473271832    0.581275021
   19.820000000    0.480587386    0.474622154    0.581014421
   19.830000000    0.481260468    0.475169503    0.578693564
   19.840000000    0.481678190    0.475003220    0.574237970
   19.850000000    0.481727401    0.474504949    0.568023600
   19.860000000    0.481267125    0.474113623    0.561090130
   19.870000000    0.480224191    0.474084183    0.554820254
   19.880000000    0.478639184    0.474432596    0.550348773
   19.890000000    0.476640087    0.475068657    0.548170377
   19.900000000    0.474408913    0.475901642    0.548073490
   19.910000000    0.472140049    0.476779928    0.549382174
   19.920000000    0.469956825    0.477410188    0.551359665
   19.930000000    0.467846933    0.477452630    0.553428671
   19.940000000    0.465697087    0.476705765    0.555206215
   19.950000000    0.463379392    0.475142817    0.556585492
   19.960000000    0.460794440    0.472847526    0.557749986
   19.970000000    0.457880856    0.470013349    0.559009499
   19.980000000    0.454621402    0.466912799    0.560594618
   19.990000000    0.451041712    0.463774379    0.562414422
   20.000000000    0.447201770    0.460654587    0.563890469
   20.010000000    0.443106281    0.457346854    0.564227188
   20.020000000    0.438636268    0.453457895    0.563089633
   20.030000000    0.433752538    0.448746993    0.560952480
   20.040000000    0.428791563    0.443467387    0.558636206
   20.050000000    0.424383408    0.438331801    0.556607533
