# energy grid [eV]     epsr_x  epsr_y  epsr_z
# plasmon frequences [eV]:    17.799284103   17.799460420   17.822427926
    0.050000000    6.880507875    6.881346511    7.045229540
    0.060000000    6.880809597    6.881648839    7.045537975
    0.070000000    6.881166280    6.882006239    7.045902588
    0.080000000    6.881577974    6.882418763    7.046323429
    0.090000000    6.882044739    6.882886468    7.046800556
    0.100000000    6.882566642    6.883409424    7.047334034
    0.110000000    6.883143757    6.883987706    7.047923935
    0.120000000    6.883776167    6.884621398    7.048570341
    0.130000000    6.884463964    6.885310590    7.049273339
    0.140000000    6.885207247    6.886055385    7.050033028
    0.150000000    6.886006123    6.886855889    7.050849511
    0.160000000    6.886860708    6.887712220    7.051722901
    0.170000000    6.887771126    6.888624503    7.052653318
    0.180000000    6.888737509    6.889592871    7.053640892
    0.190000000    6.889759998    6.890617467    7.054685760
    0.200000000    6.890838743    6.891698441    7.055788066
    0.210000000    6.891973901    6.892835954    7.056947964
    0.220000000    6.893165640    6.894030172    7.058165617
    0.230000000    6.894414134    6.895281273    7.059441195
    0.240000000    6.895719569    6.896589445    7.060774878
    0.250000000    6.897082138    6.897954881    7.062166853
    0.260000000    6.898502044    6.899377787    7.063617318
    0.270000000    6.899979498    6.900858376    7.065126479
    0.280000000    6.901514722    6.902396872    7.066694549
    0.290000000    6.903107947    6.903993509    7.068321755
    0.300000000    6.904759412    6.905648528    7.070008328
    0.310000000    6.906469370    6.907362183    7.071754512
    0.320000000    6.908238079    6.909134737    7.073560559
    0.330000000    6.910065810    6.910966462    7.075426732
    0.340000000    6.911952843    6.912857642    7.077353303
    0.350000000    6.913899471    6.914808572    7.079340553
    0.360000000    6.915905994    6.916819555    7.081388775
    0.370000000    6.917972725    6.918890908    7.083498273
    0.380000000    6.920099988    6.921022958    7.085669359
    0.390000000    6.922288117    6.923216043    7.087902357
    0.400000000    6.924537459    6.925470513    7.090197603
    0.410000000    6.926848371    6.927786730    7.092555443
    0.420000000    6.929221223    6.930165067    7.094976234
    0.430000000    6.931656398    6.932605911    7.097460347
    0.440000000    6.934154290    6.935109661    7.100008160
    0.450000000    6.936715304    6.937676727    7.102620069
    0.460000000    6.939339863    6.940307536    7.105296479
    0.470000000    6.942028398    6.943002524    7.108037807
    0.480000000    6.944781357    6.945762145    7.110844485
    0.490000000    6.947599199    6.948586863    7.113716957
    0.500000000    6.950482401    6.951477160    7.116655680
    0.510000000    6.953431450    6.954433530    7.119661126
    0.520000000    6.956446851    6.957456484    7.122733780
    0.530000000    6.959529123    6.960546547    7.125874143
    0.540000000    6.962678801    6.963704261    7.129082728
    0.550000000    6.965896436    6.966930185    7.132360066
    0.560000000    6.969182595    6.970224892    7.135706702
    0.570000000    6.972537863    6.973588974    7.139123197
    0.580000000    6.975962840    6.977023042    7.142610128
    0.590000000    6.979458147    6.980527723    7.146168091
    0.600000000    6.983024420    6.984103662    7.149797696
    0.610000000    6.986662316    6.987751525    7.153499572
    0.620000000    6.990372510    6.991471999    7.157274367
    0.630000000    6.994155698    6.995265787    7.161122746
    0.640000000    6.998012596    6.999133616    7.165045395
    0.650000000    7.001943940    7.003076235    7.169043018
    0.660000000    7.005950490    7.007094413    7.173116340
    0.670000000    7.010033025    7.011188943    7.177266107
    0.680000000    7.014192351    7.015360642    7.181493086
    0.690000000    7.018429295    7.019610350    7.185798067
    0.700000000    7.022744708    7.023938934    7.190181861
    0.710000000    7.027139469    7.028347286    7.194645305
    0.720000000    7.031614481    7.032836324    7.199189259
    0.730000000    7.036170675    7.037406995    7.203814607
    0.740000000    7.040809008    7.042060273    7.208522261
    0.750000000    7.045530469    7.046797164    7.213313156
    0.760000000    7.050336074    7.051618703    7.218188260
    0.770000000    7.055226870    7.056525956    7.223148564
    0.780000000    7.060203939    7.061520025    7.228195092
    0.790000000    7.065268391    7.066602041    7.233328896
    0.800000000    7.070421375    7.071773176    7.238551062
    0.810000000    7.075664071    7.077034635    7.243862706
    0.820000000    7.080997701    7.082387661    7.249264979
    0.830000000    7.086423520    7.087833538    7.254759066
    0.840000000    7.091942825    7.093373590    7.260346191
    0.850000000    7.097556954    7.099009184    7.266027611
    0.860000000    7.103267287    7.104741730    7.271804626
    0.870000000    7.109075250    7.110572685    7.277678574
    0.880000000    7.114982312    7.116503555    7.283650834
    0.890000000    7.120989994    7.122535893    7.289722832
    0.900000000    7.127099862    7.128671306    7.295896037
    0.910000000    7.133313537    7.134911454    7.302171964
    0.920000000    7.139632694    7.141258054    7.308552179
    0.930000000    7.146059064    7.147712882    7.315038297
    0.940000000    7.152594436    7.154277773    7.321631987
    0.950000000    7.159240660    7.160954630    7.328334974
    0.960000000    7.165999652    7.167745419    7.335149037
    0.970000000    7.172873393    7.174652179    7.342076020
    0.980000000    7.179863934    7.181677019    7.349117825
    0.990000000    7.186973399    7.188822129    7.356276422
    1.000000000    7.194203988    7.196089774    7.363553846
    1.010000000    7.201557981    7.203482307    7.370952207
    1.020000000    7.209037743    7.211002168    7.378473687
    1.030000000    7.216645724    7.218651889    7.386120545
    1.040000000    7.224384468    7.226434099    7.393895125
    1.050000000    7.232256614    7.234351530    7.401799851
    1.060000000    7.240264902    7.242407019    7.409837241
    1.070000000    7.248412180    7.250603519    7.418009904
    1.080000000    7.256701405    7.258944099    7.426320547
    1.090000000    7.265135654    7.267431954    7.434771983
    1.100000000    7.273718126    7.276070412    7.443367130
    1.110000000    7.282452151    7.284862938    7.452109021
    1.120000000    7.291341196    7.293813146    7.461000810
    1.130000000    7.300388872    7.302924803    7.470045775
    1.140000000    7.309598944    7.312201844    7.479247328
    1.150000000    7.318975337    7.321648374    7.488609020
    1.160000000    7.328522148    7.331268683    7.498134552
    1.170000000    7.338243656    7.341067259    7.507827777
    1.180000000    7.348144327    7.351048794    7.517692717
    1.190000000    7.358228833    7.361218202    7.527733564
    1.200000000    7.368502061    7.371580631    7.537954698
    1.210000000    7.378969126    7.382141478    7.548360691
    1.220000000    7.389635384    7.392906405    7.558956325
    1.230000000    7.400506453    7.403881360    7.569746599
    1.240000000    7.411588222    7.415072589    7.580736746
    1.250000000    7.422886875    7.426486665    7.591932248
    1.260000000    7.434408910    7.438130505    7.603338850
    1.270000000    7.446161158    7.450011399    7.614962577
    1.280000000    7.458150807    7.462137033    7.626809755
    1.290000000    7.470385427    7.474515519    7.638887030
    1.300000000    7.482873001    7.487155430    7.651201388
    1.310000000    7.495621948    7.500065834    7.663760182
    1.320000000    7.508641164    7.513256330    7.676571156
    1.330000000    7.521940051    7.526737096    7.689642474
    1.340000000    7.535528560    7.540518929    7.702982750
    1.350000000    7.549417233    7.554613304    7.716601084
    1.360000000    7.563617251    7.569032423    7.730507096
    1.370000000    7.578140486    7.583789287    7.744710969
    1.380000000    7.592999557    7.598897759    7.759223491
    1.390000000    7.608207897    7.614372645    7.774056108
    1.400000000    7.623779823    7.630229778    7.789220974
    1.410000000    7.639730609    7.646486119    7.804731013
    1.420000000    7.656076580    7.663159862    7.820599985
    1.430000000    7.672835207    7.680270553    7.836842557
    1.440000000    7.690025210    7.697839229    7.853474390
    1.450000000    7.707666686    7.715888570    7.870512221
    1.460000000    7.725781239    7.734443068    7.887973970
    1.470000000    7.744392136    7.753529225    7.905878853
    1.480000000    7.763524475    7.773175770    7.924247503
    1.490000000    7.783205379    7.793413909    7.943102117
    1.500000000    7.803464212    7.814277611    7.962466613
    1.510000000    7.824332832    7.835803926    7.982366807
    1.520000000    7.845845864    7.858033360    8.002830619
    1.530000000    7.868041024    7.881010295    8.023888301
    1.540000000    7.890959478    7.904783474    8.045572696
    1.550000000    7.914646262    7.929406556    8.067919534
    1.560000000    7.939150756    7.954938757    8.090967770
    1.570000000    7.964527225    7.981445589    8.114759965
    1.580000000    7.990835449    8.008999700    8.139342728
    1.590000000    8.018141432    8.037681856    8.164767216
    1.600000000    8.046518231    8.067582056    8.191089715
    1.610000000    8.076046894    8.098800806    8.218372292
    1.620000000    8.106817529    8.131450570    8.246683562
    1.630000000    8.138930529    8.165657393    8.276099546
    1.640000000    8.172497929    8.201562681    8.306704661
    1.650000000    8.207644919    8.239325098    8.338592841
    1.660000000    8.244511459    8.279122466    8.371868785
    1.670000000    8.283253924    8.321153452    8.406649347
    1.680000000    8.324046628    8.365638629    8.443065014
    1.690000000    8.367082918    8.412820148    8.481261421
    1.700000000    8.412575262    8.462958676    8.521400739
    1.710000000    8.460753336    8.516325128    8.563662679
    1.720000000    8.511858228    8.573182827    8.608244579
    1.730000000    8.566129473    8.633752263    8.655359647
    1.740000000    8.623778957    8.698144414    8.705231679
    1.750000000    8.684941072    8.766237621    8.758083222
    1.760000000    8.749580317    8.837453885    8.814111757
    1.770000000    8.817323849    8.910359141    8.873444193
    1.780000000    8.887165896    8.981967561    8.936052304
    1.790000000    8.956968452    9.046592082    9.001598727
    1.800000000    9.022688982    9.094149669    9.069162196
    1.810000000    9.077405435    9.108310843    9.136763250
    1.820000000    9.110708815    9.066415820    9.200597191
    1.830000000    9.110001429    8.945798289    9.253962871
    1.840000000    9.065452328    8.740849363    9.286295252
    1.850000000    8.976739064    8.481640452    9.283878990
    1.860000000    8.855024365    8.227177849    9.235457376
    1.870000000    8.720156641    8.029824023    9.144256113
    1.880000000    8.599471425    7.911259369    9.037046904
    1.890000000    8.521225564    7.868009375    8.953069951
    1.900000000    8.499544736    7.884702745    8.918348198
    1.910000000    8.528169827    7.942494799    8.933887102
    1.920000000    8.587860768    8.023841054    8.983747093
    1.930000000    8.654671164    8.114168047    9.045922790
    1.940000000    8.702374642    8.201063395    9.096978075
    1.950000000    8.702293743    8.272940917    9.113705363
    1.960000000    8.627519990    8.319562714    9.078337207
    1.970000000    8.467422137    8.336240082    8.989152411
    1.980000000    8.246719342    8.329689402    8.864954592
    1.990000000    8.024743417    8.317453514    8.728252411
    2.000000000    7.861578737    8.316809685    8.581558644
    2.010000000    7.783626323    8.334720211    8.409981654
    2.020000000    7.783378332    8.370488683    8.210892954
    2.030000000    7.840299190    8.424148916    8.015540164
    2.040000000    7.935581238    8.497989990    7.871989103
    2.050000000    8.055256903    8.591825492    7.808482350
    2.060000000    8.188834381    8.700477270    7.821530999
    2.070000000    8.327762186    8.814914620    7.890753163
    2.080000000    8.463871625    8.923199859    7.994829148
    2.090000000    8.587537925    9.009894599    8.117822233
    2.100000000    8.686162362    9.056039952    8.249157629
    2.110000000    8.744627169    9.043979255    8.381751385
    2.120000000    8.750002287    8.970030793    8.510537718
    2.130000000    8.700498723    8.857080489    8.632422412
    2.140000000    8.613204912    8.748014189    8.747789931
    2.150000000    8.521827206    8.679392396    8.861476109
    2.160000000    8.458933382    8.661237034    8.979891959
    2.170000000    8.433141282    8.675479061    9.105581499
    2.180000000    8.422581718    8.684773881    9.234519437
    2.190000000    8.386953271    8.644386916    9.357150102
    2.200000000    8.287006934    8.519002667    9.460450545
    2.210000000    8.106309907    8.306740269    9.529291060
    2.220000000    7.864609449    8.052226941    9.545095983
    2.230000000    7.606771724    7.821140780    9.481155278
    2.240000000    7.378648276    7.655418581    9.304233105
    2.250000000    7.212775160    7.557114698    8.997435116
    2.260000000    7.121215833    7.502417162    8.595678413
    2.270000000    7.095162248    7.461543942    8.188620582
    2.280000000    7.115577165    7.414082532    7.869069530
    2.290000000    7.164798814    7.354413261    7.682047037
    2.300000000    7.230951782    7.286943790    7.621040355
    2.310000000    7.308830177    7.223777646    7.650756078
    2.320000000    7.399935343    7.186618494    7.727592324
    2.330000000    7.508120676    7.197238876    7.810023250
    2.340000000    7.633634121    7.262423082    7.863169050
    2.350000000    7.772375380    7.372957054    7.866106091
    2.360000000    7.919201853    7.513495980    7.824512275
    2.370000000    8.070133579    7.670012231    7.774257865
    2.380000000    8.221474058    7.831099865    7.759655826
    2.390000000    8.367367126    7.985918811    7.804446235
    2.400000000    8.498003411    8.121698645    7.906221963
    2.410000000    8.599599896    8.222762959    8.049882854
    2.420000000    8.657933088    8.273849674    8.219720396
    2.430000000    8.667718402    8.270509646    8.403538586
    2.440000000    8.642871681    8.230945404    8.591899408
    2.450000000    8.611280270    8.190895466    8.775654859
    2.460000000    8.589985143    8.176777019    8.943067130
    2.470000000    8.566626424    8.185136653    9.077280852
    2.480000000    8.506549798    8.187785335    9.156017796
    2.490000000    8.378494895    8.151534681    9.157067566
    2.500000000    8.183929677    8.058248352    9.070300223
    2.510000000    7.965662280    7.914175494    8.904392891
    2.520000000    7.777553269    7.741321944    8.673706976
    2.530000000    7.645924299    7.563031213    8.382675540
    2.540000000    7.563998233    7.399109695    8.038900748
    2.550000000    7.512124604    7.268313318    7.680452567
    2.560000000    7.478098038    7.189123394    7.372312519
    2.570000000    7.464312269    7.172904984    7.164113397
    2.580000000    7.478781396    7.216874068    7.058961071
    2.590000000    7.520375801    7.305512870    7.026994979
    2.600000000    7.575240321    7.417728514    7.038881821
    2.610000000    7.623966399    7.533267566    7.084278865
    2.620000000    7.648296171    7.635974672    7.165180670
    2.630000000    7.638600973    7.717173538    7.281117152
    2.640000000    7.603842398    7.779451021    7.425234598
    2.650000000    7.567865658    7.832397427    7.588318094
    2.660000000    7.545864590    7.879338141    7.761138188
    2.670000000    7.528325060    7.911451728    7.934895798
    2.680000000    7.492739599    7.918856475    8.102422062
    2.690000000    7.430229662    7.906623489    8.259429860
    2.700000000    7.361379769    7.896521260    8.404259270
    2.710000000    7.322792882    7.910213110    8.537383613
    2.720000000    7.336526379    7.951352410    8.661118199
    2.730000000    7.396176355    8.002445100    8.774856861
    2.740000000    7.477204764    8.034606676    8.866318556
    2.750000000    7.554139984    8.023583696    8.908466183
    2.760000000    7.612531426    7.966042114    8.868097279
    2.770000000    7.649659978    7.881704707    8.724459932
    2.780000000    7.663341591    7.792926624    8.487758262
    2.790000000    7.642167940    7.703379219    8.202225736
    2.800000000    7.572143963    7.602232148    7.932456988
    2.810000000    7.456379401    7.488503596    7.738298693
    2.820000000    7.326446004    7.385648014    7.644578725
    2.830000000    7.228049449    7.326981675    7.630768065
    2.840000000    7.192359155    7.328511532    7.647807834
    2.850000000    7.220484660    7.377997204    7.641815529
    2.860000000    7.290253334    7.444972142    7.576238983
    2.870000000    7.373035055    7.498514834    7.452815836
    2.880000000    7.448733614    7.523029643    7.314638740
    2.890000000    7.513921200    7.524379719    7.217679498
    2.900000000    7.578347771    7.518492185    7.197541400
    2.910000000    7.650867240    7.510671171    7.260300595
    2.920000000    7.729398553    7.489124438    7.391089890
    2.930000000    7.805730041    7.441162102    7.566223390
    2.940000000    7.875445193    7.372775141    7.761346443
    2.950000000    7.937738973    7.307155328    7.953267071
    2.960000000    7.986248673    7.263726387    8.117832504
    2.970000000    8.005402967    7.242336986    8.228281055
    2.980000000    7.980335454    7.228025789    8.258928747
    2.990000000    7.911217117    7.207756909    8.197322613
    3.000000000    7.811873780    7.178123814    8.059943430
    3.010000000    7.691428358    7.139697749    7.894506066
    3.020000000    7.546963885    7.095146461    7.755261148
    3.030000000    7.379907186    7.054641070    7.667931134
    3.040000000    7.211167899    7.033932331    7.617574835
    3.050000000    7.070951931    7.043777997    7.566242226
    3.060000000    6.977995909    7.083830456    7.480927951
    3.070000000    6.934140138    7.145735496    7.355720617
    3.080000000    6.929907820    7.217745385    7.219187153
    3.090000000    6.950713534    7.286816714    7.118217809
    3.100000000    6.985238703    7.342238886    7.087103896
    3.110000000    7.029258811    7.379525432    7.128588200
    3.120000000    7.077469346    7.396615318    7.219086476
    3.130000000    7.115555993    7.386242056    7.326654734
    3.140000000    7.127981664    7.341312215    7.427760133
    3.150000000    7.116555317    7.273644449    7.516034224
    3.160000000    7.107053762    7.219276627    7.596429188
    3.170000000    7.129581159    7.214635919    7.667202449
    3.180000000    7.193273004    7.270294959    7.708795337
    3.190000000    7.282815515    7.369868523    7.692614989
    3.200000000    7.372544317    7.484476750    7.604973672
    3.210000000    7.441135941    7.584450666    7.469515860
    3.220000000    7.478851213    7.644666554    7.341883034
    3.230000000    7.486100622    7.648899187    7.271778522
    3.240000000    7.469717032    7.598675206    7.272150886
    3.250000000    7.442675863    7.519780347    7.325562983
    3.260000000    7.417756665    7.447943730    7.410482626
    3.270000000    7.394055361    7.401000981    7.519154943
    3.280000000    7.357478620    7.371542819    7.655409581
    3.290000000    7.300701591    7.345896993    7.821176637
    3.300000000    7.238987256    7.323235946    8.009032165
    3.310000000    7.200245730    7.315657863    8.203915935
    3.320000000    7.200197328    7.334664526    8.386309321
    3.330000000    7.231783740    7.380128918    8.534188389
    3.340000000    7.276762418    7.441094454    8.626926670
    3.350000000    7.323688575    7.505317706    8.652526220
    3.360000000    7.373512558    7.563854598    8.611414817
    3.370000000    7.429129920    7.605618121    8.509676167
    3.380000000    7.486012178    7.615625612    8.352172502
    3.390000000    7.536539133    7.585514600    8.149146906
    3.400000000    7.577059086    7.522908911    7.924433316
    3.410000000    7.605447750    7.446479217    7.709711225
    3.420000000    7.616938533    7.376708470    7.530189766
    3.430000000    7.608093046    7.332409829    7.394929294
    3.440000000    7.584211891    7.325959059    7.298412614
    3.450000000    7.560820388    7.357885593    7.231816866
    3.460000000    7.552112393    7.415988273    7.197774883
    3.470000000    7.554371214    7.477592420    7.211536411
    3.480000000    7.546062630    7.517968223    7.283802367
    3.490000000    7.507462846    7.524915020    7.408605221
    3.500000000    7.438638798    7.505978934    7.566565695
    3.510000000    7.356920797    7.476982406    7.730476720
    3.520000000    7.280143816    7.446007561    7.867326451
    3.530000000    7.215215989    7.412156282    7.941253185
    3.540000000    7.157695170    7.373632421    7.922355831
    3.550000000    7.098812322    7.333747656    7.803136061
    3.560000000    7.036233623    7.301424371    7.612729827
    3.570000000    6.980314172    7.284298089    7.406602955
    3.580000000    6.946270571    7.279831761    7.229895725
    3.590000000    6.937868634    7.273868857    7.094599674
    3.600000000    6.944027139    7.249195053    6.996043895
    3.610000000    6.952525522    7.196389530    6.939479673
    3.620000000    6.963117985    7.119943280    6.942857622
    3.630000000    6.987015076    7.039527682    7.018463651
    3.640000000    7.035608478    6.983162542    7.159090743
    3.650000000    7.110331471    6.971638703    7.341264026
    3.660000000    7.200471270    7.005434770    7.534595054
    3.670000000    7.289370039    7.066685887    7.706458928
    3.680000000    7.364372752    7.133082508    7.822966126
    3.690000000    7.421137898    7.188931114    7.853175252
    3.700000000    7.460791466    7.228395992    7.782625091
    3.710000000    7.488399324    7.256161045    7.630431887
    3.720000000    7.512689541    7.282445664    7.447134964
    3.730000000    7.542877038    7.311691379    7.286718386
    3.740000000    7.585943126    7.338204284    7.184181984
    3.750000000    7.643473450    7.350930367    7.155362882
    3.760000000    7.708248463    7.338604065    7.200171795
    3.770000000    7.767311761    7.295801718    7.302281616
    3.780000000    7.810529346    7.229502337    7.435903937
    3.790000000    7.834942072    7.157212355    7.578086660
    3.800000000    7.840948269    7.096874224    7.715528733
    3.810000000    7.825684058    7.057351807    7.840220705
    3.820000000    7.781474039    7.035613379    7.939186951
    3.830000000    7.703652182    7.023517031    7.991245684
    3.840000000    7.599419177    7.016851118    7.977244295
    3.850000000    7.486207942    7.017749127    7.896283535
    3.860000000    7.381752924    7.031962335    7.771334675
    3.870000000    7.295588558    7.064663130    7.636765872
    3.880000000    7.227694506    7.116941882    7.520386217
    3.890000000    7.172030395    7.184078943    7.431887825
    3.900000000    7.120727785    7.256001538    7.365149816
    3.910000000    7.066227512    7.319681594    7.314887466
    3.920000000    7.003581142    7.364013844    7.289683618
    3.930000000    6.937888827    7.388277928    7.308043472
    3.940000000    6.887211208    7.406315101    7.382127825
    3.950000000    6.871305533    7.437815964    7.505204696
    3.960000000    6.899437715    7.496339009    7.654059192
    3.970000000    6.969238935    7.586701279    7.800347933
    3.980000000    7.070556411    7.707318570    7.922719410
    3.990000000    7.190621534    7.852265014    8.015779882
    4.000000000    7.320351323    8.014062586    8.087254380
    4.010000000    7.457357898    8.185426048    8.141852815
    4.020000000    7.602631861    8.358494805    8.172214574
    4.030000000    7.752706043    8.522001813    8.169933734
    4.040000000    7.893946233    8.657307702    8.140056833
    4.050000000    8.004309494    8.737180862    8.100571272
    4.060000000    8.063019456    8.733847077    8.070080106
    4.070000000    8.064737657    8.637921656    8.055935622
    4.080000000    8.025934788    8.473290852    8.051662944
    4.090000000    7.971091841    8.284596322    8.045132783
    4.100000000    7.911465744    8.105186648    8.026896234
    4.110000000    7.841338102    7.941431554    7.989948555
    4.120000000    7.750866695    7.782295869    7.926593295
    4.130000000    7.638091008    7.617489836    7.831421644
    4.140000000    7.511957258    7.449748792    7.707895792
    4.150000000    7.386977785    7.291682514    7.571658207
    4.160000000    7.276237955    7.152251907    7.448295829
    4.170000000    7.190545512    7.030947516    7.366050761
    4.180000000    7.141190479    6.926221917    7.344968521
    4.190000000    7.139225190    6.845905697    7.388715452
    4.200000000    7.189774167    6.805614327    7.487767700
    4.210000000    7.286942634    6.817746063    7.627208550
    4.220000000    7.414767342    6.882769194    7.786253134
    4.230000000    7.552911417    6.987519731    7.934127560
    4.240000000    7.684142109    7.111056447    8.033595065
    4.250000000    7.799222809    7.233537963    8.054910092
    4.260000000    7.894958988    7.340933145    7.995081998
    4.270000000    7.969935177    7.426429010    7.886032922
    4.280000000    8.025476201    7.492628730    7.777813424
    4.290000000    8.068646075    7.550804711    7.711758656
    4.300000000    8.107829060    7.611932748    7.705771065
    4.310000000    8.142246426    7.675936115    7.754802018
    4.320000000    8.158069673    7.730866313    7.838758898
    4.330000000    8.137175452    7.760758829    7.927754636
    4.340000000    8.073074067    7.753946806    7.987604940
    4.350000000    7.980078813    7.710501689    7.995183115
    4.360000000    7.882574824    7.645785654    7.955186373
    4.370000000    7.794076539    7.582585790    7.895572616
    4.380000000    7.710967744    7.536565518    7.842772445
    4.390000000    7.626579183    7.512451842    7.809012821
    4.400000000    7.545534364    7.512341677    7.798880271
    4.410000000    7.482129342    7.540653849    7.812147000
    4.420000000    7.450815521    7.601905577    7.839126272
    4.430000000    7.460700295    7.696710811    7.859479462
    4.440000000    7.512600698    7.818599729    7.850628833
    4.450000000    7.596755184    7.953902809    7.804441085
    4.460000000    7.695066316    8.086103625    7.736021723
    4.470000000    7.788199076    8.201722595    7.669592944
    4.480000000    7.863922235    8.293081710    7.616249448
    4.490000000    7.920644791    8.356279953    7.572326105
    4.500000000    7.960457204    8.386938182    7.535438165
    4.510000000    7.978490482    8.378070866    7.511865226
    4.520000000    7.963706569    8.323496345    7.509821217
    4.530000000    7.912430388    8.226343490    7.537134431
    4.540000000    7.839992769    8.106635232    7.606113564
    4.550000000    7.777225677    7.999324812    7.728622070
    4.560000000    7.754692475    7.939749576    7.904382076
    4.570000000    7.789333017    7.946548532    8.118905634
    4.580000000    7.881385369    8.014667802    8.349052504
    4.590000000    8.017089972    8.119256893    8.566979566
    4.600000000    8.172064995    8.224541856    8.742475292
    4.610000000    8.317120065    8.295732940    8.849049715
    4.620000000    8.427312797    8.312656678    8.876436103
    4.630000000    8.490385302    8.278893131    8.841663655
    4.640000000    8.511005637    8.219350687    8.784700689
    4.650000000    8.509884210    8.167257750    8.748034551
    4.660000000    8.516109826    8.150848519    8.754669790
    4.670000000    8.551143579    8.185420646    8.801423352
    4.680000000    8.615489777    8.270104463    8.872308731
    4.690000000    8.693296258    8.391259702    8.954813466
    4.700000000    8.769355328    8.531207294    9.043331070
    4.710000000    8.838545800    8.674115089    9.132906097
    4.720000000    8.899118919    8.805409373    9.211492489
    4.730000000    8.942454200    8.910754686    9.259529232
    4.740000000    8.954949744    8.979590332    9.261411528
    4.750000000    8.927389514    9.009311136    9.214062387
    4.760000000    8.855798535    9.001825004    9.119815414
    4.770000000    8.737241994    8.956192639    8.979576627
    4.780000000    8.577590481    8.873865731    8.802422010
    4.790000000    8.404672284    8.774460165    8.617946137
    4.800000000    8.262873510    8.695382576    8.468317236
    4.810000000    8.189622720    8.668196469    8.384525945
    4.820000000    8.196533221    8.698117944    8.373122054
    4.830000000    8.265575192    8.762714458    8.420466864
    4.840000000    8.358504318    8.824402205    8.500674928
    4.850000000    8.435239309    8.849198156    8.580380221
    4.860000000    8.471872388    8.823323650    8.624452124
    4.870000000    8.470703091    8.760199455    8.604344266
    4.880000000    8.459799429    8.695714889    8.509215800
    4.890000000    8.478944850    8.671872908    8.360601449
    4.900000000    8.556210003    8.714681554    8.214880543
    4.910000000    8.693226745    8.821002005    8.137189083
    4.920000000    8.869121329    8.963372281    8.165058469
    4.930000000    9.054915333    9.107228802    8.292343129
    4.940000000    9.226334140    9.227240016    8.478997016
    4.950000000    9.366790943    9.309777351    8.671056686
    4.960000000    9.463095416    9.343645356    8.818440037
    4.970000000    9.508279516    9.320622503    8.890523841
    4.980000000    9.511196832    9.249728559    8.887317055
    4.990000000    9.492200575    9.156732179    8.836421163
    5.000000000    9.465835426    9.061740450    8.777420245
    5.010000000    9.436551711    8.967591340    8.747702336
    5.020000000    9.408466711    8.871585129    8.774467555
    5.030000000    9.387827671    8.778415124    8.871035861
    5.040000000    9.375606409    8.699482931    9.035661387
    5.050000000    9.363861530    8.643705102    9.250667823
    5.060000000    9.341214736    8.612147524    9.485041868
    5.070000000    9.302074371    8.602202858    9.702252625
    5.080000000    9.253216194    8.613586921    9.868232603
    5.090000000    9.212970773    8.646546301    9.957901518
    5.100000000    9.200926387    8.695605912    9.964474456
    5.110000000    9.224011584    8.748566551    9.907080769
    5.120000000    9.271405995    8.793160492    9.822442831
    5.130000000    9.321680158    8.825096050    9.739657901
    5.140000000    9.353437116    8.850971048    9.660226422
    5.150000000    9.352700048    8.883348661    9.565374757
    5.160000000    9.317399647    8.931848310    9.445424880
    5.170000000    9.260598501    9.000767758    9.321491216
    5.180000000    9.206452418    9.093552788    9.236279883
    5.190000000    9.173122687    9.213379063    9.223361326
    5.200000000    9.158214438    9.358261422    9.287146000
    5.210000000    9.146553205    9.518652016    9.408232111
    5.220000000    9.126880763    9.678809271    9.558834265
    5.230000000    9.093926626    9.818172965    9.714526527
    5.240000000    9.044284180    9.915455233    9.864246186
    5.250000000    8.981758287    9.957578953   10.015791755
    5.260000000    8.923358882    9.947067340   10.185308152
    5.270000000    8.891483044    9.899874909   10.376938672
    5.280000000    8.897778929    9.834496833   10.577369270
    5.290000000    8.938210283    9.765053030   10.772322242
    5.300000000    9.002307163    9.703662785   10.962301686
    5.310000000    9.080115732    9.660996569   11.157995225
    5.320000000    9.159360559    9.640152751   11.367122689
    5.330000000    9.223082723    9.631466327   11.590704321
    5.340000000    9.255613823    9.615618580   11.824770922
    5.350000000    9.250878812    9.576461225   12.062992108
    5.360000000    9.216818673    9.514235040   12.301820047
    5.370000000    9.175672097    9.447601010   12.541400406
    5.380000000    9.153893601    9.399493119   12.778481998
    5.390000000    9.164020626    9.376049484   13.000224671
    5.400000000    9.195613305    9.358429385   13.185330355
    5.410000000    9.222908247    9.316224152   13.306394262
    5.420000000    9.219672389    9.227148582   13.330379416
    5.430000000    9.167439020    9.081579784   13.227397630
    5.440000000    9.056353118    8.877732650   12.992608760
    5.450000000    8.888470536    8.627367893   12.660546549
    5.460000000    8.682009432    8.363123582   12.288028400
    5.470000000    8.468704204    8.128459609   11.920088521
    5.480000000    8.282650697    7.956228616   11.575280102
    5.490000000    8.143510356    7.853568431   11.253046270
    5.500000000    8.044588220    7.801877537   10.944369793
    5.510000000    7.957442363    7.768302974   10.642723875
    5.520000000    7.851621673    7.719034688   10.352605316
    5.530000000    7.714235339    7.626703059   10.085208995
    5.540000000    7.557833517    7.476651934    9.846669086
    5.550000000    7.412525698    7.275564506    9.635945838
    5.560000000    7.305635672    7.050258308    9.452163471
    5.570000000    7.244195312    6.831369702    9.297232371
    5.580000000    7.213919797    6.639432327    9.173378566
    5.590000000    7.190243614    6.485960664    9.081194795
    5.600000000    7.150217873    6.377450419    9.016072121
    5.610000000    7.083578260    6.314371744    8.968084387
    5.620000000    6.994981774    6.289174776    8.928313284
    5.630000000    6.891152585    6.284435880    8.889725706
    5.640000000    6.769374257    6.273825318    8.837053649
    5.650000000    6.618187080    6.228262113    8.742562319
    5.660000000    6.424407102    6.126667831    8.577749250
    5.670000000    6.182175436    5.967567682    8.331668687
    5.680000000    5.901197344    5.772347674    8.027490039
    5.690000000    5.611456519    5.579031608    7.723510309
    5.700000000    5.360034283    5.431497268    7.483572993
    5.710000000    5.192231170    5.360761092    7.335359478
    5.720000000    5.127906822    5.369627378    7.256553272
    5.730000000    5.156909838    5.440111923    7.202467638
    5.740000000    5.251689779    5.551060344    7.143321773
    5.750000000    5.380200962    5.684081457    7.070413828
    5.760000000    5.516510219    5.822876680    6.979807506
    5.770000000    5.649221924    5.955555935    6.869370502
    5.780000000    5.778036754    6.074601079    6.748632902
    5.790000000    5.899282289    6.170761555    6.632266552
    5.800000000    5.999115954    6.228813035    6.517408156
    5.810000000    6.061525256    6.233669157    6.377631201
    5.820000000    6.079822026    6.184151446    6.180385159
    5.830000000    6.060197623    6.099170003    5.908337336
    5.840000000    6.014960373    6.004392145    5.574567375
    5.850000000    5.952988407    5.912323397    5.224402111
    5.860000000    5.878207114    5.820202008    4.919564497
    5.870000000    5.794362293    5.723712275    4.711958325
    5.880000000    5.704642347    5.623705852    4.621248127
    5.890000000    5.608454077    5.522908151    4.634298182
    5.900000000    5.503397432    5.425380529    4.722621709
    5.910000000    5.388668734    5.336096270    4.852914413
    5.920000000    5.267114641    5.255648718    4.990047053
    5.930000000    5.147084272    5.178399088    5.106241069
    5.940000000    5.041266701    5.100310625    5.186909823
    5.950000000    4.962240186    5.029340270    5.226326266
    5.960000000    4.916737859    4.983159272    5.223349193
    5.970000000    4.902184424    4.975000135    5.179909995
    5.980000000    4.910599317    5.006471079    5.098690655
    5.990000000    4.937162718    5.072867335    4.978136455
    6.000000000    4.982975997    5.169015114    4.807660320
    6.010000000    5.046775648    5.287137339    4.575428065
    6.020000000    5.119013671    5.413714759    4.292186688
    6.030000000    5.189488457    5.534195168    4.001425836
    6.040000000    5.256833665    5.640797052    3.757216771
    6.050000000    5.326597979    5.734915857    3.598452894
    6.060000000    5.399754264    5.821004274    3.537343326
    6.070000000    5.467212519    5.898699670    3.552670879
    6.080000000    5.518586652    5.961429520    3.597376846
    6.090000000    5.551185114    5.999757036    3.624941552
    6.100000000    5.567671293    6.004093810    3.607042934
    6.110000000    5.568908483    5.965288797    3.533802813
    6.120000000    5.550751364    5.874308750    3.410519403
    6.130000000    5.509632641    5.728251607    3.255250551
    6.140000000    5.453332253    5.544629835    3.096685500
    6.150000000    5.400465290    5.363316883    2.963245802
    6.160000000    5.365978061    5.224149866    2.864742811
    6.170000000    5.352393144    5.142415240    2.788366054
    6.180000000    5.354342395    5.106267047    2.713338080
    6.190000000    5.367265882    5.095414294    2.627499669
    6.200000000    5.391931750    5.099083146    2.529588627
    6.210000000    5.429233381    5.114459608    2.417639194
    6.220000000    5.471406024    5.136041227    2.286301489
    6.230000000    5.502423710    5.154253573    2.143422142
    6.240000000    5.509531506    5.161654097    2.019075245
    6.250000000    5.495287702    5.158058068    1.949302545
    6.260000000    5.475885819    5.150976764    1.956661671
    6.270000000    5.466991034    5.150250608    2.046817208
    6.280000000    5.472470262    5.159010176    2.211404515
    6.290000000    5.483748060    5.167013171    2.424726051
    6.300000000    5.485648274    5.153366624    2.644644834
    6.310000000    5.459552820    5.096547322    2.829628295
    6.320000000    5.385290833    4.984374028    2.957167979
    6.330000000    5.249630383    4.820787094    3.027563014
    6.340000000    5.054167779    4.625800196    3.057763981
    6.350000000    4.812262975    4.424960536    3.072347021
    6.360000000    4.540406274    4.236308683    3.094164132
    6.370000000    4.251963643    4.065792669    3.135492207
    6.380000000    3.956164878    3.912287770    3.191748446
    6.390000000    3.664867700    3.777313441    3.244404628
    6.400000000    3.400608895    3.671004685    3.269965308
    6.410000000    3.191996723    3.606709303    3.246368962
    6.420000000    3.054365774    3.585768000    3.153591174
    6.430000000    2.975893770    3.587944438    2.971217921
    6.440000000    2.927187877    3.580915077    2.691727490
    6.450000000    2.884158667    3.540300218    2.349108748
    6.460000000    2.840937596    3.460768519    2.017768063
    6.470000000    2.804308884    3.353285948    1.767806823
    6.480000000    2.781524097    3.237241054    1.624905814
    6.490000000    2.776751352    3.133873121    1.567808020
    6.500000000    2.794464945    3.060692461    1.554546709
    6.510000000    2.835691786    3.022729010    1.550835789
    6.520000000    2.889079260    3.007289842    1.536620504
    6.530000000    2.934217766    2.994539792    1.499018626
    6.540000000    2.957279833    2.974637706    1.435141851
    6.550000000    2.961647858    2.952934254    1.357185548
    6.560000000    2.963409344    2.941454033    1.282464961
    6.570000000    2.977826390    2.946810038    1.222420670
    6.580000000    3.011078756    2.965155359    1.187047772
    6.590000000    3.061171798    2.986171364    1.191598548
    6.600000000    3.120172090    2.998288043    1.251291349
    6.610000000    3.175347554    2.991037077    1.368138178
    6.620000000    3.209867253    2.953430776    1.520401199
    6.630000000    3.204732905    2.871759089    1.665030733
    6.640000000    3.147599895    2.737249270    1.756720195
    6.650000000    3.042917897    2.558777742    1.771995061
    6.660000000    2.910116661    2.363106115    1.719763282
    6.670000000    2.771263772    2.181368683    1.630943207
    6.680000000    2.638847402    2.034026107    1.538705361
    6.690000000    2.511926140    1.924235590    1.468066596
    6.700000000    2.384844339    1.843039223    1.438274919
    6.710000000    2.258369883    1.779787935    1.459895066
    6.720000000    2.141073226    1.728576852    1.523951550
    6.730000000    2.043445382    1.688688406    1.604000918
    6.740000000    1.968605588    1.660014453    1.672662954
    6.750000000    1.904292983    1.636702511    1.713478942
    6.760000000    1.828106677    1.607517636    1.721468384
    6.770000000    1.727989134    1.566389533    1.703050557
    6.780000000    1.618827873    1.522216342    1.677570126
    6.790000000    1.531889920    1.492261602    1.668528393
    6.800000000    1.485396330    1.484480523    1.684668841
    6.810000000    1.471502085    1.492202444    1.708018037
    6.820000000    1.470369052    1.505653088    1.702124367
    6.830000000    1.469619152    1.522125554    1.636151424
    6.840000000    1.471714135    1.545805393    1.507036098
    6.850000000    1.488488040    1.583184599    1.342766476
    6.860000000    1.529678856    1.638998425    1.186150262
    6.870000000    1.594810421    1.713738624    1.072224085
    6.880000000    1.673145166    1.801451730    1.012730365
    6.890000000    1.749241051    1.889023862    0.995674407
    6.900000000    1.809878727    1.960948620    0.996442738
    6.910000000    1.849459732    2.007844077    0.988323045
    6.920000000    1.871770844    2.032058386    0.946942869
    6.930000000    1.885603046    2.045100685    0.852802878
    6.940000000    1.898002766    2.060040169    0.699064676
    6.950000000    1.911810075    2.086509015    0.502563188
    6.960000000    1.927275214    2.129770881    0.304736873
    6.970000000    1.945367964    2.191315573    0.154664195
    6.980000000    1.971853936    2.269976809    0.083947779
    6.990000000    2.018951466    2.362656687    0.095720592
    7.000000000    2.097837168    2.462202147    0.170936541
    7.010000000    2.206236667    2.555498683    0.277279674
    7.020000000    2.325890838    2.627585282    0.378931207
    7.030000000    2.431344473    2.668188027    0.450877191
    7.040000000    2.500158373    2.674925780    0.486140184
    7.050000000    2.520873698    2.654169176    0.488925241
    7.060000000    2.498872344    2.620245564    0.468483039
    7.070000000    2.454490613    2.590084090    0.440759476
    7.080000000    2.410506107    2.574836164    0.425549947
    7.090000000    2.378780883    2.574668032    0.437414042
    7.100000000    2.356648135    2.580262252    0.483462834
    7.110000000    2.334372246    2.580439540    0.564902541
    7.120000000    2.308131587    2.571745027    0.672738415
    7.130000000    2.287493829    2.562857818    0.788449932
    7.140000000    2.288358316    2.568389769    0.894256660
    7.150000000    2.317822947    2.596632120    0.979260672
    7.160000000    2.368092587    2.643210785    1.035760300
    7.170000000    2.425169683    2.695999485    1.055331506
    7.180000000    2.479726066    2.744468986    1.030125231
    7.190000000    2.528568053    2.783810697    0.956328799
    7.200000000    2.570666875    2.812658850    0.837103290
    7.210000000    2.606090571    2.831886481    0.685018871
    7.220000000    2.635968846    2.846579877    0.522426260
    7.230000000    2.661657342    2.866199987    0.378530511
    7.240000000    2.686398878    2.900358124    0.282793642
    7.250000000    2.715495145    2.951759174    0.253412407
    7.260000000    2.752503186    3.012465531    0.286983345
    7.270000000    2.798312255    3.068115571    0.358424281
    7.280000000    2.854541050    3.107320892    0.432022223
    7.290000000    2.922682745    3.127882252    0.477750295
    7.300000000    2.997328706    3.133090896    0.482758758
    7.310000000    3.063479186    3.121959280    0.451647855
    7.320000000    3.102052590    3.083659478    0.399211193
    7.330000000    3.097114708    3.000827819    0.339820496
    7.340000000    3.042395389    2.860535273    0.281272914
    7.350000000    2.947973484    2.666741085    0.229147335
    7.360000000    2.840083008    2.445665804    0.191119706
    7.370000000    2.749259156    2.240692784    0.172756027
    7.380000000    2.694738711    2.096094547    0.172912658
    7.390000000    2.676211634    2.035725796    0.186628548
    7.400000000    2.677243522    2.052215592    0.208245462
    7.410000000    2.676819825    2.116005564    0.227718079
    7.420000000    2.662192871    2.195986143    0.229546037
    7.430000000    2.638444198    2.276430994    0.200534975
    7.440000000    2.627416660    2.358780949    0.137561031
    7.450000000    2.651909801    2.448047091    0.048619581
    7.460000000    2.719836925    2.540061723   -0.050303100
    7.470000000    2.824048579    2.623081823   -0.138472969
    7.480000000    2.953382234    2.689048167   -0.194469246
    7.490000000    3.100753460    2.741602561   -0.202730130
    7.500000000    3.260234632    2.791875485   -0.158746641
    7.510000000    3.418266336    2.844939386   -0.070115658
    7.520000000    3.552335740    2.892356316    0.047171894
    7.530000000    3.640754219    2.919619263    0.174597360
    7.540000000    3.675220691    2.920505813    0.294077642
    7.550000000    3.664654048    2.903443833    0.390242794
    7.560000000    3.625997498    2.883772527    0.456575927
    7.570000000    3.572313072    2.871865235    0.501605930
    7.580000000    3.508666177    2.868729441    0.545686556
    7.590000000    3.433699243    2.868476976    0.606056353
    7.600000000    3.342513429    2.861420518    0.684761407
    7.610000000    3.227994885    2.834962019    0.770930143
    7.620000000    3.078126150    2.773200561    0.847875888
    7.630000000    2.878550531    2.661248335    0.897952399
    7.640000000    2.624957431    2.496349938    0.911548641
    7.650000000    2.329893270    2.295239837    0.895608623
    7.660000000    2.013587744    2.086627064    0.864746963
    7.670000000    1.691409899    1.893959700    0.821552290
    7.680000000    1.373221994    1.725684654    0.753582492
    7.690000000    1.070606008    1.579955458    0.649731904
    7.700000000    0.802773320    1.456124473    0.512845707
    7.710000000    0.593088712    1.360332582    0.356788002
    7.720000000    0.453861974    1.298899371    0.198214644
    7.730000000    0.375555297    1.268427858    0.052579647
    7.740000000    0.333930935    1.253560020   -0.071120012
    7.750000000    0.306141740    1.233165834   -0.177318802
    7.760000000    0.276577814    1.189834374   -0.281417448
    7.770000000    0.231503710    1.117232730   -0.398281374
    7.780000000    0.160826068    1.021605466   -0.536314058
    7.790000000    0.071182232    0.918302780   -0.702616957
    7.800000000   -0.008987500    0.825543041   -0.903707284
    7.810000000   -0.046332952    0.754383070   -1.133010023
    7.820000000   -0.028418490    0.699043688   -1.363772439
    7.830000000    0.024963520    0.636727798   -1.562297468
    7.840000000    0.073681746    0.538200623   -1.706150680
    7.850000000    0.081336356    0.381933699   -1.789667021
    7.860000000    0.034679719    0.168736034   -1.819107234
    7.870000000   -0.054097478   -0.072564445   -1.807431495
    7.880000000   -0.162240542   -0.301049012   -1.771945877
    7.890000000   -0.272803682   -0.487277064   -1.730151370
    7.900000000   -0.381357262   -0.622983053   -1.693417784
    7.910000000   -0.493172737   -0.716161036   -1.664034722
    7.920000000   -0.611803108   -0.779410502   -1.637736963
    7.930000000   -0.730910659   -0.822744195   -1.609088560
    7.940000000   -0.842971458   -0.857746429   -1.576560417
    7.950000000   -0.950978863   -0.901475696   -1.545229603
    7.960000000   -1.062850375   -0.967408699   -1.524156905
    7.970000000   -1.174599948   -1.049001336   -1.517747025
    7.980000000   -1.264213795   -1.115199786   -1.519456862
    7.990000000   -1.306326300   -1.130922360   -1.518096260
    8.000000000   -1.291895069   -1.084839953   -1.510035103
    8.010000000   -1.230116733   -0.994166372   -1.500537293
    8.020000000   -1.135106087   -0.887933187   -1.494129211
    8.030000000   -1.017337432   -0.793130732   -1.487491868
    8.040000000   -0.886436607   -0.732624574   -1.470883373
    8.050000000   -0.754730344   -0.723267591   -1.434588869
    8.060000000   -0.632944217   -0.765874843   -1.375438231
    8.070000000   -0.524095877   -0.837993723   -1.300402698
    8.080000000   -0.426711126   -0.906661481   -1.226150033
    8.090000000   -0.343675848   -0.953600990   -1.172398308
    8.100000000   -0.283496591   -0.985361150   -1.150737955
    8.110000000   -0.252414615   -1.019808394   -1.158006359
    8.120000000   -0.246544683   -1.065915659   -1.180902214
    8.130000000   -0.252840214   -1.117133070   -1.206713942
    8.140000000   -0.259389310   -1.160498481   -1.228641254
    8.150000000   -0.264991675   -1.187144170   -1.243737274
    8.160000000   -0.277427150   -1.194122422   -1.250267136
    8.170000000   -0.301667706   -1.180534558   -1.247540697
    8.180000000   -0.332998177   -1.146838123   -1.236806239
    8.190000000   -0.365012743   -1.099094203   -1.222905494
    8.200000000   -0.399055261   -1.049451786   -1.215531227
    8.210000000   -0.439272992   -1.007944680   -1.226441380
    8.220000000   -0.482387691   -0.975090007   -1.263855428
    8.230000000   -0.519476170   -0.945062822   -1.328396680
    8.240000000   -0.544896663   -0.912832020   -1.411423656
    8.250000000   -0.556918796   -0.874580139   -1.496333378
    8.260000000   -0.553491262   -0.825046019   -1.563331702
    8.270000000   -0.534440776   -0.759880284   -1.596710832
    8.280000000   -0.505916533   -0.680094921   -1.591007110
    8.290000000   -0.476341185   -0.591627956   -1.551504932
    8.300000000   -0.446562409   -0.500545000   -1.489339328
    8.310000000   -0.408550161   -0.410328907   -1.415106664
    8.320000000   -0.357663239   -0.323699803   -1.336105004
    8.330000000   -0.303741184   -0.243939392   -1.259062233
    8.340000000   -0.266126626   -0.173483259   -1.192050856
    8.350000000   -0.256773527   -0.111712019   -1.141031302
    8.360000000   -0.268769041   -0.052817829   -1.104735502
    8.370000000   -0.282217311    0.012705255   -1.073483551
    8.380000000   -0.281029124    0.091623399   -1.034131819
    8.390000000   -0.263841547    0.182407634   -0.977937429
    8.400000000   -0.239895760    0.276556302   -0.904991870
    8.410000000   -0.218089465    0.364171262   -0.823543523
    8.420000000   -0.203165606    0.436778924   -0.745731505
    8.430000000   -0.197703889    0.488766213   -0.681217383
    8.440000000   -0.199436776    0.522426275   -0.632895142
    8.450000000   -0.196639395    0.551492573   -0.597258445
    8.460000000   -0.171870716    0.595057131   -0.567668146
    8.470000000   -0.113800127    0.665054276   -0.538705060
    8.480000000   -0.024494514    0.759843008   -0.509246438
    8.490000000    0.084635008    0.867562010   -0.480933566
    8.500000000    0.201293629    0.972504999   -0.452743159
    8.510000000    0.317492053    1.060615289   -0.418046643
    8.520000000    0.428938672    1.122670914   -0.369229240
    8.530000000    0.530672643    1.154147232   -0.305093151
    8.540000000    0.615361778    1.153983066   -0.231547155
    8.550000000    0.678600909    1.126781222   -0.155163753
    8.560000000    0.725814819    1.087570255   -0.078704592
    8.570000000    0.769978411    1.057904787   -0.003455234
    8.580000000    0.819650324    1.050822730    0.067594817
    8.590000000    0.871462185    1.062707435    0.131815850
    8.600000000    0.914610203    1.080189803    0.190325912
    8.610000000    0.940515471    1.090936930    0.246903709
    8.620000000    0.951131623    1.092553205    0.305251487
    8.630000000    0.960190612    1.097049846    0.367691008
    8.640000000    0.983982615    1.122781303    0.432911095
    8.650000000    1.030177144    1.178487977    0.494153964
    8.660000000    1.095244057    1.256615631    0.541322315
    8.670000000    1.170301726    1.340400739    0.566067006
    8.680000000    1.246368827    1.413138531    0.565901497
    8.690000000    1.314376652    1.461835117    0.544783121
    8.700000000    1.365299593    1.478271973    0.511398166
    8.710000000    1.392583304    1.459413967    0.477061969
    8.720000000    1.393539887    1.406506110    0.452556801
    8.730000000    1.367363408    1.322668350    0.442510594
    8.740000000    1.312383332    1.210931866    0.442836884
    8.750000000    1.229098650    1.076920080    0.446318302
    8.760000000    1.125688691    0.931337121    0.447929722
    8.770000000    1.016075304    0.784538357    0.443261741
    8.780000000    0.912982153    0.640813111    0.428547447
    8.790000000    0.823072099    0.499404983    0.406846810
    8.800000000    0.744159079    0.356198674    0.389169579
    8.810000000    0.666025328    0.205504131    0.385247215
    8.820000000    0.577863508    0.046007686    0.395977705
    8.830000000    0.478660235   -0.113111442    0.416828443
    8.840000000    0.379733603   -0.253912835    0.446022292
    8.850000000    0.295847205   -0.359224137    0.487689307
    8.860000000    0.235463552   -0.421820444    0.547780025
    8.870000000    0.199500840   -0.446317590    0.627057387
    8.880000000    0.185355294   -0.443240998    0.718753342
    8.890000000    0.187961409   -0.422512770    0.813609920
    8.900000000    0.197382104   -0.392799089    0.905018440
    8.910000000    0.199235501   -0.364156309    0.989221666
    8.920000000    0.180725613   -0.347388726    1.064537120
    8.930000000    0.135626167   -0.350246314    1.131720043
    8.940000000    0.062867918   -0.375699443    1.192441305
    8.950000000   -0.034577237   -0.421516640    1.246163022
    8.960000000   -0.145061408   -0.477650908    1.289928295
    8.970000000   -0.246996321   -0.526824028    1.321500917
    8.980000000   -0.319258193   -0.553739197    1.341472108
    8.990000000   -0.352658680   -0.553930299    1.352241813
    9.000000000   -0.350387762   -0.532856813    1.355286004
    9.010000000   -0.322202432   -0.499876130    1.348492591
    9.020000000   -0.280212003   -0.464782403    1.326526502
    9.030000000   -0.236888848   -0.437603873    1.284776362
    9.040000000   -0.204294878   -0.427767822    1.222159928
    9.050000000   -0.193877043   -0.441418693    1.139814224
    9.060000000   -0.214904392   -0.479322603    1.038978747
    9.070000000   -0.270606879   -0.535892418    0.922929567
    9.080000000   -0.355253854   -0.599978193    0.801811060
    9.090000000   -0.456501777   -0.659658998    0.692063381
    9.100000000   -0.561407633   -0.708230025    0.609005839
    9.110000000   -0.661151776   -0.745926386    0.561487710
    9.120000000   -0.751510243   -0.775813360    0.551544771
    9.130000000   -0.828680639   -0.797450694    0.575561824
    9.140000000   -0.885963058   -0.805369728    0.625300561
    9.150000000   -0.918246296   -0.794920708    0.689313685
    9.160000000   -0.930511974   -0.769789393    0.755337247
    9.170000000   -0.937934916   -0.742273541    0.813475094
    9.180000000   -0.955095028   -0.724761068    0.858809853
    9.190000000   -0.985970861   -0.721438296    0.891339995
    9.200000000   -1.023432988   -0.727506073    0.913524372
    9.210000000   -1.056277498   -0.734288025    0.929184222
    9.220000000   -1.076831629   -0.735371610    0.944073786
    9.230000000   -1.084977185   -0.730989285    0.963444684
    9.240000000   -1.087612491   -0.728656355    0.986526166
    9.250000000   -1.093950362   -0.739351268    1.004622045
    9.260000000   -1.109264076   -0.770746904    1.006614571
    9.270000000   -1.132263804   -0.822352542    0.985427519
    9.280000000   -1.159336266   -0.888137502    0.938049171
    9.290000000   -1.190769463   -0.962624870    0.863163241
    9.300000000   -1.231937542   -1.042736460    0.762737523
    9.310000000   -1.289248352   -1.126444146    0.645243900
    9.320000000   -1.365553128   -1.212748055    0.523474164
    9.330000000   -1.458830062   -1.302201032    0.405446564
    9.340000000   -1.562985698   -1.394643426    0.288755514
    9.350000000   -1.668733400   -1.486175734    0.166824502
    9.360000000   -1.765917246   -1.570489025    0.039188636
    9.370000000   -1.846398022   -1.642596401   -0.086707207
    9.380000000   -1.904601419   -1.699195749   -0.202655228
    9.390000000   -1.938077152   -1.738141694   -0.307183532
    9.400000000   -1.949884427   -1.760485265   -0.407108452
    9.410000000   -1.948735874   -1.770877472   -0.512826329
    9.420000000   -1.944195141   -1.773924477   -0.629664361
    9.430000000   -1.940238951   -1.770692694   -0.751237508
    9.440000000   -1.933757042   -1.759688713   -0.861937893
    9.450000000   -1.919295723   -1.740706429   -0.946615001
    9.460000000   -1.894477631   -1.716216459   -0.998056035
    9.470000000   -1.861536345   -1.688866477   -1.017313040
    9.480000000   -1.824707199   -1.659564561   -1.009310758
    9.490000000   -1.786673096   -1.628766258   -0.978013047
    9.500000000   -1.746797740   -1.596973908   -0.924246569
    9.510000000   -1.701833229   -1.563117171   -0.847866668
    9.520000000   -1.649674617   -1.525767983   -0.752082006
    9.530000000   -1.593456231   -1.486947179   -0.645238633
    9.540000000   -1.540645577   -1.451881596   -0.538814898
    9.550000000   -1.496694068   -1.423896548   -0.444213757
    9.560000000   -1.459523554   -1.400774458   -0.369864722
    9.570000000   -1.421149506   -1.377071586   -0.319030759
    9.580000000   -1.374624984   -1.349223128   -0.290356523
    9.590000000   -1.318460573   -1.316712236   -0.281519666
    9.600000000   -1.255682175   -1.279376589   -0.291443261
    9.610000000   -1.191294204   -1.236413794   -0.318272902
    9.620000000   -1.131425100   -1.188350733   -0.356338564
    9.630000000   -1.083077693   -1.138555733   -0.395824659
    9.640000000   -1.052318850   -1.092071574   -0.426422522
    9.650000000   -1.042689327   -1.053872292   -0.443003290
    9.660000000   -1.055709594   -1.029456189   -0.447250196
    9.670000000   -1.090485387   -1.024753018   -0.443165515
    9.680000000   -1.141470768   -1.041996111   -0.432590084
    9.690000000   -1.198044621   -1.076053197   -0.414591098
    9.700000000   -1.247221198   -1.116659269   -0.386103048
    9.710000000   -1.277945054   -1.154079055   -0.343383786
    9.720000000   -1.284423351   -1.181013563   -0.284955197
    9.730000000   -1.266607800   -1.190365169   -0.212884257
    9.740000000   -1.228902065   -1.176069888   -0.130926513
    9.750000000   -1.178325789   -1.138214612   -0.042747287
    9.760000000   -1.121694384   -1.085030973    0.047107601
    9.770000000   -1.063644296   -1.029351230    0.132131990
    9.780000000   -1.007253453   -0.983435015    0.205713117
    9.790000000   -0.954809936   -0.954168831    0.264124307
    9.800000000   -0.906741514   -0.940114033    0.308489985
    9.810000000   -0.861185393   -0.933414341    0.344908848
    9.820000000   -0.815950848   -0.925906336    0.382000510
    9.830000000   -0.770276297   -0.913969630    0.427605326
    9.840000000   -0.725013495   -0.899104777    0.486491700
    9.850000000   -0.682716322   -0.885910553    0.557673258
    9.860000000   -0.647479658   -0.879354040    0.632348559
    9.870000000   -0.623093885   -0.881686041    0.696931689
    9.880000000   -0.609952260   -0.890090998    0.741086614
    9.890000000   -0.603641044   -0.897502996    0.764406188
    9.900000000   -0.597929462   -0.896503197    0.775536781
    9.910000000   -0.589679614   -0.883026152    0.784275906
    9.920000000   -0.580012879   -0.857262575    0.795013915
    9.930000000   -0.571464560   -0.821970978    0.808022275
    9.940000000   -0.564557592   -0.779908962    0.824423783
    9.950000000   -0.555894118   -0.732245832    0.847012912
    9.960000000   -0.540134635   -0.679770557    0.877043959
    9.970000000   -0.514118054   -0.625024492    0.913638382
    9.980000000   -0.477981343   -0.571487887    0.955826995
    9.990000000   -0.433571366   -0.520916665    1.001733724
   10.000000000   -0.383091753   -0.472216506    1.046947350
   10.010000000   -0.327964087   -0.422068015    1.086720906
   10.020000000   -0.267604907   -0.366058816    1.120136378
   10.030000000   -0.199908003   -0.300348906    1.151412733
   10.040000000   -0.124550168   -0.224231097    1.186284235
   10.050000000   -0.046705024   -0.142887982    1.227477620
   10.060000000    0.023330435   -0.067512012    1.275222686
   10.070000000    0.075432205   -0.010440094    1.330899187
   10.080000000    0.105348834    0.021741144    1.397318597
   10.090000000    0.116303078    0.031610714    1.475899647
   10.100000000    0.116356244    0.029403668    1.565212167
   10.110000000    0.114185965    0.028111566    1.661882699
   10.120000000    0.114995871    0.036351349    1.762130373
   10.130000000    0.119499152    0.054531469    1.863394182
   10.140000000    0.127584233    0.079023468    1.965788474
   10.150000000    0.141092005    0.108054883    2.071427004
   10.160000000    0.161823704    0.142367105    2.181134560
   10.170000000    0.188785640    0.182562267    2.292326873
   10.180000000    0.218453557    0.227263337    2.401139464
   10.190000000    0.246775811    0.273134068    2.505755890
   10.200000000    0.270936632    0.316601395    2.607375658
   10.210000000    0.290168740    0.355543669    2.709354866
   10.220000000    0.305618907    0.389251184    2.815714969
   10.230000000    0.319946442    0.417881847    2.929378014
   10.240000000    0.336062791    0.441986761    3.050029586
   10.250000000    0.354908873    0.461620162    3.173375849
   10.260000000    0.375473058    0.476850337    3.294164856
   10.270000000    0.398389917    0.490245231    3.409714988
   10.280000000    0.428848200    0.508149782    3.518755136
   10.290000000    0.473876685    0.537820363    3.616754009
   10.300000000    0.535181487    0.581648534    3.692123815
   10.310000000    0.604838064    0.633542984    3.725577954
   10.320000000    0.668531811    0.680906384    3.694801246
   10.330000000    0.713617891    0.711245980    3.584728931
   10.340000000    0.735466281    0.719075089    3.396822315
   10.350000000    0.737599142    0.708351677    3.150089494
   10.360000000    0.726902277    0.688951720    2.875024976
   10.370000000    0.709250867    0.670203896    2.604041769
   10.380000000    0.687649657    0.655646391    2.359333848
   10.390000000    0.661834304    0.641755469    2.144862608
   10.400000000    0.630266430    0.622001069    1.951458721
   10.410000000    0.593280167    0.592918598    1.769560750
   10.420000000    0.553915243    0.557242102    1.595972300
   10.430000000    0.516817143    0.523648027    1.431521709
   10.440000000    0.486598388    0.503256799    1.275613388
   10.450000000    0.465071519    0.502683270    1.123403865
   10.460000000    0.448534877    0.518400640    0.965737727
   10.470000000    0.429002648    0.538385079    0.790140166
   10.480000000    0.399725317    0.549937448    0.585835407
   10.490000000    0.359647515    0.546170906    0.353107811
   10.500000000    0.313558372    0.526399650    0.106322170
   10.510000000    0.268472691    0.492406541   -0.136140261
   10.520000000    0.228282658    0.445000846   -0.362282107
   10.530000000    0.191372709    0.383975634   -0.564272265
   10.540000000    0.153965258    0.311541662   -0.732133390
   10.550000000    0.114714672    0.234528924   -0.857002151
   10.560000000    0.075802773    0.162084269   -0.940076647
   10.570000000    0.041621525    0.102093505   -0.994729875
   10.580000000    0.016910105    0.059568424   -1.039092440
   10.590000000    0.004201306    0.035852622   -1.087387742
   10.600000000    0.002725305    0.028428488   -1.146082173
   10.610000000    0.010801300    0.033069918   -1.212911625
   10.620000000    0.028534198    0.046651404   -1.276678727
   10.630000000    0.056337354    0.066871791   -1.321129147
   10.640000000    0.090815068    0.089454813   -1.335897122
   10.650000000    0.123916256    0.107404862   -1.327130138
   10.660000000    0.146522512    0.113415318   -1.315503872
   10.670000000    0.152232904    0.102168464   -1.321627332
   10.680000000    0.138325593    0.071162263   -1.352885276
   10.690000000    0.103940200    0.020193543   -1.402657765
   10.700000000    0.047172841   -0.050384548   -1.458033806
   10.710000000   -0.035602003   -0.139727016   -1.505830812
   10.720000000   -0.145225736   -0.243024343   -1.535263282
   10.730000000   -0.273421921   -0.349459255   -1.541927419
   10.740000000   -0.403122107   -0.446355275   -1.530145773
   10.750000000   -0.517131030   -0.525884034   -1.508157281
   10.760000000   -0.606109867   -0.587173848   -1.481646064
   10.770000000   -0.669283158   -0.632851897   -1.453788599
   10.780000000   -0.710065647   -0.664462694   -1.427490625
   10.790000000   -0.731444257   -0.680619338   -1.403730648
   10.800000000   -0.735107728   -0.679328903   -1.380683789
   10.810000000   -0.723950174   -0.661980904   -1.356423769
   10.820000000   -0.703930029   -0.634907265   -1.331002023
   10.830000000   -0.683155502   -0.607096962   -1.305412049
   10.840000000   -0.669260291   -0.586324520   -1.279326720
   10.850000000   -0.666969113   -0.577368205   -1.250688277
   10.860000000   -0.676492879   -0.582809750   -1.217697564
   10.870000000   -0.692798587   -0.603340597   -1.180885958
   10.880000000   -0.707454048   -0.636732164   -1.143246000
   10.890000000   -0.713498985   -0.678128741   -1.108602238
   10.900000000   -0.709052296   -0.721920489   -1.079599528
   10.910000000   -0.696857702   -0.762684682   -1.057425717
   10.920000000   -0.682203545   -0.795950421   -1.042950127
   10.930000000   -0.671399061   -0.820661952   -1.036402022
   10.940000000   -0.669352066   -0.839953100   -1.035815238
   10.950000000   -0.676452646   -0.857365235   -1.037432676
   10.960000000   -0.688372307   -0.872721237   -1.038373246
   10.970000000   -0.699794694   -0.882670427   -1.037144508
   10.980000000   -0.708632749   -0.884687171   -1.030776173
   10.990000000   -0.716634180   -0.879870933   -1.013602115
   11.000000000   -0.727103244   -0.872588831   -0.980030069
   11.010000000   -0.743755327   -0.868285723   -0.929040261
   11.020000000   -0.771131846   -0.871725217   -0.866607147
   11.030000000   -0.814081770   -0.887193526   -0.803296712
   11.040000000   -0.875555019   -0.919115076   -0.748411367
   11.050000000   -0.954394819   -0.970735938   -0.705904831
   11.060000000   -1.045882547   -1.042503782   -0.675457602
   11.070000000   -1.145489672   -1.132449333   -0.656412049
   11.080000000   -1.251610400   -1.236705042   -0.649187837
   11.090000000   -1.362849895   -1.347516071   -0.652223378
   11.100000000   -1.472819099   -1.451551101   -0.660595152
   11.110000000   -1.569928894   -1.533680062   -0.669725722
   11.120000000   -1.643668016   -1.584641179   -0.677680439
   11.130000000   -1.690746105   -1.604732982   -0.683209920
   11.140000000   -1.715862228   -1.601033828   -0.685410959
   11.150000000   -1.728307026   -1.583437299   -0.686351421
   11.160000000   -1.737537227   -1.562316874   -0.692193016
   11.170000000   -1.749856820   -1.546213550   -0.711914226
   11.180000000   -1.767514654   -1.540269162   -0.755093042
   11.190000000   -1.789682401   -1.547359584   -0.828989549
   11.200000000   -1.813283711   -1.569687622   -0.934499649
   11.210000000   -1.834171863   -1.608240482   -1.064192736
   11.220000000   -1.849474081   -1.661250188   -1.207816936
   11.230000000   -1.859247415   -1.724286771   -1.361015226
   11.240000000   -1.865427445   -1.791057490   -1.525354730
   11.250000000   -1.869482058   -1.853516715   -1.700097026
   11.260000000   -1.872233841   -1.904101015   -1.877889238
   11.270000000   -1.875224763   -1.939399284   -2.047882879
   11.280000000   -1.880673814   -1.961067341   -2.201923859
   11.290000000   -1.890411585   -1.974229849   -2.339069099
   11.300000000   -1.904803400   -1.985362636   -2.464263960
   11.310000000   -1.921896492   -2.000037471   -2.584108920
   11.320000000   -1.938547097   -2.021259986   -2.705667409
   11.330000000   -1.953405053   -2.049242745   -2.837918397
   11.340000000   -1.967921024   -2.081849803   -2.989589646
   11.350000000   -1.984884140   -2.116103957   -3.160940008
   11.360000000   -2.007145670   -2.150480957   -3.338773700
   11.370000000   -2.035717900   -2.184146961   -3.502778922
   11.380000000   -2.067576467   -2.214020154   -3.636441928
   11.390000000   -2.097499092   -2.236370887   -3.731484127
   11.400000000   -2.123199668   -2.252074717   -3.786095769
   11.410000000   -2.146811411   -2.266831739   -3.803665987
   11.420000000   -2.171173734   -2.285179113   -3.793217360
   11.430000000   -2.196499619   -2.305616081   -3.768529598
   11.440000000   -2.221218243   -2.322227292   -3.744458362
   11.450000000   -2.244897596   -2.330712813   -3.732208305
   11.460000000   -2.269774244   -2.332435127   -3.735631428
   11.470000000   -2.300082955   -2.333456035   -3.750600048
   11.480000000   -2.339190236   -2.340203059   -3.768977216
   11.490000000   -2.386157541   -2.355401482   -3.785082322
   11.500000000   -2.435400401   -2.377602373   -3.800033822
   11.510000000   -2.480143281   -2.403663399   -3.821884917
   11.520000000   -2.517011550   -2.431578893   -3.861906301
   11.530000000   -2.548219763   -2.461915409   -3.927026467
   11.540000000   -2.579269485   -2.496692052   -4.012115138
   11.550000000   -2.614178103   -2.536769355   -4.100288784
   11.560000000   -2.651999147   -2.580156889   -4.172972751
   11.570000000   -2.687035498   -2.622210608   -4.219882624
   11.580000000   -2.712055107   -2.656547897   -4.240012919
   11.590000000   -2.721624480   -2.676171317   -4.236174095
   11.600000000   -2.713965151   -2.676194981   -4.210840114
   11.610000000   -2.691004471   -2.657012781   -4.166450222
   11.620000000   -2.656963568   -2.624624606   -4.107578601
   11.630000000   -2.617367363   -2.588708346   -4.041709031
   11.640000000   -2.579388704   -2.560446965   -3.977834030
   11.650000000   -2.550947916   -2.548786774   -3.924167111
   11.660000000   -2.536943938   -2.555646601   -3.886448907
   11.670000000   -2.536367683   -2.575044138   -3.867714137
   11.680000000   -2.544059654   -2.597981921   -3.869503069
   11.690000000   -2.555242368   -2.618496679   -3.891635861
   11.700000000   -2.568428205   -2.636042582   -3.928545166
   11.710000000   -2.584662021   -2.653367380   -3.967294689
   11.720000000   -2.605321326   -2.672906055   -3.992820919
   11.730000000   -2.630795132   -2.694959340   -3.995817345
   11.740000000   -2.659374898   -2.717585833   -3.975583384
   11.750000000   -2.687109755   -2.737406457   -3.937813860
   11.760000000   -2.710091406   -2.751195362   -3.890925086
   11.770000000   -2.726877571   -2.757371115   -3.842753207
   11.780000000   -2.738461895   -2.756548348   -3.798596314
   11.790000000   -2.746176557   -2.750739247   -3.760378561
   11.800000000   -2.750232820   -2.742141680   -3.726805836
   11.810000000   -2.750572813   -2.732549595   -3.694789288
   11.820000000   -2.748201009   -2.722858864   -3.660908738
   11.830000000   -2.744976484   -2.712993650   -3.622346097
   11.840000000   -2.742579955   -2.703296461   -3.577889496
   11.850000000   -2.741488282   -2.695391854   -3.528076845
   11.860000000   -2.740064369   -2.690368052   -3.473841295
   11.870000000   -2.735548642   -2.687389899   -3.415676037
   11.880000000   -2.726913758   -2.685285326   -3.354519180
   11.890000000   -2.715442601   -2.683565177   -3.293043395
   11.900000000   -2.702157376   -2.680792899   -3.235847077
   11.910000000   -2.687125303   -2.674390519   -3.187735305
   11.920000000   -2.671607036   -2.663142802   -3.150726379
   11.930000000   -2.658790291   -2.648872199   -3.122708740
   11.940000000   -2.652301156   -2.635686730   -3.099620675
   11.950000000   -2.654806760   -2.627849146   -3.078557758
   11.960000000   -2.666903816   -2.627669466   -3.058302895
   11.970000000   -2.685598569   -2.634291347   -3.037600550
   11.980000000   -2.704183190   -2.644170854   -3.014393182
   11.990000000   -2.715228016   -2.653205885   -2.987495894
   12.000000000   -2.714649207   -2.659150114   -2.958118276
   12.010000000   -2.703438948   -2.662629793   -2.928942643
   12.020000000   -2.686200922   -2.665666536   -2.902286304
   12.030000000   -2.668447998   -2.669154820   -2.879672722
   12.040000000   -2.654585002   -2.672123196   -2.862169713
   12.050000000   -2.646720702   -2.672969718   -2.849733115
   12.060000000   -2.644253247   -2.670719956   -2.840645749
   12.070000000   -2.644942835   -2.665454181   -2.832668385
   12.080000000   -2.646795800   -2.658089986   -2.824518925
   12.090000000   -2.648959037   -2.649849828   -2.815996918
   12.100000000   -2.651426732   -2.641831825   -2.807174926
   12.110000000   -2.654712925   -2.635072670   -2.797410996
   12.120000000   -2.659385096   -2.630646764   -2.784731292
   12.130000000   -2.664534293   -2.628999029   -2.766804879
   12.140000000   -2.667048163   -2.629358314   -2.743188555
   12.150000000   -2.663879246   -2.630377367   -2.716002224
   12.160000000   -2.654831577   -2.631259620   -2.687883255
   12.170000000   -2.642532695   -2.631966432   -2.659622404
   12.180000000   -2.630771699   -2.632799767   -2.630339322
   12.190000000   -2.623656544   -2.634603785   -2.600039148
   12.200000000   -2.624593616   -2.638562379   -2.571473671
   12.210000000   -2.633694344   -2.644736167   -2.548967366
   12.220000000   -2.646937529   -2.651664434   -2.535796271
   12.230000000   -2.659579975   -2.657874144   -2.532827860
   12.240000000   -2.669335285   -2.662831887   -2.538651033
   12.250000000   -2.675549062   -2.666188766   -2.550255595
   12.260000000   -2.676876011   -2.666584415   -2.563216601
   12.270000000   -2.671146759   -2.661740557   -2.571894642
   12.280000000   -2.657550819   -2.650419904   -2.571533977
   12.290000000   -2.637804555   -2.633921421   -2.560763815
   12.300000000   -2.614451910   -2.614923122   -2.541672335
   12.310000000   -2.589176601   -2.595567520   -2.518100558
   12.320000000   -2.563174067   -2.576811854   -2.493822177
   12.330000000   -2.537462582   -2.558400397   -2.471171251
   12.340000000   -2.512117670   -2.539166632   -2.450351640
   12.350000000   -2.486363860   -2.518031710   -2.429752231
   12.360000000   -2.460067990   -2.494981842   -2.407472821
   12.370000000   -2.434286321   -2.471000824   -2.383005585
   12.380000000   -2.410086990   -2.447367044   -2.357320995
   12.390000000   -2.387906407   -2.425508721   -2.331907891
   12.400000000   -2.368422206   -2.407361848   -2.308652336
   12.410000000   -2.353006561   -2.394812365   -2.289895962
   12.420000000   -2.342419825   -2.387901506   -2.277302528
   12.430000000   -2.335408565   -2.383614338   -2.270796498
   12.440000000   -2.329022411   -2.376831021   -2.268762801
   12.450000000   -2.320117990   -2.363090085   -2.268611979
   12.460000000   -2.306749880   -2.341009812   -2.267397041
   12.470000000   -2.288991966   -2.312592430   -2.262861700
   12.480000000   -2.268889961   -2.281798004   -2.254274527
   12.490000000   -2.249163452   -2.252504426   -2.242288267
   12.500000000   -2.231441896   -2.226487712   -2.227859244
   12.510000000   -2.215567916   -2.202752288   -2.211379394
   12.520000000   -2.200298970   -2.179269180   -2.192856153
   12.530000000   -2.184574434   -2.155441035   -2.172477467
   12.540000000   -2.168414619   -2.132717071   -2.150933626
   12.550000000   -2.152401287   -2.112813532   -2.129131121
   12.560000000   -2.136371302   -2.095739282   -2.107451075
   12.570000000   -2.119389787   -2.080078795   -2.085607336
   12.580000000   -2.100991466   -2.064840073   -2.063637709
   12.590000000   -2.081796642   -2.050324825   -2.042735364
   12.600000000   -2.062847726   -2.037334582   -2.024840324
   12.610000000   -2.044867597   -2.026117653   -2.011687527
   12.620000000   -2.028221490   -2.016031578   -2.004256054
   12.630000000   -2.012991846   -2.005970491   -2.002660627
   12.640000000   -1.998686956   -1.995083985   -2.005851327
   12.650000000   -1.984218495   -1.983130573   -2.011201969
   12.660000000   -1.968696993   -1.970404119   -2.014977773
   12.670000000   -1.952423441   -1.957442779   -2.013919341
   12.680000000   -1.936981572   -1.944586853   -2.006333229
   12.690000000   -1.924127568   -1.931804924   -1.991441816
   12.700000000   -1.914385781   -1.919054390   -1.968511019
   12.710000000   -1.906468252   -1.906393349   -1.937633889
   12.720000000   -1.898062535   -1.893670824   -1.901026856
   12.730000000   -1.887631759   -1.880926780   -1.862680556
   12.740000000   -1.875540687   -1.869254435   -1.826841996
   12.750000000   -1.863257087   -1.860292905   -1.796504911
   12.760000000   -1.852190626   -1.854960775   -1.772157270
   12.770000000   -1.843923816   -1.853537394   -1.751887490
   12.780000000   -1.840464423   -1.856463187   -1.733529005
   12.790000000   -1.842673413   -1.863837872   -1.716736786
   12.800000000   -1.848170387   -1.873914475   -1.702567076
   12.810000000   -1.851698497   -1.882824300   -1.691625318
   12.820000000   -1.847944106   -1.885995326   -1.683181425
   12.830000000   -1.833982232   -1.879747659   -1.675827031
   12.840000000   -1.810166387   -1.862477158   -1.668373463
   12.850000000   -1.780034369   -1.835386872   -1.659870299
   12.860000000   -1.749140737   -1.802206823   -1.649734020
   12.870000000   -1.723137092   -1.768071707   -1.638292576
   12.880000000   -1.706271688   -1.738242768   -1.626628105
   12.890000000   -1.700367004   -1.716545466   -1.615970373
   12.900000000   -1.704210351   -1.703966394   -1.607695658
   12.910000000   -1.714468098   -1.698874235   -1.603703099
   12.920000000   -1.727407220   -1.698649642   -1.605906437
   12.930000000   -1.739110301   -1.700711657   -1.614567474
   12.940000000   -1.745377724   -1.702727435   -1.627062633
   12.950000000   -1.743718614   -1.703243468   -1.638649292
   12.960000000   -1.735433169   -1.702350825   -1.644757868
   12.970000000   -1.724762788   -1.701432000   -1.643206349
   12.980000000   -1.715787130   -1.701940130   -1.635027015
   12.990000000   -1.709999471   -1.704005753   -1.623199659
   13.000000000   -1.706465922   -1.706236242   -1.610444648
   13.010000000   -1.703371546   -1.706567756   -1.597954224
   13.020000000   -1.698823550   -1.702970154   -1.585398223
   13.030000000   -1.691200239   -1.693958035   -1.571823152
   13.040000000   -1.679800424   -1.679189519   -1.556747960
   13.050000000   -1.664802263   -1.659610201   -1.540411829
   13.060000000   -1.646204864   -1.636696801   -1.523178085
   13.070000000   -1.623569695   -1.611667218   -1.504809750
   13.080000000   -1.597217958   -1.585403464   -1.484325794
   13.090000000   -1.568989685   -1.558697954   -1.461021432
   13.100000000   -1.541414128   -1.532490768   -1.435652359
   13.110000000   -1.516234641   -1.507892572   -1.410431764
   13.120000000   -1.493950638   -1.485946515   -1.388055161
   13.130000000   -1.474650059   -1.467289163   -1.370537016
   13.140000000   -1.458638895   -1.451821745   -1.358451626
   13.150000000   -1.446403272   -1.439075404   -1.351359279
   13.160000000   -1.438466688   -1.429135200   -1.349182237
   13.170000000   -1.434941773   -1.422740253   -1.352736173
   13.180000000   -1.435300594   -1.420683989   -1.362938846
   13.190000000   -1.439220779   -1.423605478   -1.379852858
   13.200000000   -1.447244858   -1.431773552   -1.402256119
   13.210000000   -1.459819189   -1.444385627   -1.428153825
   13.220000000   -1.475642082   -1.459215353   -1.455381901
   13.230000000   -1.491292362   -1.473026892   -1.480758056
   13.240000000   -1.503032040   -1.482676030   -1.499309580
   13.250000000   -1.509118525   -1.486453839   -1.506107386
   13.260000000   -1.510119987   -1.484364288   -1.499062456
   13.270000000   -1.507518868   -1.477414477   -1.479718616
   13.280000000   -1.502496275   -1.467065281   -1.451995236
   13.290000000   -1.495379205   -1.454845959   -1.420199158
   13.300000000   -1.485421857   -1.441854262   -1.387618199
   13.310000000   -1.471199812   -1.428408896   -1.356544208
   13.320000000   -1.451942046   -1.414345673   -1.329054605
   13.330000000   -1.428991700   -1.400033339   -1.307145337
   13.340000000   -1.405731885   -1.386894256   -1.291856496
   13.350000000   -1.385749324   -1.376573999   -1.282458728
   13.360000000   -1.370829742   -1.369579631   -1.276722222
   13.370000000   -1.360132993   -1.364537594   -1.271994863
   13.380000000   -1.351032335   -1.358996111   -1.266270289
   13.390000000   -1.341172048   -1.351426522   -1.259132624
   13.400000000   -1.330338405   -1.342484095   -1.252588189
   13.410000000   -1.320400527   -1.334244713   -1.250254946
   13.420000000   -1.313070917   -1.328210775   -1.254272908
   13.430000000   -1.307939898   -1.324111936   -1.263242539
   13.440000000   -1.303055665   -1.320525048   -1.273915753
   13.450000000   -1.297210249   -1.316464895   -1.284284004
   13.460000000   -1.291280166   -1.312762087   -1.294695736
   13.470000000   -1.287313196   -1.312099286   -1.306585173
   13.480000000   -1.286504763   -1.316919149   -1.320402507
   13.490000000   -1.287924594   -1.326677564   -1.334666679
   13.500000000   -1.288727989   -1.337174371   -1.346596426
   13.510000000   -1.285858867   -1.342984973   -1.353292968
   13.520000000   -1.278200004   -1.340940773   -1.352640878
   13.530000000   -1.267189266   -1.331443224   -1.343809970
   13.540000000   -1.255306378   -1.316889427   -1.327471750
   13.550000000   -1.244036814   -1.299582987   -1.305622192
   13.560000000   -1.233348399   -1.281223623   -1.280900551
   13.570000000   -1.222974950   -1.263613225   -1.255838150
   13.580000000   -1.213724100   -1.249043548   -1.232404770
   13.590000000   -1.207406859   -1.239718395   -1.211782565
   13.600000000   -1.205705322   -1.236686449   -1.194402516
   13.610000000   -1.209038357   -1.239028824   -1.180244978
   13.620000000   -1.216292503   -1.244209226   -1.168986072
   13.630000000   -1.225366341   -1.249493571   -1.159586851
   13.640000000   -1.234053926   -1.253108947   -1.150042494
   13.650000000   -1.240917389   -1.254462338   -1.138301233
   13.660000000   -1.245662565   -1.253643161   -1.123678858
   13.670000000   -1.248847579   -1.250944125   -1.107422147
   13.680000000   -1.251208600   -1.246947258   -1.092002423
   13.690000000   -1.253349444   -1.242992624   -1.079768355
   13.700000000   -1.256243607   -1.241467115   -1.071994274
   13.710000000   -1.261629672   -1.245239854   -1.068728102
   13.720000000   -1.271380084   -1.256231995   -1.069145406
   13.730000000   -1.286414800   -1.274242811   -1.072387669
   13.740000000   -1.306318175   -1.297166015   -1.078695130
   13.750000000   -1.329647724   -1.322044042   -1.089329699
   13.760000000   -1.354184151   -1.345781599   -1.104659722
   13.770000000   -1.377344750   -1.365777772   -1.122379628
   13.780000000   -1.397304345   -1.380953751   -1.138214547
   13.790000000   -1.414024190   -1.392206240   -1.148948974
   13.800000000   -1.428902934   -1.401477620   -1.154499584
   13.810000000   -1.443173090   -1.410328501   -1.156765775
   13.820000000   -1.456659468   -1.419162591   -1.157119852
   13.830000000   -1.467806709   -1.427161867   -1.155438256
   13.840000000   -1.474440679   -1.432656712   -1.151158525
   13.850000000   -1.474807014   -1.433886497   -1.144472320
   13.860000000   -1.468625522   -1.430011023   -1.136230804
   13.870000000   -1.457322800   -1.421712098   -1.127220087
   13.880000000   -1.443168601   -1.410828569   -1.118002363
   13.890000000   -1.428408247   -1.399558570   -1.109308560
   13.900000000   -1.414881921   -1.389742433   -1.102302002
   13.910000000   -1.403756483   -1.382329754   -1.098221887
   13.920000000   -1.395378599   -1.377247096   -1.097488946
   13.930000000   -1.389373056   -1.373609431   -1.099278509
   13.940000000   -1.384888294   -1.370099972   -1.102295539
   13.950000000   -1.380825937   -1.365494370   -1.105853675
   13.960000000   -1.376077565   -1.359219702   -1.110079294
   13.970000000   -1.369877517   -1.351607880   -1.115386553
   13.980000000   -1.362049569   -1.343565984   -1.121695736
   13.990000000   -1.352959672   -1.335955975   -1.127943055
   14.000000000   -1.343144267   -1.329058451   -1.132315475
   14.010000000   -1.332676252   -1.322239334   -1.132979220
   14.020000000   -1.320942937   -1.314186468   -1.129181823
   14.030000000   -1.307361107   -1.303851560   -1.121956062
   14.040000000   -1.292349891   -1.291403831   -1.113391135
   14.050000000   -1.277359860   -1.278264520   -1.105173264
   14.060000000   -1.263748567   -1.266141094   -1.097941508
   14.070000000   -1.251833058   -1.256055734   -1.091770839
   14.080000000   -1.241069431   -1.248016070   -1.086587268
   14.090000000   -1.230765589   -1.241213315   -1.082078715
   14.100000000   -1.220597598   -1.234635960   -1.077818402
   14.110000000   -1.210569642   -1.227602889   -1.073219331
   14.120000000   -1.200443434   -1.219616412   -1.067112323
   14.130000000   -1.189672847   -1.210209332   -1.058369973
   14.140000000   -1.178331037   -1.199542403   -1.047225039
   14.150000000   -1.167669002   -1.188880567   -1.035064420
   14.160000000   -1.159332526   -1.179940891   -1.022926148
   14.170000000   -1.154286256   -1.173760089   -1.010913148
   14.180000000   -1.152574681   -1.170352677   -0.999039209
   14.190000000   -1.153487050   -1.169080365   -0.987819383
   14.200000000   -1.155698414   -1.168993971   -0.977660275
   14.210000000   -1.157936948   -1.169391717   -0.968198394
   14.220000000   -1.159795979   -1.170396179   -0.958665920
   14.230000000   -1.161469177   -1.172467667   -0.948702466
   14.240000000   -1.162978196   -1.175403430   -0.938829337
   14.250000000   -1.164325224   -1.178265835   -0.930577383
   14.260000000   -1.166240858   -1.180222190   -0.925993924
   14.270000000   -1.170026412   -1.181178332   -0.926309891
   14.280000000   -1.175923501   -1.181325261   -0.930566450
   14.290000000   -1.181994082   -1.180464736   -0.935775669
   14.300000000   -1.185450515   -1.178263093   -0.938925764
   14.310000000   -1.184716390   -1.174516650   -0.938717666
   14.320000000   -1.179978508   -1.168892274   -0.935547846
   14.330000000   -1.172420498   -1.161044603   -0.930544008
   14.340000000   -1.163223346   -1.151149136   -0.924645542
   14.350000000   -1.153070463   -1.140049681   -0.918028313
   14.360000000   -1.142320685   -1.128849652   -0.910216259
   14.370000000   -1.131372405   -1.118395592   -0.900912036
   14.380000000   -1.120670194   -1.108956388   -0.890531981
   14.390000000   -1.110581538   -1.100302203   -0.879804537
   14.400000000   -1.101433441   -1.092173618   -0.869091519
   14.410000000   -1.093648634   -1.084775020   -0.858195804
   14.420000000   -1.087711517   -1.078793059   -0.846850153
   14.430000000   -1.083387121   -1.074593159   -0.835036754
   14.440000000   -1.078801682   -1.071275019   -0.822796899
   14.450000000   -1.070987657   -1.066810017   -0.810384145
   14.460000000   -1.057763981   -1.059306121   -0.798432106
   14.470000000   -1.039210818   -1.048467799   -0.787619818
   14.480000000   -1.017658231   -1.036074474   -0.778612036
   14.490000000   -0.996481823   -1.024836673   -0.772452148
   14.500000000   -0.978884097   -1.016773745   -0.770862405
   14.510000000   -0.967429519   -1.012698578   -0.775900845
   14.520000000   -0.963957824   -1.012811812   -0.788686838
   14.530000000   -0.969049593   -1.017023579   -0.808062003
   14.540000000   -0.981212104   -1.024419317   -0.830660026
   14.550000000   -0.997038610   -1.032987093   -0.852369158
   14.560000000   -1.012551589   -1.040213613   -0.869753230
   14.570000000   -1.024414018   -1.043866137   -0.880588645
   14.580000000   -1.030333664   -1.042569233   -0.884001676
   14.590000000   -1.029210199   -1.036145229   -0.880690134
   14.600000000   -1.021279005   -1.025374759   -0.872764519
   14.610000000   -1.008032221   -1.011435874   -0.863123157
   14.620000000   -0.991798515   -0.995689280   -0.854953338
   14.630000000   -0.975199133   -0.979825283   -0.851594039
   14.640000000   -0.960749744   -0.965864015   -0.856036102
   14.650000000   -0.950334167   -0.955500137   -0.869434087
   14.660000000   -0.944567170   -0.949145112   -0.889819807
   14.670000000   -0.942609164   -0.945576457   -0.912607072
   14.680000000   -0.942613532   -0.942490482   -0.932628844
   14.690000000   -0.942581965   -0.937655294   -0.946234746
   14.700000000   -0.941082763   -0.929800124   -0.952147352
   14.710000000   -0.937353417   -0.918592263   -0.951160127
   14.720000000   -0.931133190   -0.904388491   -0.945499731
   14.730000000   -0.922652109   -0.888337982   -0.937924314
   14.740000000   -0.912682106   -0.872412936   -0.930482642
   14.750000000   -0.902326290   -0.858828474   -0.923589832
   14.760000000   -0.892535549   -0.849083412   -0.916363328
   14.770000000   -0.883884844   -0.843609517   -0.908099940
   14.780000000   -0.876772519   -0.842215323   -0.899304987
   14.790000000   -0.871316662   -0.844226728   -0.890939292
   14.800000000   -0.866847564   -0.848051715   -0.882950724
   14.810000000   -0.862073802   -0.851380026   -0.874419871
   14.820000000   -0.856158989   -0.852375329   -0.865253979
   14.830000000   -0.849355193   -0.850488519   -0.856865444
   14.840000000   -0.842459512   -0.846158662   -0.851112537
   14.850000000   -0.836127024   -0.840271331   -0.849238309
   14.860000000   -0.830941447   -0.833948436   -0.851517812
   14.870000000   -0.827652619   -0.828373861   -0.856913487
   14.880000000   -0.826805566   -0.824427099   -0.862987921
   14.890000000   -0.828217450   -0.822332594   -0.866946331
   14.900000000   -0.830999628   -0.821604422   -0.867031630
   14.910000000   -0.833844514   -0.821236500   -0.862860258
   14.920000000   -0.835190342   -0.819989151   -0.854906820
   14.930000000   -0.833602695   -0.816819253   -0.844152670
   14.940000000   -0.828353611   -0.811313585   -0.832003279
   14.950000000   -0.819774831   -0.803982366   -0.819991096
   14.960000000   -0.809114553   -0.796105986   -0.809297783
   14.970000000   -0.797902508   -0.788871372   -0.800567509
   14.980000000   -0.787512433   -0.782701655   -0.794348946
   14.990000000   -0.779152750   -0.777646038   -0.791809601
   15.000000000   -0.773612348   -0.774010654   -0.794608670
   15.010000000   -0.770904015   -0.772252969   -0.803343803
   15.020000000   -0.770565100   -0.772523851   -0.815897226
   15.030000000   -0.772079073   -0.774298836   -0.827669321
   15.040000000   -0.774676005   -0.776316510   -0.833916750
   15.050000000   -0.777205855   -0.777329690   -0.832360778
   15.060000000   -0.778636011   -0.777115923   -0.824098083
   15.070000000   -0.778460584   -0.776421860   -0.812519018
   15.080000000   -0.776474509   -0.775826925   -0.801237957
   15.090000000   -0.772479933   -0.774969339   -0.792392290
   15.100000000   -0.766412630   -0.773013678   -0.786413971
   15.110000000   -0.758683911   -0.769663306   -0.782924464
   15.120000000   -0.750374973   -0.765571624   -0.781447742
   15.130000000   -0.742962918   -0.761822251   -0.781594529
   15.140000000   -0.737687578   -0.759106838   -0.783125197
   15.150000000   -0.734936689   -0.757189027   -0.786046732
   15.160000000   -0.733957496   -0.754951405   -0.790479107
   15.170000000   -0.733382450   -0.751269408   -0.796102082
   15.180000000   -0.732444563   -0.746032062   -0.801939549
   15.190000000   -0.731655485   -0.740239944   -0.807042624
   15.200000000   -0.732197490   -0.735309375   -0.810916068
   15.210000000   -0.734771708   -0.732321527   -0.813045543
   15.220000000   -0.739043688   -0.731629312   -0.812877144
   15.230000000   -0.743876352   -0.732846780   -0.810700426
   15.240000000   -0.747800895   -0.735013812   -0.807943669
   15.250000000   -0.749571677   -0.737023058   -0.806083663
   15.260000000   -0.748679896   -0.738148324   -0.805044693
   15.270000000   -0.745329477   -0.738100238   -0.802788120
   15.280000000   -0.739987822   -0.736758209   -0.796977526
   15.290000000   -0.733175524   -0.734145861   -0.787133606
   15.300000000   -0.725683944   -0.730645959   -0.775050111
   15.310000000   -0.718632743   -0.726931872   -0.763288423
   15.320000000   -0.712892265   -0.723453991   -0.753228212
   15.330000000   -0.708456273   -0.720173193   -0.744580725
   15.340000000   -0.704706479   -0.716989782   -0.736848272
   15.350000000   -0.701128849   -0.714048919   -0.730559460
   15.360000000   -0.697514517   -0.711361555   -0.726666096
   15.370000000   -0.693737183   -0.708430141   -0.725573941
   15.380000000   -0.689551660   -0.704472389   -0.727261603
   15.390000000   -0.684641183   -0.698931500   -0.731545522
   15.400000000   -0.678852053   -0.691810017   -0.737559963
   15.410000000   -0.672332334   -0.683723473   -0.743548880
   15.420000000   -0.665466816   -0.675626989   -0.747963620
   15.430000000   -0.658728384   -0.668441121   -0.750724142
   15.440000000   -0.652566018   -0.662921661   -0.753012629
   15.450000000   -0.647391019   -0.659667505   -0.755966330
   15.460000000   -0.643464096   -0.658766564   -0.759873960
   15.470000000   -0.640621338   -0.659334458   -0.764294561
   15.480000000   -0.638243130   -0.659860989   -0.768359269
   15.490000000   -0.635622898   -0.659065552   -0.771034417
   15.500000000   -0.632323721   -0.656283270   -0.771739881
   15.510000000   -0.628160002   -0.651363428   -0.771036927
   15.520000000   -0.623040227   -0.644530674   -0.770623702
   15.530000000   -0.617025937   -0.636359416   -0.772540377
   15.540000000   -0.610569176   -0.627731166   -0.778159691
   15.550000000   -0.604675555   -0.619596300   -0.787657809
   15.560000000   -0.600639156   -0.612588228   -0.800086242
   15.570000000   -0.599446296   -0.606917436   -0.813708242
   15.580000000   -0.601382153   -0.602716906   -0.826642665
   15.590000000   -0.606000017   -0.600263472   -0.837608927
   15.600000000   -0.612319095   -0.599679906   -0.846072343
   15.610000000   -0.619004358   -0.600353358   -0.851739917
   15.620000000   -0.624525714   -0.600819888   -0.854088275
   15.630000000   -0.627618713   -0.599642001   -0.852336824
   15.640000000   -0.627908730   -0.596420046   -0.845965577
   15.650000000   -0.626107574   -0.591815092   -0.835557551
   15.660000000   -0.623379536   -0.586724456   -0.823080523
   15.670000000   -0.620369473   -0.581586412   -0.811111338
   15.680000000   -0.616957116   -0.576473277   -0.801694864
   15.690000000   -0.612859367   -0.571550131   -0.795554683
   15.700000000   -0.608182192   -0.567154842   -0.791859828
   15.710000000   -0.603308175   -0.563429518   -0.788883241
   15.720000000   -0.598421673   -0.559973603   -0.785205792
   15.730000000   -0.593205893   -0.555852995   -0.780065313
   15.740000000   -0.586851023   -0.549994433   -0.772712412
   15.750000000   -0.578428186   -0.541821430   -0.762321128
   15.760000000   -0.567591760   -0.531736561   -0.748672504
   15.770000000   -0.554973426   -0.520962892   -0.732387654
   15.780000000   -0.541765270   -0.510856360   -0.714474815
   15.790000000   -0.529121412   -0.502498820   -0.695850020
   15.800000000   -0.517966220   -0.496697353   -0.677126555
   15.810000000   -0.508819200   -0.493704584   -0.658607709
   15.820000000   -0.501402873   -0.492737483   -0.640452722
   15.830000000   -0.494591377   -0.492083237   -0.622905297
   15.840000000   -0.487128834   -0.490016398   -0.606507143
   15.850000000   -0.478589498   -0.485879624   -0.592292740
   15.860000000   -0.469520497   -0.480286042   -0.581616679
   15.870000000   -0.460585326   -0.474253238   -0.575351457
   15.880000000   -0.451818711   -0.468388248   -0.573074066
   15.890000000   -0.442851314   -0.462856944   -0.573073770
   15.900000000   -0.433539585   -0.457590284   -0.573087409
   15.910000000   -0.424069767   -0.452230461   -0.571255311
   15.920000000   -0.414589139   -0.446137663   -0.566830212
   15.930000000   -0.404972625   -0.438695618   -0.560176013
   15.940000000   -0.395047832   -0.429705584   -0.552312123
   15.950000000   -0.385043474   -0.419565286   -0.544681024
   15.960000000   -0.375612428   -0.409020071   -0.538970048
   15.970000000   -0.367396044   -0.398733642   -0.536505072
   15.980000000   -0.360823026   -0.389188044   -0.537463214
   15.990000000   -0.356258246   -0.380949628   -0.540652371
   16.000000000   -0.354034386   -0.374800087   -0.544324764
   16.010000000   -0.354135083   -0.371310424   -0.547355463
   16.020000000   -0.355775256   -0.370214051   -0.549539585
   16.030000000   -0.357528645   -0.370447531   -0.550969723
   16.040000000   -0.358131061   -0.370924102   -0.551439516
   16.050000000   -0.357223523   -0.371203545   -0.550492088
   16.060000000   -0.355452215   -0.371517784   -0.548004641
   16.070000000   -0.353965615   -0.372301130   -0.544594669
   16.080000000   -0.353578316   -0.373535270   -0.541282875
   16.090000000   -0.354067893   -0.374291171   -0.538726596
   16.100000000   -0.354256628   -0.373088781   -0.536753931
   16.110000000   -0.352809477   -0.368885928   -0.534394255
   16.120000000   -0.348898776   -0.361624496   -0.530361198
   16.130000000   -0.342244370   -0.351911015   -0.523796792
   16.140000000   -0.332892013   -0.340421114   -0.514644550
   16.150000000   -0.321375724   -0.327860432   -0.503524042
   16.160000000   -0.309149190   -0.315491850   -0.491547810
   16.170000000   -0.298452948   -0.305205327   -0.480283143
   16.180000000   -0.291400790   -0.298636042   -0.471534606
   16.190000000   -0.289059774   -0.296274006   -0.466736679
   16.200000000   -0.291224451   -0.297456361   -0.466229060
   16.210000000   -0.296731553   -0.300843496   -0.468707596
   16.220000000   -0.303774536   -0.304656896   -0.471343588
   16.230000000   -0.310155879   -0.306843284   -0.471061893
   16.240000000   -0.313759274   -0.305662010   -0.466189861
   16.250000000   -0.313163526   -0.300404405   -0.456902289
   16.260000000   -0.308047610   -0.291568476   -0.444395377
   16.270000000   -0.299139979   -0.280418964   -0.430059635
   16.280000000   -0.287736538   -0.268369005   -0.415289131
   16.290000000   -0.275062719   -0.256476291   -0.401414114
   16.300000000   -0.261900280   -0.245187984   -0.389288162
   16.310000000   -0.248684532   -0.234386184   -0.379053864
   16.320000000   -0.235865370   -0.223676354   -0.370534909
   16.330000000   -0.224103289   -0.212771830   -0.363643239
   16.340000000   -0.214044462   -0.201666905   -0.358376373
   16.350000000   -0.205977705   -0.190530308   -0.354774215
   16.360000000   -0.199864830   -0.179740722   -0.352886747
   16.370000000   -0.195655377   -0.170206765   -0.352537753
   16.380000000   -0.193386867   -0.163417552   -0.353219612
   16.390000000   -0.192951414   -0.160802803   -0.354454064
   16.400000000   -0.193820691   -0.162763610   -0.356262955
   16.410000000   -0.195225434   -0.168337609   -0.359227964
   16.420000000   -0.196860189   -0.176009471   -0.364060445
   16.430000000   -0.199331966   -0.184862071   -0.371088369
   16.440000000   -0.203718581   -0.194847626   -0.380002834
   16.450000000   -0.210742376   -0.206177250   -0.389867889
   16.460000000   -0.220373202   -0.218714293   -0.399385443
   16.470000000   -0.231715422   -0.231613910   -0.407261704
   16.480000000   -0.243109931   -0.243322484   -0.412480142
   16.490000000   -0.252943981   -0.252371353   -0.414445016
   16.500000000   -0.260670546   -0.258379764   -0.413055363
   16.510000000   -0.266869931   -0.262085712   -0.408626177
   16.520000000   -0.272341719   -0.264532075   -0.401614257
   16.530000000   -0.277430231   -0.266616103   -0.392517641
   16.540000000   -0.282136488   -0.269246790   -0.381946361
   16.550000000   -0.286345009   -0.273248712   -0.370478095
   16.560000000   -0.289940136   -0.279038578   -0.358483030
   16.570000000   -0.293141261   -0.286807992   -0.346312956
   16.580000000   -0.296650062   -0.296763657   -0.334644988
   16.590000000   -0.301188142   -0.308593707   -0.324424990
   16.600000000   -0.307060258   -0.320936678   -0.316366538
   16.610000000   -0.314226691   -0.331961154   -0.310631066
   16.620000000   -0.322175354   -0.340280632   -0.306949909
   16.630000000   -0.329543565   -0.345149939   -0.304792995
   16.640000000   -0.334705737   -0.346540882   -0.303591939
   16.650000000   -0.337107107   -0.345536916   -0.303053280
   16.660000000   -0.337608392   -0.344058501   -0.303088618
   16.670000000   -0.337522539   -0.343617027   -0.303458778
   16.680000000   -0.337732234   -0.344477867   -0.303710969
   16.690000000   -0.338705608   -0.346172530   -0.303507917
   16.700000000   -0.340757724   -0.348428703   -0.303054911
   16.710000000   -0.343941369   -0.351353170   -0.303108422
   16.720000000   -0.347842142   -0.354991983   -0.304222437
   16.730000000   -0.351753184   -0.359053053   -0.305996750
   16.740000000   -0.355213121   -0.363109298   -0.307404233
   16.750000000   -0.358185150   -0.366750776   -0.307705050
   16.760000000   -0.360626292   -0.369408431   -0.306736424
   16.770000000   -0.362267171   -0.370456897   -0.304685033
   16.780000000   -0.362890210   -0.369716245   -0.301989482
   16.790000000   -0.362463736   -0.367609163   -0.299139060
   16.800000000   -0.360937199   -0.364695686   -0.296163539
   16.810000000   -0.358146451   -0.361217978   -0.292388978
   16.820000000   -0.354059260   -0.357230682   -0.286948003
   16.830000000   -0.349085011   -0.352958290   -0.279633097
   16.840000000   -0.344006631   -0.348750672   -0.271102194
   16.850000000   -0.339558999   -0.344846397   -0.262272629
   16.860000000   -0.336050772   -0.341345259   -0.253733110
   16.870000000   -0.333120058   -0.338123063   -0.245604302
   16.880000000   -0.329833125   -0.334727003   -0.237751557
   16.890000000   -0.325365731   -0.330709335   -0.230159882
   16.900000000   -0.319596374   -0.326014670   -0.223083508
   16.910000000   -0.312941428   -0.320850433   -0.216783563
   16.920000000   -0.305802598   -0.315298750   -0.211186499
   16.930000000   -0.298384264   -0.309223602   -0.205864535
   16.940000000   -0.290983116   -0.302603263   -0.200351011
   16.950000000   -0.284203943   -0.295861160   -0.194487300
   16.960000000   -0.278741789   -0.289765543   -0.188529683
   16.970000000   -0.274905607   -0.284960085   -0.182885581
   16.980000000   -0.272348294   -0.281532784   -0.177617551
   16.990000000   -0.270285239   -0.278939783   -0.172259685
   17.000000000   -0.268046557   -0.276305761   -0.166331630
   17.010000000   -0.265473144   -0.272787796   -0.159956327
   17.020000000   -0.262821812   -0.267803332   -0.153704477
   17.030000000   -0.260330500   -0.261172113   -0.147833465
   17.040000000   -0.257895703   -0.253186804   -0.141882373
   17.050000000   -0.255260652   -0.244667525   -0.135092539
   17.060000000   -0.252458921   -0.236844508   -0.127224609
   17.070000000   -0.249792668   -0.230815800   -0.118922624
   17.080000000   -0.247293116   -0.226847372   -0.111204216
   17.090000000   -0.244389630   -0.224135656   -0.104635400
   17.100000000   -0.240209782   -0.221268031   -0.099024440
   17.110000000   -0.234143745   -0.216996293   -0.093874126
   17.120000000   -0.226127752   -0.210763929   -0.088990021
   17.130000000   -0.216501654   -0.202684952   -0.084430106
   17.140000000   -0.205684816   -0.193176415   -0.080055197
   17.150000000   -0.194092062   -0.182806142   -0.075570888
   17.160000000   -0.182327662   -0.172427553   -0.070948098
   17.170000000   -0.171161426   -0.163064327   -0.066541816
   17.180000000   -0.161261405   -0.155488043   -0.062942212
   17.190000000   -0.153148909   -0.150016442   -0.060828181
   17.200000000   -0.147348339   -0.146717900   -0.060727964
   17.210000000   -0.144323717   -0.145624740   -0.062669004
   17.220000000   -0.144136528   -0.146587820   -0.066019800
   17.230000000   -0.146145246   -0.148980230   -0.069651858
   17.240000000   -0.149052101   -0.151697105   -0.072338516
   17.250000000   -0.151458825   -0.153670142   -0.073343223
   17.260000000   -0.152636714   -0.154545894   -0.072774916
   17.270000000   -0.152757720   -0.154733843   -0.071215735
   17.280000000   -0.152500648   -0.154830744   -0.069028684
   17.290000000   -0.152627934   -0.155244553   -0.066250229
   17.300000000   -0.153654757   -0.156183113   -0.063050213
   17.310000000   -0.155554575   -0.157623100   -0.059901411
   17.320000000   -0.157812123   -0.159275315   -0.057210742
   17.330000000   -0.159710083   -0.160583334   -0.054965175
   17.340000000   -0.160520349   -0.160795913   -0.052884536
   17.350000000   -0.159665709   -0.159259855   -0.050893729
   17.360000000   -0.156815630   -0.155659951   -0.049220092
   17.370000000   -0.151917400   -0.150034368   -0.048010092
   17.380000000   -0.145293430   -0.142811504   -0.047155988
   17.390000000   -0.137609853   -0.134789632   -0.046605234
   17.400000000   -0.129595391   -0.126794869   -0.046435430
   17.410000000   -0.121842426   -0.119287878   -0.046464416
   17.420000000   -0.114826248   -0.112332418   -0.046263573
   17.430000000   -0.108857218   -0.105805546   -0.045627702
   17.440000000   -0.103911579   -0.099536738   -0.044515187
   17.450000000   -0.099580137   -0.093384606   -0.042502438
   17.460000000   -0.095299944   -0.087376964   -0.038753378
   17.470000000   -0.090764499   -0.081762426   -0.032649159
   17.480000000   -0.086035596   -0.076790239   -0.024179827
   17.490000000   -0.081185597   -0.072439433   -0.013736881
   17.500000000   -0.076021395   -0.068400887   -0.001921655
   17.510000000   -0.070215886   -0.064256448    0.010460478
   17.520000000   -0.063586951   -0.059685683    0.022545388
   17.530000000   -0.056249040   -0.054606253    0.033659148
   17.540000000   -0.048599095   -0.049254626    0.043482167
   17.550000000   -0.041147348   -0.044144430    0.051990622
   17.560000000   -0.034226837   -0.039773971    0.059312810
   17.570000000   -0.027787699   -0.036241494    0.065674165
   17.580000000   -0.021477937   -0.033099965    0.071304716
   17.590000000   -0.015013905   -0.029649845    0.076344787
   17.600000000   -0.008492384   -0.025455231    0.080894222
   17.610000000   -0.002244045   -0.020527161    0.085047074
   17.620000000    0.003467958   -0.015118050    0.088772566
   17.630000000    0.008443812   -0.009603351    0.091815950
   17.640000000    0.012443894   -0.004522334    0.093823818
   17.650000000    0.015221604   -0.000470625    0.094647267
   17.660000000    0.016615338    0.002211138    0.094587807
   17.670000000    0.016632002    0.003654662    0.094336878
   17.680000000    0.015400253    0.004264280    0.094544985
   17.690000000    0.013021795    0.004290271    0.095348596
   17.700000000    0.009545683    0.003702764    0.096338678
   17.710000000    0.005133058    0.002433302    0.097080603
   17.720000000    0.000251801    0.000642181    0.097642266
   17.730000000   -0.004409981   -0.001313968    0.098509006
   17.740000000   -0.008392683   -0.003218873    0.099972655
   17.750000000   -0.011782310   -0.005187564    0.101733867
   17.760000000   -0.014946085   -0.007391335    0.103295197
   17.770000000   -0.018113171   -0.009781992    0.104534468
   17.780000000   -0.021329039   -0.012276308    0.105623864
   17.790000000   -0.024453449   -0.014906489    0.106693483
   17.800000000   -0.027021038   -0.017623086    0.107719884
   17.810000000   -0.028492999   -0.020297490    0.108449781
   17.820000000   -0.028805388   -0.022990976    0.108305659
   17.830000000   -0.028417939   -0.025889344    0.106587113
   17.840000000   -0.027840272   -0.028914019    0.103033812
   17.850000000   -0.027224448   -0.031587797    0.098089185
   17.860000000   -0.026353988   -0.033314764    0.092452261
   17.870000000   -0.024989248   -0.033719793    0.086509770
   17.880000000   -0.023108904   -0.032767722    0.080125586
   17.890000000   -0.020828732   -0.030726442    0.072660170
   17.900000000   -0.018363417   -0.028110765    0.063232606
   17.910000000   -0.016115837   -0.025590823    0.051346899
   17.920000000   -0.014578242   -0.023764075    0.037604704
   17.930000000   -0.014080674   -0.022896143    0.023829852
   17.940000000   -0.014706626   -0.022949891    0.012160566
   17.950000000   -0.016356568   -0.023837832    0.003658177
   17.960000000   -0.018801974   -0.025460936   -0.002255000
   17.970000000   -0.021757160   -0.027480908   -0.007029233
   17.980000000   -0.024887030   -0.029219094   -0.011716758
   17.990000000   -0.027744570   -0.029918821   -0.016316011
   18.000000000   -0.029813487   -0.029061725   -0.020195547
   18.010000000   -0.030688686   -0.026471777   -0.022935197
   18.020000000   -0.030319713   -0.022423486   -0.024651103
   18.030000000   -0.029137878   -0.017739393   -0.025871485
   18.040000000   -0.027835923   -0.013459756   -0.027317193
   18.050000000   -0.026950065   -0.010232464   -0.029589208
   18.060000000   -0.026608249   -0.008034960   -0.032923455
   18.070000000   -0.026608016   -0.006428280   -0.037226801
   18.080000000   -0.026631530   -0.005010787   -0.042154592
   18.090000000   -0.026322196   -0.003639550   -0.047005738
   18.100000000   -0.025350756   -0.002410714   -0.050826051
   18.110000000   -0.023612639   -0.001604937   -0.052877886
   18.120000000   -0.021372124   -0.001605563   -0.052984891
   18.130000000   -0.019153862   -0.002697915   -0.051454794
   18.140000000   -0.017438383   -0.004836842   -0.048631607
   18.150000000   -0.016398393   -0.007588618   -0.044516699
   18.160000000   -0.015715731   -0.010119963   -0.038853347
   18.170000000   -0.014629346   -0.011299710   -0.031509576
   18.180000000   -0.012464873   -0.010304158   -0.022760364
   18.190000000   -0.009161927   -0.007247515   -0.013203411
   18.200000000   -0.005240141   -0.003086447   -0.003503546
   18.210000000   -0.001359489    0.000995046    0.005682260
   18.220000000    0.002066347    0.004081421    0.013657315
   18.230000000    0.004800436    0.005593019    0.019753460
   18.240000000    0.006519785    0.005241663    0.023610964
   18.250000000    0.006916722    0.003167270    0.025447396
   18.260000000    0.005948527   -0.000068668    0.025966819
   18.270000000    0.003810991   -0.003764417    0.026025667
   18.280000000    0.000820667   -0.007267084    0.026442916
   18.290000000   -0.002523921   -0.010022264    0.027876344
   18.300000000   -0.005531860   -0.011690893    0.030585162
   18.310000000   -0.007651164   -0.012292841    0.034311734
   18.320000000   -0.008838816   -0.012182772    0.038415003
   18.330000000   -0.009547276   -0.011834845    0.042089628
   18.340000000   -0.010407294   -0.011660632    0.044602973
   18.350000000   -0.011902114   -0.011978724    0.045547921
   18.360000000   -0.014102967   -0.012923328    0.045046965
   18.370000000   -0.016501799   -0.014227858    0.043835928
   18.380000000   -0.018210943   -0.015231878    0.043054668
   18.390000000   -0.018525021   -0.015281381    0.043727907
   18.400000000   -0.017321331   -0.014187231    0.046270834
   18.410000000   -0.014945182   -0.012313731    0.050297428
   18.420000000   -0.011821348   -0.010284895    0.054731607
   18.430000000   -0.008266309   -0.008639233    0.058234050
   18.440000000   -0.004601583   -0.007635745    0.059882613
   18.450000000   -0.001224439   -0.007229470    0.059676894
   18.460000000    0.001646252   -0.007121995    0.058549114
   18.470000000    0.004282799   -0.006829677    0.057976028
   18.480000000    0.007329196   -0.005816845    0.059379624
   18.490000000    0.011282647   -0.003637241    0.063518655
   18.500000000    0.016061953   -0.000082605    0.070118912
   18.510000000    0.020987326    0.004611512    0.077913842
   18.520000000    0.025161804    0.009756397    0.085174485
   18.530000000    0.027984751    0.014573891    0.090576317
   18.540000000    0.029401469    0.018581773    0.093808214
   18.550000000    0.029744202    0.021666832    0.095428464
   18.560000000    0.029378633    0.023927689    0.096193683
   18.570000000    0.028425137    0.025426173    0.096412515
   18.580000000    0.026711331    0.025940061    0.095636407
   18.590000000    0.024013586    0.024973730    0.092886709
   18.600000000    0.020425624    0.022202294    0.087470572
   18.610000000    0.016521133    0.018036531    0.079853269
   18.620000000    0.013128549    0.013696549    0.071676139
   18.630000000    0.010883675    0.010594167    0.064703335
   18.640000000    0.010091539    0.009645641    0.059810125
   18.650000000    0.010970045    0.011118762    0.057042235
   18.660000000    0.013617244    0.014694845    0.056110754
   18.670000000    0.017713760    0.019511678    0.056516451
   18.680000000    0.022602616    0.024497046    0.057689010
   18.690000000    0.027592121    0.028750400    0.059310580
   18.700000000    0.032032459    0.031587248    0.061363546
   18.710000000    0.035398153    0.032590220    0.063936125
   18.720000000    0.037561042    0.031909411    0.067136266
   18.730000000    0.038842433    0.030303704    0.070997666
   18.740000000    0.039670131    0.028670258    0.075243186
   18.750000000    0.040189225    0.027510193    0.079245202
   18.760000000    0.040169777    0.026781507    0.082405644
   18.770000000    0.039238934    0.026199021    0.084547429
   18.780000000    0.037243423    0.025702728    0.085912432
   18.790000000    0.034517257    0.025694718    0.086854909
   18.800000000    0.031775697    0.026782129    0.087589174
   18.810000000    0.029595455    0.029159737    0.088201469
   18.820000000    0.027960113    0.032217364    0.088696472
   18.830000000    0.026364682    0.034849144    0.088965443
   18.840000000    0.024417261    0.036210844    0.088926294
   18.850000000    0.022386832    0.036281449    0.088813115
   18.860000000    0.021105862    0.035795453    0.089302361
   18.870000000    0.021310487    0.035644430    0.091290908
   18.880000000    0.023083754    0.036267683    0.095369883
   18.890000000    0.025839826    0.037484607    0.101372927
   18.900000000    0.028826481    0.038890339    0.108502912
   18.910000000    0.031744143    0.040439012    0.115915347
   18.920000000    0.034905653    0.042548081    0.123068632
   18.930000000    0.038721584    0.045600731    0.129513648
   18.940000000    0.043082562    0.049496848    0.134572421
   18.950000000    0.047326336    0.053699003    0.137439145
   18.960000000    0.050638349    0.057510614    0.137635193
   18.970000000    0.052362262    0.060244609    0.135292510
   18.980000000    0.052125824    0.061322326    0.130965241
   18.990000000    0.050010995    0.060503290    0.125262847
   19.000000000    0.046748308    0.058147248    0.118748542
   19.010000000    0.043571718    0.055189575    0.112188509
   19.020000000    0.041662434    0.052764782    0.106729027
   19.030000000    0.041609562    0.051701389    0.103473736
   19.040000000    0.043314007    0.052212187    0.102768579
   19.050000000    0.046254561    0.053958857    0.103990230
   19.060000000    0.049753316    0.056324157    0.106012654
   19.070000000    0.053162404    0.058669754    0.107848487
   19.080000000    0.055992388    0.060511161    0.108948217
   19.090000000    0.057937385    0.061573365    0.109179611
   19.100000000    0.058850353    0.061719479    0.108712837
   19.110000000    0.058741763    0.060868411    0.107863754
   19.120000000    0.057793964    0.059019419    0.106934190
   19.130000000    0.056354962    0.056318255    0.106228728
   19.140000000    0.054848323    0.053018059    0.106121278
   19.150000000    0.053640889    0.049419073    0.106873533
   19.160000000    0.052930661    0.045847982    0.108426015
   19.170000000    0.052579788    0.042492173    0.110458660
   19.180000000    0.052054289    0.039208210    0.112597343
   19.190000000    0.050659033    0.035650806    0.114553031
   19.200000000    0.047880620    0.031611331    0.116147399
   19.210000000    0.043645808    0.027279537    0.117292489
   19.220000000    0.038490336    0.023363892    0.118016916
   19.230000000    0.033465241    0.020883361    0.118518131
   19.240000000    0.029692779    0.020649215    0.119164563
   19.250000000    0.027946986    0.022861343    0.120378505
   19.260000000    0.028474746    0.027001481    0.122282089
   19.270000000    0.030983794    0.032055955    0.124341690
   19.280000000    0.034810057    0.037028396    0.125545108
   19.290000000    0.039206666    0.041344787    0.125131978
   19.300000000    0.043592371    0.044865446    0.123220504
   19.310000000    0.047647929    0.047664401    0.120715033
   19.320000000    0.051180997    0.049765792    0.118606824
   19.330000000    0.053904890    0.050988144    0.117324991
   19.340000000    0.055484773    0.051075183    0.116662270
   19.350000000    0.055803631    0.049986538    0.116163839
   19.360000000    0.055083813    0.048047950    0.115417881
   19.370000000    0.053684642    0.045740543    0.114099931
   19.380000000    0.051795314    0.043357034    0.112142442
   19.390000000    0.049399011    0.041012095    0.109982591
   19.400000000    0.046483368    0.038872388    0.108449247
   19.410000000    0.043190627    0.037167832    0.108247312
   19.420000000    0.039836618    0.036099826    0.109494467
   19.430000000    0.036853740    0.035873240    0.111697903
   19.440000000    0.034598569    0.036649563    0.114097699
   19.450000000    0.033139513    0.038337906    0.116067113
   19.460000000    0.032284265    0.040511020    0.117312987
   19.470000000    0.031788635    0.042582899    0.117872457
   19.480000000    0.031513293    0.044055444    0.118000303
   19.490000000    0.031455172    0.044644357    0.117897862
   19.500000000    0.031697558    0.044321079    0.117448986
   19.510000000    0.032378017    0.043331853    0.116225968
   19.520000000    0.033643818    0.042052852    0.113731626
   19.530000000    0.035483436    0.040698583    0.109735523
   19.540000000    0.037571935    0.039190285    0.104502534
   19.550000000    0.039400334    0.037332717    0.098700924
   19.560000000    0.040586926    0.035083666    0.093118398
   19.570000000    0.040984716    0.032603141    0.088427291
   19.580000000    0.040569122    0.030107129    0.084997556
   19.590000000    0.039352835    0.027753242    0.082752559
   19.600000000    0.037408533    0.025658189    0.081286457
   19.610000000    0.034900900    0.023923957    0.080230609
   19.620000000    0.032117975    0.022581386    0.079455146
   19.630000000    0.029515196    0.021592839    0.078948599
   19.640000000    0.027597916    0.020965555    0.078679236
   19.650000000    0.026684552    0.020828987    0.078659785
   19.660000000    0.026789993    0.021356838    0.078987185
   19.670000000    0.027725636    0.022646879    0.079778866
   19.680000000    0.029330944    0.024717249    0.081192002
   19.690000000    0.031585169    0.027531604    0.083466758
   19.700000000    0.034463673    0.030992863    0.086898645
   19.710000000    0.037800664    0.035001054    0.091768999
   19.720000000    0.041411290    0.039540445    0.098243869
   19.730000000    0.045257380    0.044628192    0.106155967
   19.740000000    0.049397733    0.050168586    0.114773948
   19.750000000    0.053827355    0.055926736    0.122863871
   19.760000000    0.058402888    0.061627741    0.129047369
   19.770000000    0.062840383    0.067014617    0.132256536
   19.780000000    0.066763752    0.071825914    0.132184487
   19.790000000    0.069872112    0.075791500    0.129436091
   19.800000000    0.072106481    0.078699000    0.125070334
   19.810000000    0.073616786    0.080504675    0.119950005
   19.820000000    0.074585882    0.081430832    0.114572294
   19.830000000    0.075107287    0.081945054    0.109381431
   19.840000000    0.075194142    0.082566925    0.105111877
   19.850000000    0.074867454    0.083609761    0.102749186
   19.860000000    0.074237339    0.085048379    0.103045973
   19.870000000    0.073503117    0.086614841    0.106023500
   19.880000000    0.072875592    0.088022571    0.110925313
   19.890000000    0.072513092    0.089090661    0.116575543
   19.900000000    0.072493498    0.089681631    0.121846732
   19.910000000    0.072782999    0.089632873    0.126044433
   19.920000000    0.073236236    0.088850625    0.128979231
   19.930000000    0.073679875    0.087450835    0.130778650
   19.940000000    0.074014485    0.085721766    0.131761210
   19.950000000    0.074235925    0.083968252    0.132343838
   19.960000000    0.074399544    0.082454416    0.132829985
   19.970000000    0.074595565    0.081383714    0.133251245
   19.980000000    0.074927201    0.080812828    0.133340179
   19.990000000    0.075491313    0.080613752    0.132620796
   20.000000000    0.076340108    0.080532955    0.130759619
   20.010000000    0.077462175    0.080350404    0.128033831
   20.020000000    0.078933682    0.080135075    0.125327768
   20.030000000    0.081078752    0.080360113    0.123451276
   20.040000000    0.084272651    0.081634381    0.122511775
   20.050000000    0.088518879    0.084219562    0.122037513
