# energy grid [eV]     ieps_x  ieps_y  ieps_z
#
    0.050000000    6.736121094    6.736963882    6.902511064
    0.060000000    6.735596333    6.736438073    6.901974578
    0.070000000    6.735003739    6.735844297    6.901368728
    0.080000000    6.734347452    6.735186703    6.900697744
    0.090000000    6.733630328    6.734468155    6.899964539
    0.100000000    6.732854349    6.733690637    6.899171136
    0.110000000    6.732020916    6.732855556    6.898318960
    0.120000000    6.731131047    6.731963931    6.897409046
    0.130000000    6.730185501    6.731016525    6.896442165
    0.140000000    6.729184867    6.730013929    6.895418913
    0.150000000    6.728129619    6.728956617    6.894339766
    0.160000000    6.727020149    6.727844984    6.893205120
    0.170000000    6.725856797    6.726679371    6.892015313
    0.180000000    6.724639864    6.725460082    6.890770647
    0.190000000    6.723369628    6.724187396    6.889471397
    0.200000000    6.722046347    6.722861572    6.888117820
    0.210000000    6.720670271    6.721482862    6.886710162
    0.220000000    6.719241642    6.720051509    6.885248661
    0.230000000    6.717760695    6.718567752    6.883733551
    0.240000000    6.716227669    6.717031829    6.882165064
    0.250000000    6.714642799    6.715443978    6.880543433
    0.260000000    6.713006322    6.713804437    6.878868890
    0.270000000    6.711318478    6.712113449    6.877141670
    0.280000000    6.709579509    6.710371257    6.875362011
    0.290000000    6.707789661    6.708578109    6.873530154
    0.300000000    6.705949183    6.706734256    6.871646344
    0.310000000    6.704058329    6.704839953    6.869710828
    0.320000000    6.702117356    6.702895459    6.867723859
    0.330000000    6.700126525    6.700901039    6.865685693
    0.340000000    6.698086103    6.698856959    6.863596592
    0.350000000    6.695996360    6.696763492    6.861456819
    0.360000000    6.693857570    6.694620915    6.859266645
    0.370000000    6.691670013    6.692429509    6.857026344
    0.380000000    6.689433972    6.690189559    6.854736192
    0.390000000    6.687149733    6.687901353    6.852396473
    0.400000000    6.684817589    6.685565187    6.850007472
    0.410000000    6.682437836    6.683181357    6.847569480
    0.420000000    6.680010773    6.680750165    6.845082791
    0.430000000    6.677536703    6.678271917    6.842547704
    0.440000000    6.675015935    6.675746922    6.839964520
    0.450000000    6.672448778    6.673175493    6.837333546
    0.460000000    6.669835548    6.670557947    6.834655091
    0.470000000    6.667176563    6.667894603    6.831929468
    0.480000000    6.664472144    6.665185786    6.829156993
    0.490000000    6.661722616    6.662431821    6.826337987
    0.500000000    6.658928306    6.659633039    6.823472771
    0.510000000    6.656089545    6.656789772    6.820561672
    0.520000000    6.653206667    6.653902355    6.817605019
    0.530000000    6.650280009    6.650971127    6.814603144
    0.540000000    6.647309908    6.647996429    6.811556381
    0.550000000    6.644296707    6.644978604    6.808465067
    0.560000000    6.641240749    6.641917998    6.805329542
    0.570000000    6.638142381    6.638814958    6.802150148
    0.580000000    6.635001950    6.635669835    6.798927228
    0.590000000    6.631819807    6.632482981    6.795661130
    0.600000000    6.628596304    6.629254749    6.792352201
    0.610000000    6.625331795    6.625985495    6.789000793
    0.620000000    6.622026636    6.622675577    6.785607257
    0.630000000    6.618681182    6.619325352    6.782171946
    0.640000000    6.615295794    6.615935182    6.778695217
    0.650000000    6.611870830    6.612505428    6.775177426
    0.660000000    6.608406652    6.609036451    6.771618930
    0.670000000    6.604903621    6.605528617    6.768020091
    0.680000000    6.601362100    6.601982288    6.764381267
    0.690000000    6.597782454    6.598397832    6.760702822
    0.700000000    6.594165046    6.594775612    6.756985116
    0.710000000    6.590510243    6.591115997    6.753228513
    0.720000000    6.586818409    6.587419354    6.749433378
    0.730000000    6.583089911    6.583686049    6.745600075
    0.740000000    6.579325116    6.579916451    6.741728969
    0.750000000    6.575524389    6.576110927    6.737820426
    0.760000000    6.571688098    6.572269847    6.733874811
    0.770000000    6.567816610    6.568393577    6.729892491
    0.780000000    6.563910290    6.564482486    6.725873832
    0.790000000    6.559969507    6.560536941    6.721819199
    0.800000000    6.555994626    6.556557311    6.717728960
    0.810000000    6.551986014    6.552543962    6.713603480
    0.820000000    6.547944035    6.548497261    6.709443126
    0.830000000    6.543869055    6.544417574    6.705248262
    0.840000000    6.539761439    6.540305266    6.701019254
    0.850000000    6.535621550    6.536160703    6.696756467
    0.860000000    6.531449751    6.531984249    6.692460265
    0.870000000    6.527246405    6.527776266    6.688131011
    0.880000000    6.523011873    6.523537117    6.683769068
    0.890000000    6.518746515    6.519267163    6.679374798
    0.900000000    6.514450691    6.514966764    6.674948563
    0.910000000    6.510124759    6.510636279    6.670490723
    0.920000000    6.505769075    6.506276067    6.666001637
    0.930000000    6.501383997    6.501886483    6.661481663
    0.940000000    6.496969877    6.497467883    6.656931160
    0.950000000    6.492527070    6.493020620    6.652350482
    0.960000000    6.488055928    6.488545048    6.647739985
    0.970000000    6.483556799    6.484041516    6.643100022
    0.980000000    6.479030034    6.479510374    6.638430946
    0.990000000    6.474475978    6.474951970    6.633733107
    1.000000000    6.469894978    6.470366650    6.629006855
    1.010000000    6.465287378    6.465754758    6.624252538
    1.020000000    6.460653519    6.461116636    6.619470502
    1.030000000    6.455993742    6.456452626    6.614661091
    1.040000000    6.451308386    6.451763066    6.609824650
    1.050000000    6.446597786    6.447048293    6.604961519
    1.060000000    6.441862278    6.442308642    6.600072038
    1.070000000    6.437102194    6.437544447    6.595156546
    1.080000000    6.432317866    6.432756039    6.590215378
    1.090000000    6.427509621    6.427943746    6.585248869
    1.100000000    6.422677787    6.423107895    6.580257351
    1.110000000    6.417822689    6.418248812    6.575241155
    1.120000000    6.412944648    6.413366820    6.570200610
    1.130000000    6.408043986    6.408462238    6.565136041
    1.140000000    6.403121021    6.403535386    6.560047775
    1.150000000    6.398176068    6.398586579    6.554936134
    1.160000000    6.393209442    6.393616132    6.549801437
    1.170000000    6.388221454    6.388624357    6.544644005
    1.180000000    6.383212414    6.383611562    6.539464153
    1.190000000    6.378182629    6.378578056    6.534262195
    1.200000000    6.373132403    6.373524143    6.529038444
    1.210000000    6.368062040    6.368450126    6.523793209
    1.220000000    6.362971839    6.363356304    6.518526799
    1.230000000    6.357862098    6.358242976    6.513239520
    1.240000000    6.352733113    6.353110438    6.507931674
    1.250000000    6.347585178    6.347958983    6.502603562
    1.260000000    6.342418582    6.342788900    6.497255485
    1.270000000    6.337233614    6.337600480    6.491887737
    1.280000000    6.332030561    6.332394007    6.486500615
    1.290000000    6.326809705    6.327169766    6.481094409
    1.300000000    6.321571329    6.321928037    6.475669410
    1.310000000    6.316315711    6.316669099    6.470225906
    1.320000000    6.311043127    6.311393229    6.464764181
    1.330000000    6.305753852    6.306100700    6.459284518
    1.340000000    6.300448157    6.300791785    6.453787199
    1.350000000    6.295126311    6.295466751    6.448272501
    1.360000000    6.289788581    6.290125866    6.442740700
    1.370000000    6.284435232    6.284769394    6.437192071
    1.380000000    6.279066524    6.279397597    6.431626884
    1.390000000    6.273682719    6.274010733    6.426045408
    1.400000000    6.268284072    6.268609061    6.420447910
    1.410000000    6.262870839    6.263192834    6.414834654
    1.420000000    6.257443272    6.257762304    6.409205903
    1.430000000    6.252001621    6.252317722    6.403561916
    1.440000000    6.246546133    6.246859334    6.397902950
    1.450000000    6.241077053    6.241387385    6.392229260
    1.460000000    6.235594624    6.235902119    6.386541099
    1.470000000    6.230099087    6.230403774    6.380838718
    1.480000000    6.224590679    6.224892590    6.375122365
    1.490000000    6.219069636    6.219368800    6.369392284
    1.500000000    6.213536191    6.213832639    6.363648721
    1.510000000    6.207990576    6.208284337    6.357891915
    1.520000000    6.202433018    6.202724122    6.352122107
    1.530000000    6.196863745    6.197152221    6.346339531
    1.540000000    6.191282979    6.191568857    6.340544424
    1.550000000    6.185690944    6.185974251    6.334737017
    1.560000000    6.180087857    6.180368624    6.328917540
    1.570000000    6.174473937    6.174752190    6.323086220
    1.580000000    6.168849399    6.169125167    6.317243283
    1.590000000    6.163214454    6.163487764    6.311388953
    1.600000000    6.157569313    6.157840194    6.305523449
    1.610000000    6.151914184    6.152182663    6.299646991
    1.620000000    6.146249274    6.146515378    6.293759796
    1.630000000    6.140574786    6.140838541    6.287862078
    1.640000000    6.134890922    6.135152355    6.281954048
    1.650000000    6.129197881    6.129457018    6.276035918
    1.660000000    6.123495861    6.123752727    6.270107895
    1.670000000    6.117785055    6.118039678    6.264170185
    1.680000000    6.112065659    6.112318063    6.258222992
    1.690000000    6.106337862    6.106588073    6.252266518
    1.700000000    6.100601853    6.100849896    6.246300961
    1.710000000    6.094857820    6.095103719    6.240326520
    1.720000000    6.089105946    6.089349726    6.234343390
    1.730000000    6.083346415    6.083588100    6.228351764
    1.740000000    6.077579407    6.077819020    6.222351833
    1.750000000    6.071805101    6.072042667    6.216343788
    1.760000000    6.066023673    6.066259215    6.210327815
    1.770000000    6.060235298    6.060468839    6.204304099
    1.780000000    6.054440149    6.054671712    6.198272825
    1.790000000    6.048638397    6.048868005    6.192234173
    1.800000000    6.042830211    6.043057885    6.186188324
    1.810000000    6.037015756    6.037241520    6.180135453
    1.820000000    6.031195200    6.031419074    6.174075739
    1.830000000    6.025368704    6.025590710    6.168009353
    1.840000000    6.019536429    6.019756590    6.161936468
    1.850000000    6.013698537    6.013916872    6.155857254
    1.860000000    6.007855183    6.008071715    6.149771880
    1.870000000    6.002006525    6.002221273    6.143680511
    1.880000000    5.996152716    5.996365700    6.137583312
    1.890000000    5.990293908    5.990505149    6.131480446
    1.900000000    5.984430252    5.984639770    6.125372073
    1.910000000    5.978561896    5.978769711    6.119258354
    1.920000000    5.972688989    5.972895120    6.113139445
    1.930000000    5.966811674    5.967016140    6.107015502
    1.940000000    5.960930097    5.961132917    6.100886680
    1.950000000    5.955044399    5.955245591    6.094753129
    1.960000000    5.949154719    5.949354304    6.088615002
    1.970000000    5.943261198    5.943459192    6.082472447
    1.980000000    5.937363972    5.937560393    6.076325610
    1.990000000    5.931463177    5.931658044    6.070174639
    2.000000000    5.925558946    5.925752276    6.064019676
    2.010000000    5.919651412    5.919843222    6.057860864
    2.020000000    5.913740706    5.913931014    6.051698344
    2.030000000    5.907826956    5.908015779    6.045532255
    2.040000000    5.901910292    5.902097645    6.039362735
    2.050000000    5.895990838    5.896176740    6.033189920
    2.060000000    5.890068720    5.890253186    6.027013943
    2.070000000    5.884144061    5.884327107    6.020834939
    2.080000000    5.878216982    5.878398624    6.014653039
    2.090000000    5.872287605    5.872467859    6.008468373
    2.100000000    5.866356047    5.866534929    6.002281069
    2.110000000    5.860422427    5.860599952    5.996091254
    2.120000000    5.854486861    5.854663043    5.989899054
    2.130000000    5.848549463    5.848724318    5.983704594
    2.140000000    5.842610347    5.842783889    5.977507995
    2.150000000    5.836669624    5.836841869    5.971309380
    2.160000000    5.830727406    5.830898368    5.965108869
    2.170000000    5.824783802    5.824953494    5.958906579
    2.180000000    5.818838920    5.819007357    5.952702629
    2.190000000    5.812892866    5.813060061    5.946497134
    2.200000000    5.806945746    5.807111714    5.940290208
    2.210000000    5.800997665    5.801162418    5.934081966
    2.220000000    5.795048725    5.795212277    5.927872518
    2.230000000    5.789099028    5.789261393    5.921661977
    2.240000000    5.783148675    5.783309864    5.915450450
    2.250000000    5.777197764    5.777357792    5.909238047
    2.260000000    5.771246395    5.771405273    5.903024873
    2.270000000    5.765294663    5.765452404    5.896811035
    2.280000000    5.759342665    5.759499282    5.890596638
    2.290000000    5.753390496    5.753546000    5.884381784
    2.300000000    5.747438248    5.747592651    5.878166575
    2.310000000    5.741486014    5.741639329    5.871951112
    2.320000000    5.735533886    5.735686124    5.865735495
    2.330000000    5.729581953    5.729733126    5.859519823
    2.340000000    5.723630305    5.723780423    5.853304192
    2.350000000    5.717679029    5.717828105    5.847088700
    2.360000000    5.711728213    5.711876257    5.840873440
    2.370000000    5.705777942    5.705924965    5.834658507
    2.380000000    5.699828301    5.699974315    5.828443995
    2.390000000    5.693879374    5.694024389    5.822229994
    2.400000000    5.687931244    5.688075270    5.816016595
    2.410000000    5.681983992    5.682127039    5.809803889
    2.420000000    5.676037699    5.676179779    5.803591963
    2.430000000    5.670092445    5.670233567    5.797380906
    2.440000000    5.664148309    5.664288484    5.791170803
    2.450000000    5.658205369    5.658344606    5.784961741
    2.460000000    5.652263702    5.652402010    5.778753805
    2.470000000    5.646323383    5.646460773    5.772547076
    2.480000000    5.640384487    5.640520969    5.766341639
    2.490000000    5.634447090    5.634582672    5.760137575
    2.500000000    5.628511264    5.628645955    5.753934963
    2.510000000    5.622577081    5.622710891    5.747733885
    2.520000000    5.616644613    5.616777552    5.741534419
    2.530000000    5.610713931    5.610846006    5.735336642
    2.540000000    5.604785104    5.604916325    5.729140632
    2.550000000    5.598858201    5.598988577    5.722946464
    2.560000000    5.592933290    5.593062829    5.716754213
    2.570000000    5.587010439    5.587139150    5.710563955
    2.580000000    5.581089714    5.581217605    5.704375761
    2.590000000    5.575171181    5.575298259    5.698189705
    2.600000000    5.569254903    5.569381178    5.692005858
    2.610000000    5.563340946    5.563466426    5.685824291
    2.620000000    5.557429372    5.557554064    5.679645073
    2.630000000    5.551520245    5.551644157    5.673468274
    2.640000000    5.545613625    5.545736765    5.667293962
    2.650000000    5.539709573    5.539831949    5.661122205
    2.660000000    5.533808150    5.533929770    5.654953069
    2.670000000    5.527909416    5.528030286    5.648786620
    2.680000000    5.522013428    5.522133557    5.642622922
    2.690000000    5.516120245    5.516239639    5.636462041
    2.700000000    5.510229924    5.510348591    5.630304040
    2.710000000    5.504342522    5.504460469    5.624148981
    2.720000000    5.498458094    5.498575328    5.617996927
    2.730000000    5.492576696    5.492693224    5.611847938
    2.740000000    5.486698382    5.486814211    5.605702075
    2.750000000    5.480823207    5.480938343    5.599559399
    2.760000000    5.474951222    5.475065673    5.593419967
    2.770000000    5.469082482    5.469196253    5.587283839
    2.780000000    5.463217037    5.463330135    5.581151072
    2.790000000    5.457354938    5.457467371    5.575021723
    2.800000000    5.451496238    5.451608010    5.568895849
    2.810000000    5.445640984    5.445752103    5.562773504
    2.820000000    5.439789227    5.439899699    5.556654744
    2.830000000    5.433941016    5.434050847    5.550539622
    2.840000000    5.428096399    5.428205594    5.544428194
    2.850000000    5.422255422    5.422363989    5.538320511
    2.860000000    5.416418133    5.416526077    5.532216626
    2.870000000    5.410584579    5.410691906    5.526116590
    2.880000000    5.404754805    5.404861520    5.520020455
    2.890000000    5.398928857    5.399034966    5.513928271
    2.900000000    5.393106778    5.393212287    5.507840088
    2.910000000    5.387288614    5.387393528    5.501755954
    2.920000000    5.381474407    5.381578732    5.495675919
    2.930000000    5.375664200    5.375767942    5.489600031
    2.940000000    5.369858037    5.369961201    5.483528336
    2.950000000    5.364055959    5.364158550    5.477460882
    2.960000000    5.358258007    5.358360030    5.471397715
    2.970000000    5.352464222    5.352565683    5.465338880
    2.980000000    5.346674645    5.346775549    5.459284423
    2.990000000    5.340889315    5.340989667    5.453234389
    3.000000000    5.335108273    5.335208077    5.447188820
    3.010000000    5.329331555    5.329430817    5.441147761
    3.020000000    5.323559202    5.323657926    5.435111255
    3.030000000    5.317791250    5.317889442    5.429079344
    3.040000000    5.312027738    5.312125402    5.423052069
    3.050000000    5.306268702    5.306365843    5.417029473
    3.060000000    5.300514178    5.300610801    5.411011595
    3.070000000    5.294764203    5.294860312    5.404998477
    3.080000000    5.289018812    5.289114412    5.398990157
    3.090000000    5.283278040    5.283373135    5.392986676
    3.100000000    5.277541921    5.277636517    5.386988072
    3.110000000    5.271810491    5.271904591    5.380994383
    3.120000000    5.266083782    5.266177391    5.375005647
    3.130000000    5.260361828    5.260454950    5.369021902
    3.140000000    5.254644662    5.254737301    5.363043184
    3.150000000    5.248932316    5.249024477    5.357069530
    3.160000000    5.243224823    5.243316509    5.351100975
    3.170000000    5.237522213    5.237613429    5.345137556
    3.180000000    5.231824518    5.231915268    5.339179307
    3.190000000    5.226131769    5.226222057    5.333226262
    3.200000000    5.220443996    5.220533826    5.327278457
    3.210000000    5.214761230    5.214850605    5.321335924
    3.220000000    5.209083499    5.209172424    5.315398696
    3.230000000    5.203410834    5.203499312    5.309466807
    3.240000000    5.197743262    5.197831298    5.303540289
    3.250000000    5.192080813    5.192168409    5.297619174
    3.260000000    5.186423513    5.186510675    5.291703494
    3.270000000    5.180771392    5.180858122    5.285793279
    3.280000000    5.175124477    5.175210779    5.279888560
    3.290000000    5.169482793    5.169568671    5.273989368
    3.300000000    5.163846369    5.163931826    5.268095733
    3.310000000    5.158215230    5.158300270    5.262207683
    3.320000000    5.152589402    5.152674028    5.256325249
    3.330000000    5.146968911    5.147053126    5.250448459
    3.340000000    5.141353781    5.141437590    5.244577341
    3.350000000    5.135744038    5.135827444    5.238711923
    3.360000000    5.130139707    5.130222712    5.232852233
    3.370000000    5.124540811    5.124623419    5.226998298
    3.380000000    5.118947374    5.119029589    5.221150146
    3.390000000    5.113359420    5.113441244    5.215307801
    3.400000000    5.107776972    5.107858409    5.209471292
    3.410000000    5.102200053    5.102281106    5.203640643
    3.420000000    5.096628685    5.096709358    5.197815879
    3.430000000    5.091062892    5.091143187    5.191997026
    3.440000000    5.085502694    5.085582614    5.186184110
    3.450000000    5.079948113    5.080027662    5.180377153
    3.460000000    5.074399171    5.074478351    5.174576180
    3.470000000    5.068855889    5.068934703    5.168781214
    3.480000000    5.063318288    5.063396739    5.162992280
    3.490000000    5.057786387    5.057864478    5.157209401
    3.500000000    5.052260207    5.052337942    5.151432598
    3.510000000    5.046739769    5.046817149    5.145661894
    3.520000000    5.041225091    5.041302119    5.139897312
    3.530000000    5.035716193    5.035792873    5.134138873
    3.540000000    5.030213094    5.030289428    5.128386598
    3.550000000    5.024715812    5.024791803    5.122640510
    3.560000000    5.019224367    5.019300017    5.116900628
    3.570000000    5.013738776    5.013814089    5.111166973
    3.580000000    5.008259057    5.008334035    5.105439565
    3.590000000    5.002785229    5.002859874    5.099718425
    3.600000000    4.997317307    4.997391622    5.094003571
    3.610000000    4.991855310    4.991929298    5.088295024
    3.620000000    4.986399255    4.986472918    5.082592802
    3.630000000    4.980949158    4.981022499    5.076896925
    3.640000000    4.975505035    4.975578056    5.071207410
    3.650000000    4.970066903    4.970139607    5.065524276
    3.660000000    4.964634778    4.964707166    5.059847540
    3.670000000    4.959208674    4.959280750    5.054177221
    3.680000000    4.953788608    4.953860374    5.048513336
    3.690000000    4.948374595    4.948446053    5.042855902
    3.700000000    4.942966650    4.943037802    5.037204935
    3.710000000    4.937564787    4.937635636    5.031560453
    3.720000000    4.932169021    4.932239569    5.025922472
    3.730000000    4.926779366    4.926849616    5.020291007
    3.740000000    4.921395836    4.921465790    5.014666075
    3.750000000    4.916018445    4.916088104    5.009047691
    3.760000000    4.910647207    4.910716574    5.003435871
    3.770000000    4.905282134    4.905351212    4.997830629
    3.780000000    4.899923241    4.899992030    4.992231980
    3.790000000    4.894570539    4.894639043    4.986639939
    3.800000000    4.889224042    4.889292263    4.981054520
    3.810000000    4.883883762    4.883951701    4.975475738
    3.820000000    4.878549711    4.878617371    4.969903606
    3.830000000    4.873221901    4.873289284    4.964338138
    3.840000000    4.867900345    4.867967453    4.958779346
    3.850000000    4.862585054    4.862651889    4.953227245
    3.860000000    4.857276039    4.857342603    4.947681848
    3.870000000    4.851973312    4.852039606    4.942143166
    3.880000000    4.846676883    4.846742910    4.936611213
    3.890000000    4.841386764    4.841452526    4.931086000
    3.900000000    4.836102965    4.836168464    4.925567540
    3.910000000    4.830825497    4.830890734    4.920055844
    3.920000000    4.825554370    4.825619347    4.914550925
    3.930000000    4.820289594    4.820354314    4.909052793
    3.940000000    4.815031179    4.815095643    4.903561459
    3.950000000    4.809779134    4.809843344    4.898076936
    3.960000000    4.804533470    4.804597428    4.892599232
    3.970000000    4.799294196    4.799357903    4.887128360
    3.980000000    4.794061320    4.794124779    4.881664329
    3.990000000    4.788834852    4.788898064    4.876207150
    4.000000000    4.783614801    4.783677768    4.870756832
    4.010000000    4.778401176    4.778463898    4.865313385
    4.020000000    4.773193984    4.773256465    4.859876818
    4.030000000    4.767993234    4.768055475    4.854447142
    4.040000000    4.762798934    4.762860936    4.849024366
    4.050000000    4.757611093    4.757672858    4.843608497
    4.060000000    4.752429717    4.752491248    4.838199546
    4.070000000    4.747254816    4.747316113    4.832797520
    4.080000000    4.742086395    4.742147460    4.827402428
    4.090000000    4.736924463    4.736985298    4.822014279
    4.100000000    4.731769027    4.731829633    4.816633080
    4.110000000    4.726620093    4.726680472    4.811258840
    4.120000000    4.721477669    4.721537823    4.805891565
    4.130000000    4.716341761    4.716401691    4.800531264
    4.140000000    4.711212376    4.711272083    4.795177944
    4.150000000    4.706089520    4.706149006    4.789831612
    4.160000000    4.700973199    4.701032466    4.784492275
    4.170000000    4.695863420    4.695922469    4.779159940
    4.180000000    4.690760188    4.690819021    4.773834614
    4.190000000    4.685663510    4.685722127    4.768516303
    4.200000000    4.680573390    4.680631794    4.763205013
    4.210000000    4.675489835    4.675548027    4.757900751
    4.220000000    4.670412849    4.670470830    4.752603523
    4.230000000    4.665342439    4.665400210    4.747313334
    4.240000000    4.660278608    4.660336172    4.742030190
    4.250000000    4.655221362    4.655278719    4.736754097
    4.260000000    4.650170706    4.650227858    4.731485060
    4.270000000    4.645126645    4.645183593    4.726223085
    4.280000000    4.640089182    4.640145928    4.720968176
    4.290000000    4.635058323    4.635114868    4.715720339
    4.300000000    4.630034072    4.630090416    4.710479577
    4.310000000    4.625016432    4.625072578    4.705245897
    4.320000000    4.620005408    4.620061357    4.700019302
    4.330000000    4.615001004    4.615056757    4.694799796
    4.340000000    4.610003223    4.610058781    4.689587385
    4.350000000    4.605012069    4.605067434    4.684382071
    4.360000000    4.600027546    4.600082719    4.679183859
    4.370000000    4.595049657    4.595104638    4.673992753
    4.380000000    4.590078404    4.590133197    4.668808756
    4.390000000    4.585113793    4.585168396    4.663631871
    4.400000000    4.580155824    4.580210241    4.658462103
    4.410000000    4.575204502    4.575258732    4.653299453
    4.420000000    4.570259829    4.570313874    4.648143927
    4.430000000    4.565321807    4.565375669    4.642995525
    4.440000000    4.560390440    4.560444119    4.637854252
    4.450000000    4.555465729    4.555519227    4.632720109
    4.460000000    4.550547678    4.550600995    4.627593100
    4.470000000    4.545636287    4.545689426    4.622473227
    4.480000000    4.540731560    4.540784521    4.617360492
    4.490000000    4.535833498    4.535886282    4.612254897
    4.500000000    4.530942103    4.530994711    4.607156444
    4.510000000    4.526057377    4.526109811    4.602065136
    4.520000000    4.521179322    4.521231582    4.596980974
    4.530000000    4.516307938    4.516360026    4.591903960
    4.540000000    4.511443228    4.511495145    4.586834096
    4.550000000    4.506585193    4.506636940    4.581771382
    4.560000000    4.501733835    4.501785412    4.576715820
    4.570000000    4.496889153    4.496940562    4.571667412
    4.580000000    4.492051150    4.492102391    4.566626158
    4.590000000    4.487219826    4.487270901    4.561592060
    4.600000000    4.482395182    4.482446092    4.556565118
    4.610000000    4.477577218    4.477627965    4.551545334
    4.620000000    4.472765937    4.472816520    4.546532707
    4.630000000    4.467961337    4.468011758    4.541527239
    4.640000000    4.463163419    4.463213680    4.536528930
    4.650000000    4.458372185    4.458422285    4.531537779
    4.660000000    4.453587633    4.453637574    4.526553789
    4.670000000    4.448809765    4.448859547    4.521576957
    4.680000000    4.444038579    4.444088205    4.516607285
    4.690000000    4.439274077    4.439323547    4.511644773
    4.700000000    4.434516258    4.434565572    4.506689420
    4.710000000    4.429765122    4.429814282    4.501741226
    4.720000000    4.425020669    4.425069675    4.496800190
    4.730000000    4.420282898    4.420331751    4.491866313
    4.740000000    4.415551808    4.415600510    4.486939593
    4.750000000    4.410827400    4.410875951    4.482020029
    4.760000000    4.406109673    4.406158074    4.477107622
    4.770000000    4.401398625    4.401446877    4.472202370
    4.780000000    4.396694256    4.396742360    4.467304272
    4.790000000    4.391996565    4.392044522    4.462413327
    4.800000000    4.387305552    4.387353362    4.457529534
    4.810000000    4.382621214    4.382668879    4.452652891
    4.820000000    4.377943552    4.377991072    4.447783398
    4.830000000    4.373272563    4.373319940    4.442921053
    4.840000000    4.368608247    4.368655481    4.438065854
    4.850000000    4.363950602    4.363997693    4.433217800
    4.860000000    4.359299626    4.359346576    4.428376889
    4.870000000    4.354655319    4.354702128    4.423543118
    4.880000000    4.350017678    4.350064348    4.418716488
    4.890000000    4.345386701    4.345433233    4.413896994
    4.900000000    4.340762388    4.340808781    4.409084636
    4.910000000    4.336144736    4.336190992    4.404279411
    4.920000000    4.331533743    4.331579863    4.399481317
    4.930000000    4.326929408    4.326975392    4.394690352
    4.940000000    4.322331728    4.322377576    4.389906512
    4.950000000    4.317740701    4.317786415    4.385129797
    4.960000000    4.313156325    4.313201906    4.380360203
    4.970000000    4.308578597    4.308624046    4.375597727
    4.980000000    4.304007516    4.304052833    4.370842368
    4.990000000    4.299443079    4.299488264    4.366094121
    5.000000000    4.294885283    4.294930338    4.361352985
    5.010000000    4.290334126    4.290379051    4.356618956
    5.020000000    4.285789605    4.285834402    4.351892031
    5.030000000    4.281251718    4.281296387    4.347172208
    5.040000000    4.276720462    4.276765003    4.342459483
    5.050000000    4.272195834    4.272240248    4.337753852
    5.060000000    4.267677832    4.267722119    4.333055314
    5.070000000    4.263166451    4.263210613    4.328363863
    5.080000000    4.258661690    4.258705728    4.323679497
    5.090000000    4.254163545    4.254207458    4.319002212
    5.100000000    4.249672013    4.249715803    4.314332005
    5.110000000    4.245187091    4.245230759    4.309668872
    5.120000000    4.240708776    4.240752321    4.305012810
    5.130000000    4.236237064    4.236280488    4.300363813
    5.140000000    4.231771952    4.231815256    4.295721880
    5.150000000    4.227313436    4.227356620    4.291087005
    5.160000000    4.222861514    4.222904579    4.286459184
    5.170000000    4.218416181    4.218459127    4.281838415
    5.180000000    4.213977435    4.214020263    4.277224692
    5.190000000    4.209545270    4.209587981    4.272618011
    5.200000000    4.205119685    4.205162278    4.268018369
    5.210000000    4.200700674    4.200743151    4.263425760
    5.220000000    4.196288234    4.196330596    4.258840180
    5.230000000    4.191882361    4.191924608    4.254261626
    5.240000000    4.187483052    4.187525185    4.249690092
    5.250000000    4.183090301    4.183132321    4.245125574
    5.260000000    4.178704106    4.178746013    4.240568068
    5.270000000    4.174324462    4.174366256    4.236017568
    5.280000000    4.169951365    4.169993048    4.231474070
    5.290000000    4.165584811    4.165626382    4.226937570
    5.300000000    4.161224796    4.161266256    4.222408061
    5.310000000    4.156871315    4.156912665    4.217885541
    5.320000000    4.152524363    4.152565604    4.213370002
    5.330000000    4.148183937    4.148225069    4.208861441
    5.340000000    4.143850033    4.143891056    4.204359853
    5.350000000    4.139522645    4.139563560    4.199865232
    5.360000000    4.135201769    4.135242577    4.195377573
    5.370000000    4.130887400    4.130928102    4.190896871
    5.380000000    4.126579535    4.126620130    4.186423121
    5.390000000    4.122278167    4.122318657    4.181956317
    5.400000000    4.117983293    4.118023679    4.177496453
    5.410000000    4.113694908    4.113735189    4.173043526
    5.420000000    4.109413007    4.109453184    4.168597528
    5.430000000    4.105137584    4.105177658    4.164158456
    5.440000000    4.100868636    4.100908607    4.159726302
    5.450000000    4.096606157    4.096646026    4.155301061
    5.460000000    4.092350142    4.092389909    4.150882728
    5.470000000    4.088100587    4.088140252    4.146471297
    5.480000000    4.083857485    4.083897050    4.142066762
    5.490000000    4.079620833    4.079660298    4.137669118
    5.500000000    4.075390624    4.075429989    4.133278358
    5.510000000    4.071166854    4.071206120    4.128894477
    5.520000000    4.066949518    4.066988685    4.124517468
    5.530000000    4.062738609    4.062777678    4.120147326
    5.540000000    4.058534124    4.058573095    4.115784045
    5.550000000    4.054336056    4.054374930    4.111427618
    5.560000000    4.050144400    4.050183177    4.107078040
    5.570000000    4.045959150    4.045997831    4.102735304
    5.580000000    4.041780302    4.041818887    4.098399404
    5.590000000    4.037607849    4.037646339    4.094070334
    5.600000000    4.033441787    4.033480182    4.089748087
    5.610000000    4.029282109    4.029320410    4.085432658
    5.620000000    4.025128810    4.025167017    4.081124039
    5.630000000    4.020981884    4.021019998    4.076822225
    5.640000000    4.016841326    4.016879347    4.072527209
    5.650000000    4.012707130    4.012745058    4.068238984
    5.660000000    4.008579290    4.008617126    4.063957545
    5.670000000    4.004457800    4.004495544    4.059682884
    5.680000000    4.000342654    4.000380308    4.055414994
    5.690000000    3.996233847    3.996271410    4.051153870
    5.700000000    3.992131373    3.992168846    4.046899505
    5.710000000    3.988035226    3.988072609    4.042651891
    5.720000000    3.983945400    3.983982693    4.038411022
    5.730000000    3.979861888    3.979899092    4.034176891
    5.740000000    3.975784685    3.975821801    4.029949492
    5.750000000    3.971713785    3.971750813    4.025728818
    5.760000000    3.967649182    3.967686122    4.021514861
    5.770000000    3.963590869    3.963627722    4.017307616
    5.780000000    3.959538840    3.959575607    4.013107074
    5.790000000    3.955493090    3.955529770    4.008913229
    5.800000000    3.951453612    3.951490206    4.004726073
    5.810000000    3.947420400    3.947456908    4.000545601
    5.820000000    3.943393447    3.943429870    3.996371805
    5.830000000    3.939372747    3.939409086    3.992204677
    5.840000000    3.935358295    3.935394549    3.988044210
    5.850000000    3.931350083    3.931386253    3.983890398
    5.860000000    3.927348105    3.927384192    3.979743233
    5.870000000    3.923352355    3.923388359    3.975602708
    5.880000000    3.919362826    3.919398747    3.971468816
    5.890000000    3.915379512    3.915415351    3.967341549
    5.900000000    3.911402407    3.911438164    3.963220900
    5.910000000    3.907431503    3.907467178    3.959106862
    5.920000000    3.903466795    3.903502389    3.954999427
    5.930000000    3.899508276    3.899543789    3.950898588
    5.940000000    3.895555939    3.895591371    3.946804337
    5.950000000    3.891609777    3.891645130    3.942716668
    5.960000000    3.887669784    3.887705058    3.938635572
    5.970000000    3.883735954    3.883771148    3.934561043
    5.980000000    3.879808280    3.879843395    3.930493071
    5.990000000    3.875886754    3.875921790    3.926431651
    6.000000000    3.871971370    3.872006329    3.922376775
    6.010000000    3.868062122    3.868097003    3.918328434
    6.020000000    3.864159003    3.864193806    3.914286621
    6.030000000    3.860262006    3.860296731    3.910251329
    6.040000000    3.856371123    3.856405772    3.906222549
    6.050000000    3.852486349    3.852520921    3.902200275
    6.060000000    3.848607676    3.848642173    3.898184498
    6.070000000    3.844735098    3.844769518    3.894175211
    6.080000000    3.840868607    3.840902952    3.890172406
    6.090000000    3.837008197    3.837042467    3.886176075
    6.100000000    3.833153860    3.833188056    3.882186210
    6.110000000    3.829305590    3.829339712    3.878202803
    6.120000000    3.825463380    3.825497427    3.874225848
    6.130000000    3.821627223    3.821661196    3.870255335
    6.140000000    3.817797111    3.817831011    3.866291256
    6.150000000    3.813973038    3.814006865    3.862333605
    6.160000000    3.810154997    3.810188751    3.858382373
    6.170000000    3.806342980    3.806376662    3.854437552
    6.180000000    3.802536980    3.802570591    3.850499134
    6.190000000    3.798736991    3.798770530    3.846567111
    6.200000000    3.794943005    3.794976472    3.842641475
    6.210000000    3.791155015    3.791188411    3.838722218
    6.220000000    3.787373014    3.787406340    3.834809332
    6.230000000    3.783596995    3.783630250    3.830902809
    6.240000000    3.779826950    3.779860134    3.827002641
    6.250000000    3.776062872    3.776095987    3.823108819
    6.260000000    3.772304755    3.772337800    3.819221337
    6.270000000    3.768552590    3.768585565    3.815340184
    6.280000000    3.764806370    3.764839277    3.811465354
    6.290000000    3.761066089    3.761098927    3.807596838
    6.300000000    3.757331738    3.757364508    3.803734629
    6.310000000    3.753603312    3.753636014    3.799878717
    6.320000000    3.749880801    3.749913435    3.796029094
    6.330000000    3.746164200    3.746196766    3.792185753
    6.340000000    3.742453500    3.742485999    3.788348685
    6.350000000    3.738748694    3.738781127    3.784517882
    6.360000000    3.735049775    3.735082141    3.780693335
    6.370000000    3.731356735    3.731389035    3.776875037
    6.380000000    3.727669567    3.727701801    3.773062978
    6.390000000    3.723988264    3.724020433    3.769257152
    6.400000000    3.720312819    3.720344921    3.765457548
    6.410000000    3.716643222    3.716675260    3.761664160
    6.420000000    3.712979468    3.713011441    3.757876978
    6.430000000    3.709321549    3.709353457    3.754095995
    6.440000000    3.705669457    3.705701301    3.750321201
    6.450000000    3.702023185    3.702054965    3.746552589
    6.460000000    3.698382725    3.698414441    3.742790150
    6.470000000    3.694748070    3.694779722    3.739033876
    6.480000000    3.691119212    3.691150801    3.735283758
    6.490000000    3.687496143    3.687527670    3.731539788
    6.500000000    3.683878857    3.683910321    3.727801958
    6.510000000    3.680267345    3.680298747    3.724070258
    6.520000000    3.676661600    3.676692940    3.720344681
    6.530000000    3.673061615    3.673092892    3.716625217
    6.540000000    3.669467381    3.669498597    3.712911860
    6.550000000    3.665878892    3.665910046    3.709204599
    6.560000000    3.662296139    3.662327232    3.705503427
    6.570000000    3.658719115    3.658750147    3.701808334
    6.580000000    3.655147812    3.655178783    3.698119314
    6.590000000    3.651582222    3.651613134    3.694436356
    6.600000000    3.648022339    3.648053190    3.690759452
    6.610000000    3.644468154    3.644498945    3.687088594
    6.620000000    3.640919660    3.640950392    3.683423774
    6.630000000    3.637376849    3.637407521    3.679764982
    6.640000000    3.633839713    3.633870326    3.676112211
    6.650000000    3.630308244    3.630338798    3.672465451
    6.660000000    3.626782436    3.626812931    3.668824693
    6.670000000    3.623262279    3.623292716    3.665189931
    6.680000000    3.619747767    3.619778146    3.661561153
    6.690000000    3.616238892    3.616269213    3.657938354
    6.700000000    3.612735645    3.612765908    3.654321522
    6.710000000    3.609238020    3.609268226    3.650710650
    6.720000000    3.605746009    3.605776157    3.647105730
    6.730000000    3.602259603    3.602289694    3.643506752
    6.740000000    3.598778795    3.598808829    3.639913709
    6.750000000    3.595303577    3.595333555    3.636326590
    6.760000000    3.591833942    3.591863864    3.632745388
    6.770000000    3.588369881    3.588399747    3.629170094
    6.780000000    3.584911387    3.584941197    3.625600700
    6.790000000    3.581458453    3.581488207    3.622037196
    6.800000000    3.578011069    3.578040768    3.618479574
    6.810000000    3.574569229    3.574598873    3.614927825
    6.820000000    3.571132925    3.571162513    3.611381941
    6.830000000    3.567702149    3.567731682    3.607841913
    6.840000000    3.564276892    3.564306371    3.604307732
    6.850000000    3.560857148    3.560886573    3.600779390
    6.860000000    3.557442908    3.557472279    3.597256878
    6.870000000    3.554034165    3.554063482    3.593740186
    6.880000000    3.550630910    3.550660173    3.590229307
    6.890000000    3.547233137    3.547262346    3.586724232
    6.900000000    3.543840836    3.543869992    3.583224951
    6.910000000    3.540454001    3.540483104    3.579731457
    6.920000000    3.537072623    3.537101673    3.576243740
    6.930000000    3.533696694    3.533725692    3.572761793
    6.940000000    3.530326207    3.530355152    3.569285605
    6.950000000    3.526961154    3.526990047    3.565815168
    6.960000000    3.523601526    3.523630367    3.562350475
    6.970000000    3.520247317    3.520276106    3.558891515
    6.980000000    3.516898518    3.516927255    3.555438280
    6.990000000    3.513555121    3.513583807    3.551990761
    7.000000000    3.510217119    3.510245753    3.548548951
    7.010000000    3.506884503    3.506913086    3.545112839
    7.020000000    3.503557265    3.503585798    3.541682417
    7.030000000    3.500235399    3.500263881    3.538257677
    7.040000000    3.496918895    3.496947327    3.534838609
    7.050000000    3.493607747    3.493636128    3.531425206
    7.060000000    3.490301945    3.490330276    3.528017457
    7.070000000    3.487001483    3.487029764    3.524615356
    7.080000000    3.483706352    3.483734583    3.521218891
    7.090000000    3.480416544    3.480444726    3.517828056
    7.100000000    3.477132052    3.477160185    3.514442841
    7.110000000    3.473852868    3.473880951    3.511063237
    7.120000000    3.470578983    3.470607018    3.507689236
    7.130000000    3.467310390    3.467338376    3.504320829
    7.140000000    3.464047081    3.464075019    3.500958007
    7.150000000    3.460789048    3.460816937    3.497600762
    7.160000000    3.457536284    3.457564124    3.494249084
    7.170000000    3.454288779    3.454316572    3.490902966
    7.180000000    3.451046527    3.451074272    3.487562397
    7.190000000    3.447809519    3.447837216    3.484227370
    7.200000000    3.444577748    3.444605397    3.480897876
    7.210000000    3.441351205    3.441378807    3.477573906
    7.220000000    3.438129883    3.438157438    3.474255451
    7.230000000    3.434913774    3.434941282    3.470942502
    7.240000000    3.431702870    3.431730331    3.467635051
    7.250000000    3.428497163    3.428524578    3.464333089
    7.260000000    3.425296645    3.425324013    3.461036608
    7.270000000    3.422101308    3.422128630    3.457745598
    7.280000000    3.418911145    3.418938420    3.454460051
    7.290000000    3.415726147    3.415753376    3.451179958
    7.300000000    3.412546306    3.412573490    3.447905311
    7.310000000    3.409371615    3.409398753    3.444636100
    7.320000000    3.406202066    3.406229159    3.441372317
    7.330000000    3.403037651    3.403064698    3.438113953
    7.340000000    3.399878361    3.399905364    3.434861000
    7.350000000    3.396724190    3.396751147    3.431613448
    7.360000000    3.393575128    3.393602041    3.428371290
    7.370000000    3.390431169    3.390458038    3.425134515
    7.380000000    3.387292305    3.387319128    3.421903117
    7.390000000    3.384158527    3.384185306    3.418677086
    7.400000000    3.381029827    3.381056562    3.415456412
    7.410000000    3.377906199    3.377932890    3.412241089
    7.420000000    3.374787633    3.374814280    3.409031106
    7.430000000    3.371674122    3.371700725    3.405826455
    7.440000000    3.368565658    3.368592218    3.402627128
    7.450000000    3.365462233    3.365488750    3.399433116
    7.460000000    3.362363840    3.362390313    3.396244410
    7.470000000    3.359270470    3.359296901    3.393061001
    7.480000000    3.356182116    3.356208504    3.389882881
    7.490000000    3.353098770    3.353125114    3.386710042
    7.500000000    3.350020423    3.350046725    3.383542474
    7.510000000    3.346947069    3.346973328    3.380380168
    7.520000000    3.343878699    3.343904916    3.377223117
    7.530000000    3.340815305    3.340841480    3.374071311
    7.540000000    3.337756879    3.337783012    3.370924743
    7.550000000    3.334703415    3.334729506    3.367783402
    7.560000000    3.331654903    3.331680952    3.364647281
    7.570000000    3.328611336    3.328637344    3.361516371
    7.580000000    3.325572706    3.325598672    3.358390664
    7.590000000    3.322539006    3.322564931    3.355270150
    7.600000000    3.319510227    3.319536110    3.352154821
    7.610000000    3.316486361    3.316512204    3.349044669
    7.620000000    3.313467402    3.313493204    3.345939685
    7.630000000    3.310453340    3.310479102    3.342839860
    7.640000000    3.307444169    3.307469890    3.339745186
    7.650000000    3.304439880    3.304465560    3.336655655
    7.660000000    3.301440466    3.301466106    3.333571256
    7.670000000    3.298445919    3.298471518    3.330491983
    7.680000000    3.295456230    3.295481790    3.327417826
    7.690000000    3.292471393    3.292496913    3.324348777
    7.700000000    3.289491399    3.289516879    3.321284828
    7.710000000    3.286516241    3.286541682    3.318225969
    7.720000000    3.283545911    3.283571312    3.315172193
    7.730000000    3.280580401    3.280605762    3.312123490
    7.740000000    3.277619703    3.277645025    3.309079852
    7.750000000    3.274663810    3.274689093    3.306041271
    7.760000000    3.271712713    3.271737958    3.303007739
    7.770000000    3.268766406    3.268791612    3.299979245
    7.780000000    3.265824880    3.265850047    3.296955783
    7.790000000    3.262888128    3.262913256    3.293937344
    7.800000000    3.259956141    3.259981231    3.290923919
    7.810000000    3.257028913    3.257053964    3.287915499
    7.820000000    3.254106434    3.254131448    3.284912077
    7.830000000    3.251188699    3.251213674    3.281913643
    7.840000000    3.248275698    3.248300636    3.278920190
    7.850000000    3.245367425    3.245392325    3.275931708
    7.860000000    3.242463871    3.242488733    3.272948190
    7.870000000    3.239565029    3.239589854    3.269969626
    7.880000000    3.236670892    3.236695678    3.266996009
    7.890000000    3.233781450    3.233806200    3.264027330
    7.900000000    3.230896697    3.230921410    3.261063581
    7.910000000    3.228016626    3.228041301    3.258104753
    7.920000000    3.225141228    3.225165866    3.255150837
    7.930000000    3.222270495    3.222295097    3.252201826
    7.940000000    3.219404421    3.219428986    3.249257712
    7.950000000    3.216542997    3.216567525    3.246318484
    7.960000000    3.213686215    3.213710707    3.243384136
    7.970000000    3.210834069    3.210858525    3.240454659
    7.980000000    3.207986551    3.208010970    3.237530045
    7.990000000    3.205143652    3.205168035    3.234610284
    8.000000000    3.202305365    3.202329712    3.231695370
    8.010000000    3.199471683    3.199495995    3.228785292
    8.020000000    3.196642598    3.196666874    3.225880045
    8.030000000    3.193818103    3.193842343    3.222979617
    8.040000000    3.190998189    3.191022393    3.220084003
    8.050000000    3.188182849    3.188207018    3.217193193
    8.060000000    3.185372077    3.185396210    3.214307178
    8.070000000    3.182565863    3.182589961    3.211425952
    8.080000000    3.179764200    3.179788264    3.208549504
    8.090000000    3.176967082    3.176991110    3.205677828
    8.100000000    3.174174500    3.174198493    3.202810915
    8.110000000    3.171386446    3.171410405    3.199948756
    8.120000000    3.168602914    3.168626838    3.197091344
    8.130000000    3.165823896    3.165847785    3.194238670
    8.140000000    3.163049383    3.163073239    3.191390726
    8.150000000    3.160279370    3.160303191    3.188547503
    8.160000000    3.157513847    3.157537634    3.185708994
    8.170000000    3.154752809    3.154776561    3.182875190
    8.180000000    3.151996246    3.152019965    3.180046083
    8.190000000    3.149244152    3.149267837    3.177221665
    8.200000000    3.146496519    3.146520170    3.174401928
    8.210000000    3.143753339    3.143776957    3.171586864
    8.220000000    3.141014606    3.141038190    3.168776463
    8.230000000    3.138280312    3.138303862    3.165970720
    8.240000000    3.135550449    3.135573966    3.163169624
    8.250000000    3.132825010    3.132848493    3.160373168
    8.260000000    3.130103987    3.130127437    3.157581344
    8.270000000    3.127387373    3.127410790    3.154794144
    8.280000000    3.124675160    3.124698545    3.152011560
    8.290000000    3.121967342    3.121990693    3.149233583
    8.300000000    3.119263910    3.119287229    3.146460205
    8.310000000    3.116564857    3.116588144    3.143691419
    8.320000000    3.113870176    3.113893430    3.140927217
    8.330000000    3.111179860    3.111203082    3.138167590
    8.340000000    3.108493901    3.108517090    3.135412530
    8.350000000    3.105812292    3.105835448    3.132662029
    8.360000000    3.103135024    3.103158149    3.129916079
    8.370000000    3.100462092    3.100485185    3.127174673
    8.380000000    3.097793488    3.097816548    3.124437802
    8.390000000    3.095129203    3.095152232    3.121705458
    8.400000000    3.092469232    3.092492229    3.118977633
    8.410000000    3.089813566    3.089836532    3.116254319
    8.420000000    3.087162199    3.087185133    3.113535509
    8.430000000    3.084515122    3.084538025    3.110821194
    8.440000000    3.081872330    3.081895201    3.108111366
    8.450000000    3.079233813    3.079256653    3.105406018
    8.460000000    3.076599566    3.076622375    3.102705142
    8.470000000    3.073969580    3.073992358    3.100008728
    8.480000000    3.071343849    3.071366596    3.097316771
    8.490000000    3.068722366    3.068745082    3.094629261
    8.500000000    3.066105122    3.066127807    3.091946192
    8.510000000    3.063492111    3.063514765    3.089267554
    8.520000000    3.060883326    3.060905949    3.086593340
    8.530000000    3.058278759    3.058301352    3.083923543
    8.540000000    3.055678403    3.055700966    3.081258154
    8.550000000    3.053082251    3.053104783    3.078597166
    8.560000000    3.050490295    3.050512797    3.075940570
    8.570000000    3.047902529    3.047925001    3.073288359
    8.580000000    3.045318946    3.045341388    3.070640526
    8.590000000    3.042739537    3.042761949    3.067997062
    8.600000000    3.040164297    3.040186678    3.065357959
    8.610000000    3.037593217    3.037615569    3.062723211
    8.620000000    3.035026291    3.035048613    3.060092808
    8.630000000    3.032463511    3.032485803    3.057466744
    8.640000000    3.029904870    3.029927133    3.054845010
    8.650000000    3.027350362    3.027372596    3.052227599
    8.660000000    3.024799979    3.024822183    3.049614503
    8.670000000    3.022253714    3.022275889    3.047005714
    8.680000000    3.019711560    3.019733705    3.044401225
    8.690000000    3.017173509    3.017195626    3.041801028
    8.700000000    3.014639556    3.014661643    3.039205115
    8.710000000    3.012109692    3.012131750    3.036613479
    8.720000000    3.009583910    3.009605940    3.034026112
    8.730000000    3.007062204    3.007084205    3.031443006
    8.740000000    3.004544567    3.004566539    3.028864154
    8.750000000    3.002030990    3.002052934    3.026289547
    8.760000000    2.999521469    2.999543384    3.023719180
    8.770000000    2.997015994    2.997037881    3.021153043
    8.780000000    2.994514560    2.994536418    3.018591129
    8.790000000    2.992017160    2.992038989    3.016033431
    8.800000000    2.989523785    2.989545587    3.013479941
    8.810000000    2.987034431    2.987056204    3.010930651
    8.820000000    2.984549088    2.984570833    3.008385554
    8.830000000    2.982067751    2.982089468    3.005844643
    8.840000000    2.979590412    2.979612102    3.003307909
    8.850000000    2.977117065    2.977138727    3.000775346
    8.860000000    2.974647703    2.974669337    2.998246946
    8.870000000    2.972182318    2.972203924    2.995722701
    8.880000000    2.969720904    2.969742482    2.993202604
    8.890000000    2.967263454    2.967285005    2.990686647
    8.900000000    2.964809961    2.964831484    2.988174823
    8.910000000    2.962360417    2.962381913    2.985667125
    8.920000000    2.959914817    2.959936286    2.983163544
    8.930000000    2.957473153    2.957494595    2.980664074
    8.940000000    2.955035419    2.955056833    2.978168707
    8.950000000    2.952601607    2.952622994    2.975677436
    8.960000000    2.950171711    2.950193071    2.973190253
    8.970000000    2.947745723    2.947767057    2.970707151
    8.980000000    2.945323638    2.945344945    2.968228123
    8.990000000    2.942905448    2.942926728    2.965753161
    9.000000000    2.940491146    2.940512399    2.963282257
    9.010000000    2.938080726    2.938101953    2.960815405
    9.020000000    2.935674181    2.935695381    2.958352597
    9.030000000    2.933271504    2.933292677    2.955893826
    9.040000000    2.930872688    2.930893835    2.953439085
    9.050000000    2.928477726    2.928498847    2.950988365
    9.060000000    2.926086612    2.926107707    2.948541661
    9.070000000    2.923699340    2.923720408    2.946098964
    9.080000000    2.921315901    2.921336943    2.943660267
    9.090000000    2.918936290    2.918957306    2.941225564
    9.100000000    2.916560500    2.916581490    2.938794846
    9.110000000    2.914188524    2.914209488    2.936368107
    9.120000000    2.911820355    2.911841294    2.933945339
    9.130000000    2.909455988    2.909476900    2.931526536
    9.140000000    2.907095414    2.907116300    2.929111689
    9.150000000    2.904738627    2.904759488    2.926700792
    9.160000000    2.902385622    2.902406457    2.924293838
    9.170000000    2.900036390    2.900057200    2.921890819
    9.180000000    2.897690926    2.897711710    2.919491729
    9.190000000    2.895349222    2.895369981    2.917096559
    9.200000000    2.893011273    2.893032007    2.914705303
    9.210000000    2.890677072    2.890697780    2.912317955
    9.220000000    2.888346611    2.888367294    2.909934506
    9.230000000    2.886019885    2.886040543    2.907554949
    9.240000000    2.883696886    2.883717519    2.905179278
    9.250000000    2.881377609    2.881398217    2.902807486
    9.260000000    2.879062046    2.879082630    2.900439565
    9.270000000    2.876750192    2.876770750    2.898075508
    9.280000000    2.874442039    2.874462573    2.895715308
    9.290000000    2.872137581    2.872158090    2.893358959
    9.300000000    2.869836812    2.869857296    2.891006453
    9.310000000    2.867539724    2.867560184    2.888657783
    9.320000000    2.865246313    2.865266748    2.886312942
    9.330000000    2.862956570    2.862976981    2.883971924
    9.340000000    2.860670489    2.860690876    2.881634720
    9.350000000    2.858388065    2.858408427    2.879301325
    9.360000000    2.856109290    2.856129628    2.876971731
    9.370000000    2.853834159    2.853854472    2.874645932
    9.380000000    2.851562664    2.851582953    2.872323920
    9.390000000    2.849294799    2.849315064    2.870005688
    9.400000000    2.847030558    2.847050799    2.867691230
    9.410000000    2.844769935    2.844790152    2.865380539
    9.420000000    2.842512922    2.842533116    2.863073607
    9.430000000    2.840259514    2.840279684    2.860770429
    9.440000000    2.838009704    2.838029850    2.858470996
    9.450000000    2.835763486    2.835783608    2.856175303
    9.460000000    2.833520854    2.833540952    2.853883342
    9.470000000    2.831281800    2.831301875    2.851595106
    9.480000000    2.829046319    2.829066371    2.849310589
    9.490000000    2.826814405    2.826834433    2.847029784
    9.500000000    2.824586051    2.824606055    2.844752684
    9.510000000    2.822361250    2.822381232    2.842479282
    9.520000000    2.820139997    2.820159955    2.840209572
    9.530000000    2.817922285    2.817942220    2.837943546
    9.540000000    2.815708108    2.815728020    2.835681199
    9.550000000    2.813497460    2.813517348    2.833422522
    9.560000000    2.811290333    2.811310199    2.831167510
    9.570000000    2.809086723    2.809106566    2.828916156
    9.580000000    2.806886623    2.806906442    2.826668453
    9.590000000    2.804690026    2.804709822    2.824424395
    9.600000000    2.802496926    2.802516700    2.822183974
    9.610000000    2.800307318    2.800327069    2.819947184
    9.620000000    2.798121194    2.798140922    2.817714018
    9.630000000    2.795938549    2.795958255    2.815484470
    9.640000000    2.793759377    2.793779060    2.813258533
    9.650000000    2.791583671    2.791603331    2.811036200
    9.660000000    2.789411424    2.789431062    2.808817466
    9.670000000    2.787242632    2.787262248    2.806602322
    9.680000000    2.785077288    2.785096881    2.804390763
    9.690000000    2.782915385    2.782934956    2.802182782
    9.700000000    2.780756918    2.780776467    2.799978372
    9.710000000    2.778601880    2.778621407    2.797777527
    9.720000000    2.776450266    2.776469770    2.795580241
    9.730000000    2.774302069    2.774321551    2.793386506
    9.740000000    2.772157282    2.772176742    2.791196316
    9.750000000    2.770015901    2.770035339    2.789009665
    9.760000000    2.767877919    2.767897335    2.786826547
    9.770000000    2.765743330    2.765762724    2.784646954
    9.780000000    2.763612127    2.763631499    2.782470880
    9.790000000    2.761484305    2.761503656    2.780298319
    9.800000000    2.759359858    2.759379187    2.778129264
    9.810000000    2.757238779    2.757258087    2.775963709
    9.820000000    2.755121064    2.755140349    2.773801647
    9.830000000    2.753006705    2.753025968    2.771643073
    9.840000000    2.750895696    2.750914938    2.769487978
    9.850000000    2.748788032    2.748807253    2.767336358
    9.860000000    2.746683707    2.746702907    2.765188206
    9.870000000    2.744582715    2.744601893    2.763043515
    9.880000000    2.742485050    2.742504206    2.760902279
    9.890000000    2.740390705    2.740409840    2.758764491
    9.900000000    2.738299675    2.738318789    2.756630146
    9.910000000    2.736211954    2.736231047    2.754499237
    9.920000000    2.734127536    2.734146608    2.752371757
    9.930000000    2.732046416    2.732065467    2.750247700
    9.940000000    2.729968586    2.729987616    2.748127060
    9.950000000    2.727894042    2.727913051    2.746009831
    9.960000000    2.725822778    2.725841766    2.743896007
    9.970000000    2.723754787    2.723773754    2.741785580
    9.980000000    2.721690063    2.721709010    2.739678545
    9.990000000    2.719628602    2.719647527    2.737574896
   10.000000000    2.717570397    2.717589301    2.735474626
   10.010000000    2.715515442    2.715534326    2.733377729
   10.020000000    2.713463731    2.713482594    2.731284199
   10.030000000    2.711415259    2.711434101    2.729194030
   10.040000000    2.709370019    2.709388842    2.727107215
   10.050000000    2.707328007    2.707346809    2.725023749
   10.060000000    2.705289216    2.705307997    2.722943624
   10.070000000    2.703253640    2.703272401    2.720866835
   10.080000000    2.701221274    2.701240014    2.718793377
   10.090000000    2.699192112    2.699210832    2.716723241
   10.100000000    2.697166148    2.697184848    2.714656424
   10.110000000    2.695143376    2.695162056    2.712592917
   10.120000000    2.693123791    2.693142451    2.710532716
   10.130000000    2.691107387    2.691126027    2.708475814
   10.140000000    2.689094159    2.689112778    2.706422206
   10.150000000    2.687084100    2.687102699    2.704371884
   10.160000000    2.685077204    2.685095784    2.702324843
   10.170000000    2.683073468    2.683092027    2.700281077
   10.180000000    2.681072883    2.681091423    2.698240580
   10.190000000    2.679075446    2.679093966    2.696203345
   10.200000000    2.677081150    2.677099650    2.694169368
   10.210000000    2.675089989    2.675108469    2.692138641
   10.220000000    2.673101959    2.673120419    2.690111159
   10.230000000    2.671117052    2.671135493    2.688086915
   10.240000000    2.669135265    2.669153686    2.686065905
   10.250000000    2.667156591    2.667174992    2.684048121
   10.260000000    2.665181024    2.665199406    2.682033558
   10.270000000    2.663208559    2.663226922    2.680022210
   10.280000000    2.661239191    2.661257534    2.678014072
   10.290000000    2.659272914    2.659291237    2.676009136
   10.300000000    2.657309722    2.657328026    2.674007397
   10.310000000    2.655349609    2.655367894    2.672008849
   10.320000000    2.653392571    2.653410837    2.670013487
   10.330000000    2.651438602    2.651456848    2.668021304
   10.340000000    2.649487696    2.649505923    2.666032295
   10.350000000    2.647539847    2.647558055    2.664046454
   10.360000000    2.645595051    2.645613240    2.662063774
   10.370000000    2.643653301    2.643671471    2.660084251
   10.380000000    2.641714593    2.641732744    2.658107877
   10.390000000    2.639778920    2.639797052    2.656134649
   10.400000000    2.637846278    2.637864391    2.654164558
   10.410000000    2.635916661    2.635934755    2.652197601
   10.420000000    2.633990063    2.634008138    2.650233770
   10.430000000    2.632066479    2.632084536    2.648273061
   10.440000000    2.630145903    2.630163941    2.646315467
   10.450000000    2.628228331    2.628246350    2.644360983
   10.460000000    2.626313757    2.626331757    2.642409602
   10.470000000    2.624402175    2.624420157    2.640461320
   10.480000000    2.622493580    2.622511543    2.638516131
   10.490000000    2.620587967    2.620605911    2.636574028
   10.500000000    2.618685329    2.618703256    2.634635006
   10.510000000    2.616785663    2.616803571    2.632699060
   10.520000000    2.614888963    2.614906852    2.630766184
   10.530000000    2.612995222    2.613013093    2.628836371
   10.540000000    2.611104437    2.611122289    2.626909617
   10.550000000    2.609216601    2.609234435    2.624985915
   10.560000000    2.607331710    2.607349526    2.623065261
   10.570000000    2.605449757    2.605467555    2.621147648
   10.580000000    2.603570738    2.603588518    2.619233071
   10.590000000    2.601694648    2.601712409    2.617321524
   10.600000000    2.599821481    2.599839224    2.615413002
   10.610000000    2.597951232    2.597968957    2.613507499
   10.620000000    2.596083895    2.596101602    2.611605010
   10.630000000    2.594219466    2.594237155    2.609705528
   10.640000000    2.592357939    2.592375610    2.607809049
   10.650000000    2.590499309    2.590516962    2.605915566
   10.660000000    2.588643571    2.588661206    2.604025075
   10.670000000    2.586790719    2.586808336    2.602137569
   10.680000000    2.584940749    2.584958348    2.600253044
   10.690000000    2.583093655    2.583111236    2.598371494
   10.700000000    2.581249431    2.581266995    2.596492912
   10.710000000    2.579408074    2.579425620    2.594617295
   10.720000000    2.577569578    2.577587106    2.592744636
   10.730000000    2.575733936    2.575751447    2.590874929
   10.740000000    2.573901146    2.573918639    2.589008170
   10.750000000    2.572071200    2.572088676    2.587144353
   10.760000000    2.570244095    2.570261553    2.585283473
   10.770000000    2.568419825    2.568437266    2.583425523
   10.780000000    2.566598385    2.566615808    2.581570499
   10.790000000    2.564779769    2.564797175    2.579718396
   10.800000000    2.562963973    2.562981362    2.577869207
   10.810000000    2.561150992    2.561168363    2.576022928
   10.820000000    2.559340821    2.559358175    2.574179553
   10.830000000    2.557533454    2.557550791    2.572339076
   10.840000000    2.555728887    2.555746206    2.570501494
   10.850000000    2.553927114    2.553944416    2.568666799
   10.860000000    2.552128130    2.552145415    2.566834987
   10.870000000    2.550331931    2.550349199    2.565006052
   10.880000000    2.548538512    2.548555763    2.563179989
   10.890000000    2.546747867    2.546765100    2.561356794
   10.900000000    2.544959991    2.544977208    2.559536459
   10.910000000    2.543174880    2.543192079    2.557718981
   10.920000000    2.541392528    2.541409711    2.555904354
   10.930000000    2.539612931    2.539630096    2.554092573
   10.940000000    2.537836083    2.537853232    2.552283632
   10.950000000    2.536061980    2.536079112    2.550477527
   10.960000000    2.534290616    2.534307731    2.548674251
   10.970000000    2.532521987    2.532539086    2.546873800
   10.980000000    2.530756088    2.530773170    2.545076169
   10.990000000    2.528992914    2.529009979    2.543281352
   11.000000000    2.527232460    2.527249508    2.541489344
   11.010000000    2.525474721    2.525491753    2.539700140
   11.020000000    2.523719692    2.523736707    2.537913736
   11.030000000    2.521967369    2.521984367    2.536130124
   11.040000000    2.520217746    2.520234728    2.534349301
   11.050000000    2.518470818    2.518487784    2.532571262
   11.060000000    2.516726582    2.516743531    2.530796001
   11.070000000    2.514985031    2.515001963    2.529023513
   11.080000000    2.513246162    2.513263077    2.527253793
   11.090000000    2.511509968    2.511526868    2.525486836
   11.100000000    2.509776446    2.509793330    2.523722636
   11.110000000    2.508045591    2.508062458    2.521961190
   11.120000000    2.506317398    2.506334248    2.520202491
   11.130000000    2.504591861    2.504608696    2.518446535
   11.140000000    2.502868977    2.502885795    2.516693316
   11.150000000    2.501148741    2.501165543    2.514942829
   11.160000000    2.499431147    2.499447933    2.513195071
   11.170000000    2.497716191    2.497732961    2.511450034
   11.180000000    2.496003869    2.496020622    2.509707715
   11.190000000    2.494294175    2.494310912    2.507968109
   11.200000000    2.492587105    2.492603826    2.506231210
   11.210000000    2.490882654    2.490899359    2.504497013
   11.220000000    2.489180817    2.489197506    2.502765514
   11.230000000    2.487481590    2.487498263    2.501036707
   11.240000000    2.485784968    2.485801625    2.499310588
   11.250000000    2.484090946    2.484107588    2.497587151
   11.260000000    2.482399520    2.482416146    2.495866392
   11.270000000    2.480710685    2.480727295    2.494148306
   11.280000000    2.479024436    2.479041030    2.492432888
   11.290000000    2.477340769    2.477357347    2.490720133
   11.300000000    2.475659678    2.475676241    2.489010035
   11.310000000    2.473981160    2.473997707    2.487302591
   11.320000000    2.472305210    2.472321742    2.485597795
   11.330000000    2.470631823    2.470648339    2.483895642
   11.340000000    2.468960995    2.468977495    2.482196128
   11.350000000    2.467292721    2.467309205    2.480499247
   11.360000000    2.465626995    2.465643464    2.478804995
   11.370000000    2.463963815    2.463980268    2.477113368
   11.380000000    2.462303175    2.462319613    2.475424359
   11.390000000    2.460645070    2.460661493    2.473737965
   11.400000000    2.458989497    2.459005904    2.472054180
   11.410000000    2.457336450    2.457352841    2.470373000
   11.420000000    2.455685925    2.455702301    2.468694420
   11.430000000    2.454037918    2.454054278    2.467018435
   11.440000000    2.452392423    2.452408769    2.465345040
   11.450000000    2.450749437    2.450765767    2.463674231
   11.460000000    2.449108955    2.449125270    2.462006003
   11.470000000    2.447470972    2.447487272    2.460340351
   11.480000000    2.445835484    2.445851769    2.458677271
   11.490000000    2.444202487    2.444218756    2.457016757
   11.500000000    2.442571976    2.442588230    2.455358805
   11.510000000    2.440943946    2.440960185    2.453703411
   11.520000000    2.439318394    2.439334617    2.452050569
   11.530000000    2.437695313    2.437711522    2.450400275
   11.540000000    2.436074702    2.436090896    2.448752524
   11.550000000    2.434456554    2.434472732    2.447107312
   11.560000000    2.432840865    2.432857029    2.445464634
   11.570000000    2.431227631    2.431243780    2.443824485
   11.580000000    2.429616848    2.429632982    2.442186860
   11.590000000    2.428008511    2.428024630    2.440551756
   11.600000000    2.426402616    2.426418720    2.438919166
   11.610000000    2.424799158    2.424815247    2.437289088
   11.620000000    2.423198133    2.423214207    2.435661516
   11.630000000    2.421599536    2.421615596    2.434036445
   11.640000000    2.420003364    2.420019409    2.432413871
   11.650000000    2.418409612    2.418425643    2.430793790
   11.660000000    2.416818276    2.416834291    2.429176196
   11.670000000    2.415229351    2.415245351    2.427561086
   11.680000000    2.413642832    2.413658819    2.425948455
   11.690000000    2.412058717    2.412074688    2.424338297
   11.700000000    2.410476999    2.410492956    2.422730609
   11.710000000    2.408897676    2.408913619    2.421125387
   11.720000000    2.407320743    2.407336670    2.419522624
   11.730000000    2.405746195    2.405762108    2.417922318
   11.740000000    2.404174028    2.404189926    2.416324464
   11.750000000    2.402604238    2.402620122    2.414729057
   11.760000000    2.401036820    2.401052690    2.413136092
   11.770000000    2.399471771    2.399487627    2.411545565
   11.780000000    2.397909087    2.397924928    2.409957473
   11.790000000    2.396348762    2.396364589    2.408371809
   11.800000000    2.394790793    2.394806605    2.406788570
   11.810000000    2.393235175    2.393250973    2.405207752
   11.820000000    2.391681905    2.391697689    2.403629349
   11.830000000    2.390130978    2.390146747    2.402053358
   11.840000000    2.388582390    2.388598145    2.400479774
   11.850000000    2.387036136    2.387051877    2.398908593
   11.860000000    2.385492213    2.385507940    2.397339810
   11.870000000    2.383950616    2.383966329    2.395773421
   11.880000000    2.382411342    2.382427040    2.394209421
   11.890000000    2.380874385    2.380890070    2.392647807
   11.900000000    2.379339743    2.379355413    2.391088574
   11.910000000    2.377807410    2.377823066    2.389531717
   11.920000000    2.376277383    2.376293025    2.387977232
   11.930000000    2.374749657    2.374765285    2.386425115
   11.940000000    2.373224229    2.373239843    2.384875361
   11.950000000    2.371701094    2.371716694    2.383327967
   11.960000000    2.370180248    2.370195834    2.381782927
   11.970000000    2.368661687    2.368677259    2.380240238
   11.980000000    2.367145407    2.367160966    2.378699896
   11.990000000    2.365631404    2.365646949    2.377161895
   12.000000000    2.364119674    2.364135205    2.375626232
   12.010000000    2.362610213    2.362625730    2.374092902
   12.020000000    2.361103017    2.361118520    2.372561902
   12.030000000    2.359598081    2.359613571    2.371033227
   12.040000000    2.358095402    2.358110878    2.369506872
   12.050000000    2.356594976    2.356610438    2.367982834
   12.060000000    2.355096798    2.355112247    2.366461108
   12.070000000    2.353600865    2.353616300    2.364941690
   12.080000000    2.352107173    2.352122594    2.363424576
   12.090000000    2.350615717    2.350631124    2.361909762
   12.100000000    2.349126493    2.349141887    2.360397243
   12.110000000    2.347639498    2.347654879    2.358887015
   12.120000000    2.346154728    2.346170095    2.357379074
   12.130000000    2.344672179    2.344687532    2.355873417
   12.140000000    2.343191846    2.343207186    2.354370038
   12.150000000    2.341713726    2.341729053    2.352868934
   12.160000000    2.340237815    2.340253128    2.351370100
   12.170000000    2.338764109    2.338779408    2.349873532
   12.180000000    2.337292604    2.337307890    2.348379227
   12.190000000    2.335823296    2.335838568    2.346887180
   12.200000000    2.334356180    2.334371439    2.345397387
   12.210000000    2.332891254    2.332906500    2.343909844
   12.220000000    2.331428514    2.331443746    2.342424547
   12.230000000    2.329967955    2.329983174    2.340941491
   12.240000000    2.328509573    2.328524779    2.339460673
   12.250000000    2.327053365    2.327068557    2.337982089
   12.260000000    2.325599326    2.325614506    2.336505734
   12.270000000    2.324147454    2.324162620    2.335031605
   12.280000000    2.322697744    2.322712897    2.333559697
   12.290000000    2.321250191    2.321265331    2.332090007
   12.300000000    2.319804794    2.319819920    2.330622530
   12.310000000    2.318361546    2.318376660    2.329157262
   12.320000000    2.316920446    2.316935546    2.327694200
   12.330000000    2.315481488    2.315496575    2.326233339
   12.340000000    2.314044669    2.314059744    2.324774675
   12.350000000    2.312609986    2.312625047    2.323318205
   12.360000000    2.311177434    2.311192482    2.321863924
   12.370000000    2.309747010    2.309762045    2.320411829
   12.380000000    2.308318709    2.308333731    2.318961915
   12.390000000    2.306892529    2.306907538    2.317514179
   12.400000000    2.305468465    2.305483461    2.316068616
   12.410000000    2.304046514    2.304061497    2.314625223
   12.420000000    2.302626671    2.302641642    2.313183995
   12.430000000    2.301208934    2.301223891    2.311744929
   12.440000000    2.299793298    2.299808242    2.310308022
   12.450000000    2.298379759    2.298394691    2.308873268
   12.460000000    2.296968314    2.296983234    2.307440664
   12.470000000    2.295558960    2.295573866    2.306010206
   12.480000000    2.294151692    2.294166585    2.304581890
   12.490000000    2.292746507    2.292761387    2.303155713
   12.500000000    2.291343400    2.291358268    2.301731671
   12.510000000    2.289942369    2.289957225    2.300309759
   12.520000000    2.288543410    2.288558253    2.298889973
   12.530000000    2.287146519    2.287161349    2.297472311
   12.540000000    2.285751692    2.285766510    2.296056768
   12.550000000    2.284358926    2.284373731    2.294643340
   12.560000000    2.282968217    2.282983009    2.293232024
   12.570000000    2.281579561    2.281594341    2.291822815
   12.580000000    2.280192955    2.280207722    2.290415710
   12.590000000    2.278808395    2.278823149    2.289010705
   12.600000000    2.277425877    2.277440619    2.287607797
   12.610000000    2.276045398    2.276060128    2.286206981
   12.620000000    2.274666955    2.274681672    2.284808253
   12.630000000    2.273290543    2.273305248    2.283411610
   12.640000000    2.271916159    2.271930851    2.282017049
   12.650000000    2.270543800    2.270558480    2.280624565
   12.660000000    2.269173461    2.269188129    2.279234155
   12.670000000    2.267805140    2.267819795    2.277845814
   12.680000000    2.266438832    2.266453475    2.276459540
   12.690000000    2.265074535    2.265089165    2.275075328
   12.700000000    2.263712244    2.263726862    2.273693174
   12.710000000    2.262351956    2.262366562    2.272313076
   12.720000000    2.260993668    2.261008261    2.270935029
   12.730000000    2.259637376    2.259651957    2.269559030
   12.740000000    2.258283076    2.258297644    2.268185075
   12.750000000    2.256930764    2.256945321    2.266813159
   12.760000000    2.255580439    2.255594983    2.265443281
   12.770000000    2.254232095    2.254246627    2.264075435
   12.780000000    2.252885729    2.252900250    2.262709619
   12.790000000    2.251541339    2.251555847    2.261345828
   12.800000000    2.250198920    2.250213415    2.259984059
   12.810000000    2.248858468    2.248872952    2.258624308
   12.820000000    2.247519981    2.247534453    2.257266572
   12.830000000    2.246183455    2.246197915    2.255910847
   12.840000000    2.244848887    2.244863334    2.254557130
   12.850000000    2.243516272    2.243530708    2.253205416
   12.860000000    2.242185608    2.242200032    2.251855703
   12.870000000    2.240856892    2.240871303    2.250507986
   12.880000000    2.239530119    2.239544518    2.249162262
   12.890000000    2.238205286    2.238219674    2.247818528
   12.900000000    2.236882390    2.236896766    2.246476779
   12.910000000    2.235561428    2.235575791    2.245137013
   12.920000000    2.234242395    2.234256747    2.243799226
   12.930000000    2.232925289    2.232939629    2.242463413
   12.940000000    2.231610107    2.231624435    2.241129573
   12.950000000    2.230296844    2.230311160    2.239797700
   12.960000000    2.228985498    2.228999802    2.238467792
   12.970000000    2.227676064    2.227690357    2.237139846
   12.980000000    2.226368541    2.226382822    2.235813856
   12.990000000    2.225062924    2.225077193    2.234489821
   13.000000000    2.223759210    2.223773467    2.233167737
   13.010000000    2.222457395    2.222471640    2.231847599
   13.020000000    2.221157477    2.221171710    2.230529405
   13.030000000    2.219859451    2.219873673    2.229213151
   13.040000000    2.218563316    2.218577526    2.227898834
   13.050000000    2.217269066    2.217283265    2.226586449
   13.060000000    2.215976700    2.215990887    2.225275995
   13.070000000    2.214686213    2.214700389    2.223967466
   13.080000000    2.213397603    2.213411767    2.222660861
   13.090000000    2.212110865    2.212125018    2.221356174
   13.100000000    2.210825998    2.210840139    2.220053404
   13.110000000    2.209542997    2.209557126    2.218752546
   13.120000000    2.208261859    2.208275976    2.217453597
   13.130000000    2.206982581    2.206996687    2.216156554
   13.140000000    2.205705160    2.205719254    2.214861413
   13.150000000    2.204429592    2.204443675    2.213568171
   13.160000000    2.203155874    2.203169946    2.212276824
   13.170000000    2.201884003    2.201898063    2.210987369
   13.180000000    2.200613976    2.200628025    2.209699803
   13.190000000    2.199345789    2.199359827    2.208414122
   13.200000000    2.198079440    2.198093466    2.207130323
   13.210000000    2.196814924    2.196828939    2.205848403
   13.220000000    2.195552239    2.195566242    2.204568358
   13.230000000    2.194291382    2.194305374    2.203290185
   13.240000000    2.193032349    2.193046329    2.202013880
   13.250000000    2.191775137    2.191789106    2.200739441
   13.260000000    2.190519743    2.190533701    2.199466863
   13.270000000    2.189266164    2.189280110    2.198196144
   13.280000000    2.188014396    2.188028332    2.196927281
   13.290000000    2.186764437    2.186778361    2.195660269
   13.300000000    2.185516283    2.185530196    2.194395106
   13.310000000    2.184269931    2.184283833    2.193131788
   13.320000000    2.183025378    2.183039269    2.191870312
   13.330000000    2.181782621    2.181796500    2.190610675
   13.340000000    2.180541657    2.180555525    2.189352873
   13.350000000    2.179302482    2.179316338    2.188096904
   13.360000000    2.178065093    2.178078939    2.186842764
   13.370000000    2.176829487    2.176843322    2.185590449
   13.380000000    2.175595662    2.175609486    2.184339957
   13.390000000    2.174363614    2.174377426    2.183091285
   13.400000000    2.173133339    2.173147141    2.181844428
   13.410000000    2.171904836    2.171918626    2.180599384
   13.420000000    2.170678100    2.170691879    2.179356149
   13.430000000    2.169453128    2.169466896    2.178114721
   13.440000000    2.168229918    2.168243676    2.176875096
   13.450000000    2.167008467    2.167022213    2.175637271
   13.460000000    2.165788771    2.165802506    2.174401243
   13.470000000    2.164570827    2.164584551    2.173167008
   13.480000000    2.163354633    2.163368346    2.171934564
   13.490000000    2.162140185    2.162153887    2.170703907
   13.500000000    2.160927480    2.160941171    2.169475034
   13.510000000    2.159716515    2.159730195    2.168247941
   13.520000000    2.158507287    2.158520956    2.167022627
   13.530000000    2.157299793    2.157313452    2.165799087
   13.540000000    2.156094030    2.156107678    2.164577318
   13.550000000    2.154889995    2.154903632    2.163357318
   13.560000000    2.153687685    2.153701312    2.162139082
   13.570000000    2.152487098    2.152500713    2.160922609
   13.580000000    2.151288229    2.151301833    2.159707895
   13.590000000    2.150091076    2.150104670    2.158494936
   13.600000000    2.148895636    2.148909219    2.157283730
   13.610000000    2.147701906    2.147715479    2.156074274
   13.620000000    2.146509884    2.146523445    2.154866564
   13.630000000    2.145319565    2.145333116    2.153660598
   13.640000000    2.144130947    2.144144488    2.152456371
   13.650000000    2.142944028    2.142957557    2.151253882
   13.660000000    2.141758804    2.141772323    2.150053128
   13.670000000    2.140575272    2.140588780    2.148854104
   13.680000000    2.139393429    2.139406927    2.147656808
   13.690000000    2.138213273    2.138226760    2.146461237
   13.700000000    2.137034800    2.137048276    2.145267389
   13.710000000    2.135858008    2.135871473    2.144075259
   13.720000000    2.134682893    2.134696348    2.142884845
   13.730000000    2.133509453    2.133522897    2.141696143
   13.740000000    2.132337685    2.132351119    2.140509152
   13.750000000    2.131167585    2.131181009    2.139323867
   13.760000000    2.129999152    2.130012565    2.138140286
   13.770000000    2.128832381    2.128845784    2.136958406
   13.780000000    2.127667271    2.127680663    2.135778224
   13.790000000    2.126503818    2.126517200    2.134599737
   13.800000000    2.125342020    2.125355391    2.133422941
   13.810000000    2.124181873    2.124195234    2.132247834
   13.820000000    2.123023375    2.123036725    2.131074413
   13.830000000    2.121866523    2.121879862    2.129902675
   13.840000000    2.120711313    2.120724643    2.128732617
   13.850000000    2.119557744    2.119571063    2.127564235
   13.860000000    2.118405812    2.118419121    2.126397528
   13.870000000    2.117255515    2.117268813    2.125232492
   13.880000000    2.116106849    2.116120137    2.124069124
   13.890000000    2.114959812    2.114973090    2.122907421
   13.900000000    2.113814401    2.113827669    2.121747380
   13.910000000    2.112670614    2.112683871    2.120588999
   13.920000000    2.111528446    2.111541693    2.119432274
   13.930000000    2.110387896    2.110401133    2.118277203
   13.940000000    2.109248961    2.109262188    2.117123782
   13.950000000    2.108111638    2.108124854    2.115972009
   13.960000000    2.106975925    2.106989130    2.114821881
   13.970000000    2.105841817    2.105855013    2.113673395
   13.980000000    2.104709313    2.104722499    2.112526547
   13.990000000    2.103578410    2.103591586    2.111381336
   14.000000000    2.102449106    2.102462271    2.110237759
   14.010000000    2.101321396    2.101334551    2.109095811
   14.020000000    2.100195279    2.100208424    2.107955492
   14.030000000    2.099070752    2.099083887    2.106816797
   14.040000000    2.097947812    2.097960937    2.105679724
   14.050000000    2.096826457    2.096839571    2.104544270
   14.060000000    2.095706683    2.095719787    2.103410432
   14.070000000    2.094588488    2.094601582    2.102278208
   14.080000000    2.093471869    2.093484953    2.101147594
   14.090000000    2.092356823    2.092369897    2.100018588
   14.100000000    2.091243348    2.091256412    2.098891187
   14.110000000    2.090131442    2.090144496    2.097765388
   14.120000000    2.089021100    2.089034144    2.096641188
   14.130000000    2.087912322    2.087925355    2.095518585
   14.140000000    2.086805103    2.086818127    2.094397576
   14.150000000    2.085699441    2.085712455    2.093278157
   14.160000000    2.084595334    2.084608338    2.092160327
   14.170000000    2.083492779    2.083505773    2.091044082
   14.180000000    2.082391774    2.082404758    2.089929420
   14.190000000    2.081292314    2.081305288    2.088816338
   14.200000000    2.080194399    2.080207363    2.087704832
   14.210000000    2.079098025    2.079110979    2.086594901
   14.220000000    2.078003189    2.078016134    2.085486542
   14.230000000    2.076909890    2.076922824    2.084379752
   14.240000000    2.075818124    2.075831048    2.083274527
   14.250000000    2.074727888    2.074740803    2.082170866
   14.260000000    2.073639181    2.073652086    2.081068766
   14.270000000    2.072551999    2.072564894    2.079968224
   14.280000000    2.071466339    2.071479225    2.078869237
   14.290000000    2.070382200    2.070395076    2.077771802
   14.300000000    2.069299579    2.069312445    2.076675918
   14.310000000    2.068218472    2.068231329    2.075581580
   14.320000000    2.067138878    2.067151725    2.074488787
   14.330000000    2.066060794    2.066073631    2.073397536
   14.340000000    2.064984217    2.064997044    2.072307824
   14.350000000    2.063909145    2.063921962    2.071219648
   14.360000000    2.062835574    2.062848382    2.070133006
   14.370000000    2.061763503    2.061776301    2.069047895
   14.380000000    2.060692929    2.060705717    2.067964312
   14.390000000    2.059623849    2.059636628    2.066882255
   14.400000000    2.058556261    2.058569030    2.065801721
   14.410000000    2.057490163    2.057502922    2.064722708
   14.420000000    2.056425551    2.056438300    2.063645212
   14.430000000    2.055362423    2.055375163    2.062569232
   14.440000000    2.054300776    2.054313507    2.061494764
   14.450000000    2.053240609    2.053253330    2.060421806
   14.460000000    2.052181918    2.052194630    2.059350355
   14.470000000    2.051124702    2.051137403    2.058280409
   14.480000000    2.050068956    2.050081648    2.057211966
   14.490000000    2.049014680    2.049027362    2.056145021
   14.500000000    2.047961870    2.047974543    2.055079574
   14.510000000    2.046910524    2.046923188    2.054015621
   14.520000000    2.045860640    2.045873294    2.052953159
   14.530000000    2.044812214    2.044824859    2.051892187
   14.540000000    2.043765245    2.043777880    2.050832701
   14.550000000    2.042719730    2.042732356    2.049774699
   14.560000000    2.041675666    2.041688283    2.048718178
   14.570000000    2.040633052    2.040645659    2.047663137
   14.580000000    2.039591884    2.039604481    2.046609571
   14.590000000    2.038552160    2.038564748    2.045557480
   14.600000000    2.037513878    2.037526456    2.044506859
   14.610000000    2.036477035    2.036489604    2.043457707
   14.620000000    2.035441628    2.035454188    2.042410022
   14.630000000    2.034407656    2.034420206    2.041363800
   14.640000000    2.033375116    2.033387657    2.040319038
   14.650000000    2.032344005    2.032356536    2.039275736
   14.660000000    2.031314321    2.031326843    2.038233889
   14.670000000    2.030286061    2.030298574    2.037193496
   14.680000000    2.029259224    2.029271728    2.036154554
   14.690000000    2.028233806    2.028246301    2.035117060
   14.700000000    2.027209806    2.027222291    2.034081013
   14.710000000    2.026187220    2.026199696    2.033046409
   14.720000000    2.025166047    2.025178514    2.032013245
   14.730000000    2.024146284    2.024158741    2.030981521
   14.740000000    2.023127929    2.023140377    2.029951232
   14.750000000    2.022110979    2.022123417    2.028922377
   14.760000000    2.021095431    2.021107861    2.027894953
   14.770000000    2.020081285    2.020093705    2.026868958
   14.780000000    2.019068536    2.019080947    2.025844389
   14.790000000    2.018057183    2.018069585    2.024821243
   14.800000000    2.017047223    2.017059616    2.023799519
   14.810000000    2.016038655    2.016051039    2.022779214
   14.820000000    2.015031475    2.015043850    2.021760325
   14.830000000    2.014025681    2.014038047    2.020742850
   14.840000000    2.013021272    2.013033628    2.019726787
   14.850000000    2.012018244    2.012030591    2.018712133
   14.860000000    2.011016595    2.011028933    2.017698885
   14.870000000    2.010016323    2.010028652    2.016687042
   14.880000000    2.009017426    2.009029746    2.015676600
   14.890000000    2.008019901    2.008032212    2.014667558
   14.900000000    2.007023746    2.007036048    2.013659913
   14.910000000    2.006028958    2.006041251    2.012653663
   14.920000000    2.005035536    2.005047820    2.011648805
   14.930000000    2.004043477    2.004055752    2.010645337
   14.940000000    2.003052779    2.003065044    2.009643257
   14.950000000    2.002063439    2.002075695    2.008642561
   14.960000000    2.001075455    2.001087702    2.007643248
   14.970000000    2.000088824    2.000101063    2.006645316
   14.980000000    1.999103546    1.999115776    2.005648762
   14.990000000    1.998119616    1.998131837    2.004653583
   15.000000000    1.997137034    1.997149246    2.003659778
   15.010000000    1.996155796    1.996167999    2.002667344
   15.020000000    1.995175901    1.995188095    2.001676278
   15.030000000    1.994197346    1.994209531    2.000686578
   15.040000000    1.993220128    1.993232304    1.999698243
   15.050000000    1.992244246    1.992256414    1.998711269
   15.060000000    1.991269698    1.991281857    1.997725654
   15.070000000    1.990296481    1.990308631    1.996741397
   15.080000000    1.989324593    1.989336733    1.995758494
   15.090000000    1.988354031    1.988366163    1.994776943
   15.100000000    1.987384794    1.987396917    1.993796743
   15.110000000    1.986416879    1.986428993    1.992817890
   15.120000000    1.985450283    1.985462389    1.991840382
   15.130000000    1.984485006    1.984497103    1.990864218
   15.140000000    1.983521044    1.983533132    1.989889394
   15.150000000    1.982558395    1.982570474    1.988915909
   15.160000000    1.981597058    1.981609128    1.987943761
   15.170000000    1.980637029    1.980649091    1.986972946
   15.180000000    1.979678307    1.979690360    1.986003463
   15.190000000    1.978720890    1.978732934    1.985035310
   15.200000000    1.977764774    1.977776810    1.984068483
   15.210000000    1.976809959    1.976821986    1.983102982
   15.220000000    1.975856442    1.975868460    1.982138803
   15.230000000    1.974904221    1.974916230    1.981175945
   15.240000000    1.973953293    1.973965293    1.980214405
   15.250000000    1.973003656    1.973015648    1.979254181
   15.260000000    1.972055309    1.972067292    1.978295271
   15.270000000    1.971108249    1.971120223    1.977337672
   15.280000000    1.970162473    1.970174439    1.976381382
   15.290000000    1.969217981    1.969229938    1.975426400
   15.300000000    1.968274769    1.968286717    1.974472722
   15.310000000    1.967332835    1.967344775    1.973520347
   15.320000000    1.966392178    1.966404109    1.972569272
   15.330000000    1.965452795    1.965464718    1.971619495
   15.340000000    1.964514684    1.964526598    1.970671015
   15.350000000    1.963577843    1.963589748    1.969723828
   15.360000000    1.962642269    1.962654166    1.968777932
   15.370000000    1.961707962    1.961719850    1.967833327
   15.380000000    1.960774917    1.960786797    1.966890008
   15.390000000    1.959843135    1.959855006    1.965947974
   15.400000000    1.958912611    1.958924474    1.965007224
   15.410000000    1.957983345    1.957995199    1.964067753
   15.420000000    1.957055334    1.957067180    1.963129562
   15.430000000    1.956128576    1.956140413    1.962192647
   15.440000000    1.955203068    1.955214897    1.961257006
   15.450000000    1.954278810    1.954290630    1.960322637
   15.460000000    1.953355798    1.953367610    1.959389538
   15.470000000    1.952434031    1.952445835    1.958457706
   15.480000000    1.951513507    1.951525302    1.957527141
   15.490000000    1.950594223    1.950606009    1.956597838
   15.500000000    1.949676177    1.949687956    1.955669797
   15.510000000    1.948759368    1.948771138    1.954743016
   15.520000000    1.947843793    1.947855555    1.953817491
   15.530000000    1.946929451    1.946941204    1.952893221
   15.540000000    1.946016338    1.946028083    1.951970204
   15.550000000    1.945104454    1.945116190    1.951048438
   15.560000000    1.944193796    1.944205524    1.950127921
   15.570000000    1.943284362    1.943296081    1.949208650
   15.580000000    1.942376149    1.942387861    1.948290623
   15.590000000    1.941469157    1.941480860    1.947373839
   15.600000000    1.940563383    1.940575078    1.946458295
   15.610000000    1.939658825    1.939670511    1.945543989
   15.620000000    1.938755480    1.938767159    1.944630919
   15.630000000    1.937853348    1.937865018    1.943719083
   15.640000000    1.936952425    1.936964087    1.942808479
   15.650000000    1.936052711    1.936064364    1.941899105
   15.660000000    1.935154202    1.935165847    1.940990958
   15.670000000    1.934256897    1.934268533    1.940084038
   15.680000000    1.933360793    1.933372422    1.939178340
   15.690000000    1.932465890    1.932477510    1.938273865
   15.700000000    1.931572184    1.931583796    1.937370609
   15.710000000    1.930679675    1.930691278    1.936468570
   15.720000000    1.929788359    1.929799955    1.935567747
   15.730000000    1.928898235    1.928909822    1.934668137
   15.740000000    1.928009301    1.928020880    1.933769739
   15.750000000    1.927121555    1.927133126    1.932872550
   15.760000000    1.926234995    1.926246558    1.931976568
   15.770000000    1.925349619    1.925361174    1.931081792
   15.780000000    1.924465425    1.924476972    1.930188218
   15.790000000    1.923582411    1.923593950    1.929295846
   15.800000000    1.922700576    1.922712106    1.928404673
   15.810000000    1.921819916    1.921831438    1.927514698
   15.820000000    1.920940431    1.920951945    1.926625917
   15.830000000    1.920062118    1.920073624    1.925738330
   15.840000000    1.919184975    1.919196473    1.924851934
   15.850000000    1.918309001    1.918320491    1.923966727
   15.860000000    1.917434193    1.917445675    1.923082708
   15.870000000    1.916560550    1.916572024    1.922199873
   15.880000000    1.915688070    1.915699535    1.921318222
   15.890000000    1.914816750    1.914828207    1.920437753
   15.900000000    1.913946589    1.913958038    1.919558462
   15.910000000    1.913077585    1.913089026    1.918680349
   15.920000000    1.912209736    1.912221169    1.917803411
   15.930000000    1.911343040    1.911354465    1.916927647
   15.940000000    1.910477495    1.910488912    1.916053054
   15.950000000    1.909613099    1.909624509    1.915179630
   15.960000000    1.908749851    1.908761252    1.914307375
   15.970000000    1.907887748    1.907899142    1.913436284
   15.980000000    1.907026789    1.907038174    1.912566358
   15.990000000    1.906166972    1.906178349    1.911697593
   16.000000000    1.905308294    1.905319663    1.910829988
   16.010000000    1.904450754    1.904462116    1.909963540
   16.020000000    1.903594351    1.903605704    1.909098249
   16.030000000    1.902739081    1.902750427    1.908234111
   16.040000000    1.901884944    1.901896282    1.907371126
   16.050000000    1.901031938    1.901043268    1.906509291
   16.060000000    1.900180060    1.900191382    1.905648604
   16.070000000    1.899329309    1.899340623    1.904789063
   16.080000000    1.898479682    1.898490988    1.903930667
   16.090000000    1.897631179    1.897642477    1.903073414
   16.100000000    1.896783797    1.896795087    1.902217301
   16.110000000    1.895937534    1.895948817    1.901362326
   16.120000000    1.895092389    1.895103664    1.900508489
   16.130000000    1.894248360    1.894259626    1.899655786
   16.140000000    1.893405444    1.893416703    1.898804217
   16.150000000    1.892563640    1.892574892    1.897953779
   16.160000000    1.891722947    1.891734190    1.897104470
   16.170000000    1.890883362    1.890894598    1.896256288
   16.180000000    1.890044884    1.890056111    1.895409232
   16.190000000    1.889207510    1.889218730    1.894563300
   16.200000000    1.888371239    1.888382451    1.893718489
   16.210000000    1.887536070    1.887547274    1.892874799
   16.220000000    1.886701999    1.886713196    1.892032227
   16.230000000    1.885869027    1.885880216    1.891190771
   16.240000000    1.885037150    1.885048331    1.890350429
   16.250000000    1.884206367    1.884217540    1.889511200
   16.260000000    1.883376676    1.883387841    1.888673082
   16.270000000    1.882548075    1.882559233    1.887836072
   16.280000000    1.881720563    1.881731713    1.887000170
   16.290000000    1.880894138    1.880905281    1.886165373
   16.300000000    1.880068798    1.880079933    1.885331679
   16.310000000    1.879244541    1.879255668    1.884499087
   16.320000000    1.878421365    1.878432485    1.883667594
   16.330000000    1.877599270    1.877610381    1.882837200
   16.340000000    1.876778252    1.876789356    1.882007902
   16.350000000    1.875958310    1.875969407    1.881179698
   16.360000000    1.875139443    1.875150532    1.880352586
   16.370000000    1.874321648    1.874332730    1.879526566
   16.380000000    1.873504925    1.873515998    1.878701634
   16.390000000    1.872689270    1.872700336    1.877877789
   16.400000000    1.871874683    1.871885742    1.877055030
   16.410000000    1.871061162    1.871072213    1.876233354
   16.420000000    1.870248705    1.870259748    1.875412760
   16.430000000    1.869437309    1.869448345    1.874593246
   16.440000000    1.868626975    1.868638003    1.873774810
   16.450000000    1.867817699    1.867828719    1.872957451
   16.460000000    1.867009480    1.867020493    1.872141166
   16.470000000    1.866202316    1.866213322    1.871325954
   16.480000000    1.865396207    1.865407204    1.870511813
   16.490000000    1.864591148    1.864602139    1.869698742
   16.500000000    1.863787141    1.863798123    1.868886738
   16.510000000    1.862984181    1.862995156    1.868075800
   16.520000000    1.862182268    1.862193236    1.867265926
   16.530000000    1.861381401    1.861392361    1.866457115
   16.540000000    1.860581577    1.860592529    1.865649364
   16.550000000    1.859782794    1.859793739    1.864842672
   16.560000000    1.858985051    1.858995989    1.864037037
   16.570000000    1.858188347    1.858199277    1.863232458
   16.580000000    1.857392679    1.857403602    1.862428932
   16.590000000    1.856598046    1.856608962    1.861626458
   16.600000000    1.855804447    1.855815355    1.860825034
   16.610000000    1.855011879    1.855022779    1.860024659
   16.620000000    1.854220341    1.854231234    1.859225330
   16.630000000    1.853429831    1.853440716    1.858427047
   16.640000000    1.852640347    1.852651226    1.857629807
   16.650000000    1.851851889    1.851862760    1.856833609
   16.660000000    1.851064454    1.851075317    1.856038450
   16.670000000    1.850278040    1.850288896    1.855244330
   16.680000000    1.849492646    1.849503495    1.854451246
   16.690000000    1.848708271    1.848719112    1.853659197
   16.700000000    1.847924912    1.847935746    1.852868181
   16.710000000    1.847142568    1.847153394    1.852078197
   16.720000000    1.846361237    1.846372056    1.851289243
   16.730000000    1.845580918    1.845591730    1.850501316
   16.740000000    1.844801610    1.844812414    1.849714416
   16.750000000    1.844023309    1.844034106    1.848928541
   16.760000000    1.843246015    1.843256805    1.848143689
   16.770000000    1.842469727    1.842480510    1.847359858
   16.780000000    1.841694442    1.841705217    1.846577047
   16.790000000    1.840920159    1.840930927    1.845795253
   16.800000000    1.840146877    1.840157637    1.845014477
   16.810000000    1.839374593    1.839385346    1.844234715
   16.820000000    1.838603306    1.838614052    1.843455966
   16.830000000    1.837833014    1.837843753    1.842678229
   16.840000000    1.837063717    1.837074448    1.841901501
   16.850000000    1.836295411    1.836306136    1.841125782
   16.860000000    1.835528097    1.835538814    1.840351069
   16.870000000    1.834761771    1.834772481    1.839577361
   16.880000000    1.833996433    1.834007136    1.838804656
   16.890000000    1.833232081    1.833242777    1.838032953
   16.900000000    1.832468713    1.832479402    1.837262250
   16.910000000    1.831706328    1.831717009    1.836492545
   16.920000000    1.830944924    1.830955598    1.835723837
   16.930000000    1.830184500    1.830195166    1.834956124
   16.940000000    1.829425053    1.829435713    1.834189404
   16.950000000    1.828666583    1.828677236    1.833423676
   16.960000000    1.827909088    1.827919733    1.832658939
   16.970000000    1.827152566    1.827163204    1.831895190
   16.980000000    1.826397016    1.826407647    1.831132429
   16.990000000    1.825642436    1.825653060    1.830370653
   17.000000000    1.824888824    1.824899441    1.829609860
   17.010000000    1.824136180    1.824146789    1.828850050
   17.020000000    1.823384501    1.823395103    1.828091221
   17.030000000    1.822633786    1.822644381    1.827333371
   17.040000000    1.821884034    1.821894622    1.826576498
   17.050000000    1.821135242    1.821145823    1.825820601
   17.060000000    1.820387409    1.820397983    1.825065678
   17.070000000    1.819640535    1.819651102    1.824311729
   17.080000000    1.818894616    1.818905176    1.823558750
   17.090000000    1.818149653    1.818160205    1.822806741
   17.100000000    1.817405642    1.817416188    1.822055700
   17.110000000    1.816662583    1.816673122    1.821305626
   17.120000000    1.815920475    1.815931006    1.820556517
   17.130000000    1.815179314    1.815189839    1.819808371
   17.140000000    1.814439101    1.814449619    1.819061186
   17.150000000    1.813699834    1.813710344    1.818314962
   17.160000000    1.812961511    1.812972014    1.817569697
   17.170000000    1.812224130    1.812234626    1.816825389
   17.180000000    1.811487690    1.811498179    1.816082036
   17.190000000    1.810752190    1.810762672    1.815339638
   17.200000000    1.810017627    1.810028103    1.814598192
   17.210000000    1.809284002    1.809294470    1.813857697
   17.220000000    1.808551311    1.808561773    1.813118152
   17.230000000    1.807819554    1.807830009    1.812379554
   17.240000000    1.807088729    1.807099177    1.811641903
   17.250000000    1.806358835    1.806369275    1.810905197
   17.260000000    1.805629870    1.805640303    1.810169434
   17.270000000    1.804901832    1.804912258    1.809434613
   17.280000000    1.804174720    1.804185140    1.808700733
   17.290000000    1.803448534    1.803458946    1.807967791
   17.300000000    1.802723270    1.802733676    1.807235786
   17.310000000    1.801998928    1.802009327    1.806504718
   17.320000000    1.801275506    1.801285898    1.805774584
   17.330000000    1.800553004    1.800563389    1.805045382
   17.340000000    1.799831418    1.799841796    1.804317112
   17.350000000    1.799110748    1.799121120    1.803589771
   17.360000000    1.798390993    1.798401357    1.802863359
   17.370000000    1.797672151    1.797682508    1.802137874
   17.380000000    1.796954220    1.796964571    1.801413314
   17.390000000    1.796237199    1.796247543    1.800689678
   17.400000000    1.795521087    1.795531424    1.799966964
   17.410000000    1.794805882    1.794816212    1.799245172
   17.420000000    1.794091583    1.794101906    1.798524298
   17.430000000    1.793378188    1.793388505    1.797804343
   17.440000000    1.792665696    1.792676006    1.797085304
   17.450000000    1.791954106    1.791964408    1.796367180
   17.460000000    1.791243415    1.791253711    1.795649970
   17.470000000    1.790533623    1.790543912    1.794933672
   17.480000000    1.789824728    1.789835011    1.794218284
   17.490000000    1.789116729    1.789127005    1.793503806
   17.500000000    1.788409624    1.788419893    1.792790235
   17.510000000    1.787703412    1.787713674    1.792077570
   17.520000000    1.786998092    1.787008347    1.791365811
   17.530000000    1.786293661    1.786303910    1.790654954
   17.540000000    1.785590120    1.785600361    1.789945000
   17.550000000    1.784887465    1.784897700    1.789235946
   17.560000000    1.784185697    1.784195925    1.788527792
   17.570000000    1.783484812    1.783495034    1.787820534
   17.580000000    1.782784811    1.782795026    1.787114173
   17.590000000    1.782085692    1.782095900    1.786408707
   17.600000000    1.781387453    1.781397654    1.785704134
   17.610000000    1.780690092    1.780700287    1.785000453
   17.620000000    1.779993609    1.780003797    1.784297663
   17.630000000    1.779298003    1.779308184    1.783595762
   17.640000000    1.778603270    1.778613445    1.782894748
   17.650000000    1.777909412    1.777919580    1.782194620
   17.660000000    1.777216425    1.777226586    1.781495378
   17.670000000    1.776524309    1.776534463    1.780797019
   17.680000000    1.775833062    1.775843210    1.780099541
   17.690000000    1.775142683    1.775152824    1.779402945
   17.700000000    1.774453170    1.774463305    1.778707227
   17.710000000    1.773764522    1.773774650    1.778012388
   17.720000000    1.773076739    1.773086860    1.777318425
   17.730000000    1.772389817    1.772399932    1.776625337
   17.740000000    1.771703757    1.771713865    1.775933122
   17.750000000    1.771018556    1.771028657    1.775241780
   17.760000000    1.770334214    1.770344308    1.774551309
   17.770000000    1.769650728    1.769660816    1.773861707
   17.780000000    1.768968098    1.768978180    1.773172973
   17.790000000    1.768286323    1.768296398    1.772485106
   17.800000000    1.767605400    1.767615469    1.771798104
   17.810000000    1.766925329    1.766935391    1.771111967
   17.820000000    1.766246109    1.766256164    1.770426692
   17.830000000    1.765567737    1.765577785    1.769742278
   17.840000000    1.764890212    1.764900255    1.769058724
   17.850000000    1.764213534    1.764223570    1.768376029
   17.860000000    1.763537701    1.763547730    1.767694190
   17.870000000    1.762862712    1.762872734    1.767013208
   17.880000000    1.762188565    1.762198581    1.766333080
   17.890000000    1.761515259    1.761525268    1.765653805
   17.900000000    1.760842792    1.760852795    1.764975382
   17.910000000    1.760171164    1.760181160    1.764297810
   17.920000000    1.759500373    1.759510363    1.763621086
   17.930000000    1.758830417    1.758840401    1.762945210
   17.940000000    1.758161296    1.758171273    1.762270181
   17.950000000    1.757493008    1.757502978    1.761595997
   17.960000000    1.756825552    1.756835516    1.760922656
   17.970000000    1.756158926    1.756168884    1.760250158
   17.980000000    1.755493130    1.755503081    1.759578500
   17.990000000    1.754828161    1.754838105    1.758907683
   18.000000000    1.754164019    1.754173957    1.758237704
   18.010000000    1.753500702    1.753510634    1.757568562
   18.020000000    1.752838209    1.752848135    1.756900256
   18.030000000    1.752176539    1.752186458    1.756232784
   18.040000000    1.751515691    1.751525603    1.755566145
   18.050000000    1.750855662    1.750865568    1.754900339
   18.060000000    1.750196453    1.750206352    1.754235362
   18.070000000    1.749538061    1.749547954    1.753571215
   18.080000000    1.748880485    1.748890372    1.752907896
   18.090000000    1.748223725    1.748233605    1.752245404
   18.100000000    1.747567778    1.747577652    1.751583736
   18.110000000    1.746912644    1.746922512    1.750922893
   18.120000000    1.746258321    1.746268182    1.750262873
   18.130000000    1.745604808    1.745614663    1.749603674
   18.140000000    1.744952104    1.744961952    1.748945295
   18.150000000    1.744300207    1.744310049    1.748287735
   18.160000000    1.743649117    1.743658952    1.747630992
   18.170000000    1.742998831    1.743008660    1.746975066
   18.180000000    1.742349349    1.742359172    1.746319955
   18.190000000    1.741700670    1.741710486    1.745665657
   18.200000000    1.741052792    1.741062602    1.745012172
   18.210000000    1.740405713    1.740415517    1.744359498
   18.220000000    1.739759434    1.739769231    1.743707634
   18.230000000    1.739113952    1.739123743    1.743056579
   18.240000000    1.738469266    1.738479051    1.742406331
   18.250000000    1.737825375    1.737835154    1.741756889
   18.260000000    1.737182278    1.737192051    1.741108252
   18.270000000    1.736539974    1.736549740    1.740460419
   18.280000000    1.735898461    1.735908220    1.739813388
   18.290000000    1.735257737    1.735267491    1.739167158
   18.300000000    1.734617803    1.734627551    1.738521727
   18.310000000    1.733978657    1.733988398    1.737877096
   18.320000000    1.733340297    1.733350031    1.737233261
   18.330000000    1.732702722    1.732712450    1.736590223
   18.340000000    1.732065931    1.732075653    1.735947980
   18.350000000    1.731429922    1.731439638    1.735306530
   18.360000000    1.730794696    1.730804406    1.734665873
   18.370000000    1.730160250    1.730169953    1.734026006
   18.380000000    1.729526582    1.729536280    1.733386930
   18.390000000    1.728893693    1.728903384    1.732748642
   18.400000000    1.728261581    1.728271266    1.732111142
   18.410000000    1.727630244    1.727639922    1.731474427
   18.420000000    1.726999681    1.727009354    1.730838498
   18.430000000    1.726369892    1.726379558    1.730203353
   18.440000000    1.725740874    1.725750534    1.729568990
   18.450000000    1.725112627    1.725122281    1.728935408
   18.460000000    1.724485150    1.724494798    1.728302607
   18.470000000    1.723858441    1.723868083    1.727670584
   18.480000000    1.723232500    1.723242135    1.727039339
   18.490000000    1.722607324    1.722616953    1.726408871
   18.500000000    1.721982913    1.721992536    1.725779178
   18.510000000    1.721359266    1.721368883    1.725150259
   18.520000000    1.720736381    1.720745992    1.724522112
   18.530000000    1.720114258    1.720123863    1.723894738
   18.540000000    1.719492895    1.719502493    1.723268134
   18.550000000    1.718872291    1.718881883    1.722642299
   18.560000000    1.718252444    1.718262030    1.722017232
   18.570000000    1.717633354    1.717642934    1.721392932
   18.580000000    1.717015020    1.717024594    1.720769398
   18.590000000    1.716397440    1.716407008    1.720146628
   18.600000000    1.715780613    1.715790174    1.719524621
   18.610000000    1.715164537    1.715174093    1.718903377
   18.620000000    1.714549213    1.714558763    1.718282894
   18.630000000    1.713934639    1.713944182    1.717663170
   18.640000000    1.713320813    1.713330350    1.717044205
   18.650000000    1.712707734    1.712717266    1.716425997
   18.660000000    1.712095402    1.712104927    1.715808546
   18.670000000    1.711483814    1.711493334    1.715191850
   18.680000000    1.710872971    1.710882484    1.714575907
   18.690000000    1.710262870    1.710272377    1.713960718
   18.700000000    1.709653511    1.709663012    1.713346280
   18.710000000    1.709044893    1.709054388    1.712732592
   18.720000000    1.708437013    1.708446503    1.712119654
   18.730000000    1.707829873    1.707839356    1.711507463
   18.740000000    1.707223469    1.707232946    1.710896020
   18.750000000    1.706617801    1.706627272    1.710285323
   18.760000000    1.706012868    1.706022333    1.709675370
   18.770000000    1.705408669    1.705418128    1.709066160
   18.780000000    1.704805202    1.704814656    1.708457693
   18.790000000    1.704202467    1.704211915    1.707849968
   18.800000000    1.703600463    1.703609904    1.707242982
   18.810000000    1.702999187    1.703008622    1.706636735
   18.820000000    1.702398640    1.702408069    1.706031226
   18.830000000    1.701798820    1.701808243    1.705426454
   18.840000000    1.701199725    1.701209143    1.704822417
   18.850000000    1.700601356    1.700610767    1.704219114
   18.860000000    1.700003710    1.700013115    1.703616545
   18.870000000    1.699406787    1.699416186    1.703014708
   18.880000000    1.698810585    1.698819979    1.702413602
   18.890000000    1.698215104    1.698224491    1.701813226
   18.900000000    1.697620342    1.697629723    1.701213579
   18.910000000    1.697026298    1.697035674    1.700614659
   18.920000000    1.696432971    1.696442341    1.700016466
   18.930000000    1.695840360    1.695849724    1.699418998
   18.940000000    1.695248464    1.695257823    1.698822254
   18.950000000    1.694657283    1.694666635    1.698226234
   18.960000000    1.694066813    1.694076160    1.697630936
   18.970000000    1.693477056    1.693486396    1.697036358
   18.980000000    1.692888009    1.692897343    1.696442501
   18.990000000    1.692299671    1.692309000    1.695849362
   19.000000000    1.691712042    1.691721365    1.695256941
   19.010000000    1.691125121    1.691134437    1.694665236
   19.020000000    1.690538905    1.690548216    1.694074247
   19.030000000    1.689953395    1.689962700    1.693483973
   19.040000000    1.689368589    1.689377888    1.692894411
   19.050000000    1.688784486    1.688793779    1.692305562
   19.060000000    1.688201085    1.688210372    1.691717424
   19.070000000    1.687618384    1.687627666    1.691129996
   19.080000000    1.687036384    1.687045660    1.690543277
   19.090000000    1.686455083    1.686464353    1.689957265
   19.100000000    1.685874479    1.685883743    1.689371961
   19.110000000    1.685294572    1.685303830    1.688787362
   19.120000000    1.684715360    1.684724613    1.688203467
   19.130000000    1.684136843    1.684146090    1.687620276
   19.140000000    1.683559020    1.683568261    1.687037788
   19.150000000    1.682981889    1.682991124    1.686456001
   19.160000000    1.682405449    1.682414679    1.685874914
   19.170000000    1.681829700    1.681838924    1.685294527
   19.180000000    1.681254640    1.681263858    1.684714838
   19.190000000    1.680680269    1.680689481    1.684135845
   19.200000000    1.680106585    1.680115791    1.683557549
   19.210000000    1.679533586    1.679542787    1.682979948
   19.220000000    1.678961274    1.678970468    1.682403041
   19.230000000    1.678389645    1.678398834    1.681826826
   19.240000000    1.677818699    1.677827882    1.681251304
   19.250000000    1.677248435    1.677257613    1.680676472
   19.260000000    1.676678853    1.676688025    1.680102330
   19.270000000    1.676109950    1.676119116    1.679528876
   19.280000000    1.675541727    1.675550887    1.678956111
   19.290000000    1.674974181    1.674983336    1.678384031
   19.300000000    1.674407312    1.674416461    1.677812638
   19.310000000    1.673841119    1.673850263    1.677241928
   19.320000000    1.673275601    1.673284739    1.676671903
   19.330000000    1.672710757    1.672719889    1.676102559
   19.340000000    1.672146586    1.672155712    1.675533897
   19.350000000    1.671583087    1.671592207    1.674965916
   19.360000000    1.671020258    1.671029373    1.674398613
   19.370000000    1.670458100    1.670467209    1.673831989
   19.380000000    1.669896610    1.669905713    1.673266042
   19.390000000    1.669335788    1.669344885    1.672700772
   19.400000000    1.668775632    1.668784725    1.672136177
   19.410000000    1.668216143    1.668225229    1.671572255
   19.420000000    1.667657318    1.667666399    1.671009007
   19.430000000    1.667099157    1.667108233    1.670446431
   19.440000000    1.666541659    1.666550729    1.669884527
   19.450000000    1.665984823    1.665993887    1.669323292
   19.460000000    1.665428648    1.665437706    1.668762726
   19.470000000    1.664873132    1.664882185    1.668202829
   19.480000000    1.664318275    1.664327323    1.667643598
   19.490000000    1.663764077    1.663773118    1.667085034
   19.500000000    1.663210535    1.663219570    1.666527135
   19.510000000    1.662657648    1.662666679    1.665969899
   19.520000000    1.662105417    1.662114442    1.665413327
   19.530000000    1.661553840    1.661562859    1.664857417
   19.540000000    1.661002915    1.661011929    1.664302168
   19.550000000    1.660452643    1.660461651    1.663747579
   19.560000000    1.659903021    1.659912024    1.663193649
   19.570000000    1.659354050    1.659363047    1.662640377
   19.580000000    1.658805727    1.658814718    1.662087762
   19.590000000    1.658258053    1.658267038    1.661535803
   19.600000000    1.657711026    1.657720006    1.660984500
   19.610000000    1.657164644    1.657173619    1.660433850
   19.620000000    1.656618908    1.656627877    1.659883853
   19.630000000    1.656073816    1.656082780    1.659334509
   19.640000000    1.655529368    1.655538326    1.658785816
   19.650000000    1.654985561    1.654994514    1.658237773
   19.660000000    1.654442396    1.654451343    1.657690379
   19.670000000    1.653899872    1.653908813    1.657143634
   19.680000000    1.653357986    1.653366922    1.656597535
   19.690000000    1.652816739    1.652825670    1.656052083
   19.700000000    1.652276130    1.652285055    1.655507277
   19.710000000    1.651736157    1.651745076    1.654963114
   19.720000000    1.651196820    1.651205734    1.654419595
   19.730000000    1.650658117    1.650667025    1.653876719
   19.740000000    1.650120048    1.650128951    1.653334484
   19.750000000    1.649582612    1.649591509    1.652792889
   19.760000000    1.649045808    1.649054699    1.652251934
   19.770000000    1.648509634    1.648518521    1.651711617
   19.780000000    1.647974091    1.647982971    1.651171938
   19.790000000    1.647439176    1.647448051    1.650632896
   19.800000000    1.646904890    1.646913759    1.650094489
   19.810000000    1.646371230    1.646380095    1.649556717
   19.820000000    1.645838197    1.645847056    1.649019579
   19.830000000    1.645305789    1.645314642    1.648483074
   19.840000000    1.644774005    1.644782853    1.647947201
   19.850000000    1.644242845    1.644251688    1.647411958
   19.860000000    1.643712307    1.643721145    1.646877346
   19.870000000    1.643182391    1.643191223    1.646343362
   19.880000000    1.642653096    1.642661922    1.645810007
   19.890000000    1.642124420    1.642133241    1.645277279
   19.900000000    1.641596363    1.641605178    1.644745177
   19.910000000    1.641068923    1.641077733    1.644213701
   19.920000000    1.640542101    1.640550906    1.643682849
   19.930000000    1.640015895    1.640024694    1.643152620
   19.940000000    1.639490304    1.639499098    1.642623014
   19.950000000    1.638965327    1.638974115    1.642094030
   19.960000000    1.638440963    1.638449747    1.641565666
   19.970000000    1.637917212    1.637925990    1.641037922
   19.980000000    1.637394073    1.637402845    1.640510797
   19.990000000    1.636871544    1.636880310    1.639984289
   20.000000000    1.636349624    1.636358386    1.639458399
   20.010000000    1.635828314    1.635837070    1.638933125
   20.020000000    1.635307611    1.635316362    1.638408466
   20.030000000    1.634787515    1.634796261    1.637884421
   20.040000000    1.634268025    1.634276765    1.637360989
   20.050000000    1.633749141    1.633757876    1.636838170
