
     Program BANDS v.7.3.1 starts on 30Jul2026 at 21:54: 5 

     This program is part of the open-source Quantum ESPRESSO suite
     for quantum simulation of materials; please cite
         "P. Giannozzi et al., J. Phys.:Condens. Matter 21 395502 (2009);
         "P. Giannozzi et al., J. Phys.:Condens. Matter 29 465901 (2017);
         "P. Giannozzi et al., J. Chem. Phys. 152 154105 (2020);
          URL http://www.quantum-espresso.org", 
     in publications or presentations arising from this work. More details at
     http://www.quantum-espresso.org/quote

     Parallel version (MPI & OpenMP), running on      12 processor cores
     Number of MPI processes:                12
     Threads/MPI process:                     1

     MPI processes distributed on     1 nodes
     R & G space division:  proc/nbgrp/npool/nimage =      12
     70220 MiB available memory on the printing compute node when the environment starts
 

     Reading xml data from directory:

     ./tmp/GaN.save/
     file Ga.pbe-dn-kjpaw_psl.1.0.0.UPF: wavefunction(s)  4S renormalized
     file N.pbe-n-kjpaw_psl.1.0.0.UPF: wavefunction(s)  2S renormalized

     IMPORTANT: XC functional enforced from input :
     Exchange-correlation= PBE
                           (   1   4   3   4   0   0   0)
     Any further DFT definition will be discarded
     Please, verify this is what you really want

 
     Parallelization info
     --------------------
     sticks:   dense  smooth     PW     G-vecs:    dense   smooth      PW
     Min         149      59     17                 8301     2091     335
     Max         150      61     18                 8308     2094     340
     Sum        1789     721    211                99623    25109    4043
 
     Using Slab Decomposition
 
     Reading collected, re-writing distributed wavefunctions
     high-symmetry point:  0.0000 0.0000 0.3067   x coordinate   0.0000
     high-symmetry point:  0.5000 0.2887 0.3067   x coordinate   0.5774
     high-symmetry point:  0.5000 0.2887 0.0000   x coordinate   0.8840
     high-symmetry point:  0.0000 0.0000 0.0000   x coordinate   1.4614
     high-symmetry point:  0.0000 0.0000 0.3067   x coordinate   1.7680
     high-symmetry point:  0.3333 0.5774 0.3067   x coordinate   2.4347
     high-symmetry point:  0.3333 0.5774 0.0000   x coordinate   2.7414
     high-symmetry point:  0.0000 0.0000 0.0000   x coordinate   3.4080

     Plottable bands (eV) written to file GaNbands.dat.gnu
     Bands written to file GaNbands.dat

 **************************************************************************

                    xk=(   0.00000,   0.00000,   0.30667  )

     point group C_6v (6mm) 
     there are  6 classes
     the character table:

       E     2C6   2C3   C2    3s_v  3s_d 
A_1    1.00  1.00  1.00  1.00  1.00  1.00
A_2    1.00  1.00  1.00  1.00 -1.00 -1.00
B_1    1.00 -1.00  1.00 -1.00  1.00 -1.00
B_2    1.00 -1.00  1.00 -1.00 -1.00  1.00
E_1    2.00  1.00 -1.00 -2.00  0.00  0.00
E_2    2.00 -1.00 -1.00  2.00  0.00  0.00

     the symmetry operations in each class and the name of the first element:

     E        1
                                                                 
     2C6      3    4
                                                                 
     2C3      5    6
                                                                 
     C2       2
                                                                 
     3s_v     8   12   11
                                                                 
     3s_d     7    9   10
                                                                 

     Band symmetry, C_6v (6mm)  point group:

     e(  1 -  2) =     -5.96627  eV     2   --> A_1            
     e(  1 -  2) =     -5.96627  eV     2   --> B_1            
     e(  3 -  6) =     -4.16970  eV     4   --> E_1            
     e(  3 -  6) =     -4.16970  eV     4   --> E_2            
     e(  7 - 10) =     -3.90934  eV     4   --> E_1            
     e(  7 - 10) =     -3.90934  eV     4   --> E_2            
     e( 11 - 12) =     -3.83586  eV     2   --> A_1            
     e( 11 - 12) =     -3.83586  eV     2   --> B_1            
     e( 13 - 14) =      5.44715  eV     2   --> A_1            
     e( 13 - 14) =      5.44715  eV     2   --> B_1            
     e( 15 - 18) =      8.73720  eV     4   --> E_1            
     e( 15 - 18) =      8.73720  eV     4   --> E_2            
     e( 19 - 20) =     13.31192  eV     2   --> A_1            
     e( 19 - 20) =     13.31192  eV     2   --> B_1            
     e( 21 - 22) =     17.56560  eV     2   --> A_1            
     e( 21 - 22) =     17.56560  eV     2   --> B_1            
     e( 23 - 26) =     19.50533  eV     4   --> E_1            
     e( 23 - 26) =     19.50533  eV     4   --> E_2            
     e( 27 - 28) =     25.31415  eV     2   --> A_1            
     e( 27 - 28) =     25.31415  eV     2   --> B_1            
     e( 29 - 32) =     27.39576  eV     4   --> E_1            
     e( 29 - 32) =     27.39576  eV     4   --> E_2            
     e( 33 - 35) =     31.70739  eV     3   -->   ?

 **************************************************************************

 **************************************************************************

                    xk=(   0.05000,   0.02887,   0.30667  )

     point group C_s (m)    
     there are  2 classes
     the character table:

       E     s    
A'     1.00  1.00
A''    1.00 -1.00

     the symmetry operations in each class and the name of the first element:

     E        1
                                                                 
     s        2
                                                                 

     Band symmetry, C_s (m)     point group:

     e(  1 -  2) =     -5.95189  eV     2   -->   2 A'             
     e(  3 -  4) =     -4.16734  eV     2   -->   2 A'             
     e(  5 -  6) =     -4.16554  eV     2   -->   2 A''            
     e(  7 -  8) =     -3.92672  eV     2   -->   2 A'             
     e(  9 - 10) =     -3.90948  eV     2   -->   2 A''            
     e( 11 - 12) =     -3.80564  eV     2   -->   2 A'             
     e( 13 - 14) =      5.44281  eV     2   -->   2 A'             
     e( 15 - 16) =      8.59419  eV     2   -->   2 A'             
     e( 17 - 18) =      8.69834  eV     2   -->   2 A''            
     e( 19 - 20) =     13.44237  eV     2   -->   2 A'             
     e( 21 - 22) =     17.46985  eV     2   -->   2 A'             
     e( 23 - 24) =     19.45940  eV     2   -->   2 A'             
     e( 25 - 26) =     19.57161  eV     2   -->   2 A''            
     e( 27 - 28) =     25.38806  eV     2   -->   2 A'             
     e( 29 - 30) =     27.34846  eV     2   -->   2 A''            
     e( 31 - 32) =     27.43479  eV     2   -->   2 A'             
     e( 33 - 34) =     31.04220  eV     2   -->   2 A'             
     e( 35 - 35) =     31.86404  eV     1   --> A''            

 **************************************************************************

 **************************************************************************

                    xk=(   0.10000,   0.05774,   0.30667  )

     Band symmetry, C_s (m)     point group:

     e(  1 -  2) =     -5.91114  eV     2   -->   2 A'             
     e(  3 -  4) =     -4.16019  eV     2   -->   2 A'             
     e(  5 -  6) =     -4.15356  eV     2   -->   2 A''            
     e(  7 -  8) =     -3.95238  eV     2   -->   2 A'             
     e(  9 - 10) =     -3.90973  eV     2   -->   2 A''            
     e( 11 - 12) =     -3.73979  eV     2   -->   2 A'             
     e( 13 - 14) =      5.41797  eV     2   -->   2 A'             
     e( 15 - 16) =      8.23248  eV     2   -->   2 A'             
     e( 17 - 18) =      8.58775  eV     2   -->   2 A''            
     e( 19 - 20) =     13.76376  eV     2   -->   2 A'             
     e( 21 - 22) =     17.22046  eV     2   -->   2 A'             
     e( 23 - 24) =     19.35674  eV     2   -->   2 A'             
     e( 25 - 26) =     19.75866  eV     2   -->   2 A''            
     e( 27 - 28) =     25.37886  eV     2   -->   2 A'             
     e( 29 - 30) =     27.24439  eV     2   -->   2 A''            
     e( 31 - 32) =     27.75337  eV     2   -->   2 A'             
     e( 33 - 34) =     30.51675  eV     2   -->   2 A'             
     e( 35 - 35) =     32.29649  eV     1   --> A''            

 **************************************************************************

 **************************************************************************

                    xk=(   0.15000,   0.08660,   0.30667  )

     Band symmetry, C_s (m)     point group:

     e(  1 -  2) =     -5.85102  eV     2   -->   2 A'             
     e(  3 -  4) =     -4.14896  eV     2   -->   2 A'             
     e(  5 -  6) =     -4.13523  eV     2   -->   2 A''            
     e(  7 -  8) =     -3.97238  eV     2   -->   2 A'             
     e(  9 - 10) =     -3.90967  eV     2   -->   2 A''            
     e( 11 - 12) =     -3.64690  eV     2   -->   2 A'             
     e( 13 - 14) =      5.33270  eV     2   -->   2 A'             
     e( 15 - 16) =      7.79600  eV     2   -->   2 A'             
     e( 17 - 18) =      8.42126  eV     2   -->   2 A''            
     e( 19 - 20) =     14.12230  eV     2   -->   2 A'             
     e( 21 - 22) =     16.92559  eV     2   -->   2 A'             
     e( 23 - 24) =     19.24935  eV     2   -->   2 A'             
     e( 25 - 26) =     20.03317  eV     2   -->   2 A''            
     e( 27 - 28) =     25.06123  eV     2   -->   2 A'             
     e( 29 - 30) =     27.16544  eV     2   -->   2 A''            
     e( 31 - 32) =     28.50123  eV     2   -->   2 A'             
     e( 33 - 34) =     30.28571  eV     2   -->   2 A'             
     e( 35 - 35) =     32.92155  eV     1   --> A''            

 **************************************************************************

 **************************************************************************

                    xk=(   0.20000,   0.11547,   0.30667  )

     Band symmetry, C_s (m)     point group:

     e(  1 -  2) =     -5.78161  eV     2   -->   2 A'             
     e(  3 -  4) =     -4.13675  eV     2   -->   2 A'             
     e(  5 -  6) =     -4.11289  eV     2   -->   2 A''            
     e(  7 -  8) =     -3.98339  eV     2   -->   2 A'             
     e(  9 - 10) =     -3.90856  eV     2   -->   2 A''            
     e( 11 - 12) =     -3.52159  eV     2   -->   2 A'             
     e( 13 - 14) =      5.12067  eV     2   -->   2 A'             
     e( 15 - 16) =      7.43376  eV     2   -->   2 A'             
     e( 17 - 18) =      8.22076  eV     2   -->   2 A''            
     e( 19 - 20) =     14.35025  eV     2   -->   2 A'             
     e( 21 - 22) =     16.72951  eV     2   -->   2 A'             
     e( 23 - 24) =     19.16039  eV     2   -->   2 A'             
     e( 25 - 26) =     20.34712  eV     2   -->   2 A''            
     e( 27 - 28) =     24.60650  eV     2   -->   2 A'             
     e( 29 - 30) =     27.19353  eV     2   -->   2 A''            
     e( 31 - 32) =     29.21869  eV     2   -->   2 A'             
     e( 33 - 34) =     30.59014  eV     2   -->   2 A'             
     e( 35 - 35) =     33.64657  eV     1   --> A''            

 **************************************************************************

 **************************************************************************

                    xk=(   0.25000,   0.14434,   0.30667  )

     Band symmetry, C_s (m)     point group:

     e(  1 -  2) =     -5.71369  eV     2   -->   2 A'             
     e(  3 -  4) =     -4.12879  eV     2   -->   2 A'             
     e(  5 -  6) =     -4.08959  eV     2   -->   2 A''            
     e(  7 -  8) =     -3.98313  eV     2   -->   2 A'             
     e(  9 - 10) =     -3.90549  eV     2   -->   2 A''            
     e( 11 - 12) =     -3.35806  eV     2   -->   2 A'             
     e( 13 - 14) =      4.73969  eV     2   -->   2 A'             
     e( 15 - 16) =      7.23994  eV     2   -->   2 A'             
     e( 17 - 18) =      8.00897  eV     2   -->   2 A''            
     e( 19 - 20) =     14.34637  eV     2   -->   2 A'             
     e( 21 - 22) =     16.71125  eV     2   -->   2 A'             
     e( 23 - 24) =     19.09705  eV     2   -->   2 A'             
     e( 25 - 26) =     20.64800  eV     2   -->   2 A''            
     e( 27 - 28) =     24.21122  eV     2   -->   2 A'             
     e( 29 - 30) =     27.39014  eV     2   -->   2 A''            
     e( 31 - 32) =     29.43966  eV     2   -->   2 A'             
     e( 33 - 34) =     31.61962  eV     2   -->   2 A'             
     e( 35 - 35) =     34.36114  eV     1   --> A''            

 **************************************************************************

 **************************************************************************

                    xk=(   0.30000,   0.17321,   0.30667  )

     Band symmetry, C_s (m)     point group:

     e(  1 -  2) =     -5.65562  eV     2   -->   2 A'             
     e(  3 -  4) =     -4.12788  eV     2   -->   2 A'             
     e(  5 -  6) =     -4.06854  eV     2   -->   2 A''            
     e(  7 -  8) =     -3.97286  eV     2   -->   2 A'             
     e(  9 - 10) =     -3.89979  eV     2   -->   2 A''            
     e( 11 - 12) =     -3.15732  eV     2   -->   2 A'             
     e( 13 - 14) =      4.23712  eV     2   -->   2 A'             
     e( 15 - 16) =      7.20190  eV     2   -->   2 A'             
     e( 17 - 18) =      7.80669  eV     2   -->   2 A''            
     e( 19 - 20) =     14.16922  eV     2   -->   2 A'             
     e( 21 - 22) =     16.79049  eV     2   -->   2 A'             
     e( 23 - 24) =     19.06168  eV     2   -->   2 A'             
     e( 25 - 26) =     20.89411  eV     2   -->   2 A''            
     e( 27 - 28) =     23.97977  eV     2   -->   2 A'             
     e( 29 - 30) =     27.78583  eV     2   -->   2 A''            
     e( 31 - 32) =     29.50353  eV     2   -->   2 A'             
     e( 33 - 34) =     32.71540  eV     2   -->   2 A'             
     e( 35 - 35) =     34.88984  eV     1   --> A''            

 **************************************************************************

 **************************************************************************

                    xk=(   0.35000,   0.20207,   0.30667  )

     Band symmetry, C_s (m)     point group:

     e(  1 -  2) =     -5.61169  eV     2   -->   2 A'             
     e(  3 -  4) =     -4.13188  eV     2   -->   2 A'             
     e(  5 -  6) =     -4.05216  eV     2   -->   2 A''            
     e(  7 -  8) =     -3.95810  eV     2   -->   2 A'             
     e(  9 - 10) =     -3.89166  eV     2   -->   2 A''            
     e( 11 - 12) =     -2.93366  eV     2   -->   2 A'             
     e( 13 - 14) =      3.70971  eV     2   -->   2 A'             
     e( 15 - 16) =      7.25079  eV     2   -->   2 A'             
     e( 17 - 18) =      7.63144  eV     2   -->   2 A''            
     e( 19 - 20) =     13.94019  eV     2   -->   2 A'             
     e( 21 - 22) =     16.84951  eV     2   -->   2 A'             
     e( 23 - 24) =     19.04835  eV     2   -->   2 A'             
     e( 25 - 26) =     21.06755  eV     2   -->   2 A''            
     e( 27 - 28) =     23.93808  eV     2   -->   2 A'             
     e( 29 - 30) =     28.37059  eV     2   -->   2 A''            
     e( 31 - 32) =     29.56011  eV     2   -->   2 A'             
     e( 33 - 34) =     33.25788  eV     2   -->   2 A'             
     e( 35 - 35) =     34.98885  eV     1   --> A''            

 **************************************************************************

 **************************************************************************

                    xk=(   0.40000,   0.23094,   0.30667  )

     Band symmetry, C_s (m)     point group:

     e(  1 -  2) =     -5.58224  eV     2   -->   2 A'             
     e(  3 -  4) =     -4.13715  eV     2   -->   2 A'             
     e(  5 -  6) =     -4.04131  eV     2   -->   2 A''            
     e(  7 -  8) =     -3.94441  eV     2   -->   2 A'             
     e(  9 - 10) =     -3.88283  eV     2   -->   2 A''            
     e( 11 - 12) =     -2.71826  eV     2   -->   2 A'             
     e( 13 - 14) =      3.24802  eV     2   -->   2 A'             
     e( 15 - 16) =      7.32643  eV     2   -->   2 A'             
     e( 17 - 18) =      7.49665  eV     2   -->   2 A''            
     e( 19 - 20) =     13.73865  eV     2   -->   2 A'             
     e( 21 - 22) =     16.85571  eV     2   -->   2 A'             
     e( 23 - 24) =     19.04500  eV     2   -->   2 A'             
     e( 25 - 26) =     21.17320  eV     2   -->   2 A''            
     e( 27 - 28) =     24.03644  eV     2   -->   2 A'             
     e( 29 - 30) =     29.07833  eV     2   -->   2 A''            
     e( 31 - 32) =     29.62109  eV     2   -->   2 A'             
     e( 33 - 34) =     33.16161  eV     2   -->   2 A'             
     e( 35 - 35) =     34.57977  eV     1   --> A''            

 **************************************************************************

 **************************************************************************

                    xk=(   0.45000,   0.25981,   0.30667  )

     Band symmetry, C_s (m)     point group:

     e(  1 -  2) =     -5.56575  eV     2   -->   2 A'             
     e(  3 -  4) =     -4.14117  eV     2   -->   2 A'             
     e(  5 -  6) =     -4.03541  eV     2   -->   2 A''            
     e(  7 -  8) =     -3.93518  eV     2   -->   2 A'             
     e(  9 - 10) =     -3.87597  eV     2   -->   2 A''            
     e( 11 - 12) =     -2.55692  eV     2   -->   2 A'             
     e( 13 - 14) =      2.92931  eV     2   -->   2 A'             
     e( 15 - 16) =      7.38807  eV     2   -->   2 A'             
     e( 17 - 18) =      7.41199  eV     2   -->   2 A''            
     e( 19 - 20) =     13.60473  eV     2   -->   2 A'             
     e( 21 - 22) =     16.83587  eV     2   -->   2 A'             
     e( 23 - 24) =     19.04348  eV     2   -->   2 A'             
     e( 25 - 26) =     21.22705  eV     2   -->   2 A''            
     e( 27 - 28) =     24.16921  eV     2   -->   2 A'             
     e( 29 - 30) =     29.67129  eV     2   -->   2 A'             
     e( 31 - 32) =     29.75293  eV     2   -->   2 A''            
     e( 33 - 34) =     32.89546  eV     2   -->   2 A'             
     e( 35 - 35) =     33.96697  eV     1   --> A''            

 **************************************************************************

 **************************************************************************

                    xk=(   0.50000,   0.28868,   0.30667  )

     point group C_2v (mm2) 
     there are  4 classes
     the character table:

       E     C2    s_v   s_v' 
A_1    1.00  1.00  1.00  1.00
A_2    1.00  1.00 -1.00 -1.00
B_1    1.00 -1.00  1.00 -1.00
B_2    1.00 -1.00 -1.00  1.00

     the symmetry operations in each class and the name of the first element:

     E        1
                                                                 
     C2       2
                                                                 
     s_v      4
                                                                 
     s_v'     3
                                                                 

     Band symmetry, C_2v (mm2)  point group:

     e(  1 -  2) =     -5.56048  eV     2   --> A_1  D_1  S_1  
     e(  1 -  2) =     -5.56048  eV     2   --> B_1  D_3  S_3  
     e(  3 -  4) =     -4.14264  eV     2   --> A_1  D_1  S_1  
     e(  3 -  4) =     -4.14264  eV     2   --> B_1  D_3  S_3  
     e(  5 -  6) =     -4.03357  eV     2   --> A_2  D_2  S_2  
     e(  5 -  6) =     -4.03357  eV     2   --> B_2  D_4  S_4  
     e(  7 -  8) =     -3.93196  eV     2   --> A_1  D_1  S_1  
     e(  7 -  8) =     -3.93196  eV     2   --> B_1  D_3  S_3  
     e(  9 - 10) =     -3.87340  eV     2   --> A_2  D_2  S_2  
     e(  9 - 10) =     -3.87340  eV     2   --> B_2  D_4  S_4  
     e( 11 - 12) =     -2.49621  eV     2   --> A_1  D_1  S_1  
     e( 11 - 12) =     -2.49621  eV     2   --> B_1  D_3  S_3  
     e( 13 - 14) =      2.81476  eV     2   --> A_1  D_1  S_1  
     e( 13 - 14) =      2.81476  eV     2   --> B_1  D_3  S_3  
     e( 15 - 16) =      7.38314  eV     2   --> A_2  D_2  S_2  
     e( 15 - 16) =      7.38314  eV     2   --> B_2  D_4  S_4  
     e( 17 - 18) =      7.41142  eV     2   --> A_1  D_1  S_1  
     e( 17 - 18) =      7.41142  eV     2   --> B_1  D_3  S_3  
     e( 19 - 20) =     13.55807  eV     2   --> A_1  D_1  S_1  
     e( 19 - 20) =     13.55807  eV     2   --> B_1  D_3  S_3  
     e( 21 - 22) =     16.82466  eV     2   --> A_1  D_1  S_1  
     e( 21 - 22) =     16.82466  eV     2   --> B_1  D_3  S_3  
     e( 23 - 24) =     19.04275  eV     2   --> A_1  D_1  S_1  
     e( 23 - 24) =     19.04275  eV     2   --> B_1  D_3  S_3  
     e( 25 - 26) =     21.24321  eV     2   --> A_2  D_2  S_2  
     e( 25 - 26) =     21.24321  eV     2   --> B_2  D_4  S_4  
     e( 27 - 28) =     24.22878  eV     2   --> A_1  D_1  S_1  
     e( 27 - 28) =     24.22878  eV     2   --> B_1  D_3  S_3  
     e( 29 - 30) =     29.69117  eV     2   --> A_1  D_1  S_1  
     e( 29 - 30) =     29.69117  eV     2   --> B_1  D_3  S_3  
     e( 31 - 32) =     30.06673  eV     2   --> A_2  D_2  S_2  
     e( 31 - 32) =     30.06673  eV     2   --> B_2  D_4  S_4  
     e( 33 - 34) =     32.77539  eV     2   --> A_1  D_1  S_1  
     e( 33 - 34) =     32.77539  eV     2   --> B_1  D_3  S_3  
     e( 35 - 35) =     33.65375  eV     1   -->   ?

 **************************************************************************

 **************************************************************************

                    xk=(   0.50000,   0.28868,   0.27600  )

     Band symmetry, C_2v (mm2)  point group:

     e(  1 -  1) =     -5.57307  eV     1   --> B_1  D_3  S_3  
     e(  2 -  2) =     -5.55025  eV     1   --> A_1  D_1  S_1  
     e(  3 -  3) =     -4.14929  eV     1   --> B_1  D_3  S_3  
     e(  4 -  4) =     -4.13331  eV     1   --> A_1  D_1  S_1  
     e(  5 -  5) =     -4.04722  eV     1   --> A_2  D_2  S_2  
     e(  6 -  6) =     -4.02013  eV     1   --> B_2  D_4  S_4  
     e(  7 -  7) =     -3.94346  eV     1   --> B_1  D_3  S_3  
     e(  8 -  8) =     -3.92243  eV     1   --> A_1  D_1  S_1  
     e(  9 -  9) =     -3.87500  eV     1   --> A_2  D_2  S_2  
     e( 10 - 10) =     -3.87143  eV     1   --> B_2  D_4  S_4  
     e( 11 - 11) =     -2.53820  eV     1   --> B_1  D_3  S_3  
     e( 12 - 12) =     -2.45200  eV     1   --> A_1  D_1  S_1  
     e( 13 - 13) =      2.73778  eV     1   --> A_1  D_1  S_1  
     e( 14 - 14) =      2.91713  eV     1   --> B_1  D_3  S_3  
     e( 15 - 15) =      7.18588  eV     1   --> A_1  D_1  S_1  
     e( 16 - 16) =      7.25591  eV     1   --> B_2  D_4  S_4  
     e( 17 - 17) =      7.51355  eV     1   --> A_2  D_2  S_2  
     e( 18 - 18) =      7.58569  eV     1   --> B_1  D_3  S_3  
     e( 19 - 19) =     13.39873  eV     1   --> B_1  D_3  S_3  
     e( 20 - 20) =     13.74853  eV     1   --> A_1  D_1  S_1  
     e( 21 - 21) =     16.71145  eV     1   --> A_1  D_1  S_1  
     e( 22 - 22) =     16.93657  eV     1   --> B_1  D_3  S_3  
     e( 23 - 23) =     19.02678  eV     1   --> B_1  D_3  S_3  
     e( 24 - 24) =     19.09563  eV     1   --> A_1  D_1  S_1  
     e( 25 - 25) =     20.97540  eV     1   --> A_2  D_2  S_2  
     e( 26 - 26) =     21.50960  eV     1   --> B_2  D_4  S_4  
     e( 27 - 27) =     23.84538  eV     1   --> B_1  D_3  S_3  
     e( 28 - 28) =     24.64330  eV     1   --> A_1  D_1  S_1  
     e( 29 - 29) =     29.57998  eV     1   --> B_1  D_3  S_3  
     e( 30 - 30) =     29.68101  eV     1   --> A_1  D_1  S_1  
     e( 31 - 31) =     29.72480  eV     1   --> A_2  D_2  S_2  
     e( 32 - 32) =     30.44319  eV     1   --> B_2  D_4  S_4  
     e( 33 - 33) =     32.59727  eV     1   --> B_1  D_3  S_3  
     e( 34 - 34) =     32.94194  eV     1   --> A_1  D_1  S_1  
     e( 35 - 35) =     33.51321  eV     1   -->   ?

 **************************************************************************

 **************************************************************************

                    xk=(   0.50000,   0.28868,   0.24533  )

     Band symmetry, C_2v (mm2)  point group:

     e(  1 -  1) =     -5.58759  eV     1   --> B_1  D_3  S_3  
     e(  2 -  2) =     -5.54249  eV     1   --> A_1  D_1  S_1  
     e(  3 -  3) =     -4.15335  eV     1   --> B_1  D_3  S_3  
     e(  4 -  4) =     -4.12134  eV     1   --> A_1  D_1  S_1  
     e(  5 -  5) =     -4.06065  eV     1   --> A_2  D_2  S_2  
     e(  6 -  6) =     -4.00730  eV     1   --> B_2  D_4  S_4  
     e(  7 -  7) =     -3.95633  eV     1   --> B_1  D_3  S_3  
     e(  8 -  8) =     -3.91536  eV     1   --> A_1  D_1  S_1  
     e(  9 -  9) =     -3.87630  eV     1   --> A_2  D_2  S_2  
     e( 10 - 10) =     -3.86910  eV     1   --> B_2  D_4  S_4  
     e( 11 - 11) =     -2.57687  eV     1   --> B_1  D_3  S_3  
     e( 12 - 12) =     -2.40692  eV     1   --> A_1  D_1  S_1  
     e( 13 - 13) =      2.68799  eV     1   --> A_1  D_1  S_1  
     e( 14 - 14) =      3.04205  eV     1   --> B_1  D_3  S_3  
     e( 15 - 15) =      6.92378  eV     1   --> A_1  D_1  S_1  
     e( 16 - 16) =      7.13471  eV     1   --> B_2  D_4  S_4  
     e( 17 - 17) =      7.64419  eV     1   --> A_2  D_2  S_2  
     e( 18 - 18) =      7.69642  eV     1   --> B_1  D_3  S_3  
     e( 19 - 19) =     13.29659  eV     1   --> B_1  D_3  S_3  
     e( 20 - 20) =     13.93915  eV     1   --> A_1  D_1  S_1  
     e( 21 - 21) =     16.63878  eV     1   --> A_1  D_1  S_1  
     e( 22 - 22) =     16.99737  eV     1   --> B_1  D_3  S_3  
     e( 23 - 23) =     19.08476  eV     1   --> B_1  D_3  S_3  
     e( 24 - 24) =     19.16021  eV     1   --> A_1  D_1  S_1  
     e( 25 - 25) =     20.71264  eV     1   --> A_2  D_2  S_2  
     e( 26 - 26) =     21.76833  eV     1   --> B_2  D_4  S_4  
     e( 27 - 27) =     23.50236  eV     1   --> B_1  D_3  S_3  
     e( 28 - 28) =     25.07442  eV     1   --> A_1  D_1  S_1  
     e( 29 - 29) =     29.32437  eV     1   --> B_1  D_3  S_3  
     e( 30 - 30) =     29.41873  eV     1   --> A_2  D_2  S_2  
     e( 31 - 31) =     29.58806  eV     1   --> A_1  D_1  S_1  
     e( 32 - 32) =     30.85253  eV     1   --> B_2  D_4  S_4  
     e( 33 - 33) =     32.44133  eV     1   --> B_1  D_3  S_3  
     e( 34 - 34) =     33.07340  eV     1   --> A_1  D_1  S_1  
     e( 35 - 35) =     33.39290  eV     1   -->   ?

 **************************************************************************

 **************************************************************************

                    xk=(   0.50000,   0.28868,   0.21467  )

     Band symmetry, C_2v (mm2)  point group:

     e(  1 -  1) =     -5.60345  eV     1   --> B_1  D_3  S_3  
     e(  2 -  2) =     -5.53714  eV     1   --> A_1  D_1  S_1  
     e(  3 -  3) =     -4.15510  eV     1   --> B_1  D_3  S_3  
     e(  4 -  4) =     -4.10697  eV     1   --> A_1  D_1  S_1  
     e(  5 -  5) =     -4.07348  eV     1   --> A_2  D_2  S_2  
     e(  6 -  6) =     -3.99546  eV     1   --> B_2  D_4  S_4  
     e(  7 -  7) =     -3.96996  eV     1   --> B_1  D_3  S_3  
     e(  8 -  8) =     -3.91112  eV     1   --> A_1  D_1  S_1  
     e(  9 -  9) =     -3.87734  eV     1   --> A_2  D_2  S_2  
     e( 10 - 10) =     -3.86637  eV     1   --> B_2  D_4  S_4  
     e( 11 - 11) =     -2.61148  eV     1   --> B_1  D_3  S_3  
     e( 12 - 12) =     -2.36254  eV     1   --> A_1  D_1  S_1  
     e( 13 - 13) =      2.66624  eV     1   --> A_1  D_1  S_1  
     e( 14 - 14) =      3.18570  eV     1   --> B_1  D_3  S_3  
     e( 15 - 15) =      6.63933  eV     1   --> A_1  D_1  S_1  
     e( 16 - 16) =      7.02205  eV     1   --> B_2  D_4  S_4  
     e( 17 - 17) =      7.73673  eV     1   --> B_1  D_3  S_3  
     e( 18 - 18) =      7.77172  eV     1   --> A_2  D_2  S_2  
     e( 19 - 19) =     13.26900  eV     1   --> B_1  D_3  S_3  
     e( 20 - 20) =     14.09937  eV     1   --> A_1  D_1  S_1  
     e( 21 - 21) =     16.63598  eV     1   --> A_1  D_1  S_1  
     e( 22 - 22) =     16.96571  eV     1   --> B_1  D_3  S_3  
     e( 23 - 23) =     19.22283  eV     1   --> A_1  D_1  S_1  
     e( 24 - 24) =     19.24840  eV     1   --> B_1  D_3  S_3  
     e( 25 - 25) =     20.46125  eV     1   --> A_2  D_2  S_2  
     e( 26 - 26) =     22.01365  eV     1   --> B_2  D_4  S_4  
     e( 27 - 27) =     23.20432  eV     1   --> B_1  D_3  S_3  
     e( 28 - 28) =     25.50024  eV     1   --> A_1  D_1  S_1  
     e( 29 - 29) =     28.92868  eV     1   --> B_1  D_3  S_3  
     e( 30 - 30) =     29.14907  eV     1   --> A_2  D_2  S_2  
     e( 31 - 31) =     29.45792  eV     1   --> A_1  D_1  S_1  
     e( 32 - 32) =     31.29195  eV     1   --> B_2  D_4  S_4  
     e( 33 - 33) =     32.32981  eV     1   --> B_1  D_3  S_3  
     e( 34 - 34) =     33.16378  eV     1   --> A_1  D_1  S_1  
     e( 35 - 35) =     33.29603  eV     1   --> B_2  D_4  S_4  

 **************************************************************************

 **************************************************************************

                    xk=(   0.50000,   0.28868,   0.18400  )

     Band symmetry, C_2v (mm2)  point group:

     e(  1 -  1) =     -5.61978  eV     1   --> B_1  D_3  S_3  
     e(  2 -  2) =     -5.53387  eV     1   --> A_1  D_1  S_1  
     e(  3 -  3) =     -4.15488  eV     1   --> B_1  D_3  S_3  
     e(  4 -  4) =     -4.09055  eV     1   --> A_1  D_1  S_1  
     e(  5 -  5) =     -4.08532  eV     1   --> A_2  D_2  S_2  
     e(  6 -  6) =     -3.98494  eV     1   --> B_2  D_4  S_4  
     e(  7 -  7) =     -3.98365  eV     1   --> B_1  D_3  S_3  
     e(  8 -  8) =     -3.90991  eV     1   --> A_1  D_1  S_1  
     e(  9 -  9) =     -3.87816  eV     1   --> A_2  D_2  S_2  
     e( 10 - 10) =     -3.86330  eV     1   --> B_2  D_4  S_4  
     e( 11 - 11) =     -2.64154  eV     1   --> B_1  D_3  S_3  
     e( 12 - 12) =     -2.32049  eV     1   --> A_1  D_1  S_1  
     e( 13 - 13) =      2.67196  eV     1   --> A_1  D_1  S_1  
     e( 14 - 14) =      3.34321  eV     1   --> B_1  D_3  S_3  
     e( 15 - 15) =      6.34612  eV     1   --> A_1  D_1  S_1  
     e( 16 - 16) =      6.92013  eV     1   --> B_2  D_4  S_4  
     e( 17 - 17) =      7.70882  eV     1   --> B_1  D_3  S_3  
     e( 18 - 18) =      7.89282  eV     1   --> A_2  D_2  S_2  
     e( 19 - 19) =     13.32295  eV     1   --> B_1  D_3  S_3  
     e( 20 - 20) =     14.20859  eV     1   --> A_1  D_1  S_1  
     e( 21 - 21) =     16.71526  eV     1   --> A_1  D_1  S_1  
     e( 22 - 22) =     16.83198  eV     1   --> B_1  D_3  S_3  
     e( 23 - 23) =     19.27736  eV     1   --> A_1  D_1  S_1  
     e( 24 - 24) =     19.52102  eV     1   --> B_1  D_3  S_3  
     e( 25 - 25) =     20.22808  eV     1   --> A_2  D_2  S_2  
     e( 26 - 26) =     22.23984  eV     1   --> B_2  D_4  S_4  
     e( 27 - 27) =     22.95271  eV     1   --> B_1  D_3  S_3  
     e( 28 - 28) =     25.88851  eV     1   --> A_1  D_1  S_1  
     e( 29 - 29) =     28.42480  eV     1   --> B_1  D_3  S_3  
     e( 30 - 30) =     28.91734  eV     1   --> A_2  D_2  S_2  
     e( 31 - 31) =     29.34354  eV     1   --> A_1  D_1  S_1  
     e( 32 - 32) =     31.75517  eV     1   --> B_2  D_4  S_4  
     e( 33 - 33) =     32.26425  eV     1   --> B_1  D_3  S_3  
     e( 34 - 34) =     33.21573  eV     1   --> A_1  D_1  S_1  
     e( 35 - 35) =     33.22605  eV     1   --> B_2  D_4  S_4  

 **************************************************************************

 **************************************************************************

                    xk=(   0.50000,   0.28868,   0.15333  )

     Band symmetry, C_2v (mm2)  point group:

     e(  1 -  1) =     -5.63575  eV     1   --> B_1  D_3  S_3  
     e(  2 -  2) =     -5.53229  eV     1   --> A_1  D_1  S_1  
     e(  3 -  3) =     -4.15322  eV     1   --> B_1  D_3  S_3  
     e(  4 -  4) =     -4.09589  eV     1   --> A_2  D_2  S_2  
     e(  5 -  5) =     -4.07264  eV     1   --> A_1  D_1  S_1  
     e(  6 -  6) =     -3.99676  eV     1   --> B_1  D_3  S_3  
     e(  7 -  7) =     -3.97598  eV     1   --> B_2  D_4  S_4  
     e(  8 -  8) =     -3.91182  eV     1   --> A_1  D_1  S_1  
     e(  9 -  9) =     -3.87879  eV     1   --> A_2  D_2  S_2  
     e( 10 - 10) =     -3.86004  eV     1   --> B_2  D_4  S_4  
     e( 11 - 11) =     -2.66685  eV     1   --> B_1  D_3  S_3  
     e( 12 - 12) =     -2.28234  eV     1   --> A_1  D_1  S_1  
     e( 13 - 13) =      2.70267  eV     1   --> A_1  D_1  S_1  
     e( 14 - 14) =      3.50813  eV     1   --> B_1  D_3  S_3  
     e( 15 - 15) =      6.05697  eV     1   --> A_1  D_1  S_1  
     e( 16 - 16) =      6.83072  eV     1   --> B_2  D_4  S_4  
     e( 17 - 17) =      7.62435  eV     1   --> B_1  D_3  S_3  
     e( 18 - 18) =      8.00347  eV     1   --> A_2  D_2  S_2  
     e( 19 - 19) =     13.45456  eV     1   --> B_1  D_3  S_3  
     e( 20 - 20) =     14.26426  eV     1   --> A_1  D_1  S_1  
     e( 21 - 21) =     16.61422  eV     1   --> B_1  D_3  S_3  
     e( 22 - 22) =     16.86603  eV     1   --> A_1  D_1  S_1  
     e( 23 - 23) =     19.32121  eV     1   --> A_1  D_1  S_1  
     e( 24 - 24) =     19.87819  eV     1   --> B_1  D_3  S_3  
     e( 25 - 25) =     20.01825  eV     1   --> A_2  D_2  S_2  
     e( 26 - 26) =     22.44125  eV     1   --> B_2  D_4  S_4  
     e( 27 - 27) =     22.74591  eV     1   --> B_1  D_3  S_3  
     e( 28 - 28) =     26.19498  eV     1   --> A_1  D_1  S_1  
     e( 29 - 29) =     27.85567  eV     1   --> B_1  D_3  S_3  
     e( 30 - 30) =     28.72147  eV     1   --> A_2  D_2  S_2  
     e( 31 - 31) =     29.30475  eV     1   --> A_1  D_1  S_1  
     e( 32 - 32) =     32.22452  eV     1   --> B_2  D_4  S_4  
     e( 33 - 33) =     32.23261  eV     1   --> B_1  D_3  S_3  
     e( 34 - 34) =     33.18828  eV     1   --> B_2  D_4  S_4  
     e( 35 - 35) =     33.22827  eV     1   --> A_1  D_1  S_1  

 **************************************************************************

 **************************************************************************

                    xk=(   0.50000,   0.28868,   0.12267  )

     Band symmetry, C_2v (mm2)  point group:

     e(  1 -  1) =     -5.65038  eV     1   --> B_1  D_3  S_3  
     e(  2 -  2) =     -5.53191  eV     1   --> A_1  D_1  S_1  
     e(  3 -  3) =     -4.15064  eV     1   --> B_1  D_3  S_3  
     e(  4 -  4) =     -4.10494  eV     1   --> A_2  D_2  S_2  
     e(  5 -  5) =     -4.05385  eV     1   --> A_1  D_1  S_1  
     e(  6 -  6) =     -4.00867  eV     1   --> B_1  D_3  S_3  
     e(  7 -  7) =     -3.96872  eV     1   --> B_2  D_4  S_4  
     e(  8 -  8) =     -3.91673  eV     1   --> A_1  D_1  S_1  
     e(  9 -  9) =     -3.87927  eV     1   --> A_2  D_2  S_2  
     e( 10 - 10) =     -3.85678  eV     1   --> B_2  D_4  S_4  
     e( 11 - 11) =     -2.68735  eV     1   --> B_1  D_3  S_3  
     e( 12 - 12) =     -2.24945  eV     1   --> A_1  D_1  S_1  
     e( 13 - 13) =      2.75350  eV     1   --> A_1  D_1  S_1  
     e( 14 - 14) =      3.67198  eV     1   --> B_1  D_3  S_3  
     e( 15 - 15) =      5.78502  eV     1   --> A_1  D_1  S_1  
     e( 16 - 16) =      6.75547  eV     1   --> B_2  D_4  S_4  
     e( 17 - 17) =      7.50300  eV     1   --> B_1  D_3  S_3  
     e( 18 - 18) =      8.10013  eV     1   --> A_2  D_2  S_2  
     e( 19 - 19) =     13.65258  eV     1   --> B_1  D_3  S_3  
     e( 20 - 20) =     14.27941  eV     1   --> A_1  D_1  S_1  
     e( 21 - 21) =     16.33793  eV     1   --> B_1  D_3  S_3  
     e( 22 - 22) =     17.05922  eV     1   --> A_1  D_1  S_1  
     e( 23 - 23) =     19.35410  eV     1   --> A_1  D_1  S_1  
     e( 24 - 24) =     19.83732  eV     1   --> A_2  D_2  S_2  
     e( 25 - 25) =     20.28657  eV     1   --> B_1  D_3  S_3  
     e( 26 - 26) =     22.58024  eV     1   --> B_1  D_3  S_3  
     e( 27 - 27) =     22.61327  eV     1   --> B_2  D_4  S_4  
     e( 28 - 28) =     26.38137  eV     1   --> A_1  D_1  S_1  
     e( 29 - 29) =     27.26618  eV     1   --> B_1  D_3  S_3  
     e( 30 - 30) =     28.56121  eV     1   --> A_2  D_2  S_2  
     e( 31 - 31) =     29.39152  eV     1   --> A_1  D_1  S_1  
     e( 32 - 32) =     32.22201  eV     1   --> B_1  D_3  S_3  
     e( 33 - 33) =     32.65071  eV     1   --> B_2  D_4  S_4  
     e( 34 - 34) =     33.19448  eV     1   --> A_1  D_1  S_1  
     e( 35 - 35) =     33.22031  eV     1   --> B_2  D_4  S_4  

 **************************************************************************

 **************************************************************************

                    xk=(   0.50000,   0.28868,   0.09200  )

     Band symmetry, C_2v (mm2)  point group:

     e(  1 -  1) =     -5.66283  eV     1   --> B_1  D_3  S_3  
     e(  2 -  2) =     -5.53225  eV     1   --> A_1  D_1  S_1  
     e(  3 -  3) =     -4.14771  eV     1   --> B_1  D_3  S_3  
     e(  4 -  4) =     -4.11219  eV     1   --> A_2  D_2  S_2  
     e(  5 -  5) =     -4.03499  eV     1   --> A_1  D_1  S_1  
     e(  6 -  6) =     -4.01880  eV     1   --> B_1  D_3  S_3  
     e(  7 -  7) =     -3.96317  eV     1   --> B_2  D_4  S_4  
     e(  8 -  8) =     -3.92429  eV     1   --> A_1  D_1  S_1  
     e(  9 -  9) =     -3.87963  eV     1   --> A_2  D_2  S_2  
     e( 10 - 10) =     -3.85381  eV     1   --> B_2  D_4  S_4  
     e( 11 - 11) =     -2.70312  eV     1   --> B_1  D_3  S_3  
     e( 12 - 12) =     -2.22290  eV     1   --> A_1  D_1  S_1  
     e( 13 - 13) =      2.81618  eV     1   --> A_1  D_1  S_1  
     e( 14 - 14) =      3.82363  eV     1   --> B_1  D_3  S_3  
     e( 15 - 15) =      5.54467  eV     1   --> A_1  D_1  S_1  
     e( 16 - 16) =      6.69562  eV     1   --> B_2  D_4  S_4  
     e( 17 - 17) =      7.36874  eV     1   --> B_1  D_3  S_3  
     e( 18 - 18) =      8.17956  eV     1   --> A_2  D_2  S_2  
     e( 19 - 19) =     13.90155  eV     1   --> B_1  D_3  S_3  
     e( 20 - 20) =     14.27203  eV     1   --> A_1  D_1  S_1  
     e( 21 - 21) =     16.02593  eV     1   --> B_1  D_3  S_3  
     e( 22 - 22) =     17.25876  eV     1   --> A_1  D_1  S_1  
     e( 23 - 23) =     19.37664  eV     1   --> A_1  D_1  S_1  
     e( 24 - 24) =     19.69087  eV     1   --> A_2  D_2  S_2  
     e( 25 - 25) =     20.70981  eV     1   --> B_1  D_3  S_3  
     e( 26 - 26) =     22.45023  eV     1   --> B_1  D_3  S_3  
     e( 27 - 27) =     22.75165  eV     1   --> B_2  D_4  S_4  
     e( 28 - 28) =     26.44656  eV     1   --> A_1  D_1  S_1  
     e( 29 - 29) =     26.70072  eV     1   --> B_1  D_3  S_3  
     e( 30 - 30) =     28.43707  eV     1   --> A_2  D_2  S_2  
     e( 31 - 31) =     29.60775  eV     1   --> A_1  D_1  S_1  
     e( 32 - 32) =     32.22233  eV     1   --> B_1  D_3  S_3  
     e( 33 - 33) =     32.88482  eV     1   --> B_2  D_4  S_4  
     e( 34 - 34) =     33.10283  eV     1   --> A_1  D_1  S_1  
     e( 35 - 35) =     33.44627  eV     1   --> B_2  D_4  S_4  

 **************************************************************************

 **************************************************************************

                    xk=(   0.50000,   0.28868,   0.06133  )

     Band symmetry, C_2v (mm2)  point group:

     e(  1 -  1) =     -5.67234  eV     1   --> B_1  D_3  S_3  
     e(  2 -  2) =     -5.53284  eV     1   --> A_1  D_1  S_1  
     e(  3 -  3) =     -4.14503  eV     1   --> B_1  D_3  S_3  
     e(  4 -  4) =     -4.11751  eV     1   --> A_2  D_2  S_2  
     e(  5 -  5) =     -4.02661  eV     1   --> B_1  D_3  S_3  
     e(  6 -  6) =     -4.01719  eV     1   --> A_1  D_1  S_1  
     e(  7 -  7) =     -3.95929  eV     1   --> B_2  D_4  S_4  
     e(  8 -  8) =     -3.93376  eV     1   --> A_1  D_1  S_1  
     e(  9 -  9) =     -3.87987  eV     1   --> A_2  D_2  S_2  
     e( 10 - 10) =     -3.85142  eV     1   --> B_2  D_4  S_4  
     e( 11 - 11) =     -2.71426  eV     1   --> B_1  D_3  S_3  
     e( 12 - 12) =     -2.20347  eV     1   --> A_1  D_1  S_1  
     e( 13 - 13) =      2.87869  eV     1   --> A_1  D_1  S_1  
     e( 14 - 14) =      3.94921  eV     1   --> B_1  D_3  S_3  
     e( 15 - 15) =      5.35234  eV     1   --> A_1  D_1  S_1  
     e( 16 - 16) =      6.65215  eV     1   --> B_2  D_4  S_4  
     e( 17 - 17) =      7.24692  eV     1   --> B_1  D_3  S_3  
     e( 18 - 18) =      8.23870  eV     1   --> A_2  D_2  S_2  
     e( 19 - 19) =     14.18276  eV     1   --> B_1  D_3  S_3  
     e( 20 - 20) =     14.25706  eV     1   --> A_1  D_1  S_1  
     e( 21 - 21) =     15.69949  eV     1   --> B_1  D_3  S_3  
     e( 22 - 22) =     17.43043  eV     1   --> A_1  D_1  S_1  
     e( 23 - 23) =     19.39024  eV     1   --> A_1  D_1  S_1  
     e( 24 - 24) =     19.58280  eV     1   --> A_2  D_2  S_2  
     e( 25 - 25) =     21.10312  eV     1   --> B_1  D_3  S_3  
     e( 26 - 26) =     22.34975  eV     1   --> B_1  D_3  S_3  
     e( 27 - 27) =     22.85296  eV     1   --> B_2  D_4  S_4  
     e( 28 - 28) =     26.21196  eV     1   --> B_1  D_3  S_3  
     e( 29 - 29) =     26.43491  eV     1   --> A_1  D_1  S_1  
     e( 30 - 30) =     28.34829  eV     1   --> A_2  D_2  S_2  
     e( 31 - 31) =     29.89500  eV     1   --> A_1  D_1  S_1  
     e( 32 - 32) =     32.22682  eV     1   --> B_1  D_3  S_3  
     e( 33 - 33) =     32.93942  eV     1   --> B_2  D_4  S_4  
     e( 34 - 34) =     32.95593  eV     1   --> A_1  D_1  S_1  
     e( 35 - 35) =     33.81414  eV     1   --> B_2  D_4  S_4  

 **************************************************************************

 **************************************************************************

                    xk=(   0.50000,   0.28868,   0.03067  )

     Band symmetry, C_2v (mm2)  point group:

     e(  1 -  1) =     -5.67828  eV     1   --> B_1  D_3  S_3  
     e(  2 -  2) =     -5.53334  eV     1   --> A_1  D_1  S_1  
     e(  3 -  3) =     -4.14314  eV     1   --> B_1  D_3  S_3  
     e(  4 -  4) =     -4.12075  eV     1   --> A_2  D_2  S_2  
     e(  5 -  5) =     -4.03153  eV     1   --> B_1  D_3  S_3  
     e(  6 -  6) =     -4.00260  eV     1   --> A_1  D_1  S_1  
     e(  7 -  7) =     -3.95701  eV     1   --> B_2  D_4  S_4  
     e(  8 -  8) =     -3.94323  eV     1   --> A_1  D_1  S_1  
     e(  9 -  9) =     -3.88001  eV     1   --> A_2  D_2  S_2  
     e( 10 - 10) =     -3.84987  eV     1   --> B_2  D_4  S_4  
     e( 11 - 11) =     -2.72089  eV     1   --> B_1  D_3  S_3  
     e( 12 - 12) =     -2.19163  eV     1   --> A_1  D_1  S_1  
     e( 13 - 13) =      2.92585  eV     1   --> A_1  D_1  S_1  
     e( 14 - 14) =      4.03342  eV     1   --> B_1  D_3  S_3  
     e( 15 - 15) =      5.22616  eV     1   --> A_1  D_1  S_1  
     e( 16 - 16) =      6.62578  eV     1   --> B_2  D_4  S_4  
     e( 17 - 17) =      7.16159  eV     1   --> B_1  D_3  S_3  
     e( 18 - 18) =      8.27520  eV     1   --> A_2  D_2  S_2  
     e( 19 - 19) =     14.24453  eV     1   --> A_1  D_1  S_1  
     e( 20 - 20) =     14.46347  eV     1   --> B_1  D_3  S_3  
     e( 21 - 21) =     15.39187  eV     1   --> B_1  D_3  S_3  
     e( 22 - 22) =     17.54610  eV     1   --> A_1  D_1  S_1  
     e( 23 - 23) =     19.39712  eV     1   --> A_1  D_1  S_1  
     e( 24 - 24) =     19.51670  eV     1   --> A_2  D_2  S_2  
     e( 25 - 25) =     21.40363  eV     1   --> B_1  D_3  S_3  
     e( 26 - 26) =     22.27609  eV     1   --> B_1  D_3  S_3  
     e( 27 - 27) =     22.91477  eV     1   --> B_2  D_4  S_4  
     e( 28 - 28) =     25.86782  eV     1   --> B_1  D_3  S_3  
     e( 29 - 29) =     26.40201  eV     1   --> A_1  D_1  S_1  
     e( 30 - 30) =     28.29532  eV     1   --> A_2  D_2  S_2  
     e( 31 - 31) =     30.15153  eV     1   --> A_1  D_1  S_1  
     e( 32 - 32) =     32.23147  eV     1   --> B_1  D_3  S_3  
     e( 33 - 33) =     32.79913  eV     1   --> A_1  D_1  S_1  
     e( 34 - 34) =     32.95044  eV     1   --> B_2  D_4  S_4  
     e( 35 - 35) =     34.12019  eV     1   --> B_2  D_4  S_4  

 **************************************************************************

 **************************************************************************

                    xk=(   0.50000,   0.28868,   0.00000  )

     Band symmetry, C_2v (mm2)  point group:

     e(  1 -  1) =     -5.68028  eV     1   --> B_1  D_3  S_3  
     e(  2 -  2) =     -5.53348  eV     1   --> A_1  D_1  S_1  
     e(  3 -  3) =     -4.14244  eV     1   --> B_1  D_3  S_3  
     e(  4 -  4) =     -4.12183  eV     1   --> A_2  D_2  S_2  
     e(  5 -  5) =     -4.03321  eV     1   --> B_1  D_3  S_3  
     e(  6 -  6) =     -3.99621  eV     1   --> A_1  D_1  S_1  
     e(  7 -  7) =     -3.95625  eV     1   --> B_2  D_4  S_4  
     e(  8 -  8) =     -3.94788  eV     1   --> A_1  D_1  S_1  
     e(  9 -  9) =     -3.88004  eV     1   --> A_2  D_2  S_2  
     e( 10 - 10) =     -3.84933  eV     1   --> B_2  D_4  S_4  
     e( 11 - 11) =     -2.72309  eV     1   --> B_1  D_3  S_3  
     e( 12 - 12) =     -2.18765  eV     1   --> A_1  D_1  S_1  
     e( 13 - 13) =      2.94360  eV     1   --> A_1  D_1  S_1  
     e( 14 - 14) =      4.06329  eV     1   --> B_1  D_3  S_3  
     e( 15 - 15) =      5.18195  eV     1   --> A_1  D_1  S_1  
     e( 16 - 16) =      6.61697  eV     1   --> B_2  D_4  S_4  
     e( 17 - 17) =      7.13089  eV     1   --> B_1  D_3  S_3  
     e( 18 - 18) =      8.28757  eV     1   --> A_2  D_2  S_2  
     e( 19 - 19) =     14.23991  eV     1   --> A_1  D_1  S_1  
     e( 20 - 20) =     14.62146  eV     1   --> B_1  D_3  S_3  
     e( 21 - 21) =     15.22508  eV     1   --> B_1  D_3  S_3  
     e( 22 - 22) =     17.58695  eV     1   --> A_1  D_1  S_1  
     e( 23 - 23) =     19.39949  eV     1   --> A_1  D_1  S_1  
     e( 24 - 24) =     19.49454  eV     1   --> A_2  D_2  S_2  
     e( 25 - 25) =     21.52306  eV     1   --> B_1  D_3  S_3  
     e( 26 - 26) =     22.24440  eV     1   --> B_1  D_3  S_3  
     e( 27 - 27) =     22.93564  eV     1   --> B_2  D_4  S_4  
     e( 28 - 28) =     25.74135  eV     1   --> B_1  D_3  S_3  
     e( 29 - 29) =     26.38680  eV     1   --> A_1  D_1  S_1  
     e( 30 - 30) =     28.27808  eV     1   --> A_2  D_2  S_2  
     e( 31 - 31) =     30.25815  eV     1   --> A_1  D_1  S_1  
     e( 32 - 32) =     32.23348  eV     1   --> B_1  D_3  S_3  
     e( 33 - 33) =     32.72755  eV     1   --> A_1  D_1  S_1  
     e( 34 - 34) =     32.95299  eV     1   --> B_2  D_4  S_4  
     e( 35 - 35) =     34.24037  eV     1   --> B_2  D_4  S_4  

 **************************************************************************

 **************************************************************************

                    xk=(   0.45000,   0.25981,   0.00000  )

     point group C_s (m)    
     there are  2 classes
     the character table:

       E     s    
A'     1.00  1.00
A''    1.00 -1.00

     the symmetry operations in each class and the name of the first element:

     E        1
                                                                 
     s        2
                                                                 

     Band symmetry, C_s (m)     point group:

     e(  1 -  1) =     -5.69296  eV     1   --> A'             
     e(  2 -  2) =     -5.53494  eV     1   --> A'             
     e(  3 -  3) =     -4.14159  eV     1   --> A'             
     e(  4 -  4) =     -4.12173  eV     1   --> A''            
     e(  5 -  5) =     -4.03471  eV     1   --> A'             
     e(  6 -  6) =     -3.99514  eV     1   --> A'             
     e(  7 -  7) =     -3.95990  eV     1   --> A''            
     e(  8 -  8) =     -3.95109  eV     1   --> A'             
     e(  9 -  9) =     -3.88446  eV     1   --> A''            
     e( 10 - 10) =     -3.85037  eV     1   --> A''            
     e( 11 - 11) =     -2.86154  eV     1   --> A'             
     e( 12 - 12) =     -2.12538  eV     1   --> A'             
     e( 13 - 13) =      3.00935  eV     1   --> A'             
     e( 14 - 14) =      4.16043  eV     1   --> A'             
     e( 15 - 15) =      5.09586  eV     1   --> A'             
     e( 16 - 16) =      6.64992  eV     1   --> A''            
     e( 17 - 17) =      7.25682  eV     1   --> A'             
     e( 18 - 18) =      8.31051  eV     1   --> A''            
     e( 19 - 19) =     14.23477  eV     1   --> A'             
     e( 20 - 20) =     14.63289  eV     1   --> A'             
     e( 21 - 21) =     15.28589  eV     1   --> A'             
     e( 22 - 22) =     17.56438  eV     1   --> A'             
     e( 23 - 23) =     19.39440  eV     1   --> A'             
     e( 24 - 24) =     19.51836  eV     1   --> A''            
     e( 25 - 25) =     21.43324  eV     1   --> A'             
     e( 26 - 26) =     22.22848  eV     1   --> A'             
     e( 27 - 27) =     22.86987  eV     1   --> A''            
     e( 28 - 28) =     25.66155  eV     1   --> A'             
     e( 29 - 29) =     26.46898  eV     1   --> A'             
     e( 30 - 30) =     27.92680  eV     1   --> A''            
     e( 31 - 31) =     30.31647  eV     1   --> A'             
     e( 32 - 32) =     32.23436  eV     1   --> A'             
     e( 33 - 33) =     32.86586  eV     1   --> A'             
     e( 34 - 34) =     33.33110  eV     1   --> A''            
     e( 35 - 35) =     34.26265  eV     1   --> A''            

 **************************************************************************

 **************************************************************************

                    xk=(   0.40000,   0.23094,   0.00000  )

     Band symmetry, C_s (m)     point group:

     e(  1 -  1) =     -5.73197  eV     1   --> A'             
     e(  2 -  2) =     -5.53951  eV     1   --> A'             
     e(  3 -  3) =     -4.13984  eV     1   --> A'             
     e(  4 -  4) =     -4.12174  eV     1   --> A''            
     e(  5 -  5) =     -4.03871  eV     1   --> A'             
     e(  6 -  6) =     -3.99287  eV     1   --> A'             
     e(  7 -  7) =     -3.97090  eV     1   --> A''            
     e(  8 -  8) =     -3.95909  eV     1   --> A'             
     e(  9 -  9) =     -3.89663  eV     1   --> A''            
     e( 10 - 10) =     -3.85311  eV     1   --> A''            
     e( 11 - 11) =     -3.13684  eV     1   --> A'             
     e( 12 - 12) =     -2.06192  eV     1   --> A'             
     e( 13 - 13) =      3.19707  eV     1   --> A'             
     e( 14 - 14) =      4.35974  eV     1   --> A'             
     e( 15 - 15) =      4.99677  eV     1   --> A'             
     e( 16 - 16) =      6.74694  eV     1   --> A''            
     e( 17 - 17) =      7.55697  eV     1   --> A'             
     e( 18 - 18) =      8.37762  eV     1   --> A''            
     e( 19 - 19) =     14.19114  eV     1   --> A'             
     e( 20 - 20) =     14.67669  eV     1   --> A'             
     e( 21 - 21) =     15.47161  eV     1   --> A'             
     e( 22 - 22) =     17.51622  eV     1   --> A'             
     e( 23 - 23) =     19.37948  eV     1   --> A'             
     e( 24 - 24) =     19.58533  eV     1   --> A''            
     e( 25 - 25) =     21.15961  eV     1   --> A'             
     e( 26 - 26) =     22.20605  eV     1   --> A'             
     e( 27 - 27) =     22.68026  eV     1   --> A''            
     e( 28 - 28) =     25.47448  eV     1   --> A'             
     e( 29 - 29) =     26.71262  eV     1   --> A'             
     e( 30 - 30) =     27.12949  eV     1   --> A''            
     e( 31 - 31) =     30.46728  eV     1   --> A'             
     e( 32 - 32) =     32.29367  eV     1   --> A'             
     e( 33 - 33) =     33.08979  eV     1   --> A'             
     e( 34 - 34) =     34.08805  eV     1   --> A''            
     e( 35 - 35) =     34.22349  eV     1   --> A''            

 **************************************************************************

 **************************************************************************

                    xk=(   0.35000,   0.20207,   0.00000  )

     Band symmetry, C_s (m)     point group:

     e(  1 -  1) =     -5.80012  eV     1   --> A'             
     e(  2 -  2) =     -5.54822  eV     1   --> A'             
     e(  3 -  3) =     -4.13953  eV     1   --> A'             
     e(  4 -  4) =     -4.12292  eV     1   --> A''            
     e(  5 -  5) =     -4.04487  eV     1   --> A'             
     e(  6 -  6) =     -3.99343  eV     1   --> A'             
     e(  7 -  7) =     -3.98902  eV     1   --> A''            
     e(  8 -  8) =     -3.96527  eV     1   --> A'             
     e(  9 -  9) =     -3.91382  eV     1   --> A''            
     e( 10 - 10) =     -3.85666  eV     1   --> A''            
     e( 11 - 11) =     -3.42403  eV     1   --> A'             
     e( 12 - 12) =     -2.07487  eV     1   --> A'             
     e( 13 - 13) =      3.40110  eV     1   --> A'             
     e( 14 - 14) =      4.46311  eV     1   --> A'             
     e( 15 - 15) =      5.24463  eV     1   --> A'             
     e( 16 - 16) =      6.90220  eV     1   --> A''            
     e( 17 - 17) =      7.91443  eV     1   --> A'             
     e( 18 - 18) =      8.48302  eV     1   --> A''            
     e( 19 - 19) =     14.04154  eV     1   --> A'             
     e( 20 - 20) =     14.78417  eV     1   --> A'             
     e( 21 - 21) =     15.76790  eV     1   --> A'             
     e( 22 - 22) =     17.48431  eV     1   --> A'             
     e( 23 - 23) =     19.34179  eV     1   --> A'             
     e( 24 - 24) =     19.67844  eV     1   --> A''            
     e( 25 - 25) =     20.80194  eV     1   --> A'             
     e( 26 - 26) =     22.14319  eV     1   --> A'             
     e( 27 - 27) =     22.39024  eV     1   --> A''            
     e( 28 - 28) =     25.29337  eV     1   --> A'             
     e( 29 - 29) =     26.21775  eV     1   --> A''            
     e( 30 - 30) =     27.10922  eV     1   --> A'             
     e( 31 - 31) =     30.63293  eV     1   --> A'             
     e( 32 - 32) =     32.32344  eV     1   --> A'             
     e( 33 - 33) =     33.11628  eV     1   --> A'             
     e( 34 - 34) =     33.59961  eV     1   --> A''            
     e( 35 - 35) =     33.96561  eV     1   --> A''            

 **************************************************************************

 **************************************************************************

                    xk=(   0.30000,   0.17321,   0.00000  )

     Band symmetry, C_s (m)     point group:

     e(  1 -  1) =     -5.89797  eV     1   --> A'             
     e(  2 -  2) =     -5.56195  eV     1   --> A'             
     e(  3 -  3) =     -4.14326  eV     1   --> A'             
     e(  4 -  4) =     -4.12681  eV     1   --> A''            
     e(  5 -  5) =     -4.05564  eV     1   --> A'             
     e(  6 -  6) =     -4.01310  eV     1   --> A''            
     e(  7 -  7) =     -3.99760  eV     1   --> A'             
     e(  8 -  8) =     -3.96322  eV     1   --> A'             
     e(  9 -  9) =     -3.93206  eV     1   --> A''            
     e( 10 - 10) =     -3.86021  eV     1   --> A''            
     e( 11 - 11) =     -3.67169  eV     1   --> A'             
     e( 12 - 12) =     -2.15249  eV     1   --> A'             
     e( 13 - 13) =      3.37609  eV     1   --> A'             
     e( 14 - 14) =      4.77177  eV     1   --> A'             
     e( 15 - 15) =      5.76877  eV     1   --> A'             
     e( 16 - 16) =      7.10602  eV     1   --> A''            
     e( 17 - 17) =      8.26041  eV     1   --> A'             
     e( 18 - 18) =      8.61747  eV     1   --> A''            
     e( 19 - 19) =     13.75703  eV     1   --> A'             
     e( 20 - 20) =     14.93712  eV     1   --> A'             
     e( 21 - 21) =     16.13081  eV     1   --> A'             
     e( 22 - 22) =     17.50814  eV     1   --> A'             
     e( 23 - 23) =     19.25816  eV     1   --> A'             
     e( 24 - 24) =     19.76349  eV     1   --> A''            
     e( 25 - 25) =     20.55813  eV     1   --> A'             
     e( 26 - 26) =     21.98602  eV     1   --> A'             
     e( 27 - 27) =     22.04281  eV     1   --> A''            
     e( 28 - 28) =     25.22659  eV     1   --> A'             
     e( 29 - 29) =     25.36807  eV     1   --> A''            
     e( 30 - 30) =     27.62806  eV     1   --> A'             
     e( 31 - 31) =     30.66713  eV     1   --> A'             
     e( 32 - 32) =     32.01018  eV     1   --> A'             
     e( 33 - 33) =     32.66521  eV     1   --> A''            
     e( 34 - 34) =     32.68793  eV     1   --> A'             
     e( 35 - 35) =     33.41364  eV     1   --> A''            

 **************************************************************************

 **************************************************************************

                    xk=(   0.25000,   0.14434,   0.00000  )

     Band symmetry, C_s (m)     point group:

     e(  1 -  1) =     -6.02029  eV     1   --> A'             
     e(  2 -  2) =     -5.58097  eV     1   --> A'             
     e(  3 -  3) =     -4.15203  eV     1   --> A'             
     e(  4 -  4) =     -4.13487  eV     1   --> A''            
     e(  5 -  5) =     -4.07417  eV     1   --> A'             
     e(  6 -  6) =     -4.04089  eV     1   --> A''            
     e(  7 -  7) =     -3.99592  eV     1   --> A'             
     e(  8 -  8) =     -3.96510  eV     1   --> A'             
     e(  9 -  9) =     -3.94735  eV     1   --> A''            
     e( 10 - 10) =     -3.86342  eV     1   --> A''            
     e( 11 - 11) =     -3.85068  eV     1   --> A'             
     e( 12 - 12) =     -2.26286  eV     1   --> A'             
     e( 13 - 13) =      3.15845  eV     1   --> A'             
     e( 14 - 14) =      5.37254  eV     1   --> A'             
     e( 15 - 15) =      6.39363  eV     1   --> A'             
     e( 16 - 16) =      7.34437  eV     1   --> A''            
     e( 17 - 17) =      8.56112  eV     1   --> A'             
     e( 18 - 18) =      8.76812  eV     1   --> A''            
     e( 19 - 19) =     13.35530  eV     1   --> A'             
     e( 20 - 20) =     15.01744  eV     1   --> A'             
     e( 21 - 21) =     16.51110  eV     1   --> A'             
     e( 22 - 22) =     17.62987  eV     1   --> A'             
     e( 23 - 23) =     19.18889  eV     1   --> A'             
     e( 24 - 24) =     19.78347  eV     1   --> A''            
     e( 25 - 25) =     20.51170  eV     1   --> A'             
     e( 26 - 26) =     21.69733  eV     1   --> A''            
     e( 27 - 27) =     21.79926  eV     1   --> A'             
     e( 28 - 28) =     24.68384  eV     1   --> A''            
     e( 29 - 29) =     25.30401  eV     1   --> A'             
     e( 30 - 30) =     28.16520  eV     1   --> A'             
     e( 31 - 31) =     30.40298  eV     1   --> A'             
     e( 32 - 32) =     30.96532  eV     1   --> A'             
     e( 33 - 33) =     31.42203  eV     1   --> A''            
     e( 34 - 34) =     31.91533  eV     1   --> A'             
     e( 35 - 35) =     33.12593  eV     1   --> A''            

 **************************************************************************

 **************************************************************************

                    xk=(   0.20000,   0.11547,   0.00000  )

     Band symmetry, C_s (m)     point group:

     e(  1 -  1) =     -6.15385  eV     1   --> A'             
     e(  2 -  2) =     -5.60433  eV     1   --> A'             
     e(  3 -  3) =     -4.16482  eV     1   --> A'             
     e(  4 -  4) =     -4.14721  eV     1   --> A''            
     e(  5 -  5) =     -4.09661  eV     1   --> A'             
     e(  6 -  6) =     -4.06929  eV     1   --> A''            
     e(  7 -  7) =     -4.02597  eV     1   --> A'             
     e(  8 -  8) =     -3.98749  eV     1   --> A'             
     e(  9 -  9) =     -3.95723  eV     1   --> A''            
     e( 10 - 10) =     -3.90802  eV     1   --> A'             
     e( 11 - 11) =     -3.86628  eV     1   --> A''            
     e( 12 - 12) =     -2.37851  eV     1   --> A'             
     e( 13 - 13) =      2.90919  eV     1   --> A'             
     e( 14 - 14) =      6.10118  eV     1   --> A'             
     e( 15 - 15) =      7.06021  eV     1   --> A'             
     e( 16 - 16) =      7.59881  eV     1   --> A''            
     e( 17 - 17) =      8.80327  eV     1   --> A'             
     e( 18 - 18) =      8.91956  eV     1   --> A''            
     e( 19 - 19) =     12.86589  eV     1   --> A'             
     e( 20 - 20) =     14.85482  eV     1   --> A'             
     e( 21 - 21) =     16.93837  eV     1   --> A'             
     e( 22 - 22) =     17.86078  eV     1   --> A'             
     e( 23 - 23) =     19.28368  eV     1   --> A'             
     e( 24 - 24) =     19.68258  eV     1   --> A''            
     e( 25 - 25) =     20.49243  eV     1   --> A'             
     e( 26 - 26) =     21.40375  eV     1   --> A''            
     e( 27 - 27) =     21.81241  eV     1   --> A'             
     e( 28 - 28) =     24.25191  eV     1   --> A''            
     e( 29 - 29) =     25.48550  eV     1   --> A'             
     e( 30 - 30) =     28.31799  eV     1   --> A'             
     e( 31 - 31) =     29.75860  eV     1   --> A'             
     e( 32 - 32) =     29.85400  eV     1   --> A'             
     e( 33 - 33) =     30.19492  eV     1   --> A''            
     e( 34 - 34) =     31.14270  eV     1   --> A'             
     e( 35 - 35) =     32.98486  eV     1   --> A''            

 **************************************************************************

 **************************************************************************

                    xk=(   0.15000,   0.08660,   0.00000  )

     Band symmetry, C_s (m)     point group:

     e(  1 -  1) =     -6.28092  eV     1   --> A'             
     e(  2 -  2) =     -5.62929  eV     1   --> A'             
     e(  3 -  3) =     -4.17969  eV     1   --> A'             
     e(  4 -  4) =     -4.16182  eV     1   --> A''            
     e(  5 -  5) =     -4.12035  eV     1   --> A'             
     e(  6 -  6) =     -4.09649  eV     1   --> A'             
     e(  7 -  7) =     -4.09515  eV     1   --> A''            
     e(  8 -  8) =     -3.97773  eV     1   --> A'             
     e(  9 -  9) =     -3.96175  eV     1   --> A''            
     e( 10 - 10) =     -3.90061  eV     1   --> A'             
     e( 11 - 11) =     -3.86882  eV     1   --> A''            
     e( 12 - 12) =     -2.48146  eV     1   --> A'             
     e( 13 - 13) =      2.69035  eV     1   --> A'             
     e( 14 - 14) =      6.85678  eV     1   --> A'             
     e( 15 - 15) =      7.73671  eV     1   --> A'             
     e( 16 - 16) =      7.84579  eV     1   --> A''            
     e( 17 - 17) =      8.98461  eV     1   --> A'             
     e( 18 - 18) =      9.05524  eV     1   --> A''            
     e( 19 - 19) =     12.31832  eV     1   --> A'             
     e( 20 - 20) =     14.43593  eV     1   --> A'             
     e( 21 - 21) =     17.46697  eV     1   --> A'             
     e( 22 - 22) =     18.11195  eV     1   --> A'             
     e( 23 - 23) =     19.47104  eV     1   --> A''            
     e( 24 - 24) =     19.58100  eV     1   --> A'             
     e( 25 - 25) =     20.35112  eV     1   --> A'             
     e( 26 - 26) =     21.15982  eV     1   --> A''            
     e( 27 - 27) =     22.20089  eV     1   --> A'             
     e( 28 - 28) =     24.12709  eV     1   --> A''            
     e( 29 - 29) =     25.68166  eV     1   --> A'             
     e( 30 - 30) =     27.49529  eV     1   --> A'             
     e( 31 - 31) =     28.89814  eV     1   --> A'             
     e( 32 - 32) =     29.06155  eV     1   --> A''            
     e( 33 - 33) =     29.14464  eV     1   --> A'             
     e( 34 - 34) =     31.00796  eV     1   --> A'             
     e( 35 - 35) =     32.93898  eV     1   --> A''            

 **************************************************************************

 **************************************************************************

                    xk=(   0.10000,   0.05774,   0.00000  )

     Band symmetry, C_s (m)     point group:

     e(  1 -  1) =     -6.38446  eV     1   --> A'             
     e(  2 -  2) =     -5.65184  eV     1   --> A'             
     e(  3 -  3) =     -4.19331  eV     1   --> A'             
     e(  4 -  4) =     -4.17541  eV     1   --> A''            
     e(  5 -  5) =     -4.15469  eV     1   --> A'             
     e(  6 -  6) =     -4.12248  eV     1   --> A'             
     e(  7 -  7) =     -4.11570  eV     1   --> A''            
     e(  8 -  8) =     -3.96931  eV     1   --> A'             
     e(  9 -  9) =     -3.96272  eV     1   --> A''            
     e( 10 - 10) =     -3.88727  eV     1   --> A'             
     e( 11 - 11) =     -3.87093  eV     1   --> A''            
     e( 12 - 12) =     -2.56113  eV     1   --> A'             
     e( 13 - 13) =      2.52464  eV     1   --> A'             
     e( 14 - 14) =      7.54930  eV     1   --> A'             
     e( 15 - 15) =      8.05717  eV     1   --> A''            
     e( 16 - 16) =      8.39334  eV     1   --> A'             
     e( 17 - 17) =      9.10898  eV     1   --> A'             
     e( 18 - 18) =      9.16030  eV     1   --> A''            
     e( 19 - 19) =     11.74661  eV     1   --> A'             
     e( 20 - 20) =     13.92091  eV     1   --> A'             
     e( 21 - 21) =     17.98200  eV     1   --> A'             
     e( 22 - 22) =     18.37668  eV     1   --> A'             
     e( 23 - 23) =     19.23298  eV     1   --> A''            
     e( 24 - 24) =     19.85243  eV     1   --> A'             
     e( 25 - 25) =     20.31649  eV     1   --> A'             
     e( 26 - 26) =     20.94976  eV     1   --> A''            
     e( 27 - 27) =     22.83091  eV     1   --> A'             
     e( 28 - 28) =     24.27921  eV     1   --> A''            
     e( 29 - 29) =     25.57832  eV     1   --> A'             
     e( 30 - 30) =     26.74727  eV     1   --> A'             
     e( 31 - 31) =     28.01320  eV     1   --> A'             
     e( 32 - 32) =     28.06988  eV     1   --> A''            
     e( 33 - 33) =     28.32818  eV     1   --> A'             
     e( 34 - 34) =     31.22475  eV     1   --> A'             
     e( 35 - 35) =     32.50386  eV     1   -->   ?

 **************************************************************************

 **************************************************************************

                    xk=(   0.05000,   0.02887,   0.00000  )

     Band symmetry, C_s (m)     point group:

     e(  1 -  1) =     -6.45164  eV     1   --> A'             
     e(  2 -  2) =     -5.66760  eV     1   --> A'             
     e(  3 -  3) =     -4.20129  eV     1   --> A'             
     e(  4 -  4) =     -4.18492  eV     1   --> A''            
     e(  5 -  5) =     -4.17930  eV     1   --> A'             
     e(  6 -  6) =     -4.13097  eV     1   --> A'             
     e(  7 -  7) =     -4.12887  eV     1   --> A''            
     e(  8 -  8) =     -3.96384  eV     1   --> A'             
     e(  9 -  9) =     -3.96229  eV     1   --> A''            
     e( 10 - 10) =     -3.87681  eV     1   --> A'             
     e( 11 - 11) =     -3.87238  eV     1   --> A''            
     e( 12 - 12) =     -2.61129  eV     1   --> A'             
     e( 13 - 13) =      2.42216  eV     1   --> A'             
     e( 14 - 14) =      8.06077  eV     1   --> A'             
     e( 15 - 15) =      8.20216  eV     1   --> A''            
     e( 16 - 16) =      8.96796  eV     1   --> A'             
     e( 17 - 17) =      9.18154  eV     1   --> A'             
     e( 18 - 18) =      9.22505  eV     1   --> A''            
     e( 19 - 19) =     11.22111  eV     1   --> A'             
     e( 20 - 20) =     13.49443  eV     1   --> A'             
     e( 21 - 21) =     18.21205  eV     1   --> A'             
     e( 22 - 22) =     18.77913  eV     1   --> A'             
     e( 23 - 23) =     19.05500  eV     1   --> A''            
     e( 24 - 24) =     19.81201  eV     1   --> A'             
     e( 25 - 25) =     20.59726  eV     1   --> A'             
     e( 26 - 26) =     20.79901  eV     1   --> A''            
     e( 27 - 27) =     23.45002  eV     1   --> A'             
     e( 28 - 28) =     24.57194  eV     1   --> A''            
     e( 29 - 29) =     25.00032  eV     1   --> A'             
     e( 30 - 30) =     26.77193  eV     1   --> A'             
     e( 31 - 31) =     27.29748  eV     1   --> A'             
     e( 32 - 32) =     27.30551  eV     1   --> A''            
     e( 33 - 33) =     27.58373  eV     1   --> A'             
     e( 34 - 34) =     30.79288  eV     1   --> A'             
     e( 35 - 35) =     32.72304  eV     1   -->   ?

 **************************************************************************

 **************************************************************************

                    xk=(   0.00000,   0.00000,   0.00000  )

     point group C_6v (6mm) 
     there are  6 classes
     the character table:

       E     2C6   2C3   C2    3s_v  3s_d 
A_1    1.00  1.00  1.00  1.00  1.00  1.00
A_2    1.00  1.00  1.00  1.00 -1.00 -1.00
B_1    1.00 -1.00  1.00 -1.00  1.00 -1.00
B_2    1.00 -1.00  1.00 -1.00 -1.00  1.00
E_1    2.00  1.00 -1.00 -2.00  0.00  0.00
E_2    2.00 -1.00 -1.00  2.00  0.00  0.00

     the symmetry operations in each class and the name of the first element:

     E        1
                                                                 
     2C6      3    4
                                                                 
     2C3      5    6
                                                                 
     C2       2
                                                                 
     3s_v     8   12   11
                                                                 
     3s_d     7    9   10
                                                                 

     Band symmetry, C_6v (6mm)  point group:

     e(  1 -  1) =     -6.47487  eV     1   --> A_1            
     e(  2 -  2) =     -5.67326  eV     1   --> B_1            
     e(  3 -  3) =     -4.20290  eV     1   --> A_1            
     e(  4 -  5) =     -4.18835  eV     2   --> E_1            
     e(  6 -  7) =     -4.13341  eV     2   --> E_2            
     e(  8 -  9) =     -3.96199  eV     2   --> E_1            
     e( 10 - 11) =     -3.87292  eV     2   --> E_2            
     e( 12 - 12) =     -2.62841  eV     1   --> B_1            
     e( 13 - 13) =      2.38753  eV     1   --> B_1            
     e( 14 - 15) =      8.25410  eV     2   --> E_2            
     e( 16 - 16) =      9.20303  eV     1   --> A_1            
     e( 17 - 18) =      9.24628  eV     2   --> E_1            
     e( 19 - 19) =     10.96199  eV     1   --> A_1            
     e( 20 - 20) =     13.32539  eV     1   --> B_1            
     e( 21 - 21) =     18.26139  eV     1   --> B_1            
     e( 22 - 23) =     18.98988  eV     2   --> E_1            
     e( 24 - 24) =     19.76836  eV     1   --> A_1            
     e( 25 - 26) =     20.74383  eV     2   --> E_2            
     e( 27 - 27) =     23.71174  eV     1   --> A_1            
     e( 28 - 29) =     24.73944  eV     2   --> E_1            
     e( 30 - 31) =     26.98373  eV     2   --> E_2            
     e( 32 - 32) =     27.01991  eV     1   --> A_1            
     e( 33 - 33) =     27.13107  eV     1   --> B_1            
     e( 34 - 34) =     30.51873  eV     1   --> B_1            
     e( 35 - 35) =     32.98590  eV     1   -->   ?

 **************************************************************************

 **************************************************************************

                    xk=(   0.00000,   0.00000,   0.03067  )

     Band symmetry, C_6v (6mm)  point group:

     e(  1 -  1) =     -6.46793  eV     1   --> A_1            
     e(  2 -  2) =     -5.67533  eV     1   --> B_1            
     e(  3 -  3) =     -4.20084  eV     1   --> A_1            
     e(  4 -  5) =     -4.18823  eV     2   --> E_1            
     e(  6 -  7) =     -4.13394  eV     2   --> E_2            
     e(  8 -  9) =     -3.96120  eV     2   --> E_1            
     e( 10 - 11) =     -3.87326  eV     2   --> E_2            
     e( 12 - 12) =     -2.65428  eV     1   --> B_1            
     e( 13 - 13) =      2.43250  eV     1   --> B_1            
     e( 14 - 15) =      8.26004  eV     2   --> E_2            
     e( 16 - 16) =      9.10278  eV     1   --> A_1            
     e( 17 - 18) =      9.24012  eV     2   --> E_1            
     e( 19 - 19) =     11.05170  eV     1   --> A_1            
     e( 20 - 20) =     13.33069  eV     1   --> B_1            
     e( 21 - 21) =     18.24315  eV     1   --> B_1            
     e( 22 - 23) =     18.99268  eV     2   --> E_1            
     e( 24 - 24) =     19.70176  eV     1   --> A_1            
     e( 25 - 26) =     20.72075  eV     2   --> E_2            
     e( 27 - 27) =     23.73758  eV     1   --> A_1            
     e( 28 - 29) =     24.77432  eV     2   --> E_1            
     e( 30 - 31) =     27.02685  eV     2   --> E_2            
     e( 32 - 32) =     27.11483  eV     1   --> B_1            
     e( 33 - 33) =     27.12046  eV     1   --> A_1            
     e( 34 - 34) =     30.51604  eV     1   --> B_1            
     e( 35 - 35) =     32.88890  eV     1   -->   ?

 **************************************************************************

 **************************************************************************

                    xk=(   0.00000,   0.00000,   0.06133  )

     Band symmetry, C_6v (6mm)  point group:

     e(  1 -  1) =     -6.44737  eV     1   --> A_1            
     e(  2 -  2) =     -5.68172  eV     1   --> B_1            
     e(  3 -  3) =     -4.19447  eV     1   --> A_1            
     e(  4 -  5) =     -4.18791  eV     2   --> E_1            
     e(  6 -  7) =     -4.13557  eV     2   --> E_2            
     e(  8 -  9) =     -3.95894  eV     2   --> E_1            
     e( 10 - 11) =     -3.87433  eV     2   --> E_2            
     e( 12 - 12) =     -2.72845  eV     1   --> B_1            
     e( 13 - 13) =      2.56391  eV     1   --> B_1            
     e( 14 - 15) =      8.27717  eV     2   --> E_2            
     e( 16 - 16) =      8.84632  eV     1   --> A_1            
     e( 17 - 18) =      9.22093  eV     2   --> E_1            
     e( 19 - 19) =     11.27584  eV     1   --> A_1            
     e( 20 - 20) =     13.34604  eV     1   --> B_1            
     e( 21 - 21) =     18.18987  eV     1   --> B_1            
     e( 22 - 23) =     19.00144  eV     2   --> E_1            
     e( 24 - 24) =     19.51666  eV     1   --> A_1            
     e( 25 - 26) =     20.65333  eV     2   --> E_2            
     e( 27 - 27) =     23.80890  eV     1   --> A_1            
     e( 28 - 29) =     24.87188  eV     2   --> E_1            
     e( 30 - 30) =     27.06285  eV     1   --> B_1            
     e( 31 - 32) =     27.14887  eV     2   --> E_2            
     e( 33 - 33) =     27.41194  eV     1   --> A_1            
     e( 34 - 34) =     30.51801  eV     1   --> B_1            
     e( 35 - 35) =     32.61838  eV     1   -->   ?

 **************************************************************************

 **************************************************************************

                    xk=(   0.00000,   0.00000,   0.09200  )

     Band symmetry, C_6v (6mm)  point group:

     e(  1 -  1) =     -6.41382  eV     1   --> A_1            
     e(  2 -  2) =     -5.69288  eV     1   --> B_1            
     e(  3 -  4) =     -4.18732  eV     2   --> E_1            
     e(  5 -  5) =     -4.18317  eV     1   --> A_1            
     e(  6 -  7) =     -4.13818  eV     2   --> E_2            
     e(  8 -  9) =     -3.95530  eV     2   --> E_1            
     e( 10 - 11) =     -3.87615  eV     2   --> E_2            
     e( 12 - 12) =     -2.84176  eV     1   --> B_1            
     e( 13 - 13) =      2.77248  eV     1   --> B_1            
     e( 14 - 15) =      8.30550  eV     2   --> E_2            
     e( 16 - 16) =      8.50242  eV     1   --> A_1            
     e( 17 - 18) =      9.18960  eV     2   --> E_1            
     e( 19 - 19) =     11.56448  eV     1   --> A_1            
     e( 20 - 20) =     13.36983  eV     1   --> B_1            
     e( 21 - 21) =     18.10604  eV     1   --> B_1            
     e( 22 - 23) =     19.01766  eV     2   --> E_1            
     e( 24 - 24) =     19.24827  eV     1   --> A_1            
     e( 25 - 26) =     20.54875  eV     2   --> E_2            
     e( 27 - 27) =     23.91541  eV     1   --> A_1            
     e( 28 - 29) =     25.03189  eV     2   --> E_1            
     e( 30 - 30) =     26.96757  eV     1   --> B_1            
     e( 31 - 32) =     27.33905  eV     2   --> E_2            
     e( 33 - 33) =     27.86866  eV     1   --> A_1            
     e( 34 - 34) =     30.54847  eV     1   --> B_1            
     e( 35 - 35) =     32.23528  eV     1   -->   ?

 **************************************************************************

 **************************************************************************

                    xk=(   0.00000,   0.00000,   0.12267  )

     Band symmetry, C_6v (6mm)  point group:

     e(  1 -  1) =     -6.36841  eV     1   --> A_1            
     e(  2 -  2) =     -5.70956  eV     1   --> B_1            
     e(  3 -  4) =     -4.18637  eV     2   --> E_1            
     e(  5 -  5) =     -4.16589  eV     1   --> A_1            
     e(  6 -  7) =     -4.14163  eV     2   --> E_2            
     e(  8 -  9) =     -3.95045  eV     2   --> E_1            
     e( 10 - 11) =     -3.87870  eV     2   --> E_2            
     e( 12 - 12) =     -2.98222  eV     1   --> B_1            
     e( 13 - 13) =      3.04602  eV     1   --> B_1            
     e( 14 - 14) =      8.11174  eV     1   --> A_1            
     e( 15 - 16) =      8.34437  eV     2   --> E_2            
     e( 17 - 18) =      9.14713  eV     2   --> E_1            
     e( 19 - 19) =     11.87494  eV     1   --> A_1            
     e( 20 - 20) =     13.39907  eV     1   --> B_1            
     e( 21 - 21) =     17.99910  eV     1   --> B_1            
     e( 22 - 22) =     18.93584  eV     1   --> A_1            
     e( 23 - 24) =     19.04348  eV     2   --> E_1            
     e( 25 - 26) =     20.41612  eV     2   --> E_2            
     e( 27 - 27) =     24.04920  eV     1   --> A_1            
     e( 28 - 29) =     25.25091  eV     2   --> E_1            
     e( 30 - 30) =     26.82279  eV     1   --> B_1            
     e( 31 - 32) =     27.57710  eV     2   --> E_2            
     e( 33 - 33) =     28.45677  eV     1   --> A_1            
     e( 34 - 34) =     30.63153  eV     1   --> B_1            
     e( 35 - 35) =     31.80504  eV     1   -->   ?

 **************************************************************************

 **************************************************************************

                    xk=(   0.00000,   0.00000,   0.15333  )

     Band symmetry, C_6v (6mm)  point group:

     e(  1 -  1) =     -6.31273  eV     1   --> A_1            
     e(  2 -  2) =     -5.73240  eV     1   --> B_1            
     e(  3 -  4) =     -4.18497  eV     2   --> E_1            
     e(  5 -  6) =     -4.14576  eV     2   --> E_2            
     e(  7 -  7) =     -4.14121  eV     1   --> A_1            
     e(  8 -  9) =     -3.94462  eV     2   --> E_1            
     e( 10 - 11) =     -3.88201  eV     2   --> E_2            
     e( 12 - 12) =     -3.13764  eV     1   --> B_1            
     e( 13 - 13) =      3.37210  eV     1   --> B_1            
     e( 14 - 14) =      7.69374  eV     1   --> A_1            
     e( 15 - 16) =      8.39296  eV     2   --> E_2            
     e( 17 - 18) =      9.09460  eV     2   --> E_1            
     e( 19 - 19) =     12.18455  eV     1   --> A_1            
     e( 20 - 20) =     13.42953  eV     1   --> B_1            
     e( 21 - 21) =     17.87921  eV     1   --> B_1            
     e( 22 - 22) =     18.61308  eV     1   --> A_1            
     e( 23 - 24) =     19.08117  eV     2   --> E_1            
     e( 25 - 26) =     20.26523  eV     2   --> E_2            
     e( 27 - 27) =     24.20669  eV     1   --> A_1            
     e( 28 - 29) =     25.52329  eV     2   --> E_1            
     e( 30 - 30) =     26.63078  eV     1   --> B_1            
     e( 31 - 32) =     27.82936  eV     2   --> E_2            
     e( 33 - 33) =     29.14062  eV     1   --> A_1            
     e( 34 - 34) =     30.78165  eV     1   --> B_1            
     e( 35 - 35) =     31.38740  eV     1   -->   ?

 **************************************************************************

 **************************************************************************

                    xk=(   0.00000,   0.00000,   0.18400  )

     Band symmetry, C_6v (6mm)  point group:

     e(  1 -  1) =     -6.24886  eV     1   --> A_1            
     e(  2 -  2) =     -5.76261  eV     1   --> B_1            
     e(  3 -  4) =     -4.18306  eV     2   --> E_1            
     e(  5 -  6) =     -4.15039  eV     2   --> E_2            
     e(  7 -  7) =     -4.10732  eV     1   --> A_1            
     e(  8 -  9) =     -3.93805  eV     2   --> E_1            
     e( 10 - 11) =     -3.88609  eV     2   --> E_2            
     e( 12 - 12) =     -3.29725  eV     1   --> B_1            
     e( 13 - 13) =      3.73923  eV     1   --> B_1            
     e( 14 - 14) =      7.25823  eV     1   --> A_1            
     e( 15 - 16) =      8.45016  eV     2   --> E_2            
     e( 17 - 18) =      9.03339  eV     2   --> E_1            
     e( 19 - 19) =     12.47914  eV     1   --> A_1            
     e( 20 - 20) =     13.45451  eV     1   --> B_1            
     e( 21 - 21) =     17.75823  eV     1   --> B_1            
     e( 22 - 22) =     18.30619  eV     1   --> A_1            
     e( 23 - 24) =     19.13288  eV     2   --> E_1            
     e( 25 - 26) =     20.10509  eV     2   --> E_2            
     e( 27 - 27) =     24.38643  eV     1   --> A_1            
     e( 28 - 29) =     25.84240  eV     2   --> E_1            
     e( 30 - 30) =     26.39811  eV     1   --> B_1            
     e( 31 - 32) =     28.04026  eV     2   --> E_2            
     e( 33 - 33) =     29.88283  eV     1   --> A_1            
     e( 34 - 34) =     30.99734  eV     1   -->   ?
     e( 35 - 35) =     31.05025  eV     1   -->   ?

 **************************************************************************

 **************************************************************************

                    xk=(   0.00000,   0.00000,   0.21467  )

     Band symmetry, C_6v (6mm)  point group:

     e(  1 -  1) =     -6.17934  eV     1   --> A_1            
     e(  2 -  2) =     -5.80095  eV     1   --> B_1            
     e(  3 -  4) =     -4.18057  eV     2   --> E_1            
     e(  5 -  6) =     -4.15529  eV     2   --> E_2            
     e(  7 -  7) =     -4.06204  eV     1   --> A_1            
     e(  8 -  9) =     -3.93100  eV     2   --> E_1            
     e( 10 - 11) =     -3.89093  eV     2   --> E_2            
     e( 12 - 12) =     -3.45235  eV     1   --> B_1            
     e( 13 - 13) =      4.13778  eV     1   --> B_1            
     e( 14 - 14) =      6.81164  eV     1   --> A_1            
     e( 15 - 16) =      8.51469  eV     2   --> E_2            
     e( 17 - 18) =      8.96517  eV     2   --> E_1            
     e( 19 - 19) =     12.74787  eV     1   --> A_1            
     e( 20 - 20) =     13.46554  eV     1   --> B_1            
     e( 21 - 21) =     17.65091  eV     1   --> B_1            
     e( 22 - 22) =     18.03523  eV     1   --> A_1            
     e( 23 - 24) =     19.20041  eV     2   --> E_1            
     e( 25 - 26) =     19.94351  eV     2   --> E_2            
     e( 27 - 27) =     24.58826  eV     1   --> A_1            
     e( 28 - 28) =     26.13798  eV     1   --> B_1            
     e( 29 - 30) =     26.20058  eV     2   --> E_1            
     e( 31 - 32) =     28.12863  eV     2   --> E_2            
     e( 33 - 33) =     30.63745  eV     1   --> A_1            

 **************************************************************************

 **************************************************************************

                    xk=(   0.00000,   0.00000,   0.24533  )

     Band symmetry, C_6v (6mm)  point group:

     e(  1 -  1) =     -6.10703  eV     1   --> A_1            
     e(  2 -  2) =     -5.84787  eV     1   --> B_1            
     e(  3 -  4) =     -4.17750  eV     2   --> E_1            
     e(  5 -  6) =     -4.16026  eV     2   --> E_2            
     e(  7 -  7) =     -4.00311  eV     1   --> A_1            
     e(  8 -  9) =     -3.92371  eV     2   --> E_1            
     e( 10 - 11) =     -3.89646  eV     2   --> E_2            
     e( 12 - 12) =     -3.59640  eV     1   --> B_1            
     e( 13 - 13) =      4.55968  eV     1   --> B_1            
     e( 14 - 14) =      6.35817  eV     1   --> A_1            
     e( 15 - 16) =      8.58520  eV     2   --> E_2            
     e( 17 - 18) =      8.89187  eV     2   --> E_1            
     e( 19 - 19) =     12.98104  eV     1   --> A_1            
     e( 20 - 20) =     13.45237  eV     1   --> B_1            
     e( 21 - 21) =     17.57298  eV     1   --> B_1            
     e( 22 - 22) =     17.81524  eV     1   --> A_1            
     e( 23 - 24) =     19.28491  eV     2   --> E_1            
     e( 25 - 26) =     19.78677  eV     2   --> E_2            
     e( 27 - 27) =     24.81154  eV     1   --> A_1            
     e( 28 - 28) =     25.86358  eV     1   --> B_1            
     e( 29 - 30) =     26.58914  eV     2   --> E_1            
     e( 31 - 32) =     28.02891  eV     2   --> E_2            
     e( 33 - 34) =     30.96073  eV     2   --> E_2            
     e( 35 - 35) =     31.32918  eV     1   --> A_1            

 **************************************************************************

 **************************************************************************

                    xk=(   0.00000,   0.00000,   0.27600  )

     Band symmetry, C_6v (6mm)  point group:

     e(  1 -  1) =     -6.03503  eV     1   --> A_1            
     e(  2 -  2) =     -5.90330  eV     1   --> B_1            
     e(  3 -  4) =     -4.17386  eV     2   --> E_1            
     e(  5 -  6) =     -4.16513  eV     2   --> E_2            
     e(  7 -  7) =     -3.92829  eV     1   --> A_1            
     e(  8 -  9) =     -3.91643  eV     2   --> E_1            
     e( 10 - 11) =     -3.90264  eV     2   --> E_2            
     e( 12 - 12) =     -3.72503  eV     1   --> B_1            
     e( 13 - 13) =      4.99799  eV     1   --> B_1            
     e( 14 - 14) =      5.90197  eV     1   --> A_1            
     e( 15 - 16) =      8.65989  eV     2   --> E_2            
     e( 17 - 18) =      8.81512  eV     2   --> E_1            
     e( 19 - 19) =     13.17074  eV     1   --> A_1            
     e( 20 - 20) =     13.40417  eV     1   --> B_1            
     e( 21 - 21) =     17.54011  eV     1   --> B_1            
     e( 22 - 22) =     17.65689  eV     1   --> A_1            
     e( 23 - 24) =     19.38668  eV     2   --> E_1            
     e( 25 - 26) =     19.63946  eV     2   --> E_2            
     e( 27 - 27) =     25.05446  eV     1   --> A_1            
     e( 28 - 28) =     25.58594  eV     1   --> B_1            
     e( 29 - 30) =     26.99366  eV     2   --> E_1            
     e( 31 - 32) =     27.76001  eV     2   --> E_2            
     e( 33 - 33) =     31.25822  eV     1   -->   ?
     e( 34 - 34) =     31.25836  eV     1   -->   ?
     e( 35 - 35) =     31.82737  eV     1   -->   ?

 **************************************************************************

 **************************************************************************

                    xk=(   0.00000,   0.00000,   0.30667  )

     Band symmetry, C_6v (6mm)  point group:

     e(  1 -  2) =     -5.96627  eV     2   --> A_1            
     e(  1 -  2) =     -5.96627  eV     2   --> B_1            
     e(  3 -  6) =     -4.16970  eV     4   --> E_1            
     e(  3 -  6) =     -4.16970  eV     4   --> E_2            
     e(  7 - 10) =     -3.90934  eV     4   --> E_1            
     e(  7 - 10) =     -3.90934  eV     4   --> E_2            
     e( 11 - 12) =     -3.83586  eV     2   --> A_1            
     e( 11 - 12) =     -3.83586  eV     2   --> B_1            
     e( 13 - 14) =      5.44715  eV     2   --> A_1            
     e( 13 - 14) =      5.44715  eV     2   --> B_1            
     e( 15 - 18) =      8.73720  eV     4   --> E_1            
     e( 15 - 18) =      8.73720  eV     4   --> E_2            
     e( 19 - 20) =     13.31192  eV     2   --> A_1            
     e( 19 - 20) =     13.31192  eV     2   --> B_1            
     e( 21 - 22) =     17.56560  eV     2   --> A_1            
     e( 21 - 22) =     17.56560  eV     2   --> B_1            
     e( 23 - 26) =     19.50533  eV     4   --> E_1            
     e( 23 - 26) =     19.50533  eV     4   --> E_2            
     e( 27 - 28) =     25.31415  eV     2   --> A_1            
     e( 27 - 28) =     25.31415  eV     2   --> B_1            
     e( 29 - 32) =     27.39576  eV     4   --> E_1            
     e( 29 - 32) =     27.39576  eV     4   --> E_2            
     e( 33 - 35) =     31.70739  eV     3   -->   ?

 **************************************************************************

 **************************************************************************

                    xk=(   0.03333,   0.05774,   0.30667  )

     point group C_s (m)    
     there are  2 classes
     the character table:

       E     s    
A'     1.00  1.00
A''    1.00 -1.00

     the symmetry operations in each class and the name of the first element:

     E        1
                                                                 
     s        2
                                                                 

     Band symmetry, C_s (m)     point group:

     e(  1 -  2) =     -5.94718  eV     2   --> A'             
     e(  1 -  2) =     -5.94718  eV     2   --> A''            
     e(  3 -  4) =     -4.16655  eV     2   --> A'             
     e(  3 -  4) =     -4.16655  eV     2   --> A''            
     e(  5 -  6) =     -4.16415  eV     2   --> A'             
     e(  5 -  6) =     -4.16415  eV     2   --> A''            
     e(  7 -  8) =     -3.93081  eV     2   --> A'             
     e(  7 -  8) =     -3.93081  eV     2   --> A''            
     e(  9 - 10) =     -3.90951  eV     2   --> A'             
     e(  9 - 10) =     -3.90951  eV     2   --> A''            
     e( 11 - 12) =     -3.79721  eV     2   --> A'             
     e( 11 - 12) =     -3.79721  eV     2   --> A''            
     e( 13 - 14) =      5.44096  eV     2   --> A'             
     e( 13 - 14) =      5.44096  eV     2   --> A''            
     e( 15 - 16) =      8.55048  eV     2   --> A'             
     e( 15 - 16) =      8.55048  eV     2   --> A''            
     e( 17 - 18) =      8.68448  eV     2   --> A'             
     e( 17 - 18) =      8.68448  eV     2   --> A''            
     e( 19 - 20) =     13.48313  eV     2   --> A'             
     e( 19 - 20) =     13.48313  eV     2   --> A''            
     e( 21 - 22) =     17.43938  eV     2   --> A'             
     e( 21 - 22) =     17.43938  eV     2   --> A''            
     e( 23 - 24) =     19.44438  eV     2   --> A'             
     e( 23 - 24) =     19.44438  eV     2   --> A''            
     e( 25 - 26) =     19.59448  eV     2   --> A'             
     e( 25 - 26) =     19.59448  eV     2   --> A''            
     e( 27 - 28) =     25.40376  eV     2   --> A'             
     e( 27 - 28) =     25.40376  eV     2   --> A''            
     e( 29 - 30) =     27.31118  eV     2   --> A'             
     e( 29 - 30) =     27.31118  eV     2   --> A''            
     e( 31 - 32) =     27.47852  eV     2   --> A'             
     e( 31 - 32) =     27.47852  eV     2   --> A''            
     e( 33 - 34) =     30.94984  eV     2   --> A'             
     e( 33 - 34) =     30.94984  eV     2   --> A''            
     e( 35 - 35) =     31.90417  eV     1   -->   ?

 **************************************************************************

 **************************************************************************

                    xk=(   0.06667,   0.11547,   0.30667  )

     Band symmetry, C_s (m)     point group:

     e(  1 -  2) =     -5.89418  eV     2   --> A'             
     e(  1 -  2) =     -5.89418  eV     2   --> A''            
     e(  3 -  4) =     -4.15719  eV     2   --> A'             
     e(  3 -  4) =     -4.15719  eV     2   --> A''            
     e(  5 -  6) =     -4.14839  eV     2   --> A'             
     e(  5 -  6) =     -4.14839  eV     2   --> A''            
     e(  7 -  8) =     -3.95948  eV     2   --> A'             
     e(  7 -  8) =     -3.95948  eV     2   --> A''            
     e(  9 - 10) =     -3.90977  eV     2   --> A'             
     e(  9 - 10) =     -3.90977  eV     2   --> A''            
     e( 11 - 12) =     -3.71398  eV     2   --> A'             
     e( 11 - 12) =     -3.71398  eV     2   --> A''            
     e( 13 - 14) =      5.40137  eV     2   --> A'             
     e( 13 - 14) =      5.40137  eV     2   --> A''            
     e( 15 - 16) =      8.11182  eV     2   --> A'             
     e( 15 - 16) =      8.11182  eV     2   --> A''            
     e( 17 - 18) =      8.52317  eV     2   --> A'             
     e( 17 - 18) =      8.52317  eV     2   --> A''            
     e( 19 - 20) =     13.88665  eV     2   --> A'             
     e( 19 - 20) =     13.88665  eV     2   --> A''            
     e( 21 - 22) =     17.12741  eV     2   --> A'             
     e( 21 - 22) =     17.12741  eV     2   --> A''            
     e( 23 - 24) =     19.30320  eV     2   --> A'             
     e( 23 - 24) =     19.30320  eV     2   --> A''            
     e( 25 - 26) =     19.84819  eV     2   --> A'             
     e( 25 - 26) =     19.84819  eV     2   --> A''            
     e( 27 - 28) =     25.36155  eV     2   --> A'             
     e( 27 - 28) =     25.36155  eV     2   --> A''            
     e( 29 - 30) =     27.02130  eV     2   --> A'             
     e( 29 - 30) =     27.02130  eV     2   --> A''            
     e( 31 - 32) =     28.09358  eV     2   --> A'             
     e( 31 - 32) =     28.09358  eV     2   --> A''            
     e( 33 - 34) =     30.47457  eV     2   --> A'             
     e( 33 - 34) =     30.47457  eV     2   --> A''            
     e( 35 - 35) =     32.34398  eV     1   -->   ?

 **************************************************************************

 **************************************************************************

                    xk=(   0.10000,   0.17321,   0.30667  )

     Band symmetry, C_s (m)     point group:

     e(  1 -  2) =     -5.81910  eV     2   --> A'             
     e(  1 -  2) =     -5.81910  eV     2   --> A''            
     e(  3 -  4) =     -4.14233  eV     2   --> A'             
     e(  3 -  4) =     -4.14233  eV     2   --> A''            
     e(  5 -  6) =     -4.12611  eV     2   --> A'             
     e(  5 -  6) =     -4.12611  eV     2   --> A''            
     e(  7 -  8) =     -3.97978  eV     2   --> A'             
     e(  7 -  8) =     -3.97978  eV     2   --> A''            
     e(  9 - 10) =     -3.90916  eV     2   --> A'             
     e(  9 - 10) =     -3.90916  eV     2   --> A''            
     e( 11 - 12) =     -3.59226  eV     2   --> A'             
     e( 11 - 12) =     -3.59226  eV     2   --> A''            
     e( 13 - 14) =      5.26281  eV     2   --> A'             
     e( 13 - 14) =      5.26281  eV     2   --> A''            
     e( 15 - 16) =      7.65711  eV     2   --> A'             
     e( 15 - 16) =      7.65711  eV     2   --> A''            
     e( 17 - 18) =      8.24998  eV     2   --> A'             
     e( 17 - 18) =      8.24998  eV     2   --> A''            
     e( 19 - 20) =     14.32253  eV     2   --> A'             
     e( 19 - 20) =     14.32253  eV     2   --> A''            
     e( 21 - 22) =     16.80222  eV     2   --> A'             
     e( 21 - 22) =     16.80222  eV     2   --> A''            
     e( 23 - 24) =     19.12533  eV     2   --> A'             
     e( 23 - 24) =     19.12533  eV     2   --> A''            
     e( 25 - 26) =     20.20504  eV     2   --> A'             
     e( 25 - 26) =     20.20504  eV     2   --> A''            
     e( 27 - 28) =     25.05773  eV     2   --> A'             
     e( 27 - 28) =     25.05773  eV     2   --> A''            
     e( 29 - 30) =     26.66465  eV     2   --> A'             
     e( 29 - 30) =     26.66465  eV     2   --> A''            
     e( 31 - 32) =     29.30230  eV     2   --> A'             
     e( 31 - 32) =     29.30230  eV     2   --> A''            
     e( 33 - 34) =     30.46636  eV     2   --> A'             
     e( 33 - 34) =     30.46636  eV     2   --> A''            
     e( 35 - 35) =     32.81888  eV     1   -->   ?

 **************************************************************************

 **************************************************************************

                    xk=(   0.13333,   0.23094,   0.30667  )

     Band symmetry, C_s (m)     point group:

     e(  1 -  2) =     -5.73782  eV     2   --> A'             
     e(  1 -  2) =     -5.73782  eV     2   --> A''            
     e(  3 -  4) =     -4.12475  eV     2   --> A'             
     e(  3 -  4) =     -4.12475  eV     2   --> A''            
     e(  5 -  6) =     -4.10444  eV     2   --> A'             
     e(  5 -  6) =     -4.10444  eV     2   --> A''            
     e(  7 -  8) =     -3.98942  eV     2   --> A'             
     e(  7 -  8) =     -3.98942  eV     2   --> A''            
     e(  9 - 10) =     -3.90602  eV     2   --> A'             
     e(  9 - 10) =     -3.90602  eV     2   --> A''            
     e( 11 - 12) =     -3.42125  eV     2   --> A'             
     e( 11 - 12) =     -3.42125  eV     2   --> A''            
     e( 13 - 14) =      4.95068  eV     2   --> A'             
     e( 13 - 14) =      4.95068  eV     2   --> A''            
     e( 15 - 16) =      7.37034  eV     2   --> A'             
     e( 15 - 16) =      7.37034  eV     2   --> A''            
     e( 17 - 18) =      7.87561  eV     2   --> A'             
     e( 17 - 18) =      7.87561  eV     2   --> A''            
     e( 19 - 20) =     14.63200  eV     2   --> A'             
     e( 19 - 20) =     14.63200  eV     2   --> A''            
     e( 21 - 22) =     16.64580  eV     2   --> A'             
     e( 21 - 22) =     16.64580  eV     2   --> A''            
     e( 23 - 24) =     18.91533  eV     2   --> A'             
     e( 23 - 24) =     18.91533  eV     2   --> A''            
     e( 25 - 26) =     20.55444  eV     2   --> A'             
     e( 25 - 26) =     20.55444  eV     2   --> A''            
     e( 27 - 28) =     24.69326  eV     2   --> A'             
     e( 27 - 28) =     24.69326  eV     2   --> A''            
     e( 29 - 30) =     26.51418  eV     2   --> A'             
     e( 29 - 30) =     26.51418  eV     2   --> A''            
     e( 31 - 32) =     30.23418  eV     2   --> A'             
     e( 31 - 32) =     30.23418  eV     2   --> A''            
     e( 33 - 34) =     31.38602  eV     2   --> A'             
     e( 33 - 34) =     31.38602  eV     2   --> A''            
     e( 35 - 35) =     33.26689  eV     1   -->   ?

 **************************************************************************

 **************************************************************************

                    xk=(   0.16667,   0.28868,   0.30667  )

     Band symmetry, C_s (m)     point group:

     e(  1 -  2) =     -5.66465  eV     2   --> A'             
     e(  1 -  2) =     -5.66465  eV     2   --> A''            
     e(  3 -  4) =     -4.11059  eV     2   --> A'             
     e(  3 -  4) =     -4.11059  eV     2   --> A''            
     e(  5 -  6) =     -4.08657  eV     2   --> A'             
     e(  5 -  6) =     -4.08657  eV     2   --> A''            
     e(  7 -  8) =     -3.99022  eV     2   --> A'             
     e(  7 -  8) =     -3.99022  eV     2   --> A''            
     e(  9 - 10) =     -3.89937  eV     2   --> A'             
     e(  9 - 10) =     -3.89937  eV     2   --> A''            
     e( 11 - 12) =     -3.19466  eV     2   --> A'             
     e( 11 - 12) =     -3.19466  eV     2   --> A''            
     e( 13 - 14) =      4.48915  eV     2   --> A'             
     e( 13 - 14) =      4.48915  eV     2   --> A''            
     e( 15 - 16) =      7.20756  eV     2   --> A'             
     e( 15 - 16) =      7.20756  eV     2   --> A''            
     e( 17 - 18) =      7.50362  eV     2   --> A'             
     e( 17 - 18) =      7.50362  eV     2   --> A''            
     e( 19 - 20) =     14.76392  eV     2   --> A'             
     e( 19 - 20) =     14.76392  eV     2   --> A''            
     e( 21 - 22) =     16.72275  eV     2   --> A'             
     e( 21 - 22) =     16.72275  eV     2   --> A''            
     e( 23 - 24) =     18.67187  eV     2   --> A'             
     e( 23 - 24) =     18.67187  eV     2   --> A''            
     e( 25 - 26) =     20.81297  eV     2   --> A'             
     e( 25 - 26) =     20.81297  eV     2   --> A''            
     e( 27 - 28) =     24.38788  eV     2   --> A'             
     e( 27 - 28) =     24.38788  eV     2   --> A''            
     e( 29 - 30) =     26.71541  eV     2   --> A'             
     e( 29 - 30) =     26.71541  eV     2   --> A''            
     e( 31 - 32) =     30.64000  eV     2   --> A'             
     e( 31 - 32) =     30.64000  eV     2   --> A''            
     e( 33 - 34) =     33.00082  eV     2   --> A'             
     e( 33 - 34) =     33.00082  eV     2   --> A''            
     e( 35 - 35) =     33.73427  eV     1   -->   ?

 **************************************************************************

 **************************************************************************

                    xk=(   0.20000,   0.34641,   0.30667  )

     Band symmetry, C_s (m)     point group:

     e(  1 -  2) =     -5.60754  eV     2   --> A'             
     e(  1 -  2) =     -5.60754  eV     2   --> A''            
     e(  3 -  4) =     -4.10379  eV     2   --> A'             
     e(  3 -  4) =     -4.10379  eV     2   --> A''            
     e(  5 -  6) =     -4.07009  eV     2   --> A'             
     e(  5 -  6) =     -4.07009  eV     2   --> A''            
     e(  7 -  8) =     -3.98683  eV     2   --> A'             
     e(  7 -  8) =     -3.98683  eV     2   --> A''            
     e(  9 - 10) =     -3.89194  eV     2   --> A'             
     e(  9 - 10) =     -3.89194  eV     2   --> A''            
     e( 11 - 12) =     -2.92356  eV     2   --> A'             
     e( 11 - 12) =     -2.92356  eV     2   --> A''            
     e( 13 - 14) =      3.99680  eV     2   --> A'             
     e( 13 - 14) =      3.99680  eV     2   --> A''            
     e( 15 - 16) =      6.77672  eV     2   --> A'             
     e( 15 - 16) =      6.77672  eV     2   --> A''            
     e( 17 - 18) =      7.48033  eV     2   --> A'             
     e( 17 - 18) =      7.48033  eV     2   --> A''            
     e( 19 - 20) =     14.81234  eV     2   --> A'             
     e( 19 - 20) =     14.81234  eV     2   --> A''            
     e( 21 - 22) =     16.91759  eV     2   --> A'             
     e( 21 - 22) =     16.91759  eV     2   --> A''            
     e( 23 - 24) =     18.39949  eV     2   --> A'             
     e( 23 - 24) =     18.39949  eV     2   --> A''            
     e( 25 - 26) =     21.02223  eV     2   --> A'             
     e( 25 - 26) =     21.02223  eV     2   --> A''            
     e( 27 - 28) =     24.19420  eV     2   --> A'             
     e( 27 - 28) =     24.19420  eV     2   --> A''            
     e( 29 - 30) =     27.16170  eV     2   --> A'             
     e( 29 - 30) =     27.16170  eV     2   --> A''            
     e( 31 - 32) =     30.94932  eV     2   --> A'             
     e( 31 - 32) =     30.94932  eV     2   --> A''            
     e( 33 - 34) =     33.48310  eV     2   --> A'             
     e( 33 - 34) =     33.48310  eV     2   --> A''            
     e( 35 - 35) =     34.54061  eV     1   -->   ?

 **************************************************************************

 **************************************************************************

                    xk=(   0.23333,   0.40415,   0.30667  )

     Band symmetry, C_s (m)     point group:

     e(  1 -  2) =     -5.56765  eV     2   --> A'             
     e(  1 -  2) =     -5.56765  eV     2   --> A''            
     e(  3 -  4) =     -4.09927  eV     2   --> A'             
     e(  3 -  4) =     -4.09927  eV     2   --> A''            
     e(  5 -  6) =     -4.05936  eV     2   --> A'             
     e(  5 -  6) =     -4.05936  eV     2   --> A''            
     e(  7 -  8) =     -3.97925  eV     2   --> A'             
     e(  7 -  8) =     -3.97925  eV     2   --> A''            
     e(  9 - 10) =     -3.88954  eV     2   --> A'             
     e(  9 - 10) =     -3.88954  eV     2   --> A''            
     e( 11 - 12) =     -2.64166  eV     2   --> A'             
     e( 11 - 12) =     -2.64166  eV     2   --> A''            
     e( 13 - 14) =      3.58410  eV     2   --> A'             
     e( 13 - 14) =      3.58410  eV     2   --> A''            
     e( 15 - 16) =      6.24606  eV     2   --> A'             
     e( 15 - 16) =      6.24606  eV     2   --> A''            
     e( 17 - 18) =      7.59789  eV     2   --> A'             
     e( 17 - 18) =      7.59789  eV     2   --> A''            
     e( 19 - 20) =     14.88971  eV     2   --> A'             
     e( 19 - 20) =     14.88971  eV     2   --> A''            
     e( 21 - 22) =     17.05700  eV     2   --> A'             
     e( 21 - 22) =     17.05700  eV     2   --> A''            
     e( 23 - 24) =     18.13769  eV     2   --> A'             
     e( 23 - 24) =     18.13769  eV     2   --> A''            
     e( 25 - 26) =     21.31456  eV     2   --> A'             
     e( 25 - 26) =     21.31456  eV     2   --> A''            
     e( 27 - 28) =     24.08282  eV     2   --> A'             
     e( 27 - 28) =     24.08282  eV     2   --> A''            
     e( 29 - 30) =     27.54550  eV     2   --> A'             
     e( 29 - 30) =     27.54550  eV     2   --> A''            
     e( 31 - 32) =     31.00826  eV     2   --> A'             
     e( 31 - 32) =     31.00826  eV     2   --> A''            
     e( 33 - 34) =     33.32900  eV     2   --> A'             
     e( 33 - 34) =     33.32900  eV     2   --> A''            
     e( 35 - 35) =     34.98190  eV     1   -->   ?

 **************************************************************************

 **************************************************************************

                    xk=(   0.26667,   0.46188,   0.30667  )

     Band symmetry, C_s (m)     point group:

     e(  1 -  2) =     -5.54251  eV     2   --> A'             
     e(  1 -  2) =     -5.54251  eV     2   --> A''            
     e(  3 -  4) =     -4.09282  eV     2   --> A'             
     e(  3 -  4) =     -4.09282  eV     2   --> A''            
     e(  5 -  6) =     -4.05766  eV     2   --> A'             
     e(  5 -  6) =     -4.05766  eV     2   --> A''            
     e(  7 -  8) =     -3.96604  eV     2   --> A'             
     e(  7 -  8) =     -3.96604  eV     2   --> A''            
     e(  9 - 10) =     -3.89598  eV     2   --> A'             
     e(  9 - 10) =     -3.89598  eV     2   --> A''            
     e( 11 - 12) =     -2.39919  eV     2   --> A'             
     e( 11 - 12) =     -2.39919  eV     2   --> A''            
     e( 13 - 14) =      3.32212  eV     2   --> A'             
     e( 13 - 14) =      3.32212  eV     2   --> A''            
     e( 15 - 16) =      5.75136  eV     2   --> A'             
     e( 15 - 16) =      5.75136  eV     2   --> A''            
     e( 17 - 18) =      7.71709  eV     2   --> A'             
     e( 17 - 18) =      7.71709  eV     2   --> A''            
     e( 19 - 20) =     15.05193  eV     2   --> A'             
     e( 19 - 20) =     15.05193  eV     2   --> A''            
     e( 21 - 22) =     16.97718  eV     2   --> A'             
     e( 21 - 22) =     16.97718  eV     2   --> A''            
     e( 23 - 24) =     18.00765  eV     2   --> A'             
     e( 23 - 24) =     18.00765  eV     2   --> A''            
     e( 25 - 26) =     21.77394  eV     2   --> A'             
     e( 25 - 26) =     21.77394  eV     2   --> A''            
     e( 27 - 28) =     23.95071  eV     2   --> A'             
     e( 27 - 28) =     23.95071  eV     2   --> A''            
     e( 29 - 30) =     27.50588  eV     2   --> A'             
     e( 29 - 30) =     27.50588  eV     2   --> A''            
     e( 31 - 32) =     30.95025  eV     2   --> A'             
     e( 31 - 32) =     30.95025  eV     2   --> A''            
     e( 33 - 34) =     33.47803  eV     2   --> A'             
     e( 33 - 34) =     33.47803  eV     2   --> A''            
     e( 35 - 35) =     35.37487  eV     1   -->   ?

 **************************************************************************

 **************************************************************************

                    xk=(   0.30000,   0.51962,   0.30667  )

     Band symmetry, C_s (m)     point group:

     e(  1 -  2) =     -5.52904  eV     2   --> A'             
     e(  1 -  2) =     -5.52904  eV     2   --> A''            
     e(  3 -  4) =     -4.08422  eV     2   --> A'             
     e(  3 -  4) =     -4.08422  eV     2   --> A''            
     e(  5 -  6) =     -4.06170  eV     2   --> A'             
     e(  5 -  6) =     -4.06170  eV     2   --> A''            
     e(  7 -  8) =     -3.95070  eV     2   --> A'             
     e(  7 -  8) =     -3.95070  eV     2   --> A''            
     e(  9 - 10) =     -3.90978  eV     2   --> A'             
     e(  9 - 10) =     -3.90978  eV     2   --> A''            
     e( 11 - 12) =     -2.24394  eV     2   --> A'             
     e( 11 - 12) =     -2.24394  eV     2   --> A''            
     e( 13 - 14) =      3.22794  eV     2   --> A'             
     e( 13 - 14) =      3.22794  eV     2   --> A''            
     e( 15 - 16) =      5.37202  eV     2   --> A'             
     e( 15 - 16) =      5.37202  eV     2   --> A''            
     e( 17 - 18) =      7.79621  eV     2   --> A'             
     e( 17 - 18) =      7.79621  eV     2   --> A''            
     e( 19 - 20) =     15.29637  eV     2   --> A'             
     e( 19 - 20) =     15.29637  eV     2   --> A''            
     e( 21 - 22) =     16.69118  eV     2   --> A'             
     e( 21 - 22) =     16.69118  eV     2   --> A''            
     e( 23 - 24) =     18.03193  eV     2   --> A'             
     e( 23 - 24) =     18.03193  eV     2   --> A''            
     e( 25 - 26) =     22.38434  eV     2   --> A'             
     e( 25 - 26) =     22.38434  eV     2   --> A''            
     e( 27 - 28) =     23.64171  eV     2   --> A'             
     e( 27 - 28) =     23.64171  eV     2   --> A''            
     e( 29 - 30) =     27.13534  eV     2   --> A'             
     e( 29 - 30) =     27.13534  eV     2   --> A''            
     e( 31 - 32) =     31.07838  eV     2   --> A'             
     e( 31 - 32) =     31.07838  eV     2   --> A''            
     e( 33 - 34) =     33.73054  eV     2   --> A'             
     e( 33 - 34) =     33.73054  eV     2   --> A''            
     e( 35 - 35) =     35.63264  eV     1   -->   ?

 **************************************************************************

 **************************************************************************

                    xk=(   0.33333,   0.57735,   0.30667  )

     point group C_3v (3m)  
     there are  3 classes
     the character table:

       E     2C3   3s_v 
A_1    1.00  1.00  1.00
A_2    1.00  1.00 -1.00
E      2.00 -1.00  0.00

     the symmetry operations in each class and the name of the first element:

     E        1
                                                                 
     2C3      2    3
                                                                 
     3s_v     4    6    5
                                                                 

     Band symmetry, C_3v (3m)   point group:

     e(  1 -  2) =     -5.52493  eV     2   --> E    L_3       
     e(  3 -  4) =     -4.07846  eV     2   --> E    L_3       
     e(  5 -  6) =     -4.06534  eV     2   --> A_1  L_1       
     e(  5 -  6) =     -4.06534  eV     2   --> A_2  L_2       
     e(  7 -  8) =     -3.94197  eV     2   --> A_1  L_1       
     e(  7 -  8) =     -3.94197  eV     2   --> A_2  L_2       
     e(  9 - 10) =     -3.91964  eV     2   --> E    L_3       
     e( 11 - 12) =     -2.19482  eV     2   --> E    L_3       
     e( 13 - 14) =      3.22822  eV     2   --> E    L_3       
     e( 15 - 16) =      5.21679  eV     2   --> A_1  L_1       
     e( 15 - 16) =      5.21679  eV     2   --> A_2  L_2       
     e( 17 - 18) =      7.82197  eV     2   --> E    L_3       
     e( 19 - 20) =     15.46707  eV     2   --> E    L_3       
     e( 21 - 22) =     16.49268  eV     2   --> A_1  L_1       
     e( 21 - 22) =     16.49268  eV     2   --> A_2  L_2       
     e( 23 - 24) =     18.06623  eV     2   --> E    L_3       
     e( 25 - 26) =     23.03426  eV     2   --> E    L_3       
     e( 27 - 28) =     23.09433  eV     2   --> A_1  L_1       
     e( 27 - 28) =     23.09433  eV     2   --> A_2  L_2       
     e( 29 - 30) =     26.94282  eV     2   --> E    L_3       
     e( 31 - 32) =     31.18248  eV     2   --> A_1  L_1       
     e( 31 - 32) =     31.18248  eV     2   --> A_2  L_2       
     e( 33 - 34) =     33.84012  eV     2   --> E    L_3       
     e( 35 - 35) =     35.68800  eV     1   -->   ?

 **************************************************************************

 **************************************************************************

                    xk=(   0.33333,   0.57735,   0.27600  )

     Band symmetry, C_3v (3m)   point group:

     e(  1 -  2) =     -5.52597  eV     2   --> E    L_3       
     e(  3 -  3) =     -4.08463  eV     1   --> A_2  L_2       
     e(  4 -  5) =     -4.07719  eV     2   --> E    L_3       
     e(  6 -  6) =     -4.04659  eV     1   --> A_1  L_1       
     e(  7 -  7) =     -3.94168  eV     1   --> A_1  L_1       
     e(  8 -  8) =     -3.94137  eV     1   --> A_2  L_2       
     e(  9 - 10) =     -3.92036  eV     2   --> E    L_3       
     e( 11 - 12) =     -2.19503  eV     2   --> E    L_3       
     e( 13 - 14) =      3.24230  eV     2   --> E    L_3       
     e( 15 - 15) =      5.03721  eV     1   --> A_1  L_1       
     e( 16 - 16) =      5.40448  eV     1   --> A_2  L_2       
     e( 17 - 18) =      7.78845  eV     2   --> E    L_3       
     e( 19 - 20) =     15.50485  eV     2   --> E    L_3       
     e( 21 - 21) =     16.23793  eV     1   --> A_2  L_2       
     e( 22 - 22) =     16.72181  eV     1   --> A_1  L_1       
     e( 23 - 24) =     18.07306  eV     2   --> E    L_3       
     e( 25 - 25) =     22.82375  eV     1   --> A_2  L_2       
     e( 26 - 27) =     23.00913  eV     2   --> E    L_3       
     e( 28 - 28) =     23.42422  eV     1   --> A_1  L_1       
     e( 29 - 30) =     26.94482  eV     2   --> E    L_3       
     e( 31 - 31) =     31.17888  eV     1   --> A_2  L_2       
     e( 32 - 32) =     31.18029  eV     1   --> A_1  L_1       
     e( 33 - 34) =     33.83299  eV     2   --> E    L_3       
     e( 35 - 35) =     35.70866  eV     1   -->   ?

 **************************************************************************

 **************************************************************************

                    xk=(   0.33333,   0.57735,   0.24533  )

     Band symmetry, C_3v (3m)   point group:

     e(  1 -  2) =     -5.52897  eV     2   --> E    L_3       
     e(  3 -  3) =     -4.10366  eV     1   --> A_2  L_2       
     e(  4 -  5) =     -4.07344  eV     2   --> E    L_3       
     e(  6 -  6) =     -4.02940  eV     1   --> A_1  L_1       
     e(  7 -  7) =     -3.94024  eV     1   --> A_2  L_2       
     e(  8 -  8) =     -3.93995  eV     1   --> A_1  L_1       
     e(  9 - 10) =     -3.92249  eV     2   --> E    L_3       
     e( 11 - 12) =     -2.19564  eV     2   --> E    L_3       
     e( 13 - 14) =      3.28401  eV     2   --> E    L_3       
     e( 15 - 15) =      4.86888  eV     1   --> A_1  L_1       
     e( 16 - 16) =      5.59650  eV     1   --> A_2  L_2       
     e( 17 - 18) =      7.69135  eV     2   --> E    L_3       
     e( 19 - 20) =     15.61334  eV     2   --> E    L_3       
     e( 21 - 21) =     15.96509  eV     1   --> A_2  L_2       
     e( 22 - 22) =     16.92067  eV     1   --> A_1  L_1       
     e( 23 - 24) =     18.09467  eV     2   --> E    L_3       
     e( 25 - 25) =     22.60816  eV     1   --> A_2  L_2       
     e( 26 - 27) =     22.93370  eV     2   --> E    L_3       
     e( 28 - 28) =     23.81523  eV     1   --> A_1  L_1       
     e( 29 - 30) =     26.95275  eV     2   --> E    L_3       
     e( 31 - 31) =     31.16557  eV     1   --> A_1  L_1       
     e( 32 - 32) =     31.17467  eV     1   --> A_2  L_2       
     e( 33 - 34) =     33.80972  eV     2   --> E    L_3       
     e( 35 - 35) =     35.76443  eV     1   -->   ?

 **************************************************************************

 **************************************************************************

                    xk=(   0.33333,   0.57735,   0.21467  )

     Band symmetry, C_3v (3m)   point group:

     e(  1 -  2) =     -5.53356  eV     2   --> E    L_3       
     e(  3 -  3) =     -4.12177  eV     1   --> A_2  L_2       
     e(  4 -  5) =     -4.06738  eV     2   --> E    L_3       
     e(  6 -  6) =     -4.01489  eV     1   --> A_1  L_1       
     e(  7 -  7) =     -3.93884  eV     1   --> A_2  L_2       
     e(  8 -  8) =     -3.93615  eV     1   --> A_1  L_1       
     e(  9 - 10) =     -3.92601  eV     2   --> E    L_3       
     e( 11 - 12) =     -2.19657  eV     2   --> E    L_3       
     e( 13 - 14) =      3.35166  eV     2   --> E    L_3       
     e( 15 - 15) =      4.71451  eV     1   --> A_1  L_1       
     e( 16 - 16) =      5.78847  eV     1   --> A_2  L_2       
     e( 17 - 18) =      7.54055  eV     2   --> E    L_3       
     e( 19 - 19) =     15.68401  eV     1   --> A_2  L_2       
     e( 20 - 21) =     15.77926  eV     2   --> E    L_3       
     e( 22 - 22) =     17.08758  eV     1   --> A_1  L_1       
     e( 23 - 24) =     18.13431  eV     2   --> E    L_3       
     e( 25 - 25) =     22.44109  eV     1   --> A_2  L_2       
     e( 26 - 27) =     22.80857  eV     2   --> E    L_3       
     e( 28 - 28) =     24.26605  eV     1   --> A_1  L_1       
     e( 29 - 30) =     26.97077  eV     2   --> E    L_3       
     e( 31 - 31) =     31.12897  eV     1   --> A_1  L_1       
     e( 32 - 32) =     31.17303  eV     1   --> A_2  L_2       
     e( 33 - 34) =     33.76462  eV     2   --> E    L_3       
     e( 35 - 35) =     35.83203  eV     1   -->   ?

 **************************************************************************

 **************************************************************************

                    xk=(   0.33333,   0.57735,   0.18400  )

     Band symmetry, C_3v (3m)   point group:

     e(  1 -  2) =     -5.53936  eV     2   --> E    L_3       
     e(  3 -  3) =     -4.13843  eV     1   --> A_2  L_2       
     e(  4 -  5) =     -4.05936  eV     2   --> E    L_3       
     e(  6 -  6) =     -4.00396  eV     1   --> A_1  L_1       
     e(  7 -  7) =     -3.93736  eV     1   --> A_2  L_2       
     e(  8 -  9) =     -3.93090  eV     2   --> E    L_3       
     e( 10 - 10) =     -3.92989  eV     1   --> A_1  L_1       
     e( 11 - 12) =     -2.19775  eV     2   --> E    L_3       
     e( 13 - 14) =      3.44218  eV     2   --> E    L_3       
     e( 15 - 15) =      4.57634  eV     1   --> A_1  L_1       
     e( 16 - 16) =      5.97517  eV     1   --> A_2  L_2       
     e( 17 - 18) =      7.34995  eV     2   --> E    L_3       
     e( 19 - 19) =     15.40565  eV     1   --> A_2  L_2       
     e( 20 - 21) =     15.98180  eV     2   --> E    L_3       
     e( 22 - 22) =     17.22302  eV     1   --> A_1  L_1       
     e( 23 - 24) =     18.19683  eV     2   --> E    L_3       
     e( 25 - 25) =     22.31500  eV     1   --> A_2  L_2       
     e( 26 - 27) =     22.63619  eV     2   --> E    L_3       
     e( 28 - 28) =     24.77159  eV     1   --> A_1  L_1       
     e( 29 - 30) =     27.00244  eV     2   --> E    L_3       
     e( 31 - 31) =     31.05714  eV     1   --> A_1  L_1       
     e( 32 - 32) =     31.17579  eV     1   --> A_2  L_2       
     e( 33 - 34) =     33.68809  eV     2   --> E    L_3       
     e( 35 - 35) =     35.85046  eV     1   -->   ?

 **************************************************************************

 **************************************************************************

                    xk=(   0.33333,   0.57735,   0.15333  )

     Band symmetry, C_3v (3m)   point group:

     e(  1 -  2) =     -5.54574  eV     2   --> E    L_3       
     e(  3 -  3) =     -4.15322  eV     1   --> A_2  L_2       
     e(  4 -  5) =     -4.04975  eV     2   --> E    L_3       
     e(  6 -  6) =     -3.99673  eV     1   --> A_1  L_1       
     e(  7 -  8) =     -3.93707  eV     2   --> E    L_3       
     e(  9 -  9) =     -3.93592  eV     1   --> A_2  L_2       
     e( 10 - 10) =     -3.92154  eV     1   --> A_1  L_1       
     e( 11 - 12) =     -2.19905  eV     2   --> E    L_3       
     e( 13 - 14) =      3.55080  eV     2   --> E    L_3       
     e( 15 - 15) =      4.45633  eV     1   --> A_1  L_1       
     e( 16 - 16) =      6.15066  eV     1   --> A_2  L_2       
     e( 17 - 18) =      7.13592  eV     2   --> E    L_3       
     e( 19 - 19) =     15.14199  eV     1   --> A_2  L_2       
     e( 20 - 21) =     16.19653  eV     2   --> E    L_3       
     e( 22 - 22) =     17.32955  eV     1   --> A_1  L_1       
     e( 23 - 24) =     18.28872  eV     2   --> E    L_3       
     e( 25 - 25) =     22.22243  eV     1   --> A_2  L_2       
     e( 26 - 27) =     22.42305  eV     2   --> E    L_3       
     e( 28 - 28) =     25.32386  eV     1   --> A_1  L_1       
     e( 29 - 30) =     27.04963  eV     2   --> E    L_3       
     e( 31 - 31) =     30.93320  eV     1   --> A_1  L_1       
     e( 32 - 32) =     31.18323  eV     1   --> A_2  L_2       
     e( 33 - 34) =     33.57428  eV     2   --> E    L_3       
     e( 35 - 35) =     35.73842  eV     1   -->   ?

 **************************************************************************

 **************************************************************************

                    xk=(   0.33333,   0.57735,   0.12267  )

     Band symmetry, C_3v (3m)   point group:

     e(  1 -  2) =     -5.55201  eV     2   --> E    L_3       
     e(  3 -  3) =     -4.16575  eV     1   --> A_2  L_2       
     e(  4 -  5) =     -4.03899  eV     2   --> E    L_3       
     e(  6 -  6) =     -3.99244  eV     1   --> A_1  L_1       
     e(  7 -  8) =     -3.94442  eV     2   --> E    L_3       
     e(  9 -  9) =     -3.93462  eV     1   --> A_2  L_2       
     e( 10 - 10) =     -3.91233  eV     1   --> A_1  L_1       
     e( 11 - 12) =     -2.20033  eV     2   --> E    L_3       
     e( 13 - 14) =      3.67044  eV     2   --> E    L_3       
     e( 15 - 15) =      4.35599  eV     1   --> A_1  L_1       
     e( 16 - 16) =      6.30844  eV     1   --> A_2  L_2       
     e( 17 - 18) =      6.91600  eV     2   --> E    L_3       
     e( 19 - 19) =     14.90513  eV     1   --> A_2  L_2       
     e( 20 - 21) =     16.39783  eV     2   --> E    L_3       
     e( 22 - 22) =     17.41043  eV     1   --> A_1  L_1       
     e( 23 - 24) =     18.41407  eV     2   --> E    L_3       
     e( 25 - 25) =     22.15672  eV     1   --> A_2  L_2       
     e( 26 - 27) =     22.18114  eV     2   --> E    L_3       
     e( 28 - 28) =     25.91113  eV     1   --> A_1  L_1       
     e( 29 - 30) =     27.10992  eV     2   --> E    L_3       
     e( 31 - 31) =     30.73875  eV     1   --> A_1  L_1       
     e( 32 - 32) =     31.19468  eV     1   --> A_2  L_2       
     e( 33 - 34) =     33.42434  eV     2   --> E    L_3       
     e( 35 - 35) =     35.53472  eV     1   -->   ?

 **************************************************************************

 **************************************************************************

                    xk=(   0.33333,   0.57735,   0.09200  )

     Band symmetry, C_3v (3m)   point group:

     e(  1 -  2) =     -5.55773  eV     2   --> E    L_3       
     e(  3 -  3) =     -4.17582  eV     1   --> A_2  L_2       
     e(  4 -  5) =     -4.02763  eV     2   --> E    L_3       
     e(  6 -  6) =     -3.99008  eV     1   --> A_1  L_1       
     e(  7 -  8) =     -3.95277  eV     2   --> E    L_3       
     e(  9 -  9) =     -3.93356  eV     1   --> A_2  L_2       
     e( 10 - 10) =     -3.90371  eV     1   --> A_1  L_1       
     e( 11 - 12) =     -2.20150  eV     2   --> E    L_3       
     e( 13 - 14) =      3.79071  eV     2   --> E    L_3       
     e( 15 - 15) =      4.27661  eV     1   --> A_1  L_1       
     e( 16 - 16) =      6.44116  eV     1   --> A_2  L_2       
     e( 17 - 18) =      6.70903  eV     2   --> E    L_3       
     e( 19 - 19) =     14.70565  eV     1   --> A_2  L_2       
     e( 20 - 21) =     16.56451  eV     2   --> E    L_3       
     e( 22 - 22) =     17.46905  eV     1   --> A_1  L_1       
     e( 23 - 24) =     18.56793  eV     2   --> E    L_3       
     e( 25 - 26) =     21.92989  eV     2   --> E    L_3       
     e( 27 - 27) =     22.11120  eV     1   --> A_2  L_2       
     e( 28 - 28) =     26.51471  eV     1   --> A_1  L_1       
     e( 29 - 30) =     27.17429  eV     2   --> E    L_3       
     e( 31 - 31) =     30.46010  eV     1   --> A_1  L_1       
     e( 32 - 32) =     31.20704  eV     1   --> A_2  L_2       
     e( 33 - 34) =     33.25465  eV     2   --> E    L_3       
     e( 35 - 35) =     35.17707  eV     1   --> A_1  L_1       

 **************************************************************************

 **************************************************************************

                    xk=(   0.33333,   0.57735,   0.06133  )

     Band symmetry, C_3v (3m)   point group:

     e(  1 -  2) =     -5.56220  eV     2   --> E    L_3       
     e(  3 -  3) =     -4.18316  eV     1   --> A_2  L_2       
     e(  4 -  5) =     -4.01632  eV     2   --> E    L_3       
     e(  6 -  6) =     -3.98885  eV     1   --> A_1  L_1       
     e(  7 -  8) =     -3.96170  eV     2   --> E    L_3       
     e(  9 -  9) =     -3.93275  eV     1   --> A_2  L_2       
     e( 10 - 10) =     -3.89681  eV     1   --> A_1  L_1       
     e( 11 - 12) =     -2.20241  eV     2   --> E    L_3       
     e( 13 - 14) =      3.89734  eV     2   --> E    L_3       
     e( 15 - 15) =      4.21922  eV     1   --> A_1  L_1       
     e( 16 - 17) =      6.53607  eV     2   --> E    L_3       
     e( 18 - 18) =      6.54216  eV     1   --> A_2  L_2       
     e( 19 - 19) =     14.55468  eV     1   --> A_2  L_2       
     e( 20 - 21) =     16.68475  eV     2   --> E    L_3       
     e( 22 - 22) =     17.50858  eV     1   --> A_1  L_1       
     e( 23 - 24) =     18.72990  eV     2   --> E    L_3       
     e( 25 - 26) =     21.69906  eV     2   --> E    L_3       
     e( 27 - 27) =     22.08239  eV     1   --> A_2  L_2       
     e( 28 - 28) =     27.10314  eV     1   --> A_1  L_1       
     e( 29 - 30) =     27.23366  eV     2   --> E    L_3       
     e( 31 - 31) =     30.10693  eV     1   --> A_1  L_1       
     e( 32 - 32) =     31.21974  eV     1   --> A_2  L_2       
     e( 33 - 34) =     33.09716  eV     2   --> E    L_3       
     e( 35 - 35) =     34.78818  eV     1   --> A_1  L_1       

 **************************************************************************

 **************************************************************************

                    xk=(   0.33333,   0.57735,   0.03067  )

     Band symmetry, C_3v (3m)   point group:

     e(  1 -  2) =     -5.56504  eV     2   --> E    L_3       
     e(  3 -  3) =     -4.18761  eV     1   --> A_2  L_2       
     e(  4 -  5) =     -4.00637  eV     2   --> E    L_3       
     e(  6 -  6) =     -3.98828  eV     1   --> A_1  L_1       
     e(  7 -  8) =     -3.97012  eV     2   --> E    L_3       
     e(  9 -  9) =     -3.93225  eV     1   --> A_2  L_2       
     e( 10 - 10) =     -3.89239  eV     1   --> A_1  L_1       
     e( 11 - 12) =     -2.20299  eV     2   --> E    L_3       
     e( 13 - 14) =      3.97268  eV     2   --> E    L_3       
     e( 15 - 15) =      4.18451  eV     1   --> A_1  L_1       
     e( 16 - 17) =      6.41925  eV     2   --> E    L_3       
     e( 18 - 18) =      6.60561  eV     1   --> A_2  L_2       
     e( 19 - 19) =     14.46057  eV     1   --> A_2  L_2       
     e( 20 - 21) =     16.75565  eV     2   --> E    L_3       
     e( 22 - 22) =     17.53149  eV     1   --> A_1  L_1       
     e( 23 - 24) =     18.85973  eV     2   --> E    L_3       
     e( 25 - 26) =     21.52960  eV     2   --> E    L_3       
     e( 27 - 27) =     22.06647  eV     1   --> A_2  L_2       
     e( 28 - 29) =     27.27601  eV     2   --> E    L_3       
     e( 30 - 30) =     27.60305  eV     1   --> A_1  L_1       
     e( 31 - 31) =     29.74566  eV     1   --> A_1  L_1       
     e( 32 - 32) =     31.22905  eV     1   --> A_2  L_2       
     e( 33 - 34) =     32.98583  eV     2   --> E    L_3       
     e( 35 - 35) =     34.55861  eV     1   --> A_1  L_1       

 **************************************************************************

 **************************************************************************

                    xk=(   0.33333,   0.57735,   0.00000  )

     Band symmetry, C_3v (3m)   point group:

     e(  1 -  2) =     -5.56604  eV     2   --> E    L_3       
     e(  3 -  3) =     -4.18912  eV     1   --> A_2  L_2       
     e(  4 -  5) =     -4.00161  eV     2   --> E    L_3       
     e(  6 -  6) =     -3.98811  eV     1   --> A_1  L_1       
     e(  7 -  8) =     -3.97438  eV     2   --> E    L_3       
     e(  9 -  9) =     -3.93209  eV     1   --> A_2  L_2       
     e( 10 - 10) =     -3.89088  eV     1   --> A_1  L_1       
     e( 11 - 12) =     -2.20319  eV     2   --> E    L_3       
     e( 13 - 14) =      4.00014  eV     2   --> E    L_3       
     e( 15 - 15) =      4.17288  eV     1   --> A_1  L_1       
     e( 16 - 17) =      6.37765  eV     2   --> E    L_3       
     e( 18 - 18) =      6.62719  eV     1   --> A_2  L_2       
     e( 19 - 19) =     14.42835  eV     1   --> A_2  L_2       
     e( 20 - 21) =     16.77887  eV     2   --> E    L_3       
     e( 22 - 22) =     17.53887  eV     1   --> A_1  L_1       
     e( 23 - 24) =     18.91027  eV     2   --> E    L_3       
     e( 25 - 26) =     21.46600  eV     2   --> E    L_3       
     e( 27 - 27) =     22.06127  eV     1   --> A_2  L_2       
     e( 28 - 29) =     27.29089  eV     2   --> E    L_3       
     e( 30 - 30) =     27.82809  eV     1   --> A_1  L_1       
     e( 31 - 31) =     29.56552  eV     1   --> A_1  L_1       
     e( 32 - 32) =     31.23221  eV     1   --> A_2  L_2       
     e( 33 - 34) =     32.94553  eV     2   --> E    L_3       
     e( 35 - 35) =     34.48282  eV     1   --> A_1  L_1       

 **************************************************************************

 **************************************************************************

                    xk=(   0.30000,   0.51962,   0.00000  )

     point group C_s (m)    
     there are  2 classes
     the character table:

       E     s    
A'     1.00  1.00
A''    1.00 -1.00

     the symmetry operations in each class and the name of the first element:

     E        1
                                                                 
     s        2
                                                                 

     Band symmetry, C_s (m)     point group:

     e(  1 -  1) =     -5.59334  eV     1   --> A'             
     e(  2 -  2) =     -5.54881  eV     1   --> A''            
     e(  3 -  3) =     -4.18585  eV     1   --> A''            
     e(  4 -  4) =     -4.02434  eV     1   --> A'             
     e(  5 -  5) =     -3.99387  eV     1   --> A''            
     e(  6 -  6) =     -3.99149  eV     1   --> A'             
     e(  7 -  7) =     -3.97914  eV     1   --> A'             
     e(  8 -  8) =     -3.96846  eV     1   --> A''            
     e(  9 -  9) =     -3.92356  eV     1   --> A''            
     e( 10 - 10) =     -3.88890  eV     1   --> A'             
     e( 11 - 11) =     -2.41737  eV     1   --> A'             
     e( 12 - 12) =     -2.06134  eV     1   --> A''            
     e( 13 - 13) =      3.80476  eV     1   --> A''            
     e( 14 - 14) =      3.96622  eV     1   --> A'             
     e( 15 - 15) =      4.55823  eV     1   --> A'             
     e( 16 - 16) =      5.97155  eV     1   --> A''            
     e( 17 - 17) =      6.74939  eV     1   --> A''            
     e( 18 - 18) =      6.76976  eV     1   --> A'             
     e( 19 - 19) =     14.52313  eV     1   --> A''            
     e( 20 - 20) =     16.43942  eV     1   --> A'             
     e( 21 - 21) =     16.95071  eV     1   --> A''            
     e( 22 - 22) =     17.36249  eV     1   --> A'             
     e( 23 - 23) =     18.75370  eV     1   --> A'             
     e( 24 - 24) =     19.09599  eV     1   --> A''            
     e( 25 - 25) =     20.91670  eV     1   --> A''            
     e( 26 - 26) =     22.02468  eV     1   --> A'             
     e( 27 - 27) =     22.22796  eV     1   --> A''            
     e( 28 - 28) =     26.34276  eV     1   --> A'             
     e( 29 - 29) =     27.90499  eV     1   --> A''            
     e( 30 - 30) =     28.32244  eV     1   --> A'             
     e( 31 - 31) =     29.69306  eV     1   --> A'             
     e( 32 - 32) =     30.70550  eV     1   --> A''            
     e( 33 - 33) =     32.07555  eV     1   --> A'             
     e( 34 - 34) =     33.92018  eV     1   --> A''            
     e( 35 - 35) =     34.36924  eV     1   --> A'             

 **************************************************************************

 **************************************************************************

                    xk=(   0.26667,   0.46188,   0.00000  )

     Band symmetry, C_s (m)     point group:

     e(  1 -  1) =     -5.63563  eV     1   --> A'             
     e(  2 -  2) =     -5.54033  eV     1   --> A''            
     e(  3 -  3) =     -4.17721  eV     1   --> A''            
     e(  4 -  4) =     -4.04861  eV     1   --> A'             
     e(  5 -  5) =     -4.00450  eV     1   --> A''            
     e(  6 -  6) =     -3.99852  eV     1   --> A'             
     e(  7 -  7) =     -3.98369  eV     1   --> A'             
     e(  8 -  8) =     -3.96287  eV     1   --> A''            
     e(  9 -  9) =     -3.91078  eV     1   --> A''            
     e( 10 - 10) =     -3.88540  eV     1   --> A'             
     e( 11 - 11) =     -2.72790  eV     1   --> A'             
     e( 12 - 12) =     -1.97334  eV     1   --> A''            
     e( 13 - 13) =      3.66425  eV     1   --> A''            
     e( 14 - 14) =      4.09537  eV     1   --> A'             
     e( 15 - 15) =      5.10465  eV     1   --> A'             
     e( 16 - 16) =      5.53595  eV     1   --> A''            
     e( 17 - 17) =      7.04548  eV     1   --> A''            
     e( 18 - 18) =      7.19316  eV     1   --> A'             
     e( 19 - 19) =     14.80082  eV     1   --> A''            
     e( 20 - 20) =     15.95282  eV     1   --> A'             
     e( 21 - 21) =     16.94766  eV     1   --> A''            
     e( 22 - 22) =     17.04839  eV     1   --> A'             
     e( 23 - 23) =     18.66633  eV     1   --> A'             
     e( 24 - 24) =     19.30839  eV     1   --> A''            
     e( 25 - 25) =     20.30500  eV     1   --> A''            
     e( 26 - 26) =     22.54741  eV     1   --> A''            
     e( 27 - 27) =     22.57830  eV     1   --> A'             
     e( 28 - 28) =     25.35315  eV     1   --> A'             
     e( 29 - 29) =     28.40153  eV     1   --> A''            
     e( 30 - 30) =     28.91462  eV     1   --> A'             
     e( 31 - 31) =     29.96447  eV     1   --> A''            
     e( 32 - 32) =     30.12945  eV     1   --> A'             
     e( 33 - 33) =     31.50671  eV     1   --> A'             
     e( 34 - 34) =     33.77267  eV     1   --> A''            
     e( 35 - 35) =     33.94779  eV     1   --> A'             

 **************************************************************************

 **************************************************************************

                    xk=(   0.23333,   0.40415,   0.00000  )

     Band symmetry, C_s (m)     point group:

     e(  1 -  1) =     -5.69971  eV     1   --> A'             
     e(  2 -  2) =     -5.54044  eV     1   --> A''            
     e(  3 -  3) =     -4.16536  eV     1   --> A''            
     e(  4 -  4) =     -4.07370  eV     1   --> A'             
     e(  5 -  5) =     -4.02159  eV     1   --> A''            
     e(  6 -  6) =     -4.00381  eV     1   --> A'             
     e(  7 -  7) =     -3.99342  eV     1   --> A'             
     e(  8 -  8) =     -3.95691  eV     1   --> A''            
     e(  9 -  9) =     -3.90850  eV     1   --> A''            
     e( 10 - 10) =     -3.88278  eV     1   --> A'             
     e( 11 - 11) =     -3.08321  eV     1   --> A'             
     e( 12 - 12) =     -1.96596  eV     1   --> A''            
     e( 13 - 13) =      3.62200  eV     1   --> A''            
     e( 14 - 14) =      4.44589  eV     1   --> A'             
     e( 15 - 15) =      5.16895  eV     1   --> A''            
     e( 16 - 16) =      5.70262  eV     1   --> A'             
     e( 17 - 17) =      7.43291  eV     1   --> A''            
     e( 18 - 18) =      7.62022  eV     1   --> A'             
     e( 19 - 19) =     15.22921  eV     1   --> A''            
     e( 20 - 20) =     15.34083  eV     1   --> A'             
     e( 21 - 21) =     16.78462  eV     1   --> A''            
     e( 22 - 22) =     16.81102  eV     1   --> A'             
     e( 23 - 23) =     18.68364  eV     1   --> A'             
     e( 24 - 24) =     19.51564  eV     1   --> A''            
     e( 25 - 25) =     19.82449  eV     1   --> A''            
     e( 26 - 26) =     22.83683  eV     1   --> A'             
     e( 27 - 27) =     22.84067  eV     1   --> A''            
     e( 28 - 28) =     24.49487  eV     1   --> A'             
     e( 29 - 29) =     28.53891  eV     1   --> A''            
     e( 30 - 30) =     28.99112  eV     1   --> A'             
     e( 31 - 31) =     29.29494  eV     1   --> A''            
     e( 32 - 32) =     30.92279  eV     1   --> A'             
     e( 33 - 33) =     31.46244  eV     1   --> A'             
     e( 34 - 34) =     33.42371  eV     1   --> A'             
     e( 35 - 35) =     33.61856  eV     1   --> A''            

 **************************************************************************

 **************************************************************************

                    xk=(   0.20000,   0.34641,   0.00000  )

     Band symmetry, C_s (m)     point group:

     e(  1 -  1) =     -5.79302  eV     1   --> A'             
     e(  2 -  2) =     -5.54878  eV     1   --> A''            
     e(  3 -  3) =     -4.15321  eV     1   --> A''            
     e(  4 -  4) =     -4.09913  eV     1   --> A'             
     e(  5 -  5) =     -4.04169  eV     1   --> A''            
     e(  6 -  6) =     -4.01406  eV     1   --> A'             
     e(  7 -  7) =     -4.00145  eV     1   --> A'             
     e(  8 -  8) =     -3.94949  eV     1   --> A''            
     e(  9 -  9) =     -3.91880  eV     1   --> A''            
     e( 10 - 10) =     -3.88230  eV     1   --> A'             
     e( 11 - 11) =     -3.42366  eV     1   --> A'             
     e( 12 - 12) =     -2.03817  eV     1   --> A''            
     e( 13 - 13) =      3.56780  eV     1   --> A''            
     e( 14 - 14) =      4.97349  eV     1   --> A'             
     e( 15 - 15) =      5.05125  eV     1   --> A''            
     e( 16 - 16) =      6.31860  eV     1   --> A'             
     e( 17 - 17) =      7.85283  eV     1   --> A''            
     e( 18 - 18) =      8.02484  eV     1   --> A'             
     e( 19 - 19) =     14.66715  eV     1   --> A'             
     e( 20 - 20) =     15.75156  eV     1   --> A''            
     e( 21 - 21) =     16.48449  eV     1   --> A''            
     e( 22 - 22) =     16.71374  eV     1   --> A'             
     e( 23 - 23) =     18.82961  eV     1   --> A'             
     e( 24 - 24) =     19.37774  eV     1   --> A''            
     e( 25 - 25) =     19.88401  eV     1   --> A''            
     e( 26 - 26) =     22.69674  eV     1   --> A'             
     e( 27 - 27) =     22.96144  eV     1   --> A''            
     e( 28 - 28) =     23.81872  eV     1   --> A'             
     e( 29 - 29) =     28.43905  eV     1   --> A''            
     e( 30 - 30) =     28.65529  eV     1   --> A'             
     e( 31 - 31) =     28.77869  eV     1   --> A''            
     e( 32 - 32) =     31.26524  eV     1   --> A'             
     e( 33 - 33) =     31.95862  eV     1   --> A'             
     e( 34 - 34) =     33.28237  eV     1   --> A'             
     e( 35 - 35) =     33.38225  eV     1   --> A''            

 **************************************************************************

 **************************************************************************

                    xk=(   0.16667,   0.28868,   0.00000  )

     Band symmetry, C_s (m)     point group:

     e(  1 -  1) =     -5.91894  eV     1   --> A'             
     e(  2 -  2) =     -5.56532  eV     1   --> A''            
     e(  3 -  3) =     -4.14513  eV     1   --> A''            
     e(  4 -  4) =     -4.12431  eV     1   --> A'             
     e(  5 -  5) =     -4.06325  eV     1   --> A''            
     e(  6 -  6) =     -4.03853  eV     1   --> A'             
     e(  7 -  7) =     -3.99783  eV     1   --> A'             
     e(  8 -  8) =     -3.94319  eV     1   --> A''            
     e(  9 -  9) =     -3.93289  eV     1   --> A''            
     e( 10 - 10) =     -3.88768  eV     1   --> A'             
     e( 11 - 11) =     -3.70064  eV     1   --> A'             
     e( 12 - 12) =     -2.16255  eV     1   --> A''            
     e( 13 - 13) =      3.35910  eV     1   --> A''            
     e( 14 - 14) =      5.33314  eV     1   --> A''            
     e( 15 - 15) =      5.63285  eV     1   --> A'             
     e( 16 - 16) =      6.91235  eV     1   --> A'             
     e( 17 - 17) =      8.26010  eV     1   --> A''            
     e( 18 - 18) =      8.38430  eV     1   --> A'             
     e( 19 - 19) =     13.97908  eV     1   --> A'             
     e( 20 - 20) =     15.92576  eV     1   --> A''            
     e( 21 - 21) =     16.45004  eV     1   --> A''            
     e( 22 - 22) =     16.78254  eV     1   --> A'             
     e( 23 - 23) =     19.11043  eV     1   --> A'             
     e( 24 - 24) =     19.27856  eV     1   --> A''            
     e( 25 - 25) =     20.06870  eV     1   --> A''            
     e( 26 - 26) =     22.26977  eV     1   --> A'             
     e( 27 - 27) =     22.89669  eV     1   --> A''            
     e( 28 - 28) =     23.27326  eV     1   --> A'             
     e( 29 - 29) =     28.06861  eV     1   --> A''            
     e( 30 - 30) =     28.19383  eV     1   --> A'             
     e( 31 - 31) =     28.81107  eV     1   --> A''            
     e( 32 - 32) =     30.77598  eV     1   --> A'             
     e( 33 - 33) =     32.37996  eV     1   --> A'             
     e( 34 - 34) =     32.68807  eV     1   --> A''            
     e( 35 - 35) =     33.33844  eV     1   --> A'             

 **************************************************************************

 **************************************************************************

                    xk=(   0.13333,   0.23094,   0.00000  )

     Band symmetry, C_s (m)     point group:

     e(  1 -  1) =     -6.06941  eV     1   --> A'             
     e(  2 -  2) =     -5.58919  eV     1   --> A''            
     e(  3 -  3) =     -4.14848  eV     1   --> A'             
     e(  4 -  4) =     -4.14601  eV     1   --> A''            
     e(  5 -  5) =     -4.08495  eV     1   --> A''            
     e(  6 -  6) =     -4.06846  eV     1   --> A'             
     e(  7 -  7) =     -3.99009  eV     1   --> A'             
     e(  8 -  8) =     -3.95453  eV     1   --> A''            
     e(  9 -  9) =     -3.94433  eV     1   --> A'             
     e( 10 - 10) =     -3.92425  eV     1   --> A''            
     e( 11 - 11) =     -3.84815  eV     1   --> A'             
     e( 12 - 12) =     -2.30415  eV     1   --> A''            
     e( 13 - 13) =      3.06507  eV     1   --> A''            
     e( 14 - 14) =      5.91535  eV     1   --> A''            
     e( 15 - 15) =      6.38180  eV     1   --> A'             
     e( 16 - 16) =      7.44209  eV     1   --> A'             
     e( 17 - 17) =      8.61899  eV     1   --> A''            
     e( 18 - 18) =      8.68313  eV     1   --> A'             
     e( 19 - 19) =     13.29351  eV     1   --> A'             
     e( 20 - 20) =     15.38941  eV     1   --> A''            
     e( 21 - 21) =     17.01623  eV     1   --> A''            
     e( 22 - 22) =     17.04229  eV     1   --> A'             
     e( 23 - 23) =     19.39513  eV     1   --> A''            
     e( 24 - 24) =     19.48587  eV     1   --> A'             
     e( 25 - 25) =     20.04522  eV     1   --> A''            
     e( 26 - 26) =     21.78178  eV     1   --> A'             
     e( 27 - 27) =     22.80202  eV     1   --> A'             
     e( 28 - 28) =     22.89987  eV     1   --> A''            
     e( 29 - 29) =     27.66464  eV     1   --> A''            
     e( 30 - 30) =     27.71803  eV     1   --> A'             
     e( 31 - 31) =     29.20940  eV     1   --> A''            
     e( 32 - 32) =     29.56007  eV     1   --> A'             
     e( 33 - 33) =     31.62927  eV     1   --> A''            
     e( 34 - 34) =     31.97315  eV     1   --> A'             
     e( 35 - 35) =     32.96070  eV     1   --> A'             

 **************************************************************************

 **************************************************************************

                    xk=(   0.10000,   0.17321,   0.00000  )

     Band symmetry, C_s (m)     point group:

     e(  1 -  1) =     -6.22365  eV     1   --> A'             
     e(  2 -  2) =     -5.61762  eV     1   --> A''            
     e(  3 -  3) =     -4.17074  eV     1   --> A'             
     e(  4 -  4) =     -4.15669  eV     1   --> A''            
     e(  5 -  5) =     -4.10504  eV     1   --> A''            
     e(  6 -  6) =     -4.10202  eV     1   --> A'             
     e(  7 -  7) =     -4.05349  eV     1   --> A'             
     e(  8 -  8) =     -3.98033  eV     1   --> A'             
     e(  9 -  9) =     -3.96189  eV     1   --> A''            
     e( 10 - 10) =     -3.90846  eV     1   --> A''            
     e( 11 - 11) =     -3.86617  eV     1   --> A'             
     e( 12 - 12) =     -2.43548  eV     1   --> A''            
     e( 13 - 13) =      2.78653  eV     1   --> A''            
     e( 14 - 14) =      6.64451  eV     1   --> A''            
     e( 15 - 15) =      7.16923  eV     1   --> A'             
     e( 16 - 16) =      7.88328  eV     1   --> A'             
     e( 17 - 17) =      8.90488  eV     1   --> A''            
     e( 18 - 18) =      8.91433  eV     1   --> A'             
     e( 19 - 19) =     12.60980  eV     1   --> A'             
     e( 20 - 20) =     14.74648  eV     1   --> A''            
     e( 21 - 21) =     17.49941  eV     1   --> A'             
     e( 22 - 22) =     17.55538  eV     1   --> A''            
     e( 23 - 23) =     19.69143  eV     1   --> A''            
     e( 24 - 24) =     19.75114  eV     1   --> A''            
     e( 25 - 25) =     19.81736  eV     1   --> A'             
     e( 26 - 26) =     21.35222  eV     1   --> A'             
     e( 27 - 27) =     22.56254  eV     1   --> A'             
     e( 28 - 28) =     23.23750  eV     1   --> A''            
     e( 29 - 29) =     27.19329  eV     1   --> A'             
     e( 30 - 30) =     27.33011  eV     1   --> A''            
     e( 31 - 31) =     28.11896  eV     1   --> A'             
     e( 32 - 32) =     29.31956  eV     1   --> A''            
     e( 33 - 33) =     30.54377  eV     1   --> A'             
     e( 34 - 34) =     30.92294  eV     1   --> A''            
     e( 35 - 35) =     32.86975  eV     1   --> A'             

 **************************************************************************

 **************************************************************************

                    xk=(   0.06667,   0.11547,   0.00000  )

     Band symmetry, C_s (m)     point group:

     e(  1 -  1) =     -6.35579  eV     1   --> A'             
     e(  2 -  2) =     -5.64539  eV     1   --> A''            
     e(  3 -  3) =     -4.18934  eV     1   --> A'             
     e(  4 -  4) =     -4.17173  eV     1   --> A''            
     e(  5 -  5) =     -4.14415  eV     1   --> A'             
     e(  6 -  6) =     -4.12072  eV     1   --> A''            
     e(  7 -  7) =     -4.10700  eV     1   --> A'             
     e(  8 -  8) =     -3.97112  eV     1   --> A'             
     e(  9 -  9) =     -3.96317  eV     1   --> A''            
     e( 10 - 10) =     -3.89152  eV     1   --> A''            
     e( 11 - 11) =     -3.87019  eV     1   --> A'             
     e( 12 - 12) =     -2.53936  eV     1   --> A''            
     e( 13 - 13) =      2.56951  eV     1   --> A''            
     e( 14 - 14) =      7.39329  eV     1   --> A''            
     e( 15 - 15) =      7.86132  eV     1   --> A'             
     e( 16 - 16) =      8.30382  eV     1   --> A'             
     e( 17 - 17) =      9.07712  eV     1   --> A'             
     e( 18 - 18) =      9.10455  eV     1   --> A''            
     e( 19 - 19) =     11.92815  eV     1   --> A'             
     e( 20 - 20) =     14.08931  eV     1   --> A''            
     e( 21 - 21) =     17.96544  eV     1   --> A''            
     e( 22 - 22) =     18.10684  eV     1   --> A'             
     e( 23 - 23) =     19.35847  eV     1   --> A''            
     e( 24 - 24) =     19.91201  eV     1   --> A'             
     e( 25 - 25) =     20.12382  eV     1   --> A''            
     e( 26 - 26) =     21.02388  eV     1   --> A'             
     e( 27 - 27) =     22.79572  eV     1   --> A'             
     e( 28 - 28) =     23.85332  eV     1   --> A''            
     e( 29 - 29) =     26.18270  eV     1   --> A'             
     e( 30 - 30) =     27.04382  eV     1   --> A''            
     e( 31 - 31) =     27.32802  eV     1   --> A'             
     e( 32 - 32) =     28.49883  eV     1   --> A''            
     e( 33 - 33) =     28.97592  eV     1   --> A'             
     e( 34 - 34) =     31.19827  eV     1   --> A''            
     e( 35 - 35) =     32.65638  eV     1   -->   ?

 **************************************************************************

 **************************************************************************

                    xk=(   0.03333,   0.05774,   0.00000  )

     Band symmetry, C_s (m)     point group:

     e(  1 -  1) =     -6.44399  eV     1   --> A'             
     e(  2 -  2) =     -5.66575  eV     1   --> A''            
     e(  3 -  3) =     -4.20053  eV     1   --> A'             
     e(  4 -  4) =     -4.18383  eV     1   --> A''            
     e(  5 -  5) =     -4.17647  eV     1   --> A'             
     e(  6 -  6) =     -4.13024  eV     1   --> A''            
     e(  7 -  7) =     -4.12724  eV     1   --> A'             
     e(  8 -  8) =     -3.96442  eV     1   --> A'             
     e(  9 -  9) =     -3.96242  eV     1   --> A''            
     e( 10 - 10) =     -3.87807  eV     1   --> A''            
     e( 11 - 11) =     -3.87221  eV     1   --> A'             
     e( 12 - 12) =     -2.60563  eV     1   --> A''            
     e( 13 - 13) =      2.43365  eV     1   --> A''            
     e( 14 - 14) =      8.00390  eV     1   --> A''            
     e( 15 - 15) =      8.17883  eV     1   --> A'             
     e( 16 - 16) =      8.89451  eV     1   --> A'             
     e( 17 - 17) =      9.17357  eV     1   --> A'             
     e( 18 - 18) =      9.21509  eV     1   --> A''            
     e( 19 - 19) =     11.29367  eV     1   --> A'             
     e( 20 - 20) =     13.54759  eV     1   --> A''            
     e( 21 - 21) =     18.19590  eV     1   --> A''            
     e( 22 - 22) =     18.71022  eV     1   --> A'             
     e( 23 - 23) =     19.08124  eV     1   --> A''            
     e( 24 - 24) =     19.82537  eV     1   --> A'             
     e( 25 - 25) =     20.55139  eV     1   --> A''            
     e( 26 - 26) =     20.81691  eV     1   --> A'             
     e( 27 - 27) =     23.38042  eV     1   --> A'             
     e( 28 - 28) =     24.47934  eV     1   --> A''            
     e( 29 - 29) =     25.12350  eV     1   --> A'             
     e( 30 - 30) =     26.85842  eV     1   --> A''            
     e( 31 - 31) =     27.07660  eV     1   --> A'             
     e( 32 - 32) =     27.62904  eV     1   --> A'             
     e( 33 - 33) =     27.65188  eV     1   --> A''            
     e( 34 - 34) =     30.87228  eV     1   --> A''            
     e( 35 - 35) =     32.65227  eV     1   -->   ?

 **************************************************************************

 **************************************************************************

                    xk=(   0.00000,   0.00000,   0.00000  )

     point group C_6v (6mm) 
     there are  6 classes
     the character table:

       E     2C6   2C3   C2    3s_v  3s_d 
A_1    1.00  1.00  1.00  1.00  1.00  1.00
A_2    1.00  1.00  1.00  1.00 -1.00 -1.00
B_1    1.00 -1.00  1.00 -1.00  1.00 -1.00
B_2    1.00 -1.00  1.00 -1.00 -1.00  1.00
E_1    2.00  1.00 -1.00 -2.00  0.00  0.00
E_2    2.00 -1.00 -1.00  2.00  0.00  0.00

     the symmetry operations in each class and the name of the first element:

     E        1
                                                                 
     2C6      3    4
                                                                 
     2C3      5    6
                                                                 
     C2       2
                                                                 
     3s_v     8   12   11
                                                                 
     3s_d     7    9   10
                                                                 

     Band symmetry, C_6v (6mm)  point group:

     e(  1 -  1) =     -6.47487  eV     1   --> A_1            
     e(  2 -  2) =     -5.67326  eV     1   --> B_1            
     e(  3 -  3) =     -4.20290  eV     1   --> A_1            
     e(  4 -  5) =     -4.18835  eV     2   --> E_1            
     e(  6 -  7) =     -4.13341  eV     2   --> E_2            
     e(  8 -  9) =     -3.96199  eV     2   --> E_1            
     e( 10 - 11) =     -3.87292  eV     2   --> E_2            
     e( 12 - 12) =     -2.62841  eV     1   --> B_1            
     e( 13 - 13) =      2.38753  eV     1   --> B_1            
     e( 14 - 15) =      8.25410  eV     2   --> E_2            
     e( 16 - 16) =      9.20303  eV     1   --> A_1            
     e( 17 - 18) =      9.24628  eV     2   --> E_1            
     e( 19 - 19) =     10.96199  eV     1   --> A_1            
     e( 20 - 20) =     13.32539  eV     1   --> B_1            
     e( 21 - 21) =     18.26139  eV     1   --> B_1            
     e( 22 - 23) =     18.98988  eV     2   --> E_1            
     e( 24 - 24) =     19.76836  eV     1   --> A_1            
     e( 25 - 26) =     20.74383  eV     2   --> E_2            
     e( 27 - 27) =     23.71174  eV     1   --> A_1            
     e( 28 - 29) =     24.73944  eV     2   --> E_1            
     e( 30 - 31) =     26.98373  eV     2   --> E_2            
     e( 32 - 32) =     27.01991  eV     1   --> A_1            
     e( 33 - 33) =     27.13107  eV     1   --> B_1            
     e( 34 - 34) =     30.51873  eV     1   --> B_1            
     e( 35 - 35) =     32.98590  eV     1   -->   ?

 **************************************************************************
 
     BANDS        :     10.65s CPU     13.44s WALL

 
   This run was terminated on:  21:54:18  30Jul2026            

=------------------------------------------------------------------------------=
   JOB DONE.
=------------------------------------------------------------------------------=
