# energy grid [eV]     epsr_x  epsr_y  epsr_z
# plasmon frequences [eV]:    17.798244319   17.798845546   17.821487764
    0.050000000    6.877002182    6.881310836    7.044010196
    0.060000000    6.877301887    6.881613091    7.044317840
    0.070000000    6.877656183    6.881970404    7.044681518
    0.080000000    6.878065121    6.882382826    7.045101278
    0.090000000    6.878528757    6.882850418    7.045577178
    0.100000000    6.879047157    6.883373245    7.046109282
    0.110000000    6.879620394    6.883951384    7.046697662
    0.120000000    6.880248550    6.884584919    7.047342398
    0.130000000    6.880931712    6.885273941    7.048043578
    0.140000000    6.881669978    6.886018549    7.048801298
    0.150000000    6.882463453    6.886818853    7.049615660
    0.160000000    6.883312249    6.887674968    7.050486776
    0.170000000    6.884216488    6.888587020    7.051414766
    0.180000000    6.885176298    6.889555142    7.052399756
    0.190000000    6.886191817    6.890579475    7.053441883
    0.200000000    6.887263190    6.891660170    7.054541290
    0.210000000    6.888390572    6.892797387    7.055698128
    0.220000000    6.889574125    6.893991292    7.056912559
    0.230000000    6.890814021    6.895242064    7.058184750
    0.240000000    6.892110439    6.896549887    7.059514880
    0.250000000    6.893463567    6.897914957    7.060903134
    0.260000000    6.894873604    6.899337478    7.062349707
    0.270000000    6.896340755    6.900817663    7.063854802
    0.280000000    6.897865237    6.902355736    7.065418631
    0.290000000    6.899447274    6.903951928    7.067041417
    0.300000000    6.901087101    6.905606483    7.068723389
    0.310000000    6.902784960    6.907319651    7.070464788
    0.320000000    6.904541107    6.909091696    7.072265863
    0.330000000    6.906355803    6.910922890    7.074126874
    0.340000000    6.908229322    6.912813515    7.076048088
    0.350000000    6.910161947    6.914763865    7.078029785
    0.360000000    6.912153971    6.916774244    7.080072253
    0.370000000    6.914205700    6.918844966    7.082175792
    0.380000000    6.916317447    6.920976359    7.084340711
    0.390000000    6.918489537    6.923168759    7.086567329
    0.400000000    6.920722309    6.925422515    7.088855978
    0.410000000    6.923016109    6.927737988    7.091206999
    0.420000000    6.925371296    6.930115550    7.093620745
    0.430000000    6.927788243    6.932555588    7.096097581
    0.440000000    6.930267331    6.935058498    7.098637883
    0.450000000    6.932808956    6.937624690    7.101242038
    0.460000000    6.935413526    6.940254588    7.103910447
    0.470000000    6.938081461    6.942948629    7.106643521
    0.480000000    6.940813195    6.945707264    7.109441686
    0.490000000    6.943609174    6.948530956    7.112305379
    0.500000000    6.946469859    6.951420184    7.115235053
    0.510000000    6.949395724    6.954375443    7.118231170
    0.520000000    6.952387257    6.957397240    7.121294210
    0.530000000    6.955444961    6.960486098    7.124424665
    0.540000000    6.958569355    6.963642559    7.127623043
    0.550000000    6.961760972    6.966867177    7.130889864
    0.560000000    6.965020361    6.970160526    7.134225666
    0.570000000    6.968348088    6.973523194    7.137631001
    0.580000000    6.971744733    6.976955789    7.141106437
    0.590000000    6.975210896    6.980458935    7.144652560
    0.600000000    6.978747193    6.984033276    7.148269971
    0.610000000    6.982354257    6.987679475    7.151959289
    0.620000000    6.986032742    6.991398214    7.155721149
    0.630000000    6.989783318    6.995190195    7.159556208
    0.640000000    6.993606677    6.999056140    7.163465137
    0.650000000    6.997503528    7.002996795    7.167448630
    0.660000000    7.001474604    7.007012926    7.171507398
    0.670000000    7.005520657    7.011105320    7.175642174
    0.680000000    7.009642460    7.015274792    7.179853711
    0.690000000    7.013840812    7.019522176    7.184142785
    0.700000000    7.018116532    7.023848335    7.188510192
    0.710000000    7.022470463    7.028254155    7.192956752
    0.720000000    7.026903475    7.032740549    7.197483308
    0.730000000    7.031416461    7.037308458    7.202090727
    0.740000000    7.036010341    7.041958852    7.206779903
    0.750000000    7.040686063    7.046692729    7.211551754
    0.760000000    7.045444602    7.051511116    7.216407223
    0.770000000    7.050286962    7.056415075    7.221347285
    0.780000000    7.055214177    7.061405697    7.226372939
    0.790000000    7.060227312    7.066484108    7.231485216
    0.800000000    7.065327465    7.071651469    7.236685177
    0.810000000    7.070515765    7.076908976    7.241973912
    0.820000000    7.075793377    7.082257864    7.247352546
    0.830000000    7.081161501    7.087699406    7.252822238
    0.840000000    7.086621373    7.093234913    7.258384179
    0.850000000    7.092174270    7.098865743    7.264039598
    0.860000000    7.097821505    7.104593292    7.269789762
    0.870000000    7.103564434    7.110419004    7.275635975
    0.880000000    7.109404456    7.116344370    7.281579581
    0.890000000    7.115343014    7.122370929    7.287621967
    0.900000000    7.121381595    7.128500271    7.293764563
    0.910000000    7.127521737    7.134734039    7.300008843
    0.920000000    7.133765027    7.141073930    7.306356328
    0.930000000    7.140113102    7.147521701    7.312808588
    0.940000000    7.146567654    7.154079167    7.319367242
    0.950000000    7.153130432    7.160748205    7.326033963
    0.960000000    7.159803242    7.167530760    7.332810479
    0.970000000    7.166587953    7.174428842    7.339698571
    0.980000000    7.173486495    7.181444534    7.346700085
    0.990000000    7.180500866    7.188579993    7.353816923
    1.000000000    7.187633134    7.195837453    7.361051056
    1.010000000    7.194885436    7.203219233    7.368404518
    1.020000000    7.202259989    7.210727733    7.375879417
    1.030000000    7.209759086    7.218365445    7.383477932
    1.040000000    7.217385105    7.226134955    7.391202317
    1.050000000    7.225140508    7.234038946    7.399054909
    1.060000000    7.233027850    7.242080206    7.407038128
    1.070000000    7.241049779    7.250261631    7.415154480
    1.080000000    7.249209046    7.258586231    7.423406564
    1.090000000    7.257508503    7.267057137    7.431797074
    1.100000000    7.265951114    7.275677606    7.440328806
    1.110000000    7.274539959    7.284451028    7.449004661
    1.120000000    7.283278236    7.293380934    7.457827652
    1.130000000    7.292169275    7.302471003    7.466800906
    1.140000000    7.301216537    7.311725071    7.475927675
    1.150000000    7.310423626    7.321147139    7.485211340
    1.160000000    7.319794297    7.330741382    7.494655416
    1.170000000    7.329332459    7.340512162    7.504263562
    1.180000000    7.339042189    7.350464035    7.514039587
    1.190000000    7.348927740    7.360601765    7.523987460
    1.200000000    7.358993550    7.370930338    7.534111317
    1.210000000    7.369244254    7.381454972    7.544415472
    1.220000000    7.379684696    7.392181134    7.554904424
    1.230000000    7.390319937    7.403114556    7.565582874
    1.240000000    7.401155277    7.414261251    7.576455729
    1.250000000    7.412196261    7.425627534    7.587528122
    1.260000000    7.423448700    7.437220037    7.598805420
    1.270000000    7.434918684    7.449045736    7.610293240
    1.280000000    7.446612605    7.461111973    7.621997468
    1.290000000    7.458537171    7.473426478    7.633924270
    1.300000000    7.470699431    7.485997403    7.646080116
    1.310000000    7.483106799    7.498833349    7.658471797
    1.320000000    7.495767074    7.511943400    7.671106445
    1.330000000    7.508688475    7.525337157    7.683991561
    1.340000000    7.521879663    7.539024781    7.697135034
    1.350000000    7.535349779    7.553017035    7.710545175
    1.360000000    7.549108476    7.567325331    7.724230741
    1.370000000    7.563165958    7.581961786    7.738200974
    1.380000000    7.577533027    7.596939274    7.752465629
    1.390000000    7.592221122    7.612271494    7.767035020
    1.400000000    7.607242376    7.627973039    7.781920057
    1.410000000    7.622609669    7.644059474    7.797132297
    1.420000000    7.638336691    7.660547421    7.812683993
    1.430000000    7.654438011    7.677454658    7.828588151
    1.440000000    7.670929150    7.694800222    7.844858593
    1.450000000    7.687826668    7.712604530    7.861510023
    1.460000000    7.705148254    7.730889509    7.878558107
    1.470000000    7.722912829    7.749678747    7.896019553
    1.480000000    7.741140665    7.768997660    7.913912207
    1.490000000    7.759853508    7.788873674    7.932255156
    1.500000000    7.779074725    7.809336440    7.951068842
    1.510000000    7.798829464    7.830418071    7.970375193
    1.520000000    7.819144834    7.852153406    7.990197767
    1.530000000    7.840050109    7.874580318    8.010561913
    1.540000000    7.861576957    7.897740058    8.031494950
    1.550000000    7.883759701    7.921677649    8.053026377
    1.560000000    7.906635608    7.946442331    8.075188098
    1.570000000    7.930245231    7.972088076    8.098014685
    1.580000000    7.954632780    7.998674173    8.121543674
    1.590000000    7.979846562    8.026265901    8.145815895
    1.600000000    8.005939470    8.054935305    8.170875861
    1.610000000    8.032969556    8.084762084    8.196772198
    1.620000000    8.061000676    8.115834620    8.223558139
    1.630000000    8.090103236    8.148251158    8.251292102
    1.640000000    8.120355054    8.182121178    8.280038331
    1.650000000    8.151842338    8.217566963    8.309867657
    1.660000000    8.184660823    8.254725409    8.340858347
    1.670000000    8.218917062    8.293750090    8.373097105
    1.680000000    8.254729911    8.334813609    8.406680200
    1.690000000    8.292232194    8.378110224    8.441714778
    1.700000000    8.331572586    8.423858743    8.478320351
    1.710000000    8.372917665    8.472305585    8.516630491
    1.720000000    8.416454100    8.523727842    8.556794736
    1.730000000    8.462390832    8.578435961    8.598980695
    1.740000000    8.510961010    8.636775352    8.643376308
    1.750000000    8.562423184    8.699125649    8.690192168
    1.760000000    8.617060885    8.765895319    8.739663665
    1.770000000    8.675178978    8.837507512    8.792052554
    1.780000000    8.737093911    8.914369768    8.847647180
    1.790000000    8.803112706    8.996814441    8.906759953
    1.800000000    8.873491427    9.084986246    8.969719595
    1.810000000    8.948356623    9.178634892    9.036853675
    1.820000000    9.027560516    9.276738535    9.108453445
    1.830000000    9.110419479    9.376830720    9.184706653
    1.840000000    9.195253507    9.473826939    9.265572723
    1.850000000    9.278610099    9.558077281    9.350554918
    1.860000000    9.354068474    9.612465063    9.438290864
    1.870000000    9.410747486    9.609137768    9.525832716
    1.880000000    9.432454311    9.508989636    9.607433645
    1.890000000    9.400005306    9.271765629    9.672676688
    1.900000000    9.299588305    8.885041502    9.704156136
    1.910000000    9.133474757    8.398273814    9.676337092
    1.920000000    8.919875435    7.914279589    9.560367103
    1.930000000    8.681648350    7.525682907    9.341736798
    1.940000000    8.445793012    7.268553183    9.046968653
    1.950000000    8.250390161    7.134838419    8.748612824
    1.960000000    8.131089820    7.100597001    8.524335534
    1.970000000    8.099128744    7.138824487    8.410064820
    1.980000000    8.141184530    7.224369607    8.396851617
    1.990000000    8.234837737    7.337417483    8.456488851
    2.000000000    8.360061727    7.464484477    8.561591722
    2.010000000    8.502191888    7.597180914    8.691923336
    2.020000000    8.650323344    7.730244627    8.833221555
    2.030000000    8.794298486    7.859686062    8.973839408
    2.040000000    8.921308419    7.981163709    9.101215770
    2.050000000    9.012367784    8.088519887    9.198981582
    2.060000000    9.039752984    8.172740049    9.246476020
    2.070000000    8.968907718    8.222436658    9.224650845
    2.080000000    8.770230240    8.227610375    9.130824249
    2.090000000    8.441260212    8.186814513    8.990895160
    2.100000000    8.026492909    8.113435672    8.844822232
    2.110000000    7.612857510    8.033826253    8.709191914
    2.120000000    7.289036629    7.973683691    8.558381850
    2.130000000    7.097797797    7.943271963    8.343836636
    2.140000000    7.029368541    7.938470832    8.036537530
    2.150000000    7.050580217    7.954484342    7.666795828
    2.160000000    7.130545809    7.993678291    7.320126127
    2.170000000    7.247839920    8.060482014    7.077791146
    2.180000000    7.388163569    8.154361470    6.966832343
    2.190000000    7.541828638    8.269932089    6.966694033
    2.200000000    7.702615204    8.400695820    7.041197255
    2.210000000    7.866875296    8.541293455    7.159131113
    2.220000000    8.032538575    8.687613502    7.299520960
    2.230000000    8.198130437    8.835797283    7.449977802
    2.240000000    8.361803679    8.980741082    7.603762693
    2.250000000    8.520243791    9.114152412    7.757426961
    2.260000000    8.667309334    9.222186913    7.909222230
    2.270000000    8.792546072    9.283542548    8.058039472
    2.280000000    8.880533399    9.271232056    8.202627760
    2.290000000    8.913215550    9.163984974    8.340977829
    2.300000000    8.876726540    8.968331745    8.470050615
    2.310000000    8.769404375    8.731802834    8.586559296
    2.320000000    8.606457675    8.521139733    8.689761158
    2.330000000    8.423726589    8.384414304    8.785325781
    2.340000000    8.273641680    8.338248833    8.885374101
    2.350000000    8.199706217    8.375803209    9.001776312
    2.360000000    8.211232121    8.475201846    9.139455172
    2.370000000    8.285422223    8.606096317    9.296270286
    2.380000000    8.383705087    8.733552260    9.466354625
    2.390000000    8.461784093    8.817681184    9.641928268
    2.400000000    8.472914395    8.813353838    9.812610743
    2.410000000    8.375399309    8.679604195    9.963279851
    2.420000000    8.152033711    8.405619702   10.071705972
    2.430000000    7.828367257    8.037147870   10.106891328
    2.440000000    7.460008489    7.663280417   10.028243722
    2.450000000    7.097538913    7.362352281    9.788500492
    2.460000000    6.777202841    7.166160722    9.354454647
    2.470000000    6.533387965    7.068721761    8.753759819
    2.480000000    6.390700321    7.045552784    8.101889772
    2.490000000    6.345846632    7.061814711    7.543769419
    2.500000000    6.370995268    7.078569811    7.158773060
    2.510000000    6.433052960    7.065304529    6.941697823
    2.520000000    6.508732338    7.011831586    6.854052004
    2.530000000    6.586650000    6.924756174    6.864462933
    2.540000000    6.661429002    6.812339824    6.949959244
    2.550000000    6.731974979    6.684747117    7.085333069
    2.560000000    6.804890849    6.568869145    7.241058904
    2.570000000    6.891619124    6.502871711    7.385397596
    2.580000000    6.998914060    6.509473373    7.485043933
    2.590000000    7.124862283    6.584617087    7.508058114
    2.600000000    7.263194802    6.709438226    7.436935586
    2.610000000    7.408826703    6.864776124    7.290540135
    2.620000000    7.560030201    7.037261542    7.129644172
    2.630000000    7.717077465    7.219026474    7.022868118
    2.640000000    7.879890229    7.405412998    7.004459894
    2.650000000    8.047043055    7.593071589    7.069080744
    2.660000000    8.215774087    7.778647427    7.193555893
    2.670000000    8.381649781    7.957456492    7.355130397
    2.680000000    8.537390346    8.121779840    7.537823015
    2.690000000    8.671176087    8.258903549    7.732145142
    2.700000000    8.765738211    8.350150190    7.933081981
    2.710000000    8.801584005    8.374506611    8.138254204
    2.720000000    8.768957951    8.321896116    8.346598365
    2.730000000    8.685400890    8.212696483    8.557395100
    2.740000000    8.597426103    8.100023962    8.769347855
    2.750000000    8.550533127    8.037584862    8.979409050
    2.760000000    8.555673536    8.043999789    9.181117940
    2.770000000    8.585184176    8.099593317    9.362348316
    2.780000000    8.588734670    8.164066052    9.502940267
    2.790000000    8.511753789    8.192495384    9.574530814
    2.800000000    8.319249238    8.148462726    9.547670337
    2.810000000    8.025590642    8.018631807    9.408978492
    2.820000000    7.700028456    7.817741839    9.173807592
    2.830000000    7.421680693    7.571886397    8.867511618
    2.840000000    7.227328468    7.300626523    8.489880494
    2.850000000    7.107319460    7.021463545    8.022179995
    2.860000000    7.032920908    6.760553440    7.483730410
    2.870000000    6.977897113    6.550803406    6.962302480
    2.880000000    6.927819397    6.418558277    6.563620164
    2.890000000    6.885352100    6.371639619    6.338667608
    2.900000000    6.869583625    6.401849583    6.269513212
    2.910000000    6.899637181    6.493506390    6.302030158
    2.920000000    6.976103595    6.627745403    6.378014540
    2.930000000    7.081762512    6.785787059    6.453131921
    2.940000000    7.195752710    6.952721094    6.508505890
    2.950000000    7.303473249    7.118958493    6.555162659
    2.960000000    7.394388730    7.277866124    6.620392529
    2.970000000    7.455267179    7.422269229    6.723159361
    2.980000000    7.473689780    7.544794856    6.863465637
    2.990000000    7.452327374    7.642521209    7.029764112
    3.000000000    7.414784833    7.720064046    7.209450801
    3.010000000    7.390243552    7.786346978    7.394262159
    3.020000000    7.392606566    7.847260896    7.580674465
    3.030000000    7.411867942    7.898291263    7.767173586
    3.040000000    7.418027562    7.923006932    7.951779598
    3.050000000    7.376123505    7.904274173    8.132722174
    3.060000000    7.270878458    7.844246033    8.310967694
    3.070000000    7.127991404    7.774350300    8.490215826
    3.080000000    7.006010746    7.738504931    8.672541602
    3.090000000    6.955901917    7.763130900    8.854137473
    3.100000000    6.990655544    7.844659068    9.025654017
    3.110000000    7.091118755    7.959150812    9.175955325
    3.120000000    7.226333999    8.075385581    9.294322822
    3.130000000    7.365819553    8.160467727    9.365525799
    3.140000000    7.483676541    8.182894440    9.360511090
    3.150000000    7.563185090    8.124106926    9.237874192
    3.160000000    7.603881534    7.997424045    8.966455617
    3.170000000    7.620175885    7.848923407    8.556773863
    3.180000000    7.623379669    7.722473330    8.073083126
    3.190000000    7.603417555    7.622567878    7.614946898
    3.200000000    7.531755602    7.516711510    7.277435104
    3.210000000    7.386401522    7.371681116    7.106704423
    3.220000000    7.183197997    7.192560009    7.086830264
    3.230000000    6.981979151    7.029766472    7.164451934
    3.240000000    6.848640001    6.940804658    7.276521523
    3.250000000    6.811324889    6.947970707    7.362534610
    3.260000000    6.856611907    7.034658214    7.371023349
    3.270000000    6.954239490    7.167107995    7.275813494
    3.280000000    7.077977518    7.312135621    7.100283190
    3.290000000    7.210976502    7.443196705    6.916686185
    3.300000000    7.341478483    7.542014541    6.798531565
    3.310000000    7.459727986    7.602764341    6.772386887
    3.320000000    7.559130157    7.633841452    6.818873086
    3.330000000    7.637869765    7.648598870    6.904922782
    3.340000000    7.700847679    7.654091154    7.011145917
    3.350000000    7.758905904    7.647654707    7.138768146
    3.360000000    7.819415511    7.614799912    7.296893380
    3.370000000    7.878824811    7.533615525    7.487156836
    3.380000000    7.930694370    7.397477509    7.700799278
    3.390000000    7.978393314    7.236725111    7.923402531
    3.400000000    8.031399478    7.102666507    8.137307682
    3.410000000    8.087257829    7.022882114    8.319567977
    3.420000000    8.123332230    6.980776841    8.438800794
    3.430000000    8.109225048    6.936048255    8.456734611
    3.440000000    8.029223713    6.859174054    8.342447457
    3.450000000    7.895398077    6.753588214    8.101453216
    3.460000000    7.736666763    6.650760714    7.796860275
    3.470000000    7.575497959    6.583418007    7.525749587
    3.480000000    7.417941566    6.563114380    7.360466782
    3.490000000    7.261866502    6.580654986    7.312808124
    3.500000000    7.109452204    6.620656377    7.344438173
    3.510000000    6.973828716    6.673420978    7.394868707
    3.520000000    6.874619833    6.736581143    7.403365127
    3.530000000    6.819652390    6.807636165    7.328048297
    3.540000000    6.792147084    6.878446576    7.166799262
    3.550000000    6.761862691    6.938232028    6.962337911
    3.560000000    6.709722830    6.979138972    6.776620186
    3.570000000    6.646024501    7.001579759    6.660179713
    3.580000000    6.604749020    7.017971211    6.639530215
    3.590000000    6.615401417    7.048280843    6.714744646
    3.600000000    6.681176353    7.106303941    6.865438885
    3.610000000    6.779732148    7.187262814    7.063523587
    3.620000000    6.875965922    7.268021354    7.282411075
    3.630000000    6.936323335    7.318510144    7.498933732
    3.640000000    6.944417970    7.317846863    7.691635315
    3.650000000    6.913820927    7.269109463    7.839830656
    3.660000000    6.882132543    7.200780805    7.926143596
    3.670000000    6.885573493    7.150727201    7.941806478
    3.680000000    6.940871049    7.148797596    7.887666052
    3.690000000    7.046283211    7.208203753    7.766566226
    3.700000000    7.189869946    7.324324437    7.581411705
    3.710000000    7.356190490    7.480778378    7.349592816
    3.720000000    7.528461597    7.657060085    7.115379899
    3.730000000    7.687296928    7.831574756    6.936762580
    3.740000000    7.810272290    7.980859658    6.850412954
    3.750000000    7.875922733    8.079285178    6.851087407
    3.760000000    7.872578532    8.103227910    6.904795872
    3.770000000    7.806453469    8.041266099    6.975713297
    3.780000000    7.700794220    7.906093218    7.047207339
    3.790000000    7.583431250    7.735506420    7.127934474
    3.800000000    7.469008365    7.573062876    7.237935106
    3.810000000    7.351652138    7.442045714    7.388441292
    3.820000000    7.220551885    7.340644485    7.576419080
    3.830000000    7.086158894    7.262212183    7.792081674
    3.840000000    6.984141510    7.211099321    8.025680281
    3.850000000    6.948721405    7.196838822    8.268795529
    3.860000000    6.989647426    7.225111332    8.512660987
    3.870000000    7.095000106    7.298700963    8.745702780
    3.880000000    7.243490581    7.416406870    8.950638799
    3.890000000    7.410628530    7.567004505    9.101917549
    3.900000000    7.571060479    7.729022618    9.167107605
    3.910000000    7.702569243    7.877422817    9.119305352
    3.920000000    7.793899556    7.992427318    8.962721490
    3.930000000    7.852665468    8.067533688    8.749091048
    3.940000000    7.902651550    8.111210752    8.549603323
    3.950000000    7.967312643    8.138182975    8.400047538
    3.960000000    8.053596953    8.155546152    8.282845428
    3.970000000    8.148784975    8.152185178    8.160270128
    3.980000000    8.228382826    8.099221649    8.016177050
    3.990000000    8.269020236    7.968268704    7.864060088
    4.000000000    8.260818572    7.761043927    7.722675500
    4.010000000    8.209248957    7.523058001    7.599649471
    4.020000000    8.120879529    7.316100101    7.494708127
    4.030000000    7.991192089    7.174073560    7.404343761
    4.040000000    7.816967404    7.093935330    7.331469517
    4.050000000    7.617736543    7.060885818    7.296960458
    4.060000000    7.433254151    7.068279299    7.328983242
    4.070000000    7.302273816    7.118964908    7.439133671
    4.080000000    7.245471219    7.216953923    7.615503242
    4.090000000    7.255364266    7.356482696    7.831209857
    4.100000000    7.298274198    7.517994541    8.052091727
    4.110000000    7.331460506    7.674006732    8.239116576
    4.120000000    7.325040585    7.797787312    8.349978464
    4.130000000    7.273659153    7.868895398    8.347269926
    4.140000000    7.188642238    7.875470812    8.215930407
    4.150000000    7.084135340    7.819060868    7.977989826
    4.160000000    6.975942950    7.720984576    7.688183753
    4.170000000    6.883802901    7.615769416    7.411873320
    4.180000000    6.821047999    7.528361934    7.195105786
    4.190000000    6.784043756    7.457739768    7.043662826
    4.200000000    6.762732468    7.388681838    6.936888592
    4.210000000    6.760738250    7.319836092    6.865581429
    4.220000000    6.796511534    7.274793386    6.847458236
    4.230000000    6.884970230    7.282867124    6.903421873
    4.240000000    7.023870675    7.352765986    7.031225917
    4.250000000    7.196445173    7.467143626    7.206050443
    4.260000000    7.381222849    7.595589279    7.395464190
    4.270000000    7.559139107    7.708683538    7.570493070
    4.280000000    7.715730037    7.785027119    7.708782264
    4.290000000    7.839407558    7.810886157    7.792319525
    4.300000000    7.919628504    7.778954478    7.808462278
    4.310000000    7.948650810    7.691182325    7.760133563
    4.320000000    7.927002665    7.561214300    7.671136091
    4.330000000    7.873479304    7.418803687    7.575174409
    4.340000000    7.829571723    7.311654815    7.502726146
    4.350000000    7.840268884    7.284897990    7.475213640
    4.360000000    7.926126448    7.353054559    7.503013682
    4.370000000    8.078098595    7.497795842    7.584036931
    4.380000000    8.271867158    7.685469159    7.701177319
    4.390000000    8.480736321    7.881425625    7.825736938
    4.400000000    8.680223641    8.055530008    7.930946898
    4.410000000    8.848596973    8.184606928    8.008557375
    4.420000000    8.967503768    8.254448194    8.073467765
    4.430000000    9.023449655    8.258289045    8.146235594
    4.440000000    9.009884369    8.193733899    8.231531467
    4.450000000    8.927784595    8.064780324    8.317281488
    4.460000000    8.785529042    7.888059024    8.389399053
    4.470000000    8.605126190    7.696784884    8.442336305
    4.480000000    8.424041888    7.531948583    8.473494221
    4.490000000    8.274462138    7.419026397    8.469271873
    4.500000000    8.162112700    7.354568541    8.407656007
    4.510000000    8.076069692    7.321425643    8.284853126
    4.520000000    8.011681203    7.311829510    8.135804101
    4.530000000    7.971557126    7.328980846    8.014106256
    4.540000000    7.947551147    7.370489879    7.949625588
    4.550000000    7.914182639    7.420324944    7.936373144
    4.560000000    7.844122959    7.459456253    7.956315771
    4.570000000    7.724819148    7.479437638    7.998179312
    4.580000000    7.560241856    7.484137912    8.050129699
    4.590000000    7.367140825    7.482753778    8.087219691
    4.600000000    7.174309276    7.484843183    8.077695683
    4.610000000    7.017096680    7.500554547    8.007298129
    4.620000000    6.925075810    7.541618322    7.898898465
    4.630000000    6.913811984    7.619816921    7.802616000
    4.640000000    6.982645644    7.741875926    7.763096247
    4.650000000    7.115678742    7.904084826    7.793528406
    4.660000000    7.289778621    8.093187524    7.873786311
    4.670000000    7.486357357    8.293265387    7.970359807
    4.680000000    7.696624869    8.492366702    8.062381485
    4.690000000    7.917963737    8.685981220    8.155191805
    4.700000000    8.148296905    8.877269226    8.268742203
    4.710000000    8.382717442    9.072434199    8.412303380
    4.720000000    8.612283478    9.273695932    8.574409972
    4.730000000    8.825772909    9.477115447    8.734447784
    4.740000000    9.014231249    9.675678158    8.878963487
    4.750000000    9.175929094    9.862325445    9.007104476
    4.760000000    9.318759493   10.031632313    9.123622131
    4.770000000    9.456289799   10.179966597    9.233331269
    4.780000000    9.597160683   10.302767603    9.345311856
    4.790000000    9.736345981   10.392062626    9.473229402
    4.800000000    9.855857058   10.438357181    9.621280474
    4.810000000    9.932851680   10.435555654    9.772876836
    4.820000000    9.947877842   10.383804162    9.898871304
    4.830000000    9.888274297   10.287993695    9.976863626
    4.840000000    9.750814348   10.153820756   10.001284740
    4.850000000    9.546656749    9.984241058    9.973901611
    4.860000000    9.296234216    9.775886812    9.888129629
    4.870000000    9.014334458    9.517417264    9.724833735
    4.880000000    8.713402030    9.203965270    9.467087998
    4.890000000    8.424002919    8.861982771    9.131261515
    4.900000000    8.191435569    8.545477750    8.782024067
    4.910000000    8.047774167    8.302859194    8.500489849
    4.920000000    7.998333821    8.155837326    8.333840495
    4.930000000    8.028755320    8.098328088    8.281003746
    4.940000000    8.117082873    8.104447526    8.317750757
    4.950000000    8.243809595    8.144711727    8.419275137
    4.960000000    8.394699824    8.199518238    8.562274668
    4.970000000    8.557221532    8.258930392    8.727709230
    4.980000000    8.719674726    8.316763919    8.909782228
    4.990000000    8.874503684    8.368035811    9.110378598
    5.000000000    9.020351614    8.409054457    9.319333977
    5.010000000    9.159843346    8.439545042    9.504946636
    5.020000000    9.292683055    8.463021954    9.622585835
    5.030000000    9.410624413    8.483620912    9.632152147
    5.040000000    9.502756960    8.505530439    9.518175926
    5.050000000    9.569351235    8.537711506    9.305945241
    5.060000000    9.628446177    8.595890037    9.056574207
    5.070000000    9.701346620    8.693025939    8.836279717
    5.080000000    9.792197447    8.825615641    8.689070971
    5.090000000    9.888847244    8.973943415    8.632352238
    5.100000000    9.980752973    9.117549160    8.657783237
    5.110000000   10.065485418    9.245187255    8.729956791
    5.120000000   10.132815752    9.345289750    8.800082020
    5.130000000   10.149003512    9.392137990    8.837311728
    5.140000000   10.069221565    9.352298118    8.852668766
    5.150000000    9.872794736    9.208070297    8.886312537
    5.160000000    9.585868005    8.974402321    8.967104499
    5.170000000    9.264642730    8.696253612    9.090572169
    5.180000000    8.960351809    8.433632937    9.234310799
    5.190000000    8.704616868    8.243106510    9.383902025
    5.200000000    8.512047728    8.158181527    9.542148932
    5.210000000    8.385181446    8.179616563    9.720281228
    5.220000000    8.320117026    8.282266762    9.924590129
    5.230000000    8.310260935    8.430316192   10.149621426
    5.240000000    8.347615229    8.592949079   10.379537868
    5.250000000    8.423681064    8.755004743   10.592731618
    5.260000000    8.531792862    8.915165941   10.767102415
    5.270000000    8.667390811    9.073108764   10.886631198
    5.280000000    8.824018924    9.222368837   10.944697469
    5.290000000    8.988421028    9.356456016   10.939859227
    5.300000000    9.140108155    9.476169246   10.871081980
    5.310000000    9.258117889    9.589292641   10.746007473
    5.320000000    9.330452814    9.707138793   10.598764119
    5.330000000    9.358202353    9.839426874   10.488336444
    5.340000000    9.354431169    9.986992441   10.465991390
    5.350000000    9.340947973   10.139202639   10.544297729
    5.360000000    9.336861137   10.276332102   10.697376615
    5.370000000    9.344135938   10.374490594   10.884045120
    5.380000000    9.349737280   10.415645358   11.071654131
    5.390000000    9.339393176   10.392479841   11.245366220
    5.400000000    9.302846268   10.300612574   11.399799408
    5.410000000    9.234265117   10.136756409   11.533086080
    5.420000000    9.135981683    9.910043723   11.655267458
    5.430000000    9.018118871    9.645969244   11.788371178
    5.440000000    8.891438490    9.374305261   11.944771930
    5.450000000    8.758532424    9.112755987   12.105712032
    5.460000000    8.611790367    8.860916081   12.226394703
    5.470000000    8.440009243    8.608455520   12.267640477
    5.480000000    8.233587269    8.345914274   12.226942374
    5.490000000    7.990234170    8.071980253   12.140631258
    5.500000000    7.727481107    7.799016648   12.055268232
    5.510000000    7.485451362    7.549676744   11.992059063
    5.520000000    7.300081118    7.338562185   11.928325390
    5.530000000    7.169580641    7.158328973   11.810806482
    5.540000000    7.060969290    6.992650244   11.600643084
    5.550000000    6.952116013    6.840401036   11.312899120
    5.560000000    6.858239069    6.721682113   11.011859666
    5.570000000    6.812973172    6.659033843   10.773146646
    5.580000000    6.827956956    6.653798725   10.645875811
    5.590000000    6.877377058    6.682596168   10.629128316
    5.600000000    6.921800894    6.716341036   10.673991016
    5.610000000    6.942257578    6.743018400   10.712270297
    5.620000000    6.945214085    6.767779451   10.682375935
    5.630000000    6.936882049    6.789466165   10.539531803
    5.640000000    6.904400025    6.786870082   10.270068934
    5.650000000    6.823588504    6.730021657    9.902556640
    5.660000000    6.674564287    6.596588924    9.486246635
    5.670000000    6.449991025    6.381616309    9.052401420
    5.680000000    6.165272442    6.110582500    8.607384759
    5.690000000    5.866016957    5.843805224    8.163522945
    5.700000000    5.609098522    5.647244244    7.755898729
    5.710000000    5.430250555    5.554206455    7.417109125
    5.720000000    5.335909107    5.558839922    7.151183097
    5.730000000    5.317966499    5.634026182    6.937766366
    5.740000000    5.365422356    5.747910647    6.753970906
    5.750000000    5.464058833    5.870891104    6.591957987
    5.760000000    5.591913840    5.975430767    6.453471494
    5.770000000    5.720485138    6.034334448    6.325078952
    5.780000000    5.824188799    6.024402440    6.169710259
    5.790000000    5.890644087    5.936563177    5.956985435
    5.800000000    5.926671633    5.787800400    5.704004165
    5.810000000    5.956475174    5.622771786    5.473896840
    5.820000000    6.002739813    5.489455750    5.325013673
    5.830000000    6.062876518    5.404552108    5.265918730
    5.840000000    6.110404829    5.349962333    5.254850478
    5.850000000    6.121369574    5.303439503    5.228790428
    5.860000000    6.098815876    5.267475762    5.137539721
    5.870000000    6.071080660    5.267749560    4.966437772
    5.880000000    6.063124708    5.326512549    4.737623409
    5.890000000    6.072875093    5.441370317    4.493261776
    5.900000000    6.075969753    5.584601860    4.273212530
    5.910000000    6.045643368    5.715070432    4.104406089
    5.920000000    5.966430571    5.792162398    4.001376304
    5.930000000    5.836931804    5.787885321    3.960109590
    5.940000000    5.672486454    5.699326035    3.953702466
    5.950000000    5.504038167    5.552261038    3.953637709
    5.960000000    5.359612118    5.384310688    3.958076314
    5.970000000    5.247117832    5.223118934    3.988326887
    5.980000000    5.158241542    5.078953779    4.059590151
    5.990000000    5.081585770    4.949865051    4.156473584
    6.000000000    5.015458548    4.832233348    4.229763996
    6.010000000    4.975273881    4.729564553    4.223237707
    6.020000000    4.984438713    4.653464869    4.113065343
    6.030000000    5.055318085    4.617298151    3.917504620
    6.040000000    5.180471375    4.627156958    3.670274416
    6.050000000    5.338506399    4.678787295    3.401421525
    6.060000000    5.503401029    4.762459589    3.147300640
    6.070000000    5.647223547    4.865028191    2.953362152
    6.080000000    5.740610518    4.967432867    2.851075696
    6.090000000    5.763533403    5.050952459    2.845682530
    6.100000000    5.721461899    5.111563318    2.927791238
    6.110000000    5.645332861    5.162161584    3.074733663
    6.120000000    5.568392906    5.216742756    3.239428873
    6.130000000    5.503065285    5.277548145    3.364586275
    6.140000000    5.443057412    5.339610212    3.423968792
    6.150000000    5.385582545    5.401057251    3.444395502
    6.160000000    5.342779190    5.464539325    3.481147835
    6.170000000    5.329176129    5.533142461    3.574109705
    6.180000000    5.346985804    5.608752181    3.723638486
    6.190000000    5.386156119    5.690790241    3.898662106
    6.200000000    5.433247477    5.775360395    4.059300022
    6.210000000    5.481078828    5.859846590    4.173186290
    6.220000000    5.533607937    5.947828389    4.225327585
    6.230000000    5.597920516    6.043116618    4.218488618
    6.240000000    5.668512864    6.137686098    4.161066731
    6.250000000    5.724484445    6.211167293    4.054824198
    6.260000000    5.743728662    6.242191775    3.889584248
    6.270000000    5.717902932    6.217540734    3.646464804
    6.280000000    5.653249060    6.131635279    3.314306509
    6.290000000    5.559062856    5.980966730    2.911970455
    6.300000000    5.440108619    5.764689895    2.493862560
    6.310000000    5.300130810    5.493552739    2.124755953
    6.320000000    5.145006711    5.196474835    1.838201537
    6.330000000    4.975310889    4.910798857    1.615929240
    6.340000000    4.780056048    4.661645337    1.414950532
    6.350000000    4.548363245    4.455488509    1.220242314
    6.360000000    4.289826590    4.294504383    1.068330862
    6.370000000    4.037515647    4.187681379    1.012512882
    6.380000000    3.822066952    4.137986860    1.068862790
    6.390000000    3.644057702    4.124637534    1.205031432
    6.400000000    3.479062493    4.110985080    1.373088576
    6.410000000    3.306816609    4.070489846    1.542406415
    6.420000000    3.128968819    3.999367236    1.705955387
    6.430000000    2.958170145    3.902882095    1.867161168
    6.440000000    2.796054623    3.775780804    2.027126641
    6.450000000    2.630107784    3.604577914    2.178060811
    6.460000000    2.453586149    3.388527559    2.299404041
    6.470000000    2.281512925    3.150828632    2.368016540
    6.480000000    2.142509625    2.926098002    2.384326865
    6.490000000    2.055812099    2.737195877    2.381028390
    6.500000000    2.017754920    2.582873593    2.398749672
    6.510000000    2.009846584    2.447506703    2.457815589
    6.520000000    2.016603354    2.322171710    2.541954340
    6.530000000    2.037404073    2.218438483    2.594854587
    6.540000000    2.085029186    2.164267827    2.542921926
    6.550000000    2.170663565    2.181848003    2.343196627
    6.560000000    2.290102236    2.268404704    2.027992119
    6.570000000    2.425629034    2.399022889    1.702526616
    6.580000000    2.555121032    2.540858950    1.481335669
    6.590000000    2.656341094    2.664556727    1.419430993
    6.600000000    2.711724897    2.752502179    1.497058913
    6.610000000    2.717552956    2.800044731    1.649472920
    6.620000000    2.688232672    2.808001931    1.808743456
    6.630000000    2.647725698    2.775600589    1.934647345
    6.640000000    2.612568941    2.697920744    2.021734349
    6.650000000    2.580203363    2.568092301    2.087882879
    6.660000000    2.532086996    2.384695078    2.152556993
    6.670000000    2.448912250    2.157418439    2.217134927
    6.680000000    2.327357560    1.906837127    2.268641939
    6.690000000    2.184855988    1.660885875    2.298116137
    6.700000000    2.047429000    1.448675747    2.306736121
    6.710000000    1.934390179    1.293409291    2.303187815
    6.720000000    1.853943101    1.207007414    2.298308451
    6.730000000    1.807518201    1.187487554    2.288761903
    6.740000000    1.795314898    1.220991495    2.247152597
    6.750000000    1.815949455    1.286559507    2.140303519
    6.760000000    1.860185489    1.360514921    1.958682194
    6.770000000    1.909257053    1.423797434    1.725876217
    6.780000000    1.942405704    1.470193348    1.485189537
    6.790000000    1.948149820    1.506049328    1.277643403
    6.800000000    1.931437891    1.542049775    1.120681727
    6.810000000    1.910692562    1.586781193    1.001621353
    6.820000000    1.906816205    1.645726802    0.894425996
    6.830000000    1.934893648    1.722209445    0.784503387
    6.840000000    2.002012168    1.816761910    0.680723054
    6.850000000    2.105972871    1.925691561    0.606638723
    6.860000000    2.235149553    2.041353175    0.580825720
    6.870000000    2.371213783    2.154504818    0.606388880
    6.880000000    2.491808142    2.256192233    0.674961961
    6.890000000    2.573220433    2.337125261    0.772114140
    6.900000000    2.597382275    2.388785511    0.876995746
    6.910000000    2.562990654    2.411225509    0.969090215
    6.920000000    2.492033214    2.419478571    1.042241577
    6.930000000    2.424570620    2.437044966    1.102816202
    6.940000000    2.399949614    2.477918875    1.150758584
    6.950000000    2.434519290    2.533755378    1.168061270
    6.960000000    2.515219994    2.581160200    1.125273076
    6.970000000    2.611952675    2.601699716    1.002676734
    6.980000000    2.691828691    2.590489966    0.809059125
    6.990000000    2.726652097    2.547991430    0.571397801
    7.000000000    2.703012731    2.477663165    0.306158389
    7.010000000    2.633846187    2.394810369    0.012638833
    7.020000000    2.554345423    2.326912948   -0.302344919
    7.030000000    2.502152758    2.301818230   -0.602393974
    7.040000000    2.502197479    2.337256679   -0.835902675
    7.050000000    2.562544414    2.435921030   -0.969188560
    7.060000000    2.674151634    2.585909406   -0.998507684
    7.070000000    2.814850602    2.766255159   -0.940057253
    7.080000000    2.959903351    2.954388256   -0.815659826
    7.090000000    3.091874987    3.131866415   -0.641864320
    7.100000000    3.198801119    3.283075574   -0.428766404
    7.110000000    3.266349012    3.391011127   -0.186604203
    7.120000000    3.280151999    3.441611834    0.070097719
    7.130000000    3.238025490    3.434475902    0.321654484
    7.140000000    3.156746014    3.386668635    0.542242252
    7.150000000    3.060415022    3.320707818    0.701589662
    7.160000000    2.958871872    3.245290580    0.774758815
    7.170000000    2.845027353    3.153104541    0.757839957
    7.180000000    2.716930866    3.041767222    0.671538820
    7.190000000    2.593461723    2.929212880    0.544721008
    7.200000000    2.502209241    2.839653760    0.401514351
    7.210000000    2.454367344    2.777508781    0.268092095
    7.220000000    2.433342601    2.719782880    0.179349916
    7.230000000    2.408368713    2.633568702    0.167111719
    7.240000000    2.359723687    2.501552679    0.241669342
    7.250000000    2.290038029    2.332585158    0.386044073
    7.260000000    2.215666973    2.153689292    0.566225306
    7.270000000    2.156363463    1.999326697    0.745789363
    7.280000000    2.129902342    1.901958841    0.896306839
    7.290000000    2.144741719    1.878121457    1.006408924
    7.300000000    2.195624782    1.920412147    1.087593913
    7.310000000    2.264606866    2.002766396    1.166336855
    7.320000000    2.325393462    2.091849681    1.263477271
    7.330000000    2.357837716    2.163454510    1.378728476
    7.340000000    2.365220863    2.217241235    1.492333942
    7.350000000    2.370285868    2.271293782    1.579044839
    7.360000000    2.391328655    2.338511060    1.625395274
    7.370000000    2.425976723    2.410805774    1.633908221
    7.380000000    2.454666284    2.464238428    1.609145599
    7.390000000    2.454516888    2.476316921    1.549845241
    7.400000000    2.411149286    2.439461564    1.455041308
    7.410000000    2.323935847    2.361044108    1.325591427
    7.420000000    2.206080374    2.256276856    1.160816427
    7.430000000    2.078940701    2.143888682    0.964069530
    7.440000000    1.965610593    2.045611535    0.751728483
    7.450000000    1.888310803    1.985114102    0.550614414
    7.460000000    1.864249323    1.980715082    0.382775622
    7.470000000    1.903276289    2.038562753    0.258558052
    7.480000000    2.010619778    2.155618609    0.184457158
    7.490000000    2.187474052    2.325486750    0.160876072
    7.500000000    2.426265518    2.535779673    0.169350156
    7.510000000    2.704811959    2.760826643    0.177050010
    7.520000000    2.990046871    2.966336830    0.160442654
    7.530000000    3.254093186    3.129028862    0.119204500
    7.540000000    3.489376531    3.253115222    0.066055275
    7.550000000    3.707425366    3.364207777    0.012744493
    7.560000000    3.919319194    3.482273314   -0.032628404
    7.570000000    4.113948755    3.599501842   -0.063001810
    7.580000000    4.253559319    3.681819587   -0.070876388
    7.590000000    4.289565857    3.686534041   -0.054297784
    7.600000000    4.189321252    3.583805278   -0.025255037
    7.610000000    3.955690159    3.371857886   -0.007159719
    7.620000000    3.621057380    3.074207085   -0.021992701
    7.630000000    3.226224718    2.726228484   -0.073609164
    7.640000000    2.809165661    2.369411491   -0.139870912
    7.650000000    2.407040463    2.048886540   -0.190357546
    7.660000000    2.056530533    1.802210742   -0.215251801
    7.670000000    1.780247844    1.644202879   -0.230514420
    7.680000000    1.574008205    1.560862552   -0.256500653
    7.690000000    1.413779790    1.518857197   -0.298632681
    7.700000000    1.271558510    1.484189856   -0.350829522
    7.710000000    1.127194442    1.438706195   -0.409468330
    7.720000000    0.977966883    1.384777034   -0.473907979
    7.730000000    0.838143627    1.331738856   -0.536022783
    7.740000000    0.722633017    1.276981467   -0.580602001
    7.750000000    0.631918800    1.205234994   -0.599290087
    7.760000000    0.554546197    1.106783777   -0.599504632
    7.770000000    0.481162367    0.991461082   -0.601624950
    7.780000000    0.410805803    0.880397745   -0.628612804
    7.790000000    0.343139456    0.786472829   -0.693086194
    7.800000000    0.270119348    0.706933451   -0.792160927
    7.810000000    0.176722284    0.631465317   -0.913573632
    7.820000000    0.048501380    0.549444150   -1.046234078
    7.830000000   -0.113662629    0.454706293   -1.187041657
    7.840000000   -0.281231219    0.355436520   -1.334742066
    7.850000000   -0.413625852    0.273453553   -1.476901430
    7.860000000   -0.492301025    0.224090913   -1.590791398
    7.870000000   -0.528463921    0.202122956   -1.657804013
    7.880000000   -0.539492233    0.191111702   -1.672388128
    7.890000000   -0.531955123    0.178217903   -1.639068887
    7.900000000   -0.510907048    0.154331326   -1.566935744
    7.910000000   -0.496266585    0.105461117   -1.467120517
    7.920000000   -0.522183051    0.009353377   -1.351670526
    7.930000000   -0.617137146   -0.156638006   -1.234084222
    7.940000000   -0.786451601   -0.402380603   -1.128955996
    7.950000000   -1.013762844   -0.716156223   -1.046867598
    7.960000000   -1.270603410   -1.062738496   -0.991177753
    7.970000000   -1.522772573   -1.389890919   -0.961773635
    7.980000000   -1.736981201   -1.645553296   -0.956985267
    7.990000000   -1.887592733   -1.798568290   -0.970178967
    8.000000000   -1.958442013   -1.844876767   -0.990055950
    8.010000000   -1.943355590   -1.796589113   -1.006697446
    8.020000000   -1.848121960   -1.670287592   -1.015518676
    8.030000000   -1.690147381   -1.484525983   -1.016284754
    8.040000000   -1.495073989   -1.263651041   -1.013481200
    8.050000000   -1.291641330   -1.038230731   -1.020404345
    8.060000000   -1.106166483   -0.838551527   -1.056434352
    8.070000000   -0.959512031   -0.689190596   -1.132484593
    8.080000000   -0.867426746   -0.608968446   -1.237092618
    8.090000000   -0.837403113   -0.605138321   -1.336161320
    8.100000000   -0.859449399   -0.658473999   -1.391224894
    8.110000000   -0.904071367   -0.723236016   -1.384847181
    8.120000000   -0.935855746   -0.754033413   -1.329425810
    8.130000000   -0.930289053   -0.731410992   -1.255575312
    8.140000000   -0.881288305   -0.664589381   -1.195400776
    8.150000000   -0.798758787   -0.578453818   -1.170036688
    8.160000000   -0.700271312   -0.497957906   -1.183687311
    8.170000000   -0.603457752   -0.441604825   -1.227445744
    8.180000000   -0.521664503   -0.424533570   -1.289210075
    8.190000000   -0.461646789   -0.460871489   -1.361588071
    8.200000000   -0.423777698   -0.560990123   -1.444443665
    8.210000000   -0.402312896   -0.721460730   -1.537988803
    8.220000000   -0.384308137   -0.911459940   -1.632650665
    8.230000000   -0.353348482   -1.078255336   -1.709802112
    8.240000000   -0.300464357   -1.180254652   -1.754075200
    8.250000000   -0.230411829   -1.212782708   -1.763682553
    8.260000000   -0.155005037   -1.198756213   -1.747601119
    8.270000000   -0.082649157   -1.162817728   -1.714627034
    8.280000000   -0.014985734   -1.116658275   -1.667453132
    8.290000000    0.050350278   -1.060461941   -1.605453071
    8.300000000    0.116744644   -0.991409738   -1.528942157
    8.310000000    0.188389963   -0.908172836   -1.439884734
    8.320000000    0.271390500   -0.809593212   -1.340467333
    8.330000000    0.370749600   -0.695160406   -1.232983121
    8.340000000    0.484691324   -0.567957990   -1.122016101
    8.350000000    0.603512982   -0.435416225   -1.016666023
    8.360000000    0.713081664   -0.307660789   -0.929330737
    8.370000000    0.799968101   -0.194997986   -0.869894767
    8.380000000    0.855864730   -0.105020211   -0.839504571
    8.390000000    0.881574880   -0.037816046   -0.828796226
    8.400000000    0.889352278    0.018003198   -0.822920791
    8.410000000    0.897357924    0.080329462   -0.810993223
    8.420000000    0.921001473    0.163377080   -0.790755416
    8.430000000    0.970523935    0.273529851   -0.764372405
    8.440000000    1.052267940    0.411540626   -0.732368414
    8.450000000    1.167628768    0.574765742   -0.691818311
    8.460000000    1.308799123    0.756167862   -0.638722915
    8.470000000    1.457895329    0.943178694   -0.571706494
    8.480000000    1.595304246    1.120990110   -0.493162105
    8.490000000    1.709076208    1.277941795   -0.407374732
    8.500000000    1.793186672    1.406557258   -0.318663493
    8.510000000    1.840062535    1.500388719   -0.232148800
    8.520000000    1.840818898    1.552599132   -0.156169722
    8.530000000    1.792017174    1.558249062   -0.101026723
    8.540000000    1.697370363    1.516720861   -0.072185639
    8.550000000    1.562863100    1.432594657   -0.064805087
    8.560000000    1.398169445    1.318064540   -0.067640487
    8.570000000    1.223698104    1.193754954   -0.071369784
    8.580000000    1.067940036    1.083376423   -0.068544097
    8.590000000    0.955804263    1.007288064   -0.048799081
    8.600000000    0.897926074    0.977716692   -0.003346166
    8.610000000    0.883889632    0.992995729    0.065276966
    8.620000000    0.884056515    1.035041861    0.142312179
    8.630000000    0.861954018    1.075725248    0.208032976
    8.640000000    0.791526583    1.089537514    0.246233925
    8.650000000    0.669030117    1.064420583    0.251104372
    8.660000000    0.511046180    1.004191170    0.227675442
    8.670000000    0.343153562    0.923769895    0.186720362
    8.680000000    0.187262360    0.841527395    0.141251862
    8.690000000    0.053138007    0.772184046    0.103978583
    8.700000000   -0.059966106    0.722402411    0.082766749
    8.710000000   -0.153890426    0.691261117    0.077977626
    8.720000000   -0.224983540    0.676760827    0.085840293
    8.730000000   -0.267573046    0.679654339    0.104075919
    8.740000000   -0.283338706    0.697360097    0.132684759
    8.750000000   -0.284471422    0.718396847    0.170561869
    8.760000000   -0.286410010    0.726791197    0.214179505
    8.770000000   -0.298229669    0.710710769    0.260274500
    8.780000000   -0.318995035    0.667990988    0.309669181
    8.790000000   -0.339911866    0.607578277    0.369003237
    8.800000000   -0.349938610    0.544792518    0.447755587
    8.810000000   -0.344673997    0.489910677    0.550516712
    8.820000000   -0.331129948    0.441684849    0.671346216
    8.830000000   -0.322165207    0.392159582    0.796516153
    8.840000000   -0.327469033    0.333979695    0.912414062
    8.850000000   -0.348532737    0.265278675    1.011998127
    8.860000000   -0.378644132    0.191467615    1.095818354
    8.870000000   -0.407505903    0.121373195    1.166561198
    8.880000000   -0.428197720    0.059885793    1.221555510
    8.890000000   -0.440099564    0.004288260    1.253023782
    8.900000000   -0.444629395   -0.051941936    1.257286523
    8.910000000   -0.442848507   -0.113202914    1.239957391
    8.920000000   -0.440302428   -0.180681257    1.210380501
    8.930000000   -0.448414743   -0.254691853    1.175615486
    8.940000000   -0.475580975   -0.334027062    1.142091943
    8.950000000   -0.518624122   -0.412997403    1.119391910
    8.960000000   -0.566175421   -0.483728984    1.118931215
    8.970000000   -0.608439718   -0.541430289    1.146531804
    8.980000000   -0.640306320   -0.582607527    1.197157460
    8.990000000   -0.658644009   -0.600756903    1.258312997
    9.000000000   -0.663074425   -0.592254303    1.315933916
    9.010000000   -0.658240075   -0.565180977    1.358380868
    9.020000000   -0.650640448   -0.535463079    1.380309655
    9.030000000   -0.643441246   -0.514197409    1.384206376
    9.040000000   -0.635009695   -0.498965928    1.375999376
    9.050000000   -0.619882527   -0.475447103    1.359334614
    9.060000000   -0.591580373   -0.430188102    1.335832912
    9.070000000   -0.547890830   -0.363739661    1.308296962
    9.080000000   -0.494115817   -0.290599368    1.279873556
    9.090000000   -0.442313818   -0.231093605    1.249978361
    9.100000000   -0.408693211   -0.205879877    1.212278791
    9.110000000   -0.409207992   -0.232748841    1.157070176
    9.120000000   -0.451457315   -0.319583746    1.076139940
    9.130000000   -0.525959902   -0.453865568    0.968237297
    9.140000000   -0.608651503   -0.604281187    0.843268484
    9.150000000   -0.678336990   -0.742814307    0.719698168
    9.160000000   -0.731192439   -0.863622583    0.613073885
    9.170000000   -0.776646465   -0.976205332    0.527761929
    9.180000000   -0.823045402   -1.086515493    0.461792864
    9.190000000   -0.870204308   -1.188822067    0.413721164
    9.200000000   -0.913697400   -1.271682625    0.381241389
    9.210000000   -0.951836045   -1.327234190    0.359891840
    9.220000000   -0.985743151   -1.354170081    0.348220378
    9.230000000   -1.014733972   -1.354416859    0.351844983
    9.240000000   -1.036108367   -1.329787255    0.379160850
    9.250000000   -1.049465778   -1.283107103    0.430963314
    9.260000000   -1.057566940   -1.220858206    0.494628280
    9.270000000   -1.062164745   -1.151973617    0.550557698
    9.280000000   -1.060817715   -1.083924957    0.584500571
    9.290000000   -1.050510759   -1.022317068    0.591403425
    9.300000000   -1.034627485   -0.974506965    0.569651525
    9.310000000   -1.023444135   -0.951300093    0.520354801
    9.320000000   -1.026261391   -0.962882741    0.452939424
    9.330000000   -1.044285197   -1.012293578    0.383809966
    9.340000000   -1.071443892   -1.092831300    0.327942972
    9.350000000   -1.101582525   -1.192415075    0.291039651
    9.360000000   -1.134866432   -1.300823175    0.265895189
    9.370000000   -1.175841965   -1.411199976    0.236656867
    9.380000000   -1.225973599   -1.516320898    0.188449005
    9.390000000   -1.281393866   -1.609324970    0.113925146
    9.400000000   -1.335999598   -1.688006085    0.014064558
    9.410000000   -1.381799840   -1.752699232   -0.104463836
    9.420000000   -1.408513934   -1.800140820   -0.233928570
    9.430000000   -1.408134609   -1.823277862   -0.368841048
    9.440000000   -1.378804731   -1.816096444   -0.504818058
    9.450000000   -1.322732244   -1.776124710   -0.635460332
    9.460000000   -1.243821651   -1.704951679   -0.750803285
    9.470000000   -1.148257364   -1.609204847   -0.838393246
    9.480000000   -1.045479973   -1.499696755   -0.888455938
    9.490000000   -0.949355014   -1.389491272   -0.900674541
    9.500000000   -0.878252325   -1.293838728   -0.886054518
    9.510000000   -0.850208308   -1.229525443   -0.860938933
    9.520000000   -0.874658019   -1.210414315   -0.835665126
    9.530000000   -0.947570716   -1.240959646   -0.807887030
    9.540000000   -1.052422051   -1.311179945   -0.768968532
    9.550000000   -1.164407830   -1.397696126   -0.715449144
    9.560000000   -1.257838760   -1.473483567   -0.652946113
    9.570000000   -1.316297266   -1.520286863   -0.592495644
    9.580000000   -1.339658563   -1.535721704   -0.546424407
    9.590000000   -1.340862765   -1.531166515   -0.524899698
    9.600000000   -1.333977388   -1.521138913   -0.531089464
    9.610000000   -1.324030320   -1.512063687   -0.558807821
    9.620000000   -1.306916080   -1.500517866   -0.597115561
    9.630000000   -1.276704006   -1.480312237   -0.636903731
    9.640000000   -1.230182205   -1.446934385   -0.670795432
    9.650000000   -1.166030008   -1.396443384   -0.688424049
    9.660000000   -1.085734019   -1.327192195   -0.677714225
    9.670000000   -0.997602183   -1.244485301   -0.632923891
    9.680000000   -0.916770420   -1.159801124   -0.559419290
    9.690000000   -0.859594321   -1.084714474   -0.469795100
    9.700000000   -0.837398282   -1.026478678   -0.376794980
    9.710000000   -0.852174987   -0.987635835   -0.290504467
    9.720000000   -0.894591108   -0.966844161   -0.218010515
    9.730000000   -0.946073076   -0.958682799   -0.160154659
    9.740000000   -0.986099348   -0.954180833   -0.108604442
    9.750000000   -1.001949741   -0.944540883   -0.050015350
    9.760000000   -0.993775456   -0.926316262    0.024766284
    9.770000000   -0.969901566   -0.902658664    0.115666647
    9.780000000   -0.936922772   -0.878491722    0.216417252
    9.790000000   -0.894755045   -0.855257897    0.319857565
    9.800000000   -0.841248152   -0.831576754    0.420601531
    9.810000000   -0.779862855   -0.808341219    0.515920220
    9.820000000   -0.720448725   -0.791458465    0.605346461
    9.830000000   -0.672795175   -0.788463562    0.689011848
    9.840000000   -0.641153543   -0.801884606    0.766275059
    9.850000000   -0.625995501   -0.827254967    0.835023953
    9.860000000   -0.629898250   -0.858868871    0.892039920
    9.870000000   -0.658326784   -0.894774727    0.935026798
    9.880000000   -0.713638352   -0.934157852    0.963135651
    9.890000000   -0.790678412   -0.972800050    0.974815845
    9.900000000   -0.878430175   -1.003408216    0.968572918
    9.910000000   -0.964174093   -1.019205435    0.948136009
    9.920000000   -1.036432719   -1.016268765    0.924854101
    9.930000000   -1.086189929   -0.993422681    0.911826600
    9.940000000   -1.107292133   -0.951171630    0.914682501
    9.950000000   -1.096497772   -0.890770683    0.929694742
    9.960000000   -1.053943323   -0.813914477    0.949826258
    9.970000000   -0.984455718   -0.723539573    0.969817726
    9.980000000   -0.897575456   -0.624799678    0.987718667
    9.990000000   -0.804265423   -0.524407891    1.004908129
   10.000000000   -0.712990477   -0.429202435    1.023776722
   10.010000000   -0.628786165   -0.345439753    1.044083078
   10.020000000   -0.553916363   -0.277082202    1.062604837
   10.030000000   -0.488463908   -0.223505974    1.077893928
   10.040000000   -0.431885826   -0.180465529    1.094304439
   10.050000000   -0.384251190   -0.143550612    1.119736865
   10.060000000   -0.346271722   -0.110737809    1.160954168
   10.070000000   -0.319368472   -0.083256199    1.221229656
   10.080000000   -0.304924681   -0.064243790    1.299329457
   10.090000000   -0.301643880   -0.055574388    1.389941478
   10.100000000   -0.303870266   -0.055729720    1.485679999
   10.110000000   -0.304322617   -0.060717221    1.578314916
   10.120000000   -0.298763822   -0.066539377    1.661239108
   10.130000000   -0.288050419   -0.070679021    1.734305949
   10.140000000   -0.276344039   -0.071247091    1.804601649
   10.150000000   -0.266300438   -0.064027415    1.880654975
   10.160000000   -0.255606609   -0.042039306    1.967184221
   10.170000000   -0.238187828    0.000029961    2.065608745
   10.180000000   -0.207110048    0.062210436    2.176587091
   10.190000000   -0.157008002    0.139541770    2.299557587
   10.200000000   -0.086473390    0.223988143    2.430568285
   10.210000000    0.001404400    0.307555602    2.562000767
   10.220000000    0.100350648    0.385722329    2.685757262
   10.230000000    0.202003421    0.458364143    2.798993028
   10.240000000    0.297687186    0.528149184    2.907392187
   10.250000000    0.380771829    0.598178600    3.021111827
   10.260000000    0.447976168    0.670267366    3.145874114
   10.270000000    0.499823087    0.744094628    3.277835099
   10.280000000    0.540484874    0.816981788    3.407015277
   10.290000000    0.576648356    0.884563069    3.524574003
   10.300000000    0.615161861    0.941309581    3.624871437
   10.310000000    0.660085620    0.980708866    3.700706308
   10.320000000    0.711152166    0.997094984    3.740265411
   10.330000000    0.764470815    0.989266012    3.730516232
   10.340000000    0.814382158    0.962770176    3.660901828
   10.350000000    0.854402090    0.927166523    3.523283053
   10.360000000    0.876528284    0.888446879    3.312689051
   10.370000000    0.872344250    0.844294678    3.032969807
   10.380000000    0.838078178    0.788662655    2.704091576
   10.390000000    0.779823883    0.720935136    2.361583251
   10.400000000    0.714316563    0.650566957    2.044643001
   10.410000000    0.662241315    0.592414027    1.780847386
   10.420000000    0.636514407    0.556854027    1.575493144
   10.430000000    0.635511374    0.544338731    1.412257960
   10.440000000    0.646566863    0.546666038    1.267395781
   10.450000000    0.655009787    0.551098451    1.125135153
   10.460000000    0.651367484    0.545300417    0.982417246
   10.470000000    0.632285443    0.520711035    0.844229426
   10.480000000    0.596613775    0.472115077    0.713685723
   10.490000000    0.543725005    0.397864310    0.585607449
   10.500000000    0.477686217    0.304686085    0.451824220
   10.510000000    0.409463010    0.208648796    0.308235490
   10.520000000    0.350281987    0.124952764    0.151177075
   10.530000000    0.303616388    0.057065721   -0.028082877
   10.540000000    0.264870154   -0.002062045   -0.237678512
   10.550000000    0.226531760   -0.060754377   -0.474221173
   10.560000000    0.182706296   -0.121401000   -0.720785220
   10.570000000    0.132845343   -0.178075390   -0.956312246
   10.580000000    0.083921829   -0.219224160   -1.165351730
   10.590000000    0.046684863   -0.234062987   -1.339924624
   10.600000000    0.028750091   -0.217012607   -1.476146108
   10.610000000    0.031797971   -0.168224312   -1.571220029
   10.620000000    0.053445642   -0.093039517   -1.623430360
   10.630000000    0.089917334   -0.000678460   -1.633156419
   10.640000000    0.135980102    0.096994294   -1.605699737
   10.650000000    0.183006267    0.185268106   -1.555536073
   10.660000000    0.219737080    0.247893478   -1.504028910
   10.670000000    0.235750164    0.271791035   -1.469937019
   10.680000000    0.225031109    0.252332724   -1.461989162
   10.690000000    0.188687918    0.195356000   -1.479275356
   10.700000000    0.133859057    0.113287065   -1.518555471
   10.710000000    0.068489198    0.017628656   -1.579438088
   10.720000000   -0.002123655   -0.084372632   -1.658500177
   10.730000000   -0.074958896   -0.187123758   -1.742281185
   10.740000000   -0.147773772   -0.283928063   -1.810752256
   10.750000000   -0.217489441   -0.366379176   -1.846291106
   10.760000000   -0.280235223   -0.426203789   -1.840358537
   10.770000000   -0.335371714   -0.460905984   -1.794559057
   10.780000000   -0.388887623   -0.478422326   -1.718924897
   10.790000000   -0.449169233   -0.493524181   -1.630093340
   10.800000000   -0.519122625   -0.518440377   -1.545066612
   10.810000000   -0.595402328   -0.557510715   -1.472112920
   10.820000000   -0.674104828   -0.608954206   -1.409456029
   10.830000000   -0.752553375   -0.667100085   -1.352616188
   10.840000000   -0.825927116   -0.721651316   -1.298729697
   10.850000000   -0.886612330   -0.759785010   -1.244861427
   10.860000000   -0.928537068   -0.773246471   -1.186310634
   10.870000000   -0.951202966   -0.763467436   -1.118608059
   10.880000000   -0.958195035   -0.739556480   -1.042800925
   10.890000000   -0.952783771   -0.711814658   -0.967489050
   10.900000000   -0.936762870   -0.686309949   -0.903591218
   10.910000000   -0.912806016   -0.663773372   -0.856652063
   10.920000000   -0.886673470   -0.643000697   -0.824369501
   10.930000000   -0.866303307   -0.625268775   -0.801783477
   10.940000000   -0.857535179   -0.614747419   -0.787127241
   10.950000000   -0.860479741   -0.614917611   -0.780770840
   10.960000000   -0.870515513   -0.626244284   -0.780987639
   10.970000000   -0.882299515   -0.647902708   -0.784464943
   10.980000000   -0.893658779   -0.681317418   -0.790036227
   10.990000000   -0.907273460   -0.731052724   -0.799471379
   11.000000000   -0.927181329   -0.800363665   -0.815691147
   11.010000000   -0.953300326   -0.886036632   -0.840707045
   11.020000000   -0.982330654   -0.980390785   -0.874388440
   11.030000000   -1.014141876   -1.078292842   -0.915374167
   11.040000000   -1.054194022   -1.179858238   -0.960672109
   11.050000000   -1.109668077   -1.287927765   -1.003113700
   11.060000000   -1.184186449   -1.404574214   -1.032317877
   11.070000000   -1.274012057   -1.527181867   -1.039063190
   11.080000000   -1.366896395   -1.645657007   -1.018507027
   11.090000000   -1.446023279   -1.745278090   -0.972577556
   11.100000000   -1.499034175   -1.814934865   -0.911289060
   11.110000000   -1.524641259   -1.852694324   -0.848834396
   11.120000000   -1.529546988   -1.862709940   -0.795900855
   11.130000000   -1.519274407   -1.847883172   -0.755510913
   11.140000000   -1.493919453   -1.808025510   -0.724197405
   11.150000000   -1.453131043   -1.745409337   -0.694640443
   11.160000000   -1.402526921   -1.669135016   -0.659155398
   11.170000000   -1.353607927   -1.592766006   -0.614426667
   11.180000000   -1.318383548   -1.529131404   -0.564528029
   11.190000000   -1.303896991   -1.486629265   -0.521231087
   11.200000000   -1.310412717   -1.467798507   -0.502843389
   11.210000000   -1.335060425   -1.471116293   -0.531508866
   11.220000000   -1.376447996   -1.494237717   -0.627869853
   11.230000000   -1.434039921   -1.534565973   -0.801648100
   11.240000000   -1.504898332   -1.587999117   -1.042141302
   11.250000000   -1.582611046   -1.648439459   -1.320959870
   11.260000000   -1.658081558   -1.708085315   -1.608316179
   11.270000000   -1.721669428   -1.758969043   -1.885765772
   11.280000000   -1.766530098   -1.795760307   -2.144940631
   11.290000000   -1.791241291   -1.818039344   -2.379043381
   11.300000000   -1.800604531   -1.830920852   -2.580351327
   11.310000000   -1.804176884   -1.842765242   -2.745448042
   11.320000000   -1.813199868   -1.860824230   -2.877943963
   11.330000000   -1.837128289   -1.888306595   -2.984460907
   11.340000000   -1.880641454   -1.924015960   -3.068567476
   11.350000000   -1.942658163   -1.964031859   -3.130200620
   11.360000000   -2.018185468   -2.004835208   -3.174250927
   11.370000000   -2.102420925   -2.046455687   -3.219451501
   11.380000000   -2.193711304   -2.092541865   -3.294030499
   11.390000000   -2.291729689   -2.145560997   -3.418302317
   11.400000000   -2.392957930   -2.202078685   -3.588863364
   11.410000000   -2.488903449   -2.253864765   -3.779179661
   11.420000000   -2.569610744   -2.293542442   -3.954896597
   11.430000000   -2.628494124   -2.318825545   -4.088495102
   11.440000000   -2.663333259   -2.331934165   -4.166199943
   11.450000000   -2.674727682   -2.336617062   -4.189657423
   11.460000000   -2.665236146   -2.336426574   -4.173704157
   11.470000000   -2.639516036   -2.335153100   -4.140663055
   11.480000000   -2.604190356   -2.336821469   -4.111540322
   11.490000000   -2.567187598   -2.344331297   -4.098144811
   11.500000000   -2.537110812   -2.359499227   -4.101946185
   11.510000000   -2.521235310   -2.383640734   -4.117775446
   11.520000000   -2.522539106   -2.416781295   -4.138242991
   11.530000000   -2.539028640   -2.457501374   -4.158274165
   11.540000000   -2.565933772   -2.504864051   -4.177377575
   11.550000000   -2.597860705   -2.559163434   -4.197346950
   11.560000000   -2.628935553   -2.618332712   -4.217325123
   11.570000000   -2.652760288   -2.674949693   -4.231499720
   11.580000000   -2.664557530   -2.719650208   -4.232914212
   11.590000000   -2.664160814   -2.747595029   -4.220835633
   11.600000000   -2.655525953   -2.760300628   -4.204263164
   11.610000000   -2.642435133   -2.761223376   -4.195592411
   11.620000000   -2.626363255   -2.751827244   -4.199009008
   11.630000000   -2.609367875   -2.733006269   -4.205608853
   11.640000000   -2.596452725   -2.707726931   -4.200615530
   11.650000000   -2.592961142   -2.680582158   -4.175018381
   11.660000000   -2.600758716   -2.656012757   -4.130049533
   11.670000000   -2.618221197   -2.637757421   -4.072895555
   11.680000000   -2.642392602   -2.628941538   -4.010600802
   11.690000000   -2.670672697   -2.631885453   -3.947176817
   11.700000000   -2.701958706   -2.647965412   -3.884588029
   11.710000000   -2.735519676   -2.676097281   -3.824297788
   11.720000000   -2.767655209   -2.709673211   -3.766145239
   11.730000000   -2.791146531   -2.737519875   -3.707602911
   11.740000000   -2.800566695   -2.751730615   -3.646871294
   11.750000000   -2.797387962   -2.753748438   -3.586015936
   11.760000000   -2.787506744   -2.750754580   -3.529489922
   11.770000000   -2.774815676   -2.748142469   -3.480307456
   11.780000000   -2.758994768   -2.746580635   -3.438687304
   11.790000000   -2.738082267   -2.743332817   -3.403138513
   11.800000000   -2.711171063   -2.734555813   -3.371632749
   11.810000000   -2.679551243   -2.718133901   -3.342677790
   11.820000000   -2.647291287   -2.695938216   -3.316123315
   11.830000000   -2.620292275   -2.672623700   -3.293117606
   11.840000000   -2.603006200   -2.651890811   -3.275724330
   11.850000000   -2.595468350   -2.635009985   -3.265818216
   11.860000000   -2.593925834   -2.622693621   -3.262149059
   11.870000000   -2.594631881   -2.616940220   -3.259187504
   11.880000000   -2.596214267   -2.620092407   -3.251884185
   11.890000000   -2.599069167   -2.633200397   -3.240828181
   11.900000000   -2.604940325   -2.656532992   -3.230615409
   11.910000000   -2.616502225   -2.689638895   -3.224669035
   11.920000000   -2.634478206   -2.729047467   -3.224174051
   11.930000000   -2.654915850   -2.767145073   -3.230489542
   11.940000000   -2.671108925   -2.794641038   -3.244733106
   11.950000000   -2.679332146   -2.805208029   -3.264765042
   11.960000000   -2.681786846   -2.798703878   -3.284486568
   11.970000000   -2.682759457   -2.779855804   -3.296302365
   11.980000000   -2.683159137   -2.754189063   -3.294393937
   11.990000000   -2.680230332   -2.725577762   -3.276661726
   12.000000000   -2.671207990   -2.696445188   -3.243975953
   12.010000000   -2.655262389   -2.668268168   -3.198170488
   12.020000000   -2.632662211   -2.640939265   -3.141480208
   12.030000000   -2.604032135   -2.612428203   -3.077263124
   12.040000000   -2.571850434   -2.581609862   -3.010580136
   12.050000000   -2.542567578   -2.552709289   -2.947760278
   12.060000000   -2.524830970   -2.534638929   -2.894192249
   12.070000000   -2.523623978   -2.533821813   -2.851722682
   12.080000000   -2.536505650   -2.548035703   -2.818799357
   12.090000000   -2.556040377   -2.567801534   -2.793117100
   12.100000000   -2.575532358   -2.583169158   -2.773651470
   12.110000000   -2.593370860   -2.589932194   -2.761075464
   12.120000000   -2.612786173   -2.591321669   -2.756878069
   12.130000000   -2.636710154   -2.594055865   -2.760878932
   12.140000000   -2.662896740   -2.602337882   -2.768810651
   12.150000000   -2.685514002   -2.615500358   -2.773788224
   12.160000000   -2.701238043   -2.630526768   -2.771159819
   12.170000000   -2.711852402   -2.645249811   -2.761658047
   12.180000000   -2.720481338   -2.658668221   -2.749972606
   12.190000000   -2.726304199   -2.669361653   -2.739909165
   12.200000000   -2.724146286   -2.674667026   -2.730467846
   12.210000000   -2.709890440   -2.672118626   -2.716925665
   12.220000000   -2.685725957   -2.662088415   -2.695546498
   12.230000000   -2.659669213   -2.648673598   -2.666405765
   12.240000000   -2.640165105   -2.637262039   -2.631727186
   12.250000000   -2.630470549   -2.630389154   -2.592898461
   12.260000000   -2.626947023   -2.625639280   -2.549975225
   12.270000000   -2.622441692   -2.617916697   -2.503300800
   12.280000000   -2.611991840   -2.604204471   -2.454831450
   12.290000000   -2.596060684   -2.586089520   -2.407574820
   12.300000000   -2.579249709   -2.568002548   -2.364701586
   12.310000000   -2.565947548   -2.553378353   -2.330315990
   12.320000000   -2.556378728   -2.541809957   -2.308994188
   12.330000000   -2.546677077   -2.529535779   -2.302477447
   12.340000000   -2.532502119   -2.512962773   -2.307833703
   12.350000000   -2.512218492   -2.491602806   -2.319390322
   12.360000000   -2.487333901   -2.467728892   -2.331369669
   12.370000000   -2.460944864   -2.444042883   -2.339205633
   12.380000000   -2.436550308   -2.422428087   -2.340409391
   12.390000000   -2.417349073   -2.404035113   -2.335154553
   12.400000000   -2.404366980   -2.388782130   -2.325387500
   12.410000000   -2.395203254   -2.374922221   -2.312845065
   12.420000000   -2.385881483   -2.360210732   -2.298669954
   12.430000000   -2.373818134   -2.343683564   -2.284645897
   12.440000000   -2.359210786   -2.326695576   -2.273108773
   12.450000000   -2.344170345   -2.312133097   -2.265070332
   12.460000000   -2.330339092   -2.301850578   -2.258936699
   12.470000000   -2.317600703   -2.295487000   -2.251039008
   12.480000000   -2.305157501   -2.292111102   -2.237553637
   12.490000000   -2.293418513   -2.291834510   -2.216813850
   12.500000000   -2.284291528   -2.295147303   -2.189748870
   12.510000000   -2.279552470   -2.301347029   -2.158028166
   12.520000000   -2.279088352   -2.307889567   -2.123028702
   12.530000000   -2.279847721   -2.310729499   -2.086692469
   12.540000000   -2.276208857   -2.305483237   -2.051757637
   12.550000000   -2.262426527   -2.288811921   -2.020230758
   12.560000000   -2.234851312   -2.258927965   -1.991667330
   12.570000000   -2.192571018   -2.216077593   -1.963907428
   12.580000000   -2.138198914   -2.163688447   -1.936915837
   12.590000000   -2.078048040   -2.107986665   -1.915089047
   12.600000000   -2.020063894   -2.055348961   -1.904677394
   12.610000000   -1.971100474   -2.009969717   -1.909493599
   12.620000000   -1.935464876   -1.973522391   -1.928435855
   12.630000000   -1.914379172   -1.945760125   -1.955609827
   12.640000000   -1.905615832   -1.924831670   -1.983192352
   12.650000000   -1.904328145   -1.907646873   -2.005525823
   12.660000000   -1.905656438   -1.891220410   -2.020960158
   12.670000000   -1.906975121   -1.874671607   -2.029958518
   12.680000000   -1.907795865   -1.859923698   -2.032591923
   12.690000000   -1.908253748   -1.850181235   -2.028919760
   12.700000000   -1.907747556   -1.847189747   -2.020478421
   12.710000000   -1.904596181   -1.849564363   -2.009365089
   12.720000000   -1.897314502   -1.854008170   -1.995797901
   12.730000000   -1.886518152   -1.858265655   -1.977670809
   12.740000000   -1.875350783   -1.862987289   -1.952773315
   12.750000000   -1.867594484   -1.870678649   -1.920876812
   12.760000000   -1.864963016   -1.882451685   -1.884086498
   12.770000000   -1.866040857   -1.895794162   -1.846067915
   12.780000000   -1.867837502   -1.905931197   -1.810433604
   12.790000000   -1.868350701   -1.909285708   -1.778930708
   12.800000000   -1.867386290   -1.905296175   -1.751350955
   12.810000000   -1.865099017   -1.895455531   -1.727417808
   12.820000000   -1.860959805   -1.881698400   -1.707720138
   12.830000000   -1.854994117   -1.865950299   -1.692438454
   12.840000000   -1.849201020   -1.850227431   -1.680346589
   12.850000000   -1.846368649   -1.836141976   -1.669488658
   12.860000000   -1.847101966   -1.823683433   -1.658387195
   12.870000000   -1.848371094   -1.810384560   -1.646302014
   12.880000000   -1.845020777   -1.792365530   -1.632844618
   12.890000000   -1.833039217   -1.767173967   -1.618702339
   12.900000000   -1.811974048   -1.736144332   -1.606416220
   12.910000000   -1.784730945   -1.704058091   -1.598802645
   12.920000000   -1.755905659   -1.676705802   -1.596526575
   12.930000000   -1.730593021   -1.658919586   -1.597942294
   12.940000000   -1.713283976   -1.653596941   -1.600948207
   12.950000000   -1.705477373   -1.659986901   -1.604279786
   12.960000000   -1.704045984   -1.672594938   -1.607045704
   12.970000000   -1.703785811   -1.684129746   -1.608118056
   12.980000000   -1.701254075   -1.689976393   -1.606462237
   12.990000000   -1.694489667   -1.688798233   -1.601486877
   13.000000000   -1.680953781   -1.680449452   -1.593598026
   13.010000000   -1.658744846   -1.665626244   -1.585024384
   13.020000000   -1.629394953   -1.647186344   -1.579290488
   13.030000000   -1.597996455   -1.630141272   -1.579439946
   13.040000000   -1.570770166   -1.619919828   -1.587057235
   13.050000000   -1.552244348   -1.620062504   -1.602080108
   13.060000000   -1.542951858   -1.629674317   -1.621958533
   13.070000000   -1.538916270   -1.642657342   -1.641270165
   13.080000000   -1.534582255   -1.651099598   -1.653383638
   13.090000000   -1.527458207   -1.650535315   -1.653354045
   13.100000000   -1.520006733   -1.642103804   -1.640296901
   13.110000000   -1.516792963   -1.629996095   -1.617134849
   13.120000000   -1.519328112   -1.617036110   -1.587871671
   13.130000000   -1.523874867   -1.602654565   -1.555707684
   13.140000000   -1.524877806   -1.584868573   -1.523429384
   13.150000000   -1.519694751   -1.563150847   -1.493759227
   13.160000000   -1.509069998   -1.538355489   -1.467905474
   13.170000000   -1.494672517   -1.511041051   -1.444059425
   13.180000000   -1.478071882   -1.481643009   -1.418493437
   13.190000000   -1.460948708   -1.451495269   -1.388545326
   13.200000000   -1.444307023   -1.422207463   -1.354592831
   13.210000000   -1.427635270   -1.394405080   -1.320200178
   13.220000000   -1.409689382   -1.368008151   -1.291130543
   13.230000000   -1.390234869   -1.343842633   -1.273099259
   13.240000000   -1.370945561   -1.324567271   -1.268669156
   13.250000000   -1.354510474   -1.313527901   -1.275452552
   13.260000000   -1.342844309   -1.312194220   -1.287656146
   13.270000000   -1.336122672   -1.318555398   -1.299979920
   13.280000000   -1.333096792   -1.328339236   -1.309975287
   13.290000000   -1.332091098   -1.337808062   -1.316778135
   13.300000000   -1.331668645   -1.344833884   -1.318872383
   13.310000000   -1.329926786   -1.347393937   -1.314223418
   13.320000000   -1.324250712   -1.342944032   -1.302657598
   13.330000000   -1.313405701   -1.330624627   -1.287167471
   13.340000000   -1.299323793   -1.312883702   -1.272196741
   13.350000000   -1.285896100   -1.293983788   -1.260868631
   13.360000000   -1.276515539   -1.277722550   -1.253403046
   13.370000000   -1.273013327   -1.266797920   -1.247545015
   13.380000000   -1.276045035   -1.263221440   -1.240977677
   13.390000000   -1.286034537   -1.268804678   -1.233545627
   13.400000000   -1.303919441   -1.285288421   -1.227009128
   13.410000000   -1.330442542   -1.313154994   -1.223266726
   13.420000000   -1.364334293   -1.349898538   -1.223150532
   13.430000000   -1.401816692   -1.389959908   -1.226169556
   13.440000000   -1.437946694   -1.426485291   -1.230824155
   13.450000000   -1.468044830   -1.453713542   -1.235541306
   13.460000000   -1.488243895   -1.468570142   -1.239296544
   13.470000000   -1.495525055   -1.470519277   -1.241363682
   13.480000000   -1.488401817   -1.460869278   -1.241299606
   13.490000000   -1.468324186   -1.442463765   -1.239242280
   13.500000000   -1.439863944   -1.419131881   -1.235895658
   13.510000000   -1.409150983   -1.395054511   -1.232452879
   13.520000000   -1.381898896   -1.374253614   -1.230504005
   13.530000000   -1.361835522   -1.359640234   -1.231449215
   13.540000000   -1.349954033   -1.351852141   -1.235810474
   13.550000000   -1.344970790   -1.348982355   -1.243102407
   13.560000000   -1.344397124   -1.347615432   -1.251937165
   13.570000000   -1.345109340   -1.344333146   -1.259891838
   13.580000000   -1.343502404   -1.336683112   -1.263726157
   13.590000000   -1.336378295   -1.323595117   -1.260633158
   13.600000000   -1.322604622   -1.305819642   -1.249903321
   13.610000000   -1.304023792   -1.286274762   -1.233543162
   13.620000000   -1.284572049   -1.269435289   -1.214973040
   13.630000000   -1.268159183   -1.259406306   -1.197401270
   13.640000000   -1.256678615   -1.257559863   -1.183331936
   13.650000000   -1.249504420   -1.261691375   -1.174411809
   13.660000000   -1.244967423   -1.267893928   -1.171077613
   13.670000000   -1.242573530   -1.273697946   -1.172496441
   13.680000000   -1.244191897   -1.279903343   -1.177529655
   13.690000000   -1.252914103   -1.289608138   -1.185788055
   13.700000000   -1.270143551   -1.305403686   -1.197003365
   13.710000000   -1.293923802   -1.327338447   -1.209916835
   13.720000000   -1.319920556   -1.352485873   -1.222456748
   13.730000000   -1.343722801   -1.376147808   -1.232546301
   13.740000000   -1.362723452   -1.394466452   -1.238903327
   13.750000000   -1.376457118   -1.406143526   -1.241268649
   13.760000000   -1.386035820   -1.412036939   -1.239620342
   13.770000000   -1.393498501   -1.413820389   -1.233594957
   13.780000000   -1.400504612   -1.412678540   -1.223089648
   13.790000000   -1.406733414   -1.408435517   -1.208948573
   13.800000000   -1.409974675   -1.399936417   -1.192763209
   13.810000000   -1.408136279   -1.386500916   -1.176193519
   13.820000000   -1.400812901   -1.368748893   -1.160654580
   13.830000000   -1.389028247   -1.348124559   -1.147248127
   13.840000000   -1.374244853   -1.326193010   -1.136288268
   13.850000000   -1.358203799   -1.304721927   -1.127084471
   13.860000000   -1.342972400   -1.285791385   -1.118408316
   13.870000000   -1.329949990   -1.270895778   -1.108582166
   13.880000000   -1.318900344   -1.260004515   -1.095712863
   13.890000000   -1.308631324   -1.251963492   -1.079404261
   13.900000000   -1.298309534   -1.245636178   -1.062187945
   13.910000000   -1.287780092   -1.240563802   -1.048511354
   13.920000000   -1.277312776   -1.237095558   -1.042040996
   13.930000000   -1.267268472   -1.235970212   -1.043110120
   13.940000000   -1.257707177   -1.237512770   -1.048622375
   13.950000000   -1.248282076   -1.241003007   -1.055350724
   13.960000000   -1.238421206   -1.244469000   -1.062810299
   13.970000000   -1.227574399   -1.245175198   -1.072258393
   13.980000000   -1.215818105   -1.240880747   -1.084142264
   13.990000000   -1.204588966   -1.231186862   -1.097116002
   14.000000000   -1.196288814   -1.217907416   -1.108938937
   14.010000000   -1.192858531   -1.204286525   -1.117685831
   14.020000000   -1.194815258   -1.193688223   -1.121607473
   14.030000000   -1.201705005   -1.188549073   -1.119020722
   14.040000000   -1.213259223   -1.190115941   -1.109571362
   14.050000000   -1.229221511   -1.198418191   -1.095005787
   14.060000000   -1.248092428   -1.212330712   -1.078502629
   14.070000000   -1.267506121   -1.230646571   -1.063729547
   14.080000000   -1.286316159   -1.253205905   -1.053985284
   14.090000000   -1.305414238   -1.279946231   -1.050894647
   14.100000000   -1.325742972   -1.308706166   -1.053346891
   14.110000000   -1.345698492   -1.334843529   -1.058146348
   14.120000000   -1.361394257   -1.353599018   -1.061884698
   14.130000000   -1.369823758   -1.362886277   -1.062287258
   14.140000000   -1.371240979   -1.363953793   -1.058746916
   14.150000000   -1.368340383   -1.359728213   -1.052088856
   14.160000000   -1.363764075   -1.352846183   -1.043196403
   14.170000000   -1.358369003   -1.344789519   -1.031612751
   14.180000000   -1.351167357   -1.335877325   -1.016019894
   14.190000000   -1.340683063   -1.325875262   -0.996213288
   14.200000000   -1.326475605   -1.314962278   -0.974164057
   14.210000000   -1.309360370   -1.304048080   -0.953206594
   14.220000000   -1.290456209   -1.294038175   -0.936496964
   14.230000000   -1.270457227   -1.285006199   -0.925906576
   14.240000000   -1.249626456   -1.276141463   -0.921638737
   14.250000000   -1.227958633   -1.266110826   -0.922449925
   14.260000000   -1.205356860   -1.253478592   -0.926347726
   14.270000000   -1.182031090   -1.237607776   -0.931373892
   14.280000000   -1.158632683   -1.219307554   -0.935823831
   14.290000000   -1.135871320   -1.200095296   -0.938124816
   14.300000000   -1.114323036   -1.181063634   -0.937254325
   14.310000000   -1.094850983   -1.162918029   -0.933565359
   14.320000000   -1.079174413   -1.146771040   -0.929013752
   14.330000000   -1.069748227   -1.134204459   -0.926411456
   14.340000000   -1.068442899   -1.126265479   -0.927757879
   14.350000000   -1.074834915   -1.122488722   -0.932425979
   14.360000000   -1.085969591   -1.121110450   -0.937230033
   14.370000000   -1.097891021   -1.120231576   -0.938750650
   14.380000000   -1.107280642   -1.118799301   -0.935719553
   14.390000000   -1.112387240   -1.116870430   -0.929376945
   14.400000000   -1.113118170   -1.114947906   -0.921335470
   14.410000000   -1.109987118   -1.112536477   -0.911184997
   14.420000000   -1.103043787   -1.107512848   -0.896781659
   14.430000000   -1.092129323   -1.097459197   -0.876465380
   14.440000000   -1.077742948   -1.081480429   -0.850132207
   14.450000000   -1.061285743   -1.060717711   -0.818786586
   14.460000000   -1.044508161   -1.037651653   -0.784353210
   14.470000000   -1.028573609   -1.014988939   -0.750174031
   14.480000000   -1.013448135   -0.994611415   -0.720686813
   14.490000000   -0.998666525   -0.977525156   -0.699779563
   14.500000000   -0.984874247   -0.964853904   -0.689415022
   14.510000000   -0.973818553   -0.957989711   -0.689557875
   14.520000000   -0.966703870   -0.957248243   -0.698971965
   14.530000000   -0.963140284   -0.960866741   -0.715951075
   14.540000000   -0.961741603   -0.965889752   -0.738835369
   14.550000000   -0.961171877   -0.969966556   -0.766597476
   14.560000000   -0.960436808   -0.972125967   -0.798251901
   14.570000000   -0.958922502   -0.972427677   -0.830915203
   14.580000000   -0.956800090   -0.971606562   -0.859552840
   14.590000000   -0.954970755   -0.970720205   -0.879849944
   14.600000000   -0.954101624   -0.970452787   -0.891283892
   14.610000000   -0.953827784   -0.970591141   -0.897176365
   14.620000000   -0.952844459   -0.969973375   -0.902073871
   14.630000000   -0.949510645   -0.966780187   -0.908893910
   14.640000000   -0.942615493   -0.959389544   -0.917679154
   14.650000000   -0.932125120   -0.947575739   -0.926757536
   14.660000000   -0.919320111   -0.932819664   -0.935038179
   14.670000000   -0.905825207   -0.917137465   -0.942419090
   14.680000000   -0.892321306   -0.901502704   -0.948367049
   14.690000000   -0.878443606   -0.885452390   -0.951801239
   14.700000000   -0.863936521   -0.868199105   -0.952433125
   14.710000000   -0.849682984   -0.849990042   -0.951055211
   14.720000000   -0.837709536   -0.832556705   -0.948417875
   14.730000000   -0.830351141   -0.818573445   -0.944358043
   14.740000000   -0.829318155   -0.810619410   -0.938440968
   14.750000000   -0.835237285   -0.810243720   -0.931679717
   14.760000000   -0.847483841   -0.817480103   -0.926973631
   14.770000000   -0.864176804   -0.830809148   -0.927380712
   14.780000000   -0.882764205   -0.847629616   -0.934137234
   14.790000000   -0.900754972   -0.865199784   -0.945880838
   14.800000000   -0.915731639   -0.881401266   -0.958898369
   14.810000000   -0.925622054   -0.895019521   -0.968426945
   14.820000000   -0.929890916   -0.905734893   -0.970924925
   14.830000000   -0.929839901   -0.913529012   -0.965629843
   14.840000000   -0.927403222   -0.918062381   -0.953967512
   14.850000000   -0.924092097   -0.919057877   -0.937833717
   14.860000000   -0.920724033   -0.916816247   -0.918536270
   14.870000000   -0.917419403   -0.911896351   -0.896974926
   14.880000000   -0.913657136   -0.904720629   -0.874242990
   14.890000000   -0.908338510   -0.895504007   -0.851367493
   14.900000000   -0.900059728   -0.884284551   -0.828640611
   14.910000000   -0.887878034   -0.871231017   -0.806057490
   14.920000000   -0.872120941   -0.856969933   -0.784592760
   14.930000000   -0.854341972   -0.842396388   -0.766355476
   14.940000000   -0.836487815   -0.828246017   -0.753045821
   14.950000000   -0.820229998   -0.815035415   -0.744698726
   14.960000000   -0.806841387   -0.803255392   -0.740724684
   14.970000000   -0.797035745   -0.793281254   -0.741750614
   14.980000000   -0.790499069   -0.785131736   -0.749112927
   14.990000000   -0.786055299   -0.778718030   -0.762580423
   15.000000000   -0.782802492   -0.774418422   -0.779576956
   15.010000000   -0.780921249   -0.773171373   -0.796487736
   15.020000000   -0.781168594   -0.775634421   -0.809797851
   15.030000000   -0.783496411   -0.780933616   -0.816432017
   15.040000000   -0.786391022   -0.786633652   -0.814735326
   15.050000000   -0.787894837   -0.790197215   -0.805556814
   15.060000000   -0.787058038   -0.790228305   -0.791586666
   15.070000000   -0.784312437   -0.786767212   -0.775860936
   15.080000000   -0.780925337   -0.780986050   -0.761246404
   15.090000000   -0.778061457   -0.774274334   -0.750235964
   15.100000000   -0.775870391   -0.767179543   -0.744268681
   15.110000000   -0.773638499   -0.759485287   -0.743762576
   15.120000000   -0.770962051   -0.751306906   -0.748994127
   15.130000000   -0.768227219   -0.743497562   -0.759570550
   15.140000000   -0.765878353   -0.736934051   -0.772804993
   15.150000000   -0.763991711   -0.731997875   -0.784694807
   15.160000000   -0.762815739   -0.728934982   -0.793223599
   15.170000000   -0.762961435   -0.728116351   -0.799442251
   15.180000000   -0.764459433   -0.729370495   -0.805099904
   15.190000000   -0.766007565   -0.731431828   -0.810070973
   15.200000000   -0.765746927   -0.732739058   -0.812801126
   15.210000000   -0.762373799   -0.732453295   -0.812787361
   15.220000000   -0.755185285   -0.730321892   -0.811054570
   15.230000000   -0.743930192   -0.726284210   -0.808142106
   15.240000000   -0.729175198   -0.720739615   -0.803136389
   15.250000000   -0.712576903   -0.714988583   -0.795287080
   15.260000000   -0.696530838   -0.711009830   -0.785546584
   15.270000000   -0.683310631   -0.710446800   -0.775919643
   15.280000000   -0.674200502   -0.713520113   -0.768192825
   15.290000000   -0.669131733   -0.718740261   -0.763664406
   15.300000000   -0.667282689   -0.723904020   -0.763141928
   15.310000000   -0.668109483   -0.727674384   -0.766693442
   15.320000000   -0.671147109   -0.729936185   -0.773565726
   15.330000000   -0.674945287   -0.730668675   -0.782404951
   15.340000000   -0.677461146   -0.729348860   -0.791462536
   15.350000000   -0.677855960   -0.725752067   -0.798659036
   15.360000000   -0.677303183   -0.720763010   -0.802111713
   15.370000000   -0.677666362   -0.715934745   -0.800746793
   15.380000000   -0.679491297   -0.712148556   -0.794176205
   15.390000000   -0.681532312   -0.708780239   -0.782733960
   15.400000000   -0.681882980   -0.704126967   -0.768053361
   15.410000000   -0.679032579   -0.696519393   -0.752958695
   15.420000000   -0.672454875   -0.685475072   -0.740527138
   15.430000000   -0.663135122   -0.672386687   -0.733158992
   15.440000000   -0.653306808   -0.659905714   -0.732173194
   15.450000000   -0.645054913   -0.650285680   -0.738040893
   15.460000000   -0.639148203   -0.644263084   -0.750417623
   15.470000000   -0.635294992   -0.641210288   -0.767479552
   15.480000000   -0.632958880   -0.639844528   -0.786034286
   15.490000000   -0.631362933   -0.638710945   -0.802978402
   15.500000000   -0.629336780   -0.636524907   -0.816465625
   15.510000000   -0.626133909   -0.632829607   -0.826232438
   15.520000000   -0.622269567   -0.628535504   -0.833486486
   15.530000000   -0.619122913   -0.625386957   -0.840139186
   15.540000000   -0.617972913   -0.624670094   -0.847690017
   15.550000000   -0.619398375   -0.626308137   -0.856283797
   15.560000000   -0.623052781   -0.628914823   -0.864188108
   15.570000000   -0.627815945   -0.630746207   -0.868518529
   15.580000000   -0.632432494   -0.630816700   -0.867183962
   15.590000000   -0.636238020   -0.629153796   -0.860122429
   15.600000000   -0.639187144   -0.626182994   -0.848696267
   15.610000000   -0.641325534   -0.622336431   -0.834481428
   15.620000000   -0.642580143   -0.618225011   -0.818878887
   15.630000000   -0.642944055   -0.614555579   -0.803442609
   15.640000000   -0.642593170   -0.611613404   -0.789978226
   15.650000000   -0.641708417   -0.609037596   -0.779976928
   15.660000000   -0.640029999   -0.606068766   -0.773835844
   15.670000000   -0.636617201   -0.601877800   -0.770742781
   15.680000000   -0.630182936   -0.595747182   -0.769109005
   15.690000000   -0.619590826   -0.586970229   -0.766783727
   15.700000000   -0.604297306   -0.574960636   -0.761688074
   15.710000000   -0.584859275   -0.559966652   -0.753072964
   15.720000000   -0.563019431   -0.543419394   -0.741633156
   15.730000000   -0.540959262   -0.527180765   -0.728192527
   15.740000000   -0.520578245   -0.512819130   -0.713139542
   15.750000000   -0.503504764   -0.501685448   -0.697323547
   15.760000000   -0.491064357   -0.494682067   -0.682566791
   15.770000000   -0.483672388   -0.491274230   -0.670593211
   15.780000000   -0.480463952   -0.489232211   -0.661668812
   15.790000000   -0.479802683   -0.486071069   -0.654796632
   15.800000000   -0.480205500   -0.480847118   -0.649155427
   15.810000000   -0.480908343   -0.474428597   -0.644701865
   15.820000000   -0.481704697   -0.468291979   -0.641315616
   15.830000000   -0.482449339   -0.463369205   -0.638269695
   15.840000000   -0.482935913   -0.459882362   -0.634920262
   15.850000000   -0.482947721   -0.457682952   -0.631184337
   15.860000000   -0.482102530   -0.456399341   -0.627108173
   15.870000000   -0.480044608   -0.455617700   -0.622631571
   15.880000000   -0.476966401   -0.455306037   -0.617831856
   15.890000000   -0.473532597   -0.456012960   -0.612880690
   15.900000000   -0.470132087   -0.458425366   -0.607645243
   15.910000000   -0.466280281   -0.462463178   -0.601524036
   15.920000000   -0.460780117   -0.466737454   -0.593828438
   15.930000000   -0.452573419   -0.469199226   -0.584564644
   15.940000000   -0.441614896   -0.468570378   -0.574940595
   15.950000000   -0.428932546   -0.464894880   -0.566695020
   15.960000000   -0.415935019   -0.458774485   -0.560730830
   15.970000000   -0.403764485   -0.450717178   -0.556602055
   15.980000000   -0.393017886   -0.441239508   -0.553216314
   15.990000000   -0.383791156   -0.430937524   -0.549592317
   16.000000000   -0.375993535   -0.420240828   -0.544847823
   16.010000000   -0.369797331   -0.409524293   -0.538150229
   16.020000000   -0.365923329   -0.399655251   -0.529341289
   16.030000000   -0.365177673   -0.391920517   -0.519378084
   16.040000000   -0.367354099   -0.386937794   -0.509955405
   16.050000000   -0.370821509   -0.383791252   -0.502938108
   16.060000000   -0.373209973   -0.380394066   -0.499735847
   16.070000000   -0.372250512   -0.374643654   -0.500332448
   16.080000000   -0.366533024   -0.365407810   -0.502829769
   16.090000000   -0.356309478   -0.352909118   -0.504702686
   16.100000000   -0.343454982   -0.338378211   -0.504594633
   16.110000000   -0.330228973   -0.323183137   -0.502424986
   16.120000000   -0.318120033   -0.308268482   -0.498236160
   16.130000000   -0.307843766   -0.294299667   -0.491817271
   16.140000000   -0.300001099   -0.282086201   -0.483372409
   16.150000000   -0.295368385   -0.272880472   -0.473929229
   16.160000000   -0.294457731   -0.268144292   -0.465027272
   16.170000000   -0.296711381   -0.268456572   -0.458066754
   16.180000000   -0.300301387   -0.272569516   -0.453981810
   16.190000000   -0.303164833   -0.278025305   -0.453525990
   16.200000000   -0.304288867   -0.282671112   -0.457032657
   16.210000000   -0.303805071   -0.285345574   -0.463272358
   16.220000000   -0.302099966   -0.285697324   -0.469366890
   16.230000000   -0.299191873   -0.283967654   -0.472426756
   16.240000000   -0.294798214   -0.280661815   -0.470864366
   16.250000000   -0.288661950   -0.276132350   -0.464648562
   16.260000000   -0.280674671   -0.270483782   -0.455218390
   16.270000000   -0.270711830   -0.263693150   -0.444898456
   16.280000000   -0.258738634   -0.255736327   -0.435814984
   16.290000000   -0.245480228   -0.246888774   -0.429285294
   16.300000000   -0.232799906   -0.238251451   -0.426244256
   16.310000000   -0.222993018   -0.231757278   -0.427483306
   16.320000000   -0.217509317   -0.229036521   -0.432680462
   16.330000000   -0.216252157   -0.230169616   -0.439893269
   16.340000000   -0.217872358   -0.233818887   -0.446684444
   16.350000000   -0.220576911   -0.238465370   -0.451046415
   16.360000000   -0.222941569   -0.243302857   -0.451344576
   16.370000000   -0.224325882   -0.248108391   -0.446661844
   16.380000000   -0.224753511   -0.252571238   -0.437373215
   16.390000000   -0.224661264   -0.255913153   -0.425006720
   16.400000000   -0.224549916   -0.257057592   -0.411796587
   16.410000000   -0.224504072   -0.255190570   -0.400188206
   16.420000000   -0.224168923   -0.250265829   -0.391954735
   16.430000000   -0.223272726   -0.242975328   -0.387343261
   16.440000000   -0.222009230   -0.234461128   -0.385095505
   16.450000000   -0.220820489   -0.225988931   -0.383238449
   16.460000000   -0.219829327   -0.218514014   -0.380111087
   16.470000000   -0.218714653   -0.212596973   -0.375130566
   16.480000000   -0.217452741   -0.208886965   -0.368818025
   16.490000000   -0.216996233   -0.208386455   -0.362324187
   16.500000000   -0.219005311   -0.212144942   -0.356948332
   16.510000000   -0.225091296   -0.220789937   -0.353841349
   16.520000000   -0.236146110   -0.233907150   -0.353784813
   16.530000000   -0.251738304   -0.249639558   -0.356665473
   16.540000000   -0.269699950   -0.265288999   -0.360868762
   16.550000000   -0.286678762   -0.278569596   -0.363713512
   16.560000000   -0.299902103   -0.288443702   -0.363069531
   16.570000000   -0.308700826   -0.295192733   -0.358574488
   16.580000000   -0.314381857   -0.299906595   -0.351366903
   16.590000000   -0.318879824   -0.303600801   -0.342995289
   16.600000000   -0.323680022   -0.306698711   -0.334723642
   16.610000000   -0.329527246   -0.309338503   -0.327469926
   16.620000000   -0.336289716   -0.311766333   -0.321950784
   16.630000000   -0.343023564   -0.314246750   -0.318548686
   16.640000000   -0.348489620   -0.316883023   -0.316577237
   16.650000000   -0.351843647   -0.319785690   -0.314092035
   16.660000000   -0.353281436   -0.323324095   -0.309298513
   16.670000000   -0.353902816   -0.327817892   -0.301980690
   16.680000000   -0.354575353   -0.332999710   -0.293331332
   16.690000000   -0.355132029   -0.338248685   -0.284927274
   16.700000000   -0.354808627   -0.343324934   -0.278021854
   16.710000000   -0.353241957   -0.348439291   -0.273106753
   16.720000000   -0.350945661   -0.353645100   -0.269632747
   16.730000000   -0.349027778   -0.358712398   -0.266452908
   16.740000000   -0.348432860   -0.363486929   -0.262681695
   16.750000000   -0.348914392   -0.367466082   -0.257766958
   16.760000000   -0.348708077   -0.369154222   -0.251081601
   16.770000000   -0.345883202   -0.366962154   -0.242215880
   16.780000000   -0.340182661   -0.360929603   -0.231691945
   16.790000000   -0.333194829   -0.352943049   -0.220987446
   16.800000000   -0.326827573   -0.345290181   -0.211728941
   16.810000000   -0.321968426   -0.339353072   -0.204902487
   16.820000000   -0.318522753   -0.335437944   -0.200796829
   16.830000000   -0.316194100   -0.333245590   -0.199391250
   16.840000000   -0.314735487   -0.332138958   -0.200365034
   16.850000000   -0.313804181   -0.331351969   -0.203059398
   16.860000000   -0.313285564   -0.330592509   -0.207006785
   16.870000000   -0.313613523   -0.330395017   -0.212221813
   16.880000000   -0.315379848   -0.331578806   -0.218748501
   16.890000000   -0.318620564   -0.334260766   -0.226242098
   16.900000000   -0.322407678   -0.337340799   -0.233963275
   16.910000000   -0.325133958   -0.339054936   -0.240786673
   16.920000000   -0.325401233   -0.338127646   -0.245277145
   16.930000000   -0.322767597   -0.334419035   -0.246262310
   16.940000000   -0.317895824   -0.328839019   -0.243628159
   16.950000000   -0.312243176   -0.322871542   -0.238618559
   16.960000000   -0.307342171   -0.317688513   -0.233036030
   16.970000000   -0.303868464   -0.313270315   -0.227712001
   16.980000000   -0.301414178   -0.308649999   -0.222001190
   16.990000000   -0.299284003   -0.303122624   -0.215045630
   17.000000000   -0.297115014   -0.296802333   -0.206974702
   17.010000000   -0.294677242   -0.290097479   -0.198610341
   17.020000000   -0.291641592   -0.283187178   -0.190621620
   17.030000000   -0.287675407   -0.275985986   -0.183318437
   17.040000000   -0.282578137   -0.268291165   -0.177038135
   17.050000000   -0.276494079   -0.260056827   -0.172417990
   17.060000000   -0.270009725   -0.251662990   -0.170070225
   17.070000000   -0.263747810   -0.243797878   -0.169878844
   17.080000000   -0.257788648   -0.237026180   -0.170613670
   17.090000000   -0.251603737   -0.231476803   -0.170451873
   17.100000000   -0.244515627   -0.226836685   -0.168098513
   17.110000000   -0.236036010   -0.222494851   -0.163277342
   17.120000000   -0.225848087   -0.217649420   -0.156181713
   17.130000000   -0.213914958   -0.211488114   -0.147030968
   17.140000000   -0.200834399   -0.203556287   -0.136337257
   17.150000000   -0.187963314   -0.194181698   -0.125115564
   17.160000000   -0.176947000   -0.184487713   -0.114581179
   17.170000000   -0.168861101   -0.175705968   -0.105774752
   17.180000000   -0.163600530   -0.168355609   -0.099271079
   17.190000000   -0.159904598   -0.162000591   -0.094717398
   17.200000000   -0.156064771   -0.155719346   -0.090784953
   17.210000000   -0.151034603   -0.148871134   -0.086176636
   17.220000000   -0.145080403   -0.141529714   -0.080548648
   17.230000000   -0.139374158   -0.134335977   -0.074161644
   17.240000000   -0.135055957   -0.128036525   -0.067094515
   17.250000000   -0.132606852   -0.123073043   -0.059063950
   17.260000000   -0.131747987   -0.119395708   -0.049806456
   17.270000000   -0.131593939   -0.116533467   -0.039489879
   17.280000000   -0.130922390   -0.113851653   -0.028723199
   17.290000000   -0.128670461   -0.110878252   -0.018371736
   17.300000000   -0.124625488   -0.107657786   -0.009536055
   17.310000000   -0.119621408   -0.104710320   -0.003230368
   17.320000000   -0.114693621   -0.102364958    0.000433381
   17.330000000   -0.110085812   -0.100217929    0.002605382
   17.340000000   -0.105434447   -0.097480187    0.005068729
   17.350000000   -0.100834181   -0.093930490    0.009290962
   17.360000000   -0.097336940   -0.090453100    0.015710056
   17.370000000   -0.096240537   -0.088498292    0.023438060
   17.380000000   -0.097875144   -0.088884071    0.030821657
   17.390000000   -0.101115562   -0.091089907    0.036667087
   17.400000000   -0.104057373   -0.093672006    0.040797486
   17.410000000   -0.105212750   -0.095308684    0.043306813
   17.420000000   -0.104245812   -0.095458543    0.043831399
   17.430000000   -0.101689256   -0.094134188    0.042091876
   17.440000000   -0.098161884   -0.091449933    0.038806913
   17.450000000   -0.093902751   -0.087532170    0.035492053
   17.460000000   -0.088838923   -0.082632113    0.033404192
   17.470000000   -0.083172760   -0.077466900    0.032861447
   17.480000000   -0.077867714   -0.073447598    0.033322749
   17.490000000   -0.074140384   -0.071987831    0.034005564
   17.500000000   -0.072463516   -0.073338515    0.034532354
   17.510000000   -0.072283123   -0.076311338    0.034827283
   17.520000000   -0.072514051   -0.079088381    0.034667462
   17.530000000   -0.072204002   -0.080226300    0.033950845
   17.540000000   -0.070905502   -0.079162072    0.033273759
   17.550000000   -0.068483324   -0.076098624    0.033638002
   17.560000000   -0.064812170   -0.071703452    0.035433939
   17.570000000   -0.060048666   -0.066989638    0.037969197
   17.580000000   -0.055115019   -0.063107069    0.039971501
   17.590000000   -0.051502861   -0.060864778    0.040278347
   17.600000000   -0.050351694   -0.060360628    0.038098387
   17.610000000   -0.051491427   -0.060881970    0.033195299
   17.620000000   -0.053256383   -0.061007646    0.026239822
   17.630000000   -0.053518594   -0.059221741    0.018640855
   17.640000000   -0.051164005   -0.054891317    0.011668905
   17.650000000   -0.046609532   -0.048692164    0.005756627
   17.660000000   -0.040984133   -0.042034279    0.000606381
   17.670000000   -0.034907169   -0.035975324   -0.004020648
   17.680000000   -0.028258863   -0.030722405   -0.007684564
   17.690000000   -0.021142606   -0.026233147   -0.009547022
   17.700000000   -0.014626031   -0.022944012   -0.009282313
   17.710000000   -0.010267605   -0.021551274   -0.007640158
   17.720000000   -0.009044625   -0.022298567   -0.005748915
   17.730000000   -0.010807602   -0.024809175   -0.003878713
   17.740000000   -0.014583065   -0.028420115   -0.001511800
   17.750000000   -0.019305173   -0.032524415    0.001407950
   17.760000000   -0.024417737   -0.036843179    0.004026170
   17.770000000   -0.029934564   -0.041428835    0.005470235
   17.780000000   -0.036089493   -0.046359235    0.005636547
   17.790000000   -0.043147394   -0.051624412    0.004926603
   17.800000000   -0.051285970   -0.057260726    0.003681363
   17.810000000   -0.060078256   -0.063218541    0.002247055
   17.820000000   -0.068087666   -0.068921641    0.001262369
   17.830000000   -0.073439805   -0.073176036    0.001380869
   17.840000000   -0.074959880   -0.074759233    0.002857787
   17.850000000   -0.072706534   -0.073127533    0.005813983
   17.860000000   -0.067564345   -0.068616926    0.010662367
   17.870000000   -0.060473933   -0.062052698    0.017726385
   17.880000000   -0.052039829   -0.054145533    0.026651388
   17.890000000   -0.042610187   -0.045180233    0.036572283
   17.900000000   -0.032401834   -0.035149864    0.046699575
   17.910000000   -0.021573669   -0.024050958    0.056722943
   17.920000000   -0.010318482   -0.012078556    0.066827800
   17.930000000    0.000949137    0.000130549    0.077197974
   17.940000000    0.011373412    0.011306015    0.087423097
   17.950000000    0.019772573    0.019901748    0.096466788
   17.960000000    0.025192920    0.024889325    0.103271429
   17.970000000    0.027475659    0.026189199    0.107459523
   17.980000000    0.027327556    0.024449524    0.109449626
   17.990000000    0.025986919    0.020779141    0.109959432
   18.000000000    0.024812548    0.016650497    0.109626524
   18.010000000    0.024806516    0.013579642    0.109247992
   18.020000000    0.026285203    0.012646789    0.109995817
   18.030000000    0.028831804    0.014095340    0.112794686
   18.040000000    0.031502175    0.017257655    0.117456549
   18.050000000    0.033346302    0.021021453    0.122678755
   18.060000000    0.033895024    0.024454644    0.126803889
   18.070000000    0.033264360    0.027132725    0.128546833
   18.080000000    0.031980372    0.029056827    0.127459129
   18.090000000    0.030773528    0.030401199    0.124043252
   18.100000000    0.030422526    0.031461797    0.119478710
   18.110000000    0.031561003    0.032719015    0.115263300
   18.120000000    0.034417642    0.034652046    0.112567390
   18.130000000    0.038544699    0.037274159    0.111238750
   18.140000000    0.042665711    0.039801559    0.109521582
   18.150000000    0.044949903    0.040961846    0.105030882
   18.160000000    0.043790274    0.039823663    0.096064664
   18.170000000    0.038668005    0.036457782    0.082590462
   18.180000000    0.030424142    0.031845742    0.066527229
   18.190000000    0.020593629    0.026998547    0.050657797
   18.200000000    0.010452981    0.022140403    0.036989670
   18.210000000    0.000656398    0.016813469    0.026057819
   18.220000000   -0.008399576    0.010660871    0.017144995
   18.230000000   -0.016096114    0.004029148    0.008789079
   18.240000000   -0.021703037   -0.002131962   -0.000563882
   18.250000000   -0.024916602   -0.006928105   -0.011840175
   18.260000000   -0.026088509   -0.010112737   -0.024825813
   18.270000000   -0.025978816   -0.012120820   -0.038139032
   18.280000000   -0.025403750   -0.013613615   -0.049766184
   18.290000000   -0.024964011   -0.014954541   -0.057940397
   18.300000000   -0.024922815   -0.016071096   -0.061839989
   18.310000000   -0.025256982   -0.016709292   -0.061725696
   18.320000000   -0.025785990   -0.016722025   -0.058649991
   18.330000000   -0.026318536   -0.016241326   -0.053912670
   18.340000000   -0.026660501   -0.015618036   -0.048386119
   18.350000000   -0.026406758   -0.014998541   -0.042108784
   18.360000000   -0.025003647   -0.014029067   -0.034567731
   18.370000000   -0.022275780   -0.012239808   -0.025520203
   18.380000000   -0.018730633   -0.009656881   -0.015557249
   18.390000000   -0.015395595   -0.006997043   -0.005913890
   18.400000000   -0.013488468   -0.005424328    0.002062987
   18.410000000   -0.013900953   -0.005952752    0.007339587
   18.420000000   -0.016553530   -0.008674207    0.009615681
   18.430000000   -0.020133018   -0.012385166    0.009698082
   18.440000000   -0.022724280   -0.015183855    0.009308972
   18.450000000   -0.023038047   -0.015767784    0.010178804
   18.460000000   -0.021054246   -0.014202074    0.013071748
   18.470000000   -0.017554846   -0.011455073    0.017416487
   18.480000000   -0.013411567   -0.008555284    0.021625969
   18.490000000   -0.009301920   -0.006305274    0.023797214
   18.500000000   -0.005653492   -0.005241924    0.022545040
   18.510000000   -0.002649582   -0.005435164    0.017824345
   18.520000000   -0.000319347   -0.006487368    0.011136776
   18.530000000    0.001332879   -0.007873443    0.004641945
   18.540000000    0.002195298   -0.009254878   -0.000057762
   18.550000000    0.002073182   -0.010537741   -0.002387099
   18.560000000    0.000966063   -0.011699064   -0.002538861
   18.570000000   -0.000776369   -0.012677871   -0.001117405
   18.580000000   -0.002744384   -0.013589946    0.001190248
   18.590000000   -0.004707600   -0.014758540    0.004083152
   18.600000000   -0.006317463   -0.016168036    0.007879788
   18.610000000   -0.006858408   -0.017070106    0.013190112
   18.620000000   -0.005599542   -0.016362796    0.020437733
   18.630000000   -0.002362801   -0.013407333    0.029565349
   18.640000000    0.002331203   -0.008524312    0.039948499
   18.650000000    0.007611168   -0.002804053    0.050550884
   18.660000000    0.012588989    0.002452683    0.060192706
   18.670000000    0.016563517    0.006259709    0.067843379
   18.680000000    0.019336312    0.008281847    0.073001641
   18.690000000    0.021334771    0.008866985    0.076032387
   18.700000000    0.023208885    0.008740442    0.078056154
   18.710000000    0.025355551    0.008664970    0.080326143
   18.720000000    0.027797012    0.009225760    0.083658398
   18.730000000    0.030301046    0.010679520    0.088252896
   18.740000000    0.032551253    0.012945193    0.093791440
   18.750000000    0.034277794    0.015746658    0.099703001
   18.760000000    0.035337593    0.018721222    0.105494846
   18.770000000    0.035787132    0.021454415    0.110949119
   18.780000000    0.035881576    0.023616601    0.116019863
   18.790000000    0.035916618    0.025198153    0.120646617
   18.800000000    0.036070307    0.026553409    0.124756036
   18.810000000    0.036472840    0.028126382    0.128401237
   18.820000000    0.037375634    0.030166970    0.131722039
   18.830000000    0.039035675    0.032648799    0.134594262
   18.840000000    0.041378932    0.035378731    0.136500958
   18.850000000    0.043891159    0.038185825    0.137075306
   18.860000000    0.045835728    0.040957717    0.136764905
   18.870000000    0.046546119    0.043508898    0.136644333
   18.880000000    0.045658576    0.045520335    0.137489920
   18.890000000    0.043230852    0.046690224    0.139238947
   18.900000000    0.039759817    0.046990433    0.141343439
   18.910000000    0.036096536    0.046697385    0.143501469
   18.920000000    0.033134854    0.046082988    0.145917083
   18.930000000    0.031339123    0.045124326    0.148716188
   18.940000000    0.030601182    0.043667129    0.151313407
   18.950000000    0.030630102    0.041909656    0.152791294
   18.960000000    0.031372590    0.040536071    0.152826503
   18.970000000    0.033023794    0.040305144    0.151858256
   18.980000000    0.035738387    0.041577946    0.150406302
   18.990000000    0.039448997    0.044235357    0.148521034
   19.000000000    0.043818428    0.047877173    0.145881856
   19.010000000    0.048088769    0.051874619    0.142255143
   19.020000000    0.051224242    0.055440733    0.137885658
   19.030000000    0.052654520    0.058099748    0.133482728
   19.040000000    0.052821670    0.060132400    0.129688375
   19.050000000    0.052730052    0.062275167    0.126545361
   19.060000000    0.053052736    0.064936138    0.123549496
   19.070000000    0.053815054    0.067897936    0.120159389
   19.080000000    0.054691658    0.070657511    0.116180837
   19.090000000    0.055390466    0.072754319    0.111687640
   19.100000000    0.055769313    0.073762347    0.106756646
   19.110000000    0.055722395    0.073286489    0.101649327
   19.120000000    0.055156938    0.071190706    0.097190545
   19.130000000    0.054054826    0.067744586    0.094417908
   19.140000000    0.052429814    0.063449854    0.093878011
   19.150000000    0.050365056    0.058794722    0.095472113
   19.160000000    0.048149044    0.054216707    0.098663540
   19.170000000    0.046181598    0.050127660    0.102579009
   19.180000000    0.044744771    0.046866456    0.106120685
   19.190000000    0.043978834    0.044704885    0.108404335
   19.200000000    0.043927191    0.043836197    0.109195549
   19.210000000    0.044427518    0.044219052    0.108659424
   19.220000000    0.045080542    0.045426694    0.106670281
   19.230000000    0.045548501    0.046776046    0.102799421
   19.240000000    0.045902495    0.047778632    0.097151375
   19.250000000    0.046541246    0.048535302    0.090789358
   19.260000000    0.047726744    0.049622821    0.085137570
   19.270000000    0.049228488    0.051562154    0.081259102
   19.280000000    0.050434679    0.054448800    0.079839384
   19.290000000    0.050843372    0.058037609    0.081501771
   19.300000000    0.050507035    0.062040110    0.086672055
   19.310000000    0.050163901    0.066378393    0.095193958
   19.320000000    0.051011917    0.071233106    0.106356300
   19.330000000    0.054064909    0.076757028    0.119212216
   19.340000000    0.059385498    0.082661268    0.132726735
   19.350000000    0.065835424    0.088018318    0.145702386
   19.360000000    0.071570348    0.091473348    0.156736339
   19.370000000    0.074987373    0.091930418    0.164363938
   19.380000000    0.075489902    0.089188465    0.167295904
   19.390000000    0.073518133    0.083889665    0.164781326
   19.400000000    0.070087947    0.077045822    0.157141700
   19.410000000    0.066311131    0.069663007    0.145985269
   19.420000000    0.062978681    0.062514101    0.133753900
   19.430000000    0.060345385    0.056047450    0.123016807
   19.440000000    0.058228242    0.050474124    0.115854494
   19.450000000    0.056256334    0.045903401    0.113338542
   19.460000000    0.054099335    0.042315852    0.115228908
   19.470000000    0.051658537    0.039488676    0.120061373
   19.480000000    0.049243778    0.037227697    0.125733863
   19.490000000    0.047475924    0.035636096    0.130386402
   19.500000000    0.046797514    0.034932604    0.133046641
   19.510000000    0.047078855    0.035093334    0.133700524
   19.520000000    0.047654726    0.035757535    0.132848472
   19.530000000    0.047581250    0.036345585    0.130855270
   19.540000000    0.045990376    0.036269984    0.127623983
   19.550000000    0.042524704    0.035215330    0.122893502
   19.560000000    0.037423375    0.033169157    0.116550755
   19.570000000    0.031113826    0.030133689    0.108517776
   19.580000000    0.023950746    0.026097143    0.098800210
   19.590000000    0.016467256    0.021430917    0.087944981
   19.600000000    0.009676053    0.017046603    0.077173926
   19.610000000    0.004843662    0.013984303    0.067884377
   19.620000000    0.002849452    0.012926305    0.061207755
   19.630000000    0.003779674    0.013987676    0.057883129
   19.640000000    0.007006513    0.016645289    0.057965714
   19.650000000    0.011401498    0.019734951    0.060411653
   19.660000000    0.015525210    0.021711968    0.063350068
   19.670000000    0.018062828    0.021309605    0.065206051
   19.680000000    0.018459742    0.018257048    0.065606169
   19.690000000    0.017247222    0.013501648    0.065262480
   19.700000000    0.015707427    0.008741019    0.065176860
   19.710000000    0.015030260    0.005486923    0.065894751
   19.720000000    0.015613405    0.004278553    0.067302264
   19.730000000    0.017090599    0.004686843    0.068953450
   19.740000000    0.018935835    0.006003148    0.070502424
   19.750000000    0.020950992    0.007825228    0.072031804
   19.760000000    0.023257022    0.010069312    0.074233024
   19.770000000    0.026086094    0.012729570    0.078118983
   19.780000000    0.029660956    0.015796469    0.084226527
   19.790000000    0.034092992    0.019274260    0.091992826
   19.800000000    0.039231597    0.023117412    0.099876104
   19.810000000    0.044593849    0.027158891    0.106139516
   19.820000000    0.049659991    0.031270177    0.109883946
   19.830000000    0.054384748    0.035649289    0.111618836
   19.840000000    0.059157075    0.040637765    0.112647794
   19.850000000    0.064165957    0.046168647    0.113796505
   19.860000000    0.069104015    0.051732902    0.114933689
   19.870000000    0.073567321    0.056948461    0.115635228
   19.880000000    0.077559247    0.061960341    0.116021954
   19.890000000    0.081494856    0.067232738    0.116771028
   19.900000000    0.085756844    0.073037182    0.118357987
   19.910000000    0.090387669    0.079184119    0.120599560
   19.920000000    0.095194534    0.085137458    0.122924177
   19.930000000    0.100011176    0.090362701    0.124855905
   19.940000000    0.104838861    0.094722335    0.126419710
   19.950000000    0.109703751    0.098502904    0.128230911
   19.960000000    0.114403475    0.101956657    0.131047255
   19.970000000    0.118504522    0.104925066    0.135228301
   19.980000000    0.121553605    0.106979780    0.140706534
   19.990000000    0.123268728    0.107823385    0.147203905
   20.000000000    0.123650143    0.107509706    0.154137319
   20.010000000    0.122995739    0.106441955    0.160539203
   20.020000000    0.121788133    0.105247234    0.165356352
   20.030000000    0.120467131    0.104490991    0.167765690
   20.040000000    0.119209836    0.104372995    0.167237337
   20.050000000    0.117888023    0.104670485    0.163635571
