# energy grid [eV]     epsi_x  epsi_y  epsi_z
#
    0.050000000    0.001375506    0.001375635    0.001404098
    0.060000000    0.001651044    0.001651199    0.001685341
    0.070000000    0.001926821    0.001927002    0.001966814
    0.080000000    0.002202876    0.002203083    0.002248557
    0.090000000    0.002479250    0.002479484    0.002530609
    0.100000000    0.002755984    0.002756244    0.002813009
    0.110000000    0.003033117    0.003033405    0.003095796
    0.120000000    0.003310692    0.003311006    0.003379010
    0.130000000    0.003588748    0.003589090    0.003662690
    0.140000000    0.003867328    0.003867698    0.003946877
    0.150000000    0.004146473    0.004146870    0.004231610
    0.160000000    0.004426225    0.004426651    0.004516930
    0.170000000    0.004706627    0.004707081    0.004802879
    0.180000000    0.004987721    0.004988204    0.005089497
    0.190000000    0.005269550    0.005270063    0.005376825
    0.200000000    0.005552158    0.005552701    0.005664907
    0.210000000    0.005835589    0.005836163    0.005953784
    0.220000000    0.006119888    0.006120492    0.006243499
    0.230000000    0.006405099    0.006405735    0.006534096
    0.240000000    0.006691268    0.006691936    0.006825618
    0.250000000    0.006978441    0.006979142    0.007118110
    0.260000000    0.007266665    0.007267400    0.007411616
    0.270000000    0.007555988    0.007556757    0.007706181
    0.280000000    0.007846457    0.007847260    0.008001853
    0.290000000    0.008138121    0.008138960    0.008298678
    0.300000000    0.008431029    0.008431905    0.008596702
    0.310000000    0.008725232    0.008726145    0.008895974
    0.320000000    0.009020781    0.009021732    0.009196544
    0.330000000    0.009317728    0.009318718    0.009498459
    0.340000000    0.009616125    0.009617155    0.009801772
    0.350000000    0.009916026    0.009917097    0.010106532
    0.360000000    0.010217486    0.010218599    0.010412792
    0.370000000    0.010520560    0.010521717    0.010720605
    0.380000000    0.010825305    0.010826506    0.011030025
    0.390000000    0.011131779    0.011133026    0.011341106
    0.400000000    0.011440041    0.011441335    0.011653905
    0.410000000    0.011750150    0.011751493    0.011968479
    0.420000000    0.012062169    0.012063562    0.012284886
    0.430000000    0.012376160    0.012377604    0.012603184
    0.440000000    0.012692187    0.012693684    0.012923435
    0.450000000    0.013010315    0.013011867    0.013245701
    0.460000000    0.013330611    0.013332220    0.013570044
    0.470000000    0.013653144    0.013654811    0.013896529
    0.480000000    0.013977984    0.013979711    0.014225222
    0.490000000    0.014305201    0.014306991    0.014556190
    0.500000000    0.014634871    0.014636725    0.014889502
    0.510000000    0.014967068    0.014968988    0.015225229
    0.520000000    0.015301868    0.015303858    0.015563443
    0.530000000    0.015639352    0.015641413    0.015904218
    0.540000000    0.015979599    0.015981735    0.016247630
    0.550000000    0.016322695    0.016324908    0.016593757
    0.560000000    0.016668723    0.016671016    0.016942678
    0.570000000    0.017017772    0.017020147    0.017294475
    0.580000000    0.017369931    0.017372393    0.017649232
    0.590000000    0.017725294    0.017727846    0.018007035
    0.600000000    0.018083956    0.018086601    0.018367972
    0.610000000    0.018446015    0.018448757    0.018732135
    0.620000000    0.018811572    0.018814415    0.019099617
    0.630000000    0.019180731    0.019183679    0.019470515
    0.640000000    0.019553599    0.019556657    0.019844926
    0.650000000    0.019930287    0.019933458    0.020222953
    0.660000000    0.020310907    0.020314198    0.020604700
    0.670000000    0.020695578    0.020698993    0.020990275
    0.680000000    0.021084421    0.021087965    0.021379790
    0.690000000    0.021477560    0.021481239    0.021773358
    0.700000000    0.021875124    0.021878945    0.022171099
    0.710000000    0.022277248    0.022281217    0.022573133
    0.720000000    0.022684068    0.022688192    0.022979587
    0.730000000    0.023095727    0.023100013    0.023390590
    0.740000000    0.023512372    0.023516828    0.023806277
    0.750000000    0.023934156    0.023938790    0.024226785
    0.760000000    0.024361237    0.024366057    0.024652258
    0.770000000    0.024793778    0.024798794    0.025082844
    0.780000000    0.025231949    0.025237171    0.025518696
    0.790000000    0.025675925    0.025681362    0.025959973
    0.800000000    0.026125889    0.026131553    0.026406838
    0.810000000    0.026582029    0.026587931    0.026859462
    0.820000000    0.027044541    0.027050694    0.027318021
    0.830000000    0.027513630    0.027520048    0.027782696
    0.840000000    0.027989508    0.027996203    0.028253679
    0.850000000    0.028472393    0.028479382    0.028731165
    0.860000000    0.028962516    0.028969814    0.029215358
    0.870000000    0.029460114    0.029467739    0.029706470
    0.880000000    0.029965437    0.029973405    0.030204721
    0.890000000    0.030478741    0.030487074    0.030710341
    0.900000000    0.031000296    0.031009015    0.031223567
    0.910000000    0.031530384    0.031539510    0.031744647
    0.920000000    0.032069297    0.032078854    0.032273840
    0.930000000    0.032617341    0.032627356    0.032811413
    0.940000000    0.033174835    0.033185335    0.033357648
    0.950000000    0.033742115    0.033753129    0.033912835
    0.960000000    0.034319528    0.034331089    0.034477281
    0.970000000    0.034907440    0.034919581    0.035051303
    0.980000000    0.035506234    0.035518993    0.035635234
    0.990000000    0.036116310    0.036129726    0.036229420
    1.000000000    0.036738088    0.036752205    0.036834226
    1.010000000    0.037372010    0.037386873    0.037450031
    1.020000000    0.038018537    0.038034197    0.038077234
    1.030000000    0.038678156    0.038694666    0.038716251
    1.040000000    0.039351377    0.039368795    0.039367519
    1.050000000    0.040038738    0.040057128    0.040031496
    1.060000000    0.040740803    0.040760233    0.040708666
    1.070000000    0.041458168    0.041478713    0.041399531
    1.080000000    0.042191461    0.042213202    0.042104626
    1.090000000    0.042941345    0.042964370    0.042824507
    1.100000000    0.043708518    0.043732923    0.043559764
    1.110000000    0.044493720    0.044519610    0.044311017
    1.120000000    0.045297733    0.045325221    0.045078920
    1.130000000    0.046121384    0.046150594    0.045864162
    1.140000000    0.046965549    0.046996618    0.046667471
    1.150000000    0.047831159    0.047864236    0.047489618
    1.160000000    0.048719200    0.048754448    0.048331415
    1.170000000    0.049630720    0.049668319    0.049193727
    1.180000000    0.050566835    0.050606983    0.050077466
    1.190000000    0.051528733    0.051571647    0.050983600
    1.200000000    0.052517679    0.052563598    0.051913160
    1.210000000    0.053535023    0.053584211    0.052867238
    1.220000000    0.054582208    0.054634959    0.053846997
    1.230000000    0.055660777    0.055717414    0.054853677
    1.240000000    0.056772382    0.056833265    0.055888597
    1.250000000    0.057918795    0.057984322    0.056953170
    1.260000000    0.059101917    0.059172532    0.058048899
    1.270000000    0.060323794    0.060399992    0.059177399
    1.280000000    0.061586626    0.061668959    0.060340396
    1.290000000    0.062892787    0.062981873    0.061539742
    1.300000000    0.064244838    0.064341370    0.062777428
    1.310000000    0.065645552    0.065750307    0.064055593
    1.320000000    0.067097931    0.067211783    0.065376544
    1.330000000    0.068605232    0.068729167    0.066742769
    1.340000000    0.070170996    0.070306128    0.068156954
    1.350000000    0.071799079    0.071946670    0.069622010
    1.360000000    0.073493690    0.073655170    0.071141090
    1.370000000    0.075259429    0.075436427    0.072717620
    1.380000000    0.077101338    0.077295710    0.074355326
    1.390000000    0.079024950    0.079238819    0.076058272
    1.400000000    0.081036358    0.081272156    0.077830897
    1.410000000    0.083142282    0.083402808    0.079678059
    1.420000000    0.085350156    0.085638632    0.081605089
    1.430000000    0.087668223    0.087988378    0.083617849
    1.440000000    0.090105648    0.090461806    0.085722800
    1.450000000    0.092672657    0.093069848    0.087927082
    1.460000000    0.095380687    0.095824786    0.090238608
    1.470000000    0.098242574    0.098740465    0.092666170
    1.480000000    0.101272777    0.101832554    0.095219564
    1.490000000    0.104487637    0.105118859    0.097909744
    1.500000000    0.107905694    0.108619693    0.100748996
    1.510000000    0.111548071    0.112358339    0.103751146
    1.520000000    0.115438934    0.116361607    0.106931814
    1.530000000    0.119606055    0.120660524    0.110308714
    1.540000000    0.124081508    0.125291190    0.113902016
    1.550000000    0.128902524    0.130295848    0.117734793
    1.560000000    0.134112555    0.135724223    0.121833552
    1.570000000    0.139762606    0.141635230    0.126228907
    1.580000000    0.145912926    0.148099147    0.130956395
    1.590000000    0.152635143    0.155200416    0.136057505
    1.600000000    0.160015019    0.163041287    0.141580964
    1.610000000    0.168156003    0.171746582    0.147584368
    1.620000000    0.177183864    0.181470000    0.154136266
    1.630000000    0.187252802    0.192402520    0.161318838
    1.640000000    0.198553536    0.204783679    0.169231379
    1.650000000    0.211324139    0.218916841    0.177994855
    1.660000000    0.225864607    0.235189941    0.187757929
    1.670000000    0.242556574    0.254103709    0.198704968
    1.680000000    0.261889966    0.276309881    0.211066787
    1.690000000    0.284498815    0.302662003    0.225135083
    1.700000000    0.311208353    0.334280252    0.241281822
    1.710000000    0.343093998    0.372626404    0.259985037
    1.720000000    0.381546956    0.419569159    0.281862222
    1.730000000    0.428324706    0.477378744    0.307710922
    1.740000000    0.485524408    0.548494895    0.338550769
    1.750000000    0.555335002    0.634734081    0.375646789
    1.760000000    0.639305416    0.735405827    0.420460150
    1.770000000    0.736859485    0.844091313    0.474408000
    1.780000000    0.843340820    0.945841547    0.538240721
    1.790000000    0.949213773    1.020139298    0.610940981
    1.800000000    1.042475115    1.052850706    0.688780271
    1.810000000    1.114025961    1.047101938    0.766535999
    1.820000000    1.163606232    1.020190266    0.842088490
    1.830000000    1.201437496    0.991986913    0.920054997
    1.840000000    1.240139642    0.976318581    1.008271634
    1.850000000    1.282257378    0.977860309    1.109356155
    1.860000000    1.316004395    0.993497245    1.214814258
    1.870000000    1.325366343    1.017414170    1.306888281
    1.880000000    1.306975142    1.047120487    1.368518397
    1.890000000    1.275196469    1.084973655    1.391681553
    1.900000000    1.250953397    1.135016299    1.375936223
    1.910000000    1.250309055    1.201038573    1.327086985
    1.920000000    1.281526567    1.286290715    1.260387466
    1.930000000    1.345381074    1.390278430    1.196690802
    1.940000000    1.434603525    1.504534395    1.152675319
    1.950000000    1.534837978    1.615180525    1.136308252
    1.960000000    1.631041797    1.713772973    1.149102587
    1.970000000    1.716385112    1.803782053    1.190414448
    1.980000000    1.792120494    1.891193700    1.259784494
    1.990000000    1.855242382    1.969430712    1.356379484
    2.000000000    1.890530409    2.019217539    1.478204001
    2.010000000    1.880807588    2.027214076    1.621670455
    2.020000000    1.823842552    2.000358240    1.776758269
    2.030000000    1.735345300    1.956502363    1.918436749
    2.040000000    1.636847301    1.906024896    2.009028824
    2.050000000    1.544033784    1.847191748    2.022731731
    2.060000000    1.465509694    1.775871911    1.970661080
    2.070000000    1.407385545    1.696209969    1.892266264
    2.080000000    1.376180870    1.622850288    1.823838453
    2.090000000    1.377917360    1.573794782    1.778972602
    2.100000000    1.415725509    1.561382943    1.750239761
    2.110000000    1.488273703    1.588145192    1.724530950
    2.120000000    1.588839985    1.646511032    1.700334687
    2.130000000    1.705742168    1.721254343    1.691449630
    2.140000000    1.827314854    1.797549346    1.716045407
    2.150000000    1.948593372    1.871172583    1.785476423
    2.160000000    2.068064822    1.947153765    1.899239103
    2.170000000    2.175765395    2.025771437    2.043214452
    2.180000000    2.252821797    2.094505813    2.192250978
    2.190000000    2.288567509    2.136300843    2.320972731
    2.200000000    2.291885047    2.142750357    2.415164151
    2.210000000    2.280721100    2.117656960    2.468603059
    2.220000000    2.267280865    2.072633325    2.471852217
    2.230000000    2.255963224    2.022245084    2.416024652
    2.240000000    2.247210293    1.978837262    2.307704884
    2.250000000    2.239270131    1.949414010    2.170651023
    2.260000000    2.230718702    1.937858376    2.034495199
    2.270000000    2.222508771    1.946687729    1.923633011
    2.280000000    2.215742273    1.974229354    1.850353927
    2.290000000    2.207127635    2.012826901    1.814439564
    2.300000000    2.189963046    2.054328462    1.809769936
    2.310000000    2.164414475    2.098646397    1.833618934
    2.320000000    2.142734545    2.152369430    1.890276711
    2.330000000    2.139027833    2.217212555    1.984839507
    2.340000000    2.157520930    2.284583606    2.113267207
    2.350000000    2.191257356    2.342599408    2.257455890
    2.360000000    2.225563235    2.382672129    2.390300401
    2.370000000    2.242385642    2.398974937    2.487956675
    2.380000000    2.229667465    2.390510292    2.539568963
    2.390000000    2.191085185    2.366641246    2.551602592
    2.400000000    2.143817707    2.343883774    2.543991959
    2.410000000    2.104716405    2.333176198    2.532416142
    2.420000000    2.080930955    2.333273527    2.512849931
    2.430000000    2.073996456    2.337932710    2.469973784
    2.440000000    2.086823752    2.343705748    2.401854479
    2.450000000    2.123223632    2.348611816    2.330324079
    2.460000000    2.184675106    2.350893787    2.285765201
    2.470000000    2.268522043    2.351026237    2.287908885
    2.480000000    2.366219255    2.350604069    2.339216233
    2.490000000    2.464171028    2.350214746    2.426605591
    2.500000000    2.547417192    2.349159054    2.524717375
    2.510000000    2.601805878    2.345182677    2.604149742
    2.520000000    2.616390024    2.335200437    2.647728697
    2.530000000    2.590094644    2.320049960    2.659887561
    2.540000000    2.536419036    2.308504638    2.655438730
    2.550000000    2.478049187    2.312253446    2.640417895
    2.560000000    2.433299447    2.334499051    2.607540175
    2.570000000    2.406410143    2.364053118    2.549158435
    2.580000000    2.390621579    2.382042341    2.469026884
    2.590000000    2.377444586    2.375738575    2.381751229
    2.600000000    2.361128101    2.346678678    2.306462540
    2.610000000    2.340115582    2.308889628    2.260517807
    2.620000000    2.319248373    2.281533970    2.253397905
    2.630000000    2.306850611    2.278555492    2.281567212
    2.640000000    2.307947454    2.300531895    2.326524544
    2.650000000    2.322075622    2.335490837    2.361764217
    2.660000000    2.345923960    2.368937896    2.370113905
    2.670000000    2.376374512    2.394542611    2.356069778
    2.680000000    2.410031244    2.414539293    2.338026221
    2.690000000    2.439738707    2.431304594    2.332388350
    2.700000000    2.455414847    2.442841290    2.347748138
    2.710000000    2.451182533    2.446986167    2.386466485
    2.720000000    2.430613419    2.447042314    2.447163038
    2.730000000    2.404685178    2.451215638    2.529129020
    2.740000000    2.385616027    2.465871969    2.635214578
    2.750000000    2.381528878    2.489784781    2.765397409
    2.760000000    2.393457936    2.513899795    2.903148294
    2.770000000    2.414677845    2.525371350    3.012354228
    2.780000000    2.434863774    2.516234799    3.058276552
    2.790000000    2.448378313    2.492134842    3.034671597
    2.800000000    2.458995231    2.470546975    2.963534778
    2.810000000    2.476462783    2.470129523    2.871738973
    2.820000000    2.507638989    2.500584925    2.778571765
    2.830000000    2.550497035    2.557972494    2.701827143
    2.840000000    2.596521169    2.627880990    2.661421482
    2.850000000    2.637138752    2.693379259    2.670560751
    2.860000000    2.665950191    2.739788561    2.726167467
    2.870000000    2.677339424    2.757585411    2.807320980
    2.880000000    2.669127414    2.748616187    2.880671950
    2.890000000    2.646939996    2.727070591    2.913522661
    2.900000000    2.621348315    2.708781227    2.892734383
    2.910000000    2.599400730    2.699020754    2.831766558
    2.920000000    2.581267528    2.691201113    2.756067938
    2.930000000    2.564599865    2.675851245    2.688280624
    2.940000000    2.549376744    2.649732716    2.647649993
    2.950000000    2.538269862    2.618820484    2.649630116
    2.960000000    2.534257432    2.595283252    2.698360117
    2.970000000    2.538014493    2.590079579    2.781471829
    2.980000000    2.547654455    2.606347782    2.872251127
    2.990000000    2.562245980    2.639334992    2.936498029
    3.000000000    2.583403814    2.679495117    2.944111766
    3.010000000    2.612594713    2.713210247    2.886575152
    3.020000000    2.650072324    2.724928648    2.786602221
    3.030000000    2.695683279    2.704278210    2.683843500
    3.040000000    2.746479134    2.651854834    2.609985753
    3.050000000    2.794310086    2.577657770    2.577628358
    3.060000000    2.829242403    2.494758055    2.585688676
    3.070000000    2.845087704    2.413866424    2.627382505
    3.080000000    2.839625297    2.340551739    2.690810073
    3.090000000    2.811793333    2.275935389    2.757330310
    3.100000000    2.762224643    2.220917629    2.807034392
    3.110000000    2.695677154    2.179504223    2.828266625
    3.120000000    2.620706947    2.158061664    2.820297987
    3.130000000    2.547065741    2.162877298    2.787765345
    3.140000000    2.484252445    2.198928424    2.738505394
    3.150000000    2.440483132    2.269089974    2.687806203
    3.160000000    2.422117734    2.372885392    2.657102460
    3.170000000    2.434154018    2.504994497    2.662812716
    3.180000000    2.477935861    2.653576906    2.706904141
    3.190000000    2.546234577    2.800402947    2.777273745
    3.200000000    2.622174505    2.925768719    2.855421435
    3.210000000    2.685958638    3.017805127    2.925349265
    3.220000000    2.726072320    3.079129541    2.977836001
    3.230000000    2.743947825    3.121892481    3.009001435
    3.240000000    2.745951515    3.153248696    3.019236959
    3.250000000    2.736311865    3.168127665    3.017093809
    3.260000000    2.720796297    3.158050282    3.019579785
    3.270000000    2.709366268    3.122965422    3.040864280
    3.280000000    2.711167355    3.073677292    3.078088343
    3.290000000    2.728502430    3.024761853    3.110413698
    3.300000000    2.753961002    2.983380655    3.115720518
    3.310000000    2.772211560    2.943087263    3.088976236
    3.320000000    2.768837934    2.890521376    3.042613851
    3.330000000    2.742135070    2.820718706    2.993063872
    3.340000000    2.706067696    2.744224979    2.954097608
    3.350000000    2.680196413    2.678001441    2.938258423
    3.360000000    2.678001895    2.633468562    2.953666579
    3.370000000    2.702978243    2.613344065    2.995661336
    3.380000000    2.749418962    2.613101741    3.042710046
    3.390000000    2.806013883    2.623633665    3.067108764
    3.400000000    2.861444156    2.635332049    3.056216067
    3.410000000    2.905565476    2.640155937    3.021492385
    3.420000000    2.926538082    2.631788516    2.987499215
    3.430000000    2.913129091    2.608143431    2.976465754
    3.440000000    2.863917647    2.574617434    2.998919029
    3.450000000    2.791657776    2.541853237    3.050478654
    3.460000000    2.716716902    2.519869757    3.113589478
    3.470000000    2.659494286    2.516746601    3.165346917
    3.480000000    2.635485883    2.539426291    3.188098731
    3.490000000    2.649672067    2.590538366    3.174657030
    3.500000000    2.693628752    2.665002713    3.128285468
    3.510000000    2.748775058    2.749574483    3.062092483
    3.520000000    2.794567538    2.824203734    2.994629513
    3.530000000    2.818111632    2.867633596    2.939401308
    3.540000000    2.817965873    2.867853143    2.896075143
    3.550000000    2.799416817    2.830164971    2.852719235
    3.560000000    2.767911802    2.773161467    2.797269019
    3.570000000    2.727770213    2.716940543    2.728338942
    3.580000000    2.686566643    2.677694597    2.658456757
    3.590000000    2.657660677    2.667648188    2.608820236
    3.600000000    2.654982893    2.691878309    2.599897037
    3.610000000    2.683936736    2.744122734    2.643419241
    3.620000000    2.737484573    2.809476388    2.738174089
    3.630000000    2.801742142    2.874246677    2.869963514
    3.640000000    2.864972384    2.931897651    3.016147341
    3.650000000    2.920344602    2.978230622    3.153292124
    3.660000000    2.964033825    3.006690892    3.265527130
    3.670000000    2.996033996    3.013732653    3.351566558
    3.680000000    3.020888754    3.004859703    3.423421721
    3.690000000    3.042826182    2.991164468    3.492798467
    3.700000000    3.060036048    2.980949410    3.558056682
    3.710000000    3.065808567    2.974664522    3.604663011
    3.720000000    3.054565224    2.965623303    3.614773547
    3.730000000    3.026176615    2.945029524    3.576843734
    3.740000000    2.984209562    2.907810520    3.492306470
    3.750000000    2.931086452    2.856515373    3.377714017
    3.760000000    2.868244588    2.801392822    3.257733899
    3.770000000    2.801408534    2.756650942    3.153890521
    3.780000000    2.742650862    2.735425130    3.078254817
    3.790000000    2.704760578    2.744864578    3.031580172
    3.800000000    2.694206845    2.784726582    3.006315057
    3.810000000    2.710150438    2.851215072    2.995951896
    3.820000000    2.748275038    2.940261898    3.003479497
    3.830000000    2.803898597    3.045923002    3.037704754
    3.840000000    2.871392187    3.156712059    3.099449819
    3.850000000    2.940837639    3.254282991    3.173781472
    3.860000000    2.997053765    3.318012693    3.237465694
    3.870000000    3.025791778    3.335054678    3.274557072
    3.880000000    3.022605395    3.307590707    3.284893378
    3.890000000    2.995002034    3.249257969    3.277849447
    3.900000000    2.956721564    3.174602538    3.261001424
    3.910000000    2.920510971    3.093364270    3.238505971
    3.920000000    2.894769595    3.013126305    3.216546203
    3.930000000    2.884259998    2.941220999    3.202109501
    3.940000000    2.890540114    2.881245324    3.196693573
    3.950000000    2.910743345    2.830572540    3.195333945
    3.960000000    2.938515703    2.783994822    3.191145074
    3.970000000    2.967300847    2.740374414    3.181729310
    3.980000000    2.992524167    2.705042784    3.170175395
    3.990000000    3.012649694    2.685573102    3.157611889
    4.000000000    3.031309733    2.686616908    3.141756793
    4.010000000    3.057039124    2.708055610    3.125962426
    4.020000000    3.095797413    2.743809872    3.121164748
    4.030000000    3.142417701    2.781344096    3.136500217
    4.040000000    3.181775921    2.806434604    3.172170227
    4.050000000    3.199056798    2.810244431    3.218314914
    4.060000000    3.187654560    2.791708047    3.257320828
    4.070000000    3.149461408    2.757087821    3.271190244
    4.080000000    3.091790172    2.719310416    3.252904595
    4.090000000    3.024730942    2.694485883    3.213283445
    4.100000000    2.960608973    2.697169057    3.176670631
    4.110000000    2.913805878    2.737835466    3.169305194
    4.120000000    2.896531221    2.820987785    3.207634500
    4.130000000    2.912887464    2.942637655    3.291300707
    4.140000000    2.957178892    3.089499028    3.403936945
    4.150000000    3.017359190    3.242262798    3.521198139
    4.160000000    3.080125043    3.381394294    3.620796179
    4.170000000    3.133797196    3.491535218    3.689172442
    4.180000000    3.169407688    3.564346261    3.721093130
    4.190000000    3.183283455    3.601094790    3.715033147
    4.200000000    3.179251188    3.610630181    3.673658979
    4.210000000    3.165655272    3.602242761    3.608849644
    4.220000000    3.149539006    3.582015829    3.541184971
    4.230000000    3.134003729    3.554763186    3.490047629
    4.240000000    3.120089783    3.524381011    3.463027783
    4.250000000    3.108746424    3.489575152    3.455563020
    4.260000000    3.101681989    3.444263976    3.459926781
    4.270000000    3.103360760    3.387191069    3.472426001
    4.280000000    3.120366198    3.326910230    3.491457915
    4.290000000    3.155726386    3.273976149    3.513316848
    4.300000000    3.204446943    3.232043578    3.534576487
    4.310000000    3.255184300    3.197545666    3.555301601
    4.320000000    3.295774296    3.163699038    3.573816334
    4.330000000    3.317509558    3.123841181    3.581008239
    4.340000000    3.316885091    3.075451507    3.567534687
    4.350000000    3.296927062    3.023640196    3.534841609
    4.360000000    3.267278867    2.979283506    3.495120022
    4.370000000    3.240802767    2.952296003    3.464006805
    4.380000000    3.227844682    2.945974774    3.453881167
    4.390000000    3.232058566    2.957049938    3.470731726
    4.400000000    3.251800750    2.981907617    3.514613283
    4.410000000    3.284785510    3.022954609    3.578271592
    4.420000000    3.328383268    3.086847873    3.643942903
    4.430000000    3.376544405    3.176734936    3.687256233
    4.440000000    3.421303459    3.287915260    3.690072392
    4.450000000    3.457970449    3.408549004    3.653444970
    4.460000000    3.486223597    3.521771748    3.598976943
    4.470000000    3.506942096    3.610394544    3.554645756
    4.480000000    3.519847144    3.663999839    3.536261869
    4.490000000    3.522151623    3.681439854    3.539521970
    4.500000000    3.506938064    3.664492795    3.546217906
    4.510000000    3.465228642    3.611533953    3.538018641
    4.520000000    3.394481177    3.522603184    3.507735437
    4.530000000    3.305748239    3.409254768    3.460163882
    4.540000000    3.220201863    3.293894993    3.405559287
    4.550000000    3.157367288    3.198234904    3.354325839
    4.560000000    3.126513463    3.133828347    3.314242353
    4.570000000    3.128913021    3.103209293    3.290724134
    4.580000000    3.165085871    3.106192263    3.292022054
    4.590000000    3.235712665    3.141309006    3.330813244
    4.600000000    3.336163954    3.202489729    3.415914491
    4.610000000    3.453764640    3.278611579    3.543894505
    4.620000000    3.572865031    3.359391314    3.699694786
    4.630000000    3.682578915    3.441948058    3.863172826
    4.640000000    3.778840896    3.529831561    4.015699415
    4.650000000    3.859780998    3.624949538    4.144205360
    4.660000000    3.921007075    3.721697688    4.242333911
    4.670000000    3.956814822    3.809065236    4.310449541
    4.680000000    3.964981188    3.877030983    4.354531593
    4.690000000    3.949615909    3.922325118    4.381664232
    4.700000000    3.919337729    3.950181456    4.393387927
    4.710000000    3.882741040    3.970142438    4.381919039
    4.720000000    3.845708504    3.989228041    4.335557149
    4.730000000    3.812381737    4.009729791    4.252542158
    4.740000000    3.788719801    4.034586804    4.149627278
    4.750000000    3.783780989    4.072252438    4.055481128
    4.760000000    3.804233565    4.130922912    3.995268593
    4.770000000    3.847233182    4.207869700    3.979522132
    4.780000000    3.901359687    4.288540190    4.003249816
    4.790000000    3.953789522    4.354221339    4.049584420
    4.800000000    3.993832823    4.386819440    4.092799140
    4.810000000    4.013023975    4.373022199    4.106110866
    4.820000000    4.007453271    4.311754700    4.077485304
    4.830000000    3.980929371    4.215946462    4.019385608
    4.840000000    3.945816019    4.106965136    3.957978379
    4.850000000    3.919865854    4.008349109    3.914302679
    4.860000000    3.919303984    3.939934029    3.898222071
    4.870000000    3.952511751    3.912249919    3.912894743
    4.880000000    4.018000475    3.922914630    3.957701640
    4.890000000    4.107637218    3.958346237    4.028111864
    4.900000000    4.211894883    4.002221367    4.116984364
    4.910000000    4.320865825    4.043915525    4.217707065
    4.920000000    4.421737176    4.079441951    4.321687540
    4.930000000    4.500467923    4.107847794    4.410259910
    4.940000000    4.549386870    4.130015646    4.458117897
    4.950000000    4.571782613    4.149384354    4.453170224
    4.960000000    4.576991716    4.170080617    4.407725689
    4.970000000    4.572628241    4.193678618    4.346480222
    4.980000000    4.563691387    4.220429355    4.290966341
    4.990000000    4.556194534    4.253991158    4.255396333
    5.000000000    4.558033641    4.302540973    4.246307927
    5.010000000    4.577618810    4.375883445    4.260315123
    5.020000000    4.622536241    4.482730467    4.284437010
    5.030000000    4.698241892    4.628900757    4.301511594
    5.040000000    4.807865535    4.816497942    4.298632072
    5.050000000    4.953553870    5.044335602    4.273611769
    5.060000000    5.136218209    5.305937867    4.236271993
    5.070000000    5.350670838    5.584201804    4.205110964
    5.080000000    5.580159158    5.850930998    4.201339711
    5.090000000    5.798124936    6.075538521    4.243598299
    5.100000000    5.977916028    6.235120609    4.344019220
    5.110000000    6.102611249    6.319224008    4.505412243
    5.120000000    6.168864159    6.332228717    4.720691604
    5.130000000    6.185199709    6.292654661    4.972283846
    5.140000000    6.166932281    6.224932782    5.230055373
    5.150000000    6.129590234    6.150166334    5.454616344
    5.160000000    6.083496622    6.083010477    5.612811093
    5.170000000    6.033433670    6.032525684    5.696285560
    5.180000000    5.983957163    6.004040265    5.723008596
    5.190000000    5.944525376    6.001281533    5.719006193
    5.200000000    5.927101161    6.026107684    5.702337705
    5.210000000    5.939175211    6.075841247    5.683258212
    5.220000000    5.981576446    6.143021006    5.669914991
    5.230000000    6.052024114    6.219654097    5.667700287
    5.240000000    6.147529254    6.301920270    5.676825103
    5.250000000    6.261711189    6.389593075    5.694846938
    5.260000000    6.381383686    6.480542242    5.718857269
    5.270000000    6.488241057    6.566421435    5.742951138
    5.280000000    6.565379685    6.635239581    5.757008584
    5.290000000    6.606349483    6.681264475    5.752842241
    5.300000000    6.621233555    6.711599226    5.733166743
    5.310000000    6.631976689    6.739957293    5.712650565
    5.320000000    6.662103285    6.777586638    5.709854368
    5.330000000    6.730088311    6.831983624    5.737677278
    5.340000000    6.845682929    6.908641122    5.799535260
    5.350000000    7.008466000    7.010407210    5.893281278
    5.360000000    7.210037232    7.137051686    6.017269590
    5.370000000    7.436822847    7.287371877    6.171471871
    5.380000000    7.672128303    7.459722084    6.353094984
    5.390000000    7.900606224    7.649292654    6.553244577
    5.400000000    8.113407889    7.846760150    6.759858555
    5.410000000    8.309213608    8.040451315    6.963490434
    5.420000000    8.490234326    8.219532793    7.160368902
    5.430000000    8.652768561    8.373649047    7.353003061
    5.440000000    8.780417008    8.490935260    7.550139875
    5.450000000    8.853615534    8.563408518    7.764534911
    5.460000000    8.867907568    8.596761933    8.008257535
    5.470000000    8.839420795    8.610783825    8.288671133
    5.480000000    8.794427733    8.629064500    8.606354734
    5.490000000    8.757038478    8.669805091    8.955548166
    5.500000000    8.743865056    8.741779410    9.326145092
    5.510000000    8.762170881    8.838955251    9.704589048
    5.520000000    8.808085984    8.937476616   10.074701453
    5.530000000    8.869068449    9.007280892   10.420475709
    5.540000000    8.929345040    9.031160435   10.730987514
    5.550000000    8.973129819    9.011562873   11.006126337
    5.560000000    8.988702933    8.965081614   11.257112260
    5.570000000    8.974710421    8.914821356   11.498355327
    5.580000000    8.940956745    8.881788349   11.739017854
    5.590000000    8.901060152    8.877178646   11.979936154
    5.600000000    8.863587506    8.898741155   12.210464864
    5.610000000    8.830017210    8.933262720   12.407631242
    5.620000000    8.800696834    8.966851360   12.548529989
    5.630000000    8.778182469    8.993144259   12.628119229
    5.640000000    8.761153891    9.007947974   12.659728490
    5.650000000    8.739130201    9.001049153   12.656505392
    5.660000000    8.699194731    8.961948442   12.618623456
    5.670000000    8.638912845    8.893912368   12.542820990
    5.680000000    8.570732565    8.816718842   12.436594664
    5.690000000    8.513902250    8.753356010   12.316460477
    5.700000000    8.484395576    8.717789506   12.200466834
    5.710000000    8.488634555    8.711619721   12.105767706
    5.720000000    8.519491674    8.722680731   12.046614211
    5.730000000    8.558231490    8.728247737   12.031629078
    5.740000000    8.583575540    8.706550853   12.058384637
    5.750000000    8.582562072    8.648911984   12.107305110
    5.760000000    8.556648185    8.563572146   12.149563703
    5.770000000    8.517700770    8.468508028   12.166337500
    5.780000000    8.476551524    8.378929686   12.156945529
    5.790000000    8.436665356    8.300993397   12.130291458
    5.800000000    8.399176436    8.235423144   12.092859228
    5.810000000    8.369014721    8.183347775   12.043346461
    5.820000000    8.353802534    8.147982495   11.976533942
    5.830000000    8.359942169    8.132291382   11.893558339
    5.840000000    8.391052046    8.137609567   11.807711022
    5.850000000    8.445865489    8.163949174   11.735549717
    5.860000000    8.511796760    8.206266988   11.680118579
    5.870000000    8.560706393    8.249155498   11.623230695
    5.880000000    8.558455351    8.271362033   11.538581583
    5.890000000    8.487212258    8.260947411   11.419066225
    5.900000000    8.359023318    8.223481967   11.286968079
    5.910000000    8.205281526    8.172268088   11.170744395
    5.920000000    8.056207581    8.114771055   11.077801619
    5.930000000    7.929800972    8.051469335   10.994963596
    5.940000000    7.832731878    7.983971329   10.911511762
    5.950000000    7.764923117    7.918592925   10.835392779
    5.960000000    7.721800343    7.861189928   10.786676070
    5.970000000    7.696057879    7.812767844   10.781339515
    5.980000000    7.680990845    7.771436584   10.821221313
    5.990000000    7.674284022    7.738961228   10.893659065
    6.000000000    7.680220291    7.725886213   10.977979755
    6.010000000    7.706283826    7.746428980   11.053453752
    6.020000000    7.754973464    7.805641272   11.106013444
    6.030000000    7.819721470    7.893033855   11.131707880
    6.040000000    7.889445938    7.988572091   11.132803554
    6.050000000    7.954658068    8.072404439   11.110613658
    6.060000000    8.007709702    8.129813639   11.063701386
    6.070000000    8.042413765    8.153862728   10.990991342
    6.080000000    8.057975013    8.147398009   10.895440546
    6.090000000    8.060676530    8.119952485   10.786678366
    6.100000000    8.060610608    8.081707377   10.681586953
    6.110000000    8.067506961    8.040612558   10.599055683
    6.120000000    8.088093928    8.003751563   10.550064913
    6.130000000    8.125799519    7.979672090   10.533589220
    6.140000000    8.181919148    7.978433788   10.542252290
    6.150000000    8.255268774    8.008410751   10.567404090
    6.160000000    8.340377224    8.071164696   10.597625230
    6.170000000    8.428335801    8.159470733   10.619960307
    6.180000000    8.510729878    8.261081029   10.627124981
    6.190000000    8.583343772    8.364749461   10.618394452
    6.200000000    8.647686187    8.465288942   10.593098377
    6.210000000    8.708905829    8.564268977   10.547154056
    6.220000000    8.772144286    8.664788596   10.476047454
    6.230000000    8.842141648    8.767633547   10.382307820
    6.240000000    8.924539131    8.874551214   10.281378534
    6.250000000    9.023528338    8.990989712   10.197990839
    6.260000000    9.136565565    9.120839853   10.153256683
    6.270000000    9.252815003    9.259384245   10.152259248
    6.280000000    9.358338736    9.392479466   10.181798311
    6.290000000    9.443903509    9.502747939   10.219391505
    6.300000000    9.509105830    9.579484595   10.242593066
    6.310000000    9.558383395    9.624380609   10.230939281
    6.320000000    9.591566613    9.647406135   10.171518387
    6.330000000    9.600194430    9.657986123   10.070194097
    6.340000000    9.575695902    9.660709222    9.947738260
    6.350000000    9.520448901    9.657819707    9.821166103
    6.360000000    9.449864294    9.654253424    9.697418762
    6.370000000    9.384374318    9.659726141    9.581098494
    6.380000000    9.338077566    9.683017416    9.476209384
    6.390000000    9.311193693    9.721585012    9.382546298
    6.400000000    9.291914149    9.758857268    9.296665721
    6.410000000    9.267441783    9.775682539    9.217744101
    6.420000000    9.235384664    9.764892206    9.153308413
    6.430000000    9.205287083    9.732438572    9.118341133
    6.440000000    9.188199057    9.685013691    9.126475807
    6.450000000    9.184338234    9.620913967    9.178569000
    6.460000000    9.182186446    9.534647327    9.256734118
    6.470000000    9.169723814    9.427492281    9.330850984
    6.480000000    9.144531255    9.310194262    9.372551660
    6.490000000    9.112981107    9.194810056    9.363754051
    6.500000000    9.084032916    9.088089505    9.300694038
    6.510000000    9.065252481    8.993796173    9.197603447
    6.520000000    9.059190142    8.914814257    9.081342156
    6.530000000    9.060429990    8.850064060    8.977026200
    6.540000000    9.060635916    8.794531629    8.900028303
    6.550000000    9.058336733    8.744303641    8.858860548
    6.560000000    9.060000333    8.698664149    8.856966208
    6.570000000    9.070778989    8.657351726    8.890928195
    6.580000000    9.086770736    8.618355745    8.952830906
    6.590000000    9.096368910    8.578667828    9.033260771
    6.600000000    9.086589703    8.535462882    9.120554327
    6.610000000    9.048830490    8.486971270    9.202407339
    6.620000000    8.983549743    8.433995106    9.270268724
    6.630000000    8.899926367    8.379459237    9.319564346
    6.640000000    8.808415920    8.325941089    9.348276347
    6.650000000    8.715028878    8.275111489    9.357522843
    6.660000000    8.621524406    8.227662969    9.347709832
    6.670000000    8.526679826    8.181547934    9.314362307
    6.680000000    8.427779007    8.132663375    9.254657796
    6.690000000    8.322666999    8.079500665    9.174597546
    6.700000000    8.211587717    8.026759131    9.087583665
    6.710000000    8.098878862    7.983081591    9.010624210
    6.720000000    7.991963648    7.954453363    8.958621887
    6.730000000    7.896237525    7.938783537    8.937205870
    6.740000000    7.811312130    7.925612109    8.940452727
    6.750000000    7.734139669    7.902408689    8.954062828
    6.760000000    7.665096497    7.863648408    8.962432291
    6.770000000    7.608412818    7.813637241    8.955567166
    6.780000000    7.566831870    7.761108539    8.929839831
    6.790000000    7.537795551    7.713294448    8.884384566
    6.800000000    7.514863442    7.673818654    8.818248131
    6.810000000    7.492440580    7.643685552    8.731193741
    6.820000000    7.468871361    7.622936187    8.627007929
    6.830000000    7.444657921    7.609349901    8.514762221
    6.840000000    7.418585993    7.595834032    8.406024344
    6.850000000    7.386688169    7.573028890    8.310386529
    6.860000000    7.345738037    7.537647017    8.234533043
    6.870000000    7.297658809    7.497147506    8.183988609
    6.880000000    7.249319718    7.464390228    8.161456697
    6.890000000    7.208230809    7.448508361    8.163674903
    6.900000000    7.178426742    7.449550040    8.182308760
    6.910000000    7.158387068    7.458345020    8.207403971
    6.920000000    7.143181775    7.462405931    8.231749940
    6.930000000    7.129824453    7.454835504    8.254751197
    6.940000000    7.118575028    7.437061793    8.279916732
    6.950000000    7.108827073    7.413007924    8.306665734
    6.960000000    7.097353322    7.383766535    8.327745188
    6.970000000    7.081564496    7.348979319    8.335678345
    6.980000000    7.061794723    7.310128109    8.327872527
    6.990000000    7.039700518    7.270551884    8.306799505
    7.000000000    7.016110646    7.233265004    8.279433981
    7.010000000    6.990575661    7.198360705    8.254331554
    7.020000000    6.961940341    7.160527436    8.235679288
    7.030000000    6.929409988    7.109784527    8.219327469
    7.040000000    6.894259836    7.038940557    8.192550433
    7.050000000    6.861169130    6.951809129    8.136931238
    7.060000000    6.836745950    6.862142275    8.037835864
    7.070000000    6.826199920    6.785186938    7.898887367
    7.080000000    6.831061975    6.730323462    7.746127739
    7.090000000    6.847532545    6.697489609    7.613795445
    7.100000000    6.865584109    6.677678068    7.525332984
    7.110000000    6.871387988    6.657844162    7.483434195
    7.120000000    6.854954043    6.628462731    7.473091142
    7.130000000    6.818534941    6.589142592    7.475037679
    7.140000000    6.776603639    6.547096575    7.477777217
    7.150000000    6.747896374    6.511600211    7.479120493
    7.160000000    6.747317274    6.491133029    7.481998279
    7.170000000    6.781107369    6.491990971    7.490421765
    7.180000000    6.846043589    6.515553317    7.506581806
    7.190000000    6.930794751    6.556404774    7.530269353
    7.200000000    7.018823221    6.605091644    7.561452039
    7.210000000    7.094919586    6.654615581    7.604661094
    7.220000000    7.151707870    6.704619930    7.667573650
    7.230000000    7.191569355    6.760003417    7.751344487
    7.240000000    7.223477706    6.825396988    7.843511582
    7.250000000    7.255687860    6.899167422    7.923559942
    7.260000000    7.288688663    6.971743242    7.977421567
    7.270000000    7.313253563    7.029537302    8.004575435
    7.280000000    7.314363674    7.061425810    8.010367270
    7.290000000    7.279683244    7.063566159    7.996052232
    7.300000000    7.207833612    7.039702474    7.958766166
    7.310000000    7.109114781    6.997574459    7.896855823
    7.320000000    6.997968466    6.944958892    7.809341696
    7.330000000    6.885917813    6.889457917    7.692407697
    7.340000000    6.781990236    6.840906559    7.543845676
    7.350000000    6.696635550    6.810911698    7.373156619
    7.360000000    6.640533924    6.808331138    7.203032886
    7.370000000    6.619373147    6.834979573    7.057472814
    7.380000000    6.632384141    6.886680924    6.950283554
    7.390000000    6.676001701    6.959724053    6.884350414
    7.400000000    6.748537976    7.055728318    6.855673365
    7.410000000    6.851478924    7.179061712    6.855554483
    7.420000000    6.985413053    7.329681494    6.871068237
    7.430000000    7.144188589    7.498458622    6.886612055
    7.440000000    7.312245771    7.668280793    6.889676547
    7.450000000    7.467104790    7.819355743    6.876480988
    7.460000000    7.587674208    7.935218216    6.850746138
    7.470000000    7.665114330    8.007491970    6.819672107
    7.480000000    7.707466490    8.038876977    6.793482679
    7.490000000    7.733478349    8.042611962    6.785286660
    7.500000000    7.760546377    8.035560226    6.805970342
    7.510000000    7.795960733    8.029277752    6.858379391
    7.520000000    7.838755436    8.029087288    6.936308014
    7.530000000    7.889018670    8.040111137    7.026980467
    7.540000000    7.951618211    8.069117107    7.116817817
    7.550000000    8.031267768    8.119958184    7.197795122
    7.560000000    8.128701091    8.190918335    7.266453192
    7.570000000    8.241223680    8.277185669    7.317749665
    7.580000000    8.364287934    8.373967409    7.343284198
    7.590000000    8.493637873    8.477657113    7.336551811
    7.600000000    8.627233493    8.585212716    7.300141652
    7.610000000    8.764583229    8.692165947    7.247114714
    7.620000000    8.902686852    8.791348113    7.196144211
    7.630000000    9.031961560    8.873997449    7.164196294
    7.640000000    9.137366617    8.932163738    7.159070100
    7.650000000    9.204020882    8.959852753    7.177723656
    7.660000000    9.223197894    8.953658278    7.210650718
    7.670000000    9.196765167    8.915338913    7.244742023
    7.680000000    9.137891903    8.854756968    7.265685444
    7.690000000    9.064929568    8.788574117    7.264779247
    7.700000000    8.992385983    8.734498246    7.243908260
    7.710000000    8.928778360    8.706772647    7.213177888
    7.720000000    8.880704744    8.714591963    7.186097008
    7.730000000    8.852492893    8.759107849    7.175197791
    7.740000000    8.840985085    8.829604904    7.185661390
    7.750000000    8.836358532    8.905392556    7.211692661
    7.760000000    8.831354667    8.964177651    7.241708130
    7.770000000    8.828222094    8.990672062    7.266741196
    7.780000000    8.835923162    8.981479380    7.284498265
    7.790000000    8.861267061    8.945577840    7.297288174
    7.800000000    8.901523283    8.899526271    7.307483872
    7.810000000    8.945553887    8.860183093    7.316268691
    7.820000000    8.983689929    8.840809906    7.326314658
    7.830000000    9.015995977    8.850329712    7.343512864
    7.840000000    9.049530754    8.890284437    7.373931813
    7.850000000    9.086916231    8.949208581    7.418506647
    7.860000000    9.118506279    9.002784925    7.471344434
    7.870000000    9.127828277    9.025444466    7.522426024
    7.880000000    9.104331949    9.005171655    7.559551855
    7.890000000    9.048034922    8.947435214    7.568864698
    7.900000000    8.963200043    8.865776374    7.538946362
    7.910000000    8.851089080    8.769038662    7.467038921
    7.920000000    8.708440666    8.655132674    7.358836326
    7.930000000    8.529850425    8.514683786    7.221894693
    7.940000000    8.311547200    8.341954760    7.061706322
    7.950000000    8.057987450    8.144148123    6.883594963
    7.960000000    7.786613754    7.939549861    6.695923670
    7.970000000    7.522960223    7.745522823    6.510512841
    7.980000000    7.289017680    7.567006484    6.339039545
    7.990000000    7.095691134    7.396820943    6.188557095
    8.000000000    6.944665273    7.228193231    6.060459417
    8.010000000    6.833653325    7.064434875    5.950977452
    8.020000000    6.756420293    6.913766477    5.850664521
    8.030000000    6.699636351    6.777866949    5.745890412
    8.040000000    6.646710994    6.650520274    5.625242962
    8.050000000    6.589427810    6.527966010    5.486933444
    8.060000000    6.534244684    6.416973646    5.340106259
    8.070000000    6.495014037    6.331031373    5.199301689
    8.080000000    6.480075909    6.279973762    5.077303763
    8.090000000    6.486544729    6.264030182    4.981027612
    8.100000000    6.504037479    6.275534267    4.911763476
    8.110000000    6.519692539    6.302214556    4.866898874
    8.120000000    6.519184638    6.327946972    4.840428227
    8.130000000    6.487554530    6.335201551    4.824450744
    8.140000000    6.414388616    6.311297176    4.813116356
    8.150000000    6.299500113    6.252298800    4.804893653
    8.160000000    6.153406262    6.161822034    4.800462184
    8.170000000    5.993019072    6.048939256    4.800242561
    8.180000000    5.834760835    5.925998505    4.804658442
    8.190000000    5.688409404    5.804217227    4.814198106
    8.200000000    5.556938393    5.690241591    4.827660123
    8.210000000    5.441848799    5.587950142    4.840445465
    8.220000000    5.346640753    5.501851086    4.844898818
    8.230000000    5.275262208    5.436987624    4.834041920
    8.240000000    5.229156179    5.396292492    4.805944702
    8.250000000    5.206273344    5.378923718    4.763645000
    8.260000000    5.201602237    5.380391156    4.711897053
    8.270000000    5.207061195    5.392465150    4.656009798
    8.280000000    5.212371599    5.404460039    4.603096697
    8.290000000    5.209325507    5.407739651    4.560832666
    8.300000000    5.194778703    5.398061996    4.531849688
    8.310000000    5.169076505    5.374184045    4.510958169
    8.320000000    5.135076988    5.338168263    4.490561843
    8.330000000    5.098657717    5.295766775    4.466827503
    8.340000000    5.065475445    5.252447451    4.438412719
    8.350000000    5.037006347    5.209726257    4.402819516
    8.360000000    5.012995176    5.167480634    4.357921527
    8.370000000    4.996724704    5.128501012    4.304777957
    8.380000000    4.994277389    5.098260247    4.246413322
    8.390000000    5.008501453    5.079455183    4.184940719
    8.400000000    5.036353201    5.068240748    4.120263544
    8.410000000    5.071813337    5.057068121    4.051398225
    8.420000000    5.109361562    5.040904397    3.979693225
    8.430000000    5.145617207    5.020666743    3.910326724
    8.440000000    5.179853548    5.001640527    3.849724475
    8.450000000    5.213041521    4.989533216    3.801399298
    8.460000000    5.246292680    4.987956890    3.764512293
    8.470000000    5.281308210    4.998816823    3.735345285
    8.480000000    5.320901868    5.023683494    3.709151632
    8.490000000    5.366915992    5.063658870    3.682082458
    8.500000000    5.418908119    5.118055177    3.652515634
    8.510000000    5.476323192    5.183760131    3.620685761
    8.520000000    5.540616427    5.256548500    3.589047952
    8.530000000    5.613811426    5.333509668    3.563931506
    8.540000000    5.694661274    5.413139817    3.553914265
    8.550000000    5.776347451    5.492640608    3.564286354
    8.560000000    5.848573730    5.566634249    3.592248172
    8.570000000    5.902501188    5.628739614    3.627137405
    8.580000000    5.933992709    5.673854900    3.657383783
    8.590000000    5.943578479    5.700175009    3.678404971
    8.600000000    5.935319115    5.710397342    3.693053993
    8.610000000    5.915683582    5.710807778    3.706349217
    8.620000000    5.891453564    5.708815637    3.721574042
    8.630000000    5.868346498    5.711600373    3.739457452
    8.640000000    5.851802137    5.725613736    3.758819456
    8.650000000    5.846741524    5.755063222    3.777909312
    8.660000000    5.856023301    5.801567636    3.795860365
    8.670000000    5.880884445    5.866287260    3.813047574
    8.680000000    5.922060804    5.950507611    3.830106027
    8.690000000    5.978856462    6.052931407    3.847224945
    8.700000000    6.048270220    6.167897859    3.864457496
    8.710000000    6.125850333    6.286884340    3.881616938
    8.720000000    6.206451944    6.401272682    3.897685702
    8.730000000    6.284516245    6.504603848    3.911629236
    8.740000000    6.354641109    6.593150319    3.923826974
    8.750000000    6.413068230    6.665781349    3.935420215
    8.760000000    6.459985662    6.724664803    3.946036102
    8.770000000    6.499958169    6.774259320    3.953534085
    8.780000000    6.538410678    6.817666756    3.956490076
    8.790000000    6.576200578    6.853861406    3.955810634
    8.800000000    6.607959090    6.878508413    3.953970606
    8.810000000    6.627034745    6.888306454    3.953575727
    8.820000000    6.631287249    6.884997861    3.956427225
    8.830000000    6.623153860    6.873809618    3.963202314
    8.840000000    6.606823254    6.858530051    3.974159388
    8.850000000    6.587614962    6.840053698    3.989755141
    8.860000000    6.570951636    6.818159221    4.008630868
    8.870000000    6.559242763    6.792974310    4.025478977
    8.880000000    6.550979765    6.765631265    4.034166143
    8.890000000    6.542475130    6.737478544    4.033583275
    8.900000000    6.529443803    6.708130792    4.028891656
    8.910000000    6.508789229    6.675179973    4.026810332
    8.920000000    6.480456568    6.636189504    4.030381160
    8.930000000    6.447429540    6.590559561    4.038016298
    8.940000000    6.413791260    6.539611970    4.046726150
    8.950000000    6.382896634    6.485758705    4.056515388
    8.960000000    6.357117791    6.431951257    4.072334737
    8.970000000    6.337833945    6.380823261    4.101357351
    8.980000000    6.324504792    6.333586832    4.146757051
    8.990000000    6.314274179    6.289679628    4.203232509
    9.000000000    6.302604113    6.246892294    4.259417524
    9.010000000    6.284515492    6.202225479    4.305705848
    9.020000000    6.257400852    6.154511183    4.340587332
    9.030000000    6.224312587    6.107062426    4.370580415
    9.040000000    6.194000065    6.067142157    4.405314524
    9.050000000    6.176153286    6.041973428    4.452798285
    9.060000000    6.175500587    6.034653823    4.517069422
    9.070000000    6.189689492    6.042717279    4.596941200
    9.080000000    6.211170593    6.058249808    4.685585793
    9.090000000    6.231259646    6.070384948    4.773109416
    9.100000000    6.243875974    6.071351382    4.851189030
    9.110000000    6.246590935    6.060706007    4.915365283
    9.120000000    6.240278705    6.043314549    4.964576334
    9.130000000    6.228983923    6.024819320    5.000698731
    9.140000000    6.218248047    6.008808254    5.027722511
    9.150000000    6.211752388    5.995934037    5.049649676
    9.160000000    6.209075500    5.984427040    5.068740249
    9.170000000    6.206035219    5.971412088    5.084966428
    9.180000000    6.196682419    5.954266266    5.096568917
    9.190000000    6.175335756    5.931387424    5.101601735
    9.200000000    6.138511504    5.902585977    5.099745391
    9.210000000    6.087267183    5.869696644    5.093429279
    9.220000000    6.027464298    5.836400119    5.087048555
    9.230000000    5.966854905    5.806835776    5.084995964
    9.240000000    5.913024628    5.784713897    5.090354842
    9.250000000    5.872728391    5.772804495    5.104098417
    9.260000000    5.849228398    5.771023023    5.124664848
    9.270000000    5.839543593    5.774550439    5.148728536
    9.280000000    5.836101319    5.775690458    5.172994095
    9.290000000    5.831658118    5.769088598    5.196029211
    9.300000000    5.822299855    5.754822015    5.219435006
    9.310000000    5.806203458    5.736202311    5.246973379
    9.320000000    5.781258775    5.716046006    5.281831021
    9.330000000    5.745376204    5.695735164    5.324622790
    9.340000000    5.698814593    5.676455002    5.373635365
    9.350000000    5.645274934    5.659912207    5.426573278
    9.360000000    5.589990303    5.647030351    5.481335466
    9.370000000    5.536164638    5.635551358    5.534521684
    9.380000000    5.483157441    5.619736635    5.579187453
    9.390000000    5.428034610    5.593765208    5.604508778
    9.400000000    5.368859869    5.555614148    5.599398189
    9.410000000    5.306192273    5.506706026    5.558073914
    9.420000000    5.241593907    5.448341703    5.482707470
    9.430000000    5.176198407    5.380275781    5.381557334
    9.440000000    5.111160445    5.302807538    5.265021797
    9.450000000    5.048115895    5.218675864    5.142188433
    9.460000000    4.988217076    5.132220054    5.018807962
    9.470000000    4.930545817    5.047203681    4.897252087
    9.480000000    4.871720557    4.965487979    4.778188385
    9.490000000    4.807911523    4.886927395    4.662445692
    9.500000000    4.736958267    4.809361181    4.551583983
    9.510000000    4.658119706    4.728954724    4.447071745
    9.520000000    4.571973902    4.643113932    4.349573375
    9.530000000    4.482355308    4.554647297    4.259155056
    9.540000000    4.396567389    4.471512497    4.175668032
    9.550000000    4.322431857    4.401933670    4.099418994
    9.560000000    4.265694118    4.350547493    4.031682884
    9.570000000    4.229313843    4.317955830    3.973996693
    9.580000000    4.213607468    4.302285169    3.927140054
    9.590000000    4.216157572    4.300882192    3.890641452
    9.600000000    4.231560519    4.310504880    3.862813007
    9.610000000    4.252240943    4.325975704    3.841420657
    9.620000000    4.270700453    4.340173317    3.824113690
    9.630000000    4.282048563    4.347104235    3.808085666
    9.640000000    4.285334282    4.344855382    3.789820220
    9.650000000    4.282748334    4.334693922    3.765898847
    9.660000000    4.277067544    4.317993471    3.734773474
    9.670000000    4.268831159    4.294767590    3.697821247
    9.680000000    4.255486632    4.264157919    3.658681191
    9.690000000    4.233609672    4.225617456    3.621633938
    9.700000000    4.202082403    4.180114146    3.589341198
    9.710000000    4.162944426    4.130550826    3.561038231
    9.720000000    4.119437359    4.080908297    3.533244342
    9.730000000    4.074733221    4.035254165    3.503188562
    9.740000000    4.032599159    3.997435816    3.472069185
    9.750000000    3.996830118    3.970096337    3.444352093
    9.760000000    3.969258491    3.952967917    3.423938244
    9.770000000    3.948986118    3.942385302    3.411504847
    9.780000000    3.933025772    3.932597164    3.404250346
    9.790000000    3.917165662    3.917785507    3.397446673
    9.800000000    3.897393552    3.894305867    3.387168096
    9.810000000    3.872035316    3.862509922    3.372660979
    9.820000000    3.842668686    3.826072575    3.357067132
    9.830000000    3.812887969    3.789317434    3.345523532
    9.840000000    3.786244539    3.755770840    3.341510536
    9.850000000    3.764934994    3.728273020    3.345060353
    9.860000000    3.749714934    3.708520795    3.354054294
    9.870000000    3.740161534    3.696110060    3.365801795
    9.880000000    3.734577851    3.688785577    3.376927114
    9.890000000    3.730348205    3.683882190    3.382633300
    9.900000000    3.725342751    3.679308295    3.377828532
    9.910000000    3.719418723    3.673815071    3.360278983
    9.920000000    3.714809523    3.667462514    3.332538788
    9.930000000    3.714764111    3.661738562    3.300879367
    9.940000000    3.721411436    3.658645595    3.272415673
    9.950000000    3.734846336    3.659479981    3.252191710
    9.960000000    3.753314699    3.663785508    3.241413478
    9.970000000    3.773478730    3.668907484    3.237930998
    9.980000000    3.791534906    3.671432844    3.239108133
    9.990000000    3.804591459    3.669410442    3.244195068
   10.000000000    3.810473145    3.662624919    3.253930479
   10.010000000    3.806851177    3.651286085    3.269157120
   10.020000000    3.792126614    3.635899595    3.290436664
   10.030000000    3.767507716    3.618440809    3.318167150
   10.040000000    3.737212144    3.602122351    3.352239738
   10.050000000    3.705732653    3.589142886    3.391642346
   10.060000000    3.674556714    3.578722720    3.434211550
   10.070000000    3.641979390    3.567844901    3.476623083
   10.080000000    3.605952621    3.554080000    3.515316253
   10.090000000    3.566353983    3.537416789    3.547788994
   10.100000000    3.525139706    3.519683921    3.573057059
   10.110000000    3.485455500    3.502877145    3.591175455
   10.120000000    3.450375474    3.488072018    3.602955967
   10.130000000    3.421952743    3.475630611    3.610734548
   10.140000000    3.401532114    3.466295894    3.619037987
   10.150000000    3.390318246    3.461796066    3.633393839
   10.160000000    3.388566370    3.464097064    3.657520531
   10.170000000    3.394862380    3.474201836    3.691955732
   10.180000000    3.407763244    3.492183567    3.736388233
   10.190000000    3.427762247    3.518190432    3.792796448
   10.200000000    3.456332414    3.552192028    3.865138430
   10.210000000    3.493444820    3.592611818    3.956299912
   10.220000000    3.536948933    3.636373543    4.066257828
   10.230000000    3.583963416    3.680661032    4.193268440
   10.240000000    3.632302080    3.724539546    4.336434666
   10.250000000    3.680984146    3.769177129    4.496969754
   10.260000000    3.730270555    3.816654713    4.677108467
   10.270000000    3.781798200    3.868547891    4.878152968
   10.280000000    3.838021585    3.925455569    5.099682285
   10.290000000    3.900274681    3.987046830    5.339557910
   10.300000000    3.967051140    4.051838086    5.593636666
   10.310000000    4.034662297    4.117359765    5.855637197
   10.320000000    4.099713525    4.181090155    6.117099174
   10.330000000    4.160444739    4.240856213    6.367838233
   10.340000000    4.216745816    4.295155017    6.597883581
   10.350000000    4.271052045    4.344767541    6.799483044
   10.360000000    4.328548402    4.393340083    6.968456571
   10.370000000    4.393897844    4.444724645    7.105866316
   10.380000000    4.466850173    4.499409898    7.218300050
   10.390000000    4.541906193    4.554166715    7.314706332
   10.400000000    4.612705169    4.605404191    7.402616484
   10.410000000    4.676230064    4.651963058    7.486987323
   10.420000000    4.733403604    4.694798355    7.571135043
   10.430000000    4.787000087    4.735595640    7.657408148
   10.440000000    4.839219042    4.776319200    7.746932288
   10.450000000    4.890840815    4.819179254    7.839318417
   10.460000000    4.942201234    4.866188155    7.930894536
   10.470000000    4.994340994    4.918435325    8.011947112
   10.480000000    5.048565705    4.975312283    8.068272158
   10.490000000    5.104094689    5.033636008    8.087881702
   10.500000000    5.155875023    5.087220040    8.066974130
   10.510000000    5.195884101    5.128606298    8.010306863
   10.520000000    5.217782516    5.153050005    7.926559812
   10.530000000    5.220502846    5.161037121    7.823101175
   10.540000000    5.207631969    5.156430210    7.704088685
   10.550000000    5.184224540    5.142779760    7.572043715
   10.560000000    5.154572041    5.122057036    7.430714973
   10.570000000    5.122031077    5.095853556    7.286172907
   10.580000000    5.089533011    5.066271527    7.144666510
   10.590000000    5.059537139    5.035856205    7.010518825
   10.600000000    5.033795568    5.007651455    6.886784425
   10.610000000    5.014024017    4.985615778    6.776953582
   10.620000000    5.003543444    4.974957431    6.684933648
   10.630000000    5.007544171    4.981215040    6.612064455
   10.640000000    5.030555380    5.007798433    6.554173581
   10.650000000    5.073277589    5.053861198    6.502686641
   10.660000000    5.131330180    5.114316664    6.449044873
   10.670000000    5.196287966    5.181574651    6.388570196
   10.680000000    5.258121903    5.247229772    6.320927501
   10.690000000    5.308593030    5.303629899    6.248471490
   10.700000000    5.343839460    5.345904003    6.174580738
   10.710000000    5.364169736    5.373320408    6.102214584
   10.720000000    5.371720525    5.388055325    6.033051259
   10.730000000    5.368161098    5.392143125    5.967160666
   10.740000000    5.354668801    5.386699926    5.903228200
   10.750000000    5.333754088    5.374320219    5.839707975
   10.760000000    5.309958691    5.360333639    5.775898280
   10.770000000    5.288341568    5.350568353    5.711903363
   10.780000000    5.272287057    5.348027658    5.647825098
   10.790000000    5.262125305    5.351185200    5.583009438
   10.800000000    5.255480056    5.354847371    5.516950907
   10.810000000    5.248718742    5.352782577    5.451561964
   10.820000000    5.238293201    5.340560110    5.391094676
   10.830000000    5.222322988    5.317185958    5.338640635
   10.840000000    5.202393189    5.284907569    5.293279198
   10.850000000    5.184047901    5.248524744    5.251549703
   10.860000000    5.174362151    5.214297976    5.211725106
   10.870000000    5.177785511    5.187699264    5.176237236
   10.880000000    5.193826236    5.171476468    5.150037469
   10.890000000    5.217687433    5.165141586    5.136660410
   10.900000000    5.242703288    5.166046289    5.135339949
   10.910000000    5.263630866    5.171761691    5.141808895
   10.920000000    5.279321034    5.182036247    5.151593783
   10.930000000    5.292436529    5.198439035    5.161537621
   10.940000000    5.306100342    5.222093225    5.169054677
   10.950000000    5.320739555    5.251497398    5.171881425
   10.960000000    5.333614910    5.281877701    5.168951763
   10.970000000    5.340949100    5.307121899    5.161458792
   10.980000000    5.341846134    5.324145505    5.153191587
   10.990000000    5.340934321    5.336103541    5.149547791
   11.000000000    5.346175002    5.350793082    5.155459590
   11.010000000    5.363865583    5.375704714    5.173535367
   11.020000000    5.395378314    5.413523478    5.203251142
   11.030000000    5.436844754    5.460386907    5.241214743
   11.040000000    5.480782912    5.507614228    5.283057748
   11.050000000    5.518771498    5.545589254    5.326450491
   11.060000000    5.544359702    5.567217349    5.372713448
   11.070000000    5.554100149    5.569170674    5.425794261
   11.080000000    5.546013079    5.551309227    5.489678359
   11.090000000    5.519246080    5.516112443    5.566017050
   11.100000000    5.476697539    5.469074387    5.653195933
   11.110000000    5.425668883    5.418126541    5.746665238
   11.120000000    5.373788722    5.370175510    5.839698410
   11.130000000    5.324788290    5.327358120    5.924763952
   11.140000000    5.278154788    5.286585902    5.996900953
   11.150000000    5.232104980    5.242946998    6.057937667
   11.160000000    5.187011710    5.194675205    6.116358652
   11.170000000    5.146197603    5.145506856    6.181450681
   11.180000000    5.113367283    5.101848032    6.257765811
   11.190000000    5.089955667    5.068284860    6.344654339
   11.200000000    5.075079957    5.046420367    6.439562115
   11.210000000    5.066623244    5.035732384    6.540453692
   11.220000000    5.062023600    5.033390244    6.643923130
   11.230000000    5.059059982    5.034486382    6.742063019
   11.240000000    5.056181113    5.034206048    6.824313813
   11.250000000    5.052001353    5.029895257    6.883522414
   11.260000000    5.045042733    5.021002291    6.918759661
   11.270000000    5.034705801    5.008037369    6.932347863
   11.280000000    5.021865222    4.992032178    6.925242098
   11.290000000    5.007407807    4.974145377    6.895224079
   11.300000000    4.990778077    4.955164598    6.840288778
   11.310000000    4.971046770    4.935380814    6.763871577
   11.320000000    4.948948998    4.915058565    6.675351988
   11.330000000    4.926946531    4.894938084    6.585455883
   11.340000000    4.907594795    4.876223493    6.502198028
   11.350000000    4.892333243    4.860079298    6.430248610
   11.360000000    4.881112243    4.846891828    6.371236624
   11.370000000    4.872080290    4.835974594    6.323250778
   11.380000000    4.861380378    4.825997963    6.280884558
   11.390000000    4.844062511    4.815523864    6.236379276
   11.400000000    4.816611769    4.803207696    6.181653964
   11.410000000    4.779252615    4.787601604    6.111362353
   11.420000000    4.735573173    4.767202826    6.025350394
   11.430000000    4.690069274    4.741610154    5.927959758
   11.440000000    4.646137645    4.712531835    5.824364578
   11.450000000    4.605295863    4.682572058    5.717039627
   11.460000000    4.567175211    4.652935364    5.604909921
   11.470000000    4.530241687    4.622682729    5.485320839
   11.480000000    4.493337463    4.590066754    5.357104656
   11.490000000    4.456845277    4.554153913    5.222452023
   11.500000000    4.422021400    4.514998406    5.086581430
   11.510000000    4.389785738    4.473633758    4.956083053
   11.520000000    4.360846948    4.432885130    4.837029215
   11.530000000    4.336177117    4.396820661    4.733680103
   11.540000000    4.315933823    4.367886719    4.647046246
   11.550000000    4.297753303    4.344317408    4.572582463
   11.560000000    4.277357205    4.320893712    4.500457251
   11.570000000    4.251328488    4.292581364    4.420603232
   11.580000000    4.218828991    4.257484409    4.327635980
   11.590000000    4.181420452    4.217441177    4.221218319
   11.600000000    4.142267249    4.176672613    4.104495119
   11.610000000    4.104854161    4.138760165    3.983392954
   11.620000000    4.071613797    4.104291355    3.865449365
   11.630000000    4.043197809    4.071431723    3.757243056
   11.640000000    4.018537682    4.037909302    3.662180589
   11.650000000    3.995608007    4.002040861    3.580814432
   11.660000000    3.972075805    3.962648162    3.513158052
   11.670000000    3.945849400    3.919354141    3.459874676
   11.680000000    3.916171414    3.873389744    3.420545035
   11.690000000    3.884197016    3.827160624    3.391456021
   11.700000000    3.852116855    3.782644934    3.366052131
   11.710000000    3.821722889    3.740581936    3.337389064
   11.720000000    3.793514354    3.700803394    3.299854471
   11.730000000    3.766984708    3.662986155    3.249761757
   11.740000000    3.741640114    3.627282452    3.186788976
   11.750000000    3.717272830    3.594390089    3.114994142
   11.760000000    3.693366500    3.565244768    3.040603051
   11.770000000    3.668861881    3.540569962    2.968837961
   11.780000000    3.642807272    3.520477897    2.903136130
   11.790000000    3.615176724    3.504393824    2.845652211
   11.800000000    3.586614280    3.491042326    2.797037446
   11.810000000    3.557142511    3.478495707    2.756079591
   11.820000000    3.525633881    3.464872156    2.720406848
   11.830000000    3.490982838    3.449389400    2.688039257
   11.840000000    3.453809704    3.432887974    2.658397975
   11.850000000    3.416561691    3.417342255    2.631922305
   11.860000000    3.381493519    3.404369635    2.609344433
   11.870000000    3.348841414    3.393596528    2.591404848
   11.880000000    3.317193235    3.382274757    2.578281335
   11.890000000    3.285389594    3.366775361    2.568840834
   11.900000000    3.253716612    3.344691253    2.560762234
   11.910000000    3.223359191    3.315928032    2.551529857
   11.920000000    3.195482492    3.282767993    2.539299396
   11.930000000    3.170934181    3.248932671    2.523016363
   11.940000000    3.149771635    3.217435254    2.502211718
   11.950000000    3.130757805    3.188913930    2.477068740
   11.960000000    3.111847074    3.162132555    2.448362783
   11.970000000    3.091580632    3.135914158    2.417216682
   11.980000000    3.070277144    3.110508082    2.385436546
   11.990000000    3.049699006    3.087182193    2.355538893
   12.000000000    3.031133442    3.066523124    2.329286172
   12.010000000    3.013940317    3.047310235    2.306018845
   12.020000000    2.996030457    3.027058228    2.282828242
   12.030000000    2.975427488    3.003486170    2.256832347
   12.040000000    2.951840194    2.976042983    2.227847345
   12.050000000    2.927211157    2.946601089    2.199008329
   12.060000000    2.904437254    2.918308638    2.174620175
   12.070000000    2.885217924    2.893138763    2.157386373
   12.080000000    2.869034317    2.870346883    2.147330523
   12.090000000    2.854014562    2.847453232    2.142397780
   12.100000000    2.838511564    2.822847112    2.139401161
   12.110000000    2.821636181    2.797169053    2.134924282
   12.120000000    2.802764157    2.772222468    2.126846516
   12.130000000    2.781484613    2.749215515    2.115625222
   12.140000000    2.758050136    2.727966303    2.103410079
   12.150000000    2.733354585    2.707142608    2.092076732
   12.160000000    2.708181891    2.685017633    2.082796211
   12.170000000    2.682606631    2.660249274    2.076625618
   12.180000000    2.656635408    2.632745485    2.074220946
   12.190000000    2.631000867    2.603814514    2.075101782
   12.200000000    2.606405674    2.574976450    2.077686417
   12.210000000    2.582074243    2.546824281    2.079835002
   12.220000000    2.555753127    2.518920114    2.079129623
   12.230000000    2.525452137    2.490304530    2.073007316
   12.240000000    2.490811306    2.460026436    2.059447398
   12.250000000    2.452715587    2.427552075    2.038189628
   12.260000000    2.412341124    2.393091395    2.010907186
   12.270000000    2.371013129    2.357656054    1.979706237
   12.280000000    2.330389827    2.322657652    1.945904172
   12.290000000    2.292168588    2.289451216    1.910379685
   12.300000000    2.257579800    2.259210785    1.874419902
   12.310000000    2.227046488    2.232747518    1.839860282
   12.320000000    2.200067805    2.210149198    1.808714856
   12.330000000    2.175232888    2.190575492    1.782710049
   12.340000000    2.150419176    2.172256626    1.762688810
   12.350000000    2.123666878    2.152927043    1.748296793
   12.360000000    2.094572455    2.130954017    1.738389486
   12.370000000    2.064967868    2.106651893    1.731667757
   12.380000000    2.038087705    2.082543982    1.727200075
   12.390000000    2.016685448    2.061741224    1.724723280
   12.400000000    2.001358340    2.045459383    1.724231477
   12.410000000    1.990364906    2.031936829    1.725207948
   12.420000000    1.981060487    2.017731582    1.726385156
   12.430000000    1.971734685    2.000304717    1.726136521
   12.440000000    1.962365119    1.979826589    1.722950487
   12.450000000    1.953690009    1.958583878    1.715591103
   12.460000000    1.945709228    1.938771099    1.703395251
   12.470000000    1.937256819    1.921131653    1.686948115
   12.480000000    1.927032314    1.905503422    1.668097745
   12.490000000    1.914935899    1.892074233    1.648865057
   12.500000000    1.902221749    1.881576346    1.630546996
   12.510000000    1.890302726    1.874205812    1.613872815
   12.520000000    1.879647332    1.868812186    1.599492202
   12.530000000    1.869905916    1.863455010    1.588067056
   12.540000000    1.860502174    1.856397856    1.580053964
   12.550000000    1.850710739    1.846359682    1.575227739
   12.560000000    1.839814382    1.832521702    1.572134151
   12.570000000    1.827854468    1.815007641    1.568409604
   12.580000000    1.816022163    1.795335463    1.562421503
   12.590000000    1.806043475    1.776130120    1.554799313
   12.600000000    1.799268503    1.760227311    1.548015006
   12.610000000    1.796120151    1.749839560    1.544299354
   12.620000000    1.796037848    1.746217282    1.543912936
   12.630000000    1.797932665    1.749621976    1.545271348
   12.640000000    1.800756706    1.759243390    1.546728919
   12.650000000    1.803540457    1.773036256    1.547978945
   12.660000000    1.805154233    1.787985863    1.549371675
   12.670000000    1.804640137    1.801090893    1.550608850
   12.680000000    1.801779368    1.810249504    1.550928737
   12.690000000    1.797044480    1.814477491    1.550175850
   12.700000000    1.790954937    1.813767679    1.548888906
   12.710000000    1.783402603    1.808649012    1.547188705
   12.720000000    1.773582438    1.799490882    1.543964979
   12.730000000    1.760676959    1.786146882    1.537258928
   12.740000000    1.744643657    1.768544648    1.525513117
   12.750000000    1.726405466    1.747645332    1.508892278
   12.760000000    1.707470468    1.725579075    1.489673507
   12.770000000    1.689274918    1.704706462    1.471201221
   12.780000000    1.672617641    1.686491342    1.456171423
   12.790000000    1.657678480    1.671240799    1.445572362
   12.800000000    1.644456419    1.658644180    1.438842749
   12.810000000    1.633043876    1.648325784    1.434873329
   12.820000000    1.623561655    1.640011404    1.432922586
   12.830000000    1.615856547    1.633331574    1.432709488
   12.840000000    1.609320997    1.627591713    1.433939438
   12.850000000    1.603116950    1.621771975    1.435949923
   12.860000000    1.596494862    1.614726610    1.437683387
   12.870000000    1.589036961    1.605744489    1.438063337
   12.880000000    1.580784167    1.595096791    1.436691218
   12.890000000    1.572079875    1.583880468    1.434207949
   12.900000000    1.563515867    1.573461722    1.431642506
   12.910000000    1.556052899    1.565073383    1.429245135
   12.920000000    1.550760621    1.559597966    1.426283118
   12.930000000    1.548306034    1.557404649    1.422107762
   12.940000000    1.548828672    1.558247977    1.416909759
   12.950000000    1.552259475    1.561437636    1.411439529
   12.960000000    1.558708145    1.566437436    1.406645127
   12.970000000    1.568585392    1.573379602    1.403597222
   12.980000000    1.581952736    1.582443279    1.403130078
   12.990000000    1.597295208    1.592381986    1.405051939
   13.000000000    1.611503419    1.600294906    1.407928200
   13.010000000    1.621790450    1.603480454    1.410109851
   13.020000000    1.627232597    1.601234148    1.410863514
   13.030000000    1.628042797    1.594468780    1.410262069
   13.040000000    1.624060264    1.584154712    1.408368673
   13.050000000    1.614592871    1.570723891    1.405121776
   13.060000000    1.599527808    1.554609845    1.401088464
   13.070000000    1.580194764    1.536733618    1.397858550
   13.080000000    1.558998494    1.518307678    1.397226441
   13.090000000    1.538286335    1.500466098    1.399916670
   13.100000000    1.519738560    1.484415154    1.405149937
   13.110000000    1.504644414    1.471760924    1.411225030
   13.120000000    1.493891443    1.464082261    1.416383710
   13.130000000    1.487234783    1.461892802    1.419462186
   13.140000000    1.483244680    1.464245301    1.420034055
   13.150000000    1.480512092    1.469514921    1.418025512
   13.160000000    1.478694878    1.476406586    1.413531342
   13.170000000    1.478320092    1.484270603    1.407080635
   13.180000000    1.479823251    1.492873182    1.399663990
   13.190000000    1.482706927    1.501927469    1.392157470
   13.200000000    1.485472188    1.510624120    1.384747205
   13.210000000    1.486626206    1.517883212    1.377226762
   13.220000000    1.485782706    1.523159122    1.369601125
   13.230000000    1.483589722    1.526600869    1.361904396
   13.240000000    1.480913992    1.528450970    1.353823318
   13.250000000    1.478232584    1.528441657    1.345178749
   13.260000000    1.475394716    1.525751770    1.336682475
   13.270000000    1.471856850    1.519645577    1.329827013
   13.280000000    1.467321690    1.510189769    1.325999194
   13.290000000    1.462245305    1.498469922    1.325655063
   13.300000000    1.457907443    1.486460153    1.328006498
   13.310000000    1.456026909    1.476531457    1.331311918
   13.320000000    1.457861386    1.470384309    1.333726373
   13.330000000    1.463209654    1.467998345    1.334187873
   13.340000000    1.470216790    1.467541320    1.332613522
   13.350000000    1.476378886    1.466624894    1.329621152
   13.360000000    1.479995357    1.464085690    1.326547932
   13.370000000    1.480672669    1.460588631    1.325346627
   13.380000000    1.478652350    1.457527713    1.327644236
   13.390000000    1.474332875    1.455694233    1.333662499
   13.400000000    1.468561060    1.454937796    1.342189717
   13.410000000    1.462622545    1.454398386    1.351476694
   13.420000000    1.457395928    1.452768081    1.359755484
   13.430000000    1.452904748    1.448891775    1.365180826
   13.440000000    1.449052481    1.442687321    1.366240867
   13.450000000    1.446426128    1.435552207    1.362604328
   13.460000000    1.446240970    1.429884241    1.355405189
   13.470000000    1.449593754    1.427956030    1.346603319
   13.480000000    1.456632477    1.430682784    1.338104570
   13.490000000    1.466204227    1.437070126    1.331454019
   13.500000000    1.476219111    1.444872502    1.327944303
   13.510000000    1.484662522    1.452194208    1.328288016
   13.520000000    1.490533033    1.458670195    1.331835851
   13.530000000    1.493980753    1.465193611    1.336369588
   13.540000000    1.495846567    1.472772250    1.339041713
   13.550000000    1.497184579    1.481822814    1.337806984
   13.560000000    1.498769429    1.492176338    1.332106236
   13.570000000    1.500586876    1.503051628    1.322468527
   13.580000000    1.501830693    1.512934659    1.309902713
   13.590000000    1.501676673    1.520177500    1.295874218
   13.600000000    1.500248243    1.524165125    1.282544711
   13.610000000    1.498614202    1.525604846    1.272306061
   13.620000000    1.497694005    1.525484383    1.266590098
   13.630000000    1.497370985    1.524070866    1.265103796
   13.640000000    1.496607615    1.520887722    1.266203715
   13.650000000    1.494316741    1.515322065    1.268045106
   13.660000000    1.490363280    1.507371252    1.269640827
   13.670000000    1.485824702    1.497952807    1.271066476
   13.680000000    1.482208709    1.488500368    1.272786936
   13.690000000    1.480513832    1.480435164    1.274974559
   13.700000000    1.481003460    1.475039718    1.277547627
   13.710000000    1.483382131    1.473277641    1.280423059
   13.720000000    1.486846981    1.475186877    1.283292116
   13.730000000    1.490235568    1.479460262    1.285257732
   13.740000000    1.492334118    1.483738650    1.284995792
   13.750000000    1.492211342    1.485623058    1.281530419
   13.760000000    1.489423614    1.483711796    1.275041498
   13.770000000    1.483726955    1.477634466    1.266950998
   13.780000000    1.474635290    1.467450403    1.259159055
   13.790000000    1.461492423    1.453481721    1.253015932
   13.800000000    1.443988688    1.436482923    1.248768274
   13.810000000    1.422677198    1.417584087    1.245781988
   13.820000000    1.399218104    1.398104115    1.243417274
   13.830000000    1.375938198    1.379260141    1.241762969
   13.840000000    1.354590954    1.361586470    1.241368450
   13.850000000    1.335627326    1.344843683    1.242507311
   13.860000000    1.318890614    1.328989194    1.244833878
   13.870000000    1.304481636    1.314843399    1.247641195
   13.880000000    1.292650872    1.303358931    1.250595410
   13.890000000    1.283297086    1.294661786    1.254088413
   13.900000000    1.275877197    1.288075154    1.258591021
   13.910000000    1.269693007    1.282646416    1.263660027
   13.920000000    1.264193990    1.277513197    1.267618215
   13.930000000    1.259006662    1.272068586    1.268321505
   13.940000000    1.253766488    1.265960582    1.264464369
   13.950000000    1.248158946    1.259065583    1.256167074
   13.960000000    1.242021917    1.251406743    1.244392527
   13.970000000    1.235251477    1.242963417    1.230297103
   13.980000000    1.227910446    1.233659745    1.215301894
   13.990000000    1.220510284    1.223590126    1.201257699
   14.000000000    1.213860979    1.213217323    1.189868674
   14.010000000    1.208521065    1.203380533    1.181662126
   14.020000000    1.204624515    1.195221600    1.175693231
   14.030000000    1.202286244    1.190019322    1.170508922
   14.040000000    1.201764078    1.188639024    1.165460148
   14.050000000    1.203024981    1.190809735    1.160963008
   14.060000000    1.205440234    1.195054001    1.157671221
   14.070000000    1.207957085    1.199429129    1.155684189
   14.080000000    1.209398456    1.202296972    1.154490892
   14.090000000    1.208736123    1.202593134    1.153627253
   14.100000000    1.205414240    1.199835545    1.153295981
   14.110000000    1.199504196    1.194116523    1.154192581
   14.120000000    1.191424347    1.185954430    1.156704279
   14.130000000    1.181488779    1.175935928    1.160128662
   14.140000000    1.169783453    1.164412214    1.162617383
   14.150000000    1.156425118    1.151541603    1.162042164
   14.160000000    1.141763131    1.137535880    1.156954679
   14.170000000    1.126318345    1.122802353    1.146940217
   14.180000000    1.110655842    1.107864336    1.132668419
   14.190000000    1.095331517    1.093164928    1.115993421
   14.200000000    1.080844242    1.078913708    1.099446019
   14.210000000    1.067496071    1.065056213    1.084917539
   14.220000000    1.055386793    1.051528519    1.072908395
   14.230000000    1.044665367    1.038625376    1.063193518
   14.240000000    1.035760853    1.027104337    1.055943176
   14.250000000    1.029259035    1.017910130    1.052006427
   14.260000000    1.025399863    1.011654921    1.052219683
   14.270000000    1.023660480    1.008230396    1.056479911
   14.280000000    1.022887084    1.006877794    1.063442459
   14.290000000    1.021849482    1.006661298    1.071232422
   14.300000000    1.019714831    1.006868724    1.078378167
   14.310000000    1.016146805    1.007021019    1.084065560
   14.320000000    1.011159152    1.006724334    1.088032810
   14.330000000    1.005004378    1.005649095    1.090570981
   14.340000000    0.998115999    1.003612210    1.092318967
   14.350000000    0.990922299    1.000522408    1.093659104
   14.360000000    0.983697451    0.996281429    1.094433157
   14.370000000    0.976669386    0.990915736    1.094441730
   14.380000000    0.970194703    0.984836932    1.093892764
   14.390000000    0.964809799    0.978960736    1.093204834
   14.400000000    0.961063436    0.974384286    1.092672485
   14.410000000    0.959161045    0.971717289    1.092508484
   14.420000000    0.958734973    0.970749527    1.093156386
   14.430000000    0.959013754    0.970793587    1.095266825
   14.440000000    0.959271337    0.971247066    1.099252191
   14.450000000    0.959181029    0.971817113    1.104990675
   14.460000000    0.958795310    0.972351877    1.111889504
   14.470000000    0.958271320    0.972609236    1.119145625
   14.480000000    0.957710164    0.972301733    1.126011646
   14.490000000    0.957166534    0.971314818    1.132030089
   14.500000000    0.956640723    0.969677508    1.137166885
   14.510000000    0.956068146    0.967356805    1.141665542
   14.520000000    0.955414771    0.964313882    1.145904680
   14.530000000    0.954700955    0.960718305    1.150543918
   14.540000000    0.953783541    0.956898795    1.156427170
   14.550000000    0.952325470    0.953149663    1.163867619
   14.560000000    0.950184752    0.949721858    1.172073740
   14.570000000    0.947625137    0.946842601    1.179434520
   14.580000000    0.945040781    0.944544375    1.184253782
   14.590000000    0.942629770    0.942505681    1.185434576
   14.600000000    0.940366205    0.940153679    1.182950791
   14.610000000    0.938029230    0.936904133    1.177643051
   14.620000000    0.935140926    0.932395070    1.170517738
   14.630000000    0.931161361    0.926716058    1.162462414
   14.640000000    0.925874048    0.920352280    1.154466947
   14.650000000    0.919487683    0.913804674    1.147598250
   14.660000000    0.912434682    0.907375987    1.142438252
   14.670000000    0.905194889    0.901261236    1.138667540
   14.680000000    0.898335434    0.895685070    1.135555869
   14.690000000    0.892536840    0.890888778    1.132825070
   14.700000000    0.888306223    0.886938862    1.130627149
   14.710000000    0.885626589    0.883590418    1.128732417
   14.720000000    0.883981635    0.880423381    1.126124782
   14.730000000    0.882756329    0.877091176    1.121452676
   14.740000000    0.881636081    0.873457035    1.113777971
   14.750000000    0.880702818    0.869644205    1.102971342
   14.760000000    0.880245492    0.866076884    1.089760461
   14.770000000    0.880408313    0.863380792    1.075641660
   14.780000000    0.880920258    0.862043868    1.062470218
   14.790000000    0.881265021    0.862147681    1.051713452
   14.800000000    0.881086476    0.863340619    1.043758507
   14.810000000    0.880217329    0.864909235    1.037747618
   14.820000000    0.878476370    0.866074470    1.032189629
   14.830000000    0.875696478    0.866389627    1.025841438
   14.840000000    0.871988480    0.865846254    1.018153708
   14.850000000    0.868011005    0.864781452    1.009299361
   14.860000000    0.864744986    0.863642973    0.999988878
   14.870000000    0.862737631    0.862575144    0.991152133
   14.880000000    0.861709554    0.861249002    0.983624015
   14.890000000    0.860956948    0.859182911    0.977945638
   14.900000000    0.859808886    0.856089380    0.974207153
   14.910000000    0.857706715    0.851921999    0.971913439
   14.920000000    0.854333986    0.846939464    0.970144309
   14.930000000    0.849841541    0.841863133    0.968060066
   14.940000000    0.844823224    0.837749274    0.965437498
   14.950000000    0.840048480    0.835506146    0.962846312
   14.960000000    0.836132795    0.835387827    0.961205874
   14.970000000    0.833310212    0.836824747    0.961100648
   14.980000000    0.831396367    0.838749227    0.962566998
   14.990000000    0.829858393    0.840157297    0.965312567
   15.000000000    0.827981951    0.840388740    0.968834750
   15.010000000    0.825252949    0.839138367    0.972458820
   15.020000000    0.821835761    0.836626735    0.975731077
   15.030000000    0.818625983    0.833706848    0.978915080
   15.040000000    0.816694411    0.831495877    0.982876539
   15.050000000    0.816611801    0.830791668    0.988377733
   15.060000000    0.818160679    0.831793861    0.995411064
   15.070000000    0.820613365    0.834273610    1.002920472
   15.080000000    0.823317978    0.837828971    1.009113264
   15.090000000    0.825960050    0.841854213    1.012300431
   15.100000000    0.828324654    0.845476075    1.011693167
   15.110000000    0.830087258    0.847862002    1.007650759
   15.120000000    0.830937741    0.848628977    1.001305247
   15.130000000    0.830856713    0.847918059    0.993993695
   15.140000000    0.830294462    0.846212108    0.986973374
   15.150000000    0.830063824    0.844127999    0.981166887
   15.160000000    0.830860895    0.842211446    0.976675026
   15.170000000    0.832630804    0.840631330    0.972650362
   15.180000000    0.834459167    0.839043744    0.968142754
   15.190000000    0.835324468    0.836975851    0.963127406
   15.200000000    0.834846247    0.834249328    0.958297458
   15.210000000    0.833261826    0.830957024    0.954037305
   15.220000000    0.831001199    0.827225417    0.950050953
   15.230000000    0.828468818    0.823146293    0.945840468
   15.240000000    0.826095799    0.818944605    0.941267735
   15.250000000    0.824217585    0.814938981    0.936594475
   15.260000000    0.822725695    0.811164400    0.932053658
   15.270000000    0.820994973    0.807226996    0.927564041
   15.280000000    0.818277153    0.802655807    0.923004245
   15.290000000    0.814255363    0.797347477    0.918688712
   15.300000000    0.809236517    0.791627945    0.915330280
   15.310000000    0.803726621    0.785876310    0.913476234
   15.320000000    0.797900357    0.780105381    0.912978905
   15.330000000    0.791652565    0.774034652    0.912792939
   15.340000000    0.785010742    0.767614844    0.911340573
   15.350000000    0.778323568    0.761370448    0.907426831
   15.360000000    0.772156727    0.756205517    0.901107850
   15.370000000    0.767018311    0.752882695    0.893893405
   15.380000000    0.763034799    0.751536320    0.887955040
   15.390000000    0.759842430    0.751539107    0.884821289
   15.400000000    0.756828232    0.751893260    0.884655498
   15.410000000    0.753538249    0.751865189    0.886533496
   15.420000000    0.749909120    0.751277803    0.889214282
   15.430000000    0.746116673    0.750227696    0.891722398
   15.440000000    0.742267487    0.748641855    0.893486208
   15.450000000    0.738296040    0.746224580    0.894180861
   15.460000000    0.734050023    0.742689334    0.893556342
   15.470000000    0.729390651    0.737844928    0.891627693
   15.480000000    0.724225818    0.731597813    0.888880750
   15.490000000    0.718518135    0.724119273    0.885689279
   15.500000000    0.712385007    0.715998902    0.881547124
   15.510000000    0.706233224    0.708126325    0.875465012
   15.520000000    0.700721115    0.701432444    0.867218491
   15.530000000    0.696492758    0.696680726    0.857875206
   15.540000000    0.693900581    0.694328178    0.849073170
   15.550000000    0.692898537    0.694382520    0.841881932
   15.560000000    0.693092962    0.696293884    0.836206180
   15.570000000    0.693882601    0.699017254    0.830955439
   15.580000000    0.694629924    0.701299937    0.824664581
   15.590000000    0.694844321    0.702160272    0.816186037
   15.600000000    0.694360849    0.701329552    0.805287281
   15.610000000    0.693356913    0.699203831    0.792764402
   15.620000000    0.692122150    0.696303991    0.779647832
   15.630000000    0.690745450    0.692827264    0.766244160
   15.640000000    0.688971527    0.688658143    0.752128403
   15.650000000    0.686395232    0.683716396    0.736951422
   15.660000000    0.682778948    0.678212216    0.721019510
   15.670000000    0.678116583    0.672538402    0.705154980
   15.680000000    0.672445015    0.667013417    0.690175182
   15.690000000    0.665769721    0.661775881    0.676551450
   15.700000000    0.658287095    0.656832071    0.664420299
   15.710000000    0.650473143    0.652041860    0.653666959
   15.720000000    0.642834981    0.647116908    0.644044956
   15.730000000    0.635753308    0.641840146    0.635448722
   15.740000000    0.629538664    0.636295857    0.628104114
   15.750000000    0.624449860    0.630872960    0.622487133
   15.760000000    0.620672455    0.626185041    0.619132527
   15.770000000    0.618369567    0.622961359    0.618465947
   15.780000000    0.617675562    0.621730591    0.620507100
   15.790000000    0.618540200    0.622434448    0.624458371
   15.800000000    0.620600091    0.624386946    0.628738091
   15.810000000    0.623206792    0.626601975    0.631774145
   15.820000000    0.625522673    0.628134116    0.632836848
   15.830000000    0.626754422    0.628339714    0.632110522
   15.840000000    0.626556303    0.627079529    0.630243358
   15.850000000    0.625167367    0.624682464    0.627860684
   15.860000000    0.623088760    0.621701016    0.625206147
   15.870000000    0.620733240    0.618693930    0.622166585
   15.880000000    0.618346144    0.616102451    0.618754155
   15.890000000    0.616118093    0.614205325    0.615470363
   15.900000000    0.614253873    0.613076402    0.612995465
   15.910000000    0.612856120    0.612514956    0.611625618
   15.920000000    0.611791710    0.612119330    0.611166775
   15.930000000    0.610720944    0.611561983    0.611211144
   15.940000000    0.609298495    0.610795107    0.611294968
   15.950000000    0.607482422    0.609965556    0.610935155
   15.960000000    0.605663646    0.609157728    0.609799530
   15.970000000    0.604444928    0.608334010    0.607847391
   15.980000000    0.604285526    0.607526690    0.605194840
   15.990000000    0.605276403    0.606892574    0.601905920
   16.000000000    0.607174441    0.606591857    0.598019875
   16.010000000    0.609635180    0.606760905    0.593724154
   16.020000000    0.612420801    0.607546111    0.589394786
   16.030000000    0.615426745    0.609036242    0.585380888
   16.040000000    0.618625208    0.611150884    0.581784643
   16.050000000    0.622088014    0.613702687    0.578565606
   16.060000000    0.625983202    0.616601825    0.575727799
   16.070000000    0.630372267    0.619863353    0.573190675
   16.080000000    0.634931294    0.623351582    0.570628731
   16.090000000    0.638866654    0.626620388    0.567758937
   16.100000000    0.641276837    0.629170356    0.564843526
   16.110000000    0.641858145    0.630943615    0.562736079
   16.120000000    0.641249922    0.632524856    0.562401355
   16.130000000    0.640566337    0.634776953    0.564410825
   16.140000000    0.640623931    0.638196641    0.568717390
   16.150000000    0.641656801    0.642615269    0.574742974
   16.160000000    0.643611474    0.647489462    0.581643756
   16.170000000    0.646431685    0.652324537    0.588492685
   16.180000000    0.649979414    0.656802221    0.594372936
   16.190000000    0.653879425    0.660744231    0.598620827
   16.200000000    0.657661526    0.664158799    0.601004612
   16.210000000    0.661040639    0.667233601    0.601428344
   16.220000000    0.663947597    0.670135515    0.599716889
   16.230000000    0.666274361    0.672780349    0.596033175
   16.240000000    0.667739677    0.674865877    0.591284719
   16.250000000    0.668185763    0.676218317    0.586811941
   16.260000000    0.667915370    0.676995369    0.583506009
   16.270000000    0.667601270    0.677537008    0.581213811
   16.280000000    0.667931307    0.678201472    0.579158909
   16.290000000    0.669287661    0.679273696    0.576890978
   16.300000000    0.671631755    0.680868699    0.574599408
   16.310000000    0.674704219    0.682946099    0.572663563
   16.320000000    0.678318860    0.685399506    0.571236941
   16.330000000    0.682438195    0.688091000    0.570243006
   16.340000000    0.687054017    0.690868989    0.569593098
   16.350000000    0.692132884    0.693646637    0.569347539
   16.360000000    0.697717266    0.696511172    0.569637872
   16.370000000    0.703951037    0.699712866    0.570406568
   16.380000000    0.710939212    0.703515518    0.571303782
   16.390000000    0.718648650    0.708126985    0.571940847
   16.400000000    0.726852975    0.713656644    0.572082340
   16.410000000    0.735082615    0.719941001    0.571338864
   16.420000000    0.742734489    0.726496143    0.568842270
   16.430000000    0.749281945    0.732768039    0.563675617
   16.440000000    0.754488496    0.738515228    0.555789031
   16.450000000    0.758569882    0.744042352    0.546344953
   16.460000000    0.762053835    0.749962702    0.537032249
   16.470000000    0.765414353    0.756651406    0.529114123
   16.480000000    0.768897372    0.763958268    0.523128332
   16.490000000    0.772500893    0.771351518    0.519146361
   16.500000000    0.775974664    0.778247751    0.517039917
   16.510000000    0.779024943    0.784299889    0.516598106
   16.520000000    0.781653366    0.789500210    0.517616815
   16.530000000    0.784188146    0.793991827    0.519963255
   16.540000000    0.786790227    0.797653498    0.523431763
   16.550000000    0.788927905    0.799838321    0.527485962
   16.560000000    0.789582939    0.799686147    0.531277565
   16.570000000    0.788138276    0.796865198    0.533982388
   16.580000000    0.784945192    0.792001163    0.535185078
   16.590000000    0.781003580    0.786316522    0.535016222
   16.600000000    0.777296924    0.780908039    0.533891233
   16.610000000    0.774355330    0.776351401    0.532157631
   16.620000000    0.772144004    0.772755915    0.530039811
   16.630000000    0.770187808    0.769891420    0.527775802
   16.640000000    0.767748748    0.767140924    0.525631191
   16.650000000    0.764027826    0.763606118    0.523731010
   16.660000000    0.758570878    0.758729919    0.521990025
   16.670000000    0.751548332    0.752748100    0.520311672
   16.680000000    0.743506142    0.746226047    0.518765744
   16.690000000    0.735026719    0.739418539    0.517519119
   16.700000000    0.726683347    0.732274808    0.516721088
   16.710000000    0.719087742    0.724835419    0.516488020
   16.720000000    0.712797395    0.717448070    0.516843782
   16.730000000    0.708025384    0.710559951    0.517606549
   16.740000000    0.704482576    0.704435999    0.518410804
   16.750000000    0.701653988    0.699171764    0.518887109
   16.760000000    0.699166484    0.694778768    0.518871074
   16.770000000    0.696751857    0.691051696    0.518453371
   16.780000000    0.693954680    0.687390030    0.517744273
   16.790000000    0.690165615    0.682997463    0.516662968
   16.800000000    0.684989489    0.677422083    0.515037644
   16.810000000    0.678507371    0.670871805    0.512850818
   16.820000000    0.671226182    0.664001972    0.510359598
   16.830000000    0.663674070    0.657368226    0.507913187
   16.840000000    0.656032034    0.651047968    0.505588236
   16.850000000    0.648269387    0.644797454    0.503033615
   16.860000000    0.640414369    0.638413991    0.499763762
   16.870000000    0.632587687    0.631896270    0.495641860
   16.880000000    0.625015824    0.625463485    0.491016982
   16.890000000    0.618073951    0.619514107    0.486458226
   16.900000000    0.612145728    0.614458878    0.482478995
   16.910000000    0.607332463    0.610435653    0.479386852
   16.920000000    0.603364763    0.607192477    0.477218278
   16.930000000    0.599819067    0.604299529    0.475772004
   16.940000000    0.596357303    0.601404681    0.474716280
   16.950000000    0.592879081    0.598371016    0.473750469
   16.960000000    0.589591250    0.595325694    0.472735556
   16.970000000    0.586869070    0.592572617    0.471688034
   16.980000000    0.584896794    0.590347699    0.470618775
   16.990000000    0.583375000    0.588527876    0.469388943
   17.000000000    0.581669157    0.586613703    0.467823085
   17.010000000    0.579319693    0.584106295    0.465959669
   17.020000000    0.576360861    0.580858447    0.464102534
   17.030000000    0.573208926    0.577086930    0.462643526
   17.040000000    0.570334603    0.573164782    0.461849013
   17.050000000    0.567895405    0.569323252    0.461699282
   17.060000000    0.565607733    0.565520846    0.461889979
   17.070000000    0.563137685    0.561728645    0.462106602
   17.080000000    0.560636064    0.558267800    0.462384464
   17.090000000    0.558665814    0.555625853    0.463149478
   17.100000000    0.557581479    0.553944316    0.464852358
   17.110000000    0.557249532    0.552940640    0.467631816
   17.120000000    0.557361933    0.552344439    0.471367401
   17.130000000    0.557681063    0.552147201    0.475842292
   17.140000000    0.557920250    0.552377436    0.480629045
   17.150000000    0.557689372    0.552845566    0.485014212
   17.160000000    0.556734992    0.553210904    0.488373909
   17.170000000    0.555166928    0.553241461    0.490633364
   17.180000000    0.553373185    0.552960563    0.492263532
   17.190000000    0.551688169    0.552507009    0.493817295
   17.200000000    0.550188752    0.551900132    0.495510042
   17.210000000    0.548841088    0.551018689    0.497267878
   17.220000000    0.547733117    0.549780432    0.499029401
   17.230000000    0.547107799    0.548343687    0.500922825
   17.240000000    0.547210965    0.547110721    0.503204732
   17.250000000    0.548085658    0.546441233    0.506009065
   17.260000000    0.549546849    0.546421209    0.509154484
   17.270000000    0.551357338    0.546927014    0.512190240
   17.280000000    0.553316754    0.547758513    0.514533624
   17.290000000    0.555168794    0.548663696    0.515626911
   17.300000000    0.556507780    0.549322376    0.515219952
   17.310000000    0.556904607    0.549427829    0.513599742
   17.320000000    0.556273708    0.548944500    0.511520832
   17.330000000    0.555082870    0.548286231    0.509855627
   17.340000000    0.554020119    0.548031857    0.509117033
   17.350000000    0.553404886    0.548360195    0.509137594
   17.360000000    0.552964512    0.548853409    0.509160403
   17.370000000    0.552168974    0.548950960    0.508327982
   17.380000000    0.550738946    0.548529632    0.506288613
   17.390000000    0.548827628    0.547938305    0.503402486
   17.400000000    0.546815058    0.547589533    0.500398285
   17.410000000    0.545080670    0.547708901    0.497919938
   17.420000000    0.543935569    0.548382590    0.496324762
   17.430000000    0.543597992    0.549650060    0.495729659
   17.440000000    0.544162993    0.551522529    0.496061438
   17.450000000    0.545575337    0.553874597    0.497016199
   17.460000000    0.547621054    0.556348523    0.498148733
   17.470000000    0.549990911    0.558541419    0.499148168
   17.480000000    0.552419404    0.560314716    0.500086453
   17.490000000    0.554785190    0.561813409    0.501500396
   17.500000000    0.557064453    0.563209886    0.504179852
   17.510000000    0.559199749    0.564497347    0.508632774
   17.520000000    0.561098823    0.565543207    0.514631926
   17.530000000    0.562795097    0.566323591    0.521353086
   17.540000000    0.564470228    0.566979516    0.528023989
   17.550000000    0.566250372    0.567608804    0.534441301
   17.560000000    0.568091648    0.568165139    0.540945635
   17.570000000    0.569904319    0.568633089    0.548024829
   17.580000000    0.571692784    0.569197596    0.555938848
   17.590000000    0.573499621    0.570153143    0.564611466
   17.600000000    0.575339896    0.571752682    0.573779371
   17.610000000    0.577341013    0.574263262    0.583240609
   17.620000000    0.579762706    0.577943260    0.592934542
   17.630000000    0.582694233    0.582702539    0.602772755
   17.640000000    0.585846766    0.587878567    0.612545495
   17.650000000    0.588728306    0.592522250    0.622020418
   17.660000000    0.591011127    0.595939996    0.630865667
   17.670000000    0.592803416    0.598038593    0.638514753
   17.680000000    0.594613058    0.599295325    0.644428378
   17.690000000    0.596964793    0.600431471    0.648466572
   17.700000000    0.600005908    0.602011567    0.650884292
   17.710000000    0.603480215    0.604190017    0.652027894
   17.720000000    0.606937318    0.606702827    0.652014394
   17.730000000    0.609855555    0.609052594    0.650680873
   17.740000000    0.611705095    0.610688931    0.647825838
   17.750000000    0.612142904    0.611171351    0.643422293
   17.760000000    0.611273905    0.610414740    0.637650740
   17.770000000    0.609671707    0.608785031    0.630896814
   17.780000000    0.608097934    0.606896062    0.623797726
   17.790000000    0.607193216    0.605345701    0.617185552
   17.800000000    0.607288497    0.604537753    0.611881952
   17.810000000    0.608283802    0.604556171    0.608500515
   17.820000000    0.609707674    0.605198220    0.607330586
   17.830000000    0.611046794    0.606186765    0.608319680
   17.840000000    0.612052657    0.607328429    0.611156804
   17.850000000    0.612753681    0.608515590    0.615429811
   17.860000000    0.613264115    0.609672230    0.620758740
   17.870000000    0.613619491    0.610744804    0.626745677
   17.880000000    0.613759885    0.611721385    0.632735947
   17.890000000    0.613631720    0.612605026    0.637664637
   17.900000000    0.613341148    0.613416895    0.640405468
   17.910000000    0.613188174    0.614230859    0.640569990
   17.920000000    0.613479466    0.615133698    0.638958413
   17.930000000    0.614326022    0.616164896    0.637021575
   17.940000000    0.615588676    0.617286726    0.635812125
   17.950000000    0.616977904    0.618421699    0.635463974
   17.960000000    0.618241787    0.619572900    0.635521239
   17.970000000    0.619314042    0.620894523    0.635585381
   17.980000000    0.620398179    0.622642289    0.635651471
   17.990000000    0.621909101    0.625015113    0.636008117
   18.000000000    0.624181507    0.627971982    0.637033495
   18.010000000    0.627185521    0.631213036    0.639057443
   18.020000000    0.630534906    0.634300177    0.642215616
   18.030000000    0.633748630    0.636774945    0.646355766
   18.040000000    0.636493333    0.638293996    0.651100351
   18.050000000    0.638603603    0.638760111    0.656045035
   18.060000000    0.640014897    0.638376103    0.660931381
   18.070000000    0.640756436    0.637545233    0.665598206
   18.080000000    0.640950565    0.636638712    0.669872967
   18.090000000    0.640810188    0.635878505    0.673591535
   18.100000000    0.640593879    0.635408231    0.676582105
   18.110000000    0.640454791    0.635323001    0.678597290
   18.120000000    0.640322296    0.635594989    0.679353884
   18.130000000    0.639964772    0.636040202    0.678669112
   18.140000000    0.639195647    0.636404041    0.676639453
   18.150000000    0.638103017    0.636552188    0.673775424
   18.160000000    0.637074102    0.636596943    0.670812037
   18.170000000    0.636490594    0.636779026    0.668223893
   18.180000000    0.636410823    0.637213410    0.665965893
   18.190000000    0.636574439    0.637749684    0.663600786
   18.200000000    0.636613284    0.638024700    0.660482524
   18.210000000    0.636256588    0.637667521    0.655922124
   18.220000000    0.635461804    0.636568867    0.649458670
   18.230000000    0.634395588    0.634985912    0.641166285
   18.240000000    0.633274093    0.633337867    0.631716266
   18.250000000    0.632213622    0.631900998    0.622028619
   18.260000000    0.631190147    0.630702753    0.612855201
   18.270000000    0.630112374    0.629647910    0.604635173
   18.280000000    0.628952775    0.628692296    0.597478572
   18.290000000    0.627806571    0.627907744    0.591171515
   18.300000000    0.626745390    0.627341479    0.585337028
   18.310000000    0.625559981    0.626754588    0.579720464
   18.320000000    0.623778036    0.625601947    0.574376887
   18.330000000    0.621059028    0.623376722    0.569653295
   18.340000000    0.617555289    0.619987266    0.566056358
   18.350000000    0.613916915    0.615867545    0.564028473
   18.360000000    0.610981450    0.611785597    0.563656344
   18.370000000    0.609346148    0.608458363    0.564573354
   18.380000000    0.609038223    0.606173684    0.566156821
   18.390000000    0.609445925    0.604627933    0.567777846
   18.400000000    0.609604955    0.603121942    0.568965828
   18.410000000    0.608699839    0.601038545    0.569511798
   18.420000000    0.606416334    0.598234352    0.569524507
   18.430000000    0.602988825    0.595074618    0.569410039
   18.440000000    0.599049845    0.592182308    0.569691173
   18.450000000    0.595336373    0.590089876    0.570767646
   18.460000000    0.592366557    0.589013108    0.572856930
   18.470000000    0.590311718    0.588868997    0.576083214
   18.480000000    0.589094826    0.589405532    0.580475782
   18.490000000    0.588542409    0.590308807    0.585769673
   18.500000000    0.588459581    0.591290222    0.591224420
   18.510000000    0.588645614    0.592143457    0.595817877
   18.520000000    0.588892864    0.592733404    0.598758196
   18.530000000    0.589028370    0.592990672    0.599826589
   18.540000000    0.589017196    0.592991798    0.599331783
   18.550000000    0.589013665    0.592999234    0.597891076
   18.560000000    0.589284038    0.593354715    0.596234542
   18.570000000    0.590007970    0.594288013    0.594977201
   18.580000000    0.591109528    0.595789694    0.594407777
   18.590000000    0.592332012    0.597652141    0.594524736
   18.600000000    0.593462343    0.599599195    0.595219980
   18.610000000    0.594449377    0.601389199    0.596360162
   18.620000000    0.595333503    0.602854154    0.597720433
   18.630000000    0.596089420    0.603871205    0.598877795
   18.640000000    0.596598752    0.604341131    0.599300285
   18.650000000    0.596807108    0.604234009    0.598709745
   18.660000000    0.596864246    0.603639236    0.597353106
   18.670000000    0.597082057    0.602748858    0.595826559
   18.680000000    0.597706018    0.601749119    0.594646174
   18.690000000    0.598616682    0.600644400    0.593932688
   18.700000000    0.599257828    0.599195630    0.593346818
   18.710000000    0.599025117    0.597151835    0.592328137
   18.720000000    0.597761776    0.594542853    0.590492771
   18.730000000    0.595803125    0.591677177    0.587870112
   18.740000000    0.593615956    0.588899223    0.584821124
   18.750000000    0.591458423    0.586392413    0.581769273
   18.760000000    0.589312155    0.584194077    0.579055203
   18.770000000    0.587097787    0.582361074    0.576981472
   18.780000000    0.584914537    0.581052406    0.575769731
   18.790000000    0.582995663    0.580398328    0.575428843
   18.800000000    0.581462250    0.580310938    0.575787999
   18.810000000    0.580197317    0.580457105    0.576620148
   18.820000000    0.578959759    0.580421215    0.577708050
   18.830000000    0.577576867    0.579919621    0.578903663
   18.840000000    0.576052589    0.578949745    0.580161268
   18.850000000    0.574573078    0.577797596    0.581472034
   18.860000000    0.573416927    0.576871115    0.582771273
   18.870000000    0.572807850    0.576482321    0.583986750
   18.880000000    0.572848187    0.576765666    0.585204330
   18.890000000    0.573609111    0.577746686    0.586679879
   18.900000000    0.575214372    0.579395175    0.588628157
   18.910000000    0.577745598    0.581591242    0.591086352
   18.920000000    0.581039292    0.584062131    0.593950802
   18.930000000    0.584613606    0.586370104    0.597001119
   18.940000000    0.587855564    0.588052187    0.599931929
   18.950000000    0.590227411    0.588792130    0.602425837
   18.960000000    0.591285314    0.588415226    0.604181778
   18.970000000    0.590745226    0.586873609    0.604990550
   18.980000000    0.588724419    0.584400486    0.604883237
   18.990000000    0.585862839    0.581560628    0.604136571
   19.000000000    0.583054876    0.578972780    0.603098512
   19.010000000    0.580975609    0.576990322    0.602078932
   19.020000000    0.579853835    0.575679023    0.601397508
   19.030000000    0.579605292    0.574997213    0.601407520
   19.040000000    0.580030583    0.574891433    0.602386021
   19.050000000    0.580860328    0.575226680    0.604428318
   19.060000000    0.581731867    0.575724878    0.607458057
   19.070000000    0.582304856    0.576091628    0.611222789
   19.080000000    0.582486433    0.576253405    0.615253933
   19.090000000    0.582479615    0.576410078    0.618952204
   19.100000000    0.582563276    0.576810045    0.621759175
   19.110000000    0.582861557    0.577513451    0.623303753
   19.120000000    0.583338761    0.578383144    0.623533306
   19.130000000    0.583948802    0.579249526    0.622731486
   19.140000000    0.584741118    0.580070194    0.621335934
   19.150000000    0.585848899    0.580998669    0.619741403
   19.160000000    0.587383803    0.582319723    0.618214979
   19.170000000    0.589309492    0.584255774    0.616882922
   19.180000000    0.591376197    0.586792356    0.615772701
   19.190000000    0.593202114    0.589679171    0.614866146
   19.200000000    0.594538802    0.592605442    0.614133661
   19.210000000    0.595483307    0.595366944    0.613524985
   19.220000000    0.596340907    0.597841397    0.612912358
   19.230000000    0.597286701    0.599859325    0.612132066
   19.240000000    0.598191693    0.601176516    0.611141084
   19.250000000    0.598711295    0.601567354    0.610099733
   19.260000000    0.598528168    0.600939231    0.609316554
   19.270000000    0.597553397    0.599390744    0.609088017
   19.280000000    0.595929294    0.597174622    0.609490483
   19.290000000    0.593883073    0.594569903    0.610266521
   19.300000000    0.591545223    0.591702138    0.610873009
   19.310000000    0.588844900    0.588467003    0.610657549
   19.320000000    0.585592433    0.584694237    0.609176902
   19.330000000    0.581736523    0.580431750    0.606486294
   19.340000000    0.577525733    0.576044911    0.603079389
   19.350000000    0.573325276    0.571991908    0.599516135
   19.360000000    0.569312235    0.568533631    0.596123794
   19.370000000    0.565443456    0.565691783    0.593066870
   19.380000000    0.561653855    0.563366737    0.590615213
   19.390000000    0.557988467    0.561407961    0.589188152
   19.400000000    0.554556387    0.559650787    0.589075675
   19.410000000    0.551433720    0.557996548    0.590151155
   19.420000000    0.548686376    0.556509060    0.591958823
   19.430000000    0.546470668    0.555384407    0.594105715
   19.440000000    0.545025867    0.554777237    0.596478670
   19.450000000    0.544517639    0.554645465    0.599081038
   19.460000000    0.544907009    0.554791189    0.601767139
   19.470000000    0.545966490    0.555071874    0.604166587
   19.480000000    0.547341983    0.555471711    0.605854952
   19.490000000    0.548587548    0.555912590    0.606650721
   19.500000000    0.549250511    0.556124500    0.606763391
   19.510000000    0.549065171    0.555815915    0.606664398
   19.520000000    0.548110247    0.554908725    0.606792145
   19.530000000    0.546698608    0.553508067    0.607239656
   19.540000000    0.545086852    0.551718269    0.607676628
   19.550000000    0.543325501    0.549587046    0.607615851
   19.560000000    0.541302660    0.547131486    0.606783210
   19.570000000    0.538848023    0.544318357    0.605321920
   19.580000000    0.535870199    0.541073257    0.603717720
   19.590000000    0.532457524    0.537350775    0.602443148
   19.600000000    0.528837485    0.533189794    0.601567854
   19.610000000    0.525221879    0.528701646    0.600701494
   19.620000000    0.521705966    0.524032491    0.599308464
   19.630000000    0.518368880    0.519368027    0.597140399
   19.640000000    0.515371512    0.514909500    0.594438021
   19.650000000    0.512824311    0.510774265    0.591711704
   19.660000000    0.510684478    0.506975611    0.589399936
   19.670000000    0.508913836    0.503571992    0.587804972
   19.680000000    0.507616266    0.500769378    0.587190926
   19.690000000    0.506894781    0.498776186    0.587674982
   19.700000000    0.506631400    0.497588565    0.588975454
   19.710000000    0.506488447    0.496948638    0.590444041
   19.720000000    0.506121365    0.496466947    0.591464726
   19.730000000    0.505365724    0.495766999    0.591804796
   19.740000000    0.504207741    0.494545200    0.591606277
   19.750000000    0.502650496    0.492634978    0.591107096
   19.760000000    0.500681147    0.490105851    0.590335401
   19.770000000    0.498309791    0.487210166    0.589060842
   19.780000000    0.495551006    0.484174877    0.587030467
   19.790000000    0.492330814    0.481037377    0.584136477
   19.800000000    0.488497512    0.477688607    0.580405637
   19.810000000    0.484039213    0.474120195    0.576055960
   19.820000000    0.479273132    0.470611266    0.571619035
   19.830000000    0.474759426    0.467600092    0.567844204
   19.840000000    0.471009364    0.465382180    0.565368055
   19.850000000    0.468223894    0.463967894    0.564444349
   19.860000000    0.466226141    0.463141343    0.564886134
   19.870000000    0.464574018    0.462545879    0.566167197
   19.880000000    0.462754575    0.461768567    0.567616679
   19.890000000    0.460404552    0.460502821    0.568640368
   19.900000000    0.457497644    0.458724256    0.568955543
   19.910000000    0.454350484    0.456691348    0.568700467
   19.920000000    0.451399622    0.454740607    0.568211554
   19.930000000    0.448936755    0.453070033    0.567638862
   19.940000000    0.447029589    0.451719850    0.566825591
   19.950000000    0.445643010    0.450721327    0.565567236
   19.960000000    0.444759597    0.450154829    0.563884416
   19.970000000    0.444359333    0.450028911    0.561992548
   19.980000000    0.444312072    0.450169582    0.560099242
   19.990000000    0.444330223    0.450253722    0.558331846
   20.000000000    0.444047820    0.449911662    0.556745272
   20.010000000    0.443164925    0.448809929    0.555247830
   20.020000000    0.441546838    0.446745181    0.553614916
   20.030000000    0.439180979    0.443706607    0.551637001
   20.040000000    0.436052461    0.439814639    0.549154773
   20.050000000    0.432157469    0.435264995    0.546008709
