# energy grid [eV]     ieps_x  ieps_y  ieps_z
#
    0.050000000    6.731609370    6.735988542    6.901618901
    0.060000000    6.731088191    6.735462847    6.901082328
    0.070000000    6.730499631    6.734869195    6.900476376
    0.080000000    6.729847802    6.734211734    6.899805275
    0.090000000    6.729135536    6.733493323    6.899071937
    0.100000000    6.728364799    6.732715949    6.898278384
    0.110000000    6.727536982    6.731881017    6.897426044
    0.120000000    6.726653091    6.730989544    6.896515949
    0.130000000    6.725713880    6.730042294    6.895548872
    0.140000000    6.724719932    6.729039858    6.894525408
    0.150000000    6.723671713    6.727982708    6.893446034
    0.160000000    6.722569610    6.726871241    6.892311144
    0.170000000    6.721413960    6.725705797    6.891121079
    0.180000000    6.720205057    6.724486678    6.889876140
    0.190000000    6.718943176    6.723214164    6.888576601
    0.200000000    6.717628570    6.721888515    6.887222720
    0.210000000    6.716261483    6.720509981    6.885814743
    0.220000000    6.714842153    6.719078805    6.884352907
    0.230000000    6.713370811    6.717595226    6.882837449
    0.240000000    6.711847690    6.716059482    6.881268598
    0.250000000    6.710273021    6.714471811    6.879646588
    0.260000000    6.708647036    6.712832450    6.877971652
    0.270000000    6.706969968    6.711141641    6.876244025
    0.280000000    6.705242057    6.709399629    6.874463944
    0.290000000    6.703463541    6.707606660    6.872631651
    0.300000000    6.701634666    6.705762985    6.870747390
    0.310000000    6.699755678    6.703868860    6.868811410
    0.320000000    6.697826830    6.701924543    6.866823962
    0.330000000    6.695848379    6.699930297    6.864785305
    0.340000000    6.693820583    6.697886390    6.862695697
    0.350000000    6.691743709    6.695793095    6.860555406
    0.360000000    6.689618024    6.693650687    6.858364699
    0.370000000    6.687443803    6.691459447    6.856123851
    0.380000000    6.685221322    6.689219660    6.853833141
    0.390000000    6.682950863    6.686931615    6.851492849
    0.400000000    6.680632712    6.684595606    6.849103264
    0.410000000    6.678267158    6.682211930    6.846664674
    0.420000000    6.675854496    6.679780889    6.844177375
    0.430000000    6.673395023    6.677302787    6.841641666
    0.440000000    6.670889040    6.674777934    6.839057848
    0.450000000    6.668336852    6.672206643    6.836426227
    0.460000000    6.665738768    6.669589230    6.833747114
    0.470000000    6.663095099    6.666926015    6.831020821
    0.480000000    6.660406162    6.664217322    6.828247665
    0.490000000    6.657672275    6.661463476    6.825427966
    0.500000000    6.654893760    6.658664806    6.822562046
    0.510000000    6.652070941    6.655821647    6.819650233
    0.520000000    6.649204146    6.652934332    6.816692855
    0.530000000    6.646293705    6.650003200    6.813690243
    0.540000000    6.643339952    6.647028592    6.810642734
    0.550000000    6.640343221    6.644010851    6.807550663
    0.560000000    6.637303852    6.640950322    6.804414372
    0.570000000    6.634222183    6.637847353    6.801234201
    0.580000000    6.631098559    6.634702294    6.798010496
    0.590000000    6.627933322    6.631515497    6.794743602
    0.600000000    6.624726819    6.628287316    6.791433870
    0.610000000    6.621479399    6.625018106    6.788081648
    0.620000000    6.618191412    6.621708223    6.784687289
    0.630000000    6.614863209    6.618358028    6.781251148
    0.640000000    6.611495143    6.614967880    6.777773580
    0.650000000    6.608087568    6.611538140    6.774254942
    0.660000000    6.604640840    6.608069171    6.770695592
    0.670000000    6.601155316    6.604561335    6.767095889
    0.680000000    6.597631353    6.601014999    6.763456196
    0.690000000    6.594069310    6.597430526    6.759776872
    0.700000000    6.590469547    6.593808283    6.756058282
    0.710000000    6.586832424    6.590148636    6.752300788
    0.720000000    6.583158301    6.586451954    6.748504755
    0.730000000    6.579447540    6.582718602    6.744670547
    0.740000000    6.575700502    6.578948949    6.740798531
    0.750000000    6.571917550    6.575143363    6.736889071
    0.760000000    6.568099046    6.571302211    6.732942533
    0.770000000    6.564245352    6.567425863    6.728959285
    0.780000000    6.560356830    6.563514685    6.724939692
    0.790000000    6.556433843    6.559569047    6.720884121
    0.800000000    6.552476753    6.555589315    6.716792939
    0.810000000    6.548485922    6.551575856    6.712666511
    0.820000000    6.544461710    6.547529037    6.708505203
    0.830000000    6.540404480    6.543449225    6.704309382
    0.840000000    6.536314593    6.539336784    6.700079413
    0.850000000    6.532192407    6.535192081    6.695815661
    0.860000000    6.528038282    6.531015478    6.691518490
    0.870000000    6.523852577    6.526807339    6.687188263
    0.880000000    6.519635651    6.522568027    6.682825345
    0.890000000    6.515387859    6.518297902    6.678430097
    0.900000000    6.511109558    6.513997325    6.674002880
    0.910000000    6.506801102    6.509666655    6.669544055
    0.920000000    6.502462847    6.505306250    6.665053983
    0.930000000    6.498095144    6.500916467    6.660533020
    0.940000000    6.493698345    6.496497660    6.655981525
    0.950000000    6.489272800    6.492050184    6.651399854
    0.960000000    6.484818858    6.487574391    6.646788362
    0.970000000    6.480336867    6.483070632    6.642147403
    0.980000000    6.475827173    6.478539256    6.637477329
    0.990000000    6.471290120    6.473980612    6.632778491
    1.000000000    6.466726052    6.469395045    6.628051239
    1.010000000    6.462135310    6.464782900    6.623295921
    1.020000000    6.457518234    6.460144519    6.618512883
    1.030000000    6.452875161    6.455480244    6.613702470
    1.040000000    6.448206429    6.450790412    6.608865026
    1.050000000    6.443512371    6.446075362    6.604000893
    1.060000000    6.438793322    6.441335429    6.599110409
    1.070000000    6.434049610    6.436570945    6.594193914
    1.080000000    6.429281566    6.431782242    6.589251744
    1.090000000    6.424489517    6.426969650    6.584284233
    1.100000000    6.419673788    6.422133495    6.579291713
    1.110000000    6.414834702    6.417274102    6.574274517
    1.120000000    6.409972579    6.412391794    6.569232971
    1.130000000    6.405087740    6.407486893    6.564167405
    1.140000000    6.400180501    6.402559716    6.559078141
    1.150000000    6.395251176    6.397610580    6.553965503
    1.160000000    6.390300079    6.392639799    6.548829811
    1.170000000    6.385327520    6.387647685    6.543671385
    1.180000000    6.380333807    6.382634548    6.538490541
    1.190000000    6.375319247    6.377600695    6.533287593
    1.200000000    6.370284143    6.372546431    6.528062854
    1.210000000    6.365228798    6.367472059    6.522816633
    1.220000000    6.360153510    6.362377879    6.517549239
    1.230000000    6.355058576    6.357264189    6.512260978
    1.240000000    6.349944293    6.352131285    6.506952152
    1.250000000    6.344810951    6.346979460    6.501623064
    1.260000000    6.339658841    6.341809005    6.496274011
    1.270000000    6.334488252    6.336620209    6.490905292
    1.280000000    6.329299468    6.331413357    6.485517201
    1.290000000    6.324092774    6.326188734    6.480110029
    1.300000000    6.318868449    6.320946620    6.474684066
    1.310000000    6.313626772    6.315687295    6.469239601
    1.320000000    6.308368020    6.310411035    6.463776919
    1.330000000    6.303092467    6.305118114    6.458296303
    1.340000000    6.297800383    6.299808803    6.452798032
    1.350000000    6.292492038    6.294483373    6.447282387
    1.360000000    6.287167698    6.289142088    6.441749642
    1.370000000    6.281827628    6.283785215    6.436200072
    1.380000000    6.276472089    6.278413014    6.430633947
    1.390000000    6.271101342    6.273025745    6.425051538
    1.400000000    6.265715643    6.267623665    6.419453110
    1.410000000    6.260315247    6.262207029    6.413838928
    1.420000000    6.254900406    6.256776089    6.408209254
    1.430000000    6.249471371    6.251331095    6.402564348
    1.440000000    6.244028389    6.245872294    6.396904467
    1.450000000    6.238571706    6.240399931    6.391229867
    1.460000000    6.233101564    6.234914249    6.385540799
    1.470000000    6.227618204    6.229415488    6.379837515
    1.480000000    6.222121865    6.223903885    6.374120263
    1.490000000    6.216612781    6.218379677    6.368389288
    1.500000000    6.211091188    6.212843096    6.362644834
    1.510000000    6.205557316    6.207294374    6.356887142
    1.520000000    6.200011395    6.201733738    6.351116451
    1.530000000    6.194453650    6.196161415    6.345332999
    1.540000000    6.188884307    6.190577628    6.339537018
    1.550000000    6.183303588    6.184982600    6.333728742
    1.560000000    6.177711712    6.179376549    6.327908399
    1.570000000    6.172108898    6.173759693    6.322076219
    1.580000000    6.166495359    6.168132245    6.316232426
    1.590000000    6.160871311    6.162494419    6.310377244
    1.600000000    6.155236963    6.156846425    6.304510893
    1.610000000    6.149592525    6.151188470    6.298633593
    1.620000000    6.143938203    6.145520761    6.292745559
    1.630000000    6.138274201    6.139843501    6.286847007
    1.640000000    6.132600722    6.134156891    6.280938149
    1.650000000    6.126917965    6.128461130    6.275019194
    1.660000000    6.121226129    6.122756417    6.269090351
    1.670000000    6.115525409    6.117042945    6.263151826
    1.680000000    6.109816000    6.111320908    6.257203822
    1.690000000    6.104098092    6.105590495    6.251246541
    1.700000000    6.098371875    6.099851897    6.245280182
    1.710000000    6.092637537    6.094105299    6.239304944
    1.720000000    6.086895263    6.088350885    6.233321021
    1.730000000    6.081145237    6.082588840    6.227328607
    1.740000000    6.075387639    6.076819341    6.221327893
    1.750000000    6.069622650    6.071042569    6.215319069
    1.760000000    6.063850446    6.065258700    6.209302322
    1.770000000    6.058071203    6.059467908    6.203277837
    1.780000000    6.052285095    6.053670365    6.197245797
    1.790000000    6.046492293    6.047866243    6.191206385
    1.800000000    6.040692966    6.042055709    6.185159779
    1.810000000    6.034887282    6.036238931    6.179106158
    1.820000000    6.029075408    6.030416073    6.173045697
    1.830000000    6.023257507    6.024587299    6.166978569
    1.840000000    6.017433740    6.018752769    6.160904946
    1.850000000    6.011604270    6.012912643    6.154825000
    1.860000000    6.005769253    6.007067077    6.148738896
    1.870000000    5.999928846    6.001216229    6.142646804
    1.880000000    5.994083205    5.995360252    6.136548885
    1.890000000    5.988232482    5.989499297    6.130445304
    1.900000000    5.982376828    5.983633515    6.124336222
    1.910000000    5.976516394    5.977763055    6.118221796
    1.920000000    5.970651327    5.971888063    6.112102186
    1.930000000    5.964781773    5.966008686    6.105977546
    1.940000000    5.958907877    5.960125065    6.099848031
    1.950000000    5.953029781    5.954237344    6.093713793
    1.960000000    5.947147627    5.948345661    6.087574982
    1.970000000    5.941261554    5.942450157    6.081431748
    1.980000000    5.935371700    5.936550967    6.075284237
    1.990000000    5.929478201    5.930648227    6.069132595
    2.000000000    5.923581191    5.924742071    6.062976966
    2.010000000    5.917680805    5.918832630    6.056817492
    2.020000000    5.911777173    5.912920036    6.050654315
    2.030000000    5.905870426    5.907004417    6.044487573
    2.040000000    5.899960692    5.901085902    6.038317404
    2.050000000    5.894048097    5.895164615    6.032143944
    2.060000000    5.888132768    5.889240682    6.025967328
    2.070000000    5.882214829    5.883314226    6.019787688
    2.080000000    5.876294401    5.877385368    6.013605156
    2.090000000    5.870371606    5.871454228    6.007419862
    2.100000000    5.864446564    5.865520925    6.001231935
    2.110000000    5.858519392    5.859585577    5.995041501
    2.120000000    5.852590208    5.853648299    5.988848687
    2.130000000    5.846659128    5.847709207    5.982653615
    2.140000000    5.840726264    5.841768412    5.976456410
    2.150000000    5.834791730    5.835826028    5.970257193
    2.160000000    5.828855638    5.829882164    5.964056083
    2.170000000    5.822918097    5.823936930    5.957853198
    2.180000000    5.816979216    5.817990433    5.951648658
    2.190000000    5.811039102    5.812042781    5.945442576
    2.200000000    5.805097862    5.806094078    5.939235068
    2.210000000    5.799155600    5.800144428    5.933026248
    2.220000000    5.793212421    5.794193936    5.926816226
    2.230000000    5.787268426    5.788242701    5.920605114
    2.240000000    5.781323717    5.782290824    5.914393020
    2.250000000    5.775378393    5.776338405    5.908180054
    2.260000000    5.769432554    5.770385541    5.901966322
    2.270000000    5.763486296    5.764432329    5.895751929
    2.280000000    5.757539717    5.758478865    5.889536981
    2.290000000    5.751592912    5.752525244    5.883321579
    2.300000000    5.745645974    5.746571558    5.877105827
    2.310000000    5.739698997    5.740617900    5.870889824
    2.320000000    5.733752072    5.734664361    5.864673672
    2.330000000    5.727805291    5.728711030    5.858457467
    2.340000000    5.721858742    5.722757998    5.852241308
    2.350000000    5.715912514    5.716805350    5.846025290
    2.360000000    5.709966696    5.710853176    5.839809509
    2.370000000    5.704021372    5.704901559    5.833594059
    2.380000000    5.698076630    5.698950585    5.827379032
    2.390000000    5.692132552    5.693000338    5.821164521
    2.400000000    5.686189223    5.687050899    5.814950616
    2.410000000    5.680246724    5.681102351    5.808737406
    2.420000000    5.674305137    5.675154775    5.802524981
    2.430000000    5.668364543    5.669208249    5.796313428
    2.440000000    5.662425020    5.663262854    5.790102833
    2.450000000    5.656486648    5.657318665    5.783893282
    2.460000000    5.650549502    5.651375761    5.777684860
    2.470000000    5.644613661    5.645434217    5.771477649
    2.480000000    5.638679200    5.639494108    5.765271733
    2.490000000    5.632746193    5.633555508    5.759067194
    2.500000000    5.626814714    5.627618490    5.752864111
    2.510000000    5.620884836    5.621683127    5.746662564
    2.520000000    5.614956630    5.615749489    5.740462632
    2.530000000    5.609030169    5.609817648    5.734264394
    2.540000000    5.603105522    5.603887673    5.728067925
    2.550000000    5.597182758    5.597959633    5.721873302
    2.560000000    5.591261946    5.592033595    5.715680600
    2.570000000    5.585343155    5.586109627    5.709489892
    2.580000000    5.579426449    5.580187795    5.703301254
    2.590000000    5.573511897    5.574268165    5.697114755
    2.600000000    5.567599563    5.568350801    5.690930469
    2.610000000    5.561689510    5.562435767    5.684748466
    2.620000000    5.555781804    5.556523126    5.678568816
    2.630000000    5.549876507    5.550612941    5.672391588
    2.640000000    5.543973681    5.544705273    5.666216850
    2.650000000    5.538073387    5.538800183    5.660044670
    2.660000000    5.532175686    5.532897732    5.653875114
    2.670000000    5.526280638    5.526997977    5.647708248
    2.680000000    5.520388302    5.521100979    5.641544137
    2.690000000    5.514498736    5.515206795    5.635382845
    2.700000000    5.508611998    5.509315481    5.629224436
    2.710000000    5.502728145    5.503427096    5.623068972
    2.720000000    5.496847233    5.497541693    5.616916516
    2.730000000    5.490969318    5.491659330    5.610767129
    2.740000000    5.485094455    5.485780059    5.604620871
    2.750000000    5.479222698    5.479903934    5.598477802
    2.760000000    5.473354099    5.474031010    5.592337981
    2.770000000    5.467488714    5.468161337    5.586201466
    2.780000000    5.461626592    5.462294968    5.580068315
    2.790000000    5.455767787    5.456431955    5.573938585
    2.800000000    5.449912349    5.450572347    5.567812332
    2.810000000    5.444060328    5.444716194    5.561689612
    2.820000000    5.438211774    5.438863546    5.555570479
    2.830000000    5.432366737    5.433014452    5.549454989
    2.840000000    5.426525263    5.427168959    5.543343194
    2.850000000    5.420687403    5.421327114    5.537235147
    2.860000000    5.414853202    5.415488966    5.531130901
    2.870000000    5.409022707    5.409654559    5.525030507
    2.880000000    5.403195965    5.403823940    5.518934016
    2.890000000    5.397373021    5.397997154    5.512841479
    2.900000000    5.391553920    5.392174245    5.506752946
    2.910000000    5.385738706    5.386355257    5.500668465
    2.920000000    5.379927423    5.380540235    5.494588085
    2.930000000    5.374120115    5.374729220    5.488511855
    2.940000000    5.368316824    5.368922255    5.482439821
    2.950000000    5.362517592    5.363119383    5.476372031
    2.960000000    5.356722462    5.357320643    5.470308530
    2.970000000    5.350931473    5.351526078    5.464249364
    2.980000000    5.345144668    5.345735727    5.458194578
    2.990000000    5.339362086    5.339949631    5.452144218
    3.000000000    5.333583766    5.334167828    5.446098326
    3.010000000    5.327809748    5.328390357    5.440056946
    3.020000000    5.322040070    5.322617256    5.434020122
    3.030000000    5.316274771    5.316848564    5.427987895
    3.040000000    5.310513888    5.311084318    5.421960307
    3.050000000    5.304757459    5.305324554    5.415937400
    3.060000000    5.299005519    5.299569309    5.409919215
    3.070000000    5.293258106    5.293818618    5.403905791
    3.080000000    5.287515255    5.288072518    5.397897168
    3.090000000    5.281777001    5.282331044    5.391893387
    3.100000000    5.276043380    5.276594229    5.385894484
    3.110000000    5.270314425    5.270862108    5.379900500
    3.120000000    5.264590170    5.265134715    5.373911471
    3.130000000    5.258870650    5.259412082    5.367927435
    3.140000000    5.253155897    5.253694244    5.361948429
    3.150000000    5.247445944    5.247981231    5.355974490
    3.160000000    5.241740823    5.242273076    5.350005652
    3.170000000    5.236040566    5.236569811    5.344041952
    3.180000000    5.230345204    5.230871467    5.338083424
    3.190000000    5.224654769    5.225178074    5.332130103
    3.200000000    5.218969291    5.219489663    5.326182024
    3.210000000    5.213288800    5.213806264    5.320239219
    3.220000000    5.207613326    5.208127906    5.314301723
    3.230000000    5.201942898    5.202454619    5.308369567
    3.240000000    5.196277546    5.196786431    5.302442785
    3.250000000    5.190617299    5.191123370    5.296521408
    3.260000000    5.184962183    5.185465465    5.290605468
    3.270000000    5.179312228    5.179812744    5.284694995
    3.280000000    5.173667461    5.174165233    5.278790022
    3.290000000    5.168027909    5.168522960    5.272890577
    3.300000000    5.162393598    5.162885950    5.266996691
    3.310000000    5.156764556    5.157254231    5.261108393
    3.320000000    5.151140808    5.151627829    5.255225713
    3.330000000    5.145522380    5.146006768    5.249348679
    3.340000000    5.139909298    5.140391073    5.243477319
    3.350000000    5.134301586    5.134780771    5.237611662
    3.360000000    5.128699269    5.129175884    5.231751735
    3.370000000    5.123102372    5.123576438    5.225897566
    3.380000000    5.117510918    5.117982456    5.220049180
    3.390000000    5.111924932    5.112393961    5.214206605
    3.400000000    5.106344436    5.106810978    5.208369867
    3.410000000    5.100769454    5.101233528    5.202538992
    3.420000000    5.095200009    5.095661634    5.196714004
    3.430000000    5.089636122    5.090095318    5.190894930
    3.440000000    5.084077817    5.084534603    5.185081793
    3.450000000    5.078525114    5.078979510    5.179274619
    3.460000000    5.072978036    5.073430060    5.173473430
    3.470000000    5.067436603    5.067886274    5.167678252
    3.480000000    5.061900837    5.062348173    5.161889107
    3.490000000    5.056370757    5.056815778    5.156106018
    3.500000000    5.050846385    5.051289108    5.150329008
    3.510000000    5.045327741    5.045768183    5.144558099
    3.520000000    5.039814843    5.040253024    5.138793314
    3.530000000    5.034307712    5.034743648    5.133034674
    3.540000000    5.028806367    5.029240076    5.127282201
    3.550000000    5.023310827    5.023742325    5.121535916
    3.560000000    5.017821110    5.018250415    5.115795839
    3.570000000    5.012337234    5.012764364    5.110061991
    3.580000000    5.006859218    5.007284188    5.104334393
    3.590000000    5.001387079    5.001809907    5.098613064
    3.600000000    4.995920836    4.996341538    5.092898025
    3.610000000    4.990460505    4.990879096    5.087189293
    3.620000000    4.985006103    4.985422601    5.081486889
    3.630000000    4.979557648    4.979972067    5.075790831
    3.640000000    4.974115155    4.974527512    5.070101137
    3.650000000    4.968678641    4.969088951    5.064417826
    3.660000000    4.963248122    4.963656401    5.058740916
    3.670000000    4.957823613    4.958229877    5.053070425
    3.680000000    4.952405131    4.952809394    5.047406369
    3.690000000    4.946992691    4.947394968    5.041748766
    3.700000000    4.941586307    4.941986613    5.036097633
    3.710000000    4.936185994    4.936584345    5.030452986
    3.720000000    4.930791768    4.931188177    5.024814841
    3.730000000    4.925403642    4.925798124    5.019183216
    3.740000000    4.920021630    4.920414200    5.013558124
    3.750000000    4.914645747    4.915036418    5.007939583
    3.760000000    4.909276006    4.909664792    5.002327608
    3.770000000    4.903912420    4.904299336    4.996722212
    3.780000000    4.898555003    4.898940062    4.991123412
    3.790000000    4.893203768    4.893586984    4.985531222
    3.800000000    4.887858728    4.888240114    4.979945655
    3.810000000    4.882519895    4.882899464    4.974366727
    3.820000000    4.877187281    4.877565047    4.968794451
    3.830000000    4.871860899    4.872236875    4.963228841
    3.840000000    4.866540761    4.866914960    4.957669909
    3.850000000    4.861226878    4.861599313    4.952117670
    3.860000000    4.855919262    4.856289946    4.946572135
    3.870000000    4.850617925    4.850986870    4.941033319
    3.880000000    4.845322877    4.845690096    4.935501232
    3.890000000    4.840034129    4.840399634    4.929975888
    3.900000000    4.834751693    4.835115496    4.924457299
    3.910000000    4.829475579    4.829837693    4.918945476
    3.920000000    4.824205796    4.824566233    4.913440431
    3.930000000    4.818942356    4.819301128    4.907942175
    3.940000000    4.813685269    4.814042387    4.902450719
    3.950000000    4.808434544    4.808790020    4.896966075
    3.960000000    4.803190190    4.803544036    4.891488253
    3.970000000    4.797952218    4.798304445    4.886017264
    3.980000000    4.792720636    4.793071256    4.880553118
    3.990000000    4.787495455    4.787844478    4.875095825
    4.000000000    4.782276681    4.782624120    4.869645396
    4.010000000    4.777064325    4.777410190    4.864201839
    4.020000000    4.771858395    4.772202697    4.858765165
    4.030000000    4.766658899    4.767001649    4.853335382
    4.040000000    4.761465845    4.761807054    4.847912501
    4.050000000    4.756279243    4.756618921    4.842496530
    4.060000000    4.751099098    4.751437257    4.837087477
    4.070000000    4.745925420    4.746262069    4.831685352
    4.080000000    4.740758215    4.741093365    4.826290162
    4.090000000    4.735597492    4.735931153    4.820901917
    4.100000000    4.730443257    4.730775440    4.815520624
    4.110000000    4.725295517    4.725626232    4.810146291
    4.120000000    4.720154280    4.720483536    4.804778925
    4.130000000    4.715019552    4.715347360    4.799418535
    4.140000000    4.709891339    4.710217709    4.794065127
    4.150000000    4.704769649    4.705094590    4.788718709
    4.160000000    4.699654488    4.699978009    4.783379288
    4.170000000    4.694545861    4.694867973    4.778046870
    4.180000000    4.689443774    4.689764486    4.772721463
    4.190000000    4.684348234    4.684667556    4.767403073
    4.200000000    4.679259247    4.679577187    4.762091705
    4.210000000    4.674176817    4.674493386    4.756787367
    4.220000000    4.669100951    4.669416156    4.751490064
    4.230000000    4.664031653    4.664345505    4.746199803
    4.240000000    4.658968929    4.659281436    4.740916588
    4.250000000    4.653912783    4.654223955    4.735640425
    4.260000000    4.648863221    4.649173066    4.730371321
    4.270000000    4.643820248    4.644128774    4.725109279
    4.280000000    4.638783867    4.639091084    4.719854305
    4.290000000    4.633754083    4.634060000    4.714606405
    4.300000000    4.628730902    4.629035526    4.709365582
    4.310000000    4.623714326    4.624017666    4.704131842
    4.320000000    4.618704360    4.619006425    4.698905188
    4.330000000    4.613701008    4.614001806    4.693685626
    4.340000000    4.608704273    4.609003813    4.688473159
    4.350000000    4.603714160    4.604012449    4.683267792
    4.360000000    4.598730672    4.599027719    4.678069528
    4.370000000    4.593753813    4.594049625    4.672878371
    4.380000000    4.588783585    4.589078170    4.667694325
    4.390000000    4.583819992    4.584113359    4.662517393
    4.400000000    4.578863036    4.579155193    4.657347579
    4.410000000    4.573912722    4.574203676    4.652184885
    4.420000000    4.568969052    4.569258810    4.647029316
    4.430000000    4.564032027    4.564320599    4.641880873
    4.440000000    4.559101652    4.559389044    4.636739560
    4.450000000    4.554177929    4.554464148    4.631605379
    4.460000000    4.549260859    4.549545913    4.626478333
    4.470000000    4.544350446    4.544634342    4.621358425
    4.480000000    4.539446690    4.539729437    4.616245656
    4.490000000    4.534549595    4.534831199    4.611140029
    4.500000000    4.529659163    4.529939631    4.606041546
    4.510000000    4.524775394    4.525054734    4.600950209
    4.520000000    4.519898291    4.520176509    4.595866019
    4.530000000    4.515027856    4.515304959    4.590788979
    4.540000000    4.510164089    4.510440085    4.585719090
    4.550000000    4.505306992    4.505581888    4.580656353
    4.560000000    4.500456567    4.500730370    4.575600769
    4.570000000    4.495612815    4.495885530    4.570552341
    4.580000000    4.490775737    4.491047372    4.565511068
    4.590000000    4.485945333    4.486215895    4.560476953
    4.600000000    4.481121605    4.481391100    4.555449995
    4.610000000    4.476304553    4.476572988    4.550430197
    4.620000000    4.471494178    4.471761560    4.545417557
    4.630000000    4.466690481    4.466956816    4.540412077
    4.640000000    4.461893462    4.462158756    4.535413758
    4.650000000    4.457103122    4.457367381    4.530422599
    4.660000000    4.452319461    4.452582692    4.525438601
    4.670000000    4.447542478    4.447804688    4.520461764
    4.680000000    4.442772175    4.443033369    4.515492088
    4.690000000    4.438008551    4.438268735    4.510529572
    4.700000000    4.433251606    4.433510787    4.505574218
    4.710000000    4.428501340    4.428759524    4.500626023
    4.720000000    4.423757752    4.424014945    4.495684989
    4.730000000    4.419020843    4.419277051    4.490751114
    4.740000000    4.414290612    4.414545840    4.485824398
    4.750000000    4.409567058    4.409821313    4.480904841
    4.760000000    4.404850181    4.405103469    4.475992440
    4.770000000    4.400139980    4.400392306    4.471087197
    4.780000000    4.395436454    4.395687824    4.466189108
    4.790000000    4.390739603    4.390990023    4.461298174
    4.800000000    4.386049425    4.386298900    4.456414394
    4.810000000    4.381365920    4.381614456    4.451537765
    4.820000000    4.376689086    4.376936689    4.446668287
    4.830000000    4.372018922    4.372265597    4.441805959
    4.840000000    4.367355427    4.367601180    4.436950777
    4.850000000    4.362698600    4.362943436    4.432102742
    4.860000000    4.358048439    4.358292363    4.427261852
    4.870000000    4.353404943    4.353647960    4.422428104
    4.880000000    4.348768110    4.349010226    4.417601496
    4.890000000    4.344137938    4.344379159    4.412782028
    4.900000000    4.339514426    4.339754756    4.407969695
    4.910000000    4.334897572    4.335137017    4.403164498
    4.920000000    4.330287374    4.330525938    4.398366432
    4.930000000    4.325683829    4.325921519    4.393575497
    4.940000000    4.321086937    4.321323757    4.388791689
    4.950000000    4.316496695    4.316732650    4.384015006
    4.960000000    4.311913101    4.312148196    4.379245446
    4.970000000    4.307336153    4.307570392    4.374483006
    4.980000000    4.302765847    4.302999237    4.369727683
    4.990000000    4.298202183    4.298434727    4.364979474
    5.000000000    4.293645157    4.293876861    4.360238377
    5.010000000    4.289094766    4.289325635    4.355504389
    5.020000000    4.284551010    4.284781047    4.350777506
    5.030000000    4.280013883    4.280243095    4.346057726
    5.040000000    4.275483385    4.275711775    4.341345045
    5.050000000    4.270959512    4.271187086    4.336639460
    5.060000000    4.266442262    4.266669023    4.331940968
    5.070000000    4.261931631    4.262157584    4.327249566
    5.080000000    4.257427616    4.257652767    4.322565249
    5.090000000    4.252930215    4.253154567    4.317888015
    5.100000000    4.248439424    4.248662982    4.313217860
    5.110000000    4.243955241    4.244178009    4.308554781
    5.120000000    4.239477661    4.239699645    4.303898773
    5.130000000    4.235006682    4.235227885    4.299249832
    5.140000000    4.230542301    4.230762727    4.294607955
    5.150000000    4.226084513    4.226304168    4.289973139
    5.160000000    4.221633316    4.221852203    4.285345378
    5.170000000    4.217188706    4.217406829    4.280724669
    5.180000000    4.212750680    4.212968044    4.276111008
    5.190000000    4.208319233    4.208535842    4.271504391
    5.200000000    4.203894362    4.204110220    4.266904813
    5.210000000    4.199476064    4.199691175    4.262312270
    5.220000000    4.195064334    4.195278703    4.257726757
    5.230000000    4.190659170    4.190872799    4.253148271
    5.240000000    4.186260565    4.186473461    4.248576807
    5.250000000    4.181868518    4.182080683    4.244012359
    5.260000000    4.177483024    4.177694462    4.239454925
    5.270000000    4.173104078    4.173314794    4.234904498
    5.280000000    4.168731678    4.168941675    4.230361074
    5.290000000    4.164365817    4.164575099    4.225824649
    5.300000000    4.160006493    4.160215065    4.221295217
    5.310000000    4.155653701    4.155861565    4.216772774
    5.320000000    4.151307437    4.151514598    4.212257315
    5.330000000    4.146967696    4.147174157    4.207748834
    5.340000000    4.142634474    4.142840240    4.203247327
    5.350000000    4.138307766    4.138512840    4.198752789
    5.360000000    4.133987569    4.134191954    4.194265213
    5.370000000    4.129673876    4.129877577    4.189784596
    5.380000000    4.125366685    4.125569705    4.185310932
    5.390000000    4.121065989    4.121268332    4.180844215
    5.400000000    4.116771785    4.116973455    4.176384441
    5.410000000    4.112484068    4.112685067    4.171931603
    5.420000000    4.108202833    4.108403165    4.167485696
    5.430000000    4.103928074    4.104127744    4.163046715
    5.440000000    4.099659788    4.099858798    4.158614654
    5.450000000    4.095397969    4.095596323    4.154189508
    5.460000000    4.091142612    4.091340314    4.149771270
    5.470000000    4.086893713    4.087090765    4.145359935
    5.480000000    4.082651265    4.082847672    4.140955498
    5.490000000    4.078415265    4.078611030    4.136557952
    5.500000000    4.074185707    4.074380832    4.132167292
    5.510000000    4.069962586    4.070157075    4.127783512
    5.520000000    4.065745896    4.065939753    4.123406606
    5.530000000    4.061535632    4.061728860    4.119036567
    5.540000000    4.057331790    4.057524392    4.114673390
    5.550000000    4.053134363    4.053326342    4.110317069
    5.560000000    4.048943346    4.049134706    4.105967597
    5.570000000    4.044758734    4.044949479    4.101624969
    5.580000000    4.040580522    4.040770653    4.097289177
    5.590000000    4.036408704    4.036598225    4.092960217
    5.600000000    4.032243274    4.032432189    4.088638082
    5.610000000    4.028084227    4.028272538    4.084322764
    5.620000000    4.023931557    4.024119268    4.080014259
    5.630000000    4.019785259    4.019972372    4.075712559
    5.640000000    4.015645326    4.015831845    4.071417659
    5.650000000    4.011511754    4.011697682    4.067129551
    5.660000000    4.007384537    4.007569876    4.062848229
    5.670000000    4.003263668    4.003448421    4.058573686
    5.680000000    3.999149142    3.999333313    4.054305916
    5.690000000    3.995040953    3.995224545    4.050044913
    5.700000000    3.990939095    3.991122110    4.045790669
    5.710000000    3.986843562    3.987026004    4.041543178
    5.720000000    3.982754349    3.982936220    4.037302434
    5.730000000    3.978671449    3.978852752    4.033068428
    5.740000000    3.974594856    3.974775595    4.028841155
    5.750000000    3.970524565    3.970704741    4.024620608
    5.760000000    3.966460569    3.966640185    4.020406780
    5.770000000    3.962402862    3.962581922    4.016199663
    5.780000000    3.958351438    3.958529944    4.011999252
    5.790000000    3.954306290    3.954484246    4.007805538
    5.800000000    3.950267414    3.950444821    4.003618515
    5.810000000    3.946234801    3.946411663    3.999438176
    5.820000000    3.942208447    3.942384766    3.995264514
    5.830000000    3.938188345    3.938364123    3.991097522
    5.840000000    3.934174488    3.934349729    3.986937192
    5.850000000    3.930166871    3.930341576    3.982783517
    5.860000000    3.926165486    3.926339659    3.978636491
    5.870000000    3.922170328    3.922343971    3.974496106
    5.880000000    3.918181389    3.918354506    3.970362354
    5.890000000    3.914198665    3.914371257    3.966235228
    5.900000000    3.910222147    3.910394218    3.962114722
    5.910000000    3.906251830    3.906423381    3.958000828
    5.920000000    3.902287708    3.902458742    3.953893537
    5.930000000    3.898329772    3.898500292    3.949792844
    5.940000000    3.894378018    3.894548026    3.945698740
    5.950000000    3.890432438    3.890601937    3.941611219
    5.960000000    3.886493026    3.886662018    3.937530271
    5.970000000    3.882559775    3.882728262    3.933455891
    5.980000000    3.878632679    3.878800663    3.929388071
    5.990000000    3.874711730    3.874879215    3.925326802
    6.000000000    3.870796922    3.870963910    3.921272078
    6.010000000    3.866888248    3.867054741    3.917223891
    6.020000000    3.862985702    3.863151703    3.913182233
    6.030000000    3.859089277    3.859254787    3.909147096
    6.040000000    3.855198966    3.855363988    3.905118473
    6.050000000    3.851314761    3.851479298    3.901096356
    6.060000000    3.847436657    3.847600711    3.897080738
    6.070000000    3.843564646    3.843728220    3.893071610
    6.080000000    3.839698722    3.839861817    3.889068965
    6.090000000    3.835838877    3.836001496    3.885072796
    6.100000000    3.831985105    3.832147250    3.881083093
    6.110000000    3.828137399    3.828299071    3.877099850
    6.120000000    3.824295751    3.824456954    3.873123058
    6.130000000    3.820460155    3.820620890    3.869152711
    6.140000000    3.816630604    3.816790874    3.865188798
    6.150000000    3.812807090    3.812966897    3.861231314
    6.160000000    3.808989607    3.809148953    3.857280250
    6.170000000    3.805178147    3.805337034    3.853335598
    6.180000000    3.801372704    3.801531135    3.849397350
    6.190000000    3.797573270    3.797731246    3.845465497
    6.200000000    3.793779838    3.793937362    3.841540033
    6.210000000    3.789992401    3.790149475    3.837620949
    6.220000000    3.786210952    3.786367578    3.833708236
    6.230000000    3.782435484    3.782591664    3.829801888
    6.240000000    3.778665990    3.778821725    3.825901895
    6.250000000    3.774902461    3.775057755    3.822008250
    6.260000000    3.771144892    3.771299746    3.818120944
    6.270000000    3.767393275    3.767547691    3.814239970
    6.280000000    3.763647602    3.763801582    3.810365319
    6.290000000    3.759907866    3.760061412    3.806496983
    6.300000000    3.756174061    3.756327175    3.802634954
    6.310000000    3.752446178    3.752598862    3.798779224
    6.320000000    3.748724211    3.748876467    3.794929784
    6.330000000    3.745008151    3.745159982    3.791086627
    6.340000000    3.741297993    3.741449399    3.787249743
    6.350000000    3.737593727    3.737744711    3.783419125
    6.360000000    3.733895348    3.734045912    3.779594765
    6.370000000    3.730202847    3.730352993    3.775776653
    6.380000000    3.726516218    3.726665947    3.771964783
    6.390000000    3.722835452    3.722984766    3.768159145
    6.400000000    3.719160542    3.719309444    3.764359731
    6.410000000    3.715491482    3.715639972    3.760566534
    6.420000000    3.711828263    3.711976344    3.756779543
    6.430000000    3.708170877    3.708318552    3.752998752
    6.440000000    3.704519319    3.704666587    3.749224152
    6.450000000    3.700873579    3.701020444    3.745455734
    6.460000000    3.697233650    3.697380114    3.741693490
    6.470000000    3.693599526    3.693745590    3.737937412
    6.480000000    3.689971198    3.690116864    3.734187491
    6.490000000    3.686348659    3.686493928    3.730443718
    6.500000000    3.682731901    3.682876776    3.726706086
    6.510000000    3.679120918    3.679265399    3.722974585
    6.520000000    3.675515700    3.675659790    3.719249208
    6.530000000    3.671916241    3.672059942    3.715529946
    6.540000000    3.668322533    3.668465846    3.711816790
    6.550000000    3.664734568    3.664877495    3.708109731
    6.560000000    3.661152340    3.661294882    3.704408762
    6.570000000    3.657575839    3.657717999    3.700713874
    6.580000000    3.654005059    3.654146838    3.697025059
    6.590000000    3.650439992    3.650581392    3.693342307
    6.600000000    3.646880631    3.647021653    3.689665610
    6.610000000    3.643326967    3.643467613    3.685994960
    6.620000000    3.639778993    3.639919264    3.682330348
    6.630000000    3.636236701    3.636376600    3.678671765
    6.640000000    3.632700084    3.632839612    3.675019203
    6.650000000    3.629169133    3.629308292    3.671372654
    6.660000000    3.625643842    3.625782633    3.667732109
    6.670000000    3.622124203    3.622262627    3.664097558
    6.680000000    3.618610207    3.618748267    3.660468994
    6.690000000    3.615101848    3.615239544    3.656846408
    6.700000000    3.611599117    3.611736451    3.653229792
    6.710000000    3.608102006    3.608238981    3.649619136
    6.720000000    3.604610508    3.604747124    3.646014432
    6.730000000    3.601124616    3.601260875    3.642415671
    6.740000000    3.597644321    3.597780224    3.638822846
    6.750000000    3.594169615    3.594305165    3.635235946
    6.760000000    3.590700491    3.590835688    3.631654964
    6.770000000    3.587236942    3.587371788    3.628079890
    6.780000000    3.583778958    3.583913455    3.624510717
    6.790000000    3.580326533    3.580460682    3.620947435
    6.800000000    3.576879659    3.577013462    3.617390036
    6.810000000    3.573438328    3.573571785    3.613838511
    6.820000000    3.570002532    3.570135646    3.610292851
    6.830000000    3.566572263    3.566705035    3.606753048
    6.840000000    3.563147514    3.563279945    3.603219093
    6.850000000    3.559728276    3.559860368    3.599690977
    6.860000000    3.556314542    3.556446296    3.596168692
    6.870000000    3.552906304    3.553037722    3.592652228
    6.880000000    3.549503555    3.549634637    3.589141578
    6.890000000    3.546106286    3.546237035    3.585636732
    6.900000000    3.542714489    3.542844906    3.582137682
    6.910000000    3.539328157    3.539458243    3.578644419
    6.920000000    3.535947282    3.536077038    3.575156935
    6.930000000    3.532571856    3.532701284    3.571675219
    6.940000000    3.529201870    3.529330972    3.568199265
    6.950000000    3.525837319    3.525966095    3.564729063
    6.960000000    3.522478192    3.522606645    3.561264604
    6.970000000    3.519124483    3.519252613    3.557805879
    6.980000000    3.515776184    3.515903993    3.554352881
    6.990000000    3.512433287    3.512560775    3.550905600
    7.000000000    3.509095784    3.509222953    3.547464027
    7.010000000    3.505763666    3.505890519    3.544028153
    7.020000000    3.502436927    3.502563463    3.540597971
    7.030000000    3.499115558    3.499241780    3.537173471
    7.040000000    3.495799552    3.495925460    3.533754644
    7.050000000    3.492488900    3.492614496    3.530341482
    7.060000000    3.489183595    3.489308880    3.526933975
    7.070000000    3.485883628    3.486008603    3.523532116
    7.080000000    3.482588993    3.482713660    3.520135896
    7.090000000    3.479299680    3.479424040    3.516745305
    7.100000000    3.476015683    3.476139736    3.513360334
    7.110000000    3.472736993    3.472860742    3.509980976
    7.120000000    3.469463602    3.469587047    3.506607222
    7.130000000    3.466195502    3.466318645    3.503239062
    7.140000000    3.462932686    3.463055528    3.499876488
    7.150000000    3.459675146    3.459797688    3.496519491
    7.160000000    3.456422873    3.456545117    3.493168063
    7.170000000    3.453175860    3.453297807    3.489822194
    7.180000000    3.449934100    3.450055750    3.486481876
    7.190000000    3.446697583    3.446818938    3.483147100
    7.200000000    3.443466302    3.443587363    3.479817858
    7.210000000    3.440240250    3.440361018    3.476494140
    7.220000000    3.437019418    3.437139895    3.473175938
    7.230000000    3.433803798    3.433923985    3.469863244
    7.240000000    3.430593383    3.430713281    3.466556048
    7.250000000    3.427388164    3.427507774    3.463254341
    7.260000000    3.424188135    3.424307457    3.459958116
    7.270000000    3.420993286    3.421112323    3.456667363
    7.280000000    3.417803610    3.417922362    3.453382073
    7.290000000    3.414619099    3.414737568    3.450102238
    7.300000000    3.411439745    3.411557932    3.446827849
    7.310000000    3.408265541    3.408383446    3.443558898
    7.320000000    3.405096478    3.405214103    3.440295375
    7.330000000    3.401932548    3.402049894    3.437037272
    7.340000000    3.398773744    3.398890812    3.433784580
    7.350000000    3.395620058    3.395736849    3.430537290
    7.360000000    3.392471482    3.392587997    3.427295395
    7.370000000    3.389328007    3.389444248    3.424058884
    7.380000000    3.386189627    3.386305594    3.420827749
    7.390000000    3.383056333    3.383172027    3.417601983
    7.400000000    3.379928117    3.380043539    3.414381575
    7.410000000    3.376804971    3.376920123    3.411166517
    7.420000000    3.373686888    3.373801771    3.407956801
    7.430000000    3.370573860    3.370688474    3.404752417
    7.440000000    3.367465878    3.367580225    3.401553358
    7.450000000    3.364362935    3.364477016    3.398359614
    7.460000000    3.361265024    3.361378839    3.395171177
    7.470000000    3.358172135    3.358285686    3.391988038
    7.480000000    3.355084262    3.355197550    3.388810189
    7.490000000    3.352001397    3.352114422    3.385637620
    7.500000000    3.348923531    3.349036295    3.382470323
    7.510000000    3.345850656    3.345963160    3.379308290
    7.520000000    3.342782766    3.342895011    3.376151512
    7.530000000    3.339719852    3.339831838    3.372999980
    7.540000000    3.336661906    3.336773635    3.369853685
    7.550000000    3.333608920    3.333720393    3.366712619
    7.560000000    3.330560887    3.330672104    3.363576774
    7.570000000    3.327517798    3.327628762    3.360446140
    7.580000000    3.324479647    3.324590357    3.357320709
    7.590000000    3.321446424    3.321556882    3.354200472
    7.600000000    3.318418123    3.318528329    3.351085421
    7.610000000    3.315394735    3.315504690    3.347975547
    7.620000000    3.312376253    3.312485958    3.344870842
    7.630000000    3.309362668    3.309472125    3.341771297
    7.640000000    3.306353973    3.306463183    3.338676903
    7.650000000    3.303350161    3.303459123    3.335587652
    7.660000000    3.300351223    3.300459939    3.332503535
    7.670000000    3.297357151    3.297465623    3.329424544
    7.680000000    3.294367938    3.294476166    3.326350669
    7.690000000    3.291383576    3.291491561    3.323281904
    7.700000000    3.288404058    3.288511800    3.320218238
    7.710000000    3.285429375    3.285536876    3.317159663
    7.720000000    3.282459519    3.282566780    3.314106172
    7.730000000    3.279494483    3.279601504    3.311057754
    7.740000000    3.276534260    3.276641042    3.308014403
    7.750000000    3.273578840    3.273685385    3.304976108
    7.760000000    3.270628218    3.270734525    3.301942863
    7.770000000    3.267682384    3.267788456    3.298914657
    7.780000000    3.264741331    3.264847168    3.295891483
    7.790000000    3.261805051    3.261910654    3.292873333
    7.800000000    3.258873538    3.258978907    3.289860197
    7.810000000    3.255946782    3.256051918    3.286852067
    7.820000000    3.253024776    3.253129681    3.283848935
    7.830000000    3.250107513    3.250212187    3.280850793
    7.840000000    3.247194984    3.247299428    3.277857631
    7.850000000    3.244287182    3.244391397    3.274869442
    7.860000000    3.241384100    3.241488087    3.271886216
    7.870000000    3.238485729    3.238589488    3.268907946
    7.880000000    3.235592063    3.235695595    3.265934623
    7.890000000    3.232703092    3.232806398    3.262966238
    7.900000000    3.229818810    3.229921891    3.260002784
    7.910000000    3.226939209    3.227042066    3.257044251
    7.920000000    3.224064281    3.224166915    3.254090632
    7.930000000    3.221194018    3.221296430    3.251141918
    7.940000000    3.218328414    3.218430603    3.248198100
    7.950000000    3.215467459    3.215569428    3.245259170
    7.960000000    3.212611148    3.212712896    3.242325120
    7.970000000    3.209759471    3.209861000    3.239395942
    7.980000000    3.206912421    3.207013731    3.236471627
    7.990000000    3.204069991    3.204171084    3.233552166
    8.000000000    3.201232173    3.201333049    3.230637552
    8.010000000    3.198398960    3.198499619    3.227727775
    8.020000000    3.195570343    3.195670787    3.224822829
    8.030000000    3.192746316    3.192846545    3.221922704
    8.040000000    3.189926870    3.190026885    3.219027392
    8.050000000    3.187111998    3.187211800    3.216136884
    8.060000000    3.184301693    3.184401282    3.213251173
    8.070000000    3.181495947    3.181595324    3.210370251
    8.080000000    3.178694751    3.178793918    3.207494108
    8.090000000    3.175898100    3.175997056    3.204622737
    8.100000000    3.173105985    3.173204732    3.201756129
    8.110000000    3.170318398    3.170416936    3.198894276
    8.120000000    3.167535332    3.167633663    3.196037171
    8.130000000    3.164756780    3.164854904    3.193184803
    8.140000000    3.161982734    3.162080651    3.190337167
    8.150000000    3.159213187    3.159310898    3.187494252
    8.160000000    3.156448130    3.156545636    3.184656051
    8.170000000    3.153687557    3.153784859    3.181822557
    8.180000000    3.150931460    3.151028558    3.178993759
    8.190000000    3.148179832    3.148276726    3.176169651
    8.200000000    3.145432664    3.145529357    3.173350225
    8.210000000    3.142689950    3.142786441    3.170535471
    8.220000000    3.139951682    3.140047972    3.167725383
    8.230000000    3.137217852    3.137313942    3.164919951
    8.240000000    3.134488454    3.134584344    3.162119167
    8.250000000    3.131763479    3.131859171    3.159323024
    8.260000000    3.129042920    3.129138414    3.156531514
    8.270000000    3.126326770    3.126422067    3.153744628
    8.280000000    3.123615022    3.123710122    3.150962358
    8.290000000    3.120907667    3.121002571    3.148184696
    8.300000000    3.118204699    3.118299408    3.145411634
    8.310000000    3.115506110    3.115600624    3.142643164
    8.320000000    3.112811893    3.112906213    3.139879277
    8.330000000    3.110122040    3.110216167    3.137119967
    8.340000000    3.107436544    3.107530478    3.134365224
    8.350000000    3.104755398    3.104849140    3.131615041
    8.360000000    3.102078594    3.102172145    3.128869409
    8.370000000    3.099406124    3.099499484    3.126128322
    8.380000000    3.096737982    3.096831153    3.123391770
    8.390000000    3.094074161    3.094167141    3.120659745
    8.400000000    3.091414652    3.091507444    3.117932240
    8.410000000    3.088759448    3.088852052    3.115209247
    8.420000000    3.086108543    3.086200959    3.112490758
    8.430000000    3.083461929    3.083554158    3.109776764
    8.440000000    3.080819598    3.080911641    3.107067258
    8.450000000    3.078181543    3.078273401    3.104362232
    8.460000000    3.075547757    3.075639430    3.101661678
    8.470000000    3.072918233    3.073009722    3.098965588
    8.480000000    3.070292964    3.070384269    3.096273955
    8.490000000    3.067671941    3.067763063    3.093586769
    8.500000000    3.065055159    3.065146098    3.090904024
    8.510000000    3.062442609    3.062533366    3.088225711
    8.520000000    3.059834284    3.059924861    3.085551823
    8.530000000    3.057230178    3.057320574    3.082882351
    8.540000000    3.054630283    3.054720498    3.080217288
    8.550000000    3.052034591    3.052124627    3.077556627
    8.560000000    3.049443096    3.049532954    3.074900358
    8.570000000    3.046855791    3.046945470    3.072248475
    8.580000000    3.044272667    3.044362169    3.069600970
    8.590000000    3.041693719    3.041783043    3.066957834
    8.600000000    3.039118938    3.039208086    3.064319060
    8.610000000    3.036548318    3.036637290    3.061684641
    8.620000000    3.033981852    3.034070648    3.059054568
    8.630000000    3.031419531    3.031508153    3.056428833
    8.640000000    3.028861350    3.028949798    3.053807430
    8.650000000    3.026307302    3.026395576    3.051190350
    8.660000000    3.023757378    3.023845479    3.048577585
    8.670000000    3.021211572    3.021299501    3.045969128
    8.680000000    3.018669877    3.018757634    3.043364971
    8.690000000    3.016132285    3.016219871    3.040765107
    8.700000000    3.013598790    3.013686205    3.038169527
    8.710000000    3.011069385    3.011156630    3.035578224
    8.720000000    3.008544062    3.008631137    3.032991191
    8.730000000    3.006022815    3.006109721    3.030408419
    8.740000000    3.003505636    3.003592373    3.027829901
    8.750000000    3.000992518    3.001079087    3.025255630
    8.760000000    2.998483454    2.998569856    3.022685598
    8.770000000    2.995978438    2.996064673    3.020119797
    8.780000000    2.993477462    2.993563531    3.017558219
    8.790000000    2.990980520    2.991066422    3.015000857
    8.800000000    2.988487603    2.988573341    3.012447704
    8.810000000    2.985998706    2.986084279    3.009898752
    8.820000000    2.983513821    2.983599230    3.007353993
    8.830000000    2.981032942    2.981118187    3.004813420
    8.840000000    2.978556060    2.978641142    3.002277025
    8.850000000    2.976083171    2.976168090    2.999744801
    8.860000000    2.973614266    2.973699023    2.997216740
    8.870000000    2.971149338    2.971233934    2.994692834
    8.880000000    2.968688381    2.968772815    2.992173077
    8.890000000    2.966231388    2.966315662    2.989657461
    8.900000000    2.963778351    2.963862465    2.987145978
    8.910000000    2.961329265    2.961413219    2.984638621
    8.920000000    2.958884121    2.958967917    2.982135382
    8.930000000    2.956442914    2.956526551    2.979636254
    8.940000000    2.954005636    2.954089115    2.977141229
    8.950000000    2.951572281    2.951655602    2.974650301
    8.960000000    2.949142841    2.949226005    2.972163461
    8.970000000    2.946717310    2.946800318    2.969680702
    8.980000000    2.944295681    2.944378532    2.967202018
    8.990000000    2.941877947    2.941960643    2.964727400
    9.000000000    2.939464101    2.939546642    2.962256841
    9.010000000    2.937054137    2.937136523    2.959790334
    9.020000000    2.934648047    2.934730280    2.957327871
    9.030000000    2.932245826    2.932327905    2.954869446
    9.040000000    2.929847465    2.929929391    2.952415050
    9.050000000    2.927452959    2.927534733    2.949964677
    9.060000000    2.925062301    2.925143922    2.947518319
    9.070000000    2.922675484    2.922756953    2.945075969
    9.080000000    2.920292501    2.920373819    2.942637620
    9.090000000    2.917913345    2.917994512    2.940203264
    9.100000000    2.915538010    2.915619027    2.937772895
    9.110000000    2.913166489    2.913247356    2.935346504
    9.120000000    2.910798775    2.910879494    2.932924085
    9.130000000    2.908434862    2.908515432    2.930505631
    9.140000000    2.906074743    2.906155164    2.928091134
    9.150000000    2.903718412    2.903798685    2.925680587
    9.160000000    2.901365860    2.901445986    2.923273983
    9.170000000    2.899017083    2.899097062    2.920871314
    9.180000000    2.896672074    2.896751906    2.918472574
    9.190000000    2.894330825    2.894410511    2.916077756
    9.200000000    2.891993330    2.892072870    2.913686852
    9.210000000    2.889659583    2.889738978    2.911299855
    9.220000000    2.887329576    2.887408826    2.908916758
    9.230000000    2.885003304    2.885082410    2.906537554
    9.240000000    2.882680759    2.882759722    2.904162236
    9.250000000    2.880361936    2.880440755    2.901790797
    9.260000000    2.878046827    2.878125503    2.899423229
    9.270000000    2.875735427    2.875813960    2.897059526
    9.280000000    2.873427728    2.873506119    2.894699681
    9.290000000    2.871123723    2.871201973    2.892343686
    9.300000000    2.868823408    2.868901516    2.889991534
    9.310000000    2.866526774    2.866604741    2.887643220
    9.320000000    2.864233815    2.864311642    2.885298734
    9.330000000    2.861944526    2.862022213    2.882958071
    9.340000000    2.859658899    2.859736446    2.880621224
    9.350000000    2.857376928    2.857454336    2.878288185
    9.360000000    2.855098606    2.855175876    2.875958948
    9.370000000    2.852823928    2.852901059    2.873633506
    9.380000000    2.850552886    2.850629879    2.871311851
    9.390000000    2.848285474    2.848362330    2.868993977
    9.400000000    2.846021686    2.846098405    2.866679877
    9.410000000    2.843761515    2.843838097    2.864369544
    9.420000000    2.841504955    2.841581401    2.862062971
    9.430000000    2.839252000    2.839328310    2.859760151
    9.440000000    2.837002642    2.837078817    2.857461078
    9.450000000    2.834756877    2.834832917    2.855165744
    9.460000000    2.832514697    2.832590602    2.852874142
    9.470000000    2.830276096    2.830351867    2.850586267
    9.480000000    2.828041067    2.828116705    2.848302110
    9.490000000    2.825809605    2.825885109    2.846021666
    9.500000000    2.823581703    2.823657074    2.843744927
    9.510000000    2.821357355    2.821432593    2.841471886
    9.520000000    2.819136553    2.819211660    2.839202537
    9.530000000    2.816919293    2.816994268    2.836936873
    9.540000000    2.814705568    2.814780411    2.834674888
    9.550000000    2.812495371    2.812570083    2.832416574
    9.560000000    2.810288697    2.810363278    2.830161925
    9.570000000    2.808085538    2.808159989    2.827910934
    9.580000000    2.805885889    2.805960211    2.825663594
    9.590000000    2.803689744    2.803763936    2.823419899
    9.600000000    2.801497096    2.801571158    2.821179841
    9.610000000    2.799307939    2.799381873    2.818943415
    9.620000000    2.797122266    2.797196072    2.816710614
    9.630000000    2.794940073    2.795013750    2.814481431
    9.640000000    2.792761351    2.792834901    2.812255859
    9.650000000    2.790586096    2.790659519    2.810033891
    9.660000000    2.788414301    2.788487597    2.807815522
    9.670000000    2.786245960    2.786319129    2.805600744
    9.680000000    2.784081067    2.784154110    2.803389551
    9.690000000    2.781919615    2.781992532    2.801181936
    9.700000000    2.779761599    2.779834390    2.798977893
    9.710000000    2.777607011    2.777679678    2.796777415
    9.720000000    2.775455848    2.775528390    2.794580495
    9.730000000    2.773308101    2.773380519    2.792387128
    9.740000000    2.771163765    2.771236059    2.790197306
    9.750000000    2.769022834    2.769095005    2.788011023
    9.760000000    2.766885303    2.766957350    2.785828272
    9.770000000    2.764751163    2.764823088    2.783649048
    9.780000000    2.762620411    2.762692213    2.781473343
    9.790000000    2.760493039    2.760564719    2.779301150
    9.800000000    2.758369042    2.758440600    2.777132465
    9.810000000    2.756248414    2.756319850    2.774967279
    9.820000000    2.754131148    2.754202463    2.772805587
    9.830000000    2.752017239    2.752088433    2.770647382
    9.840000000    2.749906680    2.749977754    2.768492658
    9.850000000    2.747799466    2.747870420    2.766341409
    9.860000000    2.745695591    2.745766425    2.764193627
    9.870000000    2.743595048    2.743665763    2.762049307
    9.880000000    2.741497833    2.741568428    2.759908442
    9.890000000    2.739403937    2.739474414    2.757771026
    9.900000000    2.737313357    2.737383716    2.755637052
    9.910000000    2.735226086    2.735296326    2.753506515
    9.920000000    2.733142117    2.733212240    2.751379407
    9.930000000    2.731061446    2.731131451    2.749255723
    9.940000000    2.728984066    2.729053954    2.747135456
    9.950000000    2.726909971    2.726979742    2.745018599
    9.960000000    2.724839155    2.724908810    2.742905148
    9.970000000    2.722771613    2.722841152    2.740795095
    9.980000000    2.720707339    2.720776762    2.738688433
    9.990000000    2.718646326    2.718715634    2.736585158
   10.000000000    2.716588570    2.716657763    2.734485262
   10.010000000    2.714534063    2.714603142    2.732388739
   10.020000000    2.712482801    2.712551765    2.730295584
   10.030000000    2.710434778    2.710503627    2.728205789
   10.040000000    2.708389987    2.708458723    2.726119349
   10.050000000    2.706348423    2.706417045    2.724036258
   10.060000000    2.704310080    2.704378590    2.721956509
   10.070000000    2.702274953    2.702343349    2.719880096
   10.080000000    2.700243035    2.700311319    2.717807013
   10.090000000    2.698214321    2.698282493    2.715737254
   10.100000000    2.696188805    2.696256865    2.713670812
   10.110000000    2.694166482    2.694234430    2.711607682
   10.120000000    2.692147345    2.692215182    2.709547858
   10.130000000    2.690131389    2.690199115    2.707491333
   10.140000000    2.688118608    2.688186224    2.705438101
   10.150000000    2.686108997    2.686176502    2.703388157
   10.160000000    2.684102550    2.684169945    2.701341494
   10.170000000    2.682099261    2.682166546    2.699298105
   10.180000000    2.680099124    2.680166300    2.697257986
   10.190000000    2.678102134    2.678169201    2.695221130
   10.200000000    2.676108286    2.676175243    2.693187531
   10.210000000    2.674117572    2.674184421    2.691157183
   10.220000000    2.672129989    2.672196730    2.689130079
   10.230000000    2.670145530    2.670212163    2.687106215
   10.240000000    2.668164190    2.668230715    2.685085584
   10.250000000    2.666185963    2.666252381    2.683068180
   10.260000000    2.664210844    2.664277154    2.681053996
   10.270000000    2.662238826    2.662305030    2.679043028
   10.280000000    2.660269905    2.660336002    2.677035270
   10.290000000    2.658304074    2.658370065    2.675030714
   10.300000000    2.656341329    2.656407214    2.673029356
   10.310000000    2.654381664    2.654447443    2.671031189
   10.320000000    2.652425072    2.652490746    2.669036207
   10.330000000    2.650471550    2.650537119    2.667044406
   10.340000000    2.648521090    2.648586554    2.665055778
   10.350000000    2.646573688    2.646639048    2.663070318
   10.360000000    2.644629338    2.644694594    2.661088020
   10.370000000    2.642688035    2.642753187    2.659108878
   10.380000000    2.640749773    2.640814821    2.657132887
   10.390000000    2.638814547    2.638879491    2.655160040
   10.400000000    2.636882351    2.636947192    2.653190332
   10.410000000    2.634953180    2.635017918    2.651223757
   10.420000000    2.633027028    2.633091664    2.649260309
   10.430000000    2.631103890    2.631168424    2.647299983
   10.440000000    2.629183760    2.629248192    2.645342772
   10.450000000    2.627266634    2.627330964    2.643388671
   10.460000000    2.625352506    2.625416734    2.641437674
   10.470000000    2.623441369    2.623505497    2.639489776
   10.480000000    2.621533220    2.621597247    2.637544970
   10.490000000    2.619628052    2.619691978    2.635603252
   10.500000000    2.617725861    2.617789686    2.633664614
   10.510000000    2.615826640    2.615890366    2.631729052
   10.520000000    2.613930385    2.613994011    2.629796560
   10.530000000    2.612037090    2.612100616    2.627867132
   10.540000000    2.610146750    2.610210177    2.625940763
   10.550000000    2.608259359    2.608322687    2.624017447
   10.560000000    2.606374913    2.606438142    2.622097178
   10.570000000    2.604493405    2.604556536    2.620179950
   10.580000000    2.602614832    2.602677864    2.618265759
   10.590000000    2.600739186    2.600802120    2.616354598
   10.600000000    2.598866464    2.598929300    2.614446462
   10.610000000    2.596996660    2.597059398    2.612541345
   10.620000000    2.595129768    2.595192409    2.610639241
   10.630000000    2.593265783    2.593328328    2.608740146
   10.640000000    2.591404701    2.591467149    2.606844053
   10.650000000    2.589546515    2.589608867    2.604950958
   10.660000000    2.587691222    2.587753477    2.603060853
   10.670000000    2.585838814    2.585900974    2.601173735
   10.680000000    2.583989288    2.584051352    2.599289597
   10.690000000    2.582142638    2.582204607    2.597408434
   10.700000000    2.580298860    2.580360732    2.595530240
   10.710000000    2.578457946    2.578519724    2.593655010
   10.720000000    2.576619894    2.576681577    2.591782739
   10.730000000    2.574784697    2.574846285    2.589913420
   10.740000000    2.572952350    2.573013844    2.588047049
   10.750000000    2.571122848    2.571184249    2.586183621
   10.760000000    2.569296187    2.569357493    2.584323128
   10.770000000    2.567472360    2.567533573    2.582465567
   10.780000000    2.565651364    2.565712483    2.580610932
   10.790000000    2.563833192    2.563894219    2.578759218
   10.800000000    2.562017840    2.562078774    2.576910418
   10.810000000    2.560205302    2.560266143    2.575064528
   10.820000000    2.558395574    2.558456323    2.573221542
   10.830000000    2.556588650    2.556649307    2.571381455
   10.840000000    2.554784526    2.554845091    2.569544262
   10.850000000    2.552983196    2.553043670    2.567709957
   10.860000000    2.551184656    2.551245038    2.565878535
   10.870000000    2.549388900    2.549449191    2.564049990
   10.880000000    2.547595923    2.547656124    2.562224318
   10.890000000    2.545805721    2.545865831    2.560401512
   10.900000000    2.544018288    2.544078307    2.558581569
   10.910000000    2.542233620    2.542293548    2.556764481
   10.920000000    2.540451710    2.540511549    2.554950245
   10.930000000    2.538672556    2.538732305    2.553138854
   10.940000000    2.536896150    2.536955810    2.551330305
   10.950000000    2.535122490    2.535182060    2.549524590
   10.960000000    2.533351568    2.533411050    2.547721706
   10.970000000    2.531583382    2.531642774    2.545921646
   10.980000000    2.529817925    2.529877229    2.544124406
   10.990000000    2.528055193    2.528114408    2.542329981
   11.000000000    2.526295181    2.526354308    2.540538365
   11.010000000    2.524537884    2.524596923    2.538749553
   11.020000000    2.522783297    2.522842248    2.536963540
   11.030000000    2.521031415    2.521090279    2.535180321
   11.040000000    2.519282234    2.519341011    2.533399891
   11.050000000    2.517535748    2.517594438    2.531622244
   11.060000000    2.515791953    2.515850556    2.529847375
   11.070000000    2.514050844    2.514109360    2.528075280
   11.080000000    2.512312416    2.512370846    2.526305952
   11.090000000    2.510576664    2.510635008    2.524539388
   11.100000000    2.508843584    2.508901841    2.522775582
   11.110000000    2.507113170    2.507171341    2.521014528
   11.120000000    2.505385417    2.505443503    2.519256223
   11.130000000    2.503660322    2.503718323    2.517500660
   11.140000000    2.501937879    2.501995795    2.515747834
   11.150000000    2.500218083    2.500275914    2.513997741
   11.160000000    2.498500930    2.498558676    2.512250376
   11.170000000    2.496786415    2.496844077    2.510505734
   11.180000000    2.495074534    2.495132111    2.508763809
   11.190000000    2.493365280    2.493422773    2.507024596
   11.200000000    2.491658651    2.491716060    2.505288091
   11.210000000    2.489954640    2.490011966    2.503554289
   11.220000000    2.488253244    2.488310486    2.501823184
   11.230000000    2.486554457    2.486611616    2.500094772
   11.240000000    2.484858275    2.484915351    2.498369047
   11.250000000    2.483164693    2.483221686    2.496646005
   11.260000000    2.481473707    2.481530618    2.494925641
   11.270000000    2.479785312    2.479842140    2.493207950
   11.280000000    2.478099503    2.478156249    2.491492926
   11.290000000    2.476416276    2.476472939    2.489780566
   11.300000000    2.474735625    2.474792207    2.488070864
   11.310000000    2.473057547    2.473114047    2.486363815
   11.320000000    2.471382036    2.471438455    2.484659414
   11.330000000    2.469709089    2.469765426    2.482957657
   11.340000000    2.468038700    2.468094956    2.481258538
   11.350000000    2.466370865    2.466427040    2.479562053
   11.360000000    2.464705579    2.464761674    2.477868197
   11.370000000    2.463042838    2.463098852    2.476176965
   11.380000000    2.461382637    2.461438571    2.474488352
   11.390000000    2.459724971    2.459780825    2.472802354
   11.400000000    2.458069837    2.458125611    2.471118966
   11.410000000    2.456417228    2.456472923    2.469438182
   11.420000000    2.454767142    2.454822757    2.467759998
   11.430000000    2.453119574    2.453175109    2.466084409
   11.440000000    2.451474518    2.451529974    2.464411411
   11.450000000    2.449831970    2.449887348    2.462740999
   11.460000000    2.448191926    2.448247225    2.461073168
   11.470000000    2.446554382    2.446609602    2.459407913
   11.480000000    2.444919333    2.444974475    2.457745229
   11.490000000    2.443286774    2.443341837    2.456085112
   11.500000000    2.441656700    2.441711686    2.454427557
   11.510000000    2.440029109    2.440084017    2.452772560
   11.520000000    2.438403994    2.438458824    2.451120115
   11.530000000    2.436781352    2.436836105    2.449470219
   11.540000000    2.435161178    2.435215853    2.447822865
   11.550000000    2.433543467    2.433598066    2.446178050
   11.560000000    2.431928216    2.431982738    2.444535769
   11.570000000    2.430315420    2.430369865    2.442896018
   11.580000000    2.428705074    2.428759443    2.441258791
   11.590000000    2.427097174    2.427151467    2.439624084
   11.600000000    2.425491716    2.425545933    2.437991893
   11.610000000    2.423888696    2.423942836    2.436362213
   11.620000000    2.422288108    2.422342172    2.434735038
   11.630000000    2.420689948    2.420743937    2.433110366
   11.640000000    2.419094213    2.419148127    2.431488190
   11.650000000    2.417500898    2.417554736    2.429868507
   11.660000000    2.415909998    2.415963761    2.428251311
   11.670000000    2.414321510    2.414375198    2.426636599
   11.680000000    2.412735428    2.412789042    2.425024366
   11.690000000    2.411151749    2.411205288    2.423414607
   11.700000000    2.409570468    2.409623933    2.421807318
   11.710000000    2.407991581    2.408044971    2.420202494
   11.720000000    2.406415084    2.406468400    2.418600130
   11.730000000    2.404840972    2.404894214    2.417000223
   11.740000000    2.403269241    2.403322410    2.415402768
   11.750000000    2.401699887    2.401752982    2.413807759
   11.760000000    2.400132905    2.400185927    2.412215193
   11.770000000    2.398568292    2.398621241    2.410625066
   11.780000000    2.397006043    2.397058919    2.409037372
   11.790000000    2.395446154    2.395498957    2.407452107
   11.800000000    2.393888620    2.393941351    2.405869268
   11.810000000    2.392333438    2.392386096    2.404288848
   11.820000000    2.390780603    2.390833189    2.402710845
   11.830000000    2.389230111    2.389282625    2.401135253
   11.840000000    2.387681958    2.387734400    2.399562069
   11.850000000    2.386136139    2.386188509    2.397991287
   11.860000000    2.384592651    2.384644949    2.396422904
   11.870000000    2.383051489    2.383103716    2.394856914
   11.880000000    2.381512650    2.381564805    2.393293314
   11.890000000    2.379976128    2.380028212    2.391732100
   11.900000000    2.378441920    2.378493933    2.390173266
   11.910000000    2.376910021    2.376961964    2.388616809
   11.920000000    2.375380429    2.375432300    2.387062724
   11.930000000    2.373853137    2.373904938    2.385511007
   11.940000000    2.372328143    2.372379874    2.383961653
   11.950000000    2.370805442    2.370857103    2.382414659
   11.960000000    2.369285030    2.369336621    2.380870019
   11.970000000    2.367766904    2.367818424    2.379327730
   11.980000000    2.366251058    2.366302509    2.377787788
   11.990000000    2.364737489    2.364788870    2.376250187
   12.000000000    2.363226192    2.363277505    2.374714924
   12.010000000    2.361717165    2.361768408    2.373181995
   12.020000000    2.360210402    2.360261576    2.371651395
   12.030000000    2.358705899    2.358757005    2.370123120
   12.040000000    2.357203654    2.357254690    2.368597166
   12.050000000    2.355703660    2.355754628    2.367073528
   12.060000000    2.354205916    2.354256815    2.365552203
   12.070000000    2.352710416    2.352761247    2.364033185
   12.080000000    2.351217156    2.351267919    2.362516472
   12.090000000    2.349726133    2.349776828    2.361002058
   12.100000000    2.348237342    2.348287969    2.359489940
   12.110000000    2.346750780    2.346801339    2.357980113
   12.120000000    2.345266442    2.345316934    2.356472573
   12.130000000    2.343784325    2.343834750    2.354967316
   12.140000000    2.342304425    2.342354782    2.353464338
   12.150000000    2.340826737    2.340877028    2.351963634
   12.160000000    2.339351258    2.339401482    2.350465201
   12.170000000    2.337877984    2.337928141    2.348969035
   12.180000000    2.336406910    2.336457001    2.347475131
   12.190000000    2.334938034    2.334988058    2.345983485
   12.200000000    2.333471351    2.333521308    2.344494093
   12.210000000    2.332006856    2.332056747    2.343006950
   12.220000000    2.330544547    2.330594372    2.341522054
   12.230000000    2.329084419    2.329134178    2.340039400
   12.240000000    2.327626469    2.327676162    2.338558983
   12.250000000    2.326170692    2.326220320    2.337080800
   12.260000000    2.324717085    2.324766647    2.335604846
   12.270000000    2.323265643    2.323315140    2.334131118
   12.280000000    2.321816364    2.321865796    2.332659612
   12.290000000    2.320369242    2.320418609    2.331190322
   12.300000000    2.318924275    2.318973577    2.329723247
   12.310000000    2.317481458    2.317530696    2.328258380
   12.320000000    2.316040788    2.316089961    2.326795719
   12.330000000    2.314602261    2.314651370    2.325335260
   12.340000000    2.313165873    2.313214917    2.323876998
   12.350000000    2.311731619    2.311780600    2.322420929
   12.360000000    2.310299497    2.310348414    2.320967049
   12.370000000    2.308869503    2.308918355    2.319515355
   12.380000000    2.307441633    2.307490421    2.318065843
   12.390000000    2.306015882    2.306064607    2.316618508
   12.400000000    2.304592248    2.304640909    2.315173347
   12.410000000    2.303170726    2.303219324    2.313730355
   12.420000000    2.301751313    2.301799848    2.312289529
   12.430000000    2.300334005    2.300382477    2.310850865
   12.440000000    2.298918798    2.298967207    2.309414358
   12.450000000    2.297505688    2.297554035    2.307980006
   12.460000000    2.296094673    2.296142957    2.306547803
   12.470000000    2.294685747    2.294733969    2.305117747
   12.480000000    2.293278908    2.293327067    2.303689833
   12.490000000    2.291874151    2.291922248    2.302264058
   12.500000000    2.290471474    2.290519509    2.300840417
   12.510000000    2.289070871    2.289118844    2.299418906
   12.520000000    2.287672341    2.287720252    2.297999523
   12.530000000    2.286275878    2.286323727    2.296582262
   12.540000000    2.284881479    2.284929267    2.295167121
   12.550000000    2.283489141    2.283536867    2.293754095
   12.560000000    2.282098859    2.282146525    2.292343180
   12.570000000    2.280710631    2.280758236    2.290934373
   12.580000000    2.279324453    2.279371996    2.289527670
   12.590000000    2.277940321    2.277987803    2.288123067
   12.600000000    2.276558231    2.276605652    2.286720560
   12.610000000    2.275178179    2.275225540    2.285320145
   12.620000000    2.273800163    2.273847464    2.283921820
   12.630000000    2.272424179    2.272471419    2.282525579
   12.640000000    2.271050222    2.271097402    2.281131419
   12.650000000    2.269678289    2.269725409    2.279739337
   12.660000000    2.268308378    2.268355438    2.278349328
   12.670000000    2.266940483    2.266987483    2.276961389
   12.680000000    2.265574602    2.265621543    2.275575516
   12.690000000    2.264210731    2.264257612    2.274191706
   12.700000000    2.262848867    2.262895688    2.272809955
   12.710000000    2.261489005    2.261535767    2.271430258
   12.720000000    2.260131143    2.260177846    2.270052613
   12.730000000    2.258775277    2.258821921    2.268677015
   12.740000000    2.257421403    2.257467988    2.267303462
   12.750000000    2.256069518    2.256116044    2.265931948
   12.760000000    2.254719618    2.254766085    2.264562471
   12.770000000    2.253371699    2.253418108    2.263195027
   12.780000000    2.252025760    2.252072110    2.261829613
   12.790000000    2.250681794    2.250728086    2.260466224
   12.800000000    2.249339800    2.249386034    2.259104856
   12.810000000    2.247999774    2.248045950    2.257745507
   12.820000000    2.246661712    2.246707830    2.256388173
   12.830000000    2.245325611    2.245371671    2.255032850
   12.840000000    2.243991468    2.244037470    2.253679534
   12.850000000    2.242659278    2.242705223    2.252328222
   12.860000000    2.241329039    2.241374926    2.250978910
   12.870000000    2.240000747    2.240046576    2.249631595
   12.880000000    2.238674398    2.238720170    2.248286273
   12.890000000    2.237349989    2.237395705    2.246942940
   12.900000000    2.236027518    2.236073176    2.245601593
   12.910000000    2.234706979    2.234752581    2.244262228
   12.920000000    2.233388371    2.233433916    2.242924842
   12.930000000    2.232071689    2.232117177    2.241589432
   12.940000000    2.230756930    2.230802362    2.240255993
   12.950000000    2.229444091    2.229489466    2.238924522
   12.960000000    2.228133168    2.228178487    2.237595016
   12.970000000    2.226824158    2.226869421    2.236267470
   12.980000000    2.225517058    2.225562265    2.234941883
   12.990000000    2.224211864    2.224257015    2.233618249
   13.000000000    2.222908572    2.222953668    2.232296566
   13.010000000    2.221607181    2.221652220    2.230976829
   13.020000000    2.220307685    2.220352669    2.229659037
   13.030000000    2.219010083    2.219055011    2.228343184
   13.040000000    2.217714369    2.217759242    2.227029268
   13.050000000    2.216420542    2.216465360    2.225717285
   13.060000000    2.215128598    2.215173361    2.224407232
   13.070000000    2.213838534    2.213883241    2.223099105
   13.080000000    2.212550345    2.212594998    2.221792900
   13.090000000    2.211264030    2.211308628    2.220488615
   13.100000000    2.209979584    2.210024128    2.219186246
   13.110000000    2.208697005    2.208741494    2.217885789
   13.120000000    2.207416289    2.207460723    2.216587242
   13.130000000    2.206137432    2.206181812    2.215290600
   13.140000000    2.204860432    2.204904758    2.213995860
   13.150000000    2.203585286    2.203629557    2.212703019
   13.160000000    2.202311989    2.202356206    2.211412073
   13.170000000    2.201040539    2.201084703    2.210123019
   13.180000000    2.199770933    2.199815043    2.208835854
   13.190000000    2.198503167    2.198547223    2.207550574
   13.200000000    2.197237238    2.197281240    2.206267177
   13.210000000    2.195973143    2.196017092    2.204985657
   13.220000000    2.194710878    2.194754774    2.203706013
   13.230000000    2.193450441    2.193494284    2.202428241
   13.240000000    2.192191828    2.192235618    2.201152337
   13.250000000    2.190935036    2.190978773    2.199878298
   13.260000000    2.189680062    2.189723746    2.198606122
   13.270000000    2.188426903    2.188470534    2.197335803
   13.280000000    2.187175555    2.187219133    2.196067340
   13.290000000    2.185926015    2.185969541    2.194800729
   13.300000000    2.184678281    2.184721754    2.193535967
   13.310000000    2.183432348    2.183475769    2.192273050
   13.320000000    2.182188214    2.182231583    2.191011974
   13.330000000    2.180945876    2.180989192    2.189752738
   13.340000000    2.179705330    2.179748594    2.188495337
   13.350000000    2.178466574    2.178509786    2.187239768
   13.360000000    2.177229604    2.177272764    2.185986028
   13.370000000    2.175994417    2.176037525    2.184734114
   13.380000000    2.174761010    2.174804067    2.183484023
   13.390000000    2.173529380    2.173572385    2.182235750
   13.400000000    2.172299523    2.172342477    2.180989294
   13.410000000    2.171071438    2.171114340    2.179744650
   13.420000000    2.169845120    2.169887971    2.178501816
   13.430000000    2.168620566    2.168663366    2.177260788
   13.440000000    2.167397774    2.167440523    2.176021563
   13.450000000    2.166176740    2.166219438    2.174784138
   13.460000000    2.164957461    2.165000109    2.173548510
   13.470000000    2.163739935    2.163782532    2.172314675
   13.480000000    2.162524158    2.162566704    2.171082631
   13.490000000    2.161310126    2.161352622    2.169852373
   13.500000000    2.160097838    2.160140283    2.168623900
   13.510000000    2.158887290    2.158929685    2.167397208
   13.520000000    2.157678479    2.157720823    2.166172293
   13.530000000    2.156471401    2.156513696    2.164949152
   13.540000000    2.155266055    2.155308299    2.163727784
   13.550000000    2.154062436    2.154104631    2.162508183
   13.560000000    2.152860542    2.152902687    2.161290347
   13.570000000    2.151660371    2.151702466    2.160074273
   13.580000000    2.150461918    2.150503963    2.158859959
   13.590000000    2.149265180    2.149307176    2.157647400
   13.600000000    2.148070156    2.148112103    2.156436593
   13.610000000    2.146876842    2.146918739    2.155227536
   13.620000000    2.145685234    2.145727082    2.154020225
   13.630000000    2.144495331    2.144537129    2.152814658
   13.640000000    2.143307128    2.143348878    2.151610831
   13.650000000    2.142120624    2.142162324    2.150408741
   13.660000000    2.140935814    2.140977466    2.149208386
   13.670000000    2.139752697    2.139794300    2.148009761
   13.680000000    2.138571269    2.138612823    2.146812864
   13.690000000    2.137391527    2.137433033    2.145617693
   13.700000000    2.136213469    2.136254926    2.144424243
   13.710000000    2.135037090    2.135078499    2.143232512
   13.720000000    2.133862390    2.133903750    2.142042496
   13.730000000    2.132689363    2.132730676    2.140854194
   13.740000000    2.131518009    2.131559273    2.139667601
   13.750000000    2.130348323    2.130389539    2.138482715
   13.760000000    2.129180303    2.129221471    2.137299533
   13.770000000    2.128013946    2.128055067    2.136118051
   13.780000000    2.126849249    2.126890322    2.134938267
   13.790000000    2.125686209    2.125727234    2.133760178
   13.800000000    2.124524824    2.124565801    2.132583781
   13.810000000    2.123365090    2.123406020    2.131409072
   13.820000000    2.122207004    2.122247887    2.130236050
   13.830000000    2.121050565    2.121091400    2.129064710
   13.840000000    2.119895768    2.119936556    2.127895050
   13.850000000    2.118742611    2.118783352    2.126727066
   13.860000000    2.117591091    2.117631785    2.125560757
   13.870000000    2.116441206    2.116481853    2.124396119
   13.880000000    2.115292952    2.115333552    2.123233149
   13.890000000    2.114146327    2.114186880    2.122071843
   13.900000000    2.113001327    2.113041834    2.120912201
   13.910000000    2.111857951    2.111898411    2.119754217
   13.920000000    2.110716195    2.110756609    2.118597890
   13.930000000    2.109576056    2.109616424    2.117443216
   13.940000000    2.108437532    2.108477854    2.116290193
   13.950000000    2.107300620    2.107340895    2.115138817
   13.960000000    2.106165317    2.106205546    2.113989086
   13.970000000    2.105031620    2.105071803    2.112840997
   13.980000000    2.103899527    2.103939664    2.111694548
   13.990000000    2.102769034    2.102809126    2.110549734
   14.000000000    2.101640140    2.101680185    2.109406553
   14.010000000    2.100512840    2.100552840    2.108265003
   14.020000000    2.099387134    2.099427088    2.107125080
   14.030000000    2.098263016    2.098302925    2.105986782
   14.040000000    2.097140486    2.097180349    2.104850106
   14.050000000    2.096019540    2.096059358    2.103715049
   14.060000000    2.094900175    2.094939948    2.102581608
   14.070000000    2.093782389    2.093822117    2.101449780
   14.080000000    2.092666180    2.092705862    2.100319563
   14.090000000    2.091551543    2.091591181    2.099190953
   14.100000000    2.090438477    2.090478070    2.098063949
   14.110000000    2.089326979    2.089366527    2.096938546
   14.120000000    2.088217046    2.088256550    2.095814743
   14.130000000    2.087108676    2.087148135    2.094692536
   14.140000000    2.086001866    2.086041280    2.093571923
   14.150000000    2.084896612    2.084935982    2.092452900
   14.160000000    2.083792913    2.083832238    2.091335466
   14.170000000    2.082690766    2.082730047    2.090219617
   14.180000000    2.081590168    2.081629404    2.089105351
   14.190000000    2.080491116    2.080530309    2.087992664
   14.200000000    2.079393608    2.079432757    2.086881554
   14.210000000    2.078297642    2.078336746    2.085772019
   14.220000000    2.077203213    2.077242274    2.084664055
   14.230000000    2.076110321    2.076149337    2.083557660
   14.240000000    2.075018961    2.075057934    2.082452831
   14.250000000    2.073929133    2.073968062    2.081349566
   14.260000000    2.072840832    2.072879717    2.080247861
   14.270000000    2.071754056    2.071792898    2.079147714
   14.280000000    2.070668803    2.070707602    2.078049122
   14.290000000    2.069585070    2.069623826    2.076952082
   14.300000000    2.068502855    2.068541567    2.075856593
   14.310000000    2.067422154    2.067460823    2.074762650
   14.320000000    2.066342966    2.066381592    2.073670252
   14.330000000    2.065265287    2.065303870    2.072579395
   14.340000000    2.064189116    2.064227655    2.071490078
   14.350000000    2.063114449    2.063152945    2.070402296
   14.360000000    2.062041283    2.062079737    2.069316049
   14.370000000    2.060969617    2.061008029    2.068231332
   14.380000000    2.059899448    2.059937817    2.067148144
   14.390000000    2.058830773    2.058869099    2.066066481
   14.400000000    2.057763590    2.057801874    2.064986341
   14.410000000    2.056697895    2.056736137    2.063907722
   14.420000000    2.055633688    2.055671887    2.062830620
   14.430000000    2.054570964    2.054609121    2.061755034
   14.440000000    2.053509722    2.053547836    2.060680960
   14.450000000    2.052449958    2.052488031    2.059608396
   14.460000000    2.051391671    2.051429702    2.058537339
   14.470000000    2.050334858    2.050372847    2.057467786
   14.480000000    2.049279516    2.049317463    2.056399736
   14.490000000    2.048225643    2.048263548    2.055333185
   14.500000000    2.047173236    2.047211100    2.054268131
   14.510000000    2.046122293    2.046160115    2.053204571
   14.520000000    2.045072812    2.045110592    2.052142502
   14.530000000    2.044024789    2.044062528    2.051081923
   14.540000000    2.042978222    2.043015920    2.050022830
   14.550000000    2.041933110    2.041970766    2.048965221
   14.560000000    2.040889448    2.040927063    2.047909093
   14.570000000    2.039847236    2.039884810    2.046854444
   14.580000000    2.038806470    2.038844002    2.045801272
   14.590000000    2.037767148    2.037804639    2.044749573
   14.600000000    2.036729267    2.036766718    2.043699344
   14.610000000    2.035692825    2.035730235    2.042650585
   14.620000000    2.034657820    2.034695189    2.041603292
   14.630000000    2.033624249    2.033661578    2.040557462
   14.640000000    2.032592110    2.032629398    2.039513092
   14.650000000    2.031561400    2.031598647    2.038470182
   14.660000000    2.030532117    2.030569324    2.037428727
   14.670000000    2.029504258    2.029541424    2.036388726
   14.680000000    2.028477821    2.028514947    2.035350175
   14.690000000    2.027452804    2.027489889    2.034313073
   14.700000000    2.026429204    2.026466249    2.033277417
   14.710000000    2.025407018    2.025444023    2.032243205
   14.720000000    2.024386245    2.024423210    2.031210433
   14.730000000    2.023366882    2.023403807    2.030179099
   14.740000000    2.022348926    2.022385811    2.029149202
   14.750000000    2.021332375    2.021369220    2.028120738
   14.760000000    2.020317227    2.020354032    2.027093705
   14.770000000    2.019303479    2.019340245    2.026068101
   14.780000000    2.018291130    2.018327856    2.025043922
   14.790000000    2.017280176    2.017316862    2.024021167
   14.800000000    2.016270615    2.016307262    2.022999834
   14.810000000    2.015262445    2.015299052    2.021979919
   14.820000000    2.014255663    2.014292231    2.020961421
   14.830000000    2.013250268    2.013286797    2.019944336
   14.840000000    2.012246256    2.012282746    2.018928663
   14.850000000    2.011243626    2.011280077    2.017914399
   14.860000000    2.010242375    2.010278787    2.016901541
   14.870000000    2.009242501    2.009278873    2.015890088
   14.880000000    2.008244001    2.008280335    2.014880036
   14.890000000    2.007246873    2.007283168    2.013871384
   14.900000000    2.006251116    2.006287371    2.012864129
   14.910000000    2.005256725    2.005292942    2.011858268
   14.920000000    2.004263700    2.004299878    2.010853799
   14.930000000    2.003272037    2.003308177    2.009850721
   14.940000000    2.002281736    2.002317837    2.008849029
   14.950000000    2.001292792    2.001328855    2.007848723
   14.960000000    2.000305204    2.000341229    2.006849799
   14.970000000    1.999318970    1.999354956    2.005852256
   14.980000000    1.998334087    1.998370035    2.004856090
   14.990000000    1.997350554    1.997386463    2.003861301
   15.000000000    1.996368367    1.996404238    2.002867884
   15.010000000    1.995387525    1.995423358    2.001875838
   15.020000000    1.994408025    1.994443820    2.000885161
   15.030000000    1.993429865    1.993465622    1.999895850
   15.040000000    1.992453042    1.992488762    1.998907902
   15.050000000    1.991477555    1.991513237    1.997921316
   15.060000000    1.990503402    1.990539046    1.996936090
   15.070000000    1.989530579    1.989566186    1.995952220
   15.080000000    1.988559085    1.988594654    1.994969705
   15.090000000    1.987588918    1.987624449    1.993988542
   15.100000000    1.986620075    1.986655568    1.993008729
   15.110000000    1.985652553    1.985688010    1.992030264
   15.120000000    1.984686352    1.984721771    1.991053143
   15.130000000    1.983721468    1.983756850    1.990077366
   15.140000000    1.982757900    1.982793244    1.989102930
   15.150000000    1.981795645    1.981830952    1.988129832
   15.160000000    1.980834700    1.980869970    1.987158070
   15.170000000    1.979875065    1.979910298    1.986187643
   15.180000000    1.978916735    1.978951932    1.985218546
   15.190000000    1.977959711    1.977994870    1.984250780
   15.200000000    1.977003988    1.977039110    1.983284340
   15.210000000    1.976049565    1.976084651    1.982319225
   15.220000000    1.975096440    1.975131489    1.981355432
   15.230000000    1.974144611    1.974179623    1.980392960
   15.240000000    1.973194075    1.973229051    1.979431807
   15.250000000    1.972244830    1.972279769    1.978471968
   15.260000000    1.971296874    1.971331777    1.977513444
   15.270000000    1.970350206    1.970385072    1.976556231
   15.280000000    1.969404822    1.969439652    1.975600327
   15.290000000    1.968460720    1.968495514    1.974645730
   15.300000000    1.967517899    1.967552657    1.973692437
   15.310000000    1.966576356    1.966611078    1.972740448
   15.320000000    1.965636090    1.965670775    1.971789758
   15.330000000    1.964697097    1.964731747    1.970840366
   15.340000000    1.963759377    1.963793990    1.969892271
   15.350000000    1.962822926    1.962857503    1.968945469
   15.360000000    1.961887742    1.961922284    1.967999958
   15.370000000    1.960953824    1.960988330    1.967055737
   15.380000000    1.960021170    1.960055640    1.966112803
   15.390000000    1.959089777    1.959124211    1.965171154
   15.400000000    1.958159643    1.958194042    1.964230787
   15.410000000    1.957230766    1.957265129    1.963291701
   15.420000000    1.956303144    1.956337471    1.962353894
   15.430000000    1.955376774    1.955411067    1.961417362
   15.440000000    1.954451656    1.954485913    1.960482105
   15.450000000    1.953527786    1.953562008    1.959548120
   15.460000000    1.952605163    1.952639349    1.958615405
   15.470000000    1.951683784    1.951717936    1.957683957
   15.480000000    1.950763648    1.950797764    1.956753774
   15.490000000    1.949844752    1.949878833    1.955824855
   15.500000000    1.948927094    1.948961140    1.954897198
   15.510000000    1.948010672    1.948044684    1.953970799
   15.520000000    1.947095485    1.947129462    1.953045657
   15.530000000    1.946181530    1.946215472    1.952121770
   15.540000000    1.945268805    1.945302712    1.951199136
   15.550000000    1.944357307    1.944391180    1.950277753
   15.560000000    1.943447036    1.943480874    1.949357618
   15.570000000    1.942537989    1.942571792    1.948438729
   15.580000000    1.941630163    1.941663931    1.947521085
   15.590000000    1.940723557    1.940757291    1.946604682
   15.600000000    1.939818169    1.939851869    1.945689520
   15.610000000    1.938913997    1.938947662    1.944775596
   15.620000000    1.938011039    1.938044669    1.943862908
   15.630000000    1.937109292    1.937142888    1.942951454
   15.640000000    1.936208755    1.936242317    1.942041231
   15.650000000    1.935309425    1.935342954    1.941132239
   15.660000000    1.934411302    1.934444796    1.940224473
   15.670000000    1.933514382    1.933547842    1.939317934
   15.680000000    1.932618663    1.932652090    1.938412618
   15.690000000    1.931724145    1.931757537    1.937508523
   15.700000000    1.930830824    1.930864182    1.936605648
   15.710000000    1.929938699    1.929972023    1.935703990
   15.720000000    1.929047767    1.929081058    1.934803547
   15.730000000    1.928158027    1.928191285    1.933904318
   15.740000000    1.927269477    1.927302701    1.933006300
   15.750000000    1.926382115    1.926415305    1.932109491
   15.760000000    1.925495939    1.925529095    1.931213889
   15.770000000    1.924610946    1.924644069    1.930319493
   15.780000000    1.923727136    1.923760225    1.929426299
   15.790000000    1.922844505    1.922877561    1.928534307
   15.800000000    1.921963052    1.921996075    1.927643514
   15.810000000    1.921082775    1.921115765    1.926753917
   15.820000000    1.920203673    1.920236629    1.925865516
   15.830000000    1.919325742    1.919358666    1.924978308
   15.840000000    1.918448982    1.918481873    1.924092291
   15.850000000    1.917573390    1.917606247    1.923207464
   15.860000000    1.916698964    1.916731789    1.922323823
   15.870000000    1.915825703    1.915858495    1.921441367
   15.880000000    1.914953604    1.914986363    1.920560095
   15.890000000    1.914082666    1.914115392    1.919680003
   15.900000000    1.913212886    1.913245579    1.918801091
   15.910000000    1.912344263    1.912376924    1.917923356
   15.920000000    1.911476795    1.911509423    1.917046797
   15.930000000    1.910610480    1.910643075    1.916171410
   15.940000000    1.909745316    1.909777879    1.915297195
   15.950000000    1.908881301    1.908913831    1.914424149
   15.960000000    1.908018433    1.908050931    1.913552271
   15.970000000    1.907156710    1.907189176    1.912681558
   15.980000000    1.906296131    1.906328564    1.911812009
   15.990000000    1.905436694    1.905469095    1.910943621
   16.000000000    1.904578396    1.904610764    1.910076393
   16.010000000    1.903721236    1.903753572    1.909210323
   16.020000000    1.902865211    1.902897516    1.908345408
   16.030000000    1.902010321    1.902042594    1.907481648
   16.040000000    1.901156563    1.901188804    1.906619039
   16.050000000    1.900303936    1.900336144    1.905757580
   16.060000000    1.899452436    1.899484613    1.904897269
   16.070000000    1.898602064    1.898634208    1.904038105
   16.080000000    1.897752816    1.897784928    1.903180085
   16.090000000    1.896904691    1.896936772    1.902323207
   16.100000000    1.896057687    1.896089736    1.901467470
   16.110000000    1.895211802    1.895243819    1.900612871
   16.120000000    1.894367034    1.894399020    1.899759409
   16.130000000    1.893523383    1.893555337    1.898907082
   16.140000000    1.892680844    1.892712767    1.898055888
   16.150000000    1.891839418    1.891871309    1.897205825
   16.160000000    1.890999102    1.891030962    1.896356891
   16.170000000    1.890159894    1.890191722    1.895509084
   16.180000000    1.889321792    1.889353589    1.894662403
   16.190000000    1.888484795    1.888516561    1.893816845
   16.200000000    1.887648900    1.887680635    1.892972409
   16.210000000    1.886814107    1.886845811    1.892129093
   16.220000000    1.885980413    1.886012086    1.891286895
   16.230000000    1.885147816    1.885179458    1.890445813
   16.240000000    1.884316315    1.884347925    1.889605846
   16.250000000    1.883485907    1.883517487    1.888766990
   16.260000000    1.882656592    1.882688140    1.887929246
   16.270000000    1.881828366    1.881859884    1.887092610
   16.280000000    1.881001229    1.881032717    1.886257081
   16.290000000    1.880175179    1.880206635    1.885422657
   16.300000000    1.879350214    1.879381639    1.884589337
   16.310000000    1.878526331    1.878557726    1.883757117
   16.320000000    1.877703530    1.877734895    1.882925998
   16.330000000    1.876881809    1.876913143    1.882095976
   16.340000000    1.876061165    1.876092468    1.881267051
   16.350000000    1.875241597    1.875272870    1.880439219
   16.360000000    1.874423104    1.874454346    1.879612480
   16.370000000    1.873605683    1.873636895    1.878786832
   16.380000000    1.872789333    1.872820514    1.877962272
   16.390000000    1.871974051    1.872005203    1.877138799
   16.400000000    1.871159837    1.871190959    1.876316412
   16.410000000    1.870346689    1.870377780    1.875495108
   16.420000000    1.869534604    1.869565665    1.874674885
   16.430000000    1.868723582    1.868754612    1.873855743
   16.440000000    1.867913619    1.867944620    1.873037678
   16.450000000    1.867104716    1.867135686    1.872220690
   16.460000000    1.866296869    1.866327810    1.871404776
   16.470000000    1.865490077    1.865520988    1.870589935
   16.480000000    1.864684339    1.864715220    1.869776165
   16.490000000    1.863879652    1.863910504    1.868963464
   16.500000000    1.863076016    1.863106837    1.868151831
   16.510000000    1.862273428    1.862304219    1.867341263
   16.520000000    1.861471886    1.861502648    1.866531760
   16.530000000    1.860671389    1.860702122    1.865723318
   16.540000000    1.859871936    1.859902639    1.864915937
   16.550000000    1.859073524    1.859104197    1.864109615
   16.560000000    1.858276151    1.858306795    1.863304350
   16.570000000    1.857479817    1.857510432    1.862500140
   16.580000000    1.856684519    1.856715105    1.861696983
   16.590000000    1.855890256    1.855920812    1.860894878
   16.600000000    1.855097027    1.855127553    1.860093824
   16.610000000    1.854304828    1.854335325    1.859293817
   16.620000000    1.853513659    1.853544127    1.858494858
   16.630000000    1.852723518    1.852753957    1.857696943
   16.640000000    1.851934404    1.851964814    1.856900071
   16.650000000    1.851146314    1.851176695    1.856104241
   16.660000000    1.850359248    1.850389599    1.855309451
   16.670000000    1.849573203    1.849603525    1.854515699
   16.680000000    1.848788177    1.848818471    1.853722983
   16.690000000    1.848004170    1.848034435    1.852931302
   16.700000000    1.847221179    1.847251415    1.852140654
   16.710000000    1.846439203    1.846469410    1.851351037
   16.720000000    1.845658240    1.845688418    1.850562450
   16.730000000    1.844878289    1.844908438    1.849774891
   16.740000000    1.844099347    1.844129468    1.848988358
   16.750000000    1.843321414    1.843351506    1.848202850
   16.760000000    1.842544487    1.842574551    1.847418364
   16.770000000    1.841768565    1.841798601    1.846634900
   16.780000000    1.840993647    1.841023654    1.845852456
   16.790000000    1.840219731    1.840249709    1.845071029
   16.800000000    1.839446814    1.839476764    1.844290619
   16.810000000    1.838674896    1.838704818    1.843511223
   16.820000000    1.837903975    1.837933869    1.842732840
   16.830000000    1.837134050    1.837163915    1.841955468
   16.840000000    1.836365118    1.836394955    1.841179107
   16.850000000    1.835597178    1.835626987    1.840403753
   16.860000000    1.834830229    1.834860009    1.839629405
   16.870000000    1.834064268    1.834094021    1.838856062
   16.880000000    1.833299295    1.833329019    1.838083723
   16.890000000    1.832535308    1.832565004    1.837312385
   16.900000000    1.831772304    1.831801973    1.836542046
   16.910000000    1.831010284    1.831039924    1.835772706
   16.920000000    1.830249244    1.830278856    1.835004362
   16.930000000    1.829489184    1.829518768    1.834237014
   16.940000000    1.828730101    1.828759658    1.833470659
   16.950000000    1.827971995    1.828001524    1.832705295
   16.960000000    1.827214863    1.827244364    1.831940922
   16.970000000    1.826458705    1.826488178    1.831177537
   16.980000000    1.825703518    1.825732964    1.830415139
   16.990000000    1.824949301    1.824978719    1.829653726
   17.000000000    1.824196052    1.824225443    1.828893297
   17.010000000    1.823443770    1.823473134    1.828133851
   17.020000000    1.822692454    1.822721790    1.827375384
   17.030000000    1.821942101    1.821971410    1.826617897
   17.040000000    1.821192711    1.821221992    1.825861387
   17.050000000    1.820444281    1.820473535    1.825105853
   17.060000000    1.819696811    1.819726037    1.824351293
   17.070000000    1.818950298    1.818979497    1.823597706
   17.080000000    1.818204741    1.818233912    1.822845089
   17.090000000    1.817460138    1.817489283    1.822093443
   17.100000000    1.816716489    1.816745606    1.821342764
   17.110000000    1.815973791    1.816002881    1.820593051
   17.120000000    1.815232043    1.815261106    1.819844303
   17.130000000    1.814491243    1.814520280    1.819096519
   17.140000000    1.813751391    1.813780400    1.818349696
   17.150000000    1.813012484    1.813041466    1.817603833
   17.160000000    1.812274520    1.812303476    1.816858929
   17.170000000    1.811537500    1.811566428    1.816114982
   17.180000000    1.810801419    1.810830321    1.815371990
   17.190000000    1.810066279    1.810095154    1.814629952
   17.200000000    1.809332076    1.809360924    1.813888867
   17.210000000    1.808598810    1.808627631    1.813148732
   17.220000000    1.807866478    1.807895273    1.812409547
   17.230000000    1.807135080    1.807163848    1.811671310
   17.240000000    1.806404614    1.806433355    1.810934018
   17.250000000    1.805675078    1.805703793    1.810197672
   17.260000000    1.804946471    1.804975160    1.809462269
   17.270000000    1.804218792    1.804247454    1.808727807
   17.280000000    1.803492038    1.803520674    1.807994286
   17.290000000    1.802766209    1.802794819    1.807261703
   17.300000000    1.802041303    1.802069886    1.806530058
   17.310000000    1.801317319    1.801345876    1.805799348
   17.320000000    1.800594255    1.800622785    1.805069573
   17.330000000    1.799872109    1.799900613    1.804340730
   17.340000000    1.799150880    1.799179358    1.803612818
   17.350000000    1.798430568    1.798459019    1.802885836
   17.360000000    1.797711169    1.797739595    1.802159782
   17.370000000    1.796992683    1.797021083    1.801434654
   17.380000000    1.796275109    1.796303482    1.800710452
   17.390000000    1.795558444    1.795586792    1.799987174
   17.400000000    1.794842688    1.794871010    1.799264818
   17.410000000    1.794127839    1.794156135    1.798543382
   17.420000000    1.793413895    1.793442165    1.797822866
   17.430000000    1.792700856    1.792729100    1.797103268
   17.440000000    1.791988719    1.792016937    1.796384586
   17.450000000    1.791277484    1.791305676    1.795666819
   17.460000000    1.790567148    1.790595315    1.794949965
   17.470000000    1.789857711    1.789885852    1.794234023
   17.480000000    1.789149170    1.789177286    1.793518992
   17.490000000    1.788441526    1.788469615    1.792804870
   17.500000000    1.787734775    1.787762839    1.792091655
   17.510000000    1.787028917    1.787056956    1.791379346
   17.520000000    1.786323951    1.786351964    1.790667942
   17.530000000    1.785619874    1.785647861    1.789957442
   17.540000000    1.784916686    1.784944648    1.789247843
   17.550000000    1.784214385    1.784242321    1.788539144
   17.560000000    1.783512969    1.783540880    1.787831345
   17.570000000    1.782812438    1.782840324    1.787124442
   17.580000000    1.782112790    1.782140650    1.786418436
   17.590000000    1.781414023    1.781441858    1.785713325
   17.600000000    1.780716136    1.780743946    1.785009106
   17.610000000    1.780019128    1.780046913    1.784305780
   17.620000000    1.779322997    1.779350757    1.783603343
   17.630000000    1.778627743    1.778655477    1.782901796
   17.640000000    1.777933362    1.777961072    1.782201136
   17.650000000    1.777239855    1.777267540    1.781501362
   17.660000000    1.776547220    1.776574880    1.780802473
   17.670000000    1.775855455    1.775883090    1.780104468
   17.680000000    1.775164559    1.775192169    1.779407344
   17.690000000    1.774474531    1.774502116    1.778711100
   17.700000000    1.773785369    1.773812929    1.778015736
   17.710000000    1.773097072    1.773124607    1.777321249
   17.720000000    1.772409638    1.772437149    1.776627639
   17.730000000    1.771723067    1.771750553    1.775934903
   17.740000000    1.771037357    1.771064818    1.775243041
   17.750000000    1.770352506    1.770379942    1.774552051
   17.760000000    1.769668513    1.769695925    1.773861932
   17.770000000    1.768985377    1.769012765    1.773172682
   17.780000000    1.768303097    1.768330460    1.772484300
   17.790000000    1.767621671    1.767649009    1.771796784
   17.800000000    1.766941097    1.766968411    1.771110134
   17.810000000    1.766261375    1.766288664    1.770424348
   17.820000000    1.765582503    1.765609767    1.769739424
   17.830000000    1.764904479    1.764931720    1.769055361
   17.840000000    1.764227303    1.764254519    1.768372158
   17.850000000    1.763550974    1.763578165    1.767689813
   17.860000000    1.762875488    1.762902656    1.767008326
   17.870000000    1.762200847    1.762227990    1.766327694
   17.880000000    1.761527047    1.761554166    1.765647916
   17.890000000    1.760854089    1.760881183    1.764968991
   17.900000000    1.760181969    1.760209040    1.764290918
   17.910000000    1.759510688    1.759537734    1.763613695
   17.920000000    1.758840244    1.758867266    1.762937321
   17.930000000    1.758170635    1.758197633    1.762261795
   17.940000000    1.757501860    1.757528835    1.761587114
   17.950000000    1.756833919    1.756860869    1.760913279
   17.960000000    1.756166809    1.756193735    1.760240287
   17.970000000    1.755500529    1.755527431    1.759568138
   17.980000000    1.754835078    1.754861957    1.758896829
   17.990000000    1.754170456    1.754197310    1.758226360
   18.000000000    1.753506659    1.753533490    1.757556730
   18.010000000    1.752843688    1.752870495    1.756887936
   18.020000000    1.752181540    1.752208323    1.756219978
   18.030000000    1.751520215    1.751546975    1.755552854
   18.040000000    1.750859711    1.750886447    1.754886563
   18.050000000    1.750200027    1.750226740    1.754221104
   18.060000000    1.749541162    1.749567851    1.753556475
   18.070000000    1.748883115    1.748909780    1.752892675
   18.080000000    1.748225883    1.748252525    1.752229703
   18.090000000    1.747569467    1.747596085    1.751567558
   18.100000000    1.746913864    1.746940458    1.750906237
   18.110000000    1.746259073    1.746285644    1.750245741
   18.120000000    1.745605094    1.745631641    1.749586067
   18.130000000    1.744951924    1.744978448    1.748927214
   18.140000000    1.744299563    1.744326064    1.748269181
   18.150000000    1.743648009    1.743674487    1.747611967
   18.160000000    1.742997261    1.743023715    1.746955570
   18.170000000    1.742347318    1.742373749    1.746299990
   18.180000000    1.741698179    1.741724586    1.745645224
   18.190000000    1.741049841    1.741076226    1.744991272
   18.200000000    1.740402305    1.740428667    1.744338132
   18.210000000    1.739755569    1.739781907    1.743685803
   18.220000000    1.739109631    1.739135946    1.743034284
   18.230000000    1.738464490    1.738490783    1.742383573
   18.240000000    1.737820146    1.737846415    1.741733670
   18.250000000    1.737176596    1.737202842    1.741084573
   18.260000000    1.736533840    1.736560063    1.740436280
   18.270000000    1.735891876    1.735918077    1.739788791
   18.280000000    1.735250704    1.735276881    1.739142103
   18.290000000    1.734610321    1.734636476    1.738496217
   18.300000000    1.733970727    1.733996859    1.737851131
   18.310000000    1.733331921    1.733358030    1.737206842
   18.320000000    1.732693901    1.732719987    1.736563351
   18.330000000    1.732056665    1.732082729    1.735920656
   18.340000000    1.731420214    1.731446255    1.735278756
   18.350000000    1.730784545    1.730810563    1.734637649
   18.360000000    1.730149658    1.730175653    1.733997334
   18.370000000    1.729515550    1.729541523    1.733357810
   18.380000000    1.728882222    1.728908172    1.732719076
   18.390000000    1.728249672    1.728275599    1.732081131
   18.400000000    1.727617898    1.727643803    1.731443972
   18.410000000    1.726986899    1.727012782    1.730807600
   18.420000000    1.726356675    1.726382535    1.730172013
   18.430000000    1.725727223    1.725753061    1.729537209
   18.440000000    1.725098543    1.725124359    1.728903187
   18.450000000    1.724470634    1.724496427    1.728269947
   18.460000000    1.723843495    1.723869265    1.727637487
   18.470000000    1.723217123    1.723242871    1.727005805
   18.480000000    1.722591518    1.722617245    1.726374901
   18.490000000    1.721966680    1.721992384    1.725744773
   18.500000000    1.721342606    1.721368287    1.725115420
   18.510000000    1.720719295    1.720744955    1.724486842
   18.520000000    1.720096747    1.720122384    1.723859035
   18.530000000    1.719474960    1.719500575    1.723232001
   18.540000000    1.718853933    1.718879526    1.722605736
   18.550000000    1.718233664    1.718259235    1.721980241
   18.560000000    1.717614153    1.717639702    1.721355514
   18.570000000    1.716995399    1.717020926    1.720731553
   18.580000000    1.716377400    1.716402905    1.720108358
   18.590000000    1.715760155    1.715785638    1.719485927
   18.600000000    1.715143663    1.715169124    1.718864260
   18.610000000    1.714527923    1.714553362    1.718243354
   18.620000000    1.713912933    1.713938350    1.717623209
   18.630000000    1.713298693    1.713324089    1.717003824
   18.640000000    1.712685201    1.712710575    1.716385197
   18.650000000    1.712072457    1.712097809    1.715767328
   18.660000000    1.711460458    1.711485788    1.715150214
   18.670000000    1.710849205    1.710874513    1.714533856
   18.680000000    1.710238695    1.710263982    1.713918251
   18.690000000    1.709628927    1.709654193    1.713303399
   18.700000000    1.709019902    1.709045145    1.712689298
   18.710000000    1.708411616    1.708436838    1.712075947
   18.720000000    1.707804070    1.707829271    1.711463346
   18.730000000    1.707197262    1.707222441    1.710851492
   18.740000000    1.706591191    1.706616348    1.710240386
   18.750000000    1.705985855    1.706010991    1.709630025
   18.760000000    1.705381255    1.705406369    1.709020408
   18.770000000    1.704777387    1.704802481    1.708411535
   18.780000000    1.704174253    1.704199325    1.707803404
   18.790000000    1.703571849    1.703596900    1.707196014
   18.800000000    1.702970176    1.702995205    1.706589364
   18.810000000    1.702369232    1.702394240    1.705983453
   18.820000000    1.701769016    1.701794002    1.705378279
   18.830000000    1.701169527    1.701194492    1.704773842
   18.840000000    1.700570763    1.700595707    1.704170140
   18.850000000    1.699972724    1.699997647    1.703567172
   18.860000000    1.699375409    1.699400310    1.702964938
   18.870000000    1.698778816    1.698803696    1.702363435
   18.880000000    1.698182944    1.698207804    1.701762664
   18.890000000    1.697587793    1.697612631    1.701162622
   18.900000000    1.696993360    1.697018178    1.700563308
   18.910000000    1.696399646    1.696424443    1.699964723
   18.920000000    1.695806649    1.695831424    1.699366863
   18.930000000    1.695214367    1.695239122    1.698769729
   18.940000000    1.694622800    1.694647534    1.698173319
   18.950000000    1.694031947    1.694056660    1.697577631
   18.960000000    1.693441807    1.693466499    1.696982666
   18.970000000    1.692852378    1.692877049    1.696388422
   18.980000000    1.692263659    1.692288309    1.695794897
   18.990000000    1.691675650    1.691700279    1.695202091
   19.000000000    1.691088349    1.691112957    1.694610002
   19.010000000    1.690501755    1.690526343    1.694018630
   19.020000000    1.689915867    1.689940434    1.693427973
   19.030000000    1.689330684    1.689355231    1.692838031
   19.040000000    1.688746205    1.688770731    1.692248801
   19.050000000    1.688162430    1.688186935    1.691660283
   19.060000000    1.687579355    1.687603840    1.691072477
   19.070000000    1.686996982    1.687021446    1.690485380
   19.080000000    1.686415308    1.686439752    1.689898992
   19.090000000    1.685834333    1.685858756    1.689313311
   19.100000000    1.685254056    1.685278458    1.688728338
   19.110000000    1.684674475    1.684698857    1.688144069
   19.120000000    1.684095589    1.684119951    1.687560505
   19.130000000    1.683517398    1.683541739    1.686977645
   19.140000000    1.682939900    1.682964221    1.686395487
   19.150000000    1.682363094    1.682387395    1.685814030
   19.160000000    1.681786980    1.681811260    1.685233273
   19.170000000    1.681211556    1.681235816    1.684653215
   19.180000000    1.680636821    1.680661060    1.684073855
   19.190000000    1.680062774    1.680086993    1.683495192
   19.200000000    1.679489414    1.679513613    1.682917225
   19.210000000    1.678916740    1.678940919    1.682339953
   19.220000000    1.678344752    1.678368910    1.681763375
   19.230000000    1.677773447    1.677797585    1.681187489
   19.240000000    1.677202825    1.677226943    1.680612295
   19.250000000    1.676632885    1.676656983    1.680037792
   19.260000000    1.676063626    1.676087704    1.679463978
   19.270000000    1.675495046    1.675519105    1.678890853
   19.280000000    1.674927146    1.674951184    1.678318415
   19.290000000    1.674359923    1.674383941    1.677746663
   19.300000000    1.673793377    1.673817375    1.677175597
   19.310000000    1.673227507    1.673251485    1.676605215
   19.320000000    1.672662311    1.672686270    1.676035517
   19.330000000    1.672097789    1.672121728    1.675466500
   19.340000000    1.671533940    1.671557859    1.674898165
   19.350000000    1.670970763    1.670994662    1.674330510
   19.360000000    1.670408256    1.670432135    1.673763535
   19.370000000    1.669846419    1.669870278    1.673197237
   19.380000000    1.669285250    1.669309090    1.672631617
   19.390000000    1.668724749    1.668748569    1.672066672
   19.400000000    1.668164915    1.668188715    1.671502403
   19.410000000    1.667605747    1.667629527    1.670938807
   19.420000000    1.667047243    1.667071003    1.670375885
   19.430000000    1.666489402    1.666513143    1.669813634
   19.440000000    1.665932225    1.665955946    1.669252055
   19.450000000    1.665375708    1.665399410    1.668691145
   19.460000000    1.664819853    1.664843535    1.668130905
   19.470000000    1.664264657    1.664288320    1.667571332
   19.480000000    1.663710120    1.663733763    1.667012426
   19.490000000    1.663156241    1.663179865    1.666454186
   19.500000000    1.662603018    1.662626622    1.665896611
   19.510000000    1.662050451    1.662074036    1.665339700
   19.520000000    1.661498538    1.661522104    1.664783452
   19.530000000    1.660947280    1.660970826    1.664227866
   19.540000000    1.660396674    1.660420201    1.663672940
   19.550000000    1.659846720    1.659870227    1.663118675
   19.560000000    1.659297416    1.659320905    1.662565068
   19.570000000    1.658748763    1.658772232    1.662012119
   19.580000000    1.658200758    1.658224208    1.661459827
   19.590000000    1.657653402    1.657676832    1.660908191
   19.600000000    1.657106692    1.657130103    1.660357210
   19.610000000    1.656560628    1.656584020    1.659806883
   19.620000000    1.656015209    1.656038582    1.659257209
   19.630000000    1.655470434    1.655493788    1.658708187
   19.640000000    1.654926302    1.654949637    1.658159816
   19.650000000    1.654382813    1.654406128    1.657612095
   19.660000000    1.653839964    1.653863261    1.657065023
   19.670000000    1.653297756    1.653321033    1.656518599
   19.680000000    1.652756186    1.652779445    1.655972822
   19.690000000    1.652215256    1.652238495    1.655427691
   19.700000000    1.651674962    1.651698183    1.654883206
   19.710000000    1.651135305    1.651158507    1.654339364
   19.720000000    1.650596283    1.650619466    1.653796166
   19.730000000    1.650057895    1.650081060    1.653253610
   19.740000000    1.649520142    1.649543287    1.652711695
   19.750000000    1.648983020    1.649006147    1.652170421
   19.760000000    1.648446531    1.648469638    1.651629785
   19.770000000    1.647910672    1.647933761    1.651089789
   19.780000000    1.647375443    1.647398513    1.650550430
   19.790000000    1.646840842    1.646863894    1.650011707
   19.800000000    1.646306870    1.646329902    1.649473620
   19.810000000    1.645773524    1.645796538    1.648936167
   19.820000000    1.645240805    1.645263800    1.648399348
   19.830000000    1.644708710    1.644731687    1.647863162
   19.840000000    1.644177240    1.644200198    1.647327607
   19.850000000    1.643646393    1.643669332    1.646792683
   19.860000000    1.643116168    1.643139089    1.646258389
   19.870000000    1.642586565    1.642609467    1.645724724
   19.880000000    1.642057582    1.642080466    1.645191687
   19.890000000    1.641529218    1.641552084    1.644659277
   19.900000000    1.641001474    1.641024320    1.644127493
   19.910000000    1.640474347    1.640497175    1.643596334
   19.920000000    1.639947836    1.639970646    1.643065800
   19.930000000    1.639421942    1.639444733    1.642535889
   19.940000000    1.638896662    1.638919436    1.642006600
   19.950000000    1.638371997    1.638394752    1.641477932
   19.960000000    1.637847945    1.637870681    1.640949885
   19.970000000    1.637324505    1.637347223    1.640422458
   19.980000000    1.636801676    1.636824376    1.639895649
   19.990000000    1.636279458    1.636302139    1.639369458
   20.000000000    1.635757849    1.635780512    1.638843884
   20.010000000    1.635236849    1.635259494    1.638318925
   20.020000000    1.634716456    1.634739083    1.637794582
   20.030000000    1.634196670    1.634219279    1.637270853
   20.040000000    1.633677491    1.633700081    1.636747737
   20.050000000    1.633158916    1.633181488    1.636225233
