# energy grid [eV]  eels components [arbitrary units]
#
    0.050000000    0.000028188    0.000028941    0.000027876
    0.060000000    0.000033831    0.000034735    0.000033457
    0.070000000    0.000039477    0.000040532    0.000039040
    0.080000000    0.000045126    0.000046334    0.000044626
    0.090000000    0.000050779    0.000052139    0.000050216
    0.100000000    0.000056437    0.000057950    0.000055811
    0.110000000    0.000062099    0.000063766    0.000061410
    0.120000000    0.000067767    0.000069588    0.000067014
    0.130000000    0.000073441    0.000075417    0.000072624
    0.140000000    0.000079121    0.000081252    0.000078240
    0.150000000    0.000084808    0.000087096    0.000083863
    0.160000000    0.000090503    0.000092948    0.000089492
    0.170000000    0.000096205    0.000098808    0.000095130
    0.180000000    0.000101916    0.000104679    0.000100775
    0.190000000    0.000107636    0.000110559    0.000106429
    0.200000000    0.000113366    0.000116450    0.000112092
    0.210000000    0.000119105    0.000122352    0.000117764
    0.220000000    0.000124855    0.000128266    0.000123447
    0.230000000    0.000130617    0.000134192    0.000129140
    0.240000000    0.000136390    0.000140132    0.000134845
    0.250000000    0.000142175    0.000146085    0.000140561
    0.260000000    0.000147973    0.000152052    0.000146289
    0.270000000    0.000153784    0.000158035    0.000152031
    0.280000000    0.000159609    0.000164033    0.000157785
    0.290000000    0.000165449    0.000170047    0.000163553
    0.300000000    0.000171304    0.000176078    0.000169336
    0.310000000    0.000177174    0.000182127    0.000175133
    0.320000000    0.000183061    0.000188194    0.000180947
    0.330000000    0.000188965    0.000194281    0.000186776
    0.340000000    0.000194886    0.000200386    0.000192622
    0.350000000    0.000200826    0.000206513    0.000198485
    0.360000000    0.000206784    0.000212660    0.000204366
    0.370000000    0.000212762    0.000218829    0.000210266
    0.380000000    0.000218759    0.000225021    0.000216185
    0.390000000    0.000224778    0.000231237    0.000222124
    0.400000000    0.000230818    0.000237476    0.000228083
    0.410000000    0.000236880    0.000243741    0.000234063
    0.420000000    0.000242965    0.000250031    0.000240065
    0.430000000    0.000249074    0.000256348    0.000246090
    0.440000000    0.000255207    0.000262692    0.000252138
    0.450000000    0.000261365    0.000269065    0.000258209
    0.460000000    0.000267549    0.000275467    0.000264306
    0.470000000    0.000273759    0.000281899    0.000270427
    0.480000000    0.000279997    0.000288362    0.000276575
    0.490000000    0.000286263    0.000294857    0.000282749
    0.500000000    0.000292558    0.000301385    0.000288951
    0.510000000    0.000298883    0.000307946    0.000295182
    0.520000000    0.000305238    0.000314543    0.000301442
    0.530000000    0.000311625    0.000321175    0.000307731
    0.540000000    0.000318045    0.000327845    0.000314052
    0.550000000    0.000324498    0.000334552    0.000320405
    0.560000000    0.000330985    0.000341299    0.000326790
    0.570000000    0.000337508    0.000348086    0.000333209
    0.580000000    0.000344067    0.000354914    0.000339662
    0.590000000    0.000350663    0.000361785    0.000346151
    0.600000000    0.000357298    0.000368700    0.000352676
    0.610000000    0.000363972    0.000375659    0.000359238
    0.620000000    0.000370686    0.000382666    0.000365839
    0.630000000    0.000377442    0.000389719    0.000372480
    0.640000000    0.000384241    0.000396822    0.000379161
    0.650000000    0.000391083    0.000403975    0.000385884
    0.660000000    0.000397971    0.000411180    0.000392649
    0.670000000    0.000404905    0.000418438    0.000399459
    0.680000000    0.000411886    0.000425751    0.000406314
    0.690000000    0.000418916    0.000433120    0.000413215
    0.700000000    0.000425997    0.000440547    0.000420163
    0.710000000    0.000433129    0.000448034    0.000427161
    0.720000000    0.000440313    0.000455582    0.000434209
    0.730000000    0.000447553    0.000463193    0.000441308
    0.740000000    0.000454848    0.000470869    0.000448461
    0.750000000    0.000462201    0.000478611    0.000455667
    0.760000000    0.000469612    0.000486423    0.000462930
    0.770000000    0.000477084    0.000494304    0.000470251
    0.780000000    0.000484619    0.000502259    0.000477630
    0.790000000    0.000492217    0.000510288    0.000485070
    0.800000000    0.000499882    0.000518394    0.000492572
    0.810000000    0.000507614    0.000526579    0.000500138
    0.820000000    0.000515415    0.000534846    0.000507771
    0.830000000    0.000523288    0.000543196    0.000515470
    0.840000000    0.000531235    0.000551633    0.000523240
    0.850000000    0.000539257    0.000560159    0.000531081
    0.860000000    0.000547357    0.000568777    0.000538995
    0.870000000    0.000555537    0.000577489    0.000546985
    0.880000000    0.000563800    0.000586299    0.000555053
    0.890000000    0.000572146    0.000595209    0.000563201
    0.900000000    0.000580581    0.000604222    0.000571431
    0.910000000    0.000589104    0.000613342    0.000579746
    0.920000000    0.000597721    0.000622572    0.000588148
    0.930000000    0.000606432    0.000631915    0.000596640
    0.940000000    0.000615241    0.000641375    0.000605224
    0.950000000    0.000624151    0.000650956    0.000613904
    0.960000000    0.000633166    0.000660661    0.000622681
    0.970000000    0.000642287    0.000670495    0.000631559
    0.980000000    0.000651519    0.000680462    0.000640541
    0.990000000    0.000660864    0.000690566    0.000649631
    1.000000000    0.000670327    0.000700812    0.000658831
    1.010000000    0.000679911    0.000711205    0.000668145
    1.020000000    0.000689620    0.000721749    0.000677576
    1.030000000    0.000699458    0.000732449    0.000687128
    1.040000000    0.000709429    0.000743312    0.000696806
    1.050000000    0.000719537    0.000754342    0.000706612
    1.060000000    0.000729788    0.000765546    0.000716552
    1.070000000    0.000740185    0.000776930    0.000726630
    1.080000000    0.000750733    0.000788499    0.000736849
    1.090000000    0.000761438    0.000800262    0.000747216
    1.100000000    0.000772306    0.000812224    0.000757734
    1.110000000    0.000783341    0.000824394    0.000768409
    1.120000000    0.000794549    0.000836778    0.000779246
    1.130000000    0.000805937    0.000849386    0.000790252
    1.140000000    0.000817510    0.000862225    0.000801431
    1.150000000    0.000829277    0.000875305    0.000812790
    1.160000000    0.000841243    0.000888635    0.000824335
    1.170000000    0.000853416    0.000902225    0.000836073
    1.180000000    0.000865803    0.000916084    0.000848012
    1.190000000    0.000878413    0.000930225    0.000860157
    1.200000000    0.000891255    0.000944658    0.000872518
    1.210000000    0.000904336    0.000959396    0.000885103
    1.220000000    0.000917667    0.000974451    0.000897919
    1.230000000    0.000931256    0.000989837    0.000910975
    1.240000000    0.000945116    0.001005568    0.000924282
    1.250000000    0.000959255    0.001021659    0.000937849
    1.260000000    0.000973687    0.001038126    0.000951687
    1.270000000    0.000988423    0.001054986    0.000965806
    1.280000000    0.001003475    0.001072256    0.000980217
    1.290000000    0.001018857    0.001089955    0.000994934
    1.300000000    0.001034585    0.001108104    0.001009969
    1.310000000    0.001050671    0.001126724    0.001025336
    1.320000000    0.001067133    0.001145837    0.001041048
    1.330000000    0.001083988    0.001165467    0.001057122
    1.340000000    0.001101253    0.001185640    0.001073573
    1.350000000    0.001118948    0.001206383    0.001090418
    1.360000000    0.001137092    0.001227724    0.001107676
    1.370000000    0.001155708    0.001249696    0.001125365
    1.380000000    0.001174818    0.001272331    0.001143506
    1.390000000    0.001194446    0.001295664    0.001162121
    1.400000000    0.001214619    0.001319733    0.001181232
    1.410000000    0.001235365    0.001344579    0.001200865
    1.420000000    0.001256712    0.001370246    0.001221045
    1.430000000    0.001278694    0.001396779    0.001241800
    1.440000000    0.001301343    0.001424231    0.001263161
    1.450000000    0.001324697    0.001452654    0.001285159
    1.460000000    0.001348795    0.001482107    0.001307829
    1.470000000    0.001373679    0.001512653    0.001331207
    1.480000000    0.001399394    0.001544361    0.001355333
    1.490000000    0.001425989    0.001577304    0.001380250
    1.500000000    0.001453518    0.001611561    0.001406001
    1.510000000    0.001482037    0.001647221    0.001432638
    1.520000000    0.001511607    0.001684376    0.001460213
    1.530000000    0.001542297    0.001723130    0.001488783
    1.540000000    0.001574179    0.001763595    0.001518410
    1.550000000    0.001607333    0.001805893    0.001549162
    1.560000000    0.001641844    0.001850158    0.001581111
    1.570000000    0.001677806    0.001896536    0.001614337
    1.580000000    0.001715324    0.001945189    0.001648926
    1.590000000    0.001754510    0.001996293    0.001684972
    1.600000000    0.001795488    0.002050045    0.001722579
    1.610000000    0.001838394    0.002106659    0.001761858
    1.620000000    0.001883380    0.002166376    0.001802934
    1.630000000    0.001930611    0.002229460    0.001845943
    1.640000000    0.001980273    0.002296205    0.001891034
    1.650000000    0.002032569    0.002366942    0.001938372
    1.660000000    0.002087728    0.002442037    0.001988141
    1.670000000    0.002146005    0.002521902    0.002040543
    1.680000000    0.002207685    0.002607000    0.002095803
    1.690000000    0.002273087    0.002697852    0.002154173
    1.700000000    0.002342573    0.002795049    0.002215933
    1.710000000    0.002416551    0.002899258    0.002281399
    1.720000000    0.002495484    0.003011242    0.002350923
    1.730000000    0.002579896    0.003131867    0.002424905
    1.740000000    0.002670392    0.003262130    0.002503797
    1.750000000    0.002767659    0.003403176    0.002588109
    1.760000000    0.002872495    0.003556328    0.002678425
    1.770000000    0.002985819    0.003723119    0.002775412
    1.780000000    0.003108701    0.003905337    0.002879836
    1.790000000    0.003242391    0.004105074    0.002992579
    1.800000000    0.003388361    0.004324793    0.003114663
    1.810000000    0.003548344    0.004567406    0.003247274
    1.820000000    0.003724404    0.004836378    0.003391801
    1.830000000    0.003919009    0.005135851    0.003549875
    1.840000000    0.004135130    0.005470818    0.003723421
    1.850000000    0.004376371    0.005847328    0.003914726
    1.860000000    0.004647134    0.006272763    0.004126524
    1.870000000    0.004952840    0.006756204    0.004362102
    1.880000000    0.005300226    0.007308904    0.004625439
    1.890000000    0.005697726    0.007944927    0.004921390
    1.900000000    0.006156006    0.008681998    0.005255918
    1.910000000    0.006688668    0.009542654    0.005636412
    1.920000000    0.007313218    0.010555816    0.006072097
    1.930000000    0.008052362    0.011758917    0.006574598
    1.940000000    0.008935731    0.013200816    0.007158693
    1.950000000    0.010002086    0.014945730    0.007843343
    1.960000000    0.011301897    0.017078411    0.008653095
    1.970000000    0.012899707    0.019710624    0.009620009
    1.980000000    0.014874467    0.022988214    0.010786275
    1.990000000    0.017313373    0.027096081    0.012207712
    2.000000000    0.020290401    0.032253337    0.013958261
    2.010000000    0.023818772    0.038680519    0.016135232
    2.020000000    0.027783978    0.046504764    0.018863981
    2.030000000    0.031923322    0.055564839    0.022297845
    2.040000000    0.035955734    0.065148884    0.026602501
    2.050000000    0.039777343    0.073899469    0.031900709
    2.060000000    0.043366215    0.080190727    0.038136250
    2.070000000    0.046343700    0.082742818    0.044825855
    2.080000000    0.047777997    0.080919610    0.050800482
    2.090000000    0.046758442    0.074966372    0.054344756
    2.100000000    0.043291343    0.066234800    0.054141460
    2.110000000    0.038378501    0.056627714    0.050359265
    2.120000000    0.033224154    0.047642066    0.044501959
    2.130000000    0.028605967    0.039990916    0.038231193
    2.140000000    0.024818128    0.033801216    0.032576460
    2.150000000    0.021868312    0.028922086    0.027919394
    2.160000000    0.019651923    0.025124014    0.024272116
    2.170000000    0.018044443    0.022188294    0.021504596
    2.180000000    0.016937857    0.019935694    0.019461526
    2.190000000    0.016250529    0.018229473    0.018007634
    2.200000000    0.015927114    0.016970076    0.017039709
    2.210000000    0.015935933    0.016088560    0.016486272
    2.220000000    0.016266652    0.015541170    0.016304044
    2.230000000    0.016929265    0.015305653    0.016474621
    2.240000000    0.017954558    0.015379194    0.017002250
    2.250000000    0.019395916    0.015777447    0.017912227
    2.260000000    0.021331714    0.016533486    0.019247987
    2.270000000    0.023866398    0.017694150    0.021062305
    2.280000000    0.027126308    0.019308927    0.023393504
    2.290000000    0.031244784    0.021405021    0.026214482
    2.300000000    0.036335932    0.023947746    0.029357066
    2.310000000    0.042471045    0.026801705    0.032477597
    2.320000000    0.049660152    0.029708854    0.035205597
    2.330000000    0.057742550    0.032269554    0.037482107
    2.340000000    0.066052003    0.033983247    0.039740124
    2.350000000    0.073066829    0.034509757    0.042682955
    2.360000000    0.076740315    0.033969221    0.046947469
    2.370000000    0.075791517    0.032793342    0.052923307
    2.380000000    0.070690964    0.031259004    0.060620653
    2.390000000    0.063089953    0.029324372    0.069394762
    2.400000000    0.054662477    0.026912822    0.077584368
    2.410000000    0.046587733    0.024194449    0.082618596
    2.420000000    0.039516075    0.021508864    0.082294716
    2.430000000    0.033667728    0.019132427    0.076509602
    2.440000000    0.028992171    0.017184523    0.067325280
    2.450000000    0.025321677    0.015668305    0.057276456
    2.460000000    0.022467788    0.014535578    0.048030284
    2.470000000    0.020263895    0.013727846    0.040245326
    2.480000000    0.018577025    0.013194201    0.033971907
    2.490000000    0.017306614    0.012896771    0.029013106
    2.500000000    0.016379424    0.012811205    0.025117863
    2.510000000    0.015744316    0.012925823    0.022057795
    2.520000000    0.015368126    0.013240948    0.019648048
    2.530000000    0.015232890    0.013768986    0.017746494
    2.540000000    0.015334314    0.014535444    0.016246579
    2.550000000    0.015681318    0.015580951    0.015069640
    2.560000000    0.016296286    0.016964052    0.014158510
    2.570000000    0.017215256    0.018763898    0.013472738
    2.580000000    0.018486191    0.021080214    0.012985238
    2.590000000    0.020161364    0.024023817    0.012680079
    2.600000000    0.022277314    0.027683239    0.012551007
    2.610000000    0.024818601    0.032044110    0.012600081
    2.620000000    0.027684546    0.036849073    0.012835120
    2.630000000    0.030721002    0.041470965    0.013263293
    2.640000000    0.033849828    0.045028036    0.013876151
    2.650000000    0.037140604    0.046874729    0.014621687
    2.660000000    0.040612236    0.046994228    0.015371885
    2.670000000    0.043881823    0.045737405    0.015928839
    2.680000000    0.046072467    0.043392447    0.016123871
    2.690000000    0.046305505    0.040253545    0.015953827
    2.700000000    0.044477079    0.036828069    0.015587761
    2.710000000    0.041401142    0.033693130    0.015234946
    2.720000000    0.038159210    0.031246875    0.015039665
    2.730000000    0.035514987    0.029660269    0.015070455
    2.740000000    0.033825109    0.028969063    0.015352542
    2.750000000    0.033201716    0.029169650    0.015897734
    2.760000000    0.033669595    0.030273637    0.016721592
    2.770000000    0.035248752    0.032326137    0.017852041
    2.780000000    0.037971847    0.035393771    0.019334292
    2.790000000    0.041845112    0.039513637    0.021234979
    2.800000000    0.046752340    0.044587279    0.023647240
    2.810000000    0.052341851    0.050242162    0.026697942
    2.820000000    0.058055998    0.055806139    0.030556033
    2.830000000    0.063477945    0.060595323    0.035434273
    2.840000000    0.068734169    0.064324759    0.041567948
    2.850000000    0.074310502    0.067026987    0.049142330
    2.860000000    0.080264602    0.068514525    0.058117865
    2.870000000    0.085553437    0.068241103    0.067906417
    2.880000000    0.088205347    0.065922112    0.077024428
    2.890000000    0.086661867    0.062160742    0.083264018
    2.900000000    0.081236945    0.058200761    0.084934410
    2.910000000    0.073898063    0.055180968    0.082309841
    2.920000000    0.066738886    0.053746831    0.077417133
    2.930000000    0.060960995    0.054087563    0.072384081
    2.940000000    0.056820587    0.056064661    0.068239994
    2.950000000    0.053980736    0.059309554    0.064823792
    2.960000000    0.051910694    0.063378815    0.061403190
    2.970000000    0.050146695    0.067917777    0.057540713
    2.980000000    0.048259624    0.072487730    0.053534942
    2.990000000    0.045777755    0.076060062    0.050102459
    3.000000000    0.042439354    0.076993098    0.047868914
    3.010000000    0.038480193    0.074094925    0.047193554
    3.020000000    0.034454884    0.067769564    0.048239362
    3.030000000    0.030824876    0.059702134    0.051040772
    3.040000000    0.027769341    0.051579235    0.055440581
    3.050000000    0.025239718    0.044354966    0.060860996
    3.060000000    0.023099844    0.038318400    0.066013293
    3.070000000    0.021250724    0.033422834    0.068969818
    3.080000000    0.019670185    0.029520651    0.068104452
    3.090000000    0.018371103    0.026454674    0.063349510
    3.100000000    0.017355923    0.024080612    0.056215884
    3.110000000    0.016606946    0.022274404    0.048543735
    3.120000000    0.016097161    0.020936482    0.041532779
    3.130000000    0.015803448    0.019993267    0.035649123
    3.140000000    0.015714764    0.019396222    0.030919996
    3.150000000    0.015833347    0.019118973    0.027196091
    3.160000000    0.016172626    0.019154326    0.024291015
    3.170000000    0.016756729    0.019513076    0.022036454
    3.180000000    0.017622292    0.020224642    0.020296981
    3.190000000    0.018820686    0.021338281    0.018969316
    3.200000000    0.020417967    0.022922410    0.017977004
    3.210000000    0.022487506    0.025056632    0.017264650
    3.220000000    0.025084631    0.027804647    0.016792908
    3.230000000    0.028185559    0.031147627    0.016534411
    3.240000000    0.031580020    0.034861883    0.016470867
    3.250000000    0.034770690    0.038388674    0.016592316
    3.260000000    0.037063762    0.040896839    0.016899221
    3.270000000    0.037997939    0.041747813    0.017405169
    3.280000000    0.037775112    0.041049529    0.018136901
    3.290000000    0.037137211    0.039602838    0.019132957
    3.300000000    0.036866490    0.038318962    0.020444321
    3.310000000    0.037489526    0.037813849    0.022137121
    3.320000000    0.039283240    0.038385394    0.024294877
    3.330000000    0.042358226    0.040129235    0.027016531
    3.340000000    0.046669940    0.043013756    0.030404692
    3.350000000    0.051943099    0.046906130    0.034537947
    3.360000000    0.057605615    0.051629113    0.039431360
    3.370000000    0.062896417    0.057088770    0.045025553
    3.380000000    0.067176898    0.063362444    0.051277824
    3.390000000    0.070168914    0.070566687    0.058313285
    3.400000000    0.071837633    0.078444568    0.066355446
    3.410000000    0.072200306    0.085906229    0.075263441
    3.420000000    0.071522768    0.091106847    0.083970016
    3.430000000    0.070502489    0.092492831    0.090450260
    3.440000000    0.069823119    0.089954403    0.092780819
    3.450000000    0.069468051    0.084552845    0.090661755
    3.460000000    0.068569302    0.077366583    0.085593770
    3.470000000    0.066083901    0.069166548    0.079516573
    3.480000000    0.061784423    0.060763086    0.073629560
    3.490000000    0.056476218    0.052982827    0.068312285
    3.500000000    0.051292674    0.046366843    0.063713362
    3.510000000    0.047030708    0.041087599    0.060144039
    3.520000000    0.044000493    0.037068793    0.057910286
    3.530000000    0.042146538    0.034111060    0.056943038
    3.540000000    0.041204771    0.031970007    0.056585409
    3.550000000    0.040883624    0.030429872    0.055701688
    3.560000000    0.041058624    0.029372946    0.053268598
    3.570000000    0.041805590    0.028768048    0.049121102
    3.580000000    0.043181197    0.028563949    0.043996533
    3.590000000    0.044939809    0.028592630    0.038846791
    3.600000000    0.046441795    0.028593478    0.034287258
    3.610000000    0.046941338    0.028376168    0.030535322
    3.620000000    0.046138920    0.027957099    0.027567899
    3.630000000    0.044397670    0.027489332    0.025260282
    3.640000000    0.042379399    0.027114005    0.023468617
    3.650000000    0.040662633    0.026946245    0.022083790
    3.660000000    0.039672542    0.027138159    0.021053674
    3.670000000    0.039715244    0.027870606    0.020364795
    3.680000000    0.040975248    0.029285705    0.020010068
    3.690000000    0.043480672    0.031420233    0.019966457
    3.700000000    0.047005611    0.034124247    0.020178696
    3.710000000    0.050896091    0.036954394    0.020547498
    3.720000000    0.053983255    0.039151808    0.020944850
    3.730000000    0.054946104    0.039913253    0.021276916
    3.740000000    0.053170521    0.038932162    0.021555395
    3.750000000    0.049261507    0.036670842    0.021901028
    3.760000000    0.044515307    0.033989913    0.022477760
    3.770000000    0.040048703    0.031608337    0.023432380
    3.780000000    0.036452385    0.029908911    0.024881783
    3.790000000    0.033908372    0.029024067    0.026928029
    3.800000000    0.032394393    0.028964413    0.029668618
    3.810000000    0.031807058    0.029689360    0.033183125
    3.820000000    0.032004791    0.031123193    0.037491369
    3.830000000    0.032825082    0.033156864    0.042507186
    3.840000000    0.034125032    0.035673582    0.048054162
    3.850000000    0.035822390    0.038570263    0.053956736
    3.860000000    0.037868796    0.041706474    0.060024835
    3.870000000    0.040202538    0.044846037    0.065791924
    3.880000000    0.042795463    0.047748265    0.070278243
    3.890000000    0.045742013    0.050379876    0.072247255
    3.900000000    0.049195620    0.052968853    0.071068434
    3.910000000    0.053126623    0.055733008    0.067398294
    3.920000000    0.057138466    0.058560139    0.062780406
    3.930000000    0.060477891    0.060919549    0.058701527
    3.940000000    0.062167861    0.061966304    0.056106368
    3.950000000    0.061395373    0.060937939    0.055435806
    3.960000000    0.058161371    0.057809498    0.056794143
    3.970000000    0.053400810    0.053428997    0.059990249
    3.980000000    0.048271622    0.048866618    0.064380918
    3.990000000    0.043528300    0.044840876    0.068638557
    4.000000000    0.039504960    0.041692683    0.070883796
    4.010000000    0.036338434    0.039571035    0.069636140
    4.020000000    0.034071419    0.038522710    0.064952496
    4.030000000    0.032650724    0.038489916    0.058315742
    4.040000000    0.031921341    0.039284790    0.051423473
    4.050000000    0.031650464    0.040588524    0.045341627
    4.060000000    0.031609687    0.042054463    0.040470632
    4.070000000    0.031691293    0.043503327    0.036836604
    4.080000000    0.031931619    0.044980722    0.034332790
    4.090000000    0.032417024    0.046586972    0.032836658
    4.100000000    0.033226776    0.048381636    0.032243607
    4.110000000    0.034452727    0.050505176    0.032457512
    4.120000000    0.036168188    0.053213631    0.033356453
    4.130000000    0.038336235    0.056665687    0.034758970
    4.140000000    0.040806390    0.060740765    0.036447574
    4.150000000    0.043469307    0.065135409    0.038277126
    4.160000000    0.046400475    0.069582792    0.040263733
    4.170000000    0.049785877    0.073855723    0.042555114
    4.180000000    0.053697466    0.077603763    0.045357373
    4.190000000    0.057870320    0.080262980    0.048844604
    4.200000000    0.061555799    0.081052807    0.052980139
    4.210000000    0.063623891    0.079236347    0.057306184
    4.220000000    0.063137128    0.074731126    0.060898131
    4.230000000    0.060131583    0.068460363    0.062728046
    4.240000000    0.055702067    0.061872021    0.062422101
    4.250000000    0.051225554    0.056153838    0.060701260
    4.260000000    0.047669952    0.051918784    0.058892118
    4.270000000    0.045488328    0.049335159    0.058106463
    4.280000000    0.044814834    0.048339110    0.058846543
    4.290000000    0.045648751    0.048760679    0.060959834
    4.300000000    0.047936927    0.050369656    0.063657699
    4.310000000    0.051554834    0.052865531    0.065667769
    4.320000000    0.056172738    0.055757026    0.065753114
    4.330000000    0.061024969    0.058169572    0.063446895
    4.340000000    0.064787828    0.058946478    0.059377512
    4.350000000    0.065996605    0.057326962    0.054805626
    4.360000000    0.064051158    0.053612622    0.050856260
    4.370000000    0.059772875    0.048924141    0.048130236
    4.380000000    0.054726945    0.044371040    0.046718399
    4.390000000    0.050213784    0.040584542    0.046305268
    4.400000000    0.046917085    0.037779865    0.046265512
    4.410000000    0.045072733    0.035979510    0.045913136
    4.420000000    0.044703788    0.035147630    0.044937995
    4.430000000    0.045731322    0.035206533    0.043614379
    4.440000000    0.047939692    0.035984868    0.042485870
    4.450000000    0.050828132    0.037157815    0.041897214
    4.460000000    0.053497965    0.038279527    0.041773390
    4.470000000    0.054853677    0.038955051    0.041686180
    4.480000000    0.054179105    0.038972027    0.041171681
    4.490000000    0.051567870    0.038238536    0.040126589
    4.500000000    0.047740331    0.036753329    0.038893399
    4.510000000    0.043552878    0.034731053    0.037976066
    4.520000000    0.039652460    0.032587651    0.037769506
    4.530000000    0.036387091    0.030725072    0.038512192
    4.540000000    0.033885383    0.029381131    0.040347708
    4.550000000    0.032145620    0.028615538    0.043333860
    4.560000000    0.031070635    0.028337335    0.047344810
    4.570000000    0.030501671    0.028352291    0.051910094
    4.580000000    0.030302803    0.028475231    0.056160074
    4.590000000    0.030453167    0.028669005    0.059156932
    4.600000000    0.031035770    0.029055489    0.060518151
    4.610000000    0.032117524    0.029772155    0.060549670
    4.620000000    0.033636971    0.030841821    0.059597940
    4.630000000    0.035394100    0.032174913    0.057559803
    4.640000000    0.037176173    0.033687047    0.054227871
    4.650000000    0.038921903    0.035400739    0.049883764
    4.660000000    0.040715515    0.037395684    0.045286020
    4.670000000    0.042634424    0.039691357    0.041194664
    4.680000000    0.044706847    0.042255518    0.038069082
    4.690000000    0.046982933    0.045088476    0.036081734
    4.700000000    0.049469192    0.048168086    0.035239343
    4.710000000    0.051948010    0.051298793    0.035460368
    4.720000000    0.053969597    0.054081960    0.036567587
    4.730000000    0.055099127    0.056031551    0.038200255
    4.740000000    0.055213936    0.056801592    0.039713325
    4.750000000    0.054587366    0.056483604    0.040269955
    4.760000000    0.053660402    0.055642496    0.039295399
    4.770000000    0.052655062    0.054895042    0.036931125
    4.780000000    0.051371599    0.054425799    0.033890674
    4.790000000    0.049402005    0.053848130    0.030914252
    4.800000000    0.046558499    0.052456410    0.028449499
    4.810000000    0.043093150    0.049757260    0.026668269
    4.820000000    0.039551163    0.045916957    0.025590300
    4.830000000    0.036451389    0.041643734    0.025168080
    4.840000000    0.034076730    0.037661285    0.025306938
    4.850000000    0.032457606    0.034369444    0.025836649
    4.860000000    0.031457218    0.031854176    0.026480087
    4.870000000    0.030896404    0.030045936    0.026911065
    4.880000000    0.030685787    0.028863696    0.026947413
    4.890000000    0.030869279    0.028273549    0.026704465
    4.900000000    0.031531377    0.028264244    0.026499695
    4.910000000    0.032672593    0.028800014    0.026630780
    4.920000000    0.034159720    0.029793569    0.027250904
    4.930000000    0.035767687    0.031100671    0.028351730
    4.940000000    0.037252850    0.032523005    0.029788006
    4.950000000    0.038385867    0.033838175    0.031354663
    4.960000000    0.039016194    0.034907511    0.032918066
    4.970000000    0.039220367    0.035786772    0.034460010
    4.980000000    0.039320269    0.036665368    0.035945371
    4.990000000    0.039678877    0.037698349    0.037232574
    5.000000000    0.040520949    0.038968623    0.038235943
    5.010000000    0.041910298    0.040568275    0.039131880
    5.020000000    0.043804499    0.042609357    0.040287327
    5.030000000    0.046122319    0.045147311    0.042006288
    5.040000000    0.048766054    0.048121275    0.044372912
    5.050000000    0.051573403    0.051337598    0.047248384
    5.060000000    0.054238829    0.054433312    0.050319148
    5.070000000    0.056307724    0.056855911    0.053112957
    5.080000000    0.057359421    0.058059622    0.055041819
    5.090000000    0.057287656    0.057891478    0.055648568
    5.100000000    0.056384394    0.056746670    0.055033818
    5.110000000    0.055057370    0.055239130    0.053955937
    5.120000000    0.053491353    0.053778226    0.053368359
    5.130000000    0.051693067    0.052517651    0.053913388
    5.140000000    0.049785220    0.051567364    0.055732149
    5.150000000    0.048056544    0.051071738    0.058474708
    5.160000000    0.046725112    0.051085050    0.061397206
    5.170000000    0.045772891    0.051463908    0.063573271
    5.180000000    0.045016506    0.051920229    0.064261559
    5.190000000    0.044306593    0.052243541    0.063359731
    5.200000000    0.043672748    0.052529986    0.061518709
    5.210000000    0.043299819    0.053144399    0.059606865
    5.220000000    0.043372253    0.054412147    0.058058963
    5.230000000    0.043949547    0.056347420    0.056749115
    5.240000000    0.044968560    0.058602200    0.055324507
    5.250000000    0.046304137    0.060606524    0.053481925
    5.260000000    0.047813758    0.061846232    0.050979016
    5.270000000    0.049388046    0.062169350    0.047727239
    5.280000000    0.051012544    0.061869085    0.043992361
    5.290000000    0.052751279    0.061400614    0.040300465
    5.300000000    0.054622061    0.060973708    0.037121452
    5.310000000    0.056503309    0.060418645    0.034708049
    5.320000000    0.058168402    0.059435251    0.033140507
    5.330000000    0.059373963    0.057947491    0.032416931
    5.340000000    0.059946611    0.056218387    0.032494224
    5.350000000    0.059916352    0.054696600    0.033276941
    5.360000000    0.059585728    0.053774666    0.034587747
    5.370000000    0.059318034    0.053598643    0.036163965
    5.380000000    0.059232323    0.054033219    0.037707348
    5.390000000    0.059183121    0.054800995    0.038959574
    5.400000000    0.058988643    0.055687577    0.039751778
    5.410000000    0.058616448    0.056667218    0.040014756
    5.420000000    0.058235636    0.057897337    0.039811886
    5.430000000    0.058157007    0.059598797    0.039386157
    5.440000000    0.058627425    0.061835953    0.039047315
    5.450000000    0.059613748    0.064334834    0.038944542
    5.460000000    0.060775259    0.066516629    0.039011342
    5.470000000    0.061668934    0.067805501    0.039159196
    5.480000000    0.062068435    0.068066104    0.039464580
    5.490000000    0.062139883    0.067744105    0.040111146
    5.500000000    0.062318275    0.067508643    0.041219765
    5.510000000    0.063000862    0.067776239    0.042781533
    5.520000000    0.064334108    0.068532217    0.044642336
    5.530000000    0.066221350    0.069453600    0.046462018
    5.540000000    0.068413122    0.070098517    0.047796774
    5.550000000    0.070528710    0.070053282    0.048409136
    5.560000000    0.072079525    0.069087906    0.048519855
    5.570000000    0.072623160    0.067276765    0.048659429
    5.580000000    0.071984434    0.064974247    0.049277655
    5.590000000    0.070394784    0.062674102    0.050497793
    5.600000000    0.068393111    0.060827108    0.052120618
    5.610000000    0.066529360    0.059711662    0.053756508
    5.620000000    0.065160855    0.059424079    0.055003288
    5.630000000    0.064469702    0.059934519    0.055661728
    5.640000000    0.064542205    0.061128972    0.055850913
    5.650000000    0.065360719    0.062838619    0.055911624
    5.660000000    0.066744044    0.064883465    0.056229405
    5.670000000    0.068352953    0.067106972    0.057052842
    5.680000000    0.069820019    0.069369343    0.058355585
    5.690000000    0.070904571    0.071497564    0.059852005
    5.700000000    0.071509337    0.073208760    0.061128921
    5.710000000    0.071652391    0.074162503    0.061849559
    5.720000000    0.071593007    0.074311827    0.062016582
    5.730000000    0.071878474    0.074165993    0.062018714
    5.740000000    0.073063479    0.074483374    0.062289932
    5.750000000    0.075380146    0.075751178    0.062940558
    5.760000000    0.078663695    0.078006343    0.063772210
    5.770000000    0.082518810    0.081006258    0.064646553
    5.780000000    0.086585890    0.084491877    0.065762926
    5.790000000    0.090689914    0.088278708    0.067485012
    5.800000000    0.094662003    0.092022825    0.069907311
    5.810000000    0.097977218    0.094903696    0.072554402
    5.820000000    0.099782258    0.095831749    0.074497854
    5.830000000    0.099603356    0.094324885    0.075032527
    5.840000000    0.097947468    0.091064307    0.074359232
    5.850000000    0.095919347    0.087333702    0.073368356
    5.860000000    0.094328475    0.084089863    0.072776044
    5.870000000    0.093291105    0.081665164    0.072623103
    5.880000000    0.092552901    0.080080423    0.072469141
    5.890000000    0.091998601    0.079367945    0.071894739
    5.900000000    0.091800289    0.079601711    0.070769757
    5.910000000    0.092284190    0.080830342    0.069219944
    5.920000000    0.093775912    0.083036394    0.067549461
    5.930000000    0.096395377    0.086057339    0.066083733
    5.940000000    0.099896668    0.089544416    0.064957988
    5.950000000    0.103732054    0.093067826    0.064079168
    5.960000000    0.107243070    0.096259320    0.063294314
    5.970000000    0.109710350    0.098752786    0.062538639
    5.980000000    0.110352043    0.100002562    0.061793992
    5.990000000    0.108672310    0.099363085    0.061016102
    6.000000000    0.104960580    0.096507059    0.060219450
    6.010000000    0.100250689    0.091823316    0.059600198
    6.020000000    0.095656442    0.086295161    0.059472773
    6.030000000    0.091757536    0.080906193    0.060082373
    6.040000000    0.088534848    0.076227684    0.061498433
    6.050000000    0.085721038    0.072462262    0.063629211
    6.060000000    0.083163437    0.069656002    0.066313964
    6.070000000    0.080875493    0.067777321    0.069431291
    6.080000000    0.078887844    0.066685229    0.072882970
    6.090000000    0.077226079    0.066160609    0.076421235
    6.100000000    0.075949977    0.065988662    0.079533424
    6.110000000    0.075085296    0.065984065    0.081558042
    6.120000000    0.074562180    0.065988494    0.082060246
    6.130000000    0.074248945    0.065918033    0.081208096
    6.140000000    0.074035151    0.065822356    0.079665674
    6.150000000    0.073952759    0.065881059    0.078128969
    6.160000000    0.074230447    0.066336199    0.077035971
    6.170000000    0.075171426    0.067421733    0.076576773
    6.180000000    0.076980193    0.069332918    0.076829093
    6.190000000    0.079646799    0.072192682    0.077887894
    6.200000000    0.082877081    0.075982269    0.079911173
    6.210000000    0.086060380    0.080437825    0.082995434
    6.220000000    0.088347413    0.084962627    0.086919991
    6.230000000    0.088967334    0.088685821    0.091040630
    6.240000000    0.087653216    0.090756376    0.094630854
    6.250000000    0.084779519    0.090800043    0.097415581
    6.260000000    0.081110324    0.089190566    0.099628969
    6.270000000    0.077469248    0.086807297    0.101631519
    6.280000000    0.074505606    0.084488477    0.103594065
    6.290000000    0.072587063    0.082712113    0.105399899
    6.300000000    0.071836854    0.081694558    0.106886333
    6.310000000    0.072179254    0.081569323    0.108178711
    6.320000000    0.073296200    0.082346833    0.109508379
    6.330000000    0.074611010    0.083773422    0.110672402
    6.340000000    0.075486432    0.085355866    0.110861371
    6.350000000    0.075606849    0.086631649    0.109262214
    6.360000000    0.075178640    0.087489273    0.105974452
    6.370000000    0.074695031    0.088211372    0.102096671
    6.380000000    0.074535776    0.089177393    0.098870432
    6.390000000    0.074775048    0.090554277    0.096982651
    6.400000000    0.075266773    0.092268654    0.096517155
    6.410000000    0.075829282    0.094185476    0.097186541
    6.420000000    0.076315575    0.096220906    0.098554349
    6.430000000    0.076597658    0.098302441    0.100247819
    6.440000000    0.076592749    0.100279616    0.102138590
    6.450000000    0.076321347    0.101908253    0.104360557
    6.460000000    0.075948347    0.103006596    0.107137731
    6.470000000    0.075761441    0.103663445    0.110512600
    6.480000000    0.076069871    0.104247075    0.114201489
    6.490000000    0.077093297    0.105186186    0.117868346
    6.500000000    0.078925239    0.106733106    0.121439968
    6.510000000    0.081536736    0.108841241    0.124791309
    6.520000000    0.084717129    0.111106985    0.127222661
    6.530000000    0.087981976    0.112823370    0.127731118
    6.540000000    0.090687932    0.113353174    0.126045608
    6.550000000    0.092483667    0.112690498    0.123107296
    6.560000000    0.093627821    0.111509157    0.120272048
    6.570000000    0.094722077    0.110602920    0.118365772
    6.580000000    0.096268272    0.110489719    0.117573244
    6.590000000    0.098530043    0.111403135    0.117763903
    6.600000000    0.101592722    0.113323220    0.118659407
    6.610000000    0.105381034    0.115954488    0.119783079
    6.620000000    0.109601330    0.118764949    0.120311909
    6.630000000    0.113715307    0.121134323    0.119096064
    6.640000000    0.117097768    0.122622780    0.115270642
    6.650000000    0.119382064    0.123230037    0.109105616
    6.660000000    0.120737653    0.123373957    0.101960168
    6.670000000    0.121792918    0.123547222    0.095331584
    6.680000000    0.123189427    0.123985356    0.090122550
    6.690000000    0.125195160    0.124660200    0.086580022
    6.700000000    0.127743263    0.125543712    0.084543882
    6.710000000    0.130684346    0.126814164    0.083684326
    6.720000000    0.133867088    0.128769775    0.083667012
    6.730000000    0.137090663    0.131558493    0.084269422
    6.740000000    0.140169766    0.134981220    0.085473679
    6.750000000    0.143071947    0.138500543    0.087470842
    6.760000000    0.145873425    0.141365451    0.090495820
    6.770000000    0.148487546    0.142758708    0.094601054
    6.780000000    0.150454369    0.142061243    0.099504692
    6.790000000    0.151128671    0.139261075    0.104595176
    6.800000000    0.150278481    0.135169892    0.109235100
    6.810000000    0.148390926    0.130991443    0.113186991
    6.820000000    0.146131564    0.127557582    0.116567897
    6.830000000    0.143762916    0.125048749    0.119439611
    6.840000000    0.141273056    0.123281104    0.121867600
    6.850000000    0.138681072    0.122051032    0.124348612
    6.860000000    0.136000038    0.121222056    0.127667142
    6.870000000    0.133190194    0.120654218    0.132135653
    6.880000000    0.130348092    0.120222879    0.137071090
    6.890000000    0.127736243    0.119842785    0.141078727
    6.900000000    0.125464175    0.119307022    0.142979678
    6.910000000    0.123267764    0.118196699    0.142490115
    6.920000000    0.120765371    0.116196918    0.140039707
    6.930000000    0.117973939    0.113552646    0.136347428
    6.940000000    0.115429992    0.111011103    0.132227037
    6.950000000    0.113730167    0.109232485    0.128412530
    6.960000000    0.113077308    0.108358282    0.125477922
    6.970000000    0.113227991    0.108100548    0.123827805
    6.980000000    0.113687868    0.108078695    0.123570552
    6.990000000    0.113922175    0.107997447    0.124353542
    7.000000000    0.113535130    0.107588823    0.125315862
    7.010000000    0.112396014    0.106584728    0.125265516
    7.020000000    0.110621750    0.104908345    0.123247310
    7.030000000    0.108466511    0.102846063    0.119266130
    7.040000000    0.106283636    0.100918288    0.114330100
    7.050000000    0.104485638    0.099588817    0.109650817
    7.060000000    0.103433582    0.099117198    0.105966601
    7.070000000    0.103348783    0.099569643    0.103543717
    7.080000000    0.104258601    0.100857661    0.102424865
    7.090000000    0.106026617    0.102828202    0.102508740
    7.100000000    0.108473184    0.105373560    0.103575756
    7.110000000    0.111389728    0.108372158    0.105422162
    7.120000000    0.114382906    0.111489953    0.108012860
    7.130000000    0.116833043    0.114166305    0.111456740
    7.140000000    0.118217056    0.115912215    0.115702311
    7.150000000    0.118603568    0.116680783    0.120205401
    7.160000000    0.118776710    0.116986949    0.124049846
    7.170000000    0.119745380    0.117625182    0.126675893
    7.180000000    0.122082760    0.119195594    0.128503249
    7.190000000    0.125644262    0.121849353    0.130617599
    7.200000000    0.129759147    0.125311989    0.133870837
    7.210000000    0.133716554    0.129007186    0.138193369
    7.220000000    0.137283192    0.132349716    0.142436605
    7.230000000    0.140815839    0.135120389    0.144896382
    7.240000000    0.144760031    0.137448868    0.144395803
    7.250000000    0.149105729    0.139440184    0.141158338
    7.260000000    0.153448106    0.140987372    0.136595228
    7.270000000    0.157385626    0.141834956    0.132157560
    7.280000000    0.160571011    0.141664194    0.128419559
    7.290000000    0.162566106    0.140265096    0.125151365
    7.300000000    0.163109345    0.137835019    0.122063178
    7.310000000    0.162551746    0.135043650    0.119353294
    7.320000000    0.161713762    0.132677613    0.117552970
    7.330000000    0.161259769    0.131248193    0.117052783
    7.340000000    0.161431515    0.130998490    0.117890702
    7.350000000    0.162267505    0.132105442    0.119889909
    7.360000000    0.163613983    0.134583554    0.122847471
    7.370000000    0.164875173    0.138081124    0.126480699
    7.380000000    0.165128104    0.142056328    0.130286415
    7.390000000    0.163562400    0.146115219    0.133675302
    7.400000000    0.159694932    0.149905625    0.136315911
    7.410000000    0.153361457    0.152655474    0.138238454
    7.420000000    0.144818719    0.153092706    0.139582654
    7.430000000    0.134782220    0.150107543    0.140337587
    7.440000000    0.124189344    0.143679559    0.140396654
    7.450000000    0.113936511    0.135053457    0.139938579
    7.460000000    0.104742238    0.125878538    0.139651257
    7.470000000    0.097069281    0.117305326    0.140329752
    7.480000000    0.091140631    0.109853867    0.142193522
    7.490000000    0.087026218    0.103772868    0.144616621
    7.500000000    0.084683424    0.099272707    0.146467363
    7.510000000    0.083945556    0.096479130    0.146833819
    7.520000000    0.084509924    0.095303542    0.145580730
    7.530000000    0.085922532    0.095370787    0.143245332
    7.540000000    0.087590879    0.096062994    0.140577530
    7.550000000    0.088953588    0.096761155    0.138237958
    7.560000000    0.089779729    0.097189603    0.136612394
    7.570000000    0.090262523    0.097517195    0.135737145
    7.580000000    0.090735703    0.098090127    0.135583987
    7.590000000    0.091317222    0.099108751    0.136453013
    7.600000000    0.091832954    0.100540568    0.138908970
    7.610000000    0.092032185    0.102226109    0.143346347
    7.620000000    0.091865323    0.104016182    0.149651781
    7.630000000    0.091587298    0.105880324    0.157083310
    7.640000000    0.091594543    0.107920781    0.164251354
    7.650000000    0.092132444    0.110237375    0.169315205
    7.660000000    0.093097809    0.112714910    0.170771111
    7.670000000    0.094097591    0.114930136    0.168486798
    7.680000000    0.094755111    0.116334921    0.163702253
    7.690000000    0.094972517    0.116582194    0.157953697
    7.700000000    0.094856784    0.115677731    0.152363755
    7.710000000    0.094468570    0.113855084    0.147720484
    7.720000000    0.093785571    0.111422120    0.144595287
    7.730000000    0.092907489    0.108752388    0.143164533
    7.740000000    0.092116596    0.106244356    0.143029284
    7.750000000    0.091664192    0.104197095    0.143312736
    7.760000000    0.091619784    0.102780804    0.143116970
    7.770000000    0.091924162    0.102063389    0.142021007
    7.780000000    0.092493335    0.101995891    0.140136966
    7.790000000    0.093330454    0.102488105    0.137898903
    7.800000000    0.094604582    0.103571246    0.135892144
    7.810000000    0.096615786    0.105451469    0.134638794
    7.820000000    0.099691228    0.108405718    0.134441503
    7.830000000    0.104039968    0.112590066    0.135385588
    7.840000000    0.109491596    0.117776097    0.137334593
    7.850000000    0.115203657    0.123138324    0.139911550
    7.860000000    0.119754734    0.127477247    0.142658405
    7.870000000    0.121881755    0.129957423    0.145269832
    7.880000000    0.121328984    0.130643309    0.147594513
    7.890000000    0.119009255    0.130316982    0.149545087
    7.900000000    0.116444182    0.130031322    0.151218143
    7.910000000    0.115013022    0.130760051    0.152962042
    7.920000000    0.115420412    0.133009036    0.155076434
    7.930000000    0.117468823    0.136445206    0.157375361
    7.940000000    0.120099102    0.139862850    0.159074610
    7.950000000    0.121834904    0.141774788    0.159245360
    7.960000000    0.121659879    0.141411277    0.157584692
    7.970000000    0.119673051    0.139182560    0.154777788
    7.980000000    0.116800598    0.136120518    0.151953611
    7.990000000    0.113983440    0.133082651    0.149903783
    8.000000000    0.111739636    0.130503659    0.148938410
    8.010000000    0.110222852    0.128568544    0.149116663
    8.020000000    0.109409030    0.127384314    0.150301037
    8.030000000    0.109199771    0.126979931    0.152048877
    8.040000000    0.109475893    0.127286004    0.153618855
    8.050000000    0.110268003    0.128340115    0.154337842
    8.060000000    0.111910045    0.130437288    0.154066988
    8.070000000    0.114873499    0.133840707    0.153201465
    8.080000000    0.119473217    0.138408293    0.152311682
    8.090000000    0.125785681    0.143603590    0.151749974
    8.100000000    0.133684868    0.148733650    0.151345357
    8.110000000    0.142761761    0.153061656    0.150572437
    8.120000000    0.152223116    0.155884973    0.149180793
    8.130000000    0.161102661    0.156857990    0.147553296
    8.140000000    0.168803646    0.156337269    0.146472470
    8.150000000    0.175445470    0.155304194    0.146695614
    8.160000000    0.181676178    0.154898408    0.148700308
    8.170000000    0.188206995    0.155949988    0.152649539
    8.180000000    0.195403765    0.158740836    0.158470486
    8.190000000    0.203053097    0.162935257    0.165958367
    8.200000000    0.210410980    0.167749666    0.174861294
    8.210000000    0.216585006    0.172389199    0.184832805
    8.220000000    0.220965884    0.176294641    0.195141506
    8.230000000    0.223586062    0.179165708    0.204526244
    8.240000000    0.225315627    0.181218412    0.211716634
    8.250000000    0.227342477    0.183221290    0.216087377
    8.260000000    0.230169432    0.185833322    0.217711558
    8.270000000    0.233172782    0.188968749    0.217189554
    8.280000000    0.235111447    0.191903164    0.215633510
    8.290000000    0.235001779    0.193873014    0.214387161
    8.300000000    0.232416856    0.194408620    0.214316682
    8.310000000    0.227270915    0.193201311    0.215379975
    8.320000000    0.219874731    0.190044588    0.217008845
    8.330000000    0.211231680    0.185174812    0.218800895
    8.340000000    0.202924569    0.179579572    0.220719309
    8.350000000    0.196414730    0.174666844    0.222753169
    8.360000000    0.192452867    0.171608906    0.224629474
    8.370000000    0.191099416    0.171045855    0.225898061
    8.380000000    0.192032852    0.173113768    0.226239841
    8.390000000    0.194667843    0.177400507    0.225695165
    8.400000000    0.198062854    0.182789749    0.224568038
    8.410000000    0.201022334    0.187579920    0.223134537
    8.420000000    0.202583436    0.190140292    0.221497628
    8.430000000    0.202571351    0.189766518    0.219750420
    8.440000000    0.201600429    0.186932590    0.218067635
    8.450000000    0.200380006    0.182670110    0.216545150
    8.460000000    0.199094298    0.177837101    0.215234861
    8.470000000    0.197524447    0.172988052    0.214544682
    8.480000000    0.195513832    0.168523684    0.215417466
    8.490000000    0.193088335    0.164647854    0.218783454
    8.500000000    0.190515269    0.161498649    0.224829169
    8.510000000    0.188486093    0.159514228    0.232925843
    8.520000000    0.187821523    0.159347412    0.242191949
    8.530000000    0.188889769    0.161364996    0.252026181
    8.540000000    0.191473657    0.165435078    0.262268038
    8.550000000    0.195022994    0.171138909    0.272983128
    8.560000000    0.198819754    0.178011039    0.283844673
    8.570000000    0.201944935    0.185509464    0.293470999
    8.580000000    0.203423409    0.192811199    0.299798629
    8.590000000    0.202742739    0.198848994    0.301764504
    8.600000000    0.200173666    0.202805857    0.300428909
    8.610000000    0.196455892    0.204542261    0.297995462
    8.620000000    0.192258816    0.204372765    0.295843357
    8.630000000    0.187919664    0.202614081    0.293893146
    8.640000000    0.183541630    0.199507381    0.291871491
    8.650000000    0.179248928    0.195394537    0.290481251
    8.660000000    0.175302588    0.190793440    0.290834376
    8.670000000    0.171967773    0.186274640    0.293150031
    8.680000000    0.169316778    0.182295559    0.296353568
    8.690000000    0.167110838    0.179014373    0.298659292
    8.700000000    0.164878246    0.176184987    0.298329426
    8.710000000    0.162270325    0.173379393    0.294297890
    8.720000000    0.159397860    0.170388774    0.286568889
    8.730000000    0.156707244    0.167335148    0.276155740
    8.740000000    0.154571206    0.164451382    0.264735828
    8.750000000    0.153113127    0.161943615    0.254222043
    8.760000000    0.152230697    0.159948726    0.246292990
    8.770000000    0.151570218    0.158390471    0.242044345
    8.780000000    0.150568519    0.156913516    0.241797434
    8.790000000    0.148735746    0.155082764    0.245173764
    8.800000000    0.145980784    0.152661575    0.251550501
    8.810000000    0.142634344    0.149689987    0.260395960
    8.820000000    0.139248008    0.146434285    0.270852404
    8.830000000    0.136424981    0.143349010    0.281213008
    8.840000000    0.134627237    0.140891005    0.289451552
    8.850000000    0.133981507    0.139256100    0.294280487
    8.860000000    0.134301860    0.138359666    0.295329595
    8.870000000    0.135288725    0.138018959    0.292577196
    8.880000000    0.136637519    0.138060368    0.286031374
    8.890000000    0.138033431    0.138337685    0.276073845
    8.900000000    0.139262543    0.138809216    0.264023722
    8.910000000    0.140454277    0.139632340    0.251915574
    8.920000000    0.142110127    0.141106271    0.241432769
    8.930000000    0.144739441    0.143440251    0.233121366
    8.940000000    0.148412358    0.146535035    0.226532296
    8.950000000    0.152583616    0.149981231    0.220874204
    8.960000000    0.156309837    0.153322893    0.215541416
    8.970000000    0.158716992    0.156310277    0.210296822
    8.980000000    0.159345834    0.158783556    0.205256983
    8.990000000    0.158224602    0.160434124    0.200792603
    9.000000000    0.155797957    0.160989979    0.197338830
    9.010000000    0.152741085    0.160641657    0.195199216
    9.020000000    0.149680520    0.160021387    0.194432303
    9.030000000    0.146949318    0.159688043    0.194815689
    9.040000000    0.144559193    0.159755869    0.195876631
    9.050000000    0.142396712    0.159985292    0.196988351
    9.060000000    0.140319684    0.159973167    0.197525860
    9.070000000    0.138077073    0.159213718    0.197039723
    9.080000000    0.135400480    0.157310247    0.195387837
    9.090000000    0.132335907    0.154371495    0.192886870
    9.100000000    0.129430715    0.151162047    0.190379026
    9.110000000    0.127483950    0.148759399    0.188879747
    9.120000000    0.127065186    0.147992241    0.188999933
    9.130000000    0.128242715    0.149113430    0.190625210
    9.140000000    0.130643080    0.151824178    0.192972476
    9.150000000    0.133662380    0.155478285    0.194976350
    9.160000000    0.136688088    0.159349850    0.195784950
    9.170000000    0.139252943    0.162844712    0.194978656
    9.180000000    0.141029629    0.165474061    0.192417672
    9.190000000    0.141858092    0.166831160    0.188081493
    9.200000000    0.141945544    0.166880068    0.182238797
    9.210000000    0.141820930    0.166081529    0.175606436
    9.220000000    0.141927403    0.165002977    0.169135343
    9.230000000    0.142364724    0.163945440    0.163749075
    9.240000000    0.143017319    0.162982166    0.160248226
    9.250000000    0.143816555    0.162165067    0.159190935
    9.260000000    0.144811723    0.161556208    0.160709967
    9.270000000    0.146032786    0.161114901    0.164376512
    9.280000000    0.147400382    0.160670385    0.169166396
    9.290000000    0.148758126    0.159994438    0.173639821
    9.300000000    0.149944683    0.158930246    0.176457693
    9.310000000    0.150901399    0.157544978    0.177076261
    9.320000000    0.151712131    0.156122082    0.176039387
    9.330000000    0.152487289    0.154990735    0.174470163
    9.340000000    0.153251088    0.154405619    0.173271116
    9.350000000    0.153969877    0.154555709    0.172799735
    9.360000000    0.154681161    0.155633910    0.173098951
    9.370000000    0.155562382    0.157821143    0.174185526
    9.380000000    0.156858625    0.161170450    0.176083108
    9.390000000    0.158787415    0.165558982    0.178773002
    9.400000000    0.161462037    0.170702101    0.182132419
    9.410000000    0.164822402    0.176145416    0.185826054
    9.420000000    0.168580853    0.181336321    0.189417887
    9.430000000    0.172244437    0.185869417    0.192802319
    9.440000000    0.175372804    0.189740396    0.196499099
    9.450000000    0.177825368    0.193242717    0.201374506
    9.460000000    0.179620860    0.196574474    0.207938875
    9.470000000    0.180700887    0.199629090    0.215749706
    9.480000000    0.181012960    0.202121819    0.223315587
    9.490000000    0.180786541    0.203906883    0.228631947
    9.500000000    0.180592869    0.205161799    0.230163223
    9.510000000    0.181060388    0.206190500    0.227713277
    9.520000000    0.182541294    0.207122268    0.222550893
    9.530000000    0.184954978    0.207843514    0.216616819
    9.540000000    0.187857367    0.208153465    0.211561359
    9.550000000    0.190798897    0.208037375    0.208464603
    9.560000000    0.193706899    0.207790666    0.208053919
    9.570000000    0.196797648    0.207744312    0.210787209
    9.580000000    0.200180444    0.207949162    0.216683232
    9.590000000    0.203721872    0.208313565    0.225077586
    9.600000000    0.207172523    0.208902496    0.234543600
    9.610000000    0.210145372    0.209808757    0.243351087
    9.620000000    0.212003609    0.210813298    0.250407601
    9.630000000    0.212153136    0.211464116    0.255913503
    9.640000000    0.210625828    0.211536467    0.261127513
    9.650000000    0.208250293    0.211250920    0.267475964
    9.660000000    0.206258202    0.211053731    0.275691822
    9.670000000    0.205776935    0.211339589    0.285503280
    9.680000000    0.207454891    0.212374264    0.295962429
    9.690000000    0.211320420    0.214404221    0.306126941
    9.700000000    0.216946074    0.217697265    0.315363043
    9.710000000    0.223666059    0.222303779    0.322987757
    9.720000000    0.230546313    0.227772813    0.328013123
    9.730000000    0.236348720    0.233156032    0.329544207
    9.740000000    0.240016907    0.237444307    0.327697938
    9.750000000    0.241340459    0.240145450    0.323955208
    9.760000000    0.240807737    0.241294980    0.320060075
    9.770000000    0.239021700    0.241011221    0.316757130
    9.780000000    0.236676842    0.239440631    0.313751185
    9.790000000    0.234659398    0.237073014    0.310511292
    9.800000000    0.233730283    0.234806560    0.306778180
    9.810000000    0.234294427    0.233651090    0.302204952
    9.820000000    0.236457049    0.234252451    0.296109412
    9.830000000    0.240137437    0.236565747    0.288277849
    9.840000000    0.245167165    0.239992799    0.279628281
    9.850000000    0.251209129    0.243829026    0.271614054
    9.860000000    0.257690147    0.247683101    0.265386829
    9.870000000    0.264106319    0.251591782    0.261594139
    9.880000000    0.270328906    0.255774047    0.260304138
    9.890000000    0.276461235    0.260336233    0.260776138
    9.900000000    0.282463391    0.265047882    0.261519435
    9.910000000    0.287966092    0.269213745    0.260981129
    9.920000000    0.292479553    0.271940396    0.258645974
    9.930000000    0.295874397    0.272720593    0.255569045
    9.940000000    0.298564276    0.271703483    0.253555634
    9.950000000    0.301211287    0.269612853    0.253969679
    9.960000000    0.304546309    0.267777898    0.257465024
    9.970000000    0.309353052    0.267866502    0.264274071
    9.980000000    0.315984150    0.270897376    0.273970458
    9.990000000    0.323620904    0.276317746    0.284712461
   10.000000000    0.330343783    0.282165019    0.293247581
   10.010000000    0.334291806    0.286379567    0.296474558
   10.020000000    0.334835584    0.288066120    0.293344366
   10.030000000    0.332468166    0.287438337    0.285226634
   10.040000000    0.327649678    0.284859399    0.274709121
   10.050000000    0.320257018    0.280312366    0.264239098
   10.060000000    0.310473568    0.273935359    0.255413990
   10.070000000    0.299784599    0.266849442    0.248738568
   10.080000000    0.290432650    0.260914893    0.243691592
   10.090000000    0.284026832    0.257617206    0.239223642
   10.100000000    0.281006787    0.257417577    0.234522527
   10.110000000    0.281115079    0.260025068    0.229451036
   10.120000000    0.283870249    0.264918985    0.224348167
   10.130000000    0.288579871    0.271365208    0.219695409
   10.140000000    0.294273757    0.278152443    0.216012738
   10.150000000    0.299882502    0.283871230    0.213647653
   10.160000000    0.304620315    0.287835994    0.212368314
   10.170000000    0.308175326    0.290637239    0.211114457
   10.180000000    0.310351164    0.293360471    0.208241281
   10.190000000    0.310488031    0.296112738    0.202454319
   10.200000000    0.307421498    0.297438176    0.193829125
   10.210000000    0.300260270    0.295322947    0.183737438
   10.220000000    0.289239091    0.288896297    0.173745031
   10.230000000    0.275732123    0.279140466    0.164757058
   10.240000000    0.261600043    0.268147316    0.157004744
   10.250000000    0.248538205    0.257970619    0.150440227
   10.260000000    0.237666897    0.249947877    0.144987450
   10.270000000    0.229348473    0.244522111    0.140532674
   10.280000000    0.223262779    0.241319860    0.136834055
   10.290000000    0.218778910    0.239442147    0.133536894
   10.300000000    0.215407071    0.237976064    0.130349589
   10.310000000    0.212956566    0.236444992    0.127257536
   10.320000000    0.211346843    0.234853001    0.124544627
   10.330000000    0.210373704    0.233380313    0.122501732
   10.340000000    0.209694989    0.232078550    0.121115976
   10.350000000    0.208960625    0.230726737    0.120092358
   10.360000000    0.207947881    0.228926173    0.119149248
   10.370000000    0.206709290    0.226478106    0.118268946
   10.380000000    0.205591829    0.223630283    0.117661611
   10.390000000    0.204955524    0.220793971    0.117515473
   10.400000000    0.204783019    0.218062326    0.117822293
   10.410000000    0.204627441    0.215149408    0.118388186
   10.420000000    0.204039976    0.211786105    0.118928919
   10.430000000    0.202998883    0.208059611    0.119203756
   10.440000000    0.201870654    0.204386697    0.119170384
   10.450000000    0.201019792    0.201211722    0.119001778
   10.460000000    0.200524548    0.198715374    0.118941519
   10.470000000    0.200229450    0.196754126    0.119192412
   10.480000000    0.199932343    0.194998305    0.119903219
   10.490000000    0.199519274    0.193168387    0.121188321
   10.500000000    0.199064685    0.191281933    0.123148213
   10.510000000    0.198816397    0.189682817    0.125850758
   10.520000000    0.198967967    0.188718043    0.129238647
   10.530000000    0.199431961    0.188388910    0.133064548
   10.540000000    0.199873448    0.188356563    0.136959424
   10.550000000    0.199970181    0.188240482    0.140538803
   10.560000000    0.199640153    0.187896149    0.143436123
   10.570000000    0.199023344    0.187479025    0.145337450
   10.580000000    0.198276783    0.187260719    0.146067975
   10.590000000    0.197446126    0.187342991    0.145678459
   10.600000000    0.196569774    0.187605835    0.144485055
   10.610000000    0.195779790    0.187918986    0.142988408
   10.620000000    0.195182020    0.188258006    0.141684318
   10.630000000    0.194748068    0.188618490    0.140941910
   10.640000000    0.194375682    0.188913799    0.141020806
   10.650000000    0.193924437    0.188940490    0.142034639
   10.660000000    0.193213199    0.188482564    0.143793611
   10.670000000    0.192139732    0.187567655    0.145782280
   10.680000000    0.190804377    0.186595291    0.147443639
   10.690000000    0.189470588    0.186167790    0.148574632
   10.700000000    0.188433315    0.186796775    0.149413939
   10.710000000    0.187865197    0.188662589    0.150316724
   10.720000000    0.187709116    0.191522309    0.151418699
   10.730000000    0.187737276    0.194815301    0.152623645
   10.740000000    0.187693893    0.197883064    0.153807399
   10.750000000    0.187369839    0.200176236    0.154935753
   10.760000000    0.186665092    0.201432003    0.155937592
   10.770000000    0.185703098    0.201808466    0.156537602
   10.780000000    0.184870657    0.201822534    0.156430162
   10.790000000    0.184589176    0.201994294    0.155672217
   10.800000000    0.184928261    0.202466674    0.154736259
   10.810000000    0.185514199    0.202979074    0.154200435
   10.820000000    0.185897360    0.203191713    0.154512459
   10.830000000    0.185937557    0.202944478    0.155921340
   10.840000000    0.185766497    0.202139109    0.158421293
   10.850000000    0.185514918    0.200541896    0.161765954
   10.860000000    0.185164159    0.197895622    0.165646960
   10.870000000    0.184511455    0.194164458    0.169837857
   10.880000000    0.183252253    0.189576159    0.174160201
   10.890000000    0.181229277    0.184499703    0.178438898
   10.900000000    0.178627120    0.179397513    0.182506640
   10.910000000    0.175910026    0.174818808    0.186248273
   10.920000000    0.173558710    0.171269411    0.189705273
   10.930000000    0.171865573    0.169085103    0.193044227
   10.940000000    0.170932370    0.168396182    0.196316887
   10.950000000    0.170759654    0.169129741    0.199290080
   10.960000000    0.171264166    0.171082090    0.201567131
   10.970000000    0.172217366    0.174019198    0.202821405
   10.980000000    0.173269802    0.177677112    0.202836997
   10.990000000    0.174080925    0.181672750    0.201450729
   11.000000000    0.174419180    0.185494464    0.198704706
   11.010000000    0.174191237    0.188622543    0.195051301
   11.020000000    0.173477948    0.190685300    0.191268056
   11.030000000    0.172578018    0.191596710    0.188133240
   11.040000000    0.171914701    0.191552195    0.186031386
   11.050000000    0.171805993    0.190860140    0.184762089
   11.060000000    0.172304379    0.189837718    0.183875829
   11.070000000    0.173264343    0.188830632    0.183183254
   11.080000000    0.174603913    0.188200728    0.182756220
   11.090000000    0.176425887    0.188179305    0.182537623
   11.100000000    0.178809452    0.188691443    0.182151352
   11.110000000    0.181596929    0.189377548    0.181042432
   11.120000000    0.184462517    0.189816632    0.178740314
   11.130000000    0.187074216    0.189684160    0.175070252
   11.140000000    0.189115422    0.188761637    0.170206865
   11.150000000    0.190266304    0.186954631    0.164607628
   11.160000000    0.190279950    0.184307662    0.158889433
   11.170000000    0.189137248    0.180958079    0.153682153
   11.180000000    0.187175598    0.177128754    0.149500069
   11.190000000    0.185019053    0.173129259    0.146590395
   11.200000000    0.183222169    0.169223407    0.144800909
   11.210000000    0.181880731    0.165475591    0.143646391
   11.220000000    0.180593322    0.161785610    0.142537229
   11.230000000    0.178869934    0.158116903    0.140993141
   11.240000000    0.176565059    0.154665017    0.138791606
   11.250000000    0.173854141    0.151750002    0.136065799
   11.260000000    0.170925586    0.149574002    0.133254966
   11.270000000    0.167879315    0.148140525    0.130798971
   11.280000000    0.164858652    0.147374765    0.128827246
   11.290000000    0.162102844    0.147246078    0.127184981
   11.300000000    0.159854664    0.147793067    0.125707933
   11.310000000    0.158287475    0.149100930    0.124408595
   11.320000000    0.157554278    0.151303435    0.123475474
   11.330000000    0.157833779    0.154546047    0.123181474
   11.340000000    0.159221988    0.158793733    0.123779263
   11.350000000    0.161586783    0.163612517    0.125424836
   11.360000000    0.164505370    0.168151492    0.128132491
   11.370000000    0.167277289    0.171393346    0.131739336
   11.380000000    0.169160658    0.172630312    0.135849435
   11.390000000    0.169864362    0.171928484    0.139836640
   11.400000000    0.169796851    0.170118715    0.143007337
   11.410000000    0.169702849    0.168209751    0.144808461
   11.420000000    0.170094818    0.166769497    0.144956511
   11.430000000    0.171040379    0.165779014    0.143519885
   11.440000000    0.172342258    0.164943702    0.140930019
   11.450000000    0.173773440    0.164091690    0.137794280
   11.460000000    0.175171205    0.163304637    0.134576543
   11.470000000    0.176452743    0.162787874    0.131432623
   11.480000000    0.177634601    0.162738247    0.128311747
   11.490000000    0.178830551    0.163325680    0.125155090
   11.500000000    0.180175474    0.164669426    0.122038700
   11.510000000    0.181717949    0.166720584    0.119192469
   11.520000000    0.183402088    0.169214068    0.116875676
   11.530000000    0.185173269    0.171823559    0.115248392
   11.540000000    0.187081975    0.174348365    0.114372507
   11.550000000    0.189232264    0.176740799    0.114256435
   11.560000000    0.191558421    0.178991216    0.114842737
   11.570000000    0.193709159    0.181011865    0.115967797
   11.580000000    0.195347322    0.182686528    0.117385231
   11.590000000    0.196530119    0.184057644    0.118883997
   11.600000000    0.197477674    0.185298316    0.120396534
   11.610000000    0.197956179    0.186401151    0.121962868
   11.620000000    0.197227300    0.187055805    0.123590522
   11.630000000    0.194719359    0.186912915    0.125191124
   11.640000000    0.190552128    0.185897986    0.126618107
   11.650000000    0.185379234    0.184255485    0.127675378
   11.660000000    0.179993294    0.182411566    0.128132892
   11.670000000    0.175092959    0.180867279    0.127889524
   11.680000000    0.171141399    0.180066689    0.127165476
   11.690000000    0.168328483    0.180223145    0.126435349
   11.700000000    0.166646952    0.181233167    0.126096073
   11.710000000    0.165944366    0.182702515    0.126185112
   11.720000000    0.165909013    0.184053604    0.126427311
   11.730000000    0.166128510    0.184763903    0.126522261
   11.740000000    0.166304081    0.184686899    0.126325045
   11.750000000    0.166431558    0.184154920    0.125824643
   11.760000000    0.166706798    0.183684139    0.125095199
   11.770000000    0.167248007    0.183564882    0.124268727
   11.780000000    0.167951466    0.183738394    0.123500326
   11.790000000    0.168615459    0.183990035    0.122946270
   11.800000000    0.169143640    0.184191831    0.122737820
   11.810000000    0.169594133    0.184388115    0.122933269
   11.820000000    0.170111355    0.184728143    0.123476244
   11.830000000    0.170834098    0.185325266    0.124191885
   11.840000000    0.171739763    0.186082800    0.124863891
   11.850000000    0.172498659    0.186610756    0.125421944
   11.860000000    0.172615087    0.186438280    0.126030644
   11.870000000    0.171895454    0.185433337    0.126930600
   11.880000000    0.170729895    0.183946857    0.128272364
   11.890000000    0.169770624    0.182465369    0.130142616
   11.900000000    0.169337597    0.181191118    0.132654610
   11.910000000    0.169237124    0.180048346    0.135871251
   11.920000000    0.169198983    0.179076760    0.139612795
   11.930000000    0.169321910    0.178615056    0.143452622
   11.940000000    0.169935989    0.178962544    0.146972132
   11.950000000    0.171169265    0.179992162    0.149984955
   11.960000000    0.172819746    0.181250379    0.152501737
   11.970000000    0.174636529    0.182447069    0.154565420
   11.980000000    0.176586724    0.183720767    0.156199839
   11.990000000    0.178775397    0.185393053    0.157515799
   12.000000000    0.181219599    0.187614189    0.158739161
   12.010000000    0.183793160    0.190300263    0.160036258
   12.020000000    0.186267709    0.193246236    0.161369633
   12.030000000    0.188292078    0.196142026    0.162526985
   12.040000000    0.189530736    0.198589718    0.163288483
   12.050000000    0.190014599    0.200285171    0.163670054
   12.060000000    0.190230027    0.201208242    0.164018222
   12.070000000    0.190731039    0.201586340    0.164723427
   12.080000000    0.191672984    0.201684366    0.165842827
   12.090000000    0.192726085    0.201684634    0.167166139
   12.100000000    0.193423649    0.201676213    0.168618565
   12.110000000    0.193559244    0.201623629    0.170453463
   12.120000000    0.193220765    0.201360926    0.173048356
   12.130000000    0.192535122    0.200632986    0.176558366
   12.140000000    0.191446691    0.199124082    0.180712637
   12.150000000    0.189735850    0.196575606    0.184872879
   12.160000000    0.187353594    0.193091951    0.188301402
   12.170000000    0.184741000    0.189325769    0.190488665
   12.180000000    0.182661414    0.186219801    0.191368883
   12.190000000    0.181615574    0.184446942    0.191304206
   12.200000000    0.181379604    0.183957240    0.190921232
   12.210000000    0.181113188    0.183998606    0.190868609
   12.220000000    0.180023457    0.183662290    0.191592473
   12.230000000    0.178011054    0.182509871    0.193312948
   12.240000000    0.175644818    0.180695873    0.196117878
   12.250000000    0.173568391    0.178589309    0.199925812
   12.260000000    0.172110903    0.176503409    0.204384139
   12.270000000    0.171406195    0.174738044    0.208982483
   12.280000000    0.171620727    0.173621905    0.213306189
   12.290000000    0.172953991    0.173459368    0.217098561
   12.300000000    0.175497654    0.174474533    0.220084923
   12.310000000    0.179185326    0.176765890    0.221813637
   12.320000000    0.183778686    0.180181634    0.221728035
   12.330000000    0.188822754    0.184188535    0.219548074
   12.340000000    0.193765641    0.187979689    0.215622953
   12.350000000    0.198145931    0.190785744    0.210727567
   12.360000000    0.201550856    0.192150626    0.205565961
   12.370000000    0.203591216    0.192079009    0.200577020
   12.380000000    0.204180175    0.191006506    0.196009862
   12.390000000    0.203802215    0.189604322    0.192044077
   12.400000000    0.203400958    0.188550219    0.188950504
   12.410000000    0.204013433    0.188422040    0.187279993
   12.420000000    0.206405003    0.189697671    0.187804237
   12.430000000    0.210767947    0.192666738    0.191066736
   12.440000000    0.216636664    0.197254215    0.196917815
   12.450000000    0.223078052    0.202924348    0.204405546
   12.460000000    0.228984565    0.208778758    0.212077502
   12.470000000    0.233487729    0.213914419    0.218540693
   12.480000000    0.236392900    0.217848125    0.222905604
   12.490000000    0.238184070    0.220675430    0.224921910
   12.500000000    0.239578792    0.222896836    0.224927050
   12.510000000    0.241079119    0.225054616    0.223625854
   12.520000000    0.242816621    0.227456737    0.221724599
   12.530000000    0.244649540    0.230201874    0.219635084
   12.540000000    0.246297990    0.233284476    0.217519388
   12.550000000    0.247526002    0.236570461    0.215625713
   12.560000000    0.248345480    0.239786002    0.214425154
   12.570000000    0.248917990    0.242548540    0.214302966
   12.580000000    0.249317547    0.244479587    0.215243812
   12.590000000    0.249550083    0.245451154    0.216927042
   12.600000000    0.249607518    0.245627501    0.219043313
   12.610000000    0.249455981    0.245277881    0.221436550
   12.620000000    0.249159004    0.244705038    0.224056570
   12.630000000    0.248861721    0.244146233    0.226865361
   12.640000000    0.248520977    0.243562173    0.229757491
   12.650000000    0.247829644    0.242636398    0.232544171
   12.660000000    0.246596558    0.241146143    0.235049654
   12.670000000    0.245257711    0.239475353    0.237338977
   12.680000000    0.244839419    0.238665140    0.239893634
   12.690000000    0.246231032    0.239737105    0.243462019
   12.700000000    0.249460219    0.242869014    0.248547650
   12.710000000    0.253630380    0.247178619    0.255007146
   12.720000000    0.257536014    0.251313647    0.262179899
   12.730000000    0.260465115    0.254376100    0.269184638
   12.740000000    0.262529167    0.256356110    0.275048733
   12.750000000    0.264396317    0.257843074    0.279071101
   12.760000000    0.266883071    0.259650616    0.281393260
   12.770000000    0.270587253    0.262660740    0.282895224
   12.780000000    0.275475497    0.267482425    0.284329850
   12.790000000    0.280777379    0.274023739    0.285913791
   12.800000000    0.285565060    0.281657503    0.287892792
   12.810000000    0.289390399    0.289797380    0.291002296
   12.820000000    0.292198231    0.298045778    0.296021518
   12.830000000    0.293979027    0.305943944    0.303004222
   12.840000000    0.294793668    0.312889823    0.311171289
   12.850000000    0.294866733    0.318310810    0.319480187
   12.860000000    0.294559058    0.321935601    0.326892962
   12.870000000    0.294297428    0.323905296    0.332109446
   12.880000000    0.294228281    0.324425863    0.333868213
   12.890000000    0.293926935    0.323437435    0.332106646
   12.900000000    0.292788142    0.320944080    0.328370437
   12.910000000    0.290695231    0.317486986    0.324668808
   12.920000000    0.288142462    0.313999998    0.322148869
   12.930000000    0.285876317    0.311327963    0.320774529
   12.940000000    0.284568691    0.309930005    0.319861094
   12.950000000    0.284585341    0.309751958    0.318798643
   12.960000000    0.285820361    0.310150028    0.317478743
   12.970000000    0.287716010    0.310096298    0.316354334
   12.980000000    0.289441186    0.308741405    0.316321801
   12.990000000    0.290160281    0.305803945    0.318382540
   13.000000000    0.289413562    0.301513142    0.323065677
   13.010000000    0.287390716    0.296381709    0.330030952
   13.020000000    0.284751803    0.290962893    0.338108099
   13.030000000    0.282210570    0.285737956    0.345789740
   13.040000000    0.280332782    0.281166034    0.351804130
   13.050000000    0.279577212    0.277682990    0.355173341
   13.060000000    0.280352266    0.275621446    0.355099280
   13.070000000    0.282864673    0.275065132    0.351259759
   13.080000000    0.286905015    0.275702010    0.344318808
   13.090000000    0.291936030    0.276934442    0.336179981
   13.100000000    0.297396573    0.278205752    0.329381459
   13.110000000    0.302851500    0.279162625    0.325823637
   13.120000000    0.308019674    0.279630563    0.325911720
   13.130000000    0.312994539    0.279700959    0.328709967
   13.140000000    0.318389794    0.279843244    0.332774930
   13.150000000    0.324886057    0.280807801    0.336735609
   13.160000000    0.332454477    0.283353480    0.339358571
   13.170000000    0.339985756    0.287834548    0.339914430
   13.180000000    0.345661167    0.293803982    0.338805653
   13.190000000    0.347868173    0.300111276    0.337182871
   13.200000000    0.346145509    0.305647251    0.335632398
   13.210000000    0.341578512    0.310104194    0.333628919
   13.220000000    0.336257288    0.314064436    0.330443650
   13.230000000    0.332144711    0.318401115    0.326277282
   13.240000000    0.330305535    0.323593926    0.322322596
   13.250000000    0.330966307    0.329654403    0.320029779
   13.260000000    0.333941373    0.336542902    0.320423754
   13.270000000    0.338712726    0.344240999    0.323779502
   13.280000000    0.344346092    0.352449197    0.329628138
   13.290000000    0.349861026    0.360641632    0.336975228
   13.300000000    0.354624481    0.368354510    0.344396990
   13.310000000    0.358171466    0.375136141    0.349989086
   13.320000000    0.360189745    0.380697708    0.351955566
   13.330000000    0.360929032    0.385434250    0.349895866
   13.340000000    0.361138972    0.390294503    0.345181769
   13.350000000    0.361597117    0.396039665    0.339881284
   13.360000000    0.362905328    0.402839699    0.335647147
   13.370000000    0.365543294    0.410454010    0.333488314
   13.380000000    0.369967797    0.418690725    0.334118710
   13.390000000    0.376501211    0.427619781    0.338049671
   13.400000000    0.384980097    0.437243009    0.345191505
   13.410000000    0.394618775    0.446953287    0.354685947
   13.420000000    0.404355398    0.455410751    0.365589827
   13.430000000    0.413464788    0.461100444    0.377805423
   13.440000000    0.421887914    0.462996833    0.391798135
   13.450000000    0.429688692    0.460460610    0.407070924
   13.460000000    0.435914857    0.452721315    0.421026391
   13.470000000    0.438439185    0.439407585    0.429745323
   13.480000000    0.435667545    0.421900663    0.430666918
   13.490000000    0.428334859    0.403388731    0.424582963
   13.500000000    0.419084288    0.387239959    0.414790239
   13.510000000    0.410536042    0.375487078    0.404898643
   13.520000000    0.404186366    0.368555085    0.397519891
   13.530000000    0.400562844    0.365839919    0.393989974
   13.540000000    0.399525340    0.366261094    0.394352489
   13.550000000    0.400271750    0.368460665    0.397420506
   13.560000000    0.401579533    0.370993386    0.401451062
   13.570000000    0.402486423    0.372762266    0.405408658
   13.580000000    0.402799542    0.373433469    0.409664715
   13.590000000    0.402939917    0.373479057    0.415303251
   13.600000000    0.403277950    0.373709328    0.422654936
   13.610000000    0.403742857    0.374735501    0.430488946
   13.620000000    0.404159975    0.376917390    0.436729754
   13.630000000    0.404535165    0.380434917    0.439878850
   13.640000000    0.404720315    0.384971781    0.439526254
   13.650000000    0.404144127    0.389388822    0.436098792
   13.660000000    0.402140267    0.392007454    0.430883579
   13.670000000    0.398409252    0.391433895    0.425850603
   13.680000000    0.393022385    0.387162635    0.422757927
   13.690000000    0.386158508    0.379620471    0.422338660
   13.700000000    0.378241619    0.370141554    0.424377098
   13.710000000    0.370278560    0.360752056    0.428516468
   13.720000000    0.363480464    0.353271278    0.434872715
   13.730000000    0.358404751    0.348435565    0.443788371
   13.740000000    0.354718580    0.345991547    0.455197356
   13.750000000    0.351705727    0.345361773    0.468344974
   13.760000000    0.348781537    0.345961677    0.481855296
   13.770000000    0.345661086    0.347131258    0.493842697
   13.780000000    0.342314645    0.348178603    0.502247065
   13.790000000    0.338818746    0.348568450    0.505524386
   13.800000000    0.335227852    0.348035959    0.503091450
   13.810000000    0.331641639    0.346638849    0.495397196
   13.820000000    0.328321349    0.344740964    0.484044036
   13.830000000    0.325555406    0.342854706    0.471535758
   13.840000000    0.323409371    0.341453755    0.460342745
   13.850000000    0.321723144    0.340875444    0.452076144
   13.860000000    0.320421751    0.341292441    0.447207612
   13.870000000    0.319665786    0.342613438    0.445059719
   13.880000000    0.319487818    0.344265007    0.444113859
   13.890000000    0.319485568    0.345189571    0.442706332
   13.900000000    0.319108036    0.344368585    0.439661126
   13.910000000    0.318169836    0.341589484    0.434588494
   13.920000000    0.317092420    0.337788825    0.427899635
   13.930000000    0.316754295    0.334609119    0.420503129
   13.940000000    0.318037890    0.333551688    0.413455042
   13.950000000    0.321474271    0.335439873    0.407827610
   13.960000000    0.327224697    0.340360780    0.404474156
   13.970000000    0.335147812    0.347780791    0.403725604
   13.980000000    0.344722283    0.356625988    0.405475917
   13.990000000    0.354911799    0.365399794    0.409428984
   14.000000000    0.364278435    0.372572434    0.415150728
   14.010000000    0.371502749    0.377197092    0.422145667
   14.020000000    0.376097922    0.379356188    0.430044520
   14.030000000    0.378766250    0.380060039    0.438725418
   14.040000000    0.380922005    0.380609489    0.448128528
   14.050000000    0.383755486    0.381983073    0.457778168
   14.060000000    0.387742948    0.384738193    0.466731891
   14.070000000    0.392833241    0.389147696    0.474445201
   14.080000000    0.398699193    0.395027154    0.481710381
   14.090000000    0.404708530    0.401454123    0.490370353
   14.100000000    0.409964525    0.407011595    0.501835986
   14.110000000    0.413637733    0.410555253    0.515860283
   14.120000000    0.415556680    0.411962798    0.530801040
   14.130000000    0.416638170    0.412264243    0.545090282
   14.140000000    0.418441092    0.412890335    0.558234383
   14.150000000    0.422010210    0.414530455    0.570015191
   14.160000000    0.427127726    0.416623034    0.579158328
   14.170000000    0.432638543    0.418036014    0.583843399
   14.180000000    0.437450323    0.418266500    0.583506044
   14.190000000    0.441422396    0.418074535    0.579312598
   14.200000000    0.445301990    0.418947309    0.572533724
   14.210000000    0.449666786    0.421767419    0.562980839
   14.220000000    0.454300891    0.426077755    0.549821451
   14.230000000    0.458704033    0.430707867    0.533558093
   14.240000000    0.462488215    0.434783078    0.516197552
   14.250000000    0.464903871    0.437826446    0.499789622
   14.260000000    0.464497289    0.439115077    0.485365651
   14.270000000    0.459925958    0.437615770    0.472907185
   14.280000000    0.451254473    0.432945062    0.462132546
   14.290000000    0.440060180    0.426050179    0.453247922
   14.300000000    0.428445264    0.418771254    0.446890707
   14.310000000    0.418392656    0.413039709    0.443664376
   14.320000000    0.411589970    0.410380176    0.443931904
   14.330000000    0.409210613    0.411712842    0.448011695
   14.340000000    0.411750999    0.417320134    0.456149054
   14.350000000    0.419039294    0.426926648    0.467822078
   14.360000000    0.430252662    0.439809923    0.481221977
   14.370000000    0.444069141    0.454869609    0.493798659
   14.380000000    0.459207365    0.470908912    0.503615762
   14.390000000    0.474905857    0.487083199    0.510389148
   14.400000000    0.490670486    0.502811683    0.515301325
   14.410000000    0.505607944    0.517122823    0.519953746
   14.420000000    0.518185948    0.528427305    0.525504997
   14.430000000    0.526736090    0.535205516    0.532578376
   14.440000000    0.530304613    0.536937956    0.541518282
   14.450000000    0.529110766    0.534396262    0.552330383
   14.460000000    0.524134413    0.528888684    0.564281622
   14.470000000    0.516430915    0.521268483    0.575847332
   14.480000000    0.507172856    0.512074799    0.585727983
   14.490000000    0.498106730    0.502505566    0.594317507
   14.500000000    0.491451367    0.494634578    0.603881479
   14.510000000    0.489082327    0.490428972    0.616880629
   14.520000000    0.491584927    0.490682987    0.633540556
   14.530000000    0.497929674    0.494827574    0.650328884
   14.540000000    0.506079382    0.501401011    0.660804178
   14.550000000    0.513836322    0.508437447    0.659060159
   14.560000000    0.519249884    0.513862105    0.643596424
   14.570000000    0.521007219    0.516476316    0.618055707
   14.580000000    0.519011666    0.516826623    0.588402395
   14.590000000    0.514372499    0.516672027    0.559743319
   14.600000000    0.508707526    0.517536973    0.535222584
   14.610000000    0.503481618    0.519827666    0.516375448
   14.620000000    0.499618453    0.522892569    0.503494808
   14.630000000    0.497532018    0.525739638    0.496046648
   14.640000000    0.497612514    0.527903217    0.493446705
   14.650000000    0.500357951    0.529647350    0.495374751
   14.660000000    0.505852973    0.531547815    0.501250554
   14.670000000    0.513385586    0.534178328    0.509908695
   14.680000000    0.521719393    0.538081227    0.520010636
   14.690000000    0.529796258    0.543612868    0.530288677
   14.700000000    0.537162416    0.550570728    0.539249731
   14.710000000    0.543620964    0.558073225    0.545366638
   14.720000000    0.548825039    0.564871224    0.548207622
   14.730000000    0.552540047    0.569721679    0.549156893
   14.740000000    0.554730540    0.571414480    0.550486347
   14.750000000    0.555201135    0.569039908    0.553570342
   14.760000000    0.553938628    0.562980132    0.557838361
   14.770000000    0.551770377    0.555253633    0.561374827
   14.780000000    0.549837462    0.548290704    0.562859625
   14.790000000    0.548384153    0.543409266    0.563126326
   14.800000000    0.546601712    0.540451099    0.564873696
   14.810000000    0.543840106    0.538654107    0.570762900
   14.820000000    0.540734096    0.537644118    0.581375633
   14.830000000    0.538933219    0.537642363    0.594333701
   14.840000000    0.539893187    0.539174499    0.605112355
   14.850000000    0.544019684    0.542790256    0.609512132
   14.860000000    0.550557018    0.548791541    0.606413702
   14.870000000    0.557959869    0.557003808    0.598275599
   14.880000000    0.564492634    0.566592296    0.588685489
   14.890000000    0.568805953    0.575988857    0.579636745
   14.900000000    0.570242409    0.583272339    0.571108681
   14.910000000    0.568781135    0.586907602    0.562391021
   14.920000000    0.564961269    0.586384366    0.553040574
   14.930000000    0.559913418    0.582402198    0.542884151
   14.940000000    0.555154784    0.576512027    0.532234069
   14.950000000    0.552190397    0.570459592    0.522541578
   14.960000000    0.552092422    0.565513294    0.516058449
   14.970000000    0.555129599    0.562191430    0.514561915
   14.980000000    0.560794812    0.560586683    0.518666043
   14.990000000    0.568329215    0.560736848    0.527775939
   15.000000000    0.577187292    0.562576948    0.540041631
   15.010000000    0.586912839    0.565745101    0.552760064
   15.020000000    0.596859180    0.569682848    0.563728944
   15.030000000    0.606573301    0.574107076    0.572712528
   15.040000000    0.616276548    0.579235516    0.581428187
   15.050000000    0.626352684    0.585330909    0.591694162
   15.060000000    0.636363441    0.592117805    0.603623205
   15.070000000    0.644941752    0.598838601    0.615773341
   15.080000000    0.650864260    0.604964720    0.626679410
   15.090000000    0.654212648    0.610873208    0.635770802
   15.100000000    0.656396977    0.617775595    0.643135532
   15.110000000    0.659282631    0.626915228    0.648993203
   15.120000000    0.664282884    0.638667385    0.653304218
   15.130000000    0.671888409    0.652188527    0.655997952
   15.140000000    0.681772280    0.665825175    0.657775284
   15.150000000    0.693204547    0.678055438    0.660031744
   15.160000000    0.705481169    0.688394974    0.663766011
   15.170000000    0.717845117    0.697105336    0.668712531
   15.180000000    0.728818582    0.703734263    0.673221636
   15.190000000    0.736175203    0.706821334    0.675203342
   15.200000000    0.738250894    0.705812243    0.673866078
   15.210000000    0.735498442    0.702754956    0.670921014
   15.220000000    0.730719837    0.701381997    0.670037462
   15.230000000    0.727626879    0.704641375    0.674729218
   15.240000000    0.728838872    0.713073063    0.686162198
   15.250000000    0.734860291    0.724970546    0.702426809
   15.260000000    0.744707835    0.737879459    0.719457007
   15.270000000    0.757070286    0.749928650    0.732532183
   15.280000000    0.770434610    0.759971776    0.738154300
   15.290000000    0.782621997    0.767419921    0.736216617
   15.300000000    0.791392962    0.772542006    0.730256046
   15.310000000    0.796023377    0.776420683    0.724667299
   15.320000000    0.798019523    0.780284224    0.721641292
   15.330000000    0.799776376    0.784976818    0.720483860
   15.340000000    0.802572696    0.790732131    0.718900870
   15.350000000    0.806311887    0.797395657    0.714980604
   15.360000000    0.810705411    0.804986118    0.708763243
   15.370000000    0.815600214    0.813537927    0.701793553
   15.380000000    0.819834089    0.821865204    0.694675056
   15.390000000    0.820552576    0.826989995    0.685875825
   15.400000000    0.814651226    0.825946351    0.673494186
   15.410000000    0.801169203    0.818264790    0.657093023
   15.420000000    0.782060448    0.806126003    0.637459700
   15.430000000    0.760795939    0.792522882    0.615621153
   15.440000000    0.740483025    0.779660386    0.592663917
   15.450000000    0.722687909    0.768123319    0.570252849
   15.460000000    0.707303115    0.756810491    0.550718403
   15.470000000    0.693577075    0.744110272    0.536331127
   15.480000000    0.681385933    0.729649417    0.528549967
   15.490000000    0.671485013    0.714969497    0.527606104
   15.500000000    0.664768345    0.702446257    0.532129684
   15.510000000    0.661516506    0.693633322    0.539182646
   15.520000000    0.661278948    0.688791999    0.545393343
   15.530000000    0.663373259    0.687839515    0.548853830
   15.540000000    0.667340702    0.691065864    0.550030738
   15.550000000    0.672901912    0.698704983    0.550724437
   15.560000000    0.680250642    0.710803863    0.552686581
   15.570000000    0.690925504    0.728008922    0.557500193
   15.580000000    0.707601130    0.751457325    0.566700728
   15.590000000    0.732283128    0.781210800    0.580522132
   15.600000000    0.764721272    0.815187877    0.596337670
   15.610000000    0.802205598    0.849618090    0.609226942
   15.620000000    0.840357334    0.880386958    0.614992189
   15.630000000    0.874683285    0.904780088    0.612734851
   15.640000000    0.902494255    0.922348217    0.604509687
   15.650000000    0.924041718    0.934296744    0.593836098
   15.660000000    0.941989130    0.942794930    0.584899600
   15.670000000    0.959248222    0.950130322    0.581617506
   15.680000000    0.976786490    0.957334217    0.586663982
   15.690000000    0.993135270    0.963595142    0.601193275
   15.700000000    1.005293911    0.966864152    0.624807246
   15.710000000    1.009895894    0.964791291    0.655002706
   15.720000000    1.004460137    0.955883969    0.686700590
   15.730000000    0.988275079    0.940364559    0.713707876
   15.740000000    0.962697835    0.920104860    0.731805687
   15.750000000    0.930743348    0.897765977    0.739978843
   15.760000000    0.895899185    0.875539508    0.738993453
   15.770000000    0.861534133    0.854929039    0.730749098
   15.780000000    0.831004223    0.837662871    0.718775611
   15.790000000    0.807157194    0.825752360    0.707062316
   15.800000000    0.791492042    0.820369135    0.697904635
   15.810000000    0.783927753    0.821253322    0.691484832
   15.820000000    0.783325691    0.827438847    0.687009495
   15.830000000    0.788392595    0.838296343    0.683710747
   15.840000000    0.798363201    0.853817693    0.681575521
   15.850000000    0.812971027    0.874034058    0.681975962
   15.860000000    0.831890579    0.898216947    0.687120735
   15.870000000    0.854119931    0.924422522    0.698505149
   15.880000000    0.877535181    0.949501372    0.716232221
   15.890000000    0.899583413    0.970417640    0.739807368
   15.900000000    0.918907985    0.986330644    0.768795332
   15.910000000    0.935807358    0.998828924    0.802167246
   15.920000000    0.951496266    1.010311202    0.837797417
   15.930000000    0.968104791    1.023415386    0.873714590
   15.940000000    0.988896749    1.041438381    0.909784443
   15.950000000    1.016781508    1.067145931    0.947044514
   15.960000000    1.052126827    1.100620643    0.985098678
   15.970000000    1.092479563    1.139157384    1.021210313
   15.980000000    1.134374153    1.179198366    1.052297358
   15.990000000    1.174843253    1.217203733    1.076893545
   16.000000000    1.211191468    1.248590509    1.094643648
   16.010000000    1.240900618    1.268214448    1.105079102
   16.020000000    1.263596965    1.274062535    1.107758671
   16.030000000    1.281937944    1.268738116    1.102032925
   16.040000000    1.298545191    1.255833130    1.086407393
   16.050000000    1.313082374    1.237417318    1.060708024
   16.060000000    1.323884058    1.216053600    1.029254180
   16.070000000    1.331261243    1.196091205    0.999832065
   16.080000000    1.336522061    1.180599951    0.978957151
   16.090000000    1.338027730    1.168001299    0.968306704
   16.100000000    1.331296893    1.153441827    0.964604512
   16.110000000    1.314390965    1.134265001    0.962494570
   16.120000000    1.291685992    1.113665237    0.958865535
   16.130000000    1.271170688    1.098391811    0.954991658
   16.140000000    1.259226590    1.093681182    0.954172845
   16.150000000    1.258722853    1.100965188    0.957866811
   16.160000000    1.270496523    1.119219154    0.964411631
   16.170000000    1.294288636    1.146775082    0.970251459
   16.180000000    1.327364638    1.181565020    0.971505362
   16.190000000    1.363214559    1.220567256    0.965729707
   16.200000000    1.393100706    1.259759422    0.954140534
   16.210000000    1.409983159    1.295121159    0.941933341
   16.220000000    1.411359323    1.323814698    0.935052700
   16.230000000    1.398634428    1.344044529    0.936531015
   16.240000000    1.375168673    1.354164758    0.945761585
   16.250000000    1.345673863    1.353274913    0.960159582
   16.260000000    1.315619222    1.342776050    0.977000935
   16.270000000    1.289495093    1.326165448    0.994523874
   16.280000000    1.269462887    1.307294589    1.012319622
   16.290000000    1.255652937    1.289224711    1.030922294
   16.300000000    1.247831939    1.274276147    1.051213669
   16.310000000    1.247141652    1.264846570    1.074169858
   16.320000000    1.256345488    1.264144955    1.100317717
   16.330000000    1.278319079    1.275575903    1.127946522
   16.340000000    1.313992505    1.300922034    1.151657337
   16.350000000    1.360728568    1.338705032    1.164872776
   16.360000000    1.411796421    1.383532739    1.165258771
   16.370000000    1.457547763    1.426720338    1.157234070
   16.380000000    1.488081804    1.458734246    1.148795178
   16.390000000    1.495767760    1.472632421    1.145951640
   16.400000000    1.477274013    1.466673247    1.150185493
   16.410000000    1.435819107    1.444851434    1.160655523
   16.420000000    1.380735768    1.414065316    1.177200186
   16.430000000    1.322802853    1.379839901    1.200129004
   16.440000000    1.269506121    1.344611924    1.227808406
   16.450000000    1.223663717    1.308736476    1.254798869
   16.460000000    1.185159176    1.272520231    1.272895974
   16.470000000    1.153120263    1.237602010    1.276033927
   16.480000000    1.126498304    1.206201600    1.265025601
   16.490000000    1.103982991    1.179505333    1.247210338
   16.500000000    1.084544307    1.157323913    1.232071341
   16.510000000    1.067956916    1.138850384    1.226949044
   16.520000000    1.054801076    1.123704960    1.235257254
   16.530000000    1.046280076    1.112648509    1.256674643
   16.540000000    1.043560215    1.107224586    1.287387447
   16.550000000    1.046547270    1.108446410    1.320428843
   16.560000000    1.053410363    1.115791970    1.348550372
   16.570000000    1.061794763    1.127754481    1.369496985
   16.580000000    1.070667863    1.143438190    1.388151815
   16.590000000    1.080471227    1.162731000    1.411614655
   16.600000000    1.091132224    1.184238871    1.442017075
   16.610000000    1.100773886    1.204134828    1.474557536
   16.620000000    1.106679260    1.217985250    1.501393384
   16.630000000    1.107246093    1.223833350    1.516733283
   16.640000000    1.103489060    1.223652949    1.520606158
   16.650000000    1.098879771    1.221677010    1.519853473
   16.660000000    1.097502595    1.221472643    1.524719662
   16.670000000    1.102226830    1.224524436    1.543333281
   16.680000000    1.114162984    1.230892894    1.578344770
   16.690000000    1.133009466    1.240632616    1.627725276
   16.700000000    1.157262612    1.253954494    1.686695996
   16.710000000    1.184248903    1.269790554    1.746752834
   16.720000000    1.210267283    1.284507956    1.794508134
   16.730000000    1.230890872    1.292834434    1.816465616
   16.740000000    1.242136090    1.291174287    1.808291229
   16.750000000    1.242203040    1.280055043    1.778296654
   16.760000000    1.231963312    1.262756203    1.740571332
   16.770000000    1.214366613    1.242575476    1.706148515
   16.780000000    1.193624949    1.221979706    1.679659267
   16.790000000    1.173613098    1.202481266    1.660686249
   16.800000000    1.156384966    1.184069000    1.646667433
   16.810000000    1.142613387    1.165832974    1.635825619
   16.820000000    1.133123693    1.147821274    1.628882879
   16.830000000    1.129213109    1.131544244    1.627908092
   16.840000000    1.131636909    1.119005464    1.633816562
   16.850000000    1.139906016    1.112344161    1.646027807
   16.860000000    1.152739212    1.113941779    1.663790219
   16.870000000    1.168652911    1.125406617    1.685463858
   16.880000000    1.185796836    1.145740513    1.706445536
   16.890000000    1.202204051    1.170747045    1.720389183
   16.900000000    1.217494143    1.195371616    1.724080914
   16.910000000    1.233795567    1.217261588    1.720192386
   16.920000000    1.253415813    1.237132403    1.714332084
   16.930000000    1.275525664    1.255396903    1.709916401
   16.940000000    1.295586799    1.269407393    1.705998753
   16.950000000    1.308209528    1.274798685    1.699345590
   16.960000000    1.311296637    1.269838164    1.688547720
   16.970000000    1.307861493    1.257967158    1.676768745
   16.980000000    1.303979822    1.246080255    1.670784240
   16.990000000    1.305405872    1.241044305    1.677799135
   17.000000000    1.315479600    1.247231314    1.702831011
   17.010000000    1.334442021    1.265635912    1.746205503
   17.020000000    1.359129170    1.293699027    1.800825307
   17.030000000    1.383896761    1.326273672    1.852230928
   17.040000000    1.404083522    1.358600995    1.884612094
   17.050000000    1.419163169    1.388785100    1.889940376
   17.060000000    1.431700822    1.416900930    1.871501140
   17.070000000    1.443381082    1.442083905    1.838421685
   17.080000000    1.453462864    1.461744672    1.798713993
   17.090000000    1.461796264    1.474495303    1.758491869
   17.100000000    1.471513479    1.482802167    1.724732239
   17.110000000    1.486995207    1.491578295    1.704723041
   17.120000000    1.509743815    1.504337275    1.702541393
   17.130000000    1.537030028    1.520891995    1.717294638
   17.140000000    1.564396504    1.538350042    1.745101969
   17.150000000    1.588857456    1.553764537    1.782504550
   17.160000000    1.609294931    1.565378858    1.826502658
   17.170000000    1.624259512    1.571554009    1.871063105
   17.180000000    1.630214718    1.569810277    1.905764809
   17.190000000    1.623545015    1.558759081    1.920251358
   17.200000000    1.604916708    1.540516926    1.911299077
   17.210000000    1.579874102    1.519438893    1.884903985
   17.220000000    1.554769645    1.498913368    1.850968470
   17.230000000    1.533680753    1.480566614    1.818030318
   17.240000000    1.519376595    1.466416951    1.793214028
   17.250000000    1.514723960    1.459719004    1.783208548
   17.260000000    1.521367101    1.462426561    1.792856393
   17.270000000    1.538115806    1.473078310    1.823008932
   17.280000000    1.561690733    1.487959014    1.869155788
   17.290000000    1.589042950    1.503982670    1.921875896
   17.300000000    1.618744721    1.520280395    1.970661045
   17.310000000    1.650041805    1.537410226    2.008689303
   17.320000000    1.680851574    1.555363936    2.032597235
   17.330000000    1.707342370    1.572392263    2.039213750
   17.340000000    1.726488978    1.586592208    2.027216215
   17.350000000    1.738677296    1.598669448    2.000772798
   17.360000000    1.747161888    1.611756413    1.968028244
   17.370000000    1.756300238    1.628887664    1.937514729
   17.380000000    1.770307836    1.652034135    1.916430761
   17.390000000    1.791683287    1.682600773    1.908836979
   17.400000000    1.819506478    1.720763672    1.912941561
   17.410000000    1.849351839    1.763896294    1.921411251
   17.420000000    1.875904309    1.806644647    1.927032057
   17.430000000    1.897028994    1.843956423    1.929134893
   17.440000000    1.915819110    1.874742436    1.934081735
   17.450000000    1.938525850    1.902561587    1.949531904
   17.460000000    1.970669857    1.933579738    1.978332078
   17.470000000    2.013550182    1.973363523    2.016089930
   17.480000000    2.061576082    2.022690423    2.051844587
   17.490000000    2.102481631    2.074455721    2.071070300
   17.500000000    2.122715728    2.115440155    2.062049041
   17.510000000    2.115580991    2.133793356    2.022899939
   17.520000000    2.085069129    2.126789061    1.963465267
   17.530000000    2.042177025    2.101610232    1.900305218
   17.540000000    1.997555637    2.068527977    1.848193941
   17.550000000    1.955619741    2.032802538    1.813622600
   17.560000000    1.914223672    1.993061285    1.793445850
   17.570000000    1.869959807    1.947092750    1.777979995
   17.580000000    1.823124606    1.897178624    1.757274852
   17.590000000    1.777518251    1.848885398    1.727621568
   17.600000000    1.736795628    1.806410094    1.693045411
   17.610000000    1.701654704    1.770057194    1.661129096
   17.620000000    1.670503412    1.737465464    1.637862342
   17.630000000    1.642620749    1.706846562    1.624858844
   17.640000000    1.619748764    1.679292493    1.619592969
   17.650000000    1.604522215    1.658566045    1.617553322
   17.660000000    1.598299015    1.648806979    1.614064882
   17.670000000    1.600425861    1.651600635    1.605481912
   17.680000000    1.608303081    1.664110058    1.589848083
   17.690000000    1.617536943    1.679600167    1.567179386
   17.700000000    1.622950739    1.690368061    1.540630122
   17.710000000    1.620678423    1.691484831    1.516512698
   17.720000000    1.609348870    1.682413139    1.500923097
   17.730000000    1.589218669    1.665350772    1.495852148
   17.740000000    1.561607047    1.643032476    1.498662432
   17.750000000    1.530113429    1.618424927    1.505461777
   17.760000000    1.501255520    1.595605393    1.514891356
   17.770000000    1.481990877    1.579036217    1.527980187
   17.780000000    1.475689426    1.570782532    1.545379731
   17.790000000    1.480506978    1.569285406    1.566495587
   17.800000000    1.491645453    1.571544898    1.590157527
   17.810000000    1.505379456    1.576294399    1.614962907
   17.820000000    1.521304957    1.585057171    1.640205662
   17.830000000    1.541454435    1.600505273    1.666084222
   17.840000000    1.567783436    1.624145215    1.692046718
   17.850000000    1.599695060    1.654968177    1.716385496
   17.860000000    1.632864809    1.689082812    1.737623024
   17.870000000    1.660673672    1.720540360    1.754500145
   17.880000000    1.678455369    1.743945134    1.764755101
   17.890000000    1.686928364    1.757128829    1.765560999
   17.900000000    1.690770221    1.761173044    1.755392343
   17.910000000    1.693956184    1.757890344    1.735342702
   17.920000000    1.696705587    1.747364296    1.708932053
   17.930000000    1.696460295    1.728425930    1.680629732
   17.940000000    1.690847638    1.701646069    1.654876271
   17.950000000    1.679802488    1.671259699    1.635951821
   17.960000000    1.665873247    1.643622470    1.626875218
   17.970000000    1.652959776    1.623948840    1.628120269
   17.980000000    1.644466331    1.614538387    1.637981720
   17.990000000    1.641743212    1.614795695    1.652728142
   18.000000000    1.643898092    1.622338677    1.666300805
   18.010000000    1.648780622    1.634427475    1.672839467
   18.020000000    1.653689746    1.648422959    1.671441871
   18.030000000    1.656049812    1.661650283    1.667381244
   18.040000000    1.654120819    1.671222383    1.667365502
   18.050000000    1.646520579    1.673733596    1.673889077
   18.060000000    1.632274626    1.666743243    1.683916668
   18.070000000    1.613133338    1.652025276    1.691616071
   18.080000000    1.594781181    1.636277844    1.692093021
   18.090000000    1.583974404    1.627204878    1.683893014
   18.100000000    1.584224256    1.628375077    1.669479916
   18.110000000    1.593781455    1.637167398    1.653305237
   18.120000000    1.607170413    1.647041365    1.638371384
   18.130000000    1.619152881    1.652286065    1.625097962
   18.140000000    1.627928066    1.651558325    1.613628594
   18.150000000    1.635138676    1.647356571    1.605377051
   18.160000000    1.643254934    1.642547374    1.601915366
   18.170000000    1.653207572    1.638050823    1.603643465
   18.180000000    1.664737089    1.633815039    1.609731311
   18.190000000    1.677696148    1.630441098    1.618876984
   18.200000000    1.690854785    1.628279895    1.630091074
   18.210000000    1.699350895    1.625249801    1.642297585
   18.220000000    1.695729192    1.617346524    1.652896509
   18.230000000    1.675296987    1.602059440    1.657161509
   18.240000000    1.639725658    1.580211774    1.649620411
   18.250000000    1.595428064    1.554826629    1.627051493
   18.260000000    1.549922317    1.529512628    1.591300358
   18.270000000    1.509224194    1.507311598    1.549672049
   18.280000000    1.477277827    1.490177622    1.512429165
   18.290000000    1.456420557    1.478932430    1.488782074
   18.300000000    1.446987309    1.473050008    1.482811681
   18.310000000    1.446737668    1.470669319    1.491545500
   18.320000000    1.451550628    1.469194703    1.507050808
   18.330000000    1.456979291    1.466080453    1.521267524
   18.340000000    1.459881778    1.459767399    1.530000651
   18.350000000    1.459774260    1.450559642    1.534109641
   18.360000000    1.458806265    1.440389498    1.538305195
   18.370000000    1.460059484    1.431682201    1.548278368
   18.380000000    1.465569580    1.426573840    1.567045462
   18.390000000    1.475037492    1.426099948    1.592281375
   18.400000000    1.485685248    1.429450997    1.617165194
   18.410000000    1.493629459    1.434732961    1.634904699
   18.420000000    1.496375133    1.440829216    1.642692967
   18.430000000    1.494715308    1.448254068    1.641694739
   18.440000000    1.492167749    1.458225343    1.634581592
   18.450000000    1.492579121    1.471321042    1.623672874
   18.460000000    1.498400115    1.487313852    1.610898020
   18.470000000    1.510537039    1.506024728    1.598201625
   18.480000000    1.528591788    1.527465691    1.586991654
   18.490000000    1.550781870    1.550621523    1.577789945
   18.500000000    1.574341876    1.572847475    1.571273848
   18.510000000    1.596859446    1.591279305    1.568895773
   18.520000000    1.617549762    1.604598275    1.571396074
   18.530000000    1.637261427    1.613516240    1.577344553
   18.540000000    1.657110047    1.620001242    1.584032255
   18.550000000    1.676831031    1.625764117    1.589219628
   18.560000000    1.694486506    1.631210745    1.591550898
   18.570000000    1.708246801    1.636242276    1.590972105
   18.580000000    1.718518543    1.641843909    1.590384638
   18.590000000    1.727600231    1.649627570    1.595442197
   18.600000000    1.736858711    1.659890551    1.610467452
   18.610000000    1.744504093    1.671249988    1.634462112
   18.620000000    1.746681479    1.682082199    1.661925267
   18.630000000    1.740319707    1.690788947    1.687452114
   18.640000000    1.724944258    1.694943033    1.709221223
   18.650000000    1.703562987    1.692786573    1.728286442
   18.660000000    1.681983505    1.685723948    1.745071292
   18.670000000    1.666431400    1.677778578    1.758016061
   18.680000000    1.661549455    1.672841915    1.765757805
   18.690000000    1.669104738    1.672672131    1.767868825
   18.700000000    1.687092409    1.676942604    1.762910038
   18.710000000    1.710629282    1.685066661    1.748926205
   18.720000000    1.734923322    1.697509651    1.726598912
   18.730000000    1.757577328    1.714555663    1.699399108
   18.740000000    1.777971577    1.734350212    1.671153249
   18.750000000    1.795995575    1.754018062    1.645720528
   18.760000000    1.812671571    1.773079132    1.627584232
   18.770000000    1.830548404    1.794210152    1.620320887
   18.780000000    1.851519020    1.819866655    1.624089088
   18.790000000    1.873959386    1.848542323    1.634600226
   18.800000000    1.892442994    1.874170425    1.644490880
   18.810000000    1.900529315    1.888554738    1.646300698
   18.820000000    1.894743440    1.885692872    1.635845242
   18.830000000    1.877244995    1.866002638    1.614585064
   18.840000000    1.854343056    1.836012704    1.588427046
   18.850000000    1.831860125    1.803460272    1.563683715
   18.860000000    1.812466716    1.773610734    1.544610915
   18.870000000    1.796799249    1.749271527    1.533151297
   18.880000000    1.785134317    1.731897653    1.529121317
   18.890000000    1.777181904    1.721585940    1.531151763
   18.900000000    1.771460551    1.716628160    1.537841229
   18.910000000    1.765439634    1.713725590    1.547536708
   18.920000000    1.756011357    1.709184896    1.557870709
   18.930000000    1.741241472    1.701447902    1.566820583
   18.940000000    1.722616120    1.692839594    1.574091015
   18.950000000    1.704066281    1.687278030    1.580967381
   18.960000000    1.688733402    1.686613128    1.588927487
   18.970000000    1.677779965    1.690270362    1.598510692
   18.980000000    1.670885913    1.696577383    1.608716347
   18.990000000    1.666706773    1.703178479    1.616810191
   19.000000000    1.663385184    1.707506861    1.619433179
   19.010000000    1.658633471    1.707308697    1.614591191
   19.020000000    1.650232626    1.700986749    1.603372635
   19.030000000    1.637578300    1.688427172    1.589626710
   19.040000000    1.621697772    1.670916140    1.576681848
   19.050000000    1.603926581    1.650275588    1.564774935
   19.060000000    1.586306858    1.629413885    1.552440006
   19.070000000    1.572477103    1.612971895    1.539564046
   19.080000000    1.566317726    1.605582080    1.528297505
   19.090000000    1.569699220    1.608986586    1.521467701
   19.100000000    1.581626904    1.620875829    1.520685558
   19.110000000    1.598949894    1.636315850    1.525642401
   19.120000000    1.618031678    1.650685677    1.534725124
   19.130000000    1.636068840    1.661877295    1.545848213
   19.140000000    1.651238475    1.670192409    1.557235617
   19.150000000    1.662728173    1.676915825    1.568498863
   19.160000000    1.671057526    1.683365025    1.580927080
   19.170000000    1.678011132    1.691188198    1.596749481
   19.180000000    1.685852116    1.702582686    1.618104463
   19.190000000    1.695885668    1.718860066    1.645516771
   19.200000000    1.707437038    1.738992332    1.676660185
   19.210000000    1.718411257    1.760155406    1.707648713
   19.220000000    1.726606400    1.779137447    1.736155840
   19.230000000    1.730597648    1.793560707    1.762724464
   19.240000000    1.730213545    1.803194113    1.789508868
   19.250000000    1.726254955    1.810087857    1.817875848
   19.260000000    1.719740062    1.816737435    1.846507083
   19.270000000    1.712093964    1.824376142    1.871414410
   19.280000000    1.706177281    1.833564604    1.887685656
   19.290000000    1.706020186    1.845534979    1.892031549
   19.300000000    1.714370380    1.861195953    1.884349266
   19.310000000    1.730983412    1.879436373    1.867246844
   19.320000000    1.753774610    1.897950289    1.844625625
   19.330000000    1.780112344    1.914574326    1.820383378
   19.340000000    1.806743390    1.927306662    1.798230303
   19.350000000    1.830587298    1.934999692    1.781728255
   19.360000000    1.849693029    1.937859274    1.772011656
   19.370000000    1.862596635    1.935869230    1.765535930
   19.380000000    1.868000204    1.927587474    1.756239859
   19.390000000    1.865654870    1.911472723    1.739814589
   19.400000000    1.856563573    1.887727387    1.715401423
   19.410000000    1.842296386    1.858456981    1.684918815
   19.420000000    1.824840409    1.826802619    1.651369951
   19.430000000    1.806710280    1.796119852    1.616957069
   19.440000000    1.790367314    1.769145276    1.582580018
   19.450000000    1.777483773    1.747131710    1.548645401
   19.460000000    1.768770981    1.729651254    1.515935081
   19.470000000    1.764329184    1.715656399    1.485941726
   19.480000000    1.764602312    1.705166194    1.460442533
   19.490000000    1.771040616    1.699713204    1.440727029
   19.500000000    1.784809672    1.700889205    1.427314701
   19.510000000    1.804877606    1.709083280    1.420360441
   19.520000000    1.827941433    1.723579241    1.419904176
   19.530000000    1.849936027    1.742933124    1.425321641
   19.540000000    1.867901212    1.765513996    1.434762247
   19.550000000    1.881008293    1.790257711    1.445490669
   19.560000000    1.889883402    1.816591683    1.455433471
   19.570000000    1.895371959    1.843471127    1.465128763
   19.580000000    1.898099856    1.868616647    1.477549658
   19.590000000    1.898399668    1.888806036    1.494846738
   19.600000000    1.896499629    1.901415938    1.515205120
   19.610000000    1.893304140    1.906186331    1.533329972
   19.620000000    1.890332124    1.905183441    1.544321127
   19.630000000    1.888658328    1.901190127    1.547337252
   19.640000000    1.888942008    1.896886768    1.545674765
   19.650000000    1.892276870    1.895020033    1.543672111
   19.660000000    1.900287964    1.898588652    1.543874625
   19.670000000    1.914049264    1.910132433    1.546205804
   19.680000000    1.931985790    1.929363270    1.548400956
   19.690000000    1.948692788    1.951546717    1.547554522
   19.700000000    1.957268829    1.969838155    1.542711199
   19.710000000    1.954397314    1.980285402    1.536312585
   19.720000000    1.943514900    1.984667895    1.532421208
   19.730000000    1.932590659    1.988327710    1.534057678
   19.740000000    1.928730286    1.995413300    1.542807538
   19.750000000    1.934469954    2.006349876    1.559607387
   19.760000000    1.947786737    2.018961974    1.584527666
   19.770000000    1.964688087    2.030758195    1.616107501
   19.780000000    1.981780199    2.039965845    1.651836255
   19.790000000    1.997261438    2.045652839    1.689646062
   19.800000000    2.011531630    2.048788672    1.728842060
   19.810000000    2.027613339    2.053202560    1.769308992
   19.820000000    2.049078400    2.063148092    1.809288368
   19.830000000    2.076073366    2.078857471    1.843640982
   19.840000000    2.104059155    2.095534950    1.865100531
   19.850000000    2.127618837    2.107640501    1.869207962
   19.860000000    2.145275607    2.113763106    1.858785174
   19.870000000    2.159468247    2.116373521    1.842137363
   19.880000000    2.172046649    2.117405349    1.826362234
   19.890000000    2.181176270    2.115672494    1.812654308
   19.900000000    2.182727221    2.108513312    1.797313635
   19.910000000    2.173429557    2.094654207    1.776148373
   19.920000000    2.153158709    2.075617496    1.748268473
   19.930000000    2.126463065    2.055912856    1.717590759
   19.940000000    2.101753703    2.041763637    1.691091565
   19.950000000    2.086951507    2.037657920    1.674386224
   19.960000000    2.085460729    2.043631918    1.668868723
   19.970000000    2.095729713    2.056284551    1.672328151
   19.980000000    2.112638844    2.071334128    1.680168730
   19.990000000    2.129005536    2.084438303    1.686703428
   20.000000000    2.137678277    2.090574496    1.687567940
   20.010000000    2.134509838    2.085064886    1.681122306
   20.020000000    2.121178869    2.067489901    1.668133566
   20.030000000    2.104793435    2.043805179    1.651506245
   20.040000000    2.093434623    2.022971896    1.635942411
   20.050000000    2.091930537    2.011854879    1.626262589
