# energy grid [eV]     epsi_x  epsi_y  epsi_z
#
    0.050000000    0.001325837    0.001370041    0.001379955
    0.060000000    0.001591391    0.001644476    0.001656343
    0.070000000    0.001857158    0.001919144    0.001932946
    0.080000000    0.002123171    0.002194086    0.002209803
    0.090000000    0.002389468    0.002469338    0.002486949
    0.100000000    0.002656083    0.002744943    0.002764420
    0.110000000    0.002923053    0.003020938    0.003042255
    0.120000000    0.003190413    0.003297365    0.003320489
    0.130000000    0.003458201    0.003574263    0.003599159
    0.140000000    0.003726452    0.003851672    0.003878304
    0.150000000    0.003995204    0.004129634    0.004157961
    0.160000000    0.004264493    0.004408190    0.004438167
    0.170000000    0.004534358    0.004687380    0.004718961
    0.180000000    0.004804834    0.004967246    0.005000381
    0.190000000    0.005075962    0.005247831    0.005282466
    0.200000000    0.005347777    0.005529176    0.005565256
    0.210000000    0.005620321    0.005811326    0.005848788
    0.220000000    0.005893630    0.006094322    0.006133104
    0.230000000    0.006167746    0.006378210    0.006418244
    0.240000000    0.006442706    0.006663033    0.006704247
    0.250000000    0.006718553    0.006948836    0.006991156
    0.260000000    0.006995327    0.007235664    0.007279012
    0.270000000    0.007273068    0.007523565    0.007567857
    0.280000000    0.007551819    0.007812583    0.007857734
    0.290000000    0.007831621    0.008102767    0.008148685
    0.300000000    0.008112519    0.008394164    0.008440754
    0.310000000    0.008394555    0.008686823    0.008733987
    0.320000000    0.008677773    0.008980794    0.009028426
    0.330000000    0.008962218    0.009276126    0.009324120
    0.340000000    0.009247935    0.009572872    0.009621112
    0.350000000    0.009534972    0.009871082    0.009919451
    0.360000000    0.009823373    0.010170809    0.010219184
    0.370000000    0.010113188    0.010472107    0.010520360
    0.380000000    0.010404464    0.010775031    0.010823027
    0.390000000    0.010697251    0.011079637    0.011127237
    0.400000000    0.010991598    0.011385981    0.011433039
    0.410000000    0.011287558    0.011694120    0.011740487
    0.420000000    0.011585182    0.012004115    0.012049632
    0.430000000    0.011884522    0.012316025    0.012360528
    0.440000000    0.012185633    0.012629911    0.012673232
    0.450000000    0.012488570    0.012945836    0.012987797
    0.460000000    0.012793389    0.013263865    0.013304282
    0.470000000    0.013100148    0.013584062    0.013622744
    0.480000000    0.013408904    0.013906495    0.013943243
    0.490000000    0.013719717    0.014231232    0.014265840
    0.500000000    0.014032650    0.014558343    0.014590595
    0.510000000    0.014347763    0.014887899    0.014917574
    0.520000000    0.014665120    0.015219974    0.015246839
    0.530000000    0.014984787    0.015554644    0.015578458
    0.540000000    0.015306831    0.015891984    0.015912497
    0.550000000    0.015631319    0.016232074    0.016249026
    0.560000000    0.015958322    0.016574995    0.016588115
    0.570000000    0.016287911    0.016920830    0.016929838
    0.580000000    0.016620159    0.017269664    0.017274267
    0.590000000    0.016955142    0.017621584    0.017621479
    0.600000000    0.017292936    0.017976680    0.017971553
    0.610000000    0.017633621    0.018335044    0.018324567
    0.620000000    0.017977277    0.018696772    0.018680604
    0.630000000    0.018323988    0.019061960    0.019039747
    0.640000000    0.018673839    0.019430709    0.019402083
    0.650000000    0.019026917    0.019803122    0.019767700
    0.660000000    0.019383314    0.020179304    0.020136689
    0.670000000    0.019743120    0.020559366    0.020509143
    0.680000000    0.020106433    0.020943420    0.020885159
    0.690000000    0.020473348    0.021331582    0.021264835
    0.700000000    0.020843968    0.021723970    0.021648272
    0.710000000    0.021218396    0.022120710    0.022035575
    0.720000000    0.021596738    0.022521927    0.022426851
    0.730000000    0.021979104    0.022927752    0.022822211
    0.740000000    0.022365608    0.023338322    0.023221768
    0.750000000    0.022756366    0.023753776    0.023625640
    0.760000000    0.023151499    0.024174258    0.024033947
    0.770000000    0.023551129    0.024599918    0.024446814
    0.780000000    0.023955387    0.025030909    0.024864370
    0.790000000    0.024364402    0.025467393    0.025286746
    0.800000000    0.024778312    0.025909533    0.025714081
    0.810000000    0.025197258    0.026357501    0.026146514
    0.820000000    0.025621385    0.026811473    0.026584191
    0.830000000    0.026050843    0.027271633    0.027027264
    0.840000000    0.026485788    0.027738171    0.027475887
    0.850000000    0.026926381    0.028211284    0.027930222
    0.860000000    0.027372787    0.028691176    0.028390434
    0.870000000    0.027825179    0.029178058    0.028856697
    0.880000000    0.028283736    0.029672152    0.029329187
    0.890000000    0.028748642    0.030173684    0.029808091
    0.900000000    0.029220088    0.030682893    0.030293597
    0.910000000    0.029698273    0.031200024    0.030785905
    0.920000000    0.030183403    0.031725334    0.031285219
    0.930000000    0.030675691    0.032259090    0.031791753
    0.940000000    0.031175358    0.032801569    0.032305726
    0.950000000    0.031682635    0.033353060    0.032827368
    0.960000000    0.032197762    0.033913863    0.033356916
    0.970000000    0.032720985    0.034484293    0.033894618
    0.980000000    0.033252564    0.035064675    0.034440730
    0.990000000    0.033792768    0.035655351    0.034995518
    1.000000000    0.034341875    0.036256676    0.035559261
    1.010000000    0.034900177    0.036869021    0.036132245
    1.020000000    0.035467977    0.037492775    0.036714773
    1.030000000    0.036045591    0.038128343    0.037307156
    1.040000000    0.036633349    0.038776148    0.037909721
    1.050000000    0.037231593    0.039436633    0.038522806
    1.060000000    0.037840684    0.040110264    0.039146767
    1.070000000    0.038460993    0.040797525    0.039781972
    1.080000000    0.039092914    0.041498926    0.040428808
    1.090000000    0.039736854    0.042215001    0.041087677
    1.100000000    0.040393242    0.042946310    0.041759000
    1.110000000    0.041062523    0.043693440    0.042443216
    1.120000000    0.041745167    0.044457010    0.043140787
    1.130000000    0.042441663    0.045237668    0.043852193
    1.140000000    0.043152525    0.046036095    0.044577939
    1.150000000    0.043878293    0.046853011    0.045318553
    1.160000000    0.044619531    0.047689170    0.046074589
    1.170000000    0.045376833    0.048545369    0.046846627
    1.180000000    0.046150823    0.049422448    0.047635277
    1.190000000    0.046942157    0.050321292    0.048441179
    1.200000000    0.047751522    0.051242836    0.049265006
    1.210000000    0.048579647    0.052188067    0.050107465
    1.220000000    0.049427294    0.053158031    0.050969299
    1.230000000    0.050295269    0.054153832    0.051851292
    1.240000000    0.051184423    0.055176639    0.052754269
    1.250000000    0.052095652    0.056227694    0.053679100
    1.260000000    0.053029904    0.057308309    0.054626702
    1.270000000    0.053988179    0.058419882    0.055598045
    1.280000000    0.054971539    0.059563893    0.056594151
    1.290000000    0.055981104    0.060741919    0.057616103
    1.300000000    0.057018063    0.061955638    0.058665046
    1.310000000    0.058083677    0.063206834    0.059742191
    1.320000000    0.059179284    0.064497413    0.060848826
    1.330000000    0.060306306    0.065829407    0.061986311
    1.340000000    0.061466253    0.067204985    0.063156094
    1.350000000    0.062660736    0.068626468    0.064359713
    1.360000000    0.063891467    0.070096340    0.065598803
    1.370000000    0.065160275    0.071617262    0.066875103
    1.380000000    0.066469110    0.073192089    0.068190469
    1.390000000    0.067820059    0.074823886    0.069546878
    1.400000000    0.069215351    0.076515947    0.070946441
    1.410000000    0.070657375    0.078271820    0.072391416
    1.420000000    0.072148693    0.080095327    0.073884216
    1.430000000    0.073692055    0.081990592    0.075427427
    1.440000000    0.075290414    0.083962072    0.077023821
    1.450000000    0.076946952    0.086014586    0.078676376
    1.460000000    0.078665094    0.088153357    0.080388290
    1.470000000    0.080448539    0.090384052    0.082163005
    1.480000000    0.082301281    0.092712828    0.084004230
    1.490000000    0.084227643    0.095146384    0.085915969
    1.500000000    0.086232308    0.097692022    0.087902543
    1.510000000    0.088320361    0.100357714    0.089968633
    1.520000000    0.090497328    0.103152177    0.092119307
    1.530000000    0.092769227    0.106084960    0.094360064
    1.540000000    0.095142621    0.109166544    0.096696885
    1.550000000    0.097624682    0.112408451    0.099136278
    1.560000000    0.100223261    0.115823377    0.101685339
    1.570000000    0.102946970    0.119425336    0.104351822
    1.580000000    0.105805273    0.123229830    0.107144210
    1.590000000    0.108808592    0.127254048    0.110071808
    1.600000000    0.111968431    0.131517088    0.113144832
    1.610000000    0.115297515    0.136040224    0.116374534
    1.620000000    0.118809956    0.140847210    0.119773322
    1.630000000    0.122521436    0.145964641    0.123354914
    1.640000000    0.126449436    0.151422367    0.127134514
    1.650000000    0.130613486    0.157253991    0.131129007
    1.660000000    0.135035473    0.163497455    0.135357194
    1.670000000    0.139739994    0.170195722    0.139840066
    1.680000000    0.144754779    0.177397609    0.144601121
    1.690000000    0.150111191    0.185158768    0.149666740
    1.700000000    0.155844824    0.193542865    0.155066626
    1.710000000    0.161996214    0.202623015    0.160834329
    1.720000000    0.168611708    0.212483505    0.167007868
    1.730000000    0.175744497    0.223221909    0.173630473
    1.740000000    0.183455890    0.234951671    0.180751481
    1.750000000    0.191816862    0.247805295    0.188427403
    1.760000000    0.200909960    0.261938294    0.196723235
    1.770000000    0.210831664    0.277534122    0.205714041
    1.780000000    0.221695329    0.294810366    0.215486894
    1.790000000    0.233634869    0.314026569    0.226143276
    1.800000000    0.246809410    0.335494201    0.237802035
    1.810000000    0.261409215    0.359589439    0.250603090
    1.820000000    0.277663263    0.386769696    0.264712067
    1.830000000    0.295849055    0.417595147    0.280326164
    1.840000000    0.316305365    0.452757015    0.297681614
    1.850000000    0.339448999    0.493115022    0.317063259
    1.860000000    0.365796967    0.539747407    0.338816908
    1.870000000    0.395996084    0.594018233    0.363365454
    1.880000000    0.430862775    0.657668611    0.391230019
    1.890000000    0.471436960    0.732941069    0.423057973
    1.900000000    0.519055328    0.822749632    0.459660325
    1.910000000    0.575451076    0.930912148    0.502062054
    1.920000000    0.642888914    1.062464732    0.551570319
    1.930000000    0.724344663    1.224077113    0.609867472
    1.940000000    0.823734442    1.424571407    0.679138306
    1.950000000    0.946180023    1.675487556    0.762244016
    1.960000000    1.098241608    1.991469162    0.862957985
    1.970000000    1.287906886    2.389816823    0.986278125
    1.980000000    1.523806346    2.887614197    1.138819285
    1.990000000    1.812558062    3.493187345    1.329247206
    2.000000000    2.152663218    4.187372939    1.568593738
    2.010000000    2.524836841    4.894869912    1.869983360
    2.020000000    2.885740076    5.468113274    2.246606129
    2.030000000    3.181050910    5.734684757    2.705513100
    2.040000000    3.378458658    5.614784721    3.233626764
    2.050000000    3.479438849    5.186288594    3.775245050
    2.060000000    3.485933375    4.605626166    4.216272083
    2.070000000    3.376459814    3.995191694    4.415167451
    2.080000000    3.137763314    3.415594612    4.295766901
    2.090000000    2.803818526    2.894600266    3.913895620
    2.100000000    2.440716486    2.447255823    3.407831560
    2.110000000    2.104419766    2.077849874    2.900932017
    2.120000000    1.822304512    1.780985478    2.458911619
    2.130000000    1.599558797    1.546124022    2.100900843
    2.140000000    1.430819065    1.361831067    1.822609888
    2.150000000    1.307824335    1.217998430    1.611974580
    2.160000000    1.222890604    1.106524931    1.456466781
    2.170000000    1.170065156    1.021264906    1.345672075
    2.180000000    1.145313361    0.957742379    1.271819533
    2.190000000    1.146409873    0.912852507    1.229609584
    2.200000000    1.172814793    0.884627961    1.215902670
    2.210000000    1.225639336    0.872088527    1.229472658
    2.220000000    1.307734694    0.875171554    1.270881640
    2.230000000    1.423903368    0.894732875    1.342466836
    2.240000000    1.581187915    0.932596091    1.448370735
    2.250000000    1.789084345    0.991594686    1.594426674
    2.260000000    2.059267362    1.075466629    1.787446702
    2.270000000    2.403881384    1.188284908    2.032966223
    2.280000000    2.830681375    1.332851809    2.330001123
    2.290000000    3.333228097    1.507458354    2.662371548
    2.300000000    3.877652659    1.701511616    2.992226341
    2.310000000    4.395049270    1.893039283    3.271538939
    2.320000000    4.789444360    2.051355053    3.478983668
    2.330000000    4.960641591    2.144565090    3.647883510
    2.340000000    4.846373479    2.153194622    3.844839745
    2.350000000    4.473924701    2.086292213    4.120389046
    2.360000000    3.954745308    1.977474556    4.471369216
    2.370000000    3.410335326    1.857548646    4.821398063
    2.380000000    2.914249845    1.735251630    5.030893769
    2.390000000    2.490550923    1.604188157    4.968500311
    2.400000000    2.138391321    1.462349187    4.612773747
    2.410000000    1.850590984    1.319974840    4.067780782
    2.420000000    1.619292649    1.191117272    3.473348032
    2.430000000    1.436256595    1.084594958    2.925240147
    2.440000000    1.293271332    1.002707883    2.462490697
    2.450000000    1.182963888    0.943984064    2.088653670
    2.460000000    1.099287667    0.905757468    1.792500721
    2.470000000    1.037598948    0.885544526    1.559408293
    2.480000000    0.994519636    0.881580112    1.375970677
    2.490000000    0.967749229    0.892968251    1.231286440
    2.500000000    0.955905083    0.919712631    1.116939802
    2.510000000    0.958419047    0.962749426    1.026590455
    2.520000000    0.975497215    1.024034365    0.955522759
    2.530000000    1.008142766    1.106704800    0.900265402
    2.540000000    1.058238449    1.215315987    0.858301971
    2.550000000    1.128675308    1.356110545    0.827863785
    2.560000000    1.223482249    1.537175357    0.807790263
    2.570000000    1.347826437    1.768082268    0.797443404
    2.580000000    1.507566140    2.058052900    0.796665195
    2.590000000    1.707716945    2.410771853    0.805765963
    2.600000000    1.948984990    2.813492231    0.825522510
    2.610000000    2.222586973    3.221645938    0.857136394
    2.620000000    2.507752865    3.553553579    0.902034102
    2.630000000    2.779975003    3.722463919    0.961258188
    2.640000000    3.026209618    3.699474596    1.034043962
    2.650000000    3.242045077    3.535075445    1.115360104
    2.660000000    3.404959600    3.306116329    1.193688808
    2.670000000    3.465040414    3.060661795    1.253278654
    2.680000000    3.384563686    2.816980271    1.283981246
    2.690000000    3.184929436    2.589824864    1.290670286
    2.700000000    2.936446879    2.400027318    1.289993540
    2.710000000    2.709441426    2.266036956    1.299116184
    2.720000000    2.546489306    2.198190250    1.329463604
    2.730000000    2.465568332    2.201051394    1.387449246
    2.740000000    2.472699598    2.277948566    1.477434098
    2.750000000    2.571063353    2.433782443    1.604102531
    2.760000000    2.764421733    2.675092749    1.773928692
    2.770000000    3.055183249    3.006420568    1.996115529
    2.780000000    3.436287859    3.420889648    2.283248755
    2.790000000    3.876712061    3.884161724    2.651549082
    2.800000000    4.309265839    4.321006535    3.120071339
    2.810000000    4.645499834    4.631666491    3.707170417
    2.820000000    4.830511796    4.752464623    4.420477257
    2.830000000    4.883467427    4.702799374    5.234624606
    2.840000000    4.858527023    4.549683604    6.056987954
    2.850000000    4.771588529    4.339164251    6.708985123
    2.860000000    4.585993842    4.082353290    6.983433126
    2.870000000    4.270228150    3.790497519    6.786592809
    2.880000000    3.853366226    3.498955168    6.222993059
    2.890000000    3.410804447    3.255005314    5.507551922
    2.900000000    3.011853113    3.095030262    4.822778986
    2.910000000    2.692761248    3.035945003    4.262415615
    2.920000000    2.460797944    3.077119961    3.848742260
    2.930000000    2.305693400    3.200907367    3.562041185
    2.940000000    2.206974861    3.370490439    3.359230061
    2.950000000    2.139647630    3.535481460    3.190584823
    2.960000000    2.081729502    3.650590763    3.024215063
    2.970000000    2.017981114    3.686184971    2.863025119
    2.980000000    1.935871835    3.616702196    2.734351322
    2.990000000    1.825916001    3.422448829    2.666955794
    3.000000000    1.691111816    3.118712121    2.679267360
    3.010000000    1.548320594    2.760741011    2.778565483
    3.020000000    1.416291114    2.408926948    2.959485680
    3.030000000    1.305537230    2.100036962    3.195118377
    3.040000000    1.217231527    1.845622074    3.424148269
    3.050000000    1.146775034    1.642601575    3.554057263
    3.060000000    1.088444266    1.482711385    3.505336846
    3.070000000    1.039273280    1.357892133    3.272191472
    3.080000000    0.999749814    1.262130012    2.925385925
    3.090000000    0.971639365    1.191154483    2.553056232
    3.100000000    0.956087965    1.141762583    2.213335934
    3.110000000    0.953338781    1.111548494    1.929089735
    3.120000000    0.963300440    1.098920184    1.701872112
    3.130000000    0.986235594    1.103206155    1.524611498
    3.140000000    1.023242868    1.124755384    1.388414680
    3.150000000    1.076399514    1.164986530    1.285275982
    3.160000000    1.148752909    1.226444056    1.208813637
    3.170000000    1.244418952    1.312931125    1.154247731
    3.180000000    1.368766788    1.429662367    1.118160249
    3.190000000    1.528422226    1.583206808    1.098241030
    3.200000000    1.730563032    1.780694733    1.093081994
    3.210000000    1.980462129    2.027188604    1.102027763
    3.220000000    2.275607597    2.319449724    1.125071894
    3.230000000    2.595534413    2.635181696    1.162790428
    3.240000000    2.892827597    2.923493694    1.216340761
    3.250000000    3.103024233    3.115246922    1.287623033
    3.260000000    3.185925366    3.166458456    1.379678805
    3.270000000    3.164311562    3.098963995    1.497161035
    3.280000000    3.109647313    2.985297533    1.646619089
    3.290000000    3.095031308    2.899258911    1.836687735
    3.300000000    3.168460676    2.888402292    2.078361926
    3.310000000    3.352527139    2.975644819    2.385088337
    3.320000000    3.648372957    3.167908706    2.771801061
    3.330000000    4.030322620    3.458325877    3.251279157
    3.340000000    4.434418919    3.821793653    3.825616684
    3.350000000    4.763000639    4.213537796    4.472485578
    3.360000000    4.928968875    4.581921896    5.134543686
    3.370000000    4.912021993    4.886595422    5.731347071
    3.380000000    4.760218554    5.096062242    6.195337225
    3.390000000    4.538519598    5.167702945    6.483491823
    3.400000000    4.290343057    5.052363338    6.544984151
    3.410000000    4.042486571    4.742172001    6.327972149
    3.420000000    3.821658110    4.301107364    5.853530657
    3.430000000    3.646782342    3.825575773    5.238348030
    3.440000000    3.508334249    3.384103241    4.619974344
    3.450000000    3.366873037    2.998016110    4.085939462
    3.460000000    3.182911338    2.661083489    3.664228273
    3.470000000    2.952909094    2.365972089    3.345194602
    3.480000000    2.710001924    2.113663062    3.103906428
    3.490000000    2.494176989    1.907596643    2.918345280
    3.500000000    2.330872751    1.747924447    2.780932636
    3.510000000    2.229127853    1.631245257    2.694069807
    3.520000000    2.186539772    1.552195175    2.653510806
    3.530000000    2.192725837    1.504212838    2.634763183
    3.540000000    2.232602879    1.480140899    2.594360485
    3.550000000    2.293715059    1.474348860    2.492744735
    3.560000000    2.373690028    1.485091068    2.324155551
    3.570000000    2.475529439    1.512890627    2.118587042
    3.580000000    2.590674479    1.554848420    1.914484991
    3.590000000    2.687899204    1.600835698    1.736807665
    3.600000000    2.726254565    1.637553958    1.594556897
    3.610000000    2.688430979    1.659130619    1.487175331
    3.620000000    2.597784229    1.672036558    1.410178182
    3.630000000    2.497208768    1.687756570    1.358000082
    3.640000000    2.421550266    1.715229322    1.325649391
    3.650000000    2.392103810    1.762502376    1.310365012
    3.660000000    2.423097452    1.840456233    1.312298983
    3.670000000    2.523430409    1.960366840    1.333335352
    3.680000000    2.691211643    2.127060245    1.375239864
    3.690000000    2.903776649    2.330765138    1.438165563
    3.700000000    3.107887234    2.538945985    1.519263852
    3.710000000    3.226441776    2.696744745    1.611872578
    3.720000000    3.198635061    2.750436674    1.707627206
    3.730000000    3.026841179    2.685722652    1.802697444
    3.740000000    2.772935914    2.540195733    1.903556199
    3.750000000    2.509795024    2.374132778    2.026134334
    3.760000000    2.285664987    2.235937753    2.189971261
    3.770000000    2.121158809    2.151547470    2.413721538
    3.780000000    2.020564209    2.131046085    2.714002693
    3.790000000    1.981770568    2.177335186    3.104402748
    3.800000000    2.001000727    2.290561601    3.590338761
    3.810000000    2.073457780    2.468020697    4.157167877
    3.820000000    2.191988549    2.701381046    4.755672492
    3.830000000    2.346787616    2.975007883    5.302726862
    3.840000000    2.528268299    3.268341479    5.713360575
    3.850000000    2.729262572    3.557691549    5.935960651
    3.860000000    2.941888755    3.813945060    5.948863911
    3.870000000    3.156014758    4.009177103    5.750610768
    3.880000000    3.365380605    4.136217856    5.378599185
    3.890000000    3.568851068    4.215045025    4.915545147
    3.900000000    3.754747646    4.268145039    4.458203105
    3.910000000    3.886273682    4.290591112    4.080113755
    3.920000000    3.915594655    4.251370994    3.819965135
    3.930000000    3.814929932    4.120394849    3.691255141
    3.940000000    3.593204728    3.893167387    3.693052705
    3.950000000    3.294320590    3.601635458    3.810647949
    3.960000000    2.978409998    3.301032951    4.005230060
    3.970000000    2.693438566    3.039639609    4.200578037
    3.980000000    2.461228662    2.841861315    4.291076305
    3.990000000    2.284151793    2.713639457    4.195059855
    4.000000000    2.158667406    2.655275541    3.916831759
    4.010000000    2.082780104    2.667842863    3.538581121
    4.020000000    2.055194556    2.750959984    3.153225171
    4.030000000    2.071664437    2.896769282    2.818768536
    4.040000000    2.122705912    3.084846168    2.556961935
    4.050000000    2.194745048    3.284798532    2.369087682
    4.060000000    2.276708376    3.472418795    2.249146438
    4.070000000    2.367653427    3.645714664    2.190923300
    4.080000000    2.475461440    3.817204985    2.190724419
    4.090000000    2.608874436    3.994859894    2.247488190
    4.100000000    2.774812669    4.182575878    2.361200951
    4.110000000    2.979049218    4.389200050    2.529723154
    4.120000000    3.219893054    4.615406151    2.744355923
    4.130000000    3.480778778    4.832417897    2.987615881
    4.140000000    3.738098124    4.991422068    3.239736166
    4.150000000    3.980358442    5.058766447    3.491980898
    4.160000000    4.209836825    5.028554941    3.750448336
    4.170000000    4.419426125    4.905471543    4.025258631
    4.180000000    4.573832169    4.696239953    4.316960939
    4.190000000    4.617323535    4.412486795    4.601251500
    4.200000000    4.508536503    4.073566151    4.818535718
    4.210000000    4.257274417    3.710402033    4.895583939
    4.220000000    3.926369785    3.362578550    4.800645232
    4.230000000    3.596124168    3.066370299    4.578233158
    4.240000000    3.327892851    2.844602373    4.322501477
    4.250000000    3.153681712    2.706038279    4.121653367
    4.260000000    3.084791566    2.650532614    4.024757306
    4.270000000    3.122549639    2.673091193    4.036610121
    4.280000000    3.262977229    2.764074457    4.119786697
    4.290000000    3.494259683    2.906441680    4.199804106
    4.300000000    3.788100612    3.072832388    4.192247896
    4.310000000    4.088438637    3.224146927    4.053518105
    4.320000000    4.309198393    3.310552158    3.807823007
    4.330000000    4.362468392    3.286012240    3.520798629
    4.340000000    4.215534696    3.140378388    3.257287134
    4.350000000    3.920365028    2.913711657    3.059379003
    4.360000000    3.574617821    2.668392828    2.944583848
    4.370000000    3.261629982    2.452993262    2.910941878
    4.380000000    3.026393257    2.290696940    2.939389771
    4.390000000    2.884114128    2.186644887    2.993852516
    4.400000000    2.835478303    2.138660762    3.030346935
    4.410000000    2.875643675    2.143776870    3.022429033
    4.420000000    2.994969617    2.198814795    2.981606482
    4.430000000    3.172501436    2.296252665    2.944580368
    4.440000000    3.365294207    2.418220319    2.941560701
    4.450000000    3.506217574    2.534684962    2.976280871
    4.460000000    3.530246398    2.613939121    3.025092532
    4.470000000    3.418959783    2.639762823    3.053896476
    4.480000000    3.211377698    2.614035321    3.047301577
    4.490000000    2.967909326    2.545518759    3.024464859
    4.500000000    2.735701712    2.447699677    3.024435873
    4.510000000    2.541091552    2.343103346    3.082570849
    4.520000000    2.395112341    2.257247897    3.220697406
    4.530000000    2.300245137    2.208498321    3.447890580
    4.540000000    2.255542710    2.204919941    3.758400400
    4.550000000    2.257917706    2.245145491    4.118992199
    4.560000000    2.300920772    2.318969905    4.455218028
    4.570000000    2.375878029    2.410852028    4.666696447
    4.580000000    2.478001998    2.510422043    4.688744228
    4.590000000    2.611779234    2.622464313    4.545168331
    4.600000000    2.786278336    2.762358164    4.318035614
    4.610000000    3.002312653    2.940432180    4.071745074
    4.620000000    3.243534891    3.152326451    3.820380848
    4.630000000    3.482256060    3.384376034    3.554488473
    4.640000000    3.699677002    3.628388016    3.279787976
    4.650000000    3.898084567    3.886788198    3.023573878
    4.660000000    4.087097781    4.159122432    2.815707557
    4.670000000    4.266927594    4.431653753    2.675045156
    4.680000000    4.431982414    4.686344078    2.609326557
    4.690000000    4.575191955    4.906896101    2.619488851
    4.700000000    4.676573507    5.067511203    2.701372503
    4.710000000    4.703553229    5.133706873    2.842528692
    4.720000000    4.637756646    5.085699778    3.014617066
    4.730000000    4.495607556    4.935593171    3.167096321
    4.740000000    4.318218647    4.726074813    3.237216351
    4.750000000    4.145257605    4.513649591    3.186071772
    4.760000000    3.993892882    4.340240883    3.030681581
    4.770000000    3.852295898    4.210775711    2.829329049
    4.780000000    3.694116295    4.093277836    2.639531199
    4.790000000    3.505692799    3.942453325    2.495561220
    4.800000000    3.299330680    3.733261699    2.411141566
    4.810000000    3.103838120    3.479745334    2.389325343
    4.820000000    2.948212276    3.222870321    2.428989871
    4.830000000    2.851087163    3.002615939    2.526072536
    4.840000000    2.818008505    2.841457684    2.670264971
    4.850000000    2.843323971    2.744864049    2.839507476
    4.860000000    2.914587296    2.708865000    2.999861649
    4.870000000    3.020986200    2.728032974    3.121469554
    4.880000000    3.162667131    2.801325812    3.203938276
    4.890000000    3.349596383    2.932563033    3.281058810
    4.900000000    3.587500847    3.125186843    3.397299912
    4.910000000    3.863987284    3.375585414    3.583824614
    4.920000000    4.147442966    3.668853463    3.848682105
    4.930000000    4.400733312    3.978848172    4.174690423
    4.940000000    4.596945358    4.273656636    4.524571506
    4.950000000    4.726855679    4.529483790    4.861121920
    4.960000000    4.806783950    4.749125397    5.169571890
    4.970000000    4.880277946    4.962101657    5.450192212
    4.980000000    4.996513901    5.198734494    5.693730206
    4.990000000    5.183270279    5.470707592    5.890627854
    5.000000000    5.438876614    5.778552835    6.065442637
    5.010000000    5.738546290    6.120394721    6.273431558
    5.020000000    6.045104288    6.480799567    6.554066267
    5.030000000    6.319079769    6.818514455    6.893817303
    5.040000000    6.521669191    7.074010296    7.226294522
    5.050000000    6.616214501    7.191597452    7.464640050
    5.060000000    6.578820463    7.140968702    7.542749259
    5.070000000    6.417394845    6.937407751    7.442759814
    5.080000000    6.177751426    6.646438336    7.204707135
    5.090000000    5.922318450    6.354110458    6.918042489
    5.100000000    5.697877142    6.124812056    6.689199294
    5.110000000    5.516914677    5.980586140    6.596884304
    5.120000000    5.368795546    5.912407774    6.662510045
    5.130000000    5.249771121    5.907851474    6.840213273
    5.140000000    5.175040139    5.964613514    7.024436726
    5.150000000    5.160346864    6.077648630    7.092604769
    5.160000000    5.201860500    6.223498272    6.976057592
    5.170000000    5.277852788    6.365829497    6.696830867
    5.180000000    5.368618558    6.482063168    6.339767423
    5.190000000    5.475088715    6.586837437    5.999373040
    5.200000000    5.618894899    6.721232412    5.736294286
    5.210000000    5.824113966    6.909697513    5.557502953
    5.220000000    6.096340193    7.124473776    5.426337841
    5.230000000    6.416704482    7.292731332    5.296524205
    5.240000000    6.752362752    7.345471515    5.142132664
    5.250000000    7.070125485    7.267696348    4.956876183
    5.260000000    7.347070157    7.105782657    4.744450582
    5.270000000    7.578139123    6.931309579    4.524629562
    5.280000000    7.770895876    6.796288415    4.333562954
    5.290000000    7.924975377    6.708796080    4.207276080
    5.300000000    8.021418688    6.640612925    4.169327696
    5.310000000    8.039460571    6.562491060    4.232006254
    5.320000000    7.978010957    6.477057282    4.402218687
    5.330000000    7.858939998    6.418543289    4.682901918
    5.340000000    7.721009062    6.428779800    5.066564508
    5.350000000    7.610800651    6.535412034    5.523841471
    5.360000000    7.560123900    6.737248964    5.997914788
    5.370000000    7.563399137    6.999433538    6.419099807
    5.380000000    7.587521112    7.270682083    6.736083097
    5.390000000    7.608288427    7.516224918    6.936607821
    5.400000000    7.630921864    7.735270623    7.042506488
    5.410000000    7.681065718    7.947319560    7.094683580
    5.420000000    7.786268270    8.163561966    7.146754414
    5.430000000    7.952912470    8.360452194    7.253487363
    5.440000000    8.146663087    8.477390899    7.441340726
    5.450000000    8.304942873    8.459730980    7.694010907
    5.460000000    8.383951026    8.312996110    7.982404316
    5.470000000    8.397264688    8.108869027    8.308379575
    5.480000000    8.404444978    7.937618823    8.700440414
    5.490000000    8.464869901    7.853805200    9.165631954
    5.500000000    8.597858713    7.852798340    9.661656961
    5.510000000    8.770504860    7.883079215   10.108762231
    5.520000000    8.918964871    7.883665648   10.418441326
    5.530000000    8.984796980    7.819341580   10.542706431
    5.540000000    8.936795077    7.690838886   10.527433129
    5.550000000    8.776979400    7.527145997   10.497435103
    5.560000000    8.541661677    7.372619340   10.571378176
    5.570000000    8.290016085    7.272505021   10.787162879
    5.580000000    8.084145544    7.263267123   11.083912620
    5.590000000    7.972741516    7.367680267   11.343525416
    5.600000000    7.979719997    7.589669661   11.469246418
    5.610000000    8.102637618    7.911984266   11.444780587
    5.620000000    8.321671193    8.298746474   11.334765346
    5.630000000    8.607517944    8.700324998   11.236517125
    5.640000000    8.918206106    9.062388405   11.223048354
    5.650000000    9.196570182    9.341542959   11.316537870
    5.660000000    9.388414063    9.517087605   11.484048280
    5.670000000    9.474968906    9.588698048   11.644972537
    5.680000000    9.483784032    9.567016614   11.714560857
    5.690000000    9.463635012    9.468705006   11.661492644
    5.700000000    9.459655677    9.323709147   11.525676844
    5.710000000    9.514984827    9.189715166   11.393793295
    5.720000000    9.665116578    9.138566169   11.346897805
    5.730000000    9.900284605    9.205973884   11.404046378
    5.740000000   10.139864223    9.355082665   11.510384679
    5.750000000   10.269570931    9.494447616   11.593602136
    5.760000000   10.220881629    9.538101711   11.636557637
    5.770000000   10.009369740    9.452383474   11.672770067
    5.780000000    9.694372074    9.247243606   11.707255290
    5.790000000    9.320195236    8.939419918   11.670757100
    5.800000000    8.906482818    8.545922587   11.474348710
    5.810000000    8.482409236    8.110831114   11.112665129
    5.820000000    8.106349364    7.711344982   10.695135722
    5.830000000    7.839215779    7.422892129   10.364169571
    5.840000000    7.705757656    7.283846296   10.195480168
    5.850000000    7.681647885    7.287892681   10.163291895
    5.860000000    7.712740868    7.399426533   10.174948925
    5.870000000    7.755492417    7.580462958   10.149708295
    5.880000000    7.802987231    7.807192027   10.078219977
    5.890000000    7.868831810    8.059921852   10.005007056
    5.900000000    7.956768650    8.307116586    9.978294181
    5.910000000    8.047503830    8.504555620   10.030622779
    5.920000000    8.097166932    8.603658902   10.172474778
    5.930000000    8.053166675    8.570282343   10.383130384
    5.940000000    7.889795873    8.406614359   10.623032137
    5.950000000    7.624934787    8.147383296   10.866614390
    5.960000000    7.298844233    7.830905400   11.117762512
    5.970000000    6.951516529    7.482625616   11.390704571
    5.980000000    6.622473431    7.125702557   11.694494515
    5.990000000    6.351926579    6.792386731   12.046312780
    6.000000000    6.170371404    6.520688579   12.478020954
    6.010000000    6.087069050    6.343140591   13.001450527
    6.020000000    6.086261123    6.275826111   13.562432575
    6.030000000    6.136079944    6.316395141   14.041834967
    6.040000000    6.207922935    6.452406503   14.315627276
    6.050000000    6.292185930    6.671234346   14.326698895
    6.060000000    6.394804143    6.960432451   14.100876155
    6.070000000    6.521408670    7.299235146   13.698558124
    6.080000000    6.672796336    7.657922469   13.177998111
    6.090000000    6.849828793    8.009915135   12.608339674
    6.100000000    7.049835627    8.339965582   12.078094773
    6.110000000    7.261892334    8.644310414   11.675530006
    6.120000000    7.473200476    8.932976203   11.462290396
    6.130000000    7.678943587    9.230304627   11.451853544
    6.140000000    7.887792709    9.564135913   11.607607088
    6.150000000    8.116997659    9.948165746   11.861994354
    6.160000000    8.370842156   10.367208487   12.140718496
    6.170000000    8.620440972   10.771899313   12.378975353
    6.180000000    8.805971273   11.082726760   12.524342151
    6.190000000    8.862568358   11.209942164   12.528846309
    6.200000000    8.757304723   11.095561913   12.347573242
    6.210000000    8.511809267   10.754209313   11.970592364
    6.220000000    8.194333908   10.275056353   11.464958681
    6.230000000    7.888057583    9.777962735   10.952898440
    6.240000000    7.659730143    9.365578505   10.529452272
    6.250000000    7.548590013    9.101925175   10.213199571
    6.260000000    7.572857727    9.009884608    9.969367184
    6.270000000    7.736059576    9.075584227    9.756148357
    6.280000000    8.023786280    9.259070527    9.551846269
    6.290000000    8.399241219    9.512945149    9.362165836
    6.300000000    8.801779039    9.791425972    9.199938262
    6.310000000    9.151514109   10.040176937    9.055167244
    6.320000000    9.377992700   10.199221842    8.903308011
    6.330000000    9.468982930   10.240372828    8.745540394
    6.340000000    9.486670033   10.196448027    8.628876368
    6.350000000    9.521938679   10.136615310    8.620742603
    6.360000000    9.632049817   10.111311786    8.762132552
    6.370000000    9.814182211   10.119636480    9.036478041
    6.380000000   10.022375015   10.122280845    9.370816916
    6.390000000   10.207892152   10.082776765    9.668488770
    6.400000000   10.350611612    9.993859004    9.855478623
    6.410000000   10.456610087    9.867152679    9.911286138
    6.420000000   10.542252203    9.713897106    9.865298349
    6.430000000   10.630319864    9.542307199    9.763074628
    6.440000000   10.748453919    9.365681679    9.630525532
    6.450000000   10.921239431    9.207433762    9.463764905
    6.460000000   11.157090246    9.091667648    9.246509143
    6.470000000   11.433354622    9.024752097    8.979109045
    6.480000000   11.692189379    8.986204038    8.690541085
    6.490000000   11.858858448    8.937964806    8.410279159
    6.500000000   11.872989073    8.845507073    8.141834248
    6.510000000   11.713348201    8.696632128    7.884121393
    6.520000000   11.412969540    8.511114372    7.664081430
    6.530000000   11.057972861    8.337147011    7.528374004
    6.540000000   10.751043645    8.229023877    7.505964707
    6.550000000   10.551410222    8.213608354    7.581988788
    6.560000000   10.444157247    8.273713578    7.704320380
    6.570000000   10.365558918    8.363242657    7.815296671
    6.580000000   10.251094685    8.431826474    7.877091233
    6.590000000   10.062900911    8.438509199    7.873189975
    6.600000000    9.792661223    8.362638256    7.802278614
    6.610000000    9.458276038    8.213778095    7.677423983
    6.620000000    9.099123468    8.027585013    7.530421057
    6.630000000    8.764867063    7.849029722    7.415699474
    6.640000000    8.497396524    7.713568353    7.399985219
    6.650000000    8.314471037    7.633470237    7.538988141
    6.660000000    8.202768027    7.595441904    7.859324019
    6.670000000    8.122903780    7.572862524    8.351196364
    6.680000000    8.031379012    7.545669473    8.967345442
    6.690000000    7.906514338    7.509940818    9.629744083
    6.700000000    7.750783188    7.467891542   10.250168360
    6.710000000    7.574222118    7.411668737   10.760520042
    6.720000000    7.386476638    7.321467207   11.130767621
    6.730000000    7.198403280    7.180571858   11.358192543
    6.740000000    7.018958425    6.990988289   11.435757887
    6.750000000    6.848718034    6.773535676   11.334157343
    6.760000000    6.681292526    6.557063771   11.033361605
    6.770000000    6.514345952    6.370934007   10.570532780
    6.780000000    6.359013485    6.242026357   10.039819451
    6.790000000    6.236743611    6.190047255    9.543272768
    6.800000000    6.162778468    6.217911790    9.138225634
    6.810000000    6.131685906    6.305077043    8.823211832
    6.820000000    6.124466155    6.416998104    8.571662173
    6.830000000    6.128544280    6.525388676    8.369015408
    6.840000000    6.142751152    6.618180715    8.204079663
    6.850000000    6.167581817    6.692982031    8.040831879
    6.860000000    6.202850860    6.748556448    7.831912273
    6.870000000    6.252650516    6.785298871    7.567838665
    6.880000000    6.320729016    6.805943909    7.293684062
    6.890000000    6.400044321    6.810783635    7.070762945
    6.900000000    6.476892425    6.801733299    6.935119171
    6.910000000    6.549801449    6.796092106    6.890979542
    6.920000000    6.638926421    6.826960005    6.928382262
    6.930000000    6.768621751    6.920504997    7.035172110
    6.940000000    6.938859802    7.070761063    7.194426921
    6.950000000    7.117360116    7.239166342    7.381726593
    6.960000000    7.261181790    7.382835520    7.564012235
    6.970000000    7.345737906    7.483135451    7.699886284
    6.980000000    7.376104417    7.546068588    7.754375605
    6.990000000    7.379155812    7.586092553    7.723863901
    7.000000000    7.388777606    7.620912954    7.646474009
    7.010000000    7.432756548    7.677083637    7.588825084
    7.020000000    7.527383955    7.785678934    7.619288556
    7.030000000    7.680276575    7.964472560    7.780129162
    7.040000000    7.889999356    8.204169678    8.070172688
    7.050000000    8.139154587    8.470623117    8.447246986
    7.060000000    8.392232510    8.717837471    8.848647640
    7.070000000    8.602607386    8.902279515    9.209550245
    7.080000000    8.730322362    8.997929355    9.471117022
    7.090000000    8.759691357    9.001444328    9.596914861
    7.100000000    8.696730494    8.919945822    9.587997106
    7.110000000    8.559761290    8.765830270    9.468477801
    7.120000000    8.384006253    8.569710975    9.257751804
    7.130000000    8.222416993    8.381263445    8.967505670
    7.140000000    8.124601264    8.246817288    8.628316510
    7.150000000    8.106517263    8.185942013    8.301613511
    7.160000000    8.132435127    8.180017313    8.048626503
    7.170000000    8.128694852    8.177979648    7.886893770
    7.180000000    8.034420568    8.124881770    7.776744346
    7.190000000    7.847930735    7.994746165    7.650348186
    7.200000000    7.618257845    7.800632823    7.464132371
    7.210000000    7.397700763    7.581894539    7.233717853
    7.220000000    7.205084062    7.377732158    7.020422413
    7.230000000    7.023564862    7.203424869    6.888173373
    7.240000000    6.829486887    7.051989416    6.873519047
    7.250000000    6.620901976    6.914329923    6.977329634
    7.260000000    6.413679539    6.790485168    7.166071581
    7.270000000    6.221140497    6.687969202    7.387309491
    7.280000000    6.051063181    6.619825810    7.604027766
    7.290000000    5.914102770    6.602240145    7.817085562
    7.300000000    5.820426420    6.644818991    8.042781391
    7.310000000    5.767096991    6.739236944    8.269809628
    7.320000000    5.734741244    6.858532421    8.448572011
    7.330000000    5.700110745    6.969943634    8.525440860
    7.340000000    5.648344206    7.044956077    8.481867578
    7.350000000    5.570328111    7.056300213    8.335926087
    7.360000000    5.459856548    6.985153749    8.120055169
    7.370000000    5.321602199    6.839718696    7.873187823
    7.380000000    5.172266065    6.648254263    7.638748114
    7.390000000    5.029709564    6.432482029    7.449198053
    7.400000000    4.906608920    6.202134884    7.312479178
    7.410000000    4.813660387    5.971605440    7.218102730
    7.420000000    4.762435773    5.768671713    7.154573943
    7.430000000    4.764149843    5.626686689    7.120555652
    7.440000000    4.829493998    5.572250585    7.120163445
    7.450000000    4.970303728    5.617542038    7.144158263
    7.460000000    5.199026106    5.760530433    7.157712728
    7.470000000    5.526111553    5.993069063    7.120179617
    7.480000000    5.956779033    6.310648792    7.024606925
    7.490000000    6.483187556    6.711456023    6.908716729
    7.500000000    7.071823516    7.181035729    6.825725248
    7.510000000    7.657883570    7.675914077    6.810375842
    7.520000000    8.160621212    8.126704608    6.866615365
    7.530000000    8.520432573    8.471539768    6.975705706
    7.540000000    8.736543868    8.699801690    7.108423655
    7.550000000    8.867093898    8.857260260    7.231931131
    7.560000000    8.981013938    8.999241050    7.319977235
    7.570000000    9.108034465    9.143365317    7.363596111
    7.580000000    9.233073331    9.266450336    7.359065400
    7.590000000    9.331809953    9.336923137    7.286254677
    7.600000000    9.406605131    9.343780693    7.119630660
    7.610000000    9.487385407    9.298710004    6.862803675
    7.620000000    9.603296622    9.221349060    6.558105279
    7.630000000    9.753409356    9.122993472    6.263335588
    7.640000000    9.899774528    9.000120379    6.028417300
    7.650000000    9.992496055    8.844611134    5.887354379
    7.660000000   10.012447530    8.663209709    5.855476591
    7.670000000    9.989785124    8.485782221    5.926731294
    7.680000000    9.974180840    8.351102071    6.077612311
    7.690000000    9.993365266    8.286362072    6.279033198
    7.700000000   10.047189215    8.300183019    6.503156675
    7.710000000   10.132673488    8.390120153    6.717235835
    7.720000000   10.257703824    8.550728681    6.881242409
    7.730000000   10.421480016    8.769952464    6.967083563
    7.740000000   10.594664809    9.023011141    6.983241195
    7.750000000   10.735445781    9.276903606    6.972923533
    7.760000000   10.818158007    9.497472609    6.983141312
    7.770000000   10.839004945    9.654979975    7.037192956
    7.780000000   10.804520698    9.734868015    7.133039669
    7.790000000   10.713379041    9.736574261    7.251100389
    7.800000000   10.544828063    9.654769300    7.358015139
    7.810000000   10.270255510    9.472741514    7.417604081
    7.820000000    9.879237060    9.180500259    7.406581449
    7.830000000    9.401299924    8.799278632    7.322237862
    7.840000000    8.910018248    8.389954721    7.183503753
    7.850000000    8.497953461    8.032194699    7.023628065
    7.860000000    8.235492649    7.784950387    6.871701290
    7.870000000    8.147965352    7.661870963    6.740683960
    7.880000000    8.217476814    7.636601404    6.633286529
    7.890000000    8.388121595    7.660626533    6.548416776
    7.900000000    8.567859751    7.674804504    6.477065038
    7.910000000    8.652273356    7.623320782    6.403460919
    7.920000000    8.585365742    7.485177520    6.320127992
    7.930000000    8.406206005    7.296878503    6.241211897
    7.940000000    8.219831406    7.130754814    6.197184996
    7.950000000    8.123433584    7.048390291    6.214551512
    7.960000000    8.158251050    7.071570362    6.296205358
    7.970000000    8.303812462    7.182353941    6.414186781
    7.980000000    8.498843118    7.341489185    6.524243246
    7.990000000    8.674702460    7.510421098    6.592080936
    8.000000000    8.782334530    7.661949387    6.603530169
    8.010000000    8.799328342    7.777082002    6.559945385
    8.020000000    8.723592553    7.840317454    6.477118982
    8.030000000    8.565472741    7.843627978    6.384684192
    8.040000000    8.337232602    7.789341794    6.316080907
    8.050000000    8.036284781    7.675731808    6.290043409
    8.060000000    7.650290567    7.491980467    6.300357138
    8.070000000    7.190547613    7.244208207    6.324153860
    8.080000000    6.701713733    6.969147643    6.337310884
    8.090000000    6.234893867    6.711142188    6.330005514
    8.100000000    5.826807571    6.500361125    6.315300604
    8.110000000    5.498146032    6.353418465    6.312622478
    8.120000000    5.254739591    6.278357757    6.319204397
    8.130000000    5.086289335    6.270644916    6.303000259
    8.140000000    4.969095939    6.306976411    6.222115424
    8.150000000    4.875243460    6.346606349    6.052791534
    8.160000000    4.782905756    6.344481199    5.804453837
    8.170000000    4.682694948    6.272517898    5.511170317
    8.180000000    4.578387487    6.134764449    5.211171246
    8.190000000    4.482475450    5.963925502    4.932324323
    8.200000000    4.408063739    5.798687926    4.689724324
    8.210000000    4.362138869    5.662257153    4.491946788
    8.220000000    4.344160658    5.562196885    4.347195022
    8.230000000    4.345299755    5.496926547    4.260672794
    8.240000000    4.348064928    5.452319275    4.228671385
    8.250000000    4.335370352    5.404547038    4.240330650
    8.260000000    4.304589067    5.338933947    4.283178545
    8.270000000    4.269703511    5.262828063    4.342914763
    8.280000000    4.249252384    5.196049872    4.399770237
    8.290000000    4.254976914    5.153996679    4.432925479
    8.300000000    4.292421127    5.143803403    4.434414951
    8.310000000    4.367159677    5.171381302    4.414313366
    8.320000000    4.485048496    5.245134140    4.387648670
    8.330000000    4.644642065    5.369201195    4.361163153
    8.340000000    4.827965806    5.530486242    4.334563271
    8.350000000    5.001070246    5.693250868    4.309060524
    8.360000000    5.128521324    5.810010456    4.290488118
    8.370000000    5.189165353    5.841864147    4.285551647
    8.380000000    5.181050546    5.776481505    4.296786871
    8.390000000    5.119415917    5.636319560    4.320759988
    8.400000000    5.032921337    5.470330669    4.351127407
    8.410000000    4.953906720    5.330637877    4.383354734
    8.420000000    4.905287797    5.251819882    4.415910859
    8.430000000    4.891977429    5.244334012    4.446457523
    8.440000000    4.902248543    5.299345347    4.470801256
    8.450000000    4.920340562    5.399709240    4.486091710
    8.460000000    4.940495124    5.530678201    4.488517572
    8.470000000    4.967514376    5.681352375    4.465005274
    8.480000000    5.007048964    5.840083605    4.395303753
    8.490000000    5.061836321    5.996600009    4.272198293
    8.500000000    5.129722728    6.140500512    4.114308139
    8.510000000    5.195195145    6.245833235    3.950919927
    8.520000000    5.231412717    6.272024139    3.801115020
    8.530000000    5.219315148    6.196019343    3.669628622
    8.540000000    5.159841920    6.032861881    3.553376674
    8.550000000    5.067865221    5.818904683    3.449279781
    8.560000000    4.962567167    5.587973920    3.360656262
    8.570000000    4.864600764    5.365611136    3.298168704
    8.580000000    4.793812772    5.173008523    3.272006724
    8.590000000    4.762361115    5.026188206    3.281810386
    8.600000000    4.770271342    4.930337010    3.314030006
    8.610000000    4.808727966    4.879170282    3.349661097
    8.620000000    4.867237238    4.862829992    3.378135765
    8.630000000    4.939389200    4.875524618    3.402328164
    8.640000000    5.023977338    4.915834642    3.426121484
    8.650000000    5.120754634    4.982369714    3.442103652
    8.660000000    5.224928947    5.069948043    3.437360962
    8.670000000    5.326700177    5.169035503    3.408906638
    8.680000000    5.416376070    5.267350833    3.368209602
    8.690000000    5.492032108    5.355064965    3.332655725
    8.700000000    5.564138508    5.432606956    3.317680586
    8.710000000    5.649006186    5.510507525    3.334269207
    8.720000000    5.753930249    5.598575275    3.388706041
    8.730000000    5.870164703    5.697591337    3.483007378
    8.740000000    5.981122774    5.801827333    3.613537609
    8.750000000    6.072841941    5.903025187    3.766836036
    8.760000000    6.138546257    5.991793114    3.916633330
    8.770000000    6.183339486    6.064007932    4.028046490
    8.780000000    6.226940425    6.128012365    4.072926251
    8.790000000    6.295847638    6.201227056    4.045420082
    8.800000000    6.409103847    6.299280212    3.958489794
    8.810000000    6.570595288    6.429851787    3.830279579
    8.820000000    6.768812725    6.591210214    3.682171311
    8.830000000    6.975968235    6.768110835    3.539420056
    8.840000000    7.153077681    6.933694605    3.421457401
    8.850000000    7.269468819    7.064870129    3.334718191
    8.860000000    7.318525043    7.154003614    3.277221659
    8.870000000    7.312486572    7.204841037    3.246706352
    8.880000000    7.271154009    7.225274404    3.245041993
    8.890000000    7.216867264    7.223932072    3.277584399
    8.900000000    7.165855878    7.204115914    3.347465851
    8.910000000    7.114097272    7.157713563    3.448846723
    8.920000000    7.036203704    7.070134793    3.566188923
    8.930000000    6.908459594    6.936557099    3.682334544
    8.940000000    6.735415675    6.772770682    3.788508172
    8.950000000    6.551317253    6.607064310    3.886789815
    8.960000000    6.397156734    6.461138461    3.985059886
    8.970000000    6.299631935    6.341843555    4.091208539
    8.980000000    6.267975827    6.251524601    4.209358999
    8.990000000    6.299812836    6.197731185    4.336987702
    9.000000000    6.384185222    6.185476307    4.464079518
    9.010000000    6.502569968    6.204092567    4.575907220
    9.020000000    6.633134558    6.229319858    4.658648090
    9.030000000    6.759709537    6.241193373    4.705583701
    9.040000000    6.877786418    6.237384524    4.720540675
    9.050000000    6.989725273    6.228919726    4.716451390
    9.060000000    7.100661074    6.231987741    4.710385240
    9.070000000    7.223030493    6.265428418    4.718324120
    9.080000000    7.373419937    6.343701506    4.752198892
    9.090000000    7.552729222    6.462643010    4.816278230
    9.100000000    7.725826565    6.589143981    4.900060673
    9.110000000    7.827843725    6.668930669    4.976981580
    9.120000000    7.807427111    6.657686180    5.017719614
    9.130000000    7.667890294    6.551681500    5.009583941
    9.140000000    7.459999625    6.386300328    4.964812506
    9.150000000    7.243067334    6.208630632    4.910182645
    9.160000000    7.057047088    6.053106558    4.869851528
    9.170000000    6.918863790    5.936076085    4.857942225
    9.180000000    6.832485870    5.864872390    4.882790592
    9.190000000    6.792111940    5.842173816    4.953860132
    9.200000000    6.776743119    5.859551941    5.081039628
    9.210000000    6.757502468    5.897339502    5.267102704
    9.220000000    6.717397279    5.937103688    5.502165607
    9.230000000    6.658392194    5.970812615    5.759698253
    9.240000000    6.589405934    5.997233080    5.991967315
    9.250000000    6.513721236    6.014891629    6.138518349
    9.260000000    6.430187640    6.022530012    6.158265526
    9.270000000    6.341012829    6.023426906    6.061129996
    9.280000000    6.252812093    6.024948896    5.903932882
    9.290000000    6.172567507    6.034501688    5.755138692
    9.300000000    6.103871766    6.054129108    5.662811091
    9.310000000    6.044157524    6.075835658    5.641856245
    9.320000000    5.986966521    6.084149198    5.675754999
    9.330000000    5.928091259    6.064106206    5.729723462
    9.340000000    5.867458779    6.006355542    5.771302357
    9.350000000    5.805140524    5.907068386    5.784015544
    9.360000000    5.736889857    5.766679849    5.763774549
    9.370000000    5.655326331    5.592495293    5.709954775
    9.380000000    5.555317300    5.400284795    5.624417342
    9.390000000    5.437421241    5.209037825    5.512908495
    9.400000000    5.308812506    5.035473269    5.385845744
    9.410000000    5.181767986    4.891654124    5.258328941
    9.420000000    5.070437913    4.782539185    5.142413515
    9.430000000    4.985508855    4.703804419    5.035805949
    9.440000000    4.928122223    4.644044539    4.921536428
    9.450000000    4.891848307    4.593132203    4.783397930
    9.460000000    4.871238353    4.548823279    4.624454889
    9.470000000    4.864224895    4.515008587    4.469389919
    9.480000000    4.866117646    4.495330845    4.349649635
    9.490000000    4.864504803    4.487857944    4.288232489
    9.500000000    4.843190817    4.485747490    4.294078303
    9.510000000    4.792820365    4.483546118    4.361808794
    9.520000000    4.717498946    4.481278912    4.471470003
    9.530000000    4.631985899    4.482725486    4.591223499
    9.540000000    4.551717997    4.490719765    4.685389523
    9.550000000    4.482353456    4.502570276    4.722067993
    9.560000000    4.419195684    4.510747673    4.679487464
    9.570000000    4.357238416    4.510371483    4.556200339
    9.580000000    4.298052416    4.503212626    4.376873434
    9.590000000    4.246833352    4.491774748    4.182702169
    9.600000000    4.208483399    4.474803634    4.011871263
    9.610000000    4.188909614    4.452866926    3.883868936
    9.620000000    4.194782965    4.433072171    3.795989940
    9.630000000    4.226580899    4.422944271    3.729867631
    9.640000000    4.271988855    4.421691677    3.662629394
    9.650000000    4.307649941    4.420419706    3.579172446
    9.660000000    4.308594810    4.408993371    3.479482343
    9.670000000    4.260534206    4.381073101    3.375086992
    9.680000000    4.168475127    4.334309211    3.278527811
    9.690000000    4.052852017    4.268017655    3.195807091
    9.700000000    3.936351528    4.184268134    3.127762788
    9.710000000    3.836215864    4.092166056    3.075696459
    9.720000000    3.765026593    4.007275944    3.043352129
    9.730000000    3.730679444    3.944779790    3.034488755
    9.740000000    3.732217616    3.911776190    3.047763145
    9.750000000    3.759415691    3.905374337    3.073683873
    9.760000000    3.800013470    3.919086319    3.099745370
    9.770000000    3.844036934    3.948834049    3.119280397
    9.780000000    3.879905870    3.990356324    3.133886527
    9.790000000    3.894214677    4.033601742    3.148109505
    9.800000000    3.878733426    4.062580884    3.164416200
    9.810000000    3.833670964    4.061962958    3.185776846
    9.820000000    3.765379268    4.027336645    3.220344095
    9.830000000    3.682723495    3.968978847    3.277043792
    9.840000000    3.594538681    3.903310347    3.356397236
    9.850000000    3.509847961    3.841973075    3.448681695
    9.860000000    3.435975747    3.787585139    3.538736294
    9.870000000    3.374585632    3.736875629    3.609958644
    9.880000000    3.322536900    3.686682293    3.649413894
    9.890000000    3.276881411    3.637368641    3.656821845
    9.900000000    3.238074752    3.593847900    3.648364730
    9.910000000    3.209054470    3.564440673    3.648263493
    9.920000000    3.191468289    3.556078968    3.673365128
    9.930000000    3.182352685    3.569602242    3.720853298
    9.940000000    3.175190456    3.599709967    3.769068813
    9.950000000    3.163434567    3.635810320    3.791358870
    9.960000000    3.141389425    3.660072387    3.768460156
    9.970000000    3.104930631    3.652144375    3.691684728
    9.980000000    3.056524738    3.605975926    3.566774998
    9.990000000    3.008024440    3.539554381    3.418287096
   10.000000000    2.974252931    3.481373117    3.280283313
   10.010000000    2.963849564    3.449837281    3.179050004
   10.020000000    2.976228458    3.447087230    3.125596973
   10.030000000    3.006176298    3.467092818    3.118812817
   10.040000000    3.051737342    3.506130305    3.150506593
   10.050000000    3.117514336    3.566607790    3.208058154
   10.060000000    3.208199169    3.650478056    3.275464748
   10.070000000    3.317642188    3.747431025    3.336670844
   10.080000000    3.425805464    3.832207737    3.382784866
   10.090000000    3.508976777    3.878186590    3.416742278
   10.100000000    3.552886327    3.874375950    3.448814187
   10.110000000    3.555405410    3.827067970    3.487384424
   10.120000000    3.522386462    3.750043307    3.534737335
   10.130000000    3.465172091    3.660000535    3.588273212
   10.140000000    3.397963770    3.575583713    3.640209954
   10.150000000    3.333223362    3.511235404    3.676995199
   10.160000000    3.277573776    3.469398565    3.685310888
   10.170000000    3.231504946    3.439657626    3.662720447
   10.180000000    3.193806836    3.408752030    3.623961370
   10.190000000    3.167089700    3.374534418    3.595602031
   10.200000000    3.159408498    3.349860648    3.602242773
   10.210000000    3.180790288    3.353058881    3.655838137
   10.220000000    3.238537170    3.396279767    3.754701891
   10.230000000    3.335168851    3.480761257    3.889931004
   10.240000000    3.468040792    3.597513038    4.053041668
   10.250000000    3.628355448    3.729524743    4.238691364
   10.260000000    3.800816504    3.855443747    4.441827877
   10.270000000    3.967479910    3.956503264    4.654911869
   10.280000000    4.115803035    4.025155888    4.870186605
   10.290000000    4.243149039    4.068172953    5.086350086
   10.300000000    4.351927431    4.099376061    5.312349863
   10.310000000    4.442489011    4.128852100    5.561387198
   10.320000000    4.512905546    4.158637324    5.836338874
   10.330000000    4.564076424    4.186071320    6.121414018
   10.340000000    4.602012923    4.209225403    6.394426765
   10.350000000    4.635367799    4.230738485    6.647639868
   10.360000000    4.671795701    4.257953129    6.891151293
   10.370000000    4.713511210    4.297067896    7.134840896
   10.380000000    4.754395199    4.346740347    7.370946773
   10.390000000    4.784492418    4.399944148    7.577606702
   10.400000000    4.800813296    4.452965651    7.737587783
   10.410000000    4.812359984    4.510344564    7.851328741
   10.420000000    4.831435884    4.579684043    7.936406689
   10.430000000    4.861757493    4.663439946    8.016945077
   10.440000000    4.896400249    4.755514103    8.107004970
   10.450000000    4.925724619    4.844671088    8.201251514
   10.460000000    4.945905118    4.922145570    8.281340220
   10.470000000    4.959721163    4.986985801    8.326644331
   10.480000000    4.972262316    5.045535467    8.320079916
   10.490000000    4.987076390    5.105876500    8.250680227
   10.500000000    5.003045260    5.169659468    8.114803419
   10.510000000    5.013946456    5.227991183    7.918727028
   10.520000000    5.014084256    5.268681068    7.683012717
   10.530000000    5.004992398    5.288664910    7.438846913
   10.540000000    4.995134159    5.296733213    7.215133427
   10.550000000    4.993074484    5.304667888    7.030791375
   10.560000000    5.001507397    5.317792867    6.896669429
   10.570000000    5.017427378    5.332219273    6.818097000
   10.580000000    5.037013914    5.339920178    6.794738817
   10.590000000    5.059094729    5.337694509    6.819170565
   10.600000000    5.082760147    5.329226031    6.874831718
   10.610000000    5.104525906    5.318608140    6.937220040
   10.620000000    5.121294682    5.306780237    6.980744670
   10.630000000    5.133533703    5.294152406    6.985441119
   10.640000000    5.143884231    5.283516408    6.939603776
   10.650000000    5.156134598    5.280685990    6.845489701
   10.660000000    5.175273761    5.291125003    6.725054921
   10.670000000    5.204344864    5.312731088    6.610450123
   10.680000000    5.240941130    5.332412250    6.523214501
   10.690000000    5.277778379    5.331391065    6.461896483
   10.700000000    5.306085965    5.295722793    6.409166707
   10.710000000    5.320465458    5.225383592    6.350486917
   10.720000000    5.322657203    5.134843191    6.284882434
   10.730000000    5.319688487    5.044411584    6.219489011
   10.740000000    5.319173679    4.970865601    6.159256525
   10.750000000    5.326948864    4.923398939    6.105081432
   10.760000000    5.345349909    4.902790322    6.060727330
   10.770000000    5.370048918    4.901269458    6.035618987
   10.780000000    5.389086307    4.905322051    6.034067897
   10.790000000    5.390361883    4.903796168    6.043713963
   10.800000000    5.373852485    4.895593320    6.040009779
   10.810000000    5.352636198    4.888317468    6.000747699
   10.820000000    5.339623616    4.889659852    5.915593065
   10.830000000    5.337261674    4.902503399    5.788744191
   10.840000000    5.340901797    4.928869980    5.637161198
   10.850000000    5.347067307    4.974397426    5.481475742
   10.860000000    5.357039307    5.045773695    5.335410092
   10.870000000    5.377138248    5.145621283    5.204704273
   10.880000000    5.415702558    5.271091373    5.091780285
   10.890000000    5.476084265    5.414897983    4.997597930
   10.900000000    5.551472997    5.563778700    4.921831324
   10.910000000    5.626249066    5.696372971    4.862091127
   10.920000000    5.683650993    5.787939321    4.813230078
   10.930000000    5.713230912    5.819689542    4.770700204
   10.940000000    5.712245886    5.786417328    4.735351574
   10.950000000    5.683346184    5.698347011    4.713211314
   10.960000000    5.633984901    5.574462627    4.710400797
   10.970000000    5.576636020    5.434036334    4.729921443
   10.980000000    5.524804397    5.294098326    4.773428285
   10.990000000    5.487711945    5.170033881    4.842780789
   11.000000000    5.468659304    5.073820709    4.936342612
   11.010000000    5.465798167    5.011707247    5.044301376
   11.020000000    5.471812580    4.983692820    5.149115735
   11.030000000    5.473805768    4.983881121    5.232168582
   11.040000000    5.458349434    5.002973561    5.285451011
   11.050000000    5.419683241    5.031911174    5.317473981
   11.060000000    5.362464003    5.062535458    5.341723878
   11.070000000    5.295141262    5.086359932    5.362531907
   11.080000000    5.221046834    5.095782319    5.378060187
   11.090000000    5.139489569    5.088940537    5.391908688
   11.100000000    5.054176460    5.073043651    5.416110971
   11.110000000    4.974750943    5.060410289    5.465610403
   11.120000000    4.910447924    5.061259170    5.552202819
   11.130000000    4.866740285    5.081438552    5.681246888
   11.140000000    4.847081764    5.123921490    5.850810377
   11.150000000    4.853922753    5.189082685    6.050742005
   11.160000000    4.887183299    5.274785184    6.261463222
   11.170000000    4.941596796    5.377198480    6.455139284
   11.180000000    5.004982144    5.489892927    6.602206175
   11.190000000    5.061452899    5.603366782    6.686085601
   11.200000000    5.101403326    5.709355996    6.716413956
   11.210000000    5.129805257    5.805655258    6.722891213
   11.220000000    5.161716631    5.893663012    6.736442088
   11.230000000    5.207855995    5.969164411    6.776063148
   11.240000000    5.266468232    6.017823131    6.843697002
   11.250000000    5.328976633    6.023650702    6.922344160
   11.260000000    5.388603657    5.981316824    6.982116694
   11.270000000    5.440183767    5.896990634    7.000227787
   11.280000000    5.475445535    5.779756789    6.976602285
   11.290000000    5.483762981    5.636548181    6.924003138
   11.300000000    5.457371194    5.473034146    6.848068769
   11.310000000    5.393914497    5.295407339    6.742037567
   11.320000000    5.294818722    5.111036597    6.595064894
   11.330000000    5.166187884    4.931145124    6.403262727
   11.340000000    5.022293695    4.773078317    6.176060813
   11.350000000    4.883408158    4.655800899    5.934611433
   11.360000000    4.769291914    4.592111580    5.704812771
   11.370000000    4.693041349    4.583711510    5.510616417
   11.380000000    4.654528592    4.618828453    5.370244961
   11.390000000    4.637568263    4.672841447    5.293050331
   11.400000000    4.618256066    4.716721837    5.278441986
   11.410000000    4.580708671    4.732194611    5.318612200
   11.420000000    4.525391808    4.720300033    5.400817200
   11.430000000    4.462777455    4.693705643    5.506726943
   11.440000000    4.402446243    4.661719079    5.613219385
   11.450000000    4.348868780    4.623699356    5.699718762
   11.460000000    4.302605674    4.573904030    5.757177905
   11.470000000    4.261843819    4.508500316    5.787487490
   11.480000000    4.223321072    4.427655283    5.793816006
   11.490000000    4.184005219    4.334740236    5.772605463
   11.500000000    4.143235930    4.236793004    5.713132774
   11.510000000    4.103072241    4.144034275    5.605483054
   11.520000000    4.065915421    4.065022354    5.450764359
   11.530000000    4.032116590    4.002233924    5.261764631
   11.540000000    4.000635766    3.953192087    5.055738884
   11.550000000    3.972526905    3.914640615    4.849712143
   11.560000000    3.953165744    3.885359078    4.658722031
   11.570000000    3.948329348    3.865531781    4.493080059
   11.580000000    3.957402636    3.853574389    4.355271004
   11.590000000    3.974641645    3.845543882    4.240486250
   11.600000000    3.999601411    3.840063011    4.141970913
   11.610000000    4.041627752    3.841236711    4.056674996
   11.620000000    4.110255702    3.853698735    3.985539525
   11.630000000    4.203653593    3.876261737    3.929773404
   11.640000000    4.307611410    3.901218990    3.889049823
   11.650000000    4.402422183    3.918340599    3.861417846
   11.660000000    4.469058553    3.918539901    3.841028357
   11.670000000    4.494170480    3.896525828    3.816340594
   11.680000000    4.474893561    3.854060745    3.775102669
   11.690000000    4.418650946    3.800437840    3.714115161
   11.700000000    4.338624003    3.748396033    3.642794284
   11.710000000    4.249829735    3.708942361    3.574806864
   11.720000000    4.165551287    3.687438090    3.516787410
   11.730000000    4.092546973    3.681031612    3.466257290
   11.740000000    4.028661606    3.679456352    3.417209595
   11.750000000    3.967154765    3.671295804    3.364201354
   11.760000000    3.904554020    3.651939172    3.303305436
   11.770000000    3.843648068    3.625324946    3.232747867
   11.780000000    3.789065154    3.598092797    3.153111935
   11.790000000    3.741741570    3.573483465    3.067108382
   11.800000000    3.698654059    3.550410978    2.979273590
   11.810000000    3.656268438    3.526358440    2.894871855
   11.820000000    3.613095362    3.500535613    2.817924320
   11.830000000    3.571078875    3.475675279    2.749271309
   11.840000000    3.535804362    3.457566366    2.685451934
   11.850000000    3.512713628    3.451011066    2.620889995
   11.860000000    3.500036595    3.454154462    2.553102236
   11.870000000    3.486330917    3.457490391    2.484361790
   11.880000000    3.458522848    3.450654537    2.418386115
   11.890000000    3.413680367    3.430412235    2.357885064
   11.900000000    3.360394822    3.400348439    2.305762155
   11.910000000    3.307146117    3.362911867    2.266219378
   11.920000000    3.253251266    3.315496978    2.242193920
   11.930000000    3.194006226    3.256937320    2.232165255
   11.940000000    3.130417379    3.193938231    2.230801524
   11.950000000    3.069414985    3.136522293    2.232630714
   11.960000000    3.016249730    3.088446858    2.234517425
   11.970000000    2.970404637    3.045209038    2.235031238
   11.980000000    2.929220454    3.001294485    2.232624294
   11.990000000    2.892607088    2.956694298    2.225720536
   12.000000000    2.862881543    2.915857646    2.214814525
   12.010000000    2.842196821    2.883188651    2.202664304
   12.020000000    2.831787971    2.861492519    2.191815136
   12.030000000    2.831145049    2.852325502    2.182322678
   12.040000000    2.835521398    2.854907755    2.171093495
   12.050000000    2.836719165    2.865191905    2.153750406
   12.060000000    2.829221456    2.877494085    2.128947061
   12.070000000    2.815264709    2.887659393    2.100458520
   12.080000000    2.802634613    2.894469990    2.072955865
   12.090000000    2.797466258    2.898671169    2.047026674
   12.100000000    2.799643383    2.902190076    2.020301594
   12.110000000    2.804756137    2.907682107    1.992247075
   12.120000000    2.809132159    2.917420277    1.966496119
   12.130000000    2.812217367    2.932409486    1.948857901
   12.140000000    2.814911157    2.951470143    1.943564918
   12.150000000    2.815360984    2.968930326    1.950804580
   12.160000000    2.806444808    2.973694861    1.966553562
   12.170000000    2.780259129    2.954600193    1.983990964
   12.180000000    2.737022439    2.909899949    1.995861128
   12.190000000    2.687860294    2.851387713    1.996848415
   12.200000000    2.646437866    2.796855177    1.985293773
   12.210000000    2.617508477    2.757230063    1.963782707
   12.220000000    2.593252580    2.730456394    1.937389370
   12.230000000    2.560200262    2.706017126    1.911182496
   12.240000000    2.510376652    2.674177608    1.889608009
   12.250000000    2.445531831    2.630684099    1.876643859
   12.260000000    2.371613619    2.574740481    1.874586272
   12.270000000    2.293375727    2.507198499    1.883028195
   12.280000000    2.214735521    2.431205847    1.900072102
   12.290000000    2.140616579    2.352277870    1.924405155
   12.300000000    2.076146471    2.277156164    1.955775730
   12.310000000    2.025081561    2.212772917    1.993557950
   12.320000000    1.989542897    2.165139712    2.034421487
   12.330000000    1.969422285    2.136972572    2.071046671
   12.340000000    1.962035838    2.125950401    2.094703680
   12.350000000    1.963782302    2.125552938    2.100008998
   12.360000000    1.971032527    2.127017057    2.086225283
   12.370000000    1.978492584    2.121457997    2.055110222
   12.380000000    1.978606299    2.102363326    2.009017145
   12.390000000    1.964587589    2.067552602    1.950034550
   12.400000000    1.934665669    2.019294001    1.880104198
   12.410000000    1.893746662    1.962848100    1.803253200
   12.420000000    1.851596365    1.905339303    1.728367017
   12.430000000    1.818444807    1.854756422    1.667330265
   12.440000000    1.800614268    1.817773201    1.629160705
   12.450000000    1.799256152    1.797540325    1.616272436
   12.460000000    1.811137396    1.792614544    1.624845836
   12.470000000    1.829668335    1.797559933    1.647485320
   12.480000000    1.847340474    1.805338624    1.675941098
   12.490000000    1.859230176    1.810199220    1.702537310
   12.500000000    1.864732224    1.809688331    1.721184464
   12.510000000    1.866419369    1.804842492    1.728728342
   12.520000000    1.867499248    1.798225733    1.725392734
   12.530000000    1.870112521    1.792079255    1.713038425
   12.540000000    1.874750259    1.788279443    1.692611346
   12.550000000    1.880063588    1.788401046    1.664229881
   12.560000000    1.884170564    1.793248005    1.629971729
   12.570000000    1.886543274    1.802468314    1.594608214
   12.580000000    1.887544906    1.813970228    1.562583016
   12.590000000    1.887290390    1.824488570    1.535432341
   12.600000000    1.885786830    1.831469471    1.512459266
   12.610000000    1.882618917    1.833638793    1.492594298
   12.620000000    1.877010845    1.830831379    1.475244195
   12.630000000    1.869309111    1.824401532    1.460278293
   12.640000000    1.860801046    1.816194883    1.447546888
   12.650000000    1.851047969    1.805976505    1.436265372
   12.660000000    1.836167113    1.789997522    1.424620280
   12.670000000    1.811535443    1.763514427    1.410361321
   12.680000000    1.777571126    1.726614880    1.392675392
   12.690000000    1.741706603    1.686886423    1.373939080
   12.700000000    1.713263960    1.654565783    1.358947123
   12.710000000    1.696860832    1.635153765    1.351678490
   12.720000000    1.690293370    1.626523264    1.353380766
   12.730000000    1.687237113    1.621724358    1.363175203
   12.740000000    1.681766033    1.614062928    1.378336148
   12.750000000    1.671232353    1.600027260    1.393949237
   12.760000000    1.656837263    1.579302260    1.404808118
   12.770000000    1.643061157    1.554733799    1.408948193
   12.780000000    1.635477483    1.531989702    1.407909483
   12.790000000    1.636945270    1.516364135    1.403048471
   12.800000000    1.645934884    1.509648255    1.394039811
   12.810000000    1.659112071    1.511122241    1.381802424
   12.820000000    1.674215428    1.520125859    1.370648595
   12.830000000    1.689764493    1.536490833    1.366030407
   12.840000000    1.704031170    1.559598181    1.370950123
   12.850000000    1.715418676    1.587791353    1.385666455
   12.860000000    1.723012145    1.618531707    1.409743285
   12.870000000    1.727499522    1.649676443    1.441963007
   12.880000000    1.731657595    1.680567011    1.477677155
   12.890000000    1.737752170    1.710544480    1.508502276
   12.900000000    1.744361284    1.736775135    1.527200019
   12.910000000    1.747127158    1.755254900    1.532916878
   12.920000000    1.742300667    1.763930906    1.530653959
   12.930000000    1.729028149    1.764201476    1.526203506
   12.940000000    1.709590775    1.760222184    1.522126930
   12.950000000    1.688568102    1.757435685    1.517333783
   12.960000000    1.670929620    1.760533585    1.508962551
   12.970000000    1.659982180    1.770995866    1.494543433
   12.980000000    1.656339655    1.786346516    1.473851129
   12.990000000    1.657632243    1.801931555    1.450294901
   13.000000000    1.658943501    1.812973730    1.430038774
   13.010000000    1.654872126    1.815821083    1.418988321
   13.020000000    1.642166402    1.808521411    1.420254954
   13.030000000    1.620439865    1.790461889    1.433576293
   13.040000000    1.591155058    1.762244792    1.456865500
   13.050000000    1.556734253    1.726121732    1.487740142
   13.060000000    1.520584532    1.686010248    1.522864081
   13.070000000    1.486978567    1.646791991    1.556382877
   13.080000000    1.459434190    1.612447964    1.579562017
   13.090000000    1.439144866    1.584186738    1.583763539
   13.100000000    1.425320452    1.560680974    1.566966022
   13.110000000    1.416358252    1.539623450    1.536964043
   13.120000000    1.410125217    1.518341875    1.506109985
   13.130000000    1.404286464    1.493991817    1.483387237
   13.140000000    1.398212880    1.464793509    1.471829894
   13.150000000    1.394559919    1.431450476    1.470854211
   13.160000000    1.397941231    1.397529959    1.477731594
   13.170000000    1.411747542    1.368303498    1.487167041
   13.180000000    1.435724685    1.347858718    1.493321619
   13.190000000    1.465286973    1.336300033    1.494397751
   13.200000000    1.492336967    1.329735336    1.493265027
   13.210000000    1.508000814    1.323093898    1.492182761
   13.220000000    1.507176144    1.313431519    1.488490653
   13.230000000    1.491424151    1.301286632    1.476570852
   13.240000000    1.466957094    1.289043308    1.453135709
   13.250000000    1.440319652    1.278363777    1.420226901
   13.260000000    1.416512435    1.269937639    1.384133077
   13.270000000    1.399169500    1.264725493    1.352069602
   13.280000000    1.389825635    1.263688740    1.329302586
   13.290000000    1.387429515    1.266738110    1.318418936
   13.300000000    1.389976469    1.273103065    1.320063057
   13.310000000    1.395540343    1.281673065    1.332563839
   13.320000000    1.401265347    1.290199540    1.350188385
   13.330000000    1.403694523    1.296076296    1.363760573
   13.340000000    1.400765239    1.298622339    1.365203214
   13.350000000    1.392363976    1.299488490    1.351644363
   13.360000000    1.379496576    1.300979207    1.325271404
   13.370000000    1.363655666    1.304475031    1.290493973
   13.380000000    1.346838952    1.310275140    1.252241365
   13.390000000    1.331967326    1.318799982    1.216018220
   13.400000000    1.322331204    1.331681658    1.186815501
   13.410000000    1.320046195    1.351471538    1.166723400
   13.420000000    1.325087466    1.380201785    1.154398854
   13.430000000    1.335809116    1.418291706    1.148073239
   13.440000000    1.350873244    1.465063745    1.149055427
   13.450000000    1.371379820    1.520251391    1.161426514
   13.460000000    1.400470354    1.583601764    1.188331000
   13.470000000    1.439429920    1.651091038    1.228122799
   13.480000000    1.483885208    1.711726621    1.273058948
   13.490000000    1.524548598    1.750765512    1.311883281
   13.500000000    1.552705767    1.758919005    1.334937367
   13.510000000    1.565213404    1.738831567    1.338295679
   13.520000000    1.564414839    1.701937150    1.324652805
   13.530000000    1.555358776    1.660703734    1.301403074
   13.540000000    1.543989817    1.624226171    1.277265637
   13.550000000    1.535595867    1.597417471    1.258405010
   13.560000000    1.532663666    1.581013035    1.245840759
   13.570000000    1.534157387    1.572180277    1.236462019
   13.580000000    1.537259627    1.566202978    1.227158460
   13.590000000    1.540085568    1.558943382    1.218488570
   13.600000000    1.543014051    1.548901445    1.214442738
   13.610000000    1.547249289    1.536980540    1.218646316
   13.620000000    1.553111536    1.525068956    1.231110606
   13.630000000    1.560848041    1.515994142    1.248589530
   13.640000000    1.571799677    1.513720139    1.266764290
   13.650000000    1.587341496    1.521784378    1.280957875
   13.660000000    1.607180776    1.541021105    1.286438410
   13.670000000    1.629348387    1.568710739    1.280727983
   13.680000000    1.651457343    1.599502722    1.265668099
   13.690000000    1.670917519    1.626280101    1.245933442
   13.700000000    1.683825210    1.640870681    1.225446834
   13.710000000    1.686052871    1.637540926    1.205745767
   13.720000000    1.677209412    1.617582997    1.187495970
   13.730000000    1.661741471    1.588232221    1.172390576
   13.740000000    1.645052515    1.556846268    1.163018892
   13.750000000    1.629949009    1.527893503    1.161691042
   13.760000000    1.616511244    1.503791717    1.169900237
   13.770000000    1.603486573    1.485627485    1.188257975
   13.780000000    1.589493292    1.472943991    1.216139704
   13.790000000    1.573673458    1.463982411    1.251501596
   13.800000000    1.555457010    1.456288704    1.291153621
   13.810000000    1.534076162    1.447271424    1.330551401
   13.820000000    1.509139578    1.434982498    1.363610847
   13.830000000    1.481540087    1.418793724    1.384550864
   13.840000000    1.452935174    1.399409373    1.391016696
   13.850000000    1.424226929    1.378438351    1.385396151
   13.860000000    1.395222390    1.358031683    1.373569565
   13.870000000    1.366252874    1.340688986    1.362188403
   13.880000000    1.338862042    1.328422553    1.355710128
   13.890000000    1.313889157    1.321020296    1.355018295
   13.900000000    1.289863895    1.314905504    1.358021640
   13.910000000    1.263829004    1.304173840    1.360840516
   13.920000000    1.233449510    1.283857706    1.359144562
   13.930000000    1.198857512    1.253357353    1.349578318
   13.940000000    1.162785771    1.216886302    1.330468178
   13.950000000    1.128857427    1.180706839    1.302243693
   13.960000000    1.100111340    1.150236517    1.267789966
   13.970000000    1.078708034    1.128820966    1.231202477
   13.980000000    1.065966279    1.117643058    1.195869082
   13.990000000    1.061994931    1.115760529    1.163977888
   14.000000000    1.065132482    1.120176737    1.136670441
   14.010000000    1.071853545    1.126465033    1.114050890
   14.020000000    1.077633271    1.130147705    1.095527970
   14.030000000    1.078923816    1.128477133    1.080538833
   14.040000000    1.075053443    1.121401902    1.069219872
   14.050000000    1.068044545    1.110775418    1.062000687
   14.060000000    1.060608252    1.098980241    1.058068258
   14.070000000    1.054738220    1.088563368    1.054688706
   14.080000000    1.051739120    1.082168923    1.048940431
   14.090000000    1.052263665    1.081447867    1.040566680
   14.100000000    1.055838429    1.085792154    1.032709154
   14.110000000    1.060494070    1.092270466    1.029370685
   14.120000000    1.063100073    1.096955201    1.032383263
   14.130000000    1.061157877    1.097246170    1.040932170
   14.140000000    1.055074091    1.093735075    1.053740148
   14.150000000    1.048169472    1.089558077    1.071245519
   14.160000000    1.043967033    1.087294432    1.094842414
   14.170000000    1.043658084    1.086529945    1.124282061
   14.180000000    1.045789687    1.084352814    1.156948035
   14.190000000    1.047981750    1.078138952    1.190049016
   14.200000000    1.049417303    1.068441324    1.223275004
   14.210000000    1.051449169    1.058913313    1.258127503
   14.220000000    1.055625796    1.052999013    1.293935447
   14.230000000    1.062449968    1.051515994    1.325961648
   14.240000000    1.072339575    1.053539700    1.348355222
   14.250000000    1.086180616    1.058383733    1.358057263
   14.260000000    1.103776238    1.065643408    1.355747221
   14.270000000    1.121859463    1.073308847    1.343640024
   14.280000000    1.134497795    1.077003536    1.322713861
   14.290000000    1.136048380    1.072026874    1.292885821
   14.300000000    1.123543353    1.056051612    1.255172273
   14.310000000    1.097302518    1.030185800    1.212437573
   14.320000000    1.060960905    0.998291791    1.168244810
   14.330000000    1.020485915    0.965348130    1.125961636
   14.340000000    0.982013785    0.935783447    1.089269291
   14.350000000    0.950123392    0.912528759    1.061912837
   14.360000000    0.927189662    0.896966110    1.045761816
   14.370000000    0.913326767    0.889157256    1.039433754
   14.380000000    0.907102350    0.888109328    1.038819715
   14.390000000    0.907050902    0.892636858    1.039099613
   14.400000000    0.912721088    0.902343439    1.036945113
   14.410000000    0.924349592    0.917464949    1.031494787
   14.420000000    0.941784622    0.937699451    1.023642265
   14.430000000    0.963685794    0.961375671    1.014772873
   14.440000000    0.987499730    0.985654552    1.006352659
   14.450000000    1.010240359    1.007654536    1.000130930
   14.460000000    1.029431011    1.025693065    0.997840477
   14.470000000    1.043004352    1.038934029    0.999976438
   14.480000000    1.048582298    1.045714432    1.004733706
   14.490000000    1.044112248    1.043508838    1.008866801
   14.500000000    1.029976323    1.031519069    1.010531708
   14.510000000    1.010244602    1.012744580    1.011800967
   14.520000000    0.991135293    0.992654311    1.018435414
   14.530000000    0.977746741    0.976112236    1.036897030
   14.540000000    0.972188697    0.965810671    1.071100627
   14.550000000    0.974152564    0.962325935    1.120568570
   14.560000000    0.981893403    0.964069364    1.179909689
   14.570000000    0.992379685    0.967421362    1.239663191
   14.580000000    1.001750209    0.968504949    1.288881907
   14.590000000    1.006670030    0.965700706    1.318721741
   14.600000000    1.005424234    0.960257640    1.325007051
   14.610000000    0.998128447    0.954666779    1.309235685
   14.620000000    0.986186318    0.950672523    1.277639003
   14.630000000    0.971137905    0.948236581    1.237597027
   14.640000000    0.954255079    0.946052509    1.194773934
   14.650000000    0.937337750    0.942922216    1.153638987
   14.660000000    0.922799944    0.938440760    1.118172268
   14.670000000    0.912521168    0.932828931    1.090760787
   14.680000000    0.906881584    0.926802436    1.071798800
   14.690000000    0.904946815    0.921718752    1.060864609
   14.700000000    0.905598187    0.919271525    1.057148960
   14.710000000    0.908313828    0.920710180    1.058398260
   14.720000000    0.912684120    0.926365645    1.060495784
   14.730000000    0.917994807    0.935843407    1.059431503
   14.740000000    0.923713034    0.948149537    1.054203395
   14.750000000    0.929289906    0.960942234    1.047449132
   14.760000000    0.933366207    0.970361563    1.042856918
   14.770000000    0.934576821    0.973090013    1.041621798
   14.780000000    0.933234181    0.968822861    1.041125832
   14.790000000    0.930992787    0.960125864    1.037033103
   14.800000000    0.928573561    0.949840070    1.027251687
   14.810000000    0.924538114    0.939067853    1.014553502
   14.820000000    0.916736791    0.927503532    1.005240975
   14.830000000    0.904788173    0.914774936    1.005221961
   14.840000000    0.890810977    0.901137365    1.016794803
   14.850000000    0.878035636    0.887572425    1.037510355
   14.860000000    0.869076275    0.875613912    1.061159695
   14.870000000    0.865022880    0.866952319    1.081048642
   14.880000000    0.865413061    0.863026845    1.094016980
   14.890000000    0.868705344    0.864486556    1.101290750
   14.900000000    0.872899389    0.870696343    1.105350369
   14.910000000    0.875931923    0.879721853    1.107132110
   14.920000000    0.875758707    0.888759978    1.106051898
   14.930000000    0.870733660    0.894923556    1.100642514
   14.940000000    0.860311684    0.896165063    1.088201718
   14.950000000    0.845424317    0.891978864    1.065912828
   14.960000000    0.828272141    0.883377418    1.034150217
   14.970000000    0.811413217    0.871937332    0.997438643
   14.980000000    0.796585420    0.858916713    0.961837219
   14.990000000    0.784325461    0.845298884    0.932384399
   15.000000000    0.774587299    0.832061842    0.911747009
   15.010000000    0.767345612    0.819962036    0.899447880
   15.020000000    0.762336807    0.809078599    0.892198152
   15.030000000    0.758773663    0.798901110    0.885861528
   15.040000000    0.756067814    0.789142337    0.878307667
   15.050000000    0.754604252    0.780232658    0.870723199
   15.060000000    0.755228772    0.772779149    0.865723908
   15.070000000    0.757960463    0.766664939    0.864565622
   15.080000000    0.761368475    0.760838458    0.866554898
   15.090000000    0.763315292    0.754087716    0.870333148
   15.100000000    0.762314921    0.746141843    0.874909454
   15.110000000    0.758309334    0.738094902    0.879853865
   15.120000000    0.752531384    0.731777380    0.884940666
   15.130000000    0.746695547    0.728629529    0.889364939
   15.140000000    0.742187295    0.728945650    0.891849166
   15.150000000    0.739747582    0.731844197    0.892042313
   15.160000000    0.739700023    0.736070684    0.891234905
   15.170000000    0.742492866    0.741202687    0.891614633
   15.180000000    0.748642829    0.747591222    0.894758412
   15.190000000    0.757776717    0.754633024    0.900122539
   15.200000000    0.767847168    0.759718298    0.904635690
   15.210000000    0.775523672    0.759763462    0.904188678
   15.220000000    0.777851106    0.754000973    0.896668785
   15.230000000    0.774183018    0.744896191    0.884287463
   15.240000000    0.766646756    0.736300238    0.872562351
   15.250000000    0.758466910    0.730923601    0.866824447
   15.260000000    0.751990356    0.729383039    0.869886329
   15.270000000    0.748420839    0.731023007    0.881814558
   15.280000000    0.748556457    0.734879313    0.899982469
   15.290000000    0.752720063    0.739787057    0.919429868
   15.300000000    0.759994903    0.744418445    0.935135896
   15.310000000    0.768169456    0.747847178    0.945317591
   15.320000000    0.774988073    0.749915585    0.952220231
   15.330000000    0.779777863    0.751102862    0.959648414
   15.340000000    0.783529270    0.752161805    0.970092300
   15.350000000    0.787425143    0.753640040    0.983343565
   15.360000000    0.792109862    0.755902659    0.997190457
   15.370000000    0.798470540    0.759849758    1.010222198
   15.380000000    0.808215791    0.767157821    1.023948000
   15.390000000    0.822864083    0.779027393    1.040856669
   15.400000000    0.842051995    0.794587764    1.061099184
   15.410000000    0.862949916    0.810965520    1.082251220
   15.420000000    0.881360302    0.824995504    1.101084427
   15.430000000    0.893653097    0.834824150    1.114367572
   15.440000000    0.898299492    0.840464952    1.118254908
   15.450000000    0.896164134    0.843449826    1.108342304
   15.460000000    0.889093265    0.845401671    1.082179086
   15.470000000    0.877972343    0.846211144    1.042140780
   15.480000000    0.862449753    0.843606264    0.995165758
   15.490000000    0.842372029    0.834853764    0.949763195
   15.500000000    0.818883479    0.819157103    0.912599673
   15.510000000    0.794012585    0.798179585    0.886094898
   15.520000000    0.769452645    0.774227819    0.868018630
   15.530000000    0.745880208    0.748795694    0.853367865
   15.540000000    0.723291092    0.723037682    0.837657553
   15.550000000    0.701330749    0.698217328    0.819120126
   15.560000000    0.679170242    0.675095643    0.798207818
   15.570000000    0.656269298    0.654104356    0.776436957
   15.580000000    0.633831796    0.636426502    0.756685097
   15.590000000    0.614677318    0.623902396    0.743004220
   15.600000000    0.601453238    0.617792635    0.738224406
   15.610000000    0.595353114    0.618102156    0.741554662
   15.620000000    0.595989890    0.623656146    0.748553950
   15.630000000    0.601730662    0.632515924    0.753360882
   15.640000000    0.610237608    0.642732089    0.751029162
   15.650000000    0.619208966    0.652801782    0.738581616
   15.660000000    0.627301937    0.661787474    0.716068612
   15.670000000    0.634781958    0.669705885    0.687206832
   15.680000000    0.643157419    0.677623116    0.657739513
   15.690000000    0.654129717    0.686953728    0.632946549
   15.700000000    0.668896886    0.698723582    0.616476298
   15.710000000    0.687916032    0.713157330    0.610191383
   15.720000000    0.710775105    0.729386077    0.613895520
   15.730000000    0.736154627    0.745541439    0.625213626
   15.740000000    0.761743156    0.759224341    0.640565207
   15.750000000    0.784468568    0.768306377    0.656705737
   15.760000000    0.801018209    0.771519581    0.671009262
   15.770000000    0.808117983    0.768026417    0.680660285
   15.780000000    0.803409527    0.757237518    0.683268737
   15.790000000    0.787123416    0.739893182    0.678746259
   15.800000000    0.762479522    0.718513699    0.669257524
   15.810000000    0.733977282    0.696012978    0.657129880
   15.820000000    0.705250772    0.674226414    0.643520099
   15.830000000    0.678215834    0.653899442    0.628438422
   15.840000000    0.653615872    0.635517889    0.611208639
   15.850000000    0.631930218    0.619850389    0.591559616
   15.860000000    0.613739561    0.607799658    0.570745462
   15.870000000    0.599606694    0.599999635    0.551026198
   15.880000000    0.589603670    0.596329946    0.534112328
   15.890000000    0.582770062    0.595464527    0.520655202
   15.900000000    0.577424511    0.595274370    0.510946153
   15.910000000    0.572059425    0.593979082    0.505220903
   15.920000000    0.565618988    0.590646998    0.503132260
   15.930000000    0.557367795    0.584832221    0.503568582
   15.940000000    0.547419704    0.576787813    0.505513988
   15.950000000    0.537269651    0.568091734    0.509035152
   15.960000000    0.529026968    0.561057166    0.515017121
   15.970000000    0.524045121    0.557317615    0.523979159
   15.980000000    0.522512064    0.557438273    0.535538476
   15.990000000    0.524067777    0.561674933    0.548987764
   16.000000000    0.528332041    0.570397424    0.564000726
   16.010000000    0.534623318    0.583388575    0.580540573
   16.020000000    0.541641586    0.599177238    0.598561640
   16.030000000    0.548260096    0.615858193    0.618176143
   16.040000000    0.554560212    0.632365229    0.639146823
   16.050000000    0.561402924    0.648092744    0.659332895
   16.060000000    0.569055182    0.661657124    0.674398165
   16.070000000    0.577001372    0.671465486    0.680529550
   16.080000000    0.585296683    0.677827840    0.677921335
   16.090000000    0.595175836    0.683219289    0.670844269
   16.100000000    0.607545016    0.689543258    0.664138218
   16.110000000    0.621089194    0.695409688    0.659783465
   16.120000000    0.632342877    0.696614223    0.656318345
   16.130000000    0.637938092    0.689763136    0.651280327
   16.140000000    0.636795059    0.675306976    0.644195457
   16.150000000    0.630081261    0.656631793    0.636989732
   16.160000000    0.619894405    0.637226568    0.632006835
   16.170000000    0.608780346    0.619488408    0.630421888
   16.180000000    0.599731047    0.605006813    0.631809246
   16.190000000    0.595453875    0.594830968    0.633893590
   16.200000000    0.597365575    0.589403216    0.632884762
   16.210000000    0.605286429    0.588488053    0.625662527
   16.220000000    0.617971857    0.591458880    0.612412368
   16.230000000    0.633892140    0.597812388    0.596361655
   16.240000000    0.651436016    0.607262573    0.581005186
   16.250000000    0.668561034    0.619188880    0.568194237
   16.260000000    0.682947835    0.632255046    0.558135828
   16.270000000    0.692903705    0.644769777    0.550126342
   16.280000000    0.698010656    0.655252517    0.543305783
   16.290000000    0.698727616    0.662615911    0.537153026
   16.300000000    0.695340794    0.665997105    0.531558136
   16.310000000    0.687453107    0.664510836    0.526807089
   16.320000000    0.674746297    0.657487955    0.523775091
   16.330000000    0.658217003    0.645430630    0.523921516
   16.340000000    0.640500354    0.630622147    0.528284125
   16.350000000    0.625014357    0.616477091    0.536051327
   16.360000000    0.614738997    0.606271070    0.544281959
   16.370000000    0.611507939    0.602238855    0.549317002
   16.380000000    0.616082276    0.605276275    0.549116165
   16.390000000    0.628698890    0.615122436    0.544472341
   16.400000000    0.649256214    0.630579203    0.537599070
   16.410000000    0.676713073    0.649648965    0.530045450
   16.420000000    0.708563045    0.670185606    0.522590619
   16.430000000    0.741298312    0.690831972    0.516323471
   16.440000000    0.771716122    0.711268427    0.512942898
   16.450000000    0.798046278    0.731674324    0.514032435
   16.460000000    0.819800488    0.751785870    0.519865357
   16.470000000    0.836969341    0.770336482    0.528574387
   16.480000000    0.849889318    0.785731595    0.536510391
   16.490000000    0.859222420    0.797149752    0.539791491
   16.500000000    0.865346097    0.804705099    0.536282125
   16.510000000    0.867959844    0.808793311    0.526694208
   16.520000000    0.866274676    0.809314892    0.513877867
   16.530000000    0.859518087    0.805496161    0.501220023
   16.540000000    0.847903721    0.796750114    0.491457955
   16.550000000    0.833344116    0.783808180    0.485879250
   16.560000000    0.818558667    0.768665389    0.483746295
   16.570000000    0.805240509    0.753200805    0.482624379
   16.580000000    0.793361584    0.738250566    0.480149774
   16.590000000    0.782445656    0.724446017    0.476096802
   16.600000000    0.773068754    0.713302614    0.472419115
   16.610000000    0.766527083    0.706576295    0.471232023
   16.620000000    0.763464426    0.704813116    0.473225732
   16.630000000    0.762987591    0.706700432    0.477432917
   16.640000000    0.762661532    0.709637289    0.481520053
   16.650000000    0.759565644    0.711202950    0.482668726
   16.660000000    0.751898385    0.710350264    0.479217143
   16.670000000    0.739816515    0.707384586    0.471845792
   16.680000000    0.724963796    0.703033868    0.462949164
   16.690000000    0.709540968    0.697794554    0.454976771
   16.700000000    0.695717682    0.692300470    0.449787040
   16.710000000    0.685293492    0.687972560    0.448979599
   16.720000000    0.679568359    0.686861132    0.453784152
   16.730000000    0.679299177    0.690548173    0.464317745
   16.740000000    0.684432430    0.699018266    0.479021926
   16.750000000    0.693963546    0.710661657    0.494985799
   16.760000000    0.706206317    0.723445836    0.509200745
   16.770000000    0.718979419    0.735821057    0.519893687
   16.780000000    0.729883865    0.746720792    0.526963264
   16.790000000    0.737176875    0.755657220    0.531384883
   16.800000000    0.740322976    0.762935169    0.534201058
   16.810000000    0.739311110    0.768850278    0.535728081
   16.820000000    0.733943178    0.772612022    0.535536253
   16.830000000    0.724303661    0.772641895    0.533302279
   16.840000000    0.711467864    0.767547083    0.529435823
   16.850000000    0.697200392    0.756496390    0.524688698
   16.860000000    0.683074653    0.739667957    0.519737000
   16.870000000    0.670185475    0.719124860    0.515551144
   16.880000000    0.659270180    0.698614311    0.513502709
   16.890000000    0.650361816    0.681615164    0.514463923
   16.900000000    0.642422539    0.669304708    0.517904912
   16.910000000    0.634230915    0.660583129    0.522162236
   16.920000000    0.625960800    0.654074126    0.525715657
   16.930000000    0.619361106    0.649825512    0.528272071
   16.940000000    0.616277373    0.648993779    0.530638978
   16.950000000    0.617075041    0.652047219    0.533594574
   16.960000000    0.620083035    0.657336843    0.536778238
   16.970000000    0.622344303    0.661352941    0.538459363
   16.980000000    0.621193440    0.660423381    0.536467928
   16.990000000    0.615587674    0.652679750    0.529583716
   17.000000000    0.606424275    0.639011416    0.518438802
   17.010000000    0.595961987    0.622439149    0.505638424
   17.020000000    0.586841381    0.606552215    0.494864432
   17.030000000    0.580793897    0.593774108    0.489268601
   17.040000000    0.577709364    0.584512058    0.490224196
   17.050000000    0.576091387    0.577904275    0.497097513
   17.060000000    0.574587567    0.573255174    0.507929407
   17.070000000    0.573020804    0.570687384    0.520566177
   17.080000000    0.571693276    0.570418903    0.533368334
   17.090000000    0.570022737    0.571682186    0.544726198
   17.100000000    0.566677989    0.572778297    0.552325796
   17.110000000    0.561142506    0.572300315    0.553954284
   17.120000000    0.554557336    0.570226037    0.549264080
   17.130000000    0.548790571    0.567762353    0.540122148
   17.140000000    0.545010320    0.566232098    0.529013229
   17.150000000    0.543342216    0.566286014    0.517646816
   17.160000000    0.543595038    0.568089154    0.507310353
   17.170000000    0.546032976    0.571920048    0.499670112
   17.180000000    0.551382467    0.578188499    0.496505247
   17.190000000    0.559871119    0.586637257    0.498742492
   17.200000000    0.570312314    0.595933171    0.505788951
   17.210000000    0.580466894    0.604426650    0.515712172
   17.220000000    0.588320531    0.611090842    0.526162348
   17.230000000    0.592714382    0.615375228    0.535002456
   17.240000000    0.592864012    0.616373584    0.540117195
   17.250000000    0.588329654    0.613184614    0.539583998
   17.260000000    0.579847319    0.606300720    0.532780746
   17.270000000    0.569325825    0.597676583    0.521181834
   17.280000000    0.558671219    0.589232473    0.507858967
   17.290000000    0.548850571    0.581713849    0.495995840
   17.300000000    0.540049790    0.574879062    0.487462020
   17.310000000    0.532437347    0.568372879    0.482567039
   17.320000000    0.526578972    0.562362314    0.481095770
   17.330000000    0.523060876    0.557367536    0.483149927
   17.340000000    0.521738309    0.553368667    0.488677310
   17.350000000    0.521609317    0.549396261    0.496772107
   17.360000000    0.521376785    0.544300728    0.505831189
   17.370000000    0.519903911    0.537567633    0.513989851
   17.380000000    0.516511766    0.529240659    0.519431069
   17.390000000    0.511356773    0.519681657    0.521125601
   17.400000000    0.505520565    0.509739000    0.519812889
   17.410000000    0.500436011    0.500726149    0.517680395
   17.420000000    0.496960698    0.493796894    0.516517220
   17.430000000    0.494770295    0.489181565    0.516205115
   17.440000000    0.492553746    0.486020908    0.514933402
   17.450000000    0.488898307    0.482895999    0.510846004
   17.460000000    0.483182545    0.478527216    0.503648369
   17.470000000    0.476060672    0.472465276    0.494876523
   17.480000000    0.469365942    0.465616434    0.487070733
   17.490000000    0.465332732    0.459988197    0.482810168
   17.500000000    0.465569780    0.457616682    0.483946724
   17.510000000    0.470433055    0.459510049    0.491126497
   17.520000000    0.479027104    0.465278826    0.503517973
   17.530000000    0.489644381    0.473476647    0.518662102
   17.540000000    0.500535323    0.482497887    0.533016807
   17.550000000    0.510927512    0.491707718    0.543665199
   17.560000000    0.521422003    0.501740536    0.550136456
   17.570000000    0.533079749    0.513435949    0.554620706
   17.580000000    0.546174898    0.526638781    0.560251884
   17.590000000    0.559895426    0.540172055    0.568918467
   17.600000000    0.573072760    0.552812869    0.580262658
   17.610000000    0.585178121    0.564214267    0.592155919
   17.620000000    0.596495206    0.574907580    0.602032066
   17.630000000    0.607161733    0.585403156    0.608392004
   17.640000000    0.616371702    0.595260331    0.611508228
   17.650000000    0.622790585    0.602904628    0.612861806
   17.660000000    0.625558870    0.606451460    0.614269708
   17.670000000    0.624831767    0.605162313    0.617301011
   17.680000000    0.621759457    0.600357667    0.623027412
   17.690000000    0.618207099    0.594818259    0.631965941
   17.700000000    0.616161607    0.591248304    0.643477960
   17.710000000    0.616985934    0.591087004    0.655143152
   17.720000000    0.621190249    0.594377909    0.663708457
   17.730000000    0.628869665    0.600461224    0.667372449
   17.740000000    0.639889684    0.608585117    0.666921965
   17.750000000    0.653199071    0.617849397    0.664221917
   17.760000000    0.666044842    0.626721129    0.660064379
   17.770000000    0.674688588    0.633219331    0.654130162
   17.780000000    0.676858674    0.636234114    0.646332167
   17.790000000    0.673391099    0.636327293    0.637178042
   17.800000000    0.666953518    0.634776083    0.627371914
   17.810000000    0.659503652    0.632090726    0.617587933
   17.820000000    0.651248960    0.627640931    0.608102411
   17.830000000    0.641442302    0.620531139    0.598830979
   17.840000000    0.629724480    0.610642850    0.589965214
   17.850000000    0.616990880    0.598986120    0.582004571
   17.860000000    0.605257080    0.587383301    0.575263673
   17.870000000    0.596590931    0.577758070    0.569947807
   17.880000000    0.591809492    0.571299343    0.566561546
   17.890000000    0.590029054    0.568088490    0.565817030
   17.900000000    0.589494198    0.567472893    0.568206414
   17.910000000    0.588970331    0.568839320    0.573691359
   17.920000000    0.588515173    0.572229111    0.581629174
   17.930000000    0.589020072    0.578182151    0.590958377
   17.940000000    0.591256224    0.586872628    0.600306080
   17.950000000    0.595271590    0.597329435    0.607931043
   17.960000000    0.600281393    0.607507762    0.612212940
   17.970000000    0.604973845    0.615227023    0.612509439
   17.980000000    0.608092994    0.619152083    0.609292815
   17.990000000    0.609087033    0.619232282    0.604000835
   18.000000000    0.608277918    0.616394088    0.598917503
   18.010000000    0.606485889    0.611825344    0.596182495
   18.020000000    0.604705568    0.606631210    0.596273101
   18.030000000    0.603835592    0.601811257    0.597544254
   18.040000000    0.604461593    0.598321254    0.597584798
   18.050000000    0.607088634    0.597245121    0.595258209
   18.060000000    0.612192903    0.599434487    0.591441184
   18.070000000    0.619381588    0.604500981    0.588079155
   18.080000000    0.626657797    0.610300022    0.586868521
   18.090000000    0.631181546    0.613909793    0.588516773
   18.100000000    0.631215357    0.613678056    0.592559941
   18.110000000    0.627424933    0.610451247    0.597720636
   18.120000000    0.622173153    0.606694128    0.602909817
   18.130000000    0.617577138    0.604514239    0.607856656
   18.140000000    0.614265759    0.604437249    0.612485457
   18.150000000    0.611566448    0.605645011    0.616223243
   18.160000000    0.608548235    0.607124989    0.618291542
   18.170000000    0.604876708    0.608508427    0.618311723
   18.180000000    0.600649785    0.609797576    0.616463683
   18.190000000    0.595895079    0.610752164    0.613213279
   18.200000000    0.590941023    0.611144259    0.608935094
   18.210000000    0.587206743    0.611597344    0.603963387
   18.220000000    0.586918544    0.613562099    0.599075670
   18.230000000    0.591781839    0.618205980    0.595743654
   18.240000000    0.602119375    0.625684348    0.595848630
   18.250000000    0.616986056    0.635313826    0.601044340
   18.260000000    0.634581226    0.645919755    0.612007605
   18.270000000    0.652677196    0.656166078    0.627723694
   18.280000000    0.668923610    0.664861569    0.645012607
   18.290000000    0.681070151    0.671179019    0.659009699
   18.300000000    0.687754828    0.674959883    0.665628270
   18.310000000    0.689395524    0.676854165    0.664566788
   18.320000000    0.687956478    0.678040613    0.659236857
   18.330000000    0.685815550    0.679787490    0.653707162
   18.340000000    0.684679141    0.682977745    0.650256465
   18.350000000    0.684892409    0.687650364    0.648853343
   18.360000000    0.685465833    0.692986509    0.647656223
   18.370000000    0.684892829    0.697755191    0.644155874
   18.380000000    0.682189638    0.700722454    0.636926557
   18.390000000    0.677606263    0.701193070    0.626959098
   18.400000000    0.672593679    0.699528719    0.617037661
   18.410000000    0.668954828    0.696736677    0.609659137
   18.420000000    0.667687705    0.693414251    0.605753667
   18.430000000    0.668291134    0.689316746    0.604957189
   18.440000000    0.669082432    0.683902485    0.606468053
   18.450000000    0.668256019    0.677031980    0.609614692
   18.460000000    0.664729782    0.668987394    0.613838691
   18.470000000    0.658299784    0.660019651    0.618487539
   18.480000000    0.649515534    0.650324350    0.622977463
   18.490000000    0.639540102    0.640545745    0.627016056
   18.500000000    0.629718130    0.631815406    0.630271463
   18.510000000    0.620927493    0.625055478    0.632036187
   18.520000000    0.613246754    0.620451427    0.631786636
   18.530000000    0.606198652    0.617492239    0.629931388
   18.540000000    0.599362637    0.615346433    0.627546047
   18.550000000    0.592883677    0.613391029    0.625599761
   18.560000000    0.587394666    0.611514649    0.624737631
   18.570000000    0.583341687    0.609752763    0.625155229
   18.580000000    0.580412541    0.607726957    0.625889071
   18.590000000    0.577797553    0.604887011    0.624656950
   18.600000000    0.575100190    0.601220777    0.619505992
   18.610000000    0.572928839    0.597294201    0.610769302
   18.620000000    0.572455143    0.593679790    0.600702157
   18.630000000    0.574602791    0.590893090    0.591380189
   18.640000000    0.579630909    0.589695888    0.583418142
   18.650000000    0.586819928    0.590611196    0.576370170
   18.660000000    0.594396559    0.593152666    0.569952551
   18.670000000    0.600062117    0.595965594    0.564519781
   18.680000000    0.601815694    0.597680656    0.560409963
   18.690000000    0.598856751    0.597649694    0.557671200
   18.700000000    0.592151035    0.595997399    0.556671819
   18.710000000    0.583807097    0.592964897    0.558178331
   18.720000000    0.575624258    0.588449332    0.562515839
   18.730000000    0.568324685    0.582480467    0.569227312
   18.740000000    0.561979849    0.575829998    0.577546302
   18.750000000    0.556511290    0.569469475    0.586438349
   18.760000000    0.551523458    0.563469503    0.594180523
   18.770000000    0.546227930    0.556955907    0.598711375
   18.780000000    0.540094340    0.549261347    0.598914410
   18.790000000    0.533580248    0.540919360    0.595598632
   18.800000000    0.528046701    0.533532913    0.591155652
   18.810000000    0.524996431    0.528977172    0.588361345
   18.820000000    0.525294492    0.528579805    0.589283639
   18.830000000    0.528672324    0.532463173    0.594513934
   18.840000000    0.533861907    0.539506053    0.603033423
   18.850000000    0.539441859    0.548074350    0.612951711
   18.860000000    0.544575793    0.556766279    0.622327462
   18.870000000    0.548930441    0.564554997    0.629619187
   18.880000000    0.552264890    0.570640506    0.634086899
   18.890000000    0.554473425    0.574590757    0.635782458
   18.900000000    0.555827943    0.576646693    0.635064293
   18.910000000    0.556996101    0.577756184    0.632521013
   18.920000000    0.558966855    0.579209756    0.629152554
   18.930000000    0.562624492    0.581782411    0.625960751
   18.940000000    0.567956033    0.584944357    0.623301815
   18.950000000    0.573960650    0.587339333    0.620806712
   18.960000000    0.579493987    0.588093105    0.617869402
   18.970000000    0.583861410    0.587209813    0.614137110
   18.980000000    0.586864685    0.585176541    0.609798840
   18.990000000    0.588751830    0.582766543    0.605728133
   19.000000000    0.590060247    0.580850104    0.603175807
   19.010000000    0.591572781    0.580215769    0.603151175
   19.020000000    0.594211761    0.581513511    0.605788604
   19.030000000    0.598497968    0.585023852    0.610100899
   19.040000000    0.604371502    0.590615102    0.614803434
   19.050000000    0.611593911    0.597970015    0.619515404
   19.060000000    0.619616640    0.606317784    0.624757692
   19.070000000    0.627012360    0.613915438    0.630839829
   19.080000000    0.631775341    0.618486459    0.637097400
   19.090000000    0.632505567    0.618693028    0.642186477
   19.100000000    0.629254935    0.615144386    0.644947850
   19.110000000    0.623352408    0.609855353    0.645064311
   19.120000000    0.616469306    0.604777582    0.643025076
   19.130000000    0.609861198    0.600816128    0.639734734
   19.140000000    0.604283052    0.597914508    0.636087577
   19.150000000    0.600057160    0.595627409    0.632431283
   19.160000000    0.597020333    0.593487262    0.628365006
   19.170000000    0.594557182    0.590908266    0.623025233
   19.180000000    0.591853784    0.587109850    0.615556747
   19.190000000    0.588401994    0.581652880    0.605789289
   19.200000000    0.584388107    0.574958838    0.594700437
   19.210000000    0.580502808    0.568033233    0.583788910
   19.220000000    0.577475112    0.561904921    0.573888835
   19.230000000    0.575791385    0.557258155    0.564808237
   19.240000000    0.575563839    0.554120136    0.555813168
   19.250000000    0.576610030    0.551865142    0.546372006
   19.260000000    0.578682709    0.549738966    0.536685709
   19.270000000    0.581403502    0.547360365    0.527631511
   19.280000000    0.583849376    0.544563831    0.520305616
   19.290000000    0.584521942    0.540989561    0.515504249
   19.300000000    0.582258431    0.536356858    0.513452556
   19.310000000    0.577067359    0.530963621    0.513885989
   19.320000000    0.569769314    0.525432271    0.516238245
   19.330000000    0.561384134    0.520300475    0.519817188
   19.340000000    0.553014030    0.516030393    0.523781275
   19.350000000    0.545556045    0.512877243    0.526940576
   19.360000000    0.539465749    0.510758463    0.528236121
   19.370000000    0.535028433    0.509620639    0.527804476
   19.380000000    0.532530279    0.509803693    0.527007898
   19.390000000    0.532071727    0.511836455    0.527347323
   19.400000000    0.533505918    0.516007636    0.529734071
   19.410000000    0.536585265    0.522214764    0.534391699
   19.420000000    0.540960484    0.530019693    0.541017759
   19.430000000    0.546063676    0.538705606    0.549197398
   19.440000000    0.551185270    0.547408299    0.558760072
   19.450000000    0.555699175    0.555432125    0.569771955
   19.460000000    0.559206802    0.562553149    0.582293319
   19.470000000    0.561524612    0.568912831    0.596075763
   19.480000000    0.562417210    0.574454660    0.610418363
   19.490000000    0.561327191    0.578543988    0.624347686
   19.500000000    0.557772730    0.580359197    0.636924944
   19.510000000    0.552050097    0.579501303    0.647322949
   19.520000000    0.545248400    0.576117871    0.654758675
   19.530000000    0.538658263    0.570764468    0.658776757
   19.540000000    0.533167275    0.564139213    0.659736608
   19.550000000    0.529014799    0.556742736    0.658864673
   19.560000000    0.526026497    0.548854768    0.657545018
   19.570000000    0.523970993    0.540825778    0.656131742
   19.580000000    0.522685223    0.533292745    0.653501711
   19.590000000    0.522096066    0.527093229    0.648324762
   19.600000000    0.522187537    0.522900348    0.640887263
   19.610000000    0.522783764    0.520831664    0.633294553
   19.620000000    0.523501118    0.520451026    0.627884688
   19.630000000    0.524022559    0.521123699    0.625628234
   19.640000000    0.524143488    0.522194562    0.625791408
   19.650000000    0.523541291    0.522918905    0.626791115
   19.660000000    0.521707739    0.522389500    0.627320502
   19.670000000    0.518229346    0.519732350    0.626985444
   19.680000000    0.513387831    0.514838702    0.626429732
   19.690000000    0.508507811    0.508886454    0.626917707
   19.700000000    0.505389981    0.503680525    0.629315972
   19.710000000    0.505146594    0.500357873    0.633161322
   19.720000000    0.507385695    0.498689652    0.636881870
   19.730000000    0.510364657    0.497467102    0.638869762
   19.740000000    0.512052291    0.495565620    0.638020690
   19.750000000    0.511338266    0.492700259    0.633635584
   19.760000000    0.508457377    0.489297066    0.625583714
   19.770000000    0.504409735    0.485941110    0.614599471
   19.780000000    0.500150695    0.483084498    0.601958350
   19.790000000    0.496243783    0.481030760    0.588702655
   19.800000000    0.492708752    0.479718359    0.575223522
   19.810000000    0.488880833    0.478383514    0.561549467
   19.820000000    0.483843839    0.475925304    0.548043161
   19.830000000    0.477421767    0.471979111    0.535851356
   19.840000000    0.470558799    0.467399427    0.526611861
   19.850000000    0.464462297    0.463435262    0.521498061
   19.860000000    0.459530548    0.460599945    0.520301733
   19.870000000    0.455282775    0.458508951    0.521428551
   19.880000000    0.451212839    0.456676362    0.522977156
   19.890000000    0.447494510    0.455200957    0.524090655
   19.900000000    0.444861622    0.454655122    0.525369363
   19.910000000    0.444107456    0.455573376    0.528143214
   19.920000000    0.445720659    0.458092695    0.533472071
   19.930000000    0.449492561    0.461707224    0.541323049
   19.940000000    0.454199531    0.465167166    0.550179770
   19.950000000    0.457995307    0.467019798    0.557733207
   19.960000000    0.459411546    0.466558863    0.562263571
   19.970000000    0.458026071    0.464073437    0.563339865
   19.980000000    0.454472968    0.460325488    0.561799495
   19.990000000    0.450105349    0.456176749    0.559381294
   20.000000000    0.446503000    0.452676638    0.557844422
   20.010000000    0.444933950    0.451073197    0.558312743
   20.020000000    0.445796662    0.452217737    0.561266399
   20.030000000    0.448322270    0.455826418    0.566534084
   20.040000000    0.450966276    0.460462537    0.573064186
   20.050000000    0.452258909    0.464269150    0.579036592
