# energy grid [eV]     ieps_x  ieps_y  ieps_z
#
    0.050000000    6.713919361    6.735865156    6.893180186
    0.060000000    6.713412501    6.735341483    6.892652602
    0.070000000    6.712840102    6.734750112    6.892056795
    0.080000000    6.712206156    6.734095177    6.891396918
    0.090000000    6.711513415    6.733379526    6.890675833
    0.100000000    6.710763784    6.732605134    6.889895523
    0.110000000    6.709958611    6.731773399    6.889057386
    0.120000000    6.709098868    6.730885336    6.888162435
    0.130000000    6.708185281    6.729941700    6.887211422
    0.140000000    6.707218410    6.728943079    6.886204928
    0.150000000    6.706198701    6.727889941    6.885143416
    0.160000000    6.705126524    6.726782679    6.884027267
    0.170000000    6.704002196    6.725621629    6.882856810
    0.180000000    6.702825998    6.724407091    6.881632333
    0.190000000    6.701598186    6.723139339    6.880354102
    0.200000000    6.700318998    6.721818630    6.879022361
    0.210000000    6.698988663    6.720445210    6.877637345
    0.220000000    6.697607401    6.719019319    6.876199281
    0.230000000    6.696175428    6.717541192    6.874708391
    0.240000000    6.694692961    6.716011062    6.873164897
    0.250000000    6.693160213    6.714429162    6.871569017
    0.260000000    6.691577400    6.712795729    6.869920974
    0.270000000    6.689944738    6.711110998    6.868220989
    0.280000000    6.688262449    6.709375209    6.866469288
    0.290000000    6.686530754    6.707588606    6.864666099
    0.300000000    6.684749878    6.705751435    6.862811654
    0.310000000    6.682920053    6.703863947    6.860906189
    0.320000000    6.681041511    6.701926395    6.858949941
    0.330000000    6.679114489    6.699939040    6.856943155
    0.340000000    6.677139228    6.697902144    6.854886077
    0.350000000    6.675115973    6.695815974    6.852778958
    0.360000000    6.673044975    6.693680804    6.850622056
    0.370000000    6.670926485    6.691496908    6.848415628
    0.380000000    6.668760762    6.689264567    6.846159938
    0.390000000    6.666548066    6.686984066    6.843855256
    0.400000000    6.664288663    6.684655693    6.841501852
    0.410000000    6.661982822    6.682279742    6.839100002
    0.420000000    6.659630815    6.679856509    6.836649987
    0.430000000    6.657232920    6.677386296    6.834152090
    0.440000000    6.654789416    6.674869406    6.831606599
    0.450000000    6.652300588    6.672306148    6.829013805
    0.460000000    6.649766722    6.669696834    6.826374002
    0.470000000    6.647188110    6.667041780    6.823687489
    0.480000000    6.644565045    6.664341303    6.820954568
    0.490000000    6.641897824    6.661595726    6.818175543
    0.500000000    6.639186747    6.658805375    6.815350722
    0.510000000    6.636432118    6.655970577    6.812480418
    0.520000000    6.633634242    6.653091663    6.809564943
    0.530000000    6.630793429    6.650168968    6.806604616
    0.540000000    6.627909989    6.647202828    6.803599755
    0.550000000    6.624984237    6.644193581    6.800550685
    0.560000000    6.622016489    6.641141569    6.797457728
    0.570000000    6.619007063    6.638047137    6.794321214
    0.580000000    6.615956282    6.634910630    6.791141472
    0.590000000    6.612864467    6.631732395    6.787918835
    0.600000000    6.609731943    6.628512784    6.784653635
    0.610000000    6.606559039    6.625252147    6.781346210
    0.620000000    6.603346083    6.621950839    6.777996898
    0.630000000    6.600093404    6.618609214    6.774606039
    0.640000000    6.596801336    6.615227629    6.771173975
    0.650000000    6.593470213    6.611806441    6.767701048
    0.660000000    6.590100368    6.608346010    6.764187603
    0.670000000    6.586692138    6.604846696    6.760633987
    0.680000000    6.583245861    6.601308861    6.757040548
    0.690000000    6.579761876    6.597732866    6.753407633
    0.700000000    6.576240522    6.594119074    6.749735592
    0.710000000    6.572682139    6.590467850    6.746024776
    0.720000000    6.569087069    6.586779557    6.742275537
    0.730000000    6.565455654    6.583054560    6.738488228
    0.740000000    6.561788237    6.579293224    6.734663200
    0.750000000    6.558085160    6.575495915    6.730800808
    0.760000000    6.554346767    6.571662998    6.726901406
    0.770000000    6.550573402    6.567794839    6.722965349
    0.780000000    6.546765410    6.563891804    6.718992992
    0.790000000    6.542923134    6.559954258    6.714984689
    0.800000000    6.539046920    6.555982567    6.710940796
    0.810000000    6.535137111    6.551977095    6.706861669
    0.820000000    6.531194052    6.547938208    6.702747663
    0.830000000    6.527218087    6.543866269    6.698599133
    0.840000000    6.523209560    6.539761643    6.694416434
    0.850000000    6.519168816    6.535624693    6.690199922
    0.860000000    6.515096196    6.531455780    6.685949951
    0.870000000    6.510992044    6.527255268    6.681666874
    0.880000000    6.506856703    6.523023516    6.677351047
    0.890000000    6.502690514    6.518760885    6.673002821
    0.900000000    6.498493817    6.514467733    6.668622550
    0.910000000    6.494266954    6.510144419    6.664210585
    0.920000000    6.490010264    6.505791299    6.659767277
    0.930000000    6.485724085    6.501408728    6.655292977
    0.940000000    6.481408756    6.496997062    6.650788034
    0.950000000    6.477064612    6.492556652    6.646252796
    0.960000000    6.472691989    6.488087852    6.641687611
    0.970000000    6.468291223    6.483591009    6.637092825
    0.980000000    6.463862647    6.479066475    6.632468783
    0.990000000    6.459406592    6.474514594    6.627815830
    1.000000000    6.454923389    6.469935714    6.623134309
    1.010000000    6.450413369    6.465330178    6.618424560
    1.020000000    6.445876860    6.460698328    6.613686924
    1.030000000    6.441314188    6.456040505    6.608921739
    1.040000000    6.436725679    6.451357047    6.604129345
    1.050000000    6.432111657    6.446648292    6.599310075
    1.060000000    6.427472443    6.441914573    6.594464265
    1.070000000    6.422808360    6.437156225    6.589592247
    1.080000000    6.418119726    6.432373578    6.584694353
    1.090000000    6.413406859    6.427566962    6.579770912
    1.100000000    6.408670074    6.422736703    6.574822252
    1.110000000    6.403909685    6.417883127    6.569848699
    1.120000000    6.399126006    6.413006557    6.564850579
    1.130000000    6.394319346    6.408107314    6.559828212
    1.140000000    6.389490014    6.403185715    6.554781921
    1.150000000    6.384638317    6.398242079    6.549712024
    1.160000000    6.379764560    6.393276720    6.544618839
    1.170000000    6.374869047    6.388289949    6.539502680
    1.180000000    6.369952077    6.383282076    6.534363860
    1.190000000    6.365013951    6.378253410    6.529202692
    1.200000000    6.360054966    6.373204256    6.524019484
    1.210000000    6.355075416    6.368134916    6.518814544
    1.220000000    6.350075596    6.363045692    6.513588177
    1.230000000    6.345055796    6.357936883    6.508340686
    1.240000000    6.340016305    6.352808784    6.503072372
    1.250000000    6.334957410    6.347661689    6.497783535
    1.260000000    6.329879397    6.342495890    6.492474472
    1.270000000    6.324782547    6.337311676    6.487145476
    1.280000000    6.319667142    6.332109333    6.481796842
    1.290000000    6.314533461    6.326889146    6.476428859
    1.300000000    6.309381779    6.321651398    6.471041816
    1.310000000    6.304212372    6.316396366    6.465636000
    1.320000000    6.299025510    6.311124330    6.460211694
    1.330000000    6.293821465    6.305835562    6.454769180
    1.340000000    6.288600503    6.300530336    6.449308738
    1.350000000    6.283362891    6.295208922    6.443830645
    1.360000000    6.278108891    6.289871587    6.438335177
    1.370000000    6.272838766    6.284518595    6.432822607
    1.380000000    6.267552774    6.279150211    6.427293205
    1.390000000    6.262251171    6.273766693    6.421747240
    1.400000000    6.256934213    6.268368300    6.416184978
    1.410000000    6.251602152    6.262955287    6.410606684
    1.420000000    6.246255239    6.257527908    6.405012620
    1.430000000    6.240893720    6.252086412    6.399403044
    1.440000000    6.235517842    6.246631048    6.393778215
    1.450000000    6.230127848    6.241162062    6.388138387
    1.460000000    6.224723981    6.235679697    6.382483814
    1.470000000    6.219306478    6.230184194    6.376814746
    1.480000000    6.213875577    6.224675793    6.371131432
    1.490000000    6.208431514    6.219154728    6.365434118
    1.500000000    6.202974519    6.213621235    6.359723048
    1.510000000    6.197504825    6.208075544    6.353998463
    1.520000000    6.192022659    6.202517886    6.348260604
    1.530000000    6.186528247    6.196948487    6.342509707
    1.540000000    6.181021813    6.191367571    6.336746008
    1.550000000    6.175503579    6.185775362    6.330969740
    1.560000000    6.169973765    6.180172078    6.325181134
    1.570000000    6.164432588    6.174557939    6.319380418
    1.580000000    6.158880263    6.168933159    6.313567818
    1.590000000    6.153317004    6.163297951    6.307743559
    1.600000000    6.147743022    6.157652527    6.301907863
    1.610000000    6.142158526    6.151997096    6.296060950
    1.620000000    6.136563722    6.146331863    6.290203037
    1.630000000    6.130958816    6.140657034    6.284334341
    1.640000000    6.125344011    6.134972810    6.278455074
    1.650000000    6.119719506    6.129279392    6.272565449
    1.660000000    6.114085501    6.123576977    6.266665674
    1.670000000    6.108442193    6.117865761    6.260755957
    1.680000000    6.102789775    6.112145938    6.254836503
    1.690000000    6.097128441    6.106417699    6.248907515
    1.700000000    6.091458381    6.100681233    6.242969195
    1.710000000    6.085779783    6.094936728    6.237021740
    1.720000000    6.080092835    6.089184369    6.231065348
    1.730000000    6.074397721    6.083424339    6.225100214
    1.740000000    6.068694623    6.077656820    6.219126532
    1.750000000    6.062983723    6.071881989    6.213144491
    1.760000000    6.057265198    6.066100026    6.207154281
    1.770000000    6.051539227    6.060311103    6.201156089
    1.780000000    6.045805984    6.054515396    6.195150100
    1.790000000    6.040065642    6.048713075    6.189136497
    1.800000000    6.034318372    6.042904309    6.183115462
    1.810000000    6.028564345    6.037089266    6.177087173
    1.820000000    6.022803726    6.031268111    6.171051808
    1.830000000    6.017036683    6.025441007    6.165009543
    1.840000000    6.011263380    6.019608118    6.158960551
    1.850000000    6.005483977    6.013769601    6.152905004
    1.860000000    5.999698636    6.007925616    6.146843071
    1.870000000    5.993907515    6.002076319    6.140774922
    1.880000000    5.988110771    5.996221864    6.134700723
    1.890000000    5.982308560    5.990362403    6.128620637
    1.900000000    5.976501034    5.984498088    6.122534828
    1.910000000    5.970688345    5.978629068    6.116443457
    1.920000000    5.964870643    5.972755490    6.110346683
    1.930000000    5.959048077    5.966877500    6.104244663
    1.940000000    5.953220793    5.960995242    6.098137553
    1.950000000    5.947388936    5.955108859    6.092025508
    1.960000000    5.941552649    5.949218490    6.085908680
    1.970000000    5.935712075    5.943324275    6.079787219
    1.980000000    5.929867353    5.937426351    6.073661274
    1.990000000    5.924018622    5.931524855    6.067530994
    2.000000000    5.918166018    5.925619920    6.061396523
    2.010000000    5.912309678    5.919711678    6.055258006
    2.020000000    5.906449735    5.913800262    6.049115586
    2.030000000    5.900586322    5.907885800    6.042969402
    2.040000000    5.894719569    5.901968421    6.036819596
    2.050000000    5.888849605    5.896048251    6.030666305
    2.060000000    5.882976559    5.890125414    6.024509664
    2.070000000    5.877100557    5.884200035    6.018349809
    2.080000000    5.871221724    5.878272235    6.012186874
    2.090000000    5.865340183    5.872342135    6.006020989
    2.100000000    5.859456057    5.866409854    5.999852285
    2.110000000    5.853569465    5.860475509    5.993680892
    2.120000000    5.847680528    5.854539218    5.987506935
    2.130000000    5.841789363    5.848601095    5.981330542
    2.140000000    5.835896086    5.842661253    5.975151836
    2.150000000    5.830000814    5.836719806    5.968970942
    2.160000000    5.824103659    5.830776862    5.962787980
    2.170000000    5.818204734    5.824832533    5.956603070
    2.180000000    5.812304150    5.818886926    5.950416333
    2.190000000    5.806402017    5.812940149    5.944227885
    2.200000000    5.800498444    5.806992306    5.938037842
    2.210000000    5.794593538    5.801043502    5.931846320
    2.220000000    5.788687406    5.795093841    5.925653433
    2.230000000    5.782780151    5.789143424    5.919459291
    2.240000000    5.776871877    5.783192352    5.913264007
    2.250000000    5.770962688    5.777240724    5.907067690
    2.260000000    5.765052684    5.771288639    5.900870449
    2.270000000    5.759141964    5.765336193    5.894672391
    2.280000000    5.753230628    5.759383483    5.888473621
    2.290000000    5.747318774    5.753430603    5.882274245
    2.300000000    5.741406498    5.747477647    5.876074367
    2.310000000    5.735493894    5.741524707    5.869874088
    2.320000000    5.729581059    5.735571874    5.863673509
    2.330000000    5.723668083    5.729619239    5.857472732
    2.340000000    5.717755060    5.723666891    5.851271854
    2.350000000    5.711842081    5.717714918    5.845070973
    2.360000000    5.705929235    5.711763407    5.838870186
    2.370000000    5.700016611    5.705812444    5.832669589
    2.380000000    5.694104296    5.699862113    5.826469275
    2.390000000    5.688192378    5.693912500    5.820269338
    2.400000000    5.682280941    5.687963685    5.814069871
    2.410000000    5.676370071    5.682015752    5.807870963
    2.420000000    5.670459851    5.676068781    5.801672706
    2.430000000    5.664550364    5.670122852    5.795475187
    2.440000000    5.658641691    5.664178043    5.789278496
    2.450000000    5.652733914    5.658234434    5.783082719
    2.460000000    5.646827110    5.652292100    5.776887942
    2.470000000    5.640921360    5.646351118    5.770694249
    2.480000000    5.635016741    5.640411563    5.764501725
    2.490000000    5.629113330    5.634473509    5.758310453
    2.500000000    5.623211203    5.628537029    5.752120514
    2.510000000    5.617310435    5.622602196    5.745931990
    2.520000000    5.611411100    5.616669082    5.739744960
    2.530000000    5.605513270    5.610737756    5.733559503
    2.540000000    5.599617020    5.604808290    5.727375698
    2.550000000    5.593722419    5.598880751    5.721193622
    2.560000000    5.587829539    5.592955207    5.715013351
    2.570000000    5.581938449    5.587031727    5.708834961
    2.580000000    5.576049219    5.581110376    5.702658525
    2.590000000    5.570161915    5.575191220    5.696484119
    2.600000000    5.564276607    5.569274324    5.690311814
    2.610000000    5.558393359    5.563359752    5.684141682
    2.620000000    5.552512238    5.557447566    5.677973794
    2.630000000    5.546633309    5.551537831    5.671808222
    2.640000000    5.540756635    5.545630607    5.665645033
    2.650000000    5.534882280    5.539725954    5.659484296
    2.660000000    5.529010307    5.533823935    5.653326080
    2.670000000    5.523140777    5.527924607    5.647170451
    2.680000000    5.517273751    5.522028029    5.641017475
    2.690000000    5.511409290    5.516134260    5.634867218
    2.700000000    5.505547452    5.510243357    5.628719744
    2.710000000    5.499688298    5.504355377    5.622575117
    2.720000000    5.493831884    5.498470374    5.616433399
    2.730000000    5.487978269    5.492588405    5.610294654
    2.740000000    5.482127509    5.486709524    5.604158943
    2.750000000    5.476279660    5.480833785    5.598026326
    2.760000000    5.470434777    5.474961240    5.591896864
    2.770000000    5.464592916    5.469091943    5.585770615
    2.780000000    5.458754129    5.463225946    5.579647639
    2.790000000    5.452918471    5.457363298    5.573527994
    2.800000000    5.447085994    5.451504052    5.567411736
    2.810000000    5.441256749    5.445648257    5.561298922
    2.820000000    5.435430790    5.439795963    5.555189608
    2.830000000    5.429608165    5.433947217    5.549083849
    2.840000000    5.423788926    5.428102069    5.542981699
    2.850000000    5.417973121    5.422260565    5.536883213
    2.860000000    5.412160800    5.416422754    5.530788444
    2.870000000    5.406352012    5.410588680    5.524697444
    2.880000000    5.400546802    5.404758390    5.518610264
    2.890000000    5.394745220    5.398931929    5.512526957
    2.900000000    5.388947311    5.393109341    5.506447573
    2.910000000    5.383153122    5.387290672    5.500372161
    2.920000000    5.377362697    5.381475963    5.494300772
    2.930000000    5.371576081    5.375665259    5.488233454
    2.940000000    5.365793320    5.369858601    5.482170256
    2.950000000    5.360014456    5.364056032    5.476111224
    2.960000000    5.354239532    5.358257592    5.470056406
    2.970000000    5.348468592    5.352463324    5.464005848
    2.980000000    5.342701677    5.346673266    5.457959596
    2.990000000    5.336938830    5.340887459    5.451917696
    3.000000000    5.331180090    5.335105943    5.445880193
    3.010000000    5.325425499    5.329328755    5.439847129
    3.020000000    5.319675096    5.323555935    5.433818550
    3.030000000    5.313928922    5.317787520    5.427794498
    3.040000000    5.308187015    5.312023548    5.421775015
    3.050000000    5.302449414    5.306264055    5.415760145
    3.060000000    5.296716156    5.300509078    5.409749927
    3.070000000    5.290987280    5.294758653    5.403744404
    3.080000000    5.285262822    5.289012816    5.397743615
    3.090000000    5.279542819    5.283271601    5.391747601
    3.100000000    5.273827308    5.277535042    5.385756401
    3.110000000    5.268116324    5.271803175    5.379770054
    3.120000000    5.262409901    5.266076033    5.373788599
    3.130000000    5.256708076    5.260353649    5.367812073
    3.140000000    5.251010882    5.254636056    5.361840514
    3.150000000    5.245318354    5.248923286    5.355873959
    3.160000000    5.239630524    5.243215372    5.349912445
    3.170000000    5.233947426    5.237512345    5.343956007
    3.180000000    5.228269093    5.231814236    5.338004681
    3.190000000    5.222595556    5.226121076    5.332058503
    3.200000000    5.216926848    5.220432895    5.326117507
    3.210000000    5.211263000    5.214749724    5.320181728
    3.220000000    5.205604042    5.209071591    5.314251198
    3.230000000    5.199950006    5.203398526    5.308325952
    3.240000000    5.194300922    5.197730559    5.302406023
    3.250000000    5.188656818    5.192067716    5.296491443
    3.260000000    5.183017726    5.186410027    5.290582244
    3.270000000    5.177383673    5.180757519    5.284678457
    3.280000000    5.171754689    5.175110220    5.278780115
    3.290000000    5.166130801    5.169468155    5.272887248
    3.300000000    5.160512037    5.163831353    5.266999886
    3.310000000    5.154898426    5.158199838    5.261118060
    3.320000000    5.149289994    5.152573637    5.255241799
    3.330000000    5.143686767    5.146952776    5.249371132
    3.340000000    5.138088773    5.141337280    5.243506088
    3.350000000    5.132496037    5.135727173    5.237646696
    3.360000000    5.126908586    5.130122480    5.231792983
    3.370000000    5.121326444    5.124523226    5.225944978
    3.380000000    5.115749636    5.118929433    5.220102708
    3.390000000    5.110178187    5.113341126    5.214266200
    3.400000000    5.104612122    5.107758327    5.208435480
    3.410000000    5.099051465    5.102181061    5.202610575
    3.420000000    5.093496238    5.096609348    5.196791510
    3.430000000    5.087946467    5.091043212    5.190978311
    3.440000000    5.082402173    5.085482674    5.185171004
    3.450000000    5.076863379    5.079927756    5.179369613
    3.460000000    5.071330108    5.074378480    5.173574162
    3.470000000    5.065802382    5.068834866    5.167784675
    3.480000000    5.060280223    5.063296934    5.162001178
    3.490000000    5.054763652    5.057764707    5.156223692
    3.500000000    5.049252690    5.052238203    5.150452241
    3.510000000    5.043747359    5.046717442    5.144686848
    3.520000000    5.038247679    5.041202444    5.138927536
    3.530000000    5.032753669    5.035693229    5.133174326
    3.540000000    5.027265351    5.030189815    5.127427240
    3.550000000    5.021782744    5.024692221    5.121686301
    3.560000000    5.016305867    5.019200466    5.115951529
    3.570000000    5.010834740    5.013714567    5.110222944
    3.580000000    5.005369381    5.008234544    5.104500569
    3.590000000    4.999909809    5.002760412    5.098784422
    3.600000000    4.994456042    4.997292190    5.093074525
    3.610000000    4.989008099    4.991829895    5.087370896
    3.620000000    4.983565997    4.986373544    5.081673556
    3.630000000    4.978129754    4.980923153    5.075982522
    3.640000000    4.972699387    4.975478738    5.070297815
    3.650000000    4.967274913    4.970040317    5.064619453
    3.660000000    4.961856350    4.964607904    5.058947454
    3.670000000    4.956443712    4.959181516    5.053281835
    3.680000000    4.951037017    4.953761167    5.047622616
    3.690000000    4.945636281    4.948346874    5.041969812
    3.700000000    4.940241519    4.942938650    5.036323442
    3.710000000    4.934852747    4.937536511    5.030683522
    3.720000000    4.929469981    4.932140470    5.025050070
    3.730000000    4.924093234    4.926750543    5.019423100
    3.740000000    4.918722523    4.921366743    5.013802630
    3.750000000    4.913357862    4.915989084    5.008188675
    3.760000000    4.907999265    4.910617580    5.002581252
    3.770000000    4.902646746    4.905252243    4.996980374
    3.780000000    4.897300319    4.899893088    4.991386058
    3.790000000    4.891959997    4.894540126    4.985798318
    3.800000000    4.886625795    4.889193371    4.980217170
    3.810000000    4.881297726    4.883852835    4.974642626
    3.820000000    4.875975802    4.878518530    4.969074702
    3.830000000    4.870660036    4.873190468    4.963513411
    3.840000000    4.865350441    4.867868661    4.957958767
    3.850000000    4.860047029    4.862553122    4.952410784
    3.860000000    4.854749813    4.857243860    4.946869474
    3.870000000    4.849458804    4.851940888    4.941334851
    3.880000000    4.844174014    4.846644217    4.935806927
    3.890000000    4.838895455    4.841353857    4.930285716
    3.900000000    4.833623137    4.836069819    4.924771228
    3.910000000    4.828357073    4.830792113    4.919263476
    3.920000000    4.823097273    4.825520751    4.913762473
    3.930000000    4.817843748    4.820255741    4.908268230
    3.940000000    4.812596508    4.814997094    4.902780757
    3.950000000    4.807355565    4.809744819    4.897300067
    3.960000000    4.802120927    4.804498926    4.891826171
    3.970000000    4.796892605    4.799259425    4.886359079
    3.980000000    4.791670609    4.794026324    4.880898801
    3.990000000    4.786454948    4.788799633    4.875445349
    4.000000000    4.781245633    4.783579360    4.869998732
    4.010000000    4.776042671    4.778365514    4.864558961
    4.020000000    4.770846073    4.773158104    4.859126044
    4.030000000    4.765655847    4.767957137    4.853699993
    4.040000000    4.760472001    4.762762622    4.848280816
    4.050000000    4.755294546    4.757574567    4.842868522
    4.060000000    4.750123488    4.752392980    4.837463121
    4.070000000    4.744958836    4.747217868    4.832064620
    4.080000000    4.739800598    4.742049238    4.826673030
    4.090000000    4.734648783    4.736887099    4.821288358
    4.100000000    4.729503397    4.731731457    4.815910613
    4.110000000    4.724364448    4.726582319    4.810539803
    4.120000000    4.719231944    4.721439692    4.805175935
    4.130000000    4.714105892    4.716303583    4.799819018
    4.140000000    4.708986299    4.711173998    4.794469058
    4.150000000    4.703873172    4.706050944    4.789126064
    4.160000000    4.698766517    4.700934427    4.783790042
    4.170000000    4.693666342    4.695824452    4.778461000
    4.180000000    4.688572653    4.690721027    4.773138945
    4.190000000    4.683485455    4.685624156    4.767823883
    4.200000000    4.678404756    4.680533845    4.762515820
    4.210000000    4.673330561    4.675450100    4.757214763
    4.220000000    4.668262876    4.670372927    4.751920719
    4.230000000    4.663201707    4.665302329    4.746633693
    4.240000000    4.658147059    4.660238313    4.741353691
    4.250000000    4.653098937    4.655180883    4.736080720
    4.260000000    4.648057348    4.650130045    4.730814783
    4.270000000    4.643022296    4.645085802    4.725555888
    4.280000000    4.637993787    4.640048160    4.720304039
    4.290000000    4.632971824    4.635017122    4.715059241
    4.300000000    4.627956413    4.629992693    4.709821499
    4.310000000    4.622947558    4.624974877    4.704590818
    4.320000000    4.617945264    4.619963678    4.699367203
    4.330000000    4.612949535    4.614959101    4.694150659
    4.340000000    4.607960376    4.609961148    4.688941188
    4.350000000    4.602977790    4.604969823    4.683738797
    4.360000000    4.598001781    4.599985130    4.678543488
    4.370000000    4.593032354    4.595007072    4.673355266
    4.380000000    4.588069511    4.590035653    4.668174135
    4.390000000    4.583113257    4.585070875    4.663000098
    4.400000000    4.578163594    4.580112742    4.657833158
    4.410000000    4.573220527    4.575161256    4.652673320
    4.420000000    4.568284057    4.570216421    4.647520586
    4.430000000    4.563354190    4.565278238    4.642374960
    4.440000000    4.558430926    4.560346711    4.637236443
    4.450000000    4.553514270    4.555421841    4.632105041
    4.460000000    4.548604223    4.550503632    4.626980754
    4.470000000    4.543700789    4.545592085    4.621863585
    4.480000000    4.538803969    4.540687203    4.616753538
    4.490000000    4.533913767    4.535788986    4.611650614
    4.500000000    4.529030185    4.530897438    4.606554815
    4.510000000    4.524153224    4.526012560    4.601466144
    4.520000000    4.519282887    4.521134354    4.596384603
    4.530000000    4.514419175    4.516262821    4.591310193
    4.540000000    4.509562091    4.511397962    4.586242916
    4.550000000    4.504711636    4.506539780    4.581182774
    4.560000000    4.499867812    4.501688274    4.576129768
    4.570000000    4.495030619    4.496843447    4.571083900
    4.580000000    4.490200061    4.492005300    4.566045170
    4.590000000    4.485376137    4.487173832    4.561013580
    4.600000000    4.480558849    4.482349046    4.555989131
    4.610000000    4.475748199    4.477530941    4.550971824
    4.620000000    4.470944186    4.472719519    4.545961659
    4.630000000    4.466146812    4.467914780    4.540958638
    4.640000000    4.461356079    4.463116725    4.535962760
    4.650000000    4.456571985    4.458325353    4.530974027
    4.660000000    4.451794533    4.453540665    4.525992438
    4.670000000    4.447023721    4.448762661    4.521017994
    4.680000000    4.442259552    4.443991342    4.516050695
    4.690000000    4.437502025    4.439226706    4.511090541
    4.700000000    4.432751140    4.434468755    4.506137532
    4.710000000    4.428006898    4.429717487    4.501191667
    4.720000000    4.423269298    4.424972904    4.496252948
    4.730000000    4.418538341    4.420235003    4.491321372
    4.740000000    4.413814025    4.415503785    4.486396940
    4.750000000    4.409096352    4.410779249    4.481479650
    4.760000000    4.404385320    4.406061395    4.476569504
    4.770000000    4.399680930    4.401350221    4.471666498
    4.780000000    4.394983180    4.396645727    4.466770634
    4.790000000    4.390292070    4.391947912    4.461881909
    4.800000000    4.385607600    4.387256776    4.457000322
    4.810000000    4.380929768    4.382572316    4.452125874
    4.820000000    4.376258574    4.377894532    4.447258561
    4.830000000    4.371594017    4.373223423    4.442398384
    4.840000000    4.366936095    4.368558987    4.437545339
    4.850000000    4.362284808    4.363901223    4.432699427
    4.860000000    4.357640155    4.359250130    4.427860646
    4.870000000    4.353002133    4.354605705    4.423028992
    4.880000000    4.348370743    4.349967948    4.418204466
    4.890000000    4.343745982    4.345336856    4.413387065
    4.900000000    4.339127849    4.340712429    4.408576786
    4.910000000    4.334516343    4.336094663    4.403773629
    4.920000000    4.329911461    4.331483557    4.398977591
    4.930000000    4.325313202    4.326879110    4.394188669
    4.940000000    4.320721564    4.322281318    4.389406862
    4.950000000    4.316136546    4.317690180    4.384632166
    4.960000000    4.311558145    4.313105695    4.379864580
    4.970000000    4.306986359    4.308527858    4.375104101
    4.980000000    4.302421186    4.303956669    4.370350727
    4.990000000    4.297862625    4.299392124    4.365604454
    5.000000000    4.293310673    4.294834222    4.360865280
    5.010000000    4.288765327    4.290282959    4.356133203
    5.020000000    4.284226585    4.285738333    4.351408218
    5.030000000    4.279694445    4.281200342    4.346690323
    5.040000000    4.275168904    4.276668982    4.341979516
    5.050000000    4.270649960    4.272144252    4.337275793
    5.060000000    4.266137609    4.267626147    4.332579150
    5.070000000    4.261631850    4.263114665    4.327889584
    5.080000000    4.257132680    4.258609803    4.323207093
    5.090000000    4.252640095    4.254111558    4.318531672
    5.100000000    4.248154093    4.249619927    4.313863319
    5.110000000    4.243674671    4.245134906    4.309202029
    5.120000000    4.239201826    4.240656493    4.304547799
    5.130000000    4.234735554    4.236184684    4.299900625
    5.140000000    4.230275853    4.231719476    4.295260503
    5.150000000    4.225822719    4.227260865    4.290627430
    5.160000000    4.221376149    4.222808847    4.286001402
    5.170000000    4.216936140    4.218363420    4.281382414
    5.180000000    4.212502688    4.213924580    4.276770463
    5.190000000    4.208075790    4.209492323    4.272165544
    5.200000000    4.203655442    4.205066645    4.267567654
    5.210000000    4.199241642    4.200647542    4.262976788
    5.220000000    4.194834384    4.196235011    4.258392941
    5.230000000    4.190433666    4.191829048    4.253816110
    5.240000000    4.186039484    4.187429649    4.249246290
    5.250000000    4.181651833    4.183036810    4.244683477
    5.260000000    4.177270711    4.178650526    4.240127666
    5.270000000    4.172896113    4.174270794    4.235578851
    5.280000000    4.168528035    4.169897610    4.231037030
    5.290000000    4.164166474    4.165530970    4.226502197
    5.300000000    4.159811425    4.161170868    4.221974347
    5.310000000    4.155462884    4.156817302    4.217453475
    5.320000000    4.151120847    4.152470266    4.212939577
    5.330000000    4.146785309    4.148129756    4.208432648
    5.340000000    4.142456267    4.143795768    4.203932682
    5.350000000    4.138133717    4.139468297    4.199439675
    5.360000000    4.133817653    4.135147338    4.194953621
    5.370000000    4.129508071    4.130832888    4.190474515
    5.380000000    4.125204967    4.126524942    4.186002352
    5.390000000    4.120908337    4.122223494    4.181537128
    5.400000000    4.116618176    4.117928540    4.177078835
    5.410000000    4.112334479    4.113640075    4.172627470
    5.420000000    4.108057242    4.109358095    4.168183027
    5.430000000    4.103786459    4.105082595    4.163745500
    5.440000000    4.099522127    4.100813569    4.159314883
    5.450000000    4.095264240    4.096551013    4.154891172
    5.460000000    4.091012794    4.092294922    4.150474360
    5.470000000    4.086767784    4.088045290    4.146064442
    5.480000000    4.082529204    4.083802113    4.141661412
    5.490000000    4.078297051    4.079565386    4.137265265
    5.500000000    4.074071318    4.075335103    4.132875994
    5.510000000    4.069852001    4.071111259    4.128493595
    5.520000000    4.065639095    4.066893849    4.124118060
    5.530000000    4.061432594    4.062682868    4.119749383
    5.540000000    4.057232494    4.058478310    4.115387560
    5.550000000    4.053038789    4.054280171    4.111032584
    5.560000000    4.048851474    4.050088443    4.106684449
    5.570000000    4.044670544    4.045903123    4.102343148
    5.580000000    4.040495993    4.041724205    4.098008676
    5.590000000    4.036327816    4.037551683    4.093681027
    5.600000000    4.032166008    4.033385551    4.089360193
    5.610000000    4.028010563    4.029225805    4.085046170
    5.620000000    4.023861476    4.025072438    4.080738950
    5.630000000    4.019718741    4.020925444    4.076438527
    5.640000000    4.015582352    4.016784819    4.072144895
    5.650000000    4.011452305    4.012650556    4.067858048
    5.660000000    4.007328593    4.008522650    4.063577978
    5.670000000    4.003211211    4.004401094    4.059304680
    5.680000000    3.999100153    4.000285884    4.055038147
    5.690000000    3.994995413    3.996177012    4.050778372
    5.700000000    3.990896986    3.992074474    4.046525348
    5.710000000    3.986804865    3.987978263    4.042279070
    5.720000000    3.982719046    3.983888373    4.038039529
    5.730000000    3.978639522    3.979804799    4.033806721
    5.740000000    3.974566287    3.975727533    4.029580637
    5.750000000    3.970499335    3.971656571    4.025361271
    5.760000000    3.966438661    3.967591907    4.021148616
    5.770000000    3.962384258    3.963533533    4.016942665
    5.780000000    3.958336120    3.959481444    4.012743412
    5.790000000    3.954294241    3.955435634    4.008550849
    5.800000000    3.950258616    3.951396096    4.004364970
    5.810000000    3.946229238    3.947362824    4.000185767
    5.820000000    3.942206100    3.943335813    3.996013233
    5.830000000    3.938189198    3.939315055    3.991847362
    5.840000000    3.934178524    3.935300544    3.987688146
    5.850000000    3.930174072    3.931292275    3.983535578
    5.860000000    3.926175836    3.927290240    3.979389651
    5.870000000    3.922183810    3.923294433    3.975250358
    5.880000000    3.918197988    3.919304848    3.971117691
    5.890000000    3.914218362    3.915321479    3.966991644
    5.900000000    3.910244928    3.911344318    3.962872209
    5.910000000    3.906277677    3.907373360    3.958759378
    5.920000000    3.902316605    3.903408597    3.954653145
    5.930000000    3.898361704    3.899450024    3.950553502
    5.940000000    3.894412967    3.895497633    3.946460441
    5.950000000    3.890470390    3.891551418    3.942373956
    5.960000000    3.886533964    3.887611373    3.938294038
    5.970000000    3.882603684    3.883677490    3.934220681
    5.980000000    3.878679542    3.879749763    3.930153876
    5.990000000    3.874761533    3.875828186    3.926093617
    6.000000000    3.870849649    3.871912751    3.922039896
    6.010000000    3.866943885    3.868003452    3.917992705
    6.020000000    3.863044232    3.864100282    3.913952036
    6.030000000    3.859150685    3.860203235    3.909917882
    6.040000000    3.855263237    3.856312302    3.905890236
    6.050000000    3.851381881    3.852427479    3.901869090
    6.060000000    3.847506611    3.848548757    3.897854435
    6.070000000    3.843637419    3.844676130    3.893846265
    6.080000000    3.839774298    3.840809591    3.889844571
    6.090000000    3.835917243    3.836949133    3.885849346
    6.100000000    3.832066246    3.833094749    3.881860582
    6.110000000    3.828221300    3.829246432    3.877878271
    6.120000000    3.824382398    3.825404175    3.873902405
    6.130000000    3.820549533    3.821567971    3.869932977
    6.140000000    3.816722700    3.817737814    3.865969979
    6.150000000    3.812901889    3.813913695    3.862013403
    6.160000000    3.809087095    3.810095608    3.858063240
    6.170000000    3.805278311    3.806283547    3.854119483
    6.180000000    3.801475529    3.802477503    3.850182125
    6.190000000    3.797678743    3.798677469    3.846251156
    6.200000000    3.793887946    3.794883439    3.842326570
    6.210000000    3.790103129    3.791095406    3.838408357
    6.220000000    3.786324287    3.787313361    3.834496511
    6.230000000    3.782551413    3.783537299    3.830591023
    6.240000000    3.778784498    3.779767212    3.826691885
    6.250000000    3.775023537    3.776003092    3.822799088
    6.260000000    3.771268521    3.772244932    3.818912626
    6.270000000    3.767519444    3.768492726    3.815032489
    6.280000000    3.763776298    3.764746465    3.811158669
    6.290000000    3.760039077    3.761006143    3.807291160
    6.300000000    3.756307773    3.757271752    3.803429951
    6.310000000    3.752582379    3.753543285    3.799575036
    6.320000000    3.748862887    3.749820734    3.795726405
    6.330000000    3.745149291    3.746104093    3.791884052
    6.340000000    3.741441582    3.742393354    3.788047967
    6.350000000    3.737739755    3.738688509    3.784218142
    6.360000000    3.734043801    3.734989552    3.780394569
    6.370000000    3.730353713    3.731296474    3.776577240
    6.380000000    3.726669484    3.727609268    3.772766146
    6.390000000    3.722991106    3.723927927    3.768961280
    6.400000000    3.719318572    3.720252444    3.765162633
    6.410000000    3.715651876    3.716582811    3.761370196
    6.420000000    3.711991008    3.712919020    3.757583962
    6.430000000    3.708335963    3.709261064    3.753803921
    6.440000000    3.704686732    3.705608936    3.750030066
    6.450000000    3.701043308    3.701962628    3.746262389
    6.460000000    3.697405684    3.698322133    3.742500880
    6.470000000    3.693773852    3.694687442    3.738745532
    6.480000000    3.690147805    3.691058549    3.734996336
    6.490000000    3.686527535    3.687435446    3.731253283
    6.500000000    3.682913035    3.683818125    3.727516366
    6.510000000    3.679304297    3.680206579    3.723785575
    6.520000000    3.675701314    3.676600801    3.720060903
    6.530000000    3.672104079    3.673000782    3.716342341
    6.540000000    3.668512583    3.669406515    3.712629880
    6.550000000    3.664926819    3.665817992    3.708923513
    6.560000000    3.661346780    3.662235207    3.705223229
    6.570000000    3.657772458    3.658658150    3.701529022
    6.580000000    3.654203846    3.655086815    3.697840882
    6.590000000    3.650640935    3.651521194    3.694158802
    6.600000000    3.647083719    3.647961279    3.690482771
    6.610000000    3.643532190    3.644407063    3.686812783
    6.620000000    3.639986340    3.640858538    3.683148828
    6.630000000    3.636446162    3.637315696    3.679490898
    6.640000000    3.632911647    3.633778529    3.675838984
    6.650000000    3.629382789    3.630247031    3.672193078
    6.660000000    3.625859579    3.626721192    3.668553171
    6.670000000    3.622342011    3.623201006    3.664919255
    6.680000000    3.618830076    3.619686464    3.661291320
    6.690000000    3.615323766    3.616177560    3.657669359
    6.700000000    3.611823075    3.612674285    3.654053363
    6.710000000    3.608327994    3.609176631    3.650443323
    6.720000000    3.604838515    3.605684591    3.646839231
    6.730000000    3.601354632    3.602198157    3.643241077
    6.740000000    3.597876335    3.598717321    3.639648854
    6.750000000    3.594403619    3.595242076    3.636062553
    6.760000000    3.590936474    3.591772413    3.632482165
    6.770000000    3.587474893    3.588308325    3.628907681
    6.780000000    3.584018869    3.584849805    3.625339093
    6.790000000    3.580568393    3.581396843    3.621776392
    6.800000000    3.577123459    3.577949434    3.618219570
    6.810000000    3.573684057    3.574507568    3.614668618
    6.820000000    3.570250181    3.571071237    3.611123526
    6.830000000    3.566821823    3.567640435    3.607584287
    6.840000000    3.563398974    3.564215153    3.604050892
    6.850000000    3.559981628    3.560795384    3.600523332
    6.860000000    3.556569776    3.557381119    3.597001599
    6.870000000    3.553163410    3.553972351    3.593485683
    6.880000000    3.549762524    3.550569073    3.589975577
    6.890000000    3.546367108    3.547171275    3.586471270
    6.900000000    3.542977156    3.543778950    3.582972756
    6.910000000    3.539592659    3.540392091    3.579480024
    6.920000000    3.536213610    3.537010689    3.575993067
    6.930000000    3.532840001    3.533634737    3.572511875
    6.940000000    3.529471823    3.530264227    3.569036440
    6.950000000    3.526109070    3.526899151    3.565566753
    6.960000000    3.522751734    3.523539501    3.562102806
    6.970000000    3.519399806    3.520185270    3.558644589
    6.980000000    3.516053279    3.516836448    3.555192095
    6.990000000    3.512712144    3.513493030    3.551745313
    7.000000000    3.509376395    3.510155005    3.548304236
    7.010000000    3.506046023    3.506822368    3.544868855
    7.020000000    3.502721021    3.503495109    3.541439161
    7.030000000    3.499401380    3.500173222    3.538015146
    7.040000000    3.496087094    3.496856697    3.534596800
    7.050000000    3.492778153    3.493545528    3.531184115
    7.060000000    3.489474550    3.490239706    3.527777082
    7.070000000    3.486176277    3.486939224    3.524375693
    7.080000000    3.482883327    3.483644073    3.520979938
    7.090000000    3.479595692    3.480354245    3.517589809
    7.100000000    3.476313363    3.477069734    3.514205298
    7.110000000    3.473036334    3.473790530    3.510826395
    7.120000000    3.469764595    3.470516626    3.507453092
    7.130000000    3.466498139    3.467248014    3.504085380
    7.140000000    3.463236959    3.463984686    3.500723250
    7.150000000    3.459981047    3.460726635    3.497366694
    7.160000000    3.456730394    3.457473852    3.494015703
    7.170000000    3.453484992    3.454226329    3.490670267
    7.180000000    3.450244835    3.450984059    3.487330380
    7.190000000    3.447009914    3.447747034    3.483996031
    7.200000000    3.443780221    3.444515245    3.480667211
    7.210000000    3.440555748    3.441288685    3.477343913
    7.220000000    3.437336488    3.438067346    3.474026128
    7.230000000    3.434122432    3.434851220    3.470713846
    7.240000000    3.430913573    3.431640299    3.467407060
    7.250000000    3.427709903    3.428434575    3.464105759
    7.260000000    3.424511414    3.425234041    3.460809937
    7.270000000    3.421318099    3.422038688    3.457519583
    7.280000000    3.418129948    3.418848508    3.454234689
    7.290000000    3.414946956    3.415663495    3.450955247
    7.300000000    3.411769112    3.412483638    3.447681247
    7.310000000    3.408596411    3.409308932    3.444412682
    7.320000000    3.405428843    3.406139368    3.441149542
    7.330000000    3.402266402    3.402974937    3.437891818
    7.340000000    3.399109079    3.399815633    3.434639502
    7.350000000    3.395956866    3.396661447    3.431392586
    7.360000000    3.392809755    3.393512371    3.428151060
    7.370000000    3.389667740    3.390368398    3.424914916
    7.380000000    3.386530811    3.387229519    3.421684145
    7.390000000    3.383398961    3.384095727    3.418458738
    7.400000000    3.380272182    3.380967014    3.415238687
    7.410000000    3.377150466    3.377843371    3.412023984
    7.420000000    3.374033806    3.374724792    3.408814618
    7.430000000    3.370922194    3.371611268    3.405610583
    7.440000000    3.367815621    3.368502791    3.402411868
    7.450000000    3.364714080    3.365399354    3.399218466
    7.460000000    3.361617563    3.362300948    3.396030367
    7.470000000    3.358526063    3.359207565    3.392847564
    7.480000000    3.355439571    3.356119199    3.389670047
    7.490000000    3.352358079    3.353035840    3.386497807
    7.500000000    3.349281581    3.349957482    3.383330837
    7.510000000    3.346210067    3.346884116    3.380169128
    7.520000000    3.343143531    3.343815734    3.377012670
    7.530000000    3.340081963    3.340752328    3.373861455
    7.540000000    3.337025358    3.337693891    3.370715475
    7.550000000    3.333973706    3.334640416    3.367574721
    7.560000000    3.330927000    3.331591893    3.364439184
    7.570000000    3.327885232    3.328548315    3.361308856
    7.580000000    3.324848394    3.325509674    3.358183728
    7.590000000    3.321816479    3.322475963    3.355063791
    7.600000000    3.318789479    3.319447174    3.351949037
    7.610000000    3.315767385    3.316423298    3.348839458
    7.620000000    3.312750191    3.313404329    3.345735044
    7.630000000    3.309737888    3.310390258    3.342635788
    7.640000000    3.306730469    3.307381077    3.339541680
    7.650000000    3.303727925    3.304376778    3.336452712
    7.660000000    3.300730250    3.301377354    3.333368875
    7.670000000    3.297737435    3.298382798    3.330290161
    7.680000000    3.294749472    3.295393100    3.327216562
    7.690000000    3.291766354    3.292408254    3.324148068
    7.700000000    3.288788073    3.289428252    3.321084671
    7.710000000    3.285814622    3.286453085    3.318026364
    7.720000000    3.282845992    3.283482746    3.314973136
    7.730000000    3.279882175    3.280517228    3.311924980
    7.740000000    3.276923165    3.277556522    3.308881886
    7.750000000    3.273968953    3.274600621    3.305843848
    7.760000000    3.271019532    3.271649516    3.302810855
    7.770000000    3.268074893    3.268703201    3.299782901
    7.780000000    3.265135030    3.265761668    3.296759975
    7.790000000    3.262199934    3.262824908    3.293742069
    7.800000000    3.259269597    3.259892914    3.290729176
    7.810000000    3.256344013    3.256965678    3.287721287
    7.820000000    3.253423173    3.254043193    3.284718392
    7.830000000    3.250507070    3.251125451    3.281720485
    7.840000000    3.247595695    3.248212444    3.278727555
    7.850000000    3.244689042    3.245304164    3.275739596
    7.860000000    3.241787103    3.242400604    3.272756597
    7.870000000    3.238889869    3.239501755    3.269778552
    7.880000000    3.235997334    3.236607611    3.266805451
    7.890000000    3.233109489    3.233718164    3.263837286
    7.900000000    3.230226327    3.230833405    3.260874049
    7.910000000    3.227347840    3.227953328    3.257915732
    7.920000000    3.224474021    3.225077924    3.254962325
    7.930000000    3.221604862    3.222207186    3.252013820
    7.940000000    3.218740356    3.219341107    3.249070210
    7.950000000    3.215880494    3.216479677    3.246131485
    7.960000000    3.213025269    3.213622891    3.243197638
    7.970000000    3.210174673    3.210770740    3.240268660
    7.980000000    3.207328700    3.207923217    3.237344542
    7.990000000    3.204487341    3.205080313    3.234425277
    8.000000000    3.201650588    3.202242022    3.231510856
    8.010000000    3.198818435    3.199408336    3.228601270
    8.020000000    3.195990873    3.196579247    3.225696512
    8.030000000    3.193167895    3.193754747    3.222796573
    8.040000000    3.190349493    3.190934829    3.219901445
    8.050000000    3.187535660    3.188119486    3.217011119
    8.060000000    3.184726389    3.185308709    3.214125587
    8.070000000    3.181921671    3.182502492    3.211244841
    8.080000000    3.179121499    3.179700826    3.208368872
    8.090000000    3.176325866    3.176903704    3.205497673
    8.100000000    3.173534764    3.174111119    3.202631235
    8.110000000    3.170748185    3.171323062    3.199769550
    8.120000000    3.167966122    3.168539527    3.196912610
    8.130000000    3.165188568    3.165760506    3.194060406
    8.140000000    3.162415515    3.162985991    3.191212930
    8.150000000    3.159646955    3.160215975    3.188370174
    8.160000000    3.156882882    3.157450450    3.185532130
    8.170000000    3.154123287    3.154689409    3.182698789
    8.180000000    3.151368162    3.151932844    3.179870144
    8.190000000    3.148617502    3.149180748    3.177046186
    8.200000000    3.145871297    3.146433113    3.174226907
    8.210000000    3.143129542    3.143689932    3.171412299
    8.220000000    3.140392227    3.140951197    3.168602354
    8.230000000    3.137659346    3.138216901    3.165797064
    8.240000000    3.134930892    3.135487036    3.162996419
    8.250000000    3.132206856    3.132761596    3.160200414
    8.260000000    3.129487232    3.130040571    3.157409038
    8.270000000    3.126772011    3.127323956    3.154622285
    8.280000000    3.124061188    3.124611743    3.151840145
    8.290000000    3.121354753    3.121903923    3.149062612
    8.300000000    3.118652701    3.119200491    3.146289676
    8.310000000    3.115955023    3.116501437    3.143521331
    8.320000000    3.113261712    3.113806756    3.140757567
    8.330000000    3.110572761    3.111116439    3.137998377
    8.340000000    3.107888162    3.108430480    3.135243752
    8.350000000    3.105207908    3.105748870    3.132493686
    8.360000000    3.102531992    3.103071603    3.129748169
    8.370000000    3.099860406    3.100398671    3.127007193
    8.380000000    3.097193143    3.097730066    3.124270751
    8.390000000    3.094530196    3.095065782    3.121538835
    8.400000000    3.091871557    3.092405811    3.118811437
    8.410000000    3.089217219    3.089750146    3.116088548
    8.420000000    3.086567175    3.087098779    3.113370161
    8.430000000    3.083921417    3.084451704    3.110656268
    8.440000000    3.081279938    3.081808912    3.107946861
    8.450000000    3.078642732    3.079170396    3.105241931
    8.460000000    3.076009790    3.076536150    3.102541472
    8.470000000    3.073381105    3.073906165    3.099845475
    8.480000000    3.070756670    3.071280436    3.097153931
    8.490000000    3.068136479    3.068658953    3.094466835
    8.500000000    3.065520523    3.066041711    3.091784176
    8.510000000    3.062908795    3.063428702    3.089105949
    8.520000000    3.060301289    3.060819918    3.086432143
    8.530000000    3.057697996    3.058215353    3.083762753
    8.540000000    3.055098910    3.055614999    3.081097770
    8.550000000    3.052504024    3.053018848    3.078437186
    8.560000000    3.049913331    3.050426895    3.075780993
    8.570000000    3.047326822    3.047839131    3.073129184
    8.580000000    3.044744492    3.045255550    3.070481751
    8.590000000    3.042166332    3.042676144    3.067838685
    8.600000000    3.039592336    3.040100905    3.065199980
    8.610000000    3.037022497    3.037529828    3.062565627
    8.620000000    3.034456807    3.034962905    3.059935619
    8.630000000    3.031895260    3.032400128    3.057309948
    8.640000000    3.029337848    3.029841490    3.054688606
    8.650000000    3.026784564    3.027286985    3.052071585
    8.660000000    3.024235401    3.024736605    3.049458878
    8.670000000    3.021690351    3.022190343    3.046850477
    8.680000000    3.019149409    3.019648192    3.044246374
    8.690000000    3.016612567    3.017110145    3.041646562
    8.700000000    3.014079817    3.014576195    3.039051033
    8.710000000    3.011551153    3.012046334    3.036459779
    8.720000000    3.009026567    3.009520556    3.033872793
    8.730000000    3.006506053    3.006998854    3.031290067
    8.740000000    3.003989603    3.004481220    3.028711593
    8.750000000    3.001477211    3.001967648    3.026137364
    8.760000000    2.998968870    2.999458130    3.023567372
    8.770000000    2.996464572    2.996952660    3.021001610
    8.780000000    2.993964310    2.994451230    3.018440069
    8.790000000    2.991468078    2.991953834    3.015882743
    8.800000000    2.988975869    2.989460464    3.013329624
    8.810000000    2.986487675    2.986971113    3.010780703
    8.820000000    2.984003489    2.984485776    3.008235975
    8.830000000    2.981523306    2.982004443    3.005695431
    8.840000000    2.979047117    2.979527109    3.003159063
    8.850000000    2.976574915    2.977053767    3.000626864
    8.860000000    2.974106695    2.974584410    2.998098827
    8.870000000    2.971642449    2.972119030    2.995574944
    8.880000000    2.969182169    2.969657621    2.993055208
    8.890000000    2.966725850    2.967200176    2.990539610
    8.900000000    2.964273484    2.964746688    2.988028145
    8.910000000    2.961825064    2.962297150    2.985520803
    8.920000000    2.959380584    2.959851555    2.983017579
    8.930000000    2.956940037    2.957409897    2.980518463
    8.940000000    2.954503415    2.954972168    2.978023450
    8.950000000    2.952070712    2.952538362    2.975532531
    8.960000000    2.949641922    2.950108471    2.973045700
    8.970000000    2.947217036    2.947682490    2.970562948
    8.980000000    2.944796050    2.945260411    2.968084268
    8.990000000    2.942378954    2.942842227    2.965609653
    9.000000000    2.939965744    2.940427931    2.963139096
    9.010000000    2.937556412    2.938017517    2.960672590
    9.020000000    2.935150951    2.935610978    2.958210126
    9.030000000    2.932749355    2.933208307    2.955751698
    9.040000000    2.930351617    2.930809498    2.953297298
    9.050000000    2.927957729    2.928414543    2.950846919
    9.060000000    2.925567686    2.926023436    2.948400555
    9.070000000    2.923181481    2.923636170    2.945958196
    9.080000000    2.920799106    2.921252738    2.943519837
    9.090000000    2.918420555    2.918873134    2.941085470
    9.100000000    2.916045822    2.916497351    2.938655087
    9.110000000    2.913674900    2.914125382    2.936228682
    9.120000000    2.911307782    2.911757220    2.933806247
    9.130000000    2.908944461    2.909392859    2.931387775
    9.140000000    2.906584931    2.907032293    2.928973259
    9.150000000    2.904229185    2.904675514    2.926562692
    9.160000000    2.901877217    2.902322515    2.924156066
    9.170000000    2.899529019    2.899973291    2.921753375
    9.180000000    2.897184586    2.897627835    2.919354610
    9.190000000    2.894843910    2.895286139    2.916959766
    9.200000000    2.892506985    2.892948198    2.914568835
    9.210000000    2.890173804    2.890614004    2.912181809
    9.220000000    2.887844361    2.888283551    2.909798682
    9.230000000    2.885518650    2.885956833    2.907419447
    9.240000000    2.883196662    2.883633842    2.905044096
    9.250000000    2.880878394    2.881314573    2.902672622
    9.260000000    2.878563836    2.878999019    2.900305019
    9.270000000    2.876252984    2.876687173    2.897941279
    9.280000000    2.873945830    2.874379028    2.895581395
    9.290000000    2.871642368    2.872074579    2.893225361
    9.300000000    2.869342591    2.869773818    2.890873169
    9.310000000    2.867046493    2.867476739    2.888524812
    9.320000000    2.864754068    2.865183336    2.886180283
    9.330000000    2.862465308    2.862893602    2.883839575
    9.340000000    2.860180209    2.860607530    2.881502681
    9.350000000    2.857898762    2.858325114    2.879169595
    9.360000000    2.855620961    2.856046349    2.876840309
    9.370000000    2.853346801    2.853771226    2.874514816
    9.380000000    2.851076274    2.851499740    2.872193110
    9.390000000    2.848809375    2.849231885    2.869875183
    9.400000000    2.846546097    2.846967653    2.867561029
    9.410000000    2.844286433    2.844707039    2.865250640
    9.420000000    2.842030377    2.842450035    2.862944011
    9.430000000    2.839777922    2.840196637    2.860641133
    9.440000000    2.837529063    2.837946836    2.858342000
    9.450000000    2.835283793    2.835700628    2.856046606
    9.460000000    2.833042105    2.833458005    2.853754943
    9.470000000    2.830803994    2.831218961    2.851467004
    9.480000000    2.828569452    2.828983490    2.849182783
    9.490000000    2.826338474    2.826751586    2.846902273
    9.500000000    2.824111053    2.824523241    2.844625468
    9.510000000    2.821887183    2.822298451    2.842352359
    9.520000000    2.819666858    2.820077208    2.840082941
    9.530000000    2.817450071    2.817859506    2.837817207
    9.540000000    2.815236816    2.815645339    2.835555150
    9.550000000    2.813027087    2.813434701    2.833296763
    9.560000000    2.810820877    2.811227585    2.831042040
    9.570000000    2.808618181    2.809023985    2.828790974
    9.580000000    2.806418991    2.806823895    2.826543557
    9.590000000    2.804223303    2.804627309    2.824299785
    9.600000000    2.802031109    2.802434220    2.822059649
    9.610000000    2.799842403    2.800244622    2.819823143
    9.620000000    2.797657180    2.798058509    2.817590260
    9.630000000    2.795475432    2.795875874    2.815360995
    9.640000000    2.793297154    2.793696713    2.813135339
    9.650000000    2.791122340    2.791521017    2.810913287
    9.660000000    2.788950984    2.789348782    2.808694832
    9.670000000    2.786783078    2.787180001    2.806479967
    9.680000000    2.784618618    2.785014668    2.804268686
    9.690000000    2.782457597    2.782852776    2.802060982
    9.700000000    2.780300008    2.780694320    2.799856849
    9.710000000    2.778145847    2.778539294    2.797656279
    9.720000000    2.775995106    2.776387691    2.795459267
    9.730000000    2.773847780    2.774239505    2.793265806
    9.740000000    2.771703862    2.772094730    2.791075889
    9.750000000    2.769563347    2.769953360    2.788889510
    9.760000000    2.767426228    2.767815389    2.786706663
    9.770000000    2.765292499    2.765680812    2.784527340
    9.780000000    2.763162155    2.763549621    2.782351536
    9.790000000    2.761035188    2.761421811    2.780179243
    9.800000000    2.758911594    2.759297375    2.778010456
    9.810000000    2.756791367    2.757176309    2.775845168
    9.820000000    2.754674499    2.755058605    2.773683372
    9.830000000    2.752560985    2.752944258    2.771525063
    9.840000000    2.750450820    2.750833261    2.769370233
    9.850000000    2.748343997    2.748725609    2.767218877
    9.860000000    2.746240510    2.746621297    2.765070987
    9.870000000    2.744140354    2.744520316    2.762926558
    9.880000000    2.742043521    2.742422663    2.760785583
    9.890000000    2.739950008    2.740328331    2.758648056
    9.900000000    2.737859806    2.738237313    2.756513970
    9.910000000    2.735772911    2.736149605    2.754383320
    9.920000000    2.733689317    2.734065200    2.752256098
    9.930000000    2.731609018    2.731984091    2.750132299
    9.940000000    2.729532007    2.729906275    2.748011915
    9.950000000    2.727458280    2.727831743    2.745894942
    9.960000000    2.725387829    2.725760491    2.743781372
    9.970000000    2.723320650    2.723692513    2.741671200
    9.980000000    2.721256736    2.721627803    2.739564418
    9.990000000    2.719196082    2.719566354    2.737461022
   10.000000000    2.717138681    2.717508162    2.735361004
   10.010000000    2.715084528    2.715453219    2.733264358
   10.020000000    2.713033618    2.713401522    2.731171078
   10.030000000    2.710985943    2.711353063    2.729081158
   10.040000000    2.708941499    2.709307836    2.726994592
   10.050000000    2.706900280    2.707265837    2.724911374
   10.060000000    2.704862280    2.705227059    2.722831496
   10.070000000    2.702827493    2.703191497    2.720754954
   10.080000000    2.700795913    2.701159144    2.718681741
   10.090000000    2.698767535    2.699129995    2.716611851
   10.100000000    2.696742353    2.697104044    2.714545278
   10.110000000    2.694720361    2.695081286    2.712482015
   10.120000000    2.692701554    2.693061715    2.710422057
   10.130000000    2.690685925    2.691045325    2.708365397
   10.140000000    2.688673469    2.689032110    2.706312029
   10.150000000    2.686664181    2.687022064    2.704261948
   10.160000000    2.684658055    2.685015183    2.702215147
   10.170000000    2.682655084    2.683011460    2.700171620
   10.180000000    2.680655264    2.681010889    2.698131362
   10.190000000    2.678658589    2.679013466    2.696094365
   10.200000000    2.676665052    2.677019184    2.694060624
   10.210000000    2.674674650    2.675028037    2.692030134
   10.220000000    2.672687375    2.673040021    2.690002888
   10.230000000    2.670703222    2.671055129    2.687978879
   10.240000000    2.668722186    2.669073355    2.685958103
   10.250000000    2.666744261    2.667094695    2.683940553
   10.260000000    2.664769441    2.665119143    2.681926223
   10.270000000    2.662797722    2.663146692    2.679915107
   10.280000000    2.660829097    2.661177338    2.677907200
   10.290000000    2.658863560    2.659211075    2.675902494
   10.300000000    2.656901107    2.657247898    2.673900986
   10.310000000    2.654941731    2.655287800    2.671902668
   10.320000000    2.652985428    2.653330776    2.669907534
   10.330000000    2.651032191    2.651376821    2.667915580
   10.340000000    2.649082015    2.649425930    2.665926798
   10.350000000    2.647134895    2.647478096    2.663941183
   10.360000000    2.645190825    2.645533314    2.661958730
   10.370000000    2.643249800    2.643591580    2.659979432
   10.380000000    2.641311814    2.641652886    2.658003283
   10.390000000    2.639376862    2.639717228    2.656030278
   10.400000000    2.637444939    2.637784601    2.654060411
   10.410000000    2.635516038    2.635854999    2.652093676
   10.420000000    2.633590154    2.633928416    2.650130068
   10.430000000    2.631667283    2.632004847    2.648169580
   10.440000000    2.629747418    2.630084286    2.646212207
   10.450000000    2.627830554    2.628166729    2.644257943
   10.460000000    2.625916686    2.626252170    2.642306782
   10.470000000    2.624005809    2.624340603    2.640358719
   10.480000000    2.622097917    2.622432024    2.638413748
   10.490000000    2.620193004    2.620526425    2.636471863
   10.500000000    2.618291066    2.618623804    2.634533058
   10.510000000    2.616392097    2.616724153    2.632597328
   10.520000000    2.614496091    2.614827468    2.630664667
   10.530000000    2.612603044    2.612933743    2.628735070
   10.540000000    2.610712950    2.611042973    2.626808530
   10.550000000    2.608825803    2.609155153    2.624885043
   10.560000000    2.606941599    2.607270277    2.622964602
   10.570000000    2.605060332    2.605388340    2.621047201
   10.580000000    2.603181997    2.603509337    2.619132836
   10.590000000    2.601306589    2.601633262    2.617221501
   10.600000000    2.599434101    2.599760111    2.615313190
   10.610000000    2.597564530    2.597889877    2.613407897
   10.620000000    2.595697870    2.596022557    2.611505617
   10.630000000    2.593834115    2.594158143    2.609606344
   10.640000000    2.591973261    2.592296632    2.607710073
   10.650000000    2.590115302    2.590438018    2.605816798
   10.660000000    2.588260232    2.588582296    2.603926514
   10.670000000    2.586408048    2.586729460    2.602039215
   10.680000000    2.584558743    2.584879506    2.600154896
   10.690000000    2.582712312    2.583032428    2.598273551
   10.700000000    2.580868751    2.581188221    2.596395174
   10.710000000    2.579028054    2.579346880    2.594519761
   10.720000000    2.577190215    2.577508400    2.592647306
   10.730000000    2.575355231    2.575672775    2.590777802
   10.740000000    2.573523095    2.573840000    2.588911246
   10.750000000    2.571693802    2.572010071    2.587047631
   10.760000000    2.569867348    2.570182982    2.585186951
   10.770000000    2.568043727    2.568358729    2.583329203
   10.780000000    2.566222934    2.566537305    2.581474379
   10.790000000    2.564404965    2.564718706    2.579622475
   10.800000000    2.562589813    2.562902927    2.577773485
   10.810000000    2.560777475    2.561089962    2.575927405
   10.820000000    2.558967944    2.559279807    2.574084227
   10.830000000    2.557161216    2.557472457    2.572243948
   10.840000000    2.555357286    2.555667907    2.570406562
   10.850000000    2.553556149    2.553866150    2.568572064
   10.860000000    2.551757800    2.552067184    2.566740447
   10.870000000    2.549962233    2.550271002    2.564911708
   10.880000000    2.548169444    2.548477599    2.563085840
   10.890000000    2.546379428    2.546686971    2.561262838
   10.900000000    2.544592180    2.544899112    2.559442697
   10.910000000    2.542807694    2.543114018    2.557625412
   10.920000000    2.541025966    2.541331683    2.555810978
   10.930000000    2.539246991    2.539552102    2.553999388
   10.940000000    2.537470764    2.537775272    2.552190639
   10.950000000    2.535697280    2.536001186    2.550384724
   10.960000000    2.533926534    2.534229839    2.548581639
   10.970000000    2.532158521    2.532461227    2.546781378
   10.980000000    2.530393236    2.530695346    2.544983936
   10.990000000    2.528630674    2.528932189    2.543189307
   11.000000000    2.526870831    2.527171752    2.541397488
   11.010000000    2.525113702    2.525414030    2.539608472
   11.020000000    2.523359281    2.523659019    2.537822254
   11.030000000    2.521607563    2.521906713    2.536038829
   11.040000000    2.519858545    2.520157107    2.534258192
   11.050000000    2.518112220    2.518410197    2.532480338
   11.060000000    2.516368585    2.516665978    2.530705262
   11.070000000    2.514627634    2.514924445    2.528932959
   11.080000000    2.512889363    2.513185593    2.527163423
   11.090000000    2.511153767    2.511449417    2.525396649
   11.100000000    2.509420840    2.509715913    2.523632633
   11.110000000    2.507690578    2.507985075    2.521871369
   11.120000000    2.505962977    2.506256899    2.520112852
   11.130000000    2.504238031    2.504531381    2.518357077
   11.140000000    2.502515736    2.502808515    2.516604039
   11.150000000    2.500796087    2.501088296    2.514853733
   11.160000000    2.499079080    2.499370720    2.513106154
   11.170000000    2.497364708    2.497655782    2.511361298
   11.180000000    2.495652969    2.495943477    2.509619158
   11.190000000    2.493943856    2.494233801    2.507879730
   11.200000000    2.492237366    2.492526749    2.506143008
   11.210000000    2.490533494    2.490822316    2.504408989
   11.220000000    2.488832234    2.489120497    2.502677667
   11.230000000    2.487133582    2.487421288    2.500949037
   11.240000000    2.485437534    2.485724684    2.499223094
   11.250000000    2.483744085    2.484030680    2.497499833
   11.260000000    2.482053230    2.482339272    2.495779249
   11.270000000    2.480364965    2.480650455    2.494061338
   11.280000000    2.478679284    2.478964225    2.492346093
   11.290000000    2.476996183    2.477280576    2.490633512
   11.300000000    2.475315658    2.475599504    2.488923587
   11.310000000    2.473637704    2.473921004    2.487216316
   11.320000000    2.471962317    2.472245072    2.485511692
   11.330000000    2.470289491    2.470571703    2.483809711
   11.340000000    2.468619222    2.468900893    2.482110368
   11.350000000    2.466951506    2.467232637    2.480413658
   11.360000000    2.465286337    2.465566931    2.478719577
   11.370000000    2.463623712    2.463903769    2.477028119
   11.380000000    2.461963626    2.462243147    2.475339280
   11.390000000    2.460306074    2.460585061    2.473653055
   11.400000000    2.458651051    2.458929506    2.471969438
   11.410000000    2.456998554    2.457276478    2.470288427
   11.420000000    2.455348578    2.455625971    2.468610014
   11.430000000    2.453701117    2.453977982    2.466934196
   11.440000000    2.452056168    2.452332507    2.465260969
   11.450000000    2.450413726    2.450689539    2.463590326
   11.460000000    2.448773787    2.449049076    2.461922264
   11.470000000    2.447136346    2.447411112    2.460256777
   11.480000000    2.445501398    2.445775643    2.458593862
   11.490000000    2.443868940    2.444142664    2.456933513
   11.500000000    2.442238966    2.442512172    2.455275725
   11.510000000    2.440611472    2.440884161    2.453620494
   11.520000000    2.438986454    2.439258627    2.451967815
   11.530000000    2.437363907    2.437635566    2.450317684
   11.540000000    2.435743828    2.436014973    2.448670096
   11.550000000    2.434126210    2.434396844    2.447025045
   11.560000000    2.432511051    2.432781174    2.445382528
   11.570000000    2.430898345    2.431167960    2.443742540
   11.580000000    2.429288089    2.429557195    2.442105076
   11.590000000    2.427680277    2.427948877    2.440470132
   11.600000000    2.426074906    2.426343001    2.438837703
   11.610000000    2.424471971    2.424739562    2.437207784
   11.620000000    2.422871468    2.423138556    2.435580370
   11.630000000    2.421273392    2.421539979    2.433955458
   11.640000000    2.419677739    2.419943826    2.432333042
   11.650000000    2.418084504    2.418350093    2.430713119
   11.660000000    2.416493684    2.416758776    2.429095682
   11.670000000    2.414905274    2.415169870    2.427480729
   11.680000000    2.413319270    2.413583371    2.425868254
   11.690000000    2.411735666    2.411999275    2.424258252
   11.700000000    2.410154461    2.410417577    2.422650720
   11.710000000    2.408575647    2.408838273    2.421045652
   11.720000000    2.406999223    2.407261359    2.419443045
   11.730000000    2.405425182    2.405686830    2.417842893
   11.740000000    2.403853522    2.404114683    2.416245193
   11.750000000    2.402284237    2.402544912    2.414649939
   11.760000000    2.400717323    2.400977514    2.413057127
   11.770000000    2.399152777    2.399412485    2.411466754
   11.780000000    2.397590594    2.397849820    2.409878813
   11.790000000    2.396030769    2.396289515    2.408293301
   11.800000000    2.394473299    2.394731565    2.406710214
   11.810000000    2.392918179    2.393175967    2.405129547
   11.820000000    2.391365405    2.391622716    2.403551295
   11.830000000    2.389814973    2.390071809    2.401975454
   11.840000000    2.388266879    2.388523240    2.400402020
   11.850000000    2.386721118    2.386977006    2.398830988
   11.860000000    2.385177687    2.385433103    2.397262355
   11.870000000    2.383636581    2.383891526    2.395696114
   11.880000000    2.382097796    2.382352271    2.394132263
   11.890000000    2.380561327    2.380815334    2.392570797
   11.900000000    2.379027172    2.379280712    2.391011711
   11.910000000    2.377495324    2.377748399    2.389455001
   11.920000000    2.375965782    2.376218391    2.387900663
   11.930000000    2.374438540    2.374690686    2.386348693
   11.940000000    2.372913594    2.373165277    2.384799085
   11.950000000    2.371390940    2.371642162    2.383251837
   11.960000000    2.369870574    2.370121336    2.381706942
   11.970000000    2.368352492    2.368602795    2.380164398
   11.980000000    2.366836690    2.367086536    2.378624200
   11.990000000    2.365323163    2.365572553    2.377086344
   12.000000000    2.363811909    2.364060843    2.375550825
   12.010000000    2.362302922    2.362551402    2.374017639
   12.020000000    2.360796199    2.361044225    2.372486781
   12.030000000    2.359291735    2.359539310    2.370958249
   12.040000000    2.357789527    2.358036651    2.369432036
   12.050000000    2.356289570    2.356536245    2.367908140
   12.060000000    2.354791861    2.355038087    2.366386556
   12.070000000    2.353296395    2.353542174    2.364867279
   12.080000000    2.351803169    2.352048502    2.363350306
   12.090000000    2.350312178    2.350557066    2.361835632
   12.100000000    2.348823419    2.349067863    2.360323253
   12.110000000    2.347336887    2.347580888    2.358813165
   12.120000000    2.345852579    2.346096139    2.357305364
   12.130000000    2.344370490    2.344613609    2.355799846
   12.140000000    2.342890618    2.343133297    2.354296605
   12.150000000    2.341412956    2.341655197    2.352795640
   12.160000000    2.339937503    2.340179307    2.351296944
   12.170000000    2.338464253    2.338705621    2.349800514
   12.180000000    2.336993203    2.337234136    2.348306346
   12.190000000    2.335524349    2.335764848    2.346814436
   12.200000000    2.334057687    2.334297753    2.345324780
   12.210000000    2.332593213    2.332832848    2.343837373
   12.220000000    2.331130924    2.331370128    2.342352212
   12.230000000    2.329670815    2.329909589    2.340869292
   12.240000000    2.328212882    2.328451228    2.339388609
   12.250000000    2.326757122    2.326995040    2.337910160
   12.260000000    2.325303530    2.325541022    2.336433939
   12.270000000    2.323852104    2.324089170    2.334959944
   12.280000000    2.322402838    2.322639481    2.333488170
   12.290000000    2.320955730    2.321191949    2.332018614
   12.300000000    2.319510775    2.319746572    2.330551270
   12.310000000    2.318067969    2.318303345    2.329086135
   12.320000000    2.316627309    2.316862265    2.327623205
   12.330000000    2.315188791    2.315423328    2.326162477
   12.340000000    2.313752411    2.313986530    2.324703945
   12.350000000    2.312318165    2.312551868    2.323247606
   12.360000000    2.310886050    2.311119336    2.321793457
   12.370000000    2.309456061    2.309688933    2.320341492
   12.380000000    2.308028195    2.308260653    2.318891709
   12.390000000    2.306602448    2.306834494    2.317444103
   12.400000000    2.305178817    2.305410450    2.315998670
   12.410000000    2.303757297    2.303988520    2.314555406
   12.420000000    2.302337885    2.302568698    2.313114308
   12.430000000    2.300920577    2.301150982    2.311675371
   12.440000000    2.299505370    2.299735366    2.310238591
   12.450000000    2.298092259    2.298321849    2.308803966
   12.460000000    2.296681241    2.296910425    2.307371490
   12.470000000    2.295272312    2.295501091    2.305941160
   12.480000000    2.293865468    2.294093844    2.304512971
   12.490000000    2.292460706    2.292688680    2.303086921
   12.500000000    2.291058023    2.291285594    2.301663005
   12.510000000    2.289657414    2.289884585    2.300241220
   12.520000000    2.288258875    2.288485646    2.298821560
   12.530000000    2.286862404    2.287088776    2.297404024
   12.540000000    2.285467996    2.285693970    2.295988606
   12.550000000    2.284075647    2.284301225    2.294575304
   12.560000000    2.282685355    2.282910537    2.293164112
   12.570000000    2.281297115    2.281521902    2.291755028
   12.580000000    2.279910924    2.280135317    2.290348047
   12.590000000    2.278526778    2.278750778    2.288943166
   12.600000000    2.277144673    2.277368282    2.287540381
   12.610000000    2.275764607    2.275987824    2.286139688
   12.620000000    2.274386574    2.274609402    2.284741083
   12.630000000    2.273010573    2.273233011    2.283344563
   12.640000000    2.271636598    2.271858648    2.281950124
   12.650000000    2.270264647    2.270486310    2.280557762
   12.660000000    2.268894716    2.269115993    2.279167474
   12.670000000    2.267526801    2.267747693    2.277779255
   12.680000000    2.266160899    2.266381406    2.276393101
   12.690000000    2.264797007    2.265017130    2.275009010
   12.700000000    2.263435119    2.263654861    2.273626978
   12.710000000    2.262075234    2.262294594    2.272247000
   12.720000000    2.260717348    2.260936327    2.270869073
   12.730000000    2.259361457    2.259580056    2.269493193
   12.740000000    2.258007557    2.258225777    2.268119357
   12.750000000    2.256655645    2.256873488    2.266747561
   12.760000000    2.255305718    2.255523183    2.265377801
   12.770000000    2.253957771    2.254174861    2.264010074
   12.780000000    2.252611802    2.252828517    2.262644376
   12.790000000    2.251267807    2.251484147    2.261280703
   12.800000000    2.249925783    2.250141749    2.259919051
   12.810000000    2.248585725    2.248801320    2.258559418
   12.820000000    2.247247632    2.247462854    2.257201799
   12.830000000    2.245911498    2.246126350    2.255846191
   12.840000000    2.244577320    2.244791802    2.254492590
   12.850000000    2.243245096    2.243459209    2.253140992
   12.860000000    2.241914822    2.242128567    2.251791395
   12.870000000    2.240586494    2.240799872    2.250443794
   12.880000000    2.239260109    2.239473120    2.249098185
   12.890000000    2.237935663    2.238148309    2.247754566
   12.900000000    2.236613153    2.236825435    2.246412932
   12.910000000    2.235292576    2.235504494    2.245073280
   12.920000000    2.233973927    2.234185483    2.243735607
   12.930000000    2.232657205    2.232868399    2.242399909
   12.940000000    2.231342405    2.231553238    2.241066182
   12.950000000    2.230029524    2.230239997    2.239734423
   12.960000000    2.228718559    2.228928672    2.238404628
   12.970000000    2.227409506    2.227619260    2.237076794
   12.980000000    2.226102361    2.226311758    2.235750918
   12.990000000    2.224797123    2.225006163    2.234426995
   13.000000000    2.223493786    2.223702470    2.233105022
   13.010000000    2.222192348    2.222400677    2.231784996
   13.020000000    2.220892806    2.221100781    2.230466914
   13.030000000    2.219595156    2.219802777    2.229150771
   13.040000000    2.218299394    2.218506663    2.227836565
   13.050000000    2.217005518    2.217212436    2.226524291
   13.060000000    2.215713524    2.215920091    2.225213947
   13.070000000    2.214423409    2.214629626    2.223905529
   13.080000000    2.213135170    2.213341037    2.222599033
   13.090000000    2.211848803    2.212054322    2.221294456
   13.100000000    2.210564305    2.210769476    2.219991795
   13.110000000    2.209281672    2.209486497    2.218691047
   13.120000000    2.208000902    2.208205381    2.217392207
   13.130000000    2.206721991    2.206926124    2.216095272
   13.140000000    2.205444936    2.205648725    2.214800239
   13.150000000    2.204169733    2.204373179    2.213507105
   13.160000000    2.202896380    2.203099483    2.212215866
   13.170000000    2.201624873    2.201827634    2.210926519
   13.180000000    2.200355209    2.200557629    2.209639060
   13.190000000    2.199087384    2.199289464    2.208353486
   13.200000000    2.197821396    2.198023136    2.207069794
   13.210000000    2.196557241    2.196758642    2.205787981
   13.220000000    2.195294916    2.195495979    2.204508042
   13.230000000    2.194034418    2.194235144    2.203229975
   13.240000000    2.192775743    2.192976133    2.201953776
   13.250000000    2.191518888    2.191718943    2.200679442
   13.260000000    2.190263851    2.190463571    2.199406970
   13.270000000    2.189010628    2.189210014    2.198136356
   13.280000000    2.187759216    2.187958268    2.196867597
   13.290000000    2.186509611    2.186708331    2.195600690
   13.300000000    2.185261811    2.185460199    2.194335631
   13.310000000    2.184015812    2.184213869    2.193072417
   13.320000000    2.182771611    2.182969338    2.191811045
   13.330000000    2.181529205    2.181726603    2.190551511
   13.340000000    2.180288591    2.180485661    2.189293813
   13.350000000    2.179049766    2.179246508    2.188037947
   13.360000000    2.177812726    2.178009141    2.186783910
   13.370000000    2.176577469    2.176773558    2.185531698
   13.380000000    2.175343991    2.175539754    2.184281308
   13.390000000    2.174112290    2.174307728    2.183032737
   13.400000000    2.172882361    2.173077476    2.181785983
   13.410000000    2.171654203    2.171848994    2.180541040
   13.420000000    2.170427812    2.170622280    2.179297907
   13.430000000    2.169203184    2.169397331    2.178056580
   13.440000000    2.167980317    2.168174143    2.176817056
   13.450000000    2.166759209    2.166952714    2.175579332
   13.460000000    2.165539854    2.165733040    2.174343404
   13.470000000    2.164322251    2.164515118    2.173109269
   13.480000000    2.163106397    2.163298946    2.171876925
   13.490000000    2.161892289    2.162084520    2.170646368
   13.500000000    2.160679922    2.160871837    2.169417594
   13.510000000    2.159469295    2.159660894    2.168190601
   13.520000000    2.158260405    2.158451689    2.166965385
   13.530000000    2.157053248    2.157244217    2.165741944
   13.540000000    2.155847821    2.156038476    2.164520274
   13.550000000    2.154644121    2.154834464    2.163300372
   13.560000000    2.153442146    2.153632176    2.162082235
   13.570000000    2.152241892    2.152431611    2.160865860
   13.580000000    2.151043356    2.151232764    2.159651243
   13.590000000    2.149846536    2.150035634    2.158438382
   13.600000000    2.148651428    2.148840216    2.157227273
   13.610000000    2.147458029    2.147646508    2.156017914
   13.620000000    2.146266337    2.146454508    2.154810301
   13.630000000    2.145076348    2.145264212    2.153604431
   13.640000000    2.143888059    2.144075616    2.152400301
   13.650000000    2.142701468    2.142888719    2.151197908
   13.660000000    2.141516571    2.141703517    2.149997249
   13.670000000    2.140333366    2.140520008    2.148798321
   13.680000000    2.139151849    2.139338187    2.147601121
   13.690000000    2.137972019    2.138158053    2.146405645
   13.700000000    2.136793871    2.136979603    2.145211891
   13.710000000    2.135617402    2.135802833    2.144019856
   13.720000000    2.134442611    2.134627740    2.142829537
   13.730000000    2.133269494    2.133454323    2.141640930
   13.740000000    2.132098048    2.132282577    2.140454032
   13.750000000    2.130928270    2.131112500    2.139268842
   13.760000000    2.129760157    2.129944089    2.138085354
   13.770000000    2.128593707    2.128777341    2.136903568
   13.780000000    2.127428916    2.127612253    2.135723479
   13.790000000    2.126265782    2.126448822    2.134545084
   13.800000000    2.125104302    2.125287046    2.133368382
   13.810000000    2.123944472    2.124126922    2.132193367
   13.820000000    2.122786291    2.122968446    2.131020039
   13.830000000    2.121629755    2.121811616    2.129848393
   13.840000000    2.120474861    2.120656429    2.128678426
   13.850000000    2.119321607    2.119502883    2.127510137
   13.860000000    2.118169989    2.118350973    2.126343521
   13.870000000    2.117020005    2.117200698    2.125178576
   13.880000000    2.115871652    2.116052055    2.124015299
   13.890000000    2.114724928    2.114905041    2.122853687
   13.900000000    2.113579828    2.113759652    2.121693738
   13.910000000    2.112436352    2.112615887    2.120535447
   13.920000000    2.111294495    2.111473742    2.119378812
   13.930000000    2.110154255    2.110333215    2.118223831
   13.940000000    2.109015629    2.109194302    2.117070500
   13.950000000    2.107878614    2.108057002    2.115918817
   13.960000000    2.106743208    2.106921310    2.114768778
   13.970000000    2.105609408    2.105787225    2.113620381
   13.980000000    2.104477210    2.104654744    2.112473623
   13.990000000    2.103346613    2.103523864    2.111328501
   14.000000000    2.102217614    2.102394582    2.110185012
   14.010000000    2.101090209    2.101266895    2.109043153
   14.020000000    2.099964396    2.100140800    2.107902922
   14.030000000    2.098840172    2.099016296    2.106764315
   14.040000000    2.097717535    2.097893378    2.105627330
   14.050000000    2.096596482    2.096772045    2.104491964
   14.060000000    2.095477009    2.095652294    2.103358214
   14.070000000    2.094359115    2.094534121    2.102226077
   14.080000000    2.093242797    2.093417525    2.101095550
   14.090000000    2.092128051    2.092302502    2.099966631
   14.100000000    2.091014875    2.091189050    2.098839317
   14.110000000    2.089903267    2.090077166    2.097713604
   14.120000000    2.088793224    2.088966847    2.096589491
   14.130000000    2.087684742    2.087858091    2.095466974
   14.140000000    2.086577820    2.086750895    2.094346050
   14.150000000    2.085472455    2.085645256    2.093226718
   14.160000000    2.084368643    2.084541171    2.092108973
   14.170000000    2.083266383    2.083438639    2.090992813
   14.180000000    2.082165672    2.082337656    2.089878236
   14.190000000    2.081066506    2.081238219    2.088765239
   14.200000000    2.079968884    2.080140326    2.087653818
   14.210000000    2.078872802    2.079043975    2.086543972
   14.220000000    2.077778259    2.077949162    2.085435697
   14.230000000    2.076685251    2.076855885    2.084328991
   14.240000000    2.075593775    2.075764142    2.083223851
   14.250000000    2.074503830    2.074673929    2.082120274
   14.260000000    2.073415412    2.073585244    2.081018257
   14.270000000    2.072328519    2.072498084    2.079917798
   14.280000000    2.071243148    2.071412448    2.078818895
   14.290000000    2.070159297    2.070328332    2.077721543
   14.300000000    2.069076963    2.069245733    2.076625741
   14.310000000    2.067996143    2.068164649    2.075531487
   14.320000000    2.066916835    2.067085078    2.074438776
   14.330000000    2.065839036    2.066007016    2.073347607
   14.340000000    2.064762744    2.064930462    2.072257977
   14.350000000    2.063687956    2.063855412    2.071169883
   14.360000000    2.062614670    2.062781864    2.070083323
   14.370000000    2.061542882    2.061709816    2.068998294
   14.380000000    2.060472591    2.060639264    2.067914792
   14.390000000    2.059403793    2.059570207    2.066832817
   14.400000000    2.058336487    2.058502642    2.065752364
   14.410000000    2.057270669    2.057436566    2.064673432
   14.420000000    2.056206338    2.056371977    2.063596017
   14.430000000    2.055143490    2.055308872    2.062520117
   14.440000000    2.054082123    2.054247248    2.061445730
   14.450000000    2.053022234    2.053187103    2.060372852
   14.460000000    2.051963822    2.052128435    2.059301481
   14.470000000    2.050906883    2.051071241    2.058231615
   14.480000000    2.049851415    2.050015519    2.057163251
   14.490000000    2.048797415    2.048961265    2.056096386
   14.500000000    2.047744881    2.047908478    2.055031018
   14.510000000    2.046693811    2.046857155    2.053967144
   14.520000000    2.045644202    2.045807293    2.052904761
   14.530000000    2.044596050    2.044758890    2.051843868
   14.540000000    2.043549355    2.043711944    2.050784461
   14.550000000    2.042504114    2.042666452    2.049726537
   14.560000000    2.041460323    2.041622411    2.048670095
   14.570000000    2.040417981    2.040579819    2.047615132
   14.580000000    2.039377085    2.039538674    2.046561644
   14.590000000    2.038337632    2.038498973    2.045509630
   14.600000000    2.037299620    2.037460713    2.044459087
   14.610000000    2.036263047    2.036423893    2.043410013
   14.620000000    2.035227911    2.035388509    2.042362405
   14.630000000    2.034194208    2.034354560    2.041316260
   14.640000000    2.033161936    2.033322042    2.040271575
   14.650000000    2.032131093    2.032290954    2.039228350
   14.660000000    2.031101677    2.031261293    2.038186580
   14.670000000    2.030073684    2.030233056    2.037146263
   14.680000000    2.029047114    2.029206241    2.036107397
   14.690000000    2.028021962    2.028180847    2.035069980
   14.700000000    2.026998227    2.027156869    2.034034008
   14.710000000    2.025975906    2.026134306    2.032999479
   14.720000000    2.024954998    2.025113156    2.031966392
   14.730000000    2.023935499    2.024093416    2.030934743
   14.740000000    2.022917407    2.023075083    2.029904529
   14.750000000    2.021900720    2.022058156    2.028875749
   14.760000000    2.020885435    2.021042631    2.027848400
   14.770000000    2.019871550    2.020028507    2.026822480
   14.780000000    2.018859063    2.019015781    2.025797986
   14.790000000    2.017847971    2.018004451    2.024774915
   14.800000000    2.016838271    2.016994514    2.023753265
   14.810000000    2.015829963    2.015985969    2.022733034
   14.820000000    2.014823042    2.014978812    2.021714219
   14.830000000    2.013817508    2.013973041    2.020696818
   14.840000000    2.012813356    2.012968654    2.019680828
   14.850000000    2.011810586    2.011965649    2.018666247
   14.860000000    2.010809195    2.010964023    2.017653073
   14.870000000    2.009809180    2.009963774    2.016641303
   14.880000000    2.008810539    2.008964899    2.015630935
   14.890000000    2.007813270    2.007967397    2.014621966
   14.900000000    2.006817370    2.006971265    2.013614393
   14.910000000    2.005822838    2.005976500    2.012608216
   14.920000000    2.004829670    2.004983101    2.011603430
   14.930000000    2.003837865    2.003991065    2.010600034
   14.940000000    2.002847420    2.003000389    2.009598026
   14.950000000    2.001858333    2.002011072    2.008597402
   14.960000000    2.000870602    2.001023111    2.007598162
   14.970000000    1.999884224    2.000036503    2.006600301
   14.980000000    1.998899197    1.999051247    2.005603818
   14.990000000    1.997915518    1.998067341    2.004608711
   15.000000000    1.996933186    1.997084781    2.003614977
   15.010000000    1.995952199    1.996103566    2.002622613
   15.020000000    1.994972553    1.995123694    2.001631619
   15.030000000    1.993994247    1.994145161    2.000641990
   15.040000000    1.993017278    1.993167967    1.999653725
   15.050000000    1.992041645    1.992192108    1.998666822
   15.060000000    1.991067344    1.991217582    1.997681277
   15.070000000    1.990094374    1.990244388    1.996697090
   15.080000000    1.989122733    1.989272522    1.995714257
   15.090000000    1.988152418    1.988301984    1.994732776
   15.100000000    1.987183426    1.987332769    1.993752645
   15.110000000    1.986215757    1.986364877    1.992773862
   15.120000000    1.985249406    1.985398305    1.991796424
   15.130000000    1.984284374    1.984433050    1.990820329
   15.140000000    1.983320656    1.983469111    1.989845574
   15.150000000    1.982358251    1.982506485    1.988872158
   15.160000000    1.981397156    1.981545170    1.987900078
   15.170000000    1.980437370    1.980585164    1.986929332
   15.180000000    1.979478890    1.979626465    1.985959918
   15.190000000    1.978521715    1.978669071    1.984991833
   15.200000000    1.977565841    1.977712978    1.984025075
   15.210000000    1.976611267    1.976758186    1.983059642
   15.220000000    1.975657990    1.975804692    1.982095531
   15.230000000    1.974706008    1.974852493    1.981132740
   15.240000000    1.973755320    1.973901588    1.980171268
   15.250000000    1.972805922    1.972951974    1.979211111
   15.260000000    1.971857814    1.972003650    1.978252268
   15.270000000    1.970910992    1.971056612    1.977294737
   15.280000000    1.969965454    1.970110860    1.976338514
   15.290000000    1.969021199    1.969166390    1.975383599
   15.300000000    1.968078224    1.968223201    1.974429988
   15.310000000    1.967136526    1.967281290    1.973477679
   15.320000000    1.966196105    1.966340656    1.972526671
   15.330000000    1.965256958    1.965401295    1.971576961
   15.340000000    1.964319082    1.964463207    1.970628546
   15.350000000    1.963382475    1.963526389    1.969681425
   15.360000000    1.962447136    1.962590838    1.968735596
   15.370000000    1.961513062    1.961656553    1.967791056
   15.380000000    1.960580251    1.960723532    1.966847803
   15.390000000    1.959648701    1.959791772    1.965905835
   15.400000000    1.958718410    1.958861271    1.964965150
   15.410000000    1.957789376    1.957932028    1.964025745
   15.420000000    1.956861597    1.957004040    1.963087618
   15.430000000    1.955935070    1.956077304    1.962150768
   15.440000000    1.955009793    1.955151820    1.961215192
   15.450000000    1.954085765    1.954227584    1.960280888
   15.460000000    1.953162983    1.953304595    1.959347853
   15.470000000    1.952241446    1.952382851    1.958416087
   15.480000000    1.951321150    1.951462350    1.957485585
   15.490000000    1.950402095    1.950543088    1.956556347
   15.500000000    1.949484278    1.949625066    1.955628370
   15.510000000    1.948567697    1.948708279    1.954701652
   15.520000000    1.947652349    1.947792727    1.953776192
   15.530000000    1.946738233    1.946878408    1.952851986
   15.540000000    1.945825348    1.945965318    1.951929032
   15.550000000    1.944913689    1.945053456    1.951007330
   15.560000000    1.944003257    1.944142821    1.950086875
   15.570000000    1.943094048    1.943233410    1.949167667
   15.580000000    1.942186061    1.942325220    1.948249704
   15.590000000    1.941279293    1.941418251    1.947332982
   15.600000000    1.940373743    1.940512500    1.946417501
   15.610000000    1.939469409    1.939607964    1.945503258
   15.620000000    1.938566288    1.938704643    1.944590251
   15.630000000    1.937664378    1.937802533    1.943678477
   15.640000000    1.936763678    1.936901633    1.942767935
   15.650000000    1.935864185    1.936001941    1.941858623
   15.660000000    1.934965898    1.935103455    1.940950539
   15.670000000    1.934068814    1.934206173    1.940043680
   15.680000000    1.933172932    1.933310092    1.939138044
   15.690000000    1.932278249    1.932415212    1.938233630
   15.700000000    1.931384763    1.931521529    1.937330436
   15.710000000    1.930492473    1.930629042    1.936428459
   15.720000000    1.929601377    1.929737749    1.935527697
   15.730000000    1.928711472    1.928847648    1.934628148
   15.740000000    1.927822756    1.927958737    1.933729811
   15.750000000    1.926935228    1.927071014    1.932832682
   15.760000000    1.926048886    1.926184476    1.931936761
   15.770000000    1.925163727    1.925299123    1.931042045
   15.780000000    1.924279750    1.924414952    1.930148533
   15.790000000    1.923396953    1.923531961    1.929256221
   15.800000000    1.922515333    1.922650148    1.928365108
   15.810000000    1.921634889    1.921769511    1.927475193
   15.820000000    1.920755619    1.920890049    1.926586472
   15.830000000    1.919877521    1.920011758    1.925698945
   15.840000000    1.919000593    1.919134639    1.924812609
   15.850000000    1.918124833    1.918258687    1.923927462
   15.860000000    1.917250239    1.917383902    1.923043502
   15.870000000    1.916376810    1.916510282    1.922160727
   15.880000000    1.915504542    1.915637824    1.921279135
   15.890000000    1.914633435    1.914766527    1.920398724
   15.900000000    1.913763486    1.913896389    1.919519493
   15.910000000    1.912894694    1.913027407    1.918641438
   15.920000000    1.912027056    1.912159581    1.917764559
   15.930000000    1.911160571    1.911292908    1.916888854
   15.940000000    1.910295237    1.910427386    1.916014319
   15.950000000    1.909431052    1.909563013    1.915140954
   15.960000000    1.908568014    1.908699787    1.914268757
   15.970000000    1.907706121    1.907837707    1.913397725
   15.980000000    1.906845371    1.906976771    1.912527856
   15.990000000    1.905985762    1.906116976    1.911659149
   16.000000000    1.905127293    1.905258321    1.910791602
   16.010000000    1.904269962    1.904400804    1.909925212
   16.020000000    1.903413766    1.903544423    1.909059978
   16.030000000    1.902558704    1.902689177    1.908195898
   16.040000000    1.901704774    1.901835062    1.907332970
   16.050000000    1.900851974    1.900982078    1.906471192
   16.060000000    1.900000302    1.900130223    1.905610563
   16.070000000    1.899149757    1.899279495    1.904751079
   16.080000000    1.898300336    1.898429891    1.903892740
   16.090000000    1.897452038    1.897581410    1.903035543
   16.100000000    1.896604861    1.896734051    1.902179487
   16.110000000    1.895758803    1.895887811    1.901324569
   16.120000000    1.894913861    1.895042689    1.900470788
   16.130000000    1.894070036    1.894198682    1.899618142
   16.140000000    1.893227324    1.893355789    1.898766628
   16.150000000    1.892385723    1.892514008    1.897916246
   16.160000000    1.891545232    1.891673337    1.897066993
   16.170000000    1.890705850    1.890833775    1.896218868
   16.180000000    1.889867573    1.889995319    1.895371867
   16.190000000    1.889030401    1.889157968    1.894525991
   16.200000000    1.888194332    1.888321720    1.893681236
   16.210000000    1.887359363    1.887486573    1.892837601
   16.220000000    1.886525493    1.886652526    1.891995084
   16.230000000    1.885692721    1.885819576    1.891153683
   16.240000000    1.884861044    1.884987721    1.890313396
   16.250000000    1.884030460    1.884156961    1.889474222
   16.260000000    1.883200968    1.883327292    1.888636159
   16.270000000    1.882372566    1.882498715    1.887799204
   16.280000000    1.881545253    1.881671225    1.886963357
   16.290000000    1.880719026    1.880844823    1.886128614
   16.300000000    1.879893883    1.880019505    1.885294975
   16.310000000    1.879069824    1.879195271    1.884462437
   16.320000000    1.878246846    1.878372118    1.883630999
   16.330000000    1.877424947    1.877550045    1.882800659
   16.340000000    1.876604125    1.876729050    1.881971414
   16.350000000    1.875784380    1.875909131    1.881143264
   16.360000000    1.874965708    1.875090286    1.880316207
   16.370000000    1.874148109    1.874272514    1.879490240
   16.380000000    1.873331580    1.873455813    1.878665362
   16.390000000    1.872516121    1.872640181    1.877841570
   16.400000000    1.871701728    1.871825617    1.877018864
   16.410000000    1.870888401    1.871012118    1.876197242
   16.420000000    1.870076137    1.870199683    1.875376701
   16.430000000    1.869264935    1.869388311    1.874557240
   16.440000000    1.868454793    1.868577999    1.873738857
   16.450000000    1.867645710    1.867768745    1.872921551
   16.460000000    1.866837684    1.866960549    1.872105319
   16.470000000    1.866030712    1.866153408    1.871290159
   16.480000000    1.865224794    1.865347320    1.870476071
   16.490000000    1.864419927    1.864542285    1.869663052
   16.500000000    1.863616110    1.863738300    1.868851101
   16.510000000    1.862813342    1.862935363    1.868040215
   16.520000000    1.862011619    1.862133473    1.867230393
   16.530000000    1.861210942    1.861332628    1.866421634
   16.540000000    1.860411307    1.860532826    1.865613935
   16.550000000    1.859612714    1.859734066    1.864807295
   16.560000000    1.858815160    1.858936346    1.864001711
   16.570000000    1.858018645    1.858139664    1.863197183
   16.580000000    1.857223165    1.857344019    1.862393709
   16.590000000    1.856428721    1.856549408    1.861591287
   16.600000000    1.855635309    1.855755831    1.860789914
   16.610000000    1.854842928    1.854963286    1.859989590
   16.620000000    1.854051577    1.854171770    1.859190313
   16.630000000    1.853261254    1.853381283    1.858392080
   16.640000000    1.852471957    1.852591822    1.857594891
   16.650000000    1.851683685    1.851803386    1.856798744
   16.660000000    1.850896436    1.851015973    1.856003636
   16.670000000    1.850110207    1.850229582    1.855209566
   16.680000000    1.849324999    1.849444210    1.854416533
   16.690000000    1.848540808    1.848659857    1.853624535
   16.700000000    1.847757634    1.847876521    1.852833569
   16.710000000    1.846975474    1.847094200    1.852043635
   16.720000000    1.846194328    1.846312891    1.851254731
   16.730000000    1.845414193    1.845532595    1.850466854
   16.740000000    1.844635067    1.844753309    1.849680004
   16.750000000    1.843856950    1.843975031    1.848894179
   16.760000000    1.843079839    1.843197759    1.848109376
   16.770000000    1.842303733    1.842421493    1.847325595
   16.780000000    1.841528630    1.841646231    1.846542833
   16.790000000    1.840754529    1.840871970    1.845761090
   16.800000000    1.839981428    1.840098710    1.844980362
   16.810000000    1.839209325    1.839326449    1.844200650
   16.820000000    1.838438219    1.838555184    1.843421950
   16.830000000    1.837668108    1.837784915    1.842644262
   16.840000000    1.836898991    1.837015640    1.841867583
   16.850000000    1.836130865    1.836247357    1.841091912
   16.860000000    1.835363731    1.835480065    1.840317248
   16.870000000    1.834597584    1.834713762    1.839543589
   16.880000000    1.833832425    1.833948446    1.838770933
   16.890000000    1.833068252    1.833184116    1.837999278
   16.900000000    1.832305063    1.832420771    1.837228623
   16.910000000    1.831542856    1.831658408    1.836458967
   16.920000000    1.830781630    1.830897027    1.835690307
   16.930000000    1.830021383    1.830136625    1.834922642
   16.940000000    1.829262113    1.829377200    1.834155970
   16.950000000    1.828503820    1.828618753    1.833390291
   16.960000000    1.827746502    1.827861280    1.832625601
   16.970000000    1.826990156    1.827104780    1.831861900
   16.980000000    1.826234782    1.826349253    1.831099186
   16.990000000    1.825480378    1.825594695    1.830337458
   17.000000000    1.824726942    1.824841106    1.829576713
   17.010000000    1.823974473    1.824088484    1.828816950
   17.020000000    1.823222969    1.823336827    1.828058168
   17.030000000    1.822472428    1.822586134    1.827300365
   17.040000000    1.821722850    1.821836404    1.826543539
   17.050000000    1.820974233    1.821087635    1.825787690
   17.060000000    1.820226574    1.820339824    1.825032814
   17.070000000    1.819479873    1.819592972    1.824278911
   17.080000000    1.818734127    1.818847076    1.823525979
   17.090000000    1.817989337    1.818102135    1.822774017
   17.100000000    1.817245499    1.817358146    1.822023023
   17.110000000    1.816502612    1.816615110    1.821272995
   17.120000000    1.815760675    1.815873023    1.820523932
   17.130000000    1.815019687    1.815131885    1.819775832
   17.140000000    1.814279645    1.814391695    1.819028694
   17.150000000    1.813540549    1.813652449    1.818282516
   17.160000000    1.812802397    1.812914148    1.817537297
   17.170000000    1.812065186    1.812176790    1.816793035
   17.180000000    1.811328917    1.811440372    1.816049728
   17.190000000    1.810593587    1.810704894    1.815307375
   17.200000000    1.809859194    1.809970354    1.814565975
   17.210000000    1.809125738    1.809236751    1.813825526
   17.220000000    1.808393217    1.808504082    1.813086026
   17.230000000    1.807661629    1.807772347    1.812347474
   17.240000000    1.806930972    1.807041545    1.811609868
   17.250000000    1.806201246    1.806311672    1.810873207
   17.260000000    1.805472449    1.805582729    1.810137490
   17.270000000    1.804744579    1.804854714    1.809402714
   17.280000000    1.804017635    1.804127625    1.808668878
   17.290000000    1.803291616    1.803401460    1.807935981
   17.300000000    1.802566519    1.802676218    1.807204022
   17.310000000    1.801842344    1.801951899    1.806472998
   17.320000000    1.801119089    1.801228499    1.805742908
   17.330000000    1.800396752    1.800506019    1.805013751
   17.340000000    1.799675333    1.799784455    1.804285525
   17.350000000    1.798954828    1.799063808    1.803558229
   17.360000000    1.798235239    1.798344075    1.802831862
   17.370000000    1.797516561    1.797625254    1.802106421
   17.380000000    1.796798795    1.796907346    1.801381905
   17.390000000    1.796081939    1.796190347    1.800658313
   17.400000000    1.795365992    1.795474257    1.799935643
   17.410000000    1.794650951    1.794759074    1.799213894
   17.420000000    1.793936815    1.794044797    1.798493065
   17.430000000    1.793223584    1.793331424    1.797773153
   17.440000000    1.792511255    1.792618955    1.797054158
   17.450000000    1.791799827    1.791907386    1.796336078
   17.460000000    1.791089300    1.791196718    1.795618911
   17.470000000    1.790379670    1.790486948    1.794902656
   17.480000000    1.789670937    1.789778075    1.794187312
   17.490000000    1.788963100    1.789070098    1.793472876
   17.500000000    1.788256157    1.788363015    1.792759349
   17.510000000    1.787550106    1.787656825    1.792046728
   17.520000000    1.786844947    1.786951527    1.791335011
   17.530000000    1.786140677    1.786247118    1.790624198
   17.540000000    1.785437296    1.785543598    1.789914286
   17.550000000    1.784734802    1.784840966    1.789205275
   17.560000000    1.784033194    1.784139219    1.788497163
   17.570000000    1.783332469    1.783438357    1.787789948
   17.580000000    1.782632628    1.782738378    1.787083630
   17.590000000    1.781933667    1.782039281    1.786378206
   17.600000000    1.781235587    1.781341063    1.785673676
   17.610000000    1.780538386    1.780643725    1.784970037
   17.620000000    1.779842061    1.779947264    1.784267289
   17.630000000    1.779146613    1.779251679    1.783565430
   17.640000000    1.778452039    1.778556969    1.782864458
   17.650000000    1.777758338    1.777863132    1.782164372
   17.660000000    1.777065509    1.777170168    1.781465172
   17.670000000    1.776373550    1.776478073    1.780766854
   17.680000000    1.775682460    1.775786848    1.780069419
   17.690000000    1.774992237    1.775096491    1.779372864
   17.700000000    1.774302881    1.774407000    1.778677188
   17.710000000    1.773614390    1.773718375    1.777982390
   17.720000000    1.772926762    1.773030613    1.777288468
   17.730000000    1.772239996    1.772343713    1.776595421
   17.740000000    1.771554092    1.771657675    1.775903248
   17.750000000    1.770869046    1.770972496    1.775211947
   17.760000000    1.770184859    1.770288175    1.774521517
   17.770000000    1.769501528    1.769604712    1.773831956
   17.780000000    1.768819053    1.768922104    1.773143263
   17.790000000    1.768137432    1.768240350    1.772455437
   17.800000000    1.767456663    1.767559450    1.771768477
   17.810000000    1.766776746    1.766879400    1.771082380
   17.820000000    1.766097679    1.766200201    1.770397145
   17.830000000    1.765419460    1.765521851    1.769712772
   17.840000000    1.764742089    1.764844349    1.769029259
   17.850000000    1.764065564    1.764167693    1.768346604
   17.860000000    1.763389883    1.763491882    1.767664806
   17.870000000    1.762715046    1.762816914    1.766983864
   17.880000000    1.762041051    1.762142789    1.766303776
   17.890000000    1.761367897    1.761469504    1.765624542
   17.900000000    1.760695582    1.760797060    1.764946159
   17.910000000    1.760024105    1.760125453    1.764268626
   17.920000000    1.759353465    1.759454684    1.763591942
   17.930000000    1.758683660    1.758784750    1.762916106
   17.940000000    1.758014690    1.758115651    1.762241117
   17.950000000    1.757346552    1.757447384    1.761566972
   17.960000000    1.756679246    1.756779950    1.760893671
   17.970000000    1.756012770    1.756113346    1.760221212
   17.980000000    1.755347124    1.755447571    1.759549594
   17.990000000    1.754682304    1.754782624    1.758878816
   18.000000000    1.754018312    1.754118504    1.758208877
   18.010000000    1.753355144    1.753455209    1.757539774
   18.020000000    1.752692800    1.752792738    1.756871507
   18.030000000    1.752031278    1.752131090    1.756204074
   18.040000000    1.751370578    1.751470263    1.755537475
   18.050000000    1.750710698    1.750810256    1.754871707
   18.060000000    1.750051636    1.750151068    1.754206770
   18.070000000    1.749393392    1.749492698    1.753542661
   18.080000000    1.748735964    1.748835144    1.752879381
   18.090000000    1.748079350    1.748178405    1.752216927
   18.100000000    1.747423551    1.747522480    1.751555299
   18.110000000    1.746768563    1.746867368    1.750894494
   18.120000000    1.746114387    1.746213066    1.750234512
   18.130000000    1.745461020    1.745559575    1.749575351
   18.140000000    1.744808462    1.744906893    1.748917011
   18.150000000    1.744156711    1.744255017    1.748259489
   18.160000000    1.743505766    1.743603948    1.747602785
   18.170000000    1.742855625    1.742953684    1.746946897
   18.180000000    1.742206289    1.742304224    1.746291823
   18.190000000    1.741557754    1.741655566    1.745637564
   18.200000000    1.740910021    1.741007710    1.744984117
   18.210000000    1.740263087    1.740360653    1.744331481
   18.220000000    1.739616951    1.739714395    1.743679655
   18.230000000    1.738971613    1.739068935    1.743028637
   18.240000000    1.738327071    1.738424271    1.742378427
   18.250000000    1.737683324    1.737780401    1.741729022
   18.260000000    1.737040370    1.737137326    1.741080423
   18.270000000    1.736398209    1.736495043    1.740432627
   18.280000000    1.735756839    1.735853551    1.739785633
   18.290000000    1.735116258    1.735212850    1.739139440
   18.300000000    1.734476466    1.734572937    1.738494047
   18.310000000    1.733837462    1.733933812    1.737849453
   18.320000000    1.733199244    1.733295473    1.737205656
   18.330000000    1.732561811    1.732657920    1.736562654
   18.340000000    1.731925161    1.732021150    1.735920448
   18.350000000    1.731289294    1.731385164    1.735279035
   18.360000000    1.730654209    1.730749959    1.734638415
   18.370000000    1.730019903    1.730115534    1.733998585
   18.380000000    1.729386377    1.729481888    1.733359545
   18.390000000    1.728753628    1.728849020    1.732721294
   18.400000000    1.728121656    1.728216929    1.732083830
   18.410000000    1.727490459    1.727585614    1.731447153
   18.420000000    1.726860036    1.726955073    1.730811260
   18.430000000    1.726230386    1.726325305    1.730176151
   18.440000000    1.725601508    1.725696308    1.729541824
   18.450000000    1.724973401    1.725068083    1.728908279
   18.460000000    1.724346062    1.724440627    1.728275514
   18.470000000    1.723719492    1.723813940    1.727643527
   18.480000000    1.723093689    1.723188020    1.727012318
   18.490000000    1.722468652    1.722562865    1.726381886
   18.500000000    1.721844379    1.721938476    1.725752229
   18.510000000    1.721220870    1.721314850    1.725123345
   18.520000000    1.720598123    1.720691987    1.724495235
   18.530000000    1.719976137    1.720069885    1.723867896
   18.540000000    1.719354911    1.719448543    1.723241327
   18.550000000    1.718734444    1.718827960    1.722615528
   18.560000000    1.718114734    1.718208135    1.721990497
   18.570000000    1.717495781    1.717589066    1.721366232
   18.580000000    1.716877583    1.716970753    1.720742733
   18.590000000    1.716260139    1.716353194    1.720119999
   18.600000000    1.715643448    1.715736389    1.719498028
   18.610000000    1.715027509    1.715120335    1.718876819
   18.620000000    1.714412320    1.714505032    1.718256370
   18.630000000    1.713797881    1.713890479    1.717636682
   18.640000000    1.713184190    1.713276674    1.717017752
   18.650000000    1.712571246    1.712663616    1.716399579
   18.660000000    1.711959049    1.712051305    1.715782163
   18.670000000    1.711347596    1.711439739    1.715165501
   18.680000000    1.710736887    1.710828917    1.714549594
   18.690000000    1.710126920    1.710218838    1.713934439
   18.700000000    1.709517695    1.709609500    1.713320035
   18.710000000    1.708909211    1.709000902    1.712706382
   18.720000000    1.708301465    1.708393045    1.712093479
   18.730000000    1.707694458    1.707785925    1.711481323
   18.740000000    1.707088187    1.707179542    1.710869914
   18.750000000    1.706482652    1.706573896    1.710259251
   18.760000000    1.705877852    1.705968984    1.709649332
   18.770000000    1.705273785    1.705364806    1.709040157
   18.780000000    1.704670451    1.704761361    1.708431724
   18.790000000    1.704067848    1.704158647    1.707824033
   18.800000000    1.703465976    1.703556663    1.707217081
   18.810000000    1.702864832    1.702955409    1.706610868
   18.820000000    1.702264416    1.702354883    1.706005393
   18.830000000    1.701664727    1.701755084    1.705400655
   18.840000000    1.701065764    1.701156010    1.704796652
   18.850000000    1.700467526    1.700557662    1.704193383
   18.860000000    1.699870010    1.699960037    1.703590847
   18.870000000    1.699273218    1.699363135    1.702989044
   18.880000000    1.698677146    1.698766954    1.702387971
   18.890000000    1.698081795    1.698171494    1.701787629
   18.900000000    1.697487163    1.697576753    1.701188015
   18.910000000    1.696893249    1.696982730    1.700589128
   18.920000000    1.696300052    1.696389425    1.699990969
   18.930000000    1.695707571    1.695796835    1.699393534
   18.940000000    1.695115804    1.695204960    1.698796824
   18.950000000    1.694524751    1.694613799    1.698200836
   18.960000000    1.693934411    1.694023351    1.697605571
   18.970000000    1.693344782    1.693433615    1.697011027
   18.980000000    1.692755863    1.692844589    1.696417203
   18.990000000    1.692167654    1.692256272    1.695824097
   19.000000000    1.691580153    1.691668664    1.695231709
   19.010000000    1.690993359    1.691081763    1.694640037
   19.020000000    1.690407272    1.690495569    1.694049081
   19.030000000    1.689821889    1.689910080    1.693458839
   19.040000000    1.689237210    1.689325294    1.692869310
   19.050000000    1.688653234    1.688741212    1.692280493
   19.060000000    1.688069960    1.688157832    1.691692388
   19.070000000    1.687487387    1.687575153    1.691104992
   19.080000000    1.686905513    1.686993174    1.690518305
   19.090000000    1.686324338    1.686411893    1.689932326
   19.100000000    1.685743860    1.685831310    1.689347054
   19.110000000    1.685164079    1.685251424    1.688762487
   19.120000000    1.684584993    1.684672233    1.688178625
   19.130000000    1.684006602    1.684093737    1.687595466
   19.140000000    1.683428904    1.683515935    1.687013010
   19.150000000    1.682851898    1.682938825    1.686431255
   19.160000000    1.682275584    1.682362406    1.685850200
   19.170000000    1.681699960    1.681786678    1.685269844
   19.180000000    1.681125025    1.681211639    1.684690187
   19.190000000    1.680550778    1.680637288    1.684111227
   19.200000000    1.679977218    1.680063625    1.683532962
   19.210000000    1.679404344    1.679490647    1.682955393
   19.220000000    1.678832155    1.678918355    1.682378517
   19.230000000    1.678260650    1.678346747    1.681802334
   19.240000000    1.677689828    1.677775822    1.681226843
   19.250000000    1.677119687    1.677205580    1.680652043
   19.260000000    1.676550228    1.676636018    1.680077932
   19.270000000    1.675981449    1.676067136    1.679504510
   19.280000000    1.675413348    1.675498933    1.678931776
   19.290000000    1.674845925    1.674931408    1.678359728
   19.300000000    1.674279179    1.674364560    1.677788365
   19.310000000    1.673713108    1.673798388    1.677217687
   19.320000000    1.673147712    1.673232891    1.676647692
   19.330000000    1.672582990    1.672668068    1.676078380
   19.340000000    1.672018941    1.672103917    1.675509749
   19.350000000    1.671455563    1.671540438    1.674941798
   19.360000000    1.670892856    1.670977631    1.674374527
   19.370000000    1.670330819    1.670415493    1.673807933
   19.380000000    1.669769450    1.669854023    1.673242017
   19.390000000    1.669208749    1.669293222    1.672676778
   19.400000000    1.668648714    1.668733087    1.672112213
   19.410000000    1.668089346    1.668173619    1.671548322
   19.420000000    1.667530641    1.667614815    1.670985105
   19.430000000    1.666972601    1.667056675    1.670422559
   19.440000000    1.666415223    1.666499197    1.669860685
   19.450000000    1.665858506    1.665942382    1.669299481
   19.460000000    1.665302451    1.665386227    1.668738945
   19.470000000    1.664747055    1.664830732    1.668179078
   19.480000000    1.664192317    1.664275896    1.667619878
   19.490000000    1.663638238    1.663721717    1.667061344
   19.500000000    1.663084814    1.663168196    1.666503475
   19.510000000    1.662532047    1.662615330    1.665946269
   19.520000000    1.661979935    1.662063120    1.665389727
   19.530000000    1.661428476    1.661511563    1.664833847
   19.540000000    1.660877670    1.660960659    1.664278628
   19.550000000    1.660327515    1.660410407    1.663724069
   19.560000000    1.659778012    1.659860806    1.663170168
   19.570000000    1.659229158    1.659311855    1.662616926
   19.580000000    1.658680953    1.658763553    1.662064341
   19.590000000    1.658133396    1.658215899    1.661512412
   19.600000000    1.657586486    1.657668892    1.660961138
   19.610000000    1.657040222    1.657122532    1.660410518
   19.620000000    1.656494603    1.656576816    1.659860551
   19.630000000    1.655949628    1.656031745    1.659311236
   19.640000000    1.655405296    1.655487317    1.658762572
   19.650000000    1.654861606    1.654943531    1.658214559
   19.660000000    1.654318557    1.654400386    1.657667194
   19.670000000    1.653776149    1.653857882    1.657120478
   19.680000000    1.653234379    1.653316017    1.656574409
   19.690000000    1.652693248    1.652774790    1.656028986
   19.700000000    1.652152755    1.652234201    1.655484208
   19.710000000    1.651612897    1.651694249    1.654940075
   19.720000000    1.651073675    1.651154932    1.654396585
   19.730000000    1.650535088    1.650616250    1.653853738
   19.740000000    1.649997134    1.650078201    1.653311531
   19.750000000    1.649459812    1.649540786    1.652769966
   19.760000000    1.648923123    1.649004002    1.652229039
   19.770000000    1.648387064    1.648467848    1.651688751
   19.780000000    1.647851634    1.647932325    1.651149101
   19.790000000    1.647316834    1.647397431    1.650610087
   19.800000000    1.646782661    1.646863165    1.650071709
   19.810000000    1.646249116    1.646329526    1.649533966
   19.820000000    1.645716196    1.645796513    1.648996857
   19.830000000    1.645183902    1.645264125    1.648460380
   19.840000000    1.644652232    1.644732362    1.647924535
   19.850000000    1.644121185    1.644201222    1.647389321
   19.860000000    1.643590760    1.643670704    1.646854737
   19.870000000    1.643060956    1.643140809    1.646320782
   19.880000000    1.642531774    1.642611533    1.645787455
   19.890000000    1.642003210    1.642082878    1.645254755
   19.900000000    1.641475266    1.641554841    1.644722681
   19.910000000    1.640947939    1.641027422    1.644191233
   19.920000000    1.640421228    1.640500620    1.643660409
   19.930000000    1.639895134    1.639974434    1.643130208
   19.940000000    1.639369655    1.639448863    1.642600630
   19.950000000    1.638844789    1.638923906    1.642071674
   19.960000000    1.638320537    1.638399563    1.641543338
   19.970000000    1.637796897    1.637875832    1.641015622
   19.980000000    1.637273869    1.637352712    1.640488524
   19.990000000    1.636751451    1.636830204    1.639962044
   20.000000000    1.636229642    1.636308304    1.639436182
   20.010000000    1.635708442    1.635787014    1.638910935
   20.020000000    1.635187850    1.635266331    1.638386303
   20.030000000    1.634667865    1.634746256    1.637862286
   20.040000000    1.634148485    1.634226786    1.637338882
   20.050000000    1.633629711    1.633707922    1.636816090
