# energy grid [eV]  eels components [arbitrary units]
#
    0.050000000    0.000029050    0.000029051    0.000028287
    0.060000000    0.000034866    0.000034867    0.000033950
    0.070000000    0.000040686    0.000040687    0.000039616
    0.080000000    0.000046509    0.000046510    0.000045285
    0.090000000    0.000052337    0.000052338    0.000050959
    0.100000000    0.000058170    0.000058171    0.000056637
    0.110000000    0.000064009    0.000064010    0.000062320
    0.120000000    0.000069854    0.000069855    0.000068009
    0.130000000    0.000075706    0.000075707    0.000073704
    0.140000000    0.000081565    0.000081566    0.000079406
    0.150000000    0.000087432    0.000087433    0.000085114
    0.160000000    0.000093308    0.000093309    0.000090831
    0.170000000    0.000099192    0.000099194    0.000096555
    0.180000000    0.000105087    0.000105089    0.000102289
    0.190000000    0.000110992    0.000110994    0.000108031
    0.200000000    0.000116908    0.000116910    0.000113784
    0.210000000    0.000122835    0.000122837    0.000119547
    0.220000000    0.000128775    0.000128777    0.000125321
    0.230000000    0.000134728    0.000134730    0.000131107
    0.240000000    0.000140694    0.000140696    0.000136904
    0.250000000    0.000146674    0.000146676    0.000142714
    0.260000000    0.000152669    0.000152671    0.000148538
    0.270000000    0.000158679    0.000158682    0.000154375
    0.280000000    0.000164706    0.000164709    0.000160227
    0.290000000    0.000170749    0.000170752    0.000166094
    0.300000000    0.000176810    0.000176813    0.000171977
    0.310000000    0.000182889    0.000182893    0.000177876
    0.320000000    0.000188987    0.000188991    0.000183792
    0.330000000    0.000195105    0.000195109    0.000189726
    0.340000000    0.000201243    0.000201247    0.000195678
    0.350000000    0.000207403    0.000207406    0.000201648
    0.360000000    0.000213584    0.000213588    0.000207639
    0.370000000    0.000219788    0.000219792    0.000213649
    0.380000000    0.000226015    0.000226019    0.000219681
    0.390000000    0.000232267    0.000232271    0.000225734
    0.400000000    0.000238543    0.000238548    0.000231810
    0.410000000    0.000244846    0.000244851    0.000237909
    0.420000000    0.000251175    0.000251180    0.000244032
    0.430000000    0.000257532    0.000257538    0.000250179
    0.440000000    0.000263918    0.000263923    0.000256352
    0.450000000    0.000270333    0.000270339    0.000262551
    0.460000000    0.000276779    0.000276785    0.000268777
    0.470000000    0.000283256    0.000283262    0.000275032
    0.480000000    0.000289765    0.000289771    0.000281315
    0.490000000    0.000296307    0.000296314    0.000287627
    0.500000000    0.000302884    0.000302891    0.000293970
    0.510000000    0.000309496    0.000309503    0.000300345
    0.520000000    0.000316145    0.000316152    0.000306752
    0.530000000    0.000322831    0.000322839    0.000313192
    0.540000000    0.000329556    0.000329564    0.000319666
    0.550000000    0.000336320    0.000336328    0.000326176
    0.560000000    0.000343126    0.000343134    0.000332722
    0.570000000    0.000349974    0.000349982    0.000339306
    0.580000000    0.000356865    0.000356874    0.000345927
    0.590000000    0.000363800    0.000363810    0.000352589
    0.600000000    0.000370782    0.000370792    0.000359291
    0.610000000    0.000377812    0.000377822    0.000366035
    0.620000000    0.000384890    0.000384900    0.000372822
    0.630000000    0.000392018    0.000392029    0.000379653
    0.640000000    0.000399197    0.000399209    0.000386530
    0.650000000    0.000406430    0.000406443    0.000393453
    0.660000000    0.000413718    0.000413731    0.000400425
    0.670000000    0.000421062    0.000421075    0.000407446
    0.680000000    0.000428464    0.000428478    0.000414518
    0.690000000    0.000435926    0.000435940    0.000421643
    0.700000000    0.000443449    0.000443464    0.000428821
    0.710000000    0.000451035    0.000451051    0.000436055
    0.720000000    0.000458687    0.000458703    0.000443346
    0.730000000    0.000466406    0.000466423    0.000450696
    0.740000000    0.000474193    0.000474211    0.000458106
    0.750000000    0.000482052    0.000482071    0.000465579
    0.760000000    0.000489985    0.000490004    0.000473115
    0.770000000    0.000497992    0.000498013    0.000480717
    0.780000000    0.000506078    0.000506099    0.000488387
    0.790000000    0.000514244    0.000514266    0.000496127
    0.800000000    0.000522493    0.000522516    0.000503938
    0.810000000    0.000530826    0.000530851    0.000511824
    0.820000000    0.000539248    0.000539274    0.000519786
    0.830000000    0.000547761    0.000547788    0.000527826
    0.840000000    0.000556367    0.000556395    0.000535948
    0.850000000    0.000565069    0.000565099    0.000544153
    0.860000000    0.000573872    0.000573903    0.000552443
    0.870000000    0.000582777    0.000582809    0.000560823
    0.880000000    0.000591788    0.000591822    0.000569294
    0.890000000    0.000600909    0.000600945    0.000577859
    0.900000000    0.000610143    0.000610181    0.000586521
    0.910000000    0.000619494    0.000619534    0.000595284
    0.920000000    0.000628966    0.000629008    0.000604150
    0.930000000    0.000638563    0.000638608    0.000613123
    0.940000000    0.000648290    0.000648337    0.000622207
    0.950000000    0.000658151    0.000658200    0.000631405
    0.960000000    0.000668150    0.000668202    0.000640721
    0.970000000    0.000678292    0.000678347    0.000650159
    0.980000000    0.000688583    0.000688641    0.000659723
    0.990000000    0.000699028    0.000699089    0.000669417
    1.000000000    0.000709632    0.000709698    0.000679246
    1.010000000    0.000720402    0.000720471    0.000689215
    1.020000000    0.000731344    0.000731417    0.000699328
    1.030000000    0.000742463    0.000742540    0.000709591
    1.040000000    0.000753767    0.000753849    0.000720009
    1.050000000    0.000765263    0.000765351    0.000730588
    1.060000000    0.000776959    0.000777052    0.000741334
    1.070000000    0.000788862    0.000788961    0.000752253
    1.080000000    0.000800981    0.000801086    0.000763352
    1.090000000    0.000813324    0.000813436    0.000774637
    1.100000000    0.000825901    0.000826020    0.000786116
    1.110000000    0.000838721    0.000838849    0.000797797
    1.120000000    0.000851796    0.000851932    0.000809687
    1.130000000    0.000865135    0.000865281    0.000821795
    1.140000000    0.000878750    0.000878906    0.000834130
    1.150000000    0.000892654    0.000892821    0.000846702
    1.160000000    0.000906860    0.000907039    0.000859520
    1.170000000    0.000921381    0.000921574    0.000872595
    1.180000000    0.000936232    0.000936439    0.000885938
    1.190000000    0.000951429    0.000951652    0.000899561
    1.200000000    0.000966988    0.000967229    0.000913477
    1.210000000    0.000982928    0.000983187    0.000927699
    1.220000000    0.000999266    0.000999546    0.000942242
    1.230000000    0.001016024    0.001016326    0.000957120
    1.240000000    0.001033222    0.001033549    0.000972349
    1.250000000    0.001050884    0.001051239    0.000987947
    1.260000000    0.001069035    0.001069421    0.001003932
    1.270000000    0.001087702    0.001088121    0.001020323
    1.280000000    0.001106914    0.001107370    0.001037142
    1.290000000    0.001126700    0.001127198    0.001054412
    1.300000000    0.001147095    0.001147639    0.001072155
    1.310000000    0.001168136    0.001168730    0.001090399
    1.320000000    0.001189860    0.001190511    0.001109170
    1.330000000    0.001212310    0.001213025    0.001128500
    1.340000000    0.001235534    0.001236320    0.001148421
    1.350000000    0.001259579    0.001260445    0.001168967
    1.360000000    0.001284503    0.001285458    0.001190178
    1.370000000    0.001310363    0.001311420    0.001212094
    1.380000000    0.001337226    0.001338397    0.001234759
    1.390000000    0.001365164    0.001366465    0.001258224
    1.400000000    0.001394256    0.001395703    0.001282541
    1.410000000    0.001424589    0.001426203    0.001307770
    1.420000000    0.001456259    0.001458064    0.001333973
    1.430000000    0.001489374    0.001491398    0.001361222
    1.440000000    0.001524054    0.001526328    0.001389593
    1.450000000    0.001560430    0.001562992    0.001419174
    1.460000000    0.001598652    0.001601547    0.001450058
    1.470000000    0.001638886    0.001642168    0.001482351
    1.480000000    0.001681321    0.001685053    0.001516170
    1.490000000    0.001726171    0.001730427    0.001551648
    1.500000000    0.001773676    0.001778548    0.001588930
    1.510000000    0.001824114    0.001829710    0.001628184
    1.520000000    0.001877800    0.001884251    0.001669595
    1.530000000    0.001935098    0.001942566    0.001713377
    1.540000000    0.001996430    0.002005112    0.001759771
    1.550000000    0.002062286    0.002072423    0.001809055
    1.560000000    0.002133240    0.002145132    0.001861547
    1.570000000    0.002209967    0.002223987    0.001917616
    1.580000000    0.002293268    0.002309884    0.001977689
    1.590000000    0.002384100    0.002403903    0.002042266
    1.600000000    0.002483611    0.002507351    0.002111938
    1.610000000    0.002593194    0.002621836    0.002187402
    1.620000000    0.002714552    0.002749338    0.002269490
    1.630000000    0.002849785    0.002892335    0.002359204
    1.640000000    0.003001507    0.003053944    0.002457757
    1.650000000    0.003173000    0.003238135    0.002566633
    1.660000000    0.003368431    0.003450007    0.002687665
    1.670000000    0.003593134    0.003696167    0.002823133
    1.680000000    0.003853991    0.003985231    0.002975905
    1.690000000    0.004159938    0.004328457    0.003149620
    1.700000000    0.004522584    0.004740466    0.003348926
    1.710000000    0.004956891    0.005239848    0.003579795
    1.720000000    0.005481671    0.005849016    0.003849883
    1.730000000    0.006119204    0.006591733    0.004168895
    1.740000000    0.006892464    0.007485049    0.004548716
    1.750000000    0.007817339    0.008520825    0.005002824
    1.760000000    0.008887693    0.009635979    0.005543959
    1.770000000    0.010057317    0.010691160    0.006178994
    1.780000000    0.011234768    0.011507057    0.006902302
    1.790000000    0.012309256    0.011974821    0.007696062
    1.800000000    0.013205655    0.012141144    0.008548882
    1.810000000    0.013929633    0.012167950    0.009479839
    1.820000000    0.014534022    0.012219656    0.010525319
    1.830000000    0.015023207    0.012386639    0.011679945
    1.840000000    0.015337645    0.012690647    0.012843873
    1.850000000    0.015463696    0.013138218    0.013836304
    1.860000000    0.015514600    0.013749968    0.014482673
    1.870000000    0.015673028    0.014546862    0.014704528
    1.880000000    0.016084668    0.015532694    0.014559893
    1.890000000    0.016800161    0.016680257    0.014232017
    1.900000000    0.017766082    0.017918871    0.013946041
    1.910000000    0.018860924    0.019167144    0.013869264
    1.920000000    0.019967054    0.020390957    0.014082030
    1.930000000    0.020997768    0.021574328    0.014603353
    1.940000000    0.021830573    0.022621697    0.015419391
    1.950000000    0.022276541    0.023371569    0.016503458
    1.960000000    0.022201882    0.023744612    0.017807979
    1.970000000    0.021660887    0.023797613    0.019200113
    1.980000000    0.020855887    0.023601118    0.020411465
    1.990000000    0.020003248    0.023162627    0.021144851
    2.000000000    0.019280192    0.022518045    0.021313821
    2.010000000    0.018838638    0.021833103    0.021123671
    2.020000000    0.018794110    0.021351045    0.020860228
    2.030000000    0.019190904    0.021247762    0.020665925
    2.040000000    0.019986728    0.021546575    0.020547513
    2.050000000    0.021076059    0.022142075    0.020535576
    2.060000000    0.022350743    0.022906228    0.020760680
    2.070000000    0.023741250    0.023784356    0.021364418
    2.080000000    0.025165704    0.024759659    0.022378172
    2.090000000    0.026468352    0.025740040    0.023685108
    2.100000000    0.027493488    0.026548498    0.025085041
    2.110000000    0.028211165    0.027033686    0.026403814
    2.120000000    0.028701262    0.027157730    0.027509147
    2.130000000    0.029044304    0.026994569    0.028214756
    2.140000000    0.029279662    0.026683147    0.028291885
    2.150000000    0.029432794    0.026382723    0.027676996
    2.160000000    0.029538798    0.026236243    0.026601732
    2.170000000    0.029626135    0.026319780    0.025440895
    2.180000000    0.029679238    0.026613195    0.024472834
    2.190000000    0.029649638    0.027052638    0.023817361
    2.200000000    0.029551433    0.027620433    0.023535823
    2.210000000    0.029505084    0.028339825    0.023699888
    2.220000000    0.029627493    0.029184850    0.024344517
    2.230000000    0.029916567    0.030054839    0.025394889
    2.240000000    0.030245399    0.030821277    0.026665691
    2.250000000    0.030431643    0.031370280    0.027934809
    2.260000000    0.030352858    0.031663962    0.029017740
    2.270000000    0.030041750    0.031787952    0.029817159
    2.280000000    0.029649135    0.031878827    0.030348689
    2.290000000    0.029324055    0.032005182    0.030664745
    2.300000000    0.029174281    0.032161110    0.030748468
    2.310000000    0.029291941    0.032325158    0.030573208
    2.320000000    0.029747211    0.032486111    0.030262202
    2.330000000    0.030555357    0.032647718    0.030081385
    2.340000000    0.031647545    0.032812819    0.030252053
    2.350000000    0.032872814    0.032969262    0.030810441
    2.360000000    0.034030994    0.033101998    0.031608977
    2.370000000    0.034914571    0.033203898    0.032428662
    2.380000000    0.035380765    0.033287531    0.033124792
    2.390000000    0.035442658    0.033406315    0.033670249
    2.400000000    0.035272144    0.033623668    0.034055718
    2.410000000    0.035065414    0.033920626    0.034182433
    2.420000000    0.034909663    0.034166903    0.033899606
    2.430000000    0.034781476    0.034214497    0.033160923
    2.440000000    0.034617408    0.034018893    0.032139306
    2.450000000    0.034383252    0.033688565    0.031174345
    2.460000000    0.034124495    0.033425097    0.030582657
    2.470000000    0.033943760    0.033380533    0.030485085
    2.480000000    0.033926157    0.033559471    0.030760357
    2.490000000    0.034101006    0.033865480    0.031144109
    2.500000000    0.034449596    0.034215806    0.031417440
    2.510000000    0.034906253    0.034579091    0.031531044
    2.520000000    0.035345732    0.034925825    0.031561183
    2.530000000    0.035621033    0.035208481    0.031615612
    2.540000000    0.035661400    0.035417667    0.031807302
    2.550000000    0.035532546    0.035620264    0.032262217
    2.560000000    0.035388178    0.035900858    0.033108948
    2.570000000    0.035361970    0.036267029    0.034398749
    2.580000000    0.035481374    0.036606360    0.035973098
    2.590000000    0.035666639    0.036749956    0.037434598
    2.600000000    0.035831199    0.036641804    0.038349616
    2.610000000    0.035985123    0.036443685    0.038551436
    2.620000000    0.036223110    0.036424517    0.038204553
    2.630000000    0.036613915    0.036753329    0.037593328
    2.640000000    0.037130007    0.037410874    0.036982080
    2.650000000    0.037687595    0.038248413    0.036616626
    2.660000000    0.038208983    0.039068182    0.036671558
    2.670000000    0.038625060    0.039689496    0.037162256
    2.680000000    0.038890477    0.040053398    0.037914708
    2.690000000    0.039036119    0.040260431    0.038614006
    2.700000000    0.039141046    0.040442021    0.038973614
    2.710000000    0.039235683    0.040620634    0.038919245
    2.720000000    0.039279209    0.040709733    0.038582287
    2.730000000    0.039229093    0.040623872    0.038184574
    2.740000000    0.039110463    0.040407401    0.037972092
    2.750000000    0.039009111    0.040250558    0.038144943
    2.760000000    0.039007957    0.040348426    0.038757283
    2.770000000    0.039147207    0.040759317    0.039649122
    2.780000000    0.039431172    0.041384251    0.040453356
    2.790000000    0.039859872    0.042019910    0.040744430
    2.800000000    0.040432907    0.042410728    0.040326113
    2.810000000    0.041104399    0.042321062    0.039379391
    2.820000000    0.041777038    0.041663058    0.038301244
    2.830000000    0.042376018    0.040573172    0.037473970
    2.840000000    0.042885362    0.039312808    0.037136502
    2.850000000    0.043265659    0.038079817    0.037323816
    2.860000000    0.043387416    0.036942141    0.037877127
    2.870000000    0.043106318    0.035926026    0.038526538
    2.880000000    0.042387368    0.035102858    0.039003040
    2.890000000    0.041360535    0.034598595    0.039139175
    2.900000000    0.040285891    0.034553746    0.038918103
    2.910000000    0.039433042    0.035052916    0.038473371
    2.920000000    0.038964923    0.036067314    0.038040960
    2.930000000    0.038919827    0.037458169    0.037839296
    2.940000000    0.039238827    0.039033167    0.037956138
    2.950000000    0.039788997    0.040624153    0.038353892
    2.960000000    0.040409462    0.042136407    0.038946976
    2.970000000    0.040973388    0.043539482    0.039632525
    2.980000000    0.041405023    0.044808366    0.040274188
    2.990000000    0.041658470    0.045854335    0.040743378
    3.000000000    0.041736648    0.046545331    0.041058313
    3.010000000    0.041735563    0.046836311    0.041422477
    3.020000000    0.041816229    0.046849882    0.042015071
    3.030000000    0.042090456    0.046785902    0.042774763
    3.040000000    0.042517794    0.046752157    0.043433263
    3.050000000    0.042909784    0.046674403    0.043739835
    3.060000000    0.043067699    0.046376759    0.043639970
    3.070000000    0.042951711    0.045775248    0.043268510
    3.080000000    0.042727021    0.044988102    0.042858127
    3.090000000    0.042654400    0.044247828    0.042645513
    3.100000000    0.042930824    0.043737662    0.042740343
    3.110000000    0.043584981    0.043493555    0.043035008
    3.120000000    0.044468860    0.043397153    0.043281604
    3.130000000    0.045327153    0.043261977    0.043301876
    3.140000000    0.045884968    0.042953741    0.043129676
    3.150000000    0.045925766    0.042447791    0.042960618
    3.160000000    0.045385940    0.041819344    0.043008885
    3.170000000    0.044426163    0.041206722    0.043400363
    3.180000000    0.043376622    0.040768778    0.044111836
    3.190000000    0.042569262    0.040651736    0.044956389
    3.200000000    0.042186914    0.040939770    0.045661794
    3.210000000    0.042202152    0.041582670    0.046001928
    3.220000000    0.042415871    0.042375107    0.045884936
    3.230000000    0.042597503    0.043033501    0.045371746
    3.240000000    0.042638161    0.043334219    0.044605622
    3.250000000    0.042580126    0.043230964    0.043682100
    3.260000000    0.042508299    0.042843968    0.042595767
    3.270000000    0.042452748    0.042358145    0.041329141
    3.280000000    0.042426905    0.041973489    0.039988983
    3.290000000    0.042507310    0.041883145    0.038835191
    3.300000000    0.042807127    0.042202636    0.038174966
    3.310000000    0.043387905    0.042918031    0.038221780
    3.320000000    0.044214589    0.043911997    0.038995960
    3.330000000    0.045157161    0.045009609    0.040303047
    3.340000000    0.046031494    0.045998207    0.041813883
    3.350000000    0.046686286    0.046680153    0.043230499
    3.360000000    0.047076553    0.046988242    0.044434781
    3.370000000    0.047253788    0.047025851    0.045499320
    3.380000000    0.047299108    0.046948075    0.046572426
    3.390000000    0.047266231    0.046826426    0.047741851
    3.400000000    0.047169681    0.046623539    0.048920687
    3.410000000    0.047013582    0.046257685    0.049812319
    3.420000000    0.046794956    0.045683745    0.050056697
    3.430000000    0.046462620    0.044943567    0.049502130
    3.440000000    0.045941752    0.044189873    0.048347498
    3.450000000    0.045253494    0.043654968    0.047000391
    3.460000000    0.044558503    0.043532728    0.045792907
    3.470000000    0.044034069    0.043864470    0.044821037
    3.480000000    0.043751270    0.044551524    0.044028142
    3.490000000    0.043687062    0.045459766    0.043410915
    3.500000000    0.043803862    0.046487690    0.043111510
    3.510000000    0.044083828    0.047553759    0.043303494
    3.520000000    0.044477229    0.048536424    0.044007843
    3.530000000    0.044850781    0.049250673    0.045013613
    3.540000000    0.045050605    0.049532031    0.045978384
    3.550000000    0.045027168    0.049346923    0.046617940
    3.560000000    0.044878595    0.048804415    0.046829022
    3.570000000    0.044778098    0.048084746    0.046721410
    3.580000000    0.044849577    0.047344515    0.046547444
    3.590000000    0.045096298    0.046647120    0.046506993
    3.600000000    0.045446018    0.045981501    0.046609579
    3.610000000    0.045832673    0.045342910    0.046720762
    3.620000000    0.046209529    0.044767404    0.046680134
    3.630000000    0.046523748    0.044297709    0.046392173
    3.640000000    0.046735028    0.043948998    0.045861994
    3.650000000    0.046862921    0.043702384    0.045165575
    3.660000000    0.046975934    0.043508401    0.044407660
    3.670000000    0.047119925    0.043303487    0.043728395
    3.680000000    0.047270234    0.043045264    0.043301917
    3.690000000    0.047348865    0.042739279    0.043253151
    3.700000000    0.047278126    0.042422309    0.043566881
    3.710000000    0.047040601    0.042136944    0.044078914
    3.720000000    0.046697211    0.041952398    0.044566585
    3.730000000    0.046336425    0.041988613    0.044897621
    3.740000000    0.046025206    0.042369268    0.045123253
    3.750000000    0.045795281    0.043123405    0.045422893
    3.760000000    0.045628374    0.044128662    0.045941770
    3.770000000    0.045461403    0.045166208    0.046677169
    3.780000000    0.045262565    0.046073347    0.047503632
    3.790000000    0.045100180    0.046852783    0.048271552
    3.800000000    0.045085896    0.047607115    0.048866910
    3.810000000    0.045272447    0.048398747    0.049219358
    3.820000000    0.045624628    0.049199956    0.049288699
    3.830000000    0.046025894    0.049914084    0.049047598
    3.840000000    0.046303048    0.050405299    0.048512125
    3.850000000    0.046318541    0.050567796    0.047785058
    3.860000000    0.046076692    0.050427410    0.047038101
    3.870000000    0.045726622    0.050146634    0.046467991
    3.880000000    0.045462717    0.049885046    0.046227034
    3.890000000    0.045417932    0.049668710    0.046339700
    3.900000000    0.045621446    0.049405964    0.046714590
    3.910000000    0.046015039    0.048997896    0.047243310
    3.920000000    0.046491443    0.048413699    0.047849181
    3.930000000    0.046936485    0.047685754    0.048447145
    3.940000000    0.047241482    0.046855123    0.048918171
    3.950000000    0.047300754    0.045931967    0.049148986
    3.960000000    0.047078823    0.044938979    0.049088510
    3.970000000    0.046695888    0.043986469    0.048781340
    3.980000000    0.046374564    0.043259845    0.048333051
    3.990000000    0.046303790    0.042931626    0.047819115
    4.000000000    0.046559343    0.043080972    0.047258604
    4.010000000    0.047077304    0.043656505    0.046690681
    4.020000000    0.047660114    0.044483644    0.046229122
    4.030000000    0.048049426    0.045326531    0.046009470
    4.040000000    0.048060996    0.046002967    0.046080037
    4.050000000    0.047689743    0.046469932    0.046346292
    4.060000000    0.047111165    0.046800945    0.046641963
    4.070000000    0.046569733    0.047080282    0.046847066
    4.080000000    0.046215544    0.047300717    0.046909385
    4.090000000    0.046026605    0.047357724    0.046794722
    4.100000000    0.045862714    0.047130915    0.046483762
    4.110000000    0.045564648    0.046560653    0.045995840
    4.120000000    0.045036729    0.045690817    0.045368015
    4.130000000    0.044305559    0.044667064    0.044634187
    4.140000000    0.043518254    0.043666899    0.043868670
    4.150000000    0.042860461    0.042832428    0.043227196
    4.160000000    0.042475502    0.042278217    0.042898503
    4.170000000    0.042452271    0.042117746    0.043011486
    4.180000000    0.042841143    0.042432914    0.043586909
    4.190000000    0.043644366    0.043205805    0.044535937
    4.200000000    0.044790654    0.044284307    0.045683301
    4.210000000    0.046124987    0.045426590    0.046826081
    4.220000000    0.047429845    0.046403631    0.047825463
    4.230000000    0.048471254    0.047067307    0.048672806
    4.240000000    0.049058122    0.047344666    0.049445618
    4.250000000    0.049103549    0.047232384    0.050176962
    4.260000000    0.048665019    0.046825527    0.050779405
    4.270000000    0.047940348    0.046327209    0.051093134
    4.280000000    0.047194606    0.045988945    0.050993934
    4.290000000    0.046638768    0.045996613    0.050480912
    4.300000000    0.046347563    0.046391038    0.049701852
    4.310000000    0.046251453    0.047064237    0.048874799
    4.320000000    0.046188834    0.047803120    0.048151970
    4.330000000    0.046015873    0.048386792    0.047564032
    4.340000000    0.045700815    0.048702562    0.047083473
    4.350000000    0.045309429    0.048765330    0.046719711
    4.360000000    0.044924686    0.048650715    0.046542058
    4.370000000    0.044605904    0.048454040    0.046604612
    4.380000000    0.044400615    0.048278968    0.046853698
    4.390000000    0.044347927    0.048204181    0.047125600
    4.400000000    0.044450922    0.048232626    0.047254367
    4.410000000    0.044675638    0.048282571    0.047180112
    4.420000000    0.044977445    0.048224022    0.046953957
    4.430000000    0.045291217    0.047906226    0.046657417
    4.440000000    0.045519243    0.047201944    0.046335447
    4.450000000    0.045593583    0.046105669    0.046016152
    4.460000000    0.045544848    0.044779084    0.045740850
    4.470000000    0.045469020    0.043455451    0.045525354
    4.480000000    0.045439984    0.042312445    0.045342299
    4.490000000    0.045470971    0.041430838    0.045162226
    4.500000000    0.045535025    0.040816830    0.044987078
    4.510000000    0.045597049    0.040433678    0.044858243
    4.520000000    0.045618772    0.040225576    0.044821923
    4.530000000    0.045543511    0.040138655    0.044861062
    4.540000000    0.045321417    0.040152170    0.044881269
    4.550000000    0.044973684    0.040301004    0.044782099
    4.560000000    0.044601792    0.040651035    0.044538425
    4.570000000    0.044314454    0.041233912    0.044232224
    4.580000000    0.044155524    0.042000391    0.044024007
    4.590000000    0.044105921    0.042847895    0.044058704
    4.600000000    0.044139225    0.043701577    0.044364374
    4.610000000    0.044245344    0.044550164    0.044832305
    4.620000000    0.044400012    0.045399552    0.045296467
    4.630000000    0.044536269    0.046215919    0.045645897
    4.640000000    0.044564446    0.046917297    0.045879837
    4.650000000    0.044448148    0.047422461    0.046078545
    4.660000000    0.044267945    0.047722047    0.046329785
    4.670000000    0.044180138    0.047886426    0.046663517
    4.680000000    0.044295054    0.047983280    0.047032765
    4.690000000    0.044601036    0.048001928    0.047346650
    4.700000000    0.044993089    0.047867642    0.047525022
    4.710000000    0.045345931    0.047517111    0.047541038
    4.720000000    0.045561843    0.046957302    0.047424713
    4.730000000    0.045576155    0.046252687    0.047211427
    4.740000000    0.045347242    0.045467999    0.046888259
    4.750000000    0.044888169    0.044657133    0.046426598
    4.760000000    0.044305171    0.043898496    0.045856608
    4.770000000    0.043740241    0.043285481    0.045264691
    4.780000000    0.043272012    0.042868758    0.044734529
    4.790000000    0.042912651    0.042644327    0.044324976
    4.800000000    0.042685702    0.042605149    0.044090388
    4.810000000    0.042654047    0.042768708    0.044096573
    4.820000000    0.042858224    0.043139473    0.044397816
    4.830000000    0.043257376    0.043662109    0.044969327
    4.840000000    0.043742681    0.044224957    0.045653885
    4.850000000    0.044196283    0.044713878    0.046201071
    4.860000000    0.044543107    0.045064878    0.046394039
    4.870000000    0.044762250    0.045259574    0.046164870
    4.880000000    0.044852627    0.045274473    0.045606559
    4.890000000    0.044805546    0.045066698    0.044897901
    4.900000000    0.044618105    0.044622849    0.044212164
    4.910000000    0.044300697    0.043993791    0.043640935
    4.920000000    0.043875759    0.043282262    0.043156796
    4.930000000    0.043401302    0.042615299    0.042657743
    4.940000000    0.042972252    0.042100473    0.042069355
    4.950000000    0.042663200    0.041777204    0.041402044
    4.960000000    0.042485964    0.041617812    0.040736150
    4.970000000    0.042422317    0.041576362    0.040182412
    4.980000000    0.042481967    0.041633777    0.039836122
    4.990000000    0.042705375    0.041811544    0.039726421
    5.000000000    0.043104146    0.042134551    0.039789449
    5.010000000    0.043613033    0.042569520    0.039901441
    5.020000000    0.044115694    0.043018364    0.039963495
    5.030000000    0.044520989    0.043388693    0.039990463
    5.040000000    0.044802368    0.043659140    0.040117930
    5.050000000    0.044969670    0.043867196    0.040492125
    5.060000000    0.045054481    0.044071595    0.041148794
    5.070000000    0.045138375    0.044350947    0.041998160
    5.080000000    0.045347845    0.044803094    0.042901982
    5.090000000    0.045786454    0.045498216    0.043747568
    5.100000000    0.046466280    0.046417712    0.044454189
    5.110000000    0.047309700    0.047459923    0.044945273
    5.120000000    0.048216323    0.048521530    0.045164681
    5.130000000    0.049121546    0.049552270    0.045119295
    5.140000000    0.049992918    0.050517279    0.044878671
    5.150000000    0.050785040    0.051350354    0.044528130
    5.160000000    0.051419842    0.051978046    0.044116886
    5.170000000    0.051820727    0.052367291    0.043645506
    5.180000000    0.051956099    0.052532387    0.043092935
    5.190000000    0.051848509    0.052510340    0.042450599
    5.200000000    0.051556675    0.052345824    0.041736870
    5.210000000    0.051159035    0.052100612    0.040990439
    5.220000000    0.050748309    0.051860798    0.040272652
    5.230000000    0.050407440    0.051703592    0.039676251
    5.240000000    0.050172955    0.051651546    0.039305327
    5.250000000    0.050041304    0.051681386    0.039232930
    5.260000000    0.049997743    0.051754601    0.039460449
    5.270000000    0.050021751    0.051809976    0.039885699
    5.280000000    0.050106178    0.051777994    0.040315697
    5.290000000    0.050278081    0.051647681    0.040556549
    5.300000000    0.050570179    0.051495183    0.040525378
    5.310000000    0.050988826    0.051429161    0.040277880
    5.320000000    0.051515606    0.051512987    0.039922749
    5.330000000    0.052110995    0.051730111    0.039518032
    5.340000000    0.052715735    0.052006261    0.039047919
    5.350000000    0.053265035    0.052258756    0.038475229
    5.360000000    0.053703822    0.052434636    0.037799695
    5.370000000    0.053999963    0.052520662    0.037074078
    5.380000000    0.054168397    0.052543631    0.036383482
    5.390000000    0.054284321    0.052575787    0.035814936
    5.400000000    0.054451158    0.052715681    0.035430824
    5.410000000    0.054747170    0.053035977    0.035253684
    5.420000000    0.055202093    0.053554471    0.035269120
    5.430000000    0.055812361    0.054253399    0.035443563
    5.440000000    0.056563421    0.055101992    0.035746245
    5.450000000    0.057431430    0.056056055    0.036162260
    5.460000000    0.058368098    0.057063923    0.036690282
    5.470000000    0.059304253    0.058094513    0.037336438
    5.480000000    0.060193143    0.059159233    0.038112626
    5.490000000    0.061051795    0.060298530    0.039034316
    5.500000000    0.061947372    0.061545618    0.040113086
    5.510000000    0.062938791    0.062903937    0.041344328
    5.520000000    0.064021686    0.064339634    0.042698628
    5.530000000    0.065123701    0.065777143    0.044122809
    5.540000000    0.066166464    0.067126886    0.045547933
    5.550000000    0.067127232    0.068341082    0.046902449
    5.560000000    0.068029731    0.069435236    0.048134710
    5.570000000    0.068905218    0.070456659    0.049239030
    5.580000000    0.069778481    0.071434818    0.050259251
    5.590000000    0.070646189    0.072338963    0.051247630
    5.600000000    0.071443535    0.073066560    0.052210173
    5.610000000    0.072072363    0.073503052    0.053103306
    5.620000000    0.072487922    0.073623881    0.053882320
    5.630000000    0.072737306    0.073528953    0.054540500
    5.640000000    0.072907968    0.073382877    0.055111886
    5.650000000    0.073058922    0.073335060    0.055650533
    5.660000000    0.073207648    0.073471356    0.056204418
    5.670000000    0.073375218    0.073810787    0.056800596
    5.680000000    0.073636962    0.074339856    0.057446029
    5.690000000    0.074118800    0.075043039    0.058126731
    5.700000000    0.074919556    0.075893783    0.058800616
    5.710000000    0.076029303    0.076836961    0.059419744
    5.720000000    0.077335660    0.077804709    0.059977186
    5.730000000    0.078703442    0.078744862    0.060520249
    5.740000000    0.080040569    0.079629883    0.061122390
    5.750000000    0.081308466    0.080460238    0.061851956
    5.760000000    0.082483257    0.081269353    0.062748729
    5.770000000    0.083505696    0.082099725    0.063800411
    5.780000000    0.084300350    0.082966093    0.064940876
    5.790000000    0.084847505    0.083832679    0.066082817
    5.800000000    0.085186521    0.084598338    0.067150978
    5.810000000    0.085339012    0.085121731    0.068096254
    5.820000000    0.085273361    0.085303162    0.068904751
    5.830000000    0.084968896    0.085152984    0.069598297
    5.840000000    0.084489122    0.084779288    0.070211995
    5.850000000    0.083967462    0.084328700    0.070762345
    5.860000000    0.083543594    0.083951160    0.071237776
    5.870000000    0.083322012    0.083770933    0.071623783
    5.880000000    0.083352121    0.083830195    0.071940618
    5.890000000    0.083625561    0.084057923    0.072249593
    5.900000000    0.084103892    0.084324581    0.072606705
    5.910000000    0.084762708    0.084555906    0.073018485
    5.920000000    0.085601428    0.084795041    0.073465199
    5.930000000    0.086590613    0.085141489    0.073944601
    5.940000000    0.087633278    0.085652360    0.074473191
    5.950000000    0.088608911    0.086317656    0.075072324
    5.960000000    0.089424746    0.087076581    0.075751933
    5.970000000    0.090004974    0.087814887    0.076486595
    5.980000000    0.090264876    0.088378693    0.077225698
    5.990000000    0.090126413    0.088638875    0.077934744
    6.000000000    0.089572876    0.088555198    0.078615321
    6.010000000    0.088682911    0.088176593    0.079299197
    6.020000000    0.087596907    0.087591903    0.080025104
    6.030000000    0.086453816    0.086893648    0.080798990
    6.040000000    0.085358237    0.086163746    0.081573990
    6.050000000    0.084382240    0.085457706    0.082271144
    6.060000000    0.083579129    0.084803040    0.082832708
    6.070000000    0.082981593    0.084209093    0.083277777
    6.080000000    0.082583781    0.083670600    0.083677381
    6.090000000    0.082347739    0.083184547    0.084051460
    6.100000000    0.082230995    0.082774131    0.084326471
    6.110000000    0.082204564    0.082489827    0.084419586
    6.120000000    0.082264116    0.082389686    0.084361442
    6.130000000    0.082418835    0.082499978    0.084331711
    6.140000000    0.082655481    0.082771295    0.084562845
    6.150000000    0.082925282    0.083078312    0.085188487
    6.160000000    0.083162855    0.083278057    0.086169203
    6.170000000    0.083302690    0.083281776    0.087346498
    6.180000000    0.083286362    0.083087404    0.088546286
    6.190000000    0.083086584    0.082770679    0.089643347
    6.200000000    0.082734736    0.082454402    0.090575347
    6.210000000    0.082308338    0.082263365    0.091332541
    6.220000000    0.081891135    0.082275305    0.091949789
    6.230000000    0.081541300    0.082484286    0.092483812
    6.240000000    0.081279210    0.082805009    0.092963677
    6.250000000    0.081097752    0.083121247    0.093375974
    6.260000000    0.080994933    0.083346594    0.093724621
    6.270000000    0.080997663    0.083467431    0.094078226
    6.280000000    0.081141866    0.083544559    0.094526431
    6.290000000    0.081441776    0.083668629    0.095096510
    6.300000000    0.081898844    0.083910511    0.095719171
    6.310000000    0.082527146    0.084303682    0.096283145
    6.320000000    0.083345433    0.084847002    0.096713320
    6.330000000    0.084343469    0.085511937    0.096975514
    6.340000000    0.085459649    0.086247723    0.097040121
    6.350000000    0.086596515    0.086988988    0.096882365
    6.360000000    0.087663744    0.087672974    0.096507933
    6.370000000    0.088616401    0.088265635    0.095976909
    6.380000000    0.089476388    0.088792209    0.095411219
    6.390000000    0.090317315    0.089333047    0.094957181
    6.400000000    0.091208127    0.089964659    0.094718341
    6.410000000    0.092170817    0.090712793    0.094728233
    6.420000000    0.093175349    0.091555336    0.094978760
    6.430000000    0.094134338    0.092428388    0.095450656
    6.440000000    0.094916240    0.093233998    0.096107979
    6.450000000    0.095415604    0.093885836    0.096886309
    6.460000000    0.095624654    0.094353389    0.097721740
    6.470000000    0.095642838    0.094660935    0.098587903
    6.480000000    0.095635530    0.094870955    0.099495451
    6.490000000    0.095774286    0.095073421    0.100465457
    6.500000000    0.096174077    0.095361152    0.101497449
    6.510000000    0.096853925    0.095796234    0.102556005
    6.520000000    0.097756324    0.096398378    0.103590452
    6.530000000    0.098806596    0.097160811    0.104555074
    6.540000000    0.099961354    0.098082369    0.105425621
    6.550000000    0.101224179    0.099194173    0.106248361
    6.560000000    0.102618589    0.100536887    0.107148325
    6.570000000    0.104130734    0.102094132    0.108231372
    6.580000000    0.105688343    0.103757800    0.109479242
    6.590000000    0.107196769    0.105359567    0.110733679
    6.600000000    0.108570188    0.106735100    0.111760967
    6.610000000    0.109739040    0.107794906    0.112341399
    6.620000000    0.110667620    0.108569659    0.112339433
    6.630000000    0.111381060    0.109186524    0.111758874
    6.640000000    0.111962112    0.109798176    0.110780124
    6.650000000    0.112504741    0.110525514    0.109689465
    6.660000000    0.113068268    0.111432017    0.108696601
    6.670000000    0.113675251    0.112526105    0.107817558
    6.680000000    0.114335406    0.113786555    0.106953603
    6.690000000    0.115044218    0.115179777    0.106092264
    6.700000000    0.115763776    0.116652976    0.105419256
    6.710000000    0.116438735    0.118136220    0.105234074
    6.720000000    0.117029445    0.119563394    0.105756848
    6.730000000    0.117519033    0.120887163    0.106962655
    6.740000000    0.117911688    0.122076883    0.108557310
    6.750000000    0.118223132    0.123102269    0.110118653
    6.760000000    0.118466336    0.123925116    0.111310932
    6.770000000    0.118673157    0.124517192    0.112047233
    6.780000000    0.118923119    0.124886070    0.112476319
    6.790000000    0.119302186    0.125064911    0.112798236
    6.800000000    0.119814532    0.125064594    0.113115417
    6.810000000    0.120366174    0.124873039    0.113450310
    6.820000000    0.120873700    0.124537110    0.113815337
    6.830000000    0.121378764    0.124210928    0.114223716
    6.840000000    0.122031263    0.124093712    0.114681023
    6.850000000    0.122965972    0.124319781    0.115187137
    6.860000000    0.124186500    0.124878744    0.115728236
    6.870000000    0.125540237    0.125620213    0.116269350
    6.880000000    0.126788758    0.126343286    0.116756840
    6.890000000    0.127721072    0.126894863    0.117132526
    6.900000000    0.128241643    0.127202418    0.117371652
    6.910000000    0.128387068    0.127255484    0.117522648
    6.920000000    0.128272421    0.127086546    0.117687882
    6.930000000    0.128017408    0.126750502    0.117931707
    6.940000000    0.127710724    0.126293493    0.118225364
    6.950000000    0.127402937    0.125737179    0.118506516
    6.960000000    0.127110033    0.125106935    0.118743917
    6.970000000    0.126853592    0.124486828    0.118924774
    6.980000000    0.126706601    0.124030436    0.119049366
    6.990000000    0.126784802    0.123894461    0.119161748
    7.000000000    0.127195549    0.124163461    0.119345144
    7.010000000    0.127983259    0.124827537    0.119688410
    7.020000000    0.129084778    0.125802326    0.120262804
    7.030000000    0.130336282    0.126968463    0.121135156
    7.040000000    0.131549210    0.128197225    0.122395314
    7.050000000    0.132580544    0.129341254    0.124109208
    7.060000000    0.133361292    0.130241285    0.126196947
    7.070000000    0.133905571    0.130783353    0.128350960
    7.080000000    0.134276524    0.130952905    0.130116028
    7.090000000    0.134488869    0.130812779    0.131133541
    7.100000000    0.134453702    0.130437508    0.131326306
    7.110000000    0.134071900    0.129924230    0.130833750
    7.120000000    0.133362383    0.129453803    0.129837781
    7.130000000    0.132465768    0.129255697    0.128513547
    7.140000000    0.131539181    0.129460217    0.127100018
    7.150000000    0.130660384    0.129990530    0.125920358
    7.160000000    0.129820124    0.130626969    0.125297095
    7.170000000    0.128978517    0.131168359    0.125439366
    7.180000000    0.128125515    0.131515405    0.126364097
    7.190000000    0.127320527    0.131662607    0.127885914
    7.200000000    0.126690872    0.131677672    0.129713991
    7.210000000    0.126344572    0.131639931    0.131591364
    7.220000000    0.126251800    0.131540321    0.133340074
    7.230000000    0.126236579    0.131266015    0.134814738
    7.240000000    0.126111441    0.130719251    0.135879362
    7.250000000    0.125839031    0.129959011    0.136464498
    7.260000000    0.125569828    0.129210445    0.136632321
    7.270000000    0.125521670    0.128727216    0.136543089
    7.280000000    0.125830981    0.128636049    0.136352878
    7.290000000    0.126484576    0.128859029    0.136169908
    7.300000000    0.127318661    0.129152109    0.136087957
    7.310000000    0.128050508    0.129242040    0.136181976
    7.320000000    0.128355546    0.128952619    0.136430609
    7.330000000    0.127994373    0.128227250    0.136674492
    7.340000000    0.126911924    0.127071948    0.136694701
    7.350000000    0.125239659    0.125518547    0.136360398
    7.360000000    0.123246801    0.123669882    0.135735476
    7.370000000    0.121268542    0.121730999    0.135055545
    7.380000000    0.119571688    0.119900996    0.134560151
    7.390000000    0.118228619    0.118234139    0.134316045
    7.400000000    0.117138256    0.116658407    0.134212484
    7.410000000    0.116170591    0.115108706    0.134136703
    7.420000000    0.115259511    0.113594522    0.134132790
    7.430000000    0.114369035    0.112154569    0.134370580
    7.440000000    0.113456725    0.110809195    0.135003318
    7.450000000    0.112520232    0.109586002    0.136075555
    7.460000000    0.111637601    0.108559871    0.137482121
    7.470000000    0.110932919    0.107843566    0.138972382
    7.480000000    0.110524234    0.107552365    0.140263356
    7.490000000    0.110489143    0.107753895    0.141203215
    7.500000000    0.110825995    0.108401344    0.141846442
    7.510000000    0.111425710    0.109309721    0.142397819
    7.520000000    0.112092161    0.110216947    0.143064581
    7.530000000    0.112591067    0.110875323    0.143909078
    7.540000000    0.112696926    0.111107350    0.144807126
    7.550000000    0.112265024    0.110840397    0.145526629
    7.560000000    0.111321512    0.110153035    0.145878907
    7.570000000    0.110066244    0.109273758    0.145842837
    7.580000000    0.108744814    0.108463378    0.145542162
    7.590000000    0.107507679    0.107860983    0.145118414
    7.600000000    0.106387884    0.107449192    0.144632526
    7.610000000    0.105379658    0.107150033    0.144052432
    7.620000000    0.104509703    0.106922558    0.143291672
    7.630000000    0.103860855    0.106790773    0.142271916
    7.640000000    0.103560862    0.106819692    0.141021414
    7.650000000    0.103727373    0.107057290    0.139723003
    7.660000000    0.104380137    0.107472679    0.138606228
    7.670000000    0.105391937    0.107946973    0.137767824
    7.680000000    0.106535326    0.108337664    0.137110334
    7.690000000    0.107588195    0.108561134    0.136459620
    7.700000000    0.108415299    0.108620281    0.135723077
    7.710000000    0.108989886    0.108577753    0.134927200
    7.720000000    0.109375332    0.108527462    0.134142270
    7.730000000    0.109679475    0.108570095    0.133408139
    7.740000000    0.109981499    0.108783573    0.132721631
    7.750000000    0.110272406    0.109200989    0.132070343
    7.760000000    0.110467593    0.109787014    0.131467761
    7.770000000    0.110487864    0.110420447    0.130969099
    7.780000000    0.110320128    0.110915512    0.130674794
    7.790000000    0.109999284    0.111091230    0.130705318
    7.800000000    0.109574207    0.110875368    0.131150548
    7.810000000    0.109099944    0.110369245    0.132029601
    7.820000000    0.108638435    0.109801527    0.133267509
    7.830000000    0.108270825    0.109412535    0.134687512
    7.840000000    0.108084018    0.109342291    0.136054443
    7.850000000    0.108128773    0.109582279    0.137171051
    7.860000000    0.108429760    0.110037818    0.137967799
    7.870000000    0.109044297    0.110649181    0.138519343
    7.880000000    0.110079727    0.111455683    0.138964010
    7.890000000    0.111643057    0.112561274    0.139408570
    7.900000000    0.113760671    0.114029236    0.139918723
    7.910000000    0.116311413    0.115781780    0.140551563
    7.920000000    0.119044229    0.117628093    0.141332209
    7.930000000    0.121702194    0.119415652    0.142198708
    7.940000000    0.124160098    0.121149877    0.143016384
    7.950000000    0.126457442    0.122966919    0.143659853
    7.960000000    0.128703257    0.124990602    0.144072427
    7.970000000    0.130957247    0.127227658    0.144300393
    7.980000000    0.133188307    0.129590913    0.144518440
    7.990000000    0.135303159    0.131969985    0.144977543
    8.000000000    0.137206370    0.134267199    0.145888121
    8.010000000    0.138860947    0.136413100    0.147357993
    8.020000000    0.140305098    0.138368732    0.149386344
    8.030000000    0.141619933    0.140122013    0.151823062
    8.040000000    0.142905761    0.141725315    0.154359789
    8.050000000    0.144308097    0.143355927    0.156704588
    8.060000000    0.146010804    0.145281134    0.158827622
    8.070000000    0.148123906    0.147699804    0.160965771
    8.080000000    0.150587672    0.150607676    0.163367793
    8.090000000    0.153224449    0.153827886    0.166103626
    8.100000000    0.155866684    0.157153911    0.169110692
    8.110000000    0.158382570    0.160391228    0.172321244
    8.120000000    0.160603672    0.163251950    0.175688168
    8.130000000    0.162341976    0.165349272    0.179121217
    8.140000000    0.163531696    0.166429240    0.182479887
    8.150000000    0.164337244    0.166619371    0.185655940
    8.160000000    0.165100270    0.166413546    0.188608289
    8.170000000    0.166155700    0.166395226    0.191308364
    8.180000000    0.167656329    0.166946954    0.193726154
    8.190000000    0.169524564    0.168141465    0.195895334
    8.200000000    0.171534853    0.169781246    0.197929977
    8.210000000    0.173422024    0.171507257    0.199929386
    8.220000000    0.174945519    0.172968322    0.201904969
    8.230000000    0.175950552    0.173994624    0.203851978
    8.240000000    0.176453890    0.174678963    0.205865067
    8.250000000    0.176680400    0.175305873    0.208081553
    8.260000000    0.176988915    0.176193163    0.210443046
    8.270000000    0.177723198    0.177583588    0.212626475
    8.280000000    0.179056241    0.179600378    0.214334768
    8.290000000    0.180911816    0.182216050    0.215585176
    8.300000000    0.183009376    0.185226803    0.216645626
    8.310000000    0.184983371    0.188270924    0.217751783
    8.320000000    0.186542044    0.190969856    0.218942477
    8.330000000    0.187624152    0.193150447    0.220175453
    8.340000000    0.188396626    0.194911087    0.221560362
    8.350000000    0.189063293    0.196438460    0.223370498
    8.360000000    0.189721747    0.197811179    0.225774900
    8.370000000    0.190420742    0.198998007    0.228628021
    8.380000000    0.191251147    0.199948552    0.231544588
    8.390000000    0.192262380    0.200586812    0.234144932
    8.400000000    0.193329356    0.200773306    0.236279356
    8.410000000    0.194228356    0.200395100    0.238082299
    8.420000000    0.194826104    0.199471539    0.239796414
    8.430000000    0.195125512    0.198123039    0.241519759
    8.440000000    0.195209329    0.196509637    0.243152924
    8.450000000    0.195183765    0.194784114    0.244613139
    8.460000000    0.195090105    0.193000378    0.246067420
    8.470000000    0.194855355    0.191087145    0.247915304
    8.480000000    0.194364747    0.188970152    0.250535212
    8.490000000    0.193580004    0.186715070    0.254026655
    8.500000000    0.192580929    0.184541683    0.258117125
    8.510000000    0.191506306    0.182705125    0.262328697
    8.520000000    0.190480428    0.181352941    0.266311941
    8.530000000    0.189567023    0.180441952    0.269956033
    8.540000000    0.188739178    0.179758138    0.273166195
    8.550000000    0.187881347    0.179040510    0.275686898
    8.560000000    0.186851495    0.178132074    0.277217326
    8.570000000    0.185579518    0.177044927    0.277650497
    8.580000000    0.184096574    0.175873105    0.277138506
    8.590000000    0.182459055    0.174657851    0.275917028
    8.600000000    0.180658678    0.173370667    0.274127149
    8.610000000    0.178612919    0.171996865    0.271836400
    8.620000000    0.176247942    0.170578548    0.269164885
    8.630000000    0.173588107    0.169163132    0.266351409
    8.640000000    0.170752949    0.167739496    0.263751539
    8.650000000    0.167871690    0.166243770    0.261762378
    8.660000000    0.165021910    0.164620270    0.260640745
    8.670000000    0.162239677    0.162864470    0.260348441
    8.680000000    0.159536685    0.160992937    0.260569683
    8.690000000    0.156901703    0.158992173    0.260871489
    8.700000000    0.154334914    0.156852201    0.260879672
    8.710000000    0.151884193    0.154647343    0.260359189
    8.720000000    0.149626937    0.152536573    0.259227746
    8.730000000    0.147628872    0.150679272    0.257545156
    8.740000000    0.145920843    0.149152472    0.255415251
    8.750000000    0.144493112    0.147928799    0.252881205
    8.760000000    0.143302970    0.146922031    0.249973359
    8.770000000    0.142301399    0.146070678    0.246866692
    8.780000000    0.141452661    0.145384766    0.243951829
    8.790000000    0.140734071    0.144905911    0.241671652
    8.800000000    0.140138247    0.144634603    0.240272778
    8.810000000    0.139664600    0.144503840    0.239755501
    8.820000000    0.139306702    0.144427660    0.240031966
    8.830000000    0.139074690    0.144383429    0.241048124
    8.840000000    0.139022464    0.144442511    0.242722860
    8.850000000    0.139220306    0.144709019    0.244842525
    8.860000000    0.139700598    0.145229936    0.247062144
    8.870000000    0.140434993    0.145957364    0.248953608
    8.880000000    0.141344559    0.146770447    0.250048290
    8.890000000    0.142320870    0.147526302    0.249951943
    8.900000000    0.143257364    0.148117434    0.248509818
    8.910000000    0.144096463    0.148522087    0.245853798
    8.920000000    0.144873572    0.148834752    0.242316565
    8.930000000    0.145712785    0.149242695    0.238358386
    8.940000000    0.146752246    0.149926323    0.234483454
    8.950000000    0.148059396    0.150948613    0.231063172
    8.960000000    0.149612738    0.152230761    0.228207542
    8.970000000    0.151341928    0.153623522    0.225816068
    8.980000000    0.153164513    0.154987743    0.223695175
    8.990000000    0.154998886    0.156224439    0.221632725
    9.000000000    0.156789314    0.157300762    0.219480212
    9.010000000    0.158554699    0.158295254    0.217207737
    9.020000000    0.160381956    0.159365126    0.214838424
    9.030000000    0.162327634    0.160616790    0.212352120
    9.040000000    0.164334271    0.162010255    0.209664828
    9.050000000    0.166240116    0.163375380    0.206698554
    9.060000000    0.167857315    0.164516028    0.203510790
    9.070000000    0.169072077    0.165330846    0.200346239
    9.080000000    0.169908610    0.165859965    0.197515418
    9.090000000    0.170519138    0.166241295    0.195228112
    9.100000000    0.171117717    0.166646914    0.193533105
    9.110000000    0.171866656    0.167209647    0.192355479
    9.120000000    0.172741213    0.167910630    0.191576409
    9.130000000    0.173495844    0.168541232    0.191109735
    9.140000000    0.173818508    0.168840763    0.190921125
    9.150000000    0.173546700    0.168683408    0.190994285
    9.160000000    0.172745080    0.168139458    0.191319891
    9.170000000    0.171657890    0.167418893    0.191910368
    9.180000000    0.170624920    0.166778504    0.192745943
    9.190000000    0.169929492    0.166405570    0.193679811
    9.200000000    0.169637508    0.166322054    0.194449723
    9.210000000    0.169590796    0.166395969    0.194808384
    9.220000000    0.169561533    0.166452045    0.194647216
    9.230000000    0.169418504    0.166393742    0.194033103
    9.240000000    0.169170870    0.166252805    0.193156271
    9.250000000    0.168881569    0.166125110    0.192199842
    9.260000000    0.168576625    0.166061028    0.191203159
    9.270000000    0.168256207    0.166030231    0.190068391
    9.280000000    0.167943802    0.165967699    0.188703494
    9.290000000    0.167662200    0.165822277    0.187115193
    9.300000000    0.167386225    0.165586598    0.185416641
    9.310000000    0.167086764    0.165328288    0.183814882
    9.320000000    0.166805005    0.165181421    0.182541392
    9.330000000    0.166624000    0.165265627    0.181733822
    9.340000000    0.166573035    0.165604417    0.181372325
    9.350000000    0.166599573    0.166126987    0.181346545
    9.360000000    0.166626984    0.166727615    0.181586184
    9.370000000    0.166613453    0.167314935    0.182100060
    9.380000000    0.166574531    0.167842646    0.182898188
    9.390000000    0.166573910    0.168321439    0.183923412
    9.400000000    0.166696831    0.168809376    0.185102650
    9.410000000    0.167036598    0.169404852    0.186461086
    9.420000000    0.167696979    0.170242848    0.188147536
    9.430000000    0.168779285    0.171468978    0.190345115
    9.440000000    0.170338522    0.173175161    0.193147054
    9.450000000    0.172336376    0.175332047    0.196452979
    9.460000000    0.174641705    0.177795328    0.199958358
    9.470000000    0.177084111    0.180376671    0.203299379
    9.480000000    0.179510909    0.182903908    0.206276013
    9.490000000    0.181832022    0.185276346    0.208952889
    9.500000000    0.184059614    0.187529455    0.211538242
    9.510000000    0.186311643    0.189836214    0.214207743
    9.520000000    0.188754539    0.192399805    0.217071912
    9.530000000    0.191496925    0.195312091    0.220236401
    9.540000000    0.194486431    0.198485258    0.223808924
    9.550000000    0.197499924    0.201681743    0.227854879
    9.560000000    0.200273990    0.204619032    0.232379403
    9.570000000    0.202658833    0.207089950    0.237311290
    9.580000000    0.204628487    0.209002034    0.242450195
    9.590000000    0.206193412    0.210340402    0.247446669
    9.600000000    0.207394039    0.211162831    0.251918067
    9.610000000    0.208375754    0.211657293    0.255648406
    9.620000000    0.209384104    0.212141105    0.258647790
    9.630000000    0.210636439    0.212906899    0.261042097
    9.640000000    0.212205231    0.214049113    0.263018869
    9.650000000    0.214017206    0.215456751    0.264873483
    9.660000000    0.215922741    0.216932895    0.266995282
    9.670000000    0.217769728    0.218323991    0.269757219
    9.680000000    0.219485639    0.219628604    0.273361540
    9.690000000    0.221111434    0.221005424    0.277702517
    9.700000000    0.222724790    0.222626482    0.282362829
    9.710000000    0.224374012    0.224531315    0.286770256
    9.720000000    0.226098908    0.226621953    0.290404774
    9.730000000    0.227913921    0.228729801    0.292931166
    9.740000000    0.229755728    0.230673667    0.294211509
    9.750000000    0.231560050    0.232338513    0.294292336
    9.760000000    0.233406584    0.233757876    0.293426657
    9.770000000    0.235518960    0.235117080    0.292033333
    9.780000000    0.238109304    0.236664572    0.290538037
    9.790000000    0.241207312    0.238564236    0.289222812
    9.800000000    0.244618195    0.240777661    0.288232944
    9.810000000    0.248052501    0.243117618    0.287683711
    9.820000000    0.251289775    0.245420804    0.287701949
    9.830000000    0.254202437    0.247601616    0.288339581
    9.840000000    0.256664176    0.249563884    0.289438301
    9.850000000    0.258544674    0.251190377    0.290618244
    9.860000000    0.259831324    0.252454490    0.291476377
    9.870000000    0.260711125    0.253499737    0.291845671
    9.880000000    0.261495571    0.254587838    0.291843156
    9.890000000    0.262442504    0.255943217    0.291664257
    9.900000000    0.263643904    0.257628007    0.291398400
    9.910000000    0.265052553    0.259551738    0.291021949
    9.920000000    0.266580270    0.261598860    0.290448135
    9.930000000    0.268180403    0.263747933    0.289571998
    9.940000000    0.269834104    0.266041636    0.288359266
    9.950000000    0.271459942    0.268460975    0.286894564
    9.960000000    0.272910356    0.270896052    0.285287861
    9.970000000    0.274127511    0.273266459    0.283546161
    9.980000000    0.275254409    0.275616576    0.281550867
    9.990000000    0.276517373    0.278032137    0.279130307
   10.000000000    0.278018838    0.280486252    0.276127600
   10.010000000    0.279662808    0.282808773    0.272411096
   10.020000000    0.281253655    0.284790130    0.267885847
   10.030000000    0.282641987    0.286274373    0.262539256
   10.040000000    0.283754636    0.287155191    0.256481427
   10.050000000    0.284498418    0.287343026    0.249957961
   10.060000000    0.284708527    0.286804482    0.243339695
   10.070000000    0.284229291    0.285632357    0.237050294
   10.080000000    0.283000367    0.284000056    0.231437404
   10.090000000    0.281075797    0.282056837    0.226690420
   10.100000000    0.278648431    0.279934089    0.222824932
   10.110000000    0.276028790    0.277803604    0.219695047
   10.120000000    0.273482845    0.275835183    0.217044040
   10.130000000    0.271094017    0.274100548    0.214559447
   10.140000000    0.268829221    0.272572283    0.211879689
   10.150000000    0.266683050    0.271204921    0.208607393
   10.160000000    0.264712091    0.269989100    0.204438203
   10.170000000    0.262979662    0.268953444    0.199344234
   10.180000000    0.261552578    0.268151720    0.193582963
   10.190000000    0.260579982    0.267659739    0.187491852
   10.200000000    0.260293530    0.267548010    0.181294786
   10.210000000    0.260836434    0.267796298    0.175080250
   10.220000000    0.262079097    0.268201246    0.168893322
   10.230000000    0.263600861    0.268374394    0.162816428
   10.240000000    0.264841819    0.267876781    0.156987162
   10.250000000    0.265305789    0.266409958    0.151554846
   10.260000000    0.264720762    0.263956095    0.146617115
   10.270000000    0.263085409    0.260768090    0.142190204
   10.280000000    0.260566661    0.257186344    0.138224915
   10.290000000    0.257336963    0.253438390    0.134647704
   10.300000000    0.253494754    0.249571800    0.131415870
   10.310000000    0.249126915    0.245531428    0.128572141
   10.320000000    0.244419390    0.241306942    0.126239388
   10.330000000    0.239656438    0.237007356    0.124538441
   10.340000000    0.235085518    0.232777226    0.123498227
   10.350000000    0.230805884    0.228675977    0.123015677
   10.360000000    0.226786573    0.224669983    0.122893085
   10.370000000    0.222971599    0.220737638    0.122939949
   10.380000000    0.219376630    0.216961696    0.123058956
   10.390000000    0.216081988    0.213495708    0.123244401
   10.400000000    0.213129273    0.210444019    0.123507720
   10.410000000    0.210467649    0.207794464    0.123819396
   10.420000000    0.208010907    0.205454274    0.124121214
   10.430000000    0.205702082    0.203316599    0.124368535
   10.440000000    0.203526551    0.201307215    0.124546008
   10.450000000    0.201513994    0.199428784    0.124653627
   10.460000000    0.199735368    0.197766673    0.124699866
   10.470000000    0.198272777    0.196423730    0.124722649
   10.480000000    0.197184914    0.195459813    0.124810065
   10.490000000    0.196486889    0.194880023    0.125085760
   10.500000000    0.196141780    0.194643060    0.125656000
   10.510000000    0.196072369    0.194679684    0.126552483
   10.520000000    0.196191440    0.194917190    0.127720791
   10.530000000    0.196440461    0.195306017    0.129075653
   10.540000000    0.196800474    0.195829180    0.130572008
   10.550000000    0.197240524    0.196473502    0.132205236
   10.560000000    0.197674350    0.197200670    0.133944549
   10.570000000    0.198014261    0.197961405    0.135697286
   10.580000000    0.198252913    0.198727613    0.137355519
   10.590000000    0.198442276    0.199481777    0.138853098
   10.600000000    0.198579197    0.200151147    0.140162874
   10.610000000    0.198534274    0.200560440    0.141286070
   10.620000000    0.198124061    0.200491174    0.142274086
   10.630000000    0.197252680    0.199812064    0.143217550
   10.640000000    0.195951047    0.198542908    0.144183007
   10.650000000    0.194290130    0.196796834    0.145178651
   10.660000000    0.192326164    0.194705932    0.146189647
   10.670000000    0.190158928    0.192430068    0.147231279
   10.680000000    0.187982153    0.190186485    0.148366613
   10.690000000    0.186021371    0.188206455    0.149683968
   10.700000000    0.184420341    0.186642795    0.151259189
   10.710000000    0.183198667    0.185518571    0.153117316
   10.720000000    0.182328867    0.184768298    0.155198934
   10.730000000    0.181833001    0.184324057    0.157369518
   10.740000000    0.181781978    0.184152638    0.159503233
   10.750000000    0.182221389    0.184220895    0.161573273
   10.760000000    0.183108794    0.184468545    0.163641893
   10.770000000    0.184298205    0.184835546    0.165766032
   10.780000000    0.185576479    0.185286697    0.167939690
   10.790000000    0.186743206    0.185801775    0.170119802
   10.800000000    0.187683638    0.186365718    0.172270175
   10.810000000    0.188382058    0.186973979    0.174367651
   10.820000000    0.188872626    0.187621440    0.176361317
   10.830000000    0.189180385    0.188279008    0.178132838
   10.840000000    0.189304175    0.188890009    0.179544747
   10.850000000    0.189249280    0.189377747    0.180558553
   10.860000000    0.189071749    0.189659425    0.181278216
   10.870000000    0.188864224    0.189666991    0.181860311
   10.880000000    0.188685544    0.189361308    0.182404272
   10.890000000    0.188521380    0.188739870    0.182937002
   10.900000000    0.188317130    0.187848597    0.183478175
   10.910000000    0.188044057    0.186799903    0.184082270
   10.920000000    0.187729186    0.185761787    0.184800863
   10.930000000    0.187418494    0.184892327    0.185629018
   10.940000000    0.187125490    0.184266851    0.186507002
   10.950000000    0.186821585    0.183855496    0.187356805
   10.960000000    0.186457519    0.183556410    0.188097462
   10.970000000    0.185971535    0.183248601    0.188621743
   10.980000000    0.185290597    0.182837274    0.188785043
   10.990000000    0.184362625    0.182280153    0.188466469
   11.000000000    0.183189422    0.181567329    0.187645053
   11.010000000    0.181816379    0.180683518    0.186385001
   11.020000000    0.180313029    0.179622320    0.184788651
   11.030000000    0.178780606    0.178427803    0.183012926
   11.040000000    0.177356350    0.177193678    0.181260982
   11.050000000    0.176191438    0.176034008    0.179691149
   11.060000000    0.175405236    0.175064947    0.178352914
   11.070000000    0.175019121    0.174375134    0.177199251
   11.080000000    0.174922822    0.173983031    0.176133340
   11.090000000    0.174929942    0.173832688    0.175061526
   11.100000000    0.174879563    0.173831335    0.173921654
   11.110000000    0.174703907    0.173895739    0.172678362
   11.120000000    0.174434354    0.173986397    0.171307112
   11.130000000    0.174153724    0.174102636    0.169776435
   11.140000000    0.173929662    0.174248291    0.168028149
   11.150000000    0.173787116    0.174419984    0.165975134
   11.160000000    0.173735510    0.174630914    0.163555203
   11.170000000    0.173793247    0.174925521    0.160803146
   11.180000000    0.173965290    0.175349625    0.157846701
   11.190000000    0.174198103    0.175887191    0.154833720
   11.200000000    0.174364240    0.176414472    0.151868207
   11.210000000    0.174309064    0.176730239    0.148992458
   11.220000000    0.173946264    0.176669134    0.146223280
   11.230000000    0.173339330    0.176224281    0.143602963
   11.240000000    0.172694359    0.175573430    0.141189472
   11.250000000    0.172248011    0.174969317    0.139006702
   11.260000000    0.172130099    0.174581711    0.137044711
   11.270000000    0.172306878    0.174417811    0.135300624
   11.280000000    0.172627584    0.174359200    0.133785958
   11.290000000    0.172924950    0.174268697    0.132494068
   11.300000000    0.173114246    0.174092644    0.131379078
   11.310000000    0.173229095    0.173885071    0.130372452
   11.320000000    0.173366413    0.173741203    0.129409244
   11.330000000    0.173600044    0.173713329    0.128437895
   11.340000000    0.173938067    0.173776414    0.127425342
   11.350000000    0.174326206    0.173850296    0.126371181
   11.360000000    0.174669267    0.173856912    0.125320714
   11.370000000    0.174872023    0.173771197    0.124354281
   11.380000000    0.174892614    0.173630863    0.123543911
   11.390000000    0.174766042    0.173499020    0.122909272
   11.400000000    0.174580474    0.173412759    0.122418236
   11.410000000    0.174435369    0.173369687    0.122021287
   11.420000000    0.174386795    0.173342899    0.121665270
   11.430000000    0.174387817    0.173281643    0.121278595
   11.440000000    0.174303824    0.173114776    0.120767028
   11.450000000    0.174026803    0.172796371    0.120047746
   11.460000000    0.173564192    0.172356332    0.119110866
   11.470000000    0.172996325    0.171879369    0.118042990
   11.480000000    0.172380388    0.171433859    0.116975652
   11.490000000    0.171736861    0.171049956    0.116023894
   11.500000000    0.171096001    0.170752081    0.115274216
   11.510000000    0.170513985    0.170570683    0.114797596
   11.520000000    0.170058006    0.170522673    0.114647613
   11.530000000    0.169787546    0.170599867    0.114844393
   11.540000000    0.169728187    0.170780110    0.115371822
   11.550000000    0.169851509    0.171040823    0.116193227
   11.560000000    0.170094914    0.171357229    0.117260553
   11.570000000    0.170421124    0.171705554    0.118509565
   11.580000000    0.170860752    0.172079738    0.119858042
   11.590000000    0.171462968    0.172474211    0.121210049
   11.600000000    0.172185457    0.172834762    0.122445303
   11.610000000    0.172887204    0.173082771    0.123421123
   11.620000000    0.173460585    0.173213353    0.124035051
   11.630000000    0.173923843    0.173318853    0.124294196
   11.640000000    0.174360166    0.173495455    0.124312632
   11.650000000    0.174790046    0.173739338    0.124251845
   11.660000000    0.175138437    0.173947903    0.124265998
   11.670000000    0.175342749    0.174049833    0.124467942
   11.680000000    0.175461036    0.174128713    0.124900524
   11.690000000    0.175635531    0.174371221    0.125532731
   11.700000000    0.175959993    0.174888192    0.126294074
   11.710000000    0.176415894    0.175614919    0.127109583
   11.720000000    0.176933210    0.176375940    0.127922309
   11.730000000    0.177474984    0.177025103    0.128722817
   11.740000000    0.178045850    0.177526608    0.129554726
   11.750000000    0.178651183    0.177932964    0.130461794
   11.760000000    0.179271560    0.178316512    0.131423400
   11.770000000    0.179850816    0.178711663    0.132356309
   11.780000000    0.180299081    0.179099343    0.133184251
   11.790000000    0.180535636    0.179434858    0.133897023
   11.800000000    0.180551034    0.179697498    0.134539064
   11.810000000    0.180423872    0.179924618    0.135164253
   11.820000000    0.180263192    0.180180931    0.135831336
   11.830000000    0.180135775    0.180485041    0.136621925
   11.840000000    0.180050348    0.180788153    0.137620472
   11.850000000    0.179990895    0.181041108    0.138882499
   11.860000000    0.179965765    0.181279106    0.140438039
   11.870000000    0.180018903    0.181604670    0.142290015
   11.880000000    0.180176499    0.182063682    0.144375463
   11.890000000    0.180410235    0.182573922    0.146566878
   11.900000000    0.180687282    0.183013028    0.148755375
   11.910000000    0.181060626    0.183363442    0.150916176
   11.920000000    0.181676038    0.183740770    0.153088753
   11.930000000    0.182658414    0.184299015    0.155319571
   11.940000000    0.183993091    0.185119573    0.157616940
   11.950000000    0.185511478    0.186145903    0.159917962
   11.960000000    0.186978285    0.187199364    0.162065425
   11.970000000    0.188198923    0.188067979    0.163835405
   11.980000000    0.189064867    0.188587905    0.165041834
   11.990000000    0.189524216    0.188668125    0.165636466
   12.000000000    0.189549784    0.188298601    0.165706049
   12.010000000    0.189168349    0.187572647    0.165410247
   12.020000000    0.188506213    0.186683286    0.164936785
   12.030000000    0.187771937    0.185864710    0.164465230
   12.040000000    0.187164923    0.185301919    0.164138500
   12.050000000    0.186779069    0.185063146    0.164053128
   12.060000000    0.186587251    0.185103466    0.164259373
   12.070000000    0.186499954    0.185320474    0.164777463
   12.080000000    0.186419805    0.185601854    0.165612532
   12.090000000    0.186278288    0.185863032    0.166744046
   12.100000000    0.186089362    0.186099095    0.168119823
   12.110000000    0.185956181    0.186380922    0.169671702
   12.120000000    0.185963445    0.186744674    0.171328356
   12.130000000    0.186081660    0.187112210    0.173020437
   12.140000000    0.186209844    0.187354560    0.174693901
   12.150000000    0.186280604    0.187404412    0.176338459
   12.160000000    0.186310683    0.187296976    0.178008362
   12.170000000    0.186374948    0.187129593    0.179782654
   12.180000000    0.186545996    0.186997587    0.181664834
   12.190000000    0.186856517    0.186959414    0.183507300
   12.200000000    0.187292584    0.187037506    0.185055731
   12.210000000    0.187798510    0.187231229    0.186111449
   12.220000000    0.188294959    0.187526125    0.186667393
   12.230000000    0.188709938    0.187894911    0.186884688
   12.240000000    0.189014265    0.188317755    0.186967206
   12.250000000    0.189236341    0.188821733    0.187069870
   12.260000000    0.189431462    0.189467521    0.187297375
   12.270000000    0.189631876    0.190281733    0.187748065
   12.280000000    0.189842159    0.191236945    0.188514214
   12.290000000    0.190082267    0.192293650    0.189647509
   12.300000000    0.190402679    0.193409799    0.191156028
   12.310000000    0.190855300    0.194515990    0.193018795
   12.320000000    0.191470485    0.195531699    0.195167347
   12.330000000    0.192251594    0.196409813    0.197464956
   12.340000000    0.193176120    0.197137218    0.199743101
   12.350000000    0.194212958    0.197709283    0.201845506
   12.360000000    0.195373244    0.198160746    0.203622815
   12.370000000    0.196747831    0.198610116    0.204943115
   12.380000000    0.198456941    0.199217528    0.205754138
   12.390000000    0.200553545    0.200097209    0.206109889
   12.400000000    0.202978634    0.201274464    0.206126721
   12.410000000    0.205585675    0.202695953    0.205953479
   12.420000000    0.208204586    0.204274673    0.205774007
   12.430000000    0.210722915    0.205954007    0.205769045
   12.440000000    0.213140478    0.207756733    0.206060339
   12.450000000    0.215545924    0.209772479    0.206711913
   12.460000000    0.218018709    0.212076570    0.207769722
   12.470000000    0.220569431    0.214680046    0.209281333
   12.480000000    0.223189320    0.217568562    0.211286891
   12.490000000    0.225891989    0.220731862    0.213786745
   12.500000000    0.228659272    0.224131964    0.216701601
   12.510000000    0.231364106    0.227653696    0.219863607
   12.520000000    0.233769655    0.231071914    0.223038680
   12.530000000    0.235637433    0.234093351    0.225971620
   12.540000000    0.236877447    0.236497263    0.228481243
   12.550000000    0.237590136    0.238247255    0.230532394
   12.560000000    0.237963575    0.239457892    0.232191228
   12.570000000    0.238173497    0.240288527    0.233553074
   12.580000000    0.238360926    0.240882519    0.234735547
   12.590000000    0.238636517    0.241373956    0.235883546
   12.600000000    0.239084686    0.241913283    0.237132007
   12.610000000    0.239755304    0.242646199    0.238557143
   12.620000000    0.240633854    0.243651702    0.240176329
   12.630000000    0.241644020    0.244928072    0.241999526
   12.640000000    0.242722880    0.246449624    0.244065166
   12.650000000    0.243872874    0.248183417    0.246409750
   12.660000000    0.245118011    0.250029133    0.249019357
   12.670000000    0.246452998    0.251796177    0.251852411
   12.680000000    0.247849343    0.253274067    0.254877974
   12.690000000    0.249279218    0.254336627    0.258032377
   12.700000000    0.250724644    0.254992662    0.261168370
   12.710000000    0.252194920    0.255370425    0.264115783
   12.720000000    0.253750880    0.255679835    0.266777152
   12.730000000    0.255472885    0.256138263    0.269140855
   12.740000000    0.257395873    0.256873619    0.271284597
   12.750000000    0.259525549    0.257923110    0.273386761
   12.760000000    0.261911543    0.259345681    0.275663690
   12.770000000    0.264613020    0.261254710    0.278245348
   12.780000000    0.267551534    0.263665063    0.281067694
   12.790000000    0.270468078    0.266368962    0.283858590
   12.800000000    0.273099391    0.269054214    0.286235201
   12.810000000    0.275364969    0.271499146    0.287852447
   12.820000000    0.277335174    0.273597726    0.288533235
   12.830000000    0.279090949    0.275309680    0.288359139
   12.840000000    0.280648361    0.276679947    0.287666001
   12.850000000    0.281950974    0.277849422    0.286901227
   12.860000000    0.282916442    0.278994643    0.286414544
   12.870000000    0.283525609    0.280277993    0.286351233
   12.880000000    0.283899226    0.281844603    0.286713036
   12.890000000    0.284288376    0.283791525    0.287466145
   12.900000000    0.284945325    0.286098175    0.288618583
   12.910000000    0.285954141    0.288585271    0.290237417
   12.920000000    0.287180511    0.290970557    0.292363310
   12.930000000    0.288420216    0.293032123    0.294913763
   12.940000000    0.289587398    0.294732800    0.297692586
   12.950000000    0.290747449    0.296178810    0.300509711
   12.960000000    0.292020801    0.297482640    0.303348409
   12.970000000    0.293473900    0.298649569    0.306440890
   12.980000000    0.295076493    0.299583729    0.310127929
   12.990000000    0.296746419    0.300216131    0.314558972
   13.000000000    0.298434995    0.300621625    0.319499332
   13.010000000    0.300162721    0.300994342    0.324428186
   13.020000000    0.301965978    0.301507187    0.328795239
   13.030000000    0.303864547    0.302243283    0.332212088
   13.040000000    0.305906036    0.303252228    0.334511681
   13.050000000    0.308164200    0.304581115    0.335744320
   13.060000000    0.310661148    0.306262854    0.336126486
   13.070000000    0.313335745    0.308350869    0.335924248
   13.080000000    0.316118137    0.310952628    0.335380168
   13.090000000    0.319040617    0.314193126    0.334760757
   13.100000000    0.322259975    0.318146036    0.334432470
   13.110000000    0.325934733    0.322772858    0.334799177
   13.120000000    0.330060955    0.327889242    0.336111634
   13.130000000    0.334417397    0.333171756    0.338364862
   13.140000000    0.338610906    0.338175604    0.341378424
   13.150000000    0.342196000    0.342400969    0.344903833
   13.160000000    0.344888038    0.345489379    0.348619623
   13.170000000    0.346660785    0.347387494    0.352094977
   13.180000000    0.347576604    0.348253100    0.354889225
   13.190000000    0.347626392    0.348238911    0.356759419
   13.200000000    0.346803703    0.347418459    0.357738718
   13.210000000    0.345267063    0.345902854    0.358065297
   13.220000000    0.343384437    0.343976273    0.358118733
   13.230000000    0.341608218    0.342065702    0.358297449
   13.240000000    0.340263758    0.340544580    0.358795016
   13.250000000    0.339420197    0.339538418    0.359511742
   13.260000000    0.338998919    0.338956187    0.360256007
   13.270000000    0.339027246    0.338774468    0.361040189
   13.280000000    0.339707258    0.339248908    0.362175225
   13.290000000    0.341192973    0.340751502    0.364074062
   13.300000000    0.343387878    0.343409244    0.366933212
   13.310000000    0.346030991    0.346958989    0.370583362
   13.320000000    0.348904389    0.350902955    0.374602671
   13.330000000    0.351892345    0.354725641    0.378498529
   13.340000000    0.354936203    0.358055056    0.381830501
   13.350000000    0.358020229    0.360810451    0.384298326
   13.360000000    0.361125757    0.363222058    0.385764463
   13.370000000    0.364147225    0.365639595    0.386221608
   13.380000000    0.366909517    0.368281963    0.385776249
   13.390000000    0.369249426    0.371081880    0.384660503
   13.400000000    0.371067357    0.373736501    0.383244923
   13.410000000    0.372392833    0.375948369    0.381986271
   13.420000000    0.373427748    0.377626391    0.381262915
   13.430000000    0.374497405    0.378911562    0.381220995
   13.440000000    0.375926604    0.380084123    0.381817724
   13.450000000    0.377908287    0.381421935    0.383036839
   13.460000000    0.380427638    0.383064593    0.384989011
   13.470000000    0.383248105    0.384938867    0.387730938
   13.480000000    0.385974602    0.386775126    0.391051644
   13.490000000    0.388201087    0.388213548    0.394544401
   13.500000000    0.389659551    0.388938330    0.397825701
   13.510000000    0.390318556    0.388806267    0.400605104
   13.520000000    0.390421613    0.387949029    0.402715754
   13.530000000    0.390349969    0.386726878    0.404250351
   13.540000000    0.390339213    0.385524778    0.405582035
   13.550000000    0.390349297    0.384572113    0.407159958
   13.560000000    0.390214614    0.383895472    0.409288718
   13.570000000    0.389872996    0.383405647    0.412017158
   13.580000000    0.389452982    0.383062485    0.415136976
   13.590000000    0.389139635    0.382922535    0.418276190
   13.600000000    0.388925744    0.382958534    0.421005828
   13.610000000    0.388529955    0.382896900    0.422934917
   13.620000000    0.387625100    0.382380796    0.423859732
   13.630000000    0.386143007    0.381327649    0.423892932
   13.640000000    0.384318977    0.380032854    0.423383901
   13.650000000    0.382440901    0.378874220    0.422682151
   13.660000000    0.380591900    0.377974377    0.422014152
   13.670000000    0.378672027    0.377179149    0.421590626
   13.680000000    0.376619071    0.376284617    0.421699616
   13.690000000    0.374526046    0.375231220    0.422569101
   13.700000000    0.372597790    0.374149648    0.424188149
   13.710000000    0.371068810    0.373300284    0.426281783
   13.720000000    0.370090323    0.372919215    0.428400811
   13.730000000    0.369639607    0.373064150    0.430142939
   13.740000000    0.369575810    0.373618444    0.431440346
   13.750000000    0.369755452    0.374387638    0.432588977
   13.760000000    0.370034546    0.375118440    0.433938021
   13.770000000    0.370212226    0.375487279    0.435552738
   13.780000000    0.370073658    0.375193889    0.437105842
   13.790000000    0.369521755    0.374155295    0.438023167
   13.800000000    0.368661022    0.372656049    0.437813387
   13.810000000    0.367749450    0.371260041    0.436441116
   13.820000000    0.367064080    0.370493088    0.434495429
   13.830000000    0.366800943    0.370572515    0.432955199
   13.840000000    0.367023123    0.371343305    0.432616643
   13.850000000    0.367611704    0.372373079    0.433635003
   13.860000000    0.368304327    0.373189866    0.435638496
   13.870000000    0.368838015    0.373553565    0.438225145
   13.880000000    0.369041526    0.373480262    0.441242803
   13.890000000    0.368820018    0.373006652    0.444585219
   13.900000000    0.368175833    0.372061310    0.447874818
   13.910000000    0.367301101    0.370602819    0.450523704
   13.920000000    0.366559466    0.368786308    0.452098533
   13.930000000    0.366308327    0.366967222    0.452591168
   13.940000000    0.366752454    0.365589699    0.452412525
   13.950000000    0.367917760    0.365024504    0.452164683
   13.960000000    0.369647756    0.365403380    0.452338171
   13.970000000    0.371653878    0.366580913    0.453135888
   13.980000000    0.373664977    0.368250532    0.454509152
   13.990000000    0.375515072    0.370068586    0.456286687
   14.000000000    0.377124179    0.371740446    0.458271098
   14.010000000    0.378493863    0.373141987    0.460304520
   14.020000000    0.379704131    0.374392499    0.462323662
   14.030000000    0.380878309    0.375753879    0.464349876
   14.040000000    0.382157983    0.377453794    0.466404193
   14.050000000    0.383648822    0.379565199    0.468427321
   14.060000000    0.385348989    0.381976293    0.470288014
   14.070000000    0.387197575    0.384486914    0.471877363
   14.080000000    0.389234887    0.386973638    0.473179494
   14.090000000    0.391658614    0.389463836    0.474282333
   14.100000000    0.394650657    0.392055469    0.475375532
   14.110000000    0.398157492    0.394802160    0.476701017
   14.120000000    0.401889506    0.397694663    0.478438643
   14.130000000    0.405505152    0.400711803    0.480662329
   14.140000000    0.408752007    0.403860201    0.483374315
   14.150000000    0.411483625    0.407151835    0.486380298
   14.160000000    0.413640833    0.410510547    0.489119644
   14.170000000    0.415255803    0.413731975    0.490901969
   14.180000000    0.416433828    0.416595795    0.491438284
   14.190000000    0.417289579    0.418993842    0.491061420
   14.200000000    0.417868085    0.420906355    0.490497889
   14.210000000    0.418124513    0.422304955    0.490525880
   14.220000000    0.417994850    0.423121763    0.491689321
   14.230000000    0.417501780    0.423306679    0.494145821
   14.240000000    0.416839778    0.422947987    0.497782466
   14.250000000    0.416325154    0.422323835    0.502424209
   14.260000000    0.416248955    0.421816961    0.507851501
   14.270000000    0.416832375    0.421785765    0.513702046
   14.280000000    0.418224803    0.422444877    0.519497449
   14.290000000    0.420401631    0.423800437    0.524823507
   14.300000000    0.423110542    0.425717356    0.529457733
   14.310000000    0.426000102    0.428024260    0.533331494
   14.320000000    0.428804136    0.430517734    0.536487921
   14.330000000    0.431413167    0.432936179    0.539103756
   14.340000000    0.433822194    0.435027094    0.541474182
   14.350000000    0.436054811    0.436699032    0.543922477
   14.360000000    0.438193698    0.438164184    0.546710586
   14.370000000    0.440479891    0.439919315    0.549967732
   14.380000000    0.443229053    0.442491649    0.553673614
   14.390000000    0.446593806    0.446160979    0.557891992
   14.400000000    0.450489187    0.450885429    0.562982177
   14.410000000    0.454731553    0.456380993    0.569264980
   14.420000000    0.459192634    0.462227849    0.576453867
   14.430000000    0.463829198    0.467983744    0.583577888
   14.440000000    0.468569808    0.473270136    0.589449437
   14.450000000    0.473222607    0.477796027    0.593211171
   14.460000000    0.477539594    0.481384177    0.594654962
   14.470000000    0.481357337    0.484029794    0.594187790
   14.480000000    0.484695761    0.485928560    0.592458641
   14.490000000    0.487776618    0.487448473    0.590021910
   14.500000000    0.490946882    0.489050428    0.587314761
   14.510000000    0.494498124    0.491133796    0.584738585
   14.520000000    0.498539315    0.493913421    0.582610410
   14.530000000    0.503049338    0.497436077    0.580949921
   14.540000000    0.507876859    0.501568459    0.579268886
   14.550000000    0.512538056    0.505870116    0.576733866
   14.560000000    0.516192226    0.509606527    0.572756653
   14.570000000    0.518105400    0.512076938    0.567472670
   14.580000000    0.518197653    0.513030134    0.561640392
   14.590000000    0.517088917    0.512795347    0.556125378
   14.600000000    0.515674540    0.512045024    0.551406848
   14.610000000    0.514676162    0.511455575    0.547398242
   14.620000000    0.514452563    0.511527286    0.543667605
   14.630000000    0.515037542    0.512538061    0.539831569
   14.640000000    0.516287758    0.514537782    0.535778830
   14.650000000    0.518053482    0.517394356    0.531672722
   14.660000000    0.520237245    0.520830740    0.527917230
   14.670000000    0.522748128    0.524460018    0.525099932
   14.680000000    0.525487033    0.527919195    0.523770627
   14.690000000    0.528367735    0.531033159    0.524130278
   14.700000000    0.531310471    0.533862236    0.525891644
   14.710000000    0.534262132    0.536644313    0.528406052
   14.720000000    0.537232881    0.539646169    0.531005628
   14.730000000    0.540244345    0.542941194    0.533332811
   14.740000000    0.543285835    0.546341994    0.535361110
   14.750000000    0.546394729    0.549598806    0.537188469
   14.760000000    0.549723367    0.552632640    0.538895777
   14.770000000    0.553467689    0.555582399    0.540555695
   14.780000000    0.557743919    0.558701344    0.542275890
   14.790000000    0.562539925    0.562216353    0.544209750
   14.800000000    0.567746469    0.566176272    0.546568832
   14.810000000    0.573212087    0.570391488    0.549590164
   14.820000000    0.578755414    0.574581251    0.553388075
   14.830000000    0.584153986    0.578620370    0.557864667
   14.840000000    0.589226031    0.582643248    0.562804597
   14.850000000    0.593926409    0.586900563    0.567911076
   14.860000000    0.598296380    0.591552626    0.572846015
   14.870000000    0.602317585    0.596588914    0.577498394
   14.880000000    0.605817405    0.601804492    0.582108893
   14.890000000    0.608485227    0.606759146    0.586939982
   14.900000000    0.610005688    0.610860127    0.591859008
   14.910000000    0.610327144    0.613699068    0.596318520
   14.920000000    0.609861875    0.615382770    0.599716129
   14.930000000    0.609346699    0.616490127    0.601776286
   14.940000000    0.609508288    0.617753692    0.602689083
   14.950000000    0.610791259    0.619747192    0.602959729
   14.960000000    0.613192500    0.622665683    0.603114823
   14.970000000    0.616265045    0.626246909    0.603474938
   14.980000000    0.619441723    0.629958977    0.604188165
   14.990000000    0.622501718    0.633364383    0.605461274
   15.000000000    0.625654451    0.636324208    0.607538217
   15.010000000    0.629177074    0.638923837    0.610332137
   15.020000000    0.633097537    0.641262098    0.613284089
   15.030000000    0.637210089    0.643300388    0.615692981
   15.040000000    0.641329506    0.644970923    0.617098921
   15.050000000    0.645499559    0.646439698    0.617409592
   15.060000000    0.649857529    0.648081983    0.616831897
   15.070000000    0.654324000    0.650158360    0.615714272
   15.080000000    0.658595263    0.652679937    0.614416185
   15.090000000    0.662390341    0.655534944    0.613297800
   15.100000000    0.665582871    0.658573505    0.612705023
   15.110000000    0.668222145    0.661638329    0.612818776
   15.120000000    0.670544350    0.664615176    0.613490594
   15.130000000    0.672854266    0.667415394    0.614258176
   15.140000000    0.675265361    0.669902568    0.614627017
   15.150000000    0.677603034    0.671925417    0.614490559
   15.160000000    0.679613312    0.673453350    0.614319388
   15.170000000    0.681173459    0.674597560    0.614857120
   15.180000000    0.682290813    0.675465166    0.616541775
   15.190000000    0.682990866    0.676065365    0.619136237
   15.200000000    0.683248542    0.676379473    0.621846555
   15.210000000    0.683055670    0.676455001    0.623879762
   15.220000000    0.682591401    0.676484213    0.625035728
   15.230000000    0.682278692    0.676833471    0.625845270
   15.240000000    0.682603298    0.677892832    0.627116106
   15.250000000    0.683899177    0.679899906    0.629254085
   15.260000000    0.686280260    0.682929983    0.631990529
   15.270000000    0.689589851    0.686869006    0.634685428
   15.280000000    0.693356440    0.691325920    0.636751615
   15.290000000    0.696965106    0.695746960    0.637941103
   15.300000000    0.699965681    0.699638408    0.638567171
   15.310000000    0.702249476    0.702671806    0.639386328
   15.320000000    0.704037397    0.704782262    0.641036142
   15.330000000    0.705694139    0.706227282    0.643547952
   15.340000000    0.707369418    0.707354015    0.646249780
   15.350000000    0.708796689    0.708316541    0.648123987
   15.360000000    0.709642247    0.709199808    0.648449979
   15.370000000    0.710059960    0.710322884    0.647131155
   15.380000000    0.710737491    0.712214541    0.644546036
   15.390000000    0.712370818    0.715267140    0.641287000
   15.400000000    0.715090492    0.719428839    0.637902838
   15.410000000    0.718409139    0.724287600    0.634794355
   15.420000000    0.721699868    0.729431891    0.632199493
   15.430000000    0.724567733    0.734547286    0.629926978
   15.440000000    0.726902477    0.739261694    0.627297623
   15.450000000    0.728919784    0.743221267    0.623840677
   15.460000000    0.731076355    0.746301531    0.619913360
   15.470000000    0.733693772    0.748570908    0.616324278
   15.480000000    0.736763976    0.750208923    0.613588322
   15.490000000    0.740230226    0.751631785    0.611777851
   15.500000000    0.744268574    0.753508868    0.610857057
   15.510000000    0.749120440    0.756429254    0.610858743
   15.520000000    0.754718238    0.760520697    0.611739844
   15.530000000    0.760666693    0.765413832    0.613269441
   15.540000000    0.766607635    0.770506716    0.615106090
   15.550000000    0.772424072    0.775225408    0.616935439
   15.560000000    0.778094057    0.779239786    0.618612308
   15.570000000    0.783598714    0.782679229    0.620228215
   15.580000000    0.789052647    0.786090962    0.622012296
   15.590000000    0.794695631    0.790018463    0.624179458
   15.600000000    0.800706446    0.794681993    0.626869669
   15.610000000    0.807199405    0.800046223    0.630099964
   15.620000000    0.814317928    0.805905883    0.633650958
   15.630000000    0.822150550    0.811898694    0.637080989
   15.640000000    0.830628808    0.817773219    0.640037611
   15.650000000    0.839577624    0.823690161    0.642552352
   15.660000000    0.848780802    0.830056466    0.644969264
   15.670000000    0.858062703    0.837195398    0.647649495
   15.680000000    0.867480210    0.845418102    0.650774696
   15.690000000    0.877352141    0.855200188    0.654442997
   15.700000000    0.887949491    0.866917534    0.658890966
   15.710000000    0.899216579    0.880421656    0.664438284
   15.720000000    0.910765704    0.894981795    0.671186232
   15.730000000    0.921973769    0.909508516    0.678942255
   15.740000000    0.932099527    0.922861931    0.687468061
   15.750000000    0.940583981    0.934345849    0.696620787
   15.760000000    0.947324675    0.944026152    0.706173378
   15.770000000    0.952547139    0.952437732    0.715636083
   15.780000000    0.956568916    0.960136616    0.724459500
   15.790000000    0.959786638    0.967541181    0.732471283
   15.800000000    0.962751080    0.974935313    0.740005558
   15.810000000    0.966171792    0.982574120    0.747615014
   15.820000000    0.970700417    0.990735079    0.755802934
   15.830000000    0.976481291    0.999396900    0.764859849
   15.840000000    0.983042767    1.008033379    0.774650714
   15.850000000    0.989908492    1.016160140    0.784671720
   15.860000000    0.997149384    1.023919192    0.794413997
   15.870000000    1.005224394    1.031925659    0.803605136
   15.880000000    1.014605123    1.040788637    0.812314023
   15.890000000    1.025648610    1.050766498    0.820965428
   15.900000000    1.038575278    1.061632005    0.830014799
   15.910000000    1.053370827    1.072781313    0.839408393
   15.920000000    1.069603354    1.083508674    0.848381926
   15.930000000    1.086344038    1.093349344    0.855877340
   15.940000000    1.102365248    1.102278215    0.861191654
   15.950000000    1.116625728    1.110670910    0.864285073
   15.960000000    1.128774551    1.119126543    0.865789925
   15.970000000    1.139268942    1.128192804    0.866966864
   15.980000000    1.149126628    1.138163451    0.869453393
   15.990000000    1.159473388    1.149020116    0.874589344
   16.000000000    1.170860797    1.160326594    0.882640873
   16.010000000    1.182771479    1.171161638    0.892700052
   16.020000000    1.193937011    1.180428843    0.903405570
   16.030000000    1.203209727    1.187438443    0.913696955
   16.040000000    1.210167005    1.192228848    0.923111237
   16.050000000    1.215040976    1.195310908    0.931755985
   16.060000000    1.218319759    1.197262824    0.940057831
   16.070000000    1.220669712    1.198760617    0.948482393
   16.080000000    1.223115913    1.200758202    0.957467327
   16.090000000    1.226810015    1.204214108    0.967362244
   16.100000000    1.232271282    1.209569603    0.978044409
   16.110000000    1.238982563    1.216643318    0.988674103
   16.120000000    1.245934273    1.225018108    0.998210649
   16.130000000    1.252499487    1.234419655    1.006361509
   16.140000000    1.258709795    1.244686568    1.014184600
   16.150000000    1.264658495    1.255309349    1.023693771
   16.160000000    1.269897557    1.265174546    1.036469540
   16.170000000    1.273873421    1.273243547    1.052419373
   16.180000000    1.276833887    1.279575383    1.069841290
   16.190000000    1.279804263    1.285494828    1.086638461
   16.200000000    1.283513329    1.292672892    1.101552443
   16.210000000    1.287550615    1.301775341    1.114449561
   16.220000000    1.290875686    1.311868090    1.125573658
   16.230000000    1.293109837    1.321269138    1.134577206
   16.240000000    1.294986036    1.328906652    1.140487233
   16.250000000    1.297604284    1.334784540    1.142771724
   16.260000000    1.301568649    1.339380444    1.142145107
   16.270000000    1.306616890    1.342785981    1.140072524
   16.280000000    1.311642456    1.344412799    1.137689139
   16.290000000    1.315185693    1.343486538    1.135290090
   16.300000000    1.316206581    1.339625198    1.132540642
   16.310000000    1.314408319    1.332778112    1.128997904
   16.320000000    1.310007184    1.322991410    1.124603866
   16.330000000    1.303541299    1.310669865    1.119660929
   16.340000000    1.295841864    1.296881955    1.114463161
   16.350000000    1.287827328    1.283015026    1.109412576
   16.360000000    1.280001933    1.269953113    1.105427749
   16.370000000    1.272172621    1.257751655    1.103816415
   16.380000000    1.263917210    1.246256819    1.105712442
   16.390000000    1.255145388    1.235654601    1.111735653
   16.400000000    1.245963892    1.226221996    1.121905599
   16.410000000    1.236418095    1.217958833    1.135528141
   16.420000000    1.226601293    1.210571718    1.151229416
   16.430000000    1.216678415    1.203578986    1.167399959
   16.440000000    1.206734957    1.196469201    1.182803918
   16.450000000    1.196806369    1.188962238    1.196953336
   16.460000000    1.186985514    1.181145144    1.210081101
   16.470000000    1.177421526    1.173304811    1.222788173
   16.480000000    1.168294405    1.165597706    1.235645793
   16.490000000    1.159820485    1.157884482    1.248936120
   16.500000000    1.152179603    1.149902826    1.262633831
   16.510000000    1.145289570    1.141539547    1.276546244
   16.520000000    1.138788069    1.133046647    1.290293625
   16.530000000    1.132415955    1.125125405    1.303359511
   16.540000000    1.126343795    1.118637115    1.315685658
   16.550000000    1.121044306    1.114087335    1.328040864
   16.560000000    1.116893475    1.111366746    1.341262638
   16.570000000    1.113934776    1.109876784    1.355210218
   16.580000000    1.111947425    1.108877435    1.368717921
   16.590000000    1.110752601    1.107913625    1.380562343
   16.600000000    1.110398996    1.106949686    1.390447456
   16.610000000    1.110841530    1.105994683    1.399154875
   16.620000000    1.111623999    1.104834855    1.407864554
   16.630000000    1.112205436    1.103364885    1.417265191
   16.640000000    1.112481095    1.101980240    1.427162036
   16.650000000    1.112837368    1.101489187    1.436832177
   16.660000000    1.113798243    1.102683619    1.445533225
   16.670000000    1.115587892    1.105863178    1.452620671
   16.680000000    1.117899132    1.110645845    1.457651622
   16.690000000    1.120037550    1.116231331    1.460726182
   16.700000000    1.121386950    1.121888027    1.462495867
   16.710000000    1.121946829    1.127349194    1.463645427
   16.720000000    1.122460753    1.132803898    1.464607384
   16.730000000    1.123970494    1.138535415    1.465929924
   16.740000000    1.127337185    1.144750120    1.468579203
   16.750000000    1.133026970    1.151687251    1.473548455
   16.760000000    1.140995342    1.159564901    1.481407685
   16.770000000    1.150745426    1.168340036    1.492380478
   16.780000000    1.161677564    1.177769403    1.506502791
   16.790000000    1.173434988    1.187794783    1.523506055
   16.800000000    1.185809820    1.198553763    1.542574867
   16.810000000    1.198369680    1.209910712    1.562236219
   16.820000000    1.210342008    1.221187116    1.580636666
   16.830000000    1.220810196    1.231329226    1.596294055
   16.840000000    1.229036277    1.239366584    1.608879113
   16.850000000    1.234908844    1.245050248    1.619417252
   16.860000000    1.239306151    1.249237073    1.629843756
   16.870000000    1.243947921    1.253550012    1.642198968
   16.880000000    1.250651164    1.259538597    1.657845118
   16.890000000    1.260508369    1.268029410    1.676976025
   16.900000000    1.273580321    1.279029617    1.698507840
   16.910000000    1.289125705    1.292032289    1.720593299
   16.920000000    1.305959743    1.306262822    1.741497226
   16.930000000    1.322754345    1.320743927    1.760034066
   16.940000000    1.338415070    1.334585915    1.775503384
   16.950000000    1.352481017    1.347498636    1.787714949
   16.960000000    1.365224595    1.359914717    1.797252164
   16.970000000    1.377264218    1.372456645    1.805346362
   16.980000000    1.388888010    1.385169191    1.813147162
   16.990000000    1.399860027    1.397296481    1.821278528
   17.000000000    1.410194587    1.407996217    1.830175728
   17.010000000    1.420895527    1.417306444    1.840510338
   17.020000000    1.433458637    1.426220260    1.853150526
   17.030000000    1.448658687    1.435786579    1.868833009
   17.040000000    1.465964121    1.446424033    1.887676914
   17.050000000    1.483857689    1.458034478    1.908620621
   17.060000000    1.500489872    1.470239246    1.929428468
   17.070000000    1.514371917    1.482477870    1.947714841
   17.080000000    1.525007762    1.494374885    1.962165858
   17.090000000    1.533006694    1.506004204    1.972730439
   17.100000000    1.539397165    1.517507953    1.979772849
   17.110000000    1.544777089    1.528601276    1.983646260
   17.120000000    1.549292007    1.538790852    1.985249810
   17.130000000    1.553408041    1.548192050    1.986275561
   17.140000000    1.558270313    1.557817885    1.988513283
   17.150000000    1.565102807    1.568806860    1.992879109
   17.160000000    1.574423079    1.581472577    1.998928460
   17.170000000    1.585779879    1.595078531    2.005070821
   17.180000000    1.597971468    1.608274831    2.009042441
   17.190000000    1.609559907    1.619788298    2.008606375
   17.200000000    1.619483279    1.628956521    2.002789729
   17.210000000    1.627408866    1.635777313    1.992891203
   17.220000000    1.633660199    1.640721003    1.981816509
   17.230000000    1.638834629    1.644635116    1.971907207
   17.240000000    1.643529358    1.648662293    1.963671455
   17.250000000    1.648433582    1.654011949    1.956639213
   17.260000000    1.654437567    1.661642093    1.950950664
   17.270000000    1.662374072    1.671992476    1.947918955
   17.280000000    1.672487908    1.684826382    1.949094140
   17.290000000    1.684123031    1.699272045    1.955037361
   17.300000000    1.695991526    1.714066633    1.964921156
   17.310000000    1.706914912    1.727870587    1.976728996
   17.320000000    1.716496782    1.739549832    1.987886513
   17.330000000    1.725050774    1.748389643    1.996165200
   17.340000000    1.732900073    1.754186255    2.000315393
   17.350000000    1.739987765    1.757232584    2.000484703
   17.360000000    1.746168765    1.758311052    1.998187434
   17.370000000    1.751615818    1.758641504    1.995231048
   17.380000000    1.756751906    1.759590744    1.992361712
   17.390000000    1.761771469    1.762200155    1.988980315
   17.400000000    1.766374917    1.766807531    1.984085375
   17.410000000    1.770115644    1.772997292    1.977386723
   17.420000000    1.772904885    1.779839197    1.969558543
   17.430000000    1.775128028    1.786147024    1.961530750
   17.440000000    1.777536948    1.790807058    1.953696393
   17.450000000    1.780957204    1.793145612    1.945990152
   17.460000000    1.785734059    1.792984266    1.938555751
   17.470000000    1.791383069    1.790517538    1.931737491
   17.480000000    1.796885466    1.786404218    1.925298071
   17.490000000    1.801396040    1.781770344    1.918034115
   17.500000000    1.804523171    1.777556740    1.908105605
   17.510000000    1.805940297    1.773752486    1.893642066
   17.520000000    1.805056051    1.769536439    1.873699088
   17.530000000    1.801296143    1.764225349    1.849248214
   17.540000000    1.794850630    1.758107612    1.823042507
   17.550000000    1.786888139    1.752288199    1.798186606
   17.560000000    1.778619732    1.747604270    1.776626950
   17.570000000    1.770277492    1.743829627    1.758729839
   17.580000000    1.761083025    1.739807306    1.743798167
   17.590000000    1.750231653    1.734337467    1.730827495
   17.600000000    1.738078715    1.727379461    1.719091576
   17.610000000    1.726181711    1.720302593    1.708247130
   17.620000000    1.716062348    1.714647378    1.698241983
   17.630000000    1.708044113    1.710752156    1.689258768
   17.640000000    1.701130616    1.707513459    1.681364674
   17.650000000    1.693779732    1.703237589    1.674084099
   17.660000000    1.684821393    1.696780464    1.666614012
   17.670000000    1.673851356    1.687979293    1.658633107
   17.680000000    1.661267068    1.677355563    1.650690753
   17.690000000    1.648247798    1.665817357    1.643534278
   17.700000000    1.636386496    1.654434578    1.637285816
   17.710000000    1.627008889    1.644219690    1.631569061
   17.720000000    1.620624179    1.635970051    1.626035344
   17.730000000    1.616748904    1.630020163    1.620304960
   17.740000000    1.614239462    1.626020167    1.613597140
   17.750000000    1.611953491    1.623034857    1.604856914
   17.760000000    1.609294107    1.620059849    1.593475675
   17.770000000    1.606475887    1.616724957    1.579847923
   17.780000000    1.604281812    1.613415983    1.565070186
   17.790000000    1.603231869    1.610543685    1.550199246
   17.800000000    1.602989440    1.607953637    1.535968770
   17.810000000    1.602726744    1.605227060    1.522966531
   17.820000000    1.602047424    1.602418969    1.511893518
   17.830000000    1.601425635    1.600333310    1.503672442
   17.840000000    1.601739547    1.600063469    1.499046544
   17.850000000    1.603591742    1.602345501    1.497963525
   17.860000000    1.607071973    1.607233013    1.499644727
   17.870000000    1.611814979    1.614073131    1.503182283
   17.880000000    1.617095336    1.621646172    1.507704593
   17.890000000    1.622092073    1.628520960    1.512139851
   17.900000000    1.626257230    1.633484066    1.515285769
   17.910000000    1.629360330    1.635714256    1.516215439
   17.920000000    1.631160180    1.634784472    1.514585570
   17.930000000    1.631204978    1.630837039    1.510815001
   17.940000000    1.629053627    1.624741302    1.506040662
   17.950000000    1.624729081    1.617795960    1.501540311
   17.960000000    1.618990859    1.611258281    1.498129203
   17.970000000    1.613083849    1.606210652    1.496297983
   17.980000000    1.608147177    1.603557157    1.496632619
   17.990000000    1.604789755    1.603746660    1.499715425
   18.000000000    1.603099027    1.606461037    1.505633833
   18.010000000    1.602962991    1.610742412    1.513818310
   18.020000000    1.604357333    1.615473410    1.523444297
   18.030000000    1.607267963    1.619685677    1.533826758
   18.040000000    1.611211560    1.622434044    1.544367334
   18.050000000    1.615004490    1.622731850    1.554381291
   18.060000000    1.617326535    1.619969380    1.563158753
   18.070000000    1.617439301    1.614250418    1.570160841
   18.080000000    1.615269026    1.606206647    1.575216862
   18.090000000    1.611050246    1.596682621    1.578635544
   18.100000000    1.605034668    1.586540879    1.581021107
   18.110000000    1.597548646    1.576632866    1.582915955
   18.120000000    1.589261883    1.567958679    1.584714005
   18.130000000    1.581171832    1.561614424    1.586841912
   18.140000000    1.574213561    1.558286649    1.589715702
   18.150000000    1.568884733    1.557812797    1.593360977
   18.160000000    1.565202703    1.559307863    1.597282761
   18.170000000    1.563009750    1.561722809    1.601018163
   18.180000000    1.562303421    1.564405819    1.604836458
   18.190000000    1.563184842    1.567212558    1.609576310
   18.200000000    1.565488421    1.570106683    1.615512048
   18.210000000    1.568583980    1.572813794    1.621667312
   18.220000000    1.571750816    1.575035137    1.626579161
   18.230000000    1.574775415    1.576847120    1.629533664
   18.240000000    1.577966715    1.578608458    1.631062768
   18.250000000    1.581614141    1.580584406    1.632506479
   18.260000000    1.585646105    1.582846565    1.635053598
   18.270000000    1.589716388    1.585440503    1.639113938
   18.280000000    1.593359294    1.588491607    1.644390374
   18.290000000    1.596077585    1.592049297    1.650210048
   18.300000000    1.597620661    1.595910004    1.655822799
   18.310000000    1.598422324    1.599846469    1.660630980
   18.320000000    1.599703930    1.604102995    1.664298727
   18.330000000    1.602926661    1.609401211    1.666754680
   18.340000000    1.608847067    1.616133337    1.668015054
   18.350000000    1.616995275    1.623650530    1.667983061
   18.360000000    1.626107495    1.630654900    1.666487124
   18.370000000    1.634913305    1.636161123    1.663426425
   18.380000000    1.642437465    1.639823715    1.658804014
   18.390000000    1.647929966    1.641657562    1.652924250
   18.400000000    1.650963123    1.641935480    1.646839142
   18.410000000    1.651657172    1.641275083    1.642229069
   18.420000000    1.650652102    1.640453382    1.640589853
   18.430000000    1.648826095    1.640076234    1.642579611
   18.440000000    1.646949116    1.640446401    1.647785056
   18.450000000    1.645445133    1.641630222    1.654821480
   18.460000000    1.644481824    1.643640439    1.662024583
   18.470000000    1.644269647    1.646611470    1.668391729
   18.480000000    1.645160815    1.650824822    1.673723476
   18.490000000    1.647460572    1.656526923    1.678032060
   18.500000000    1.651216894    1.663636576    1.681363800
   18.510000000    1.656144364    1.671586742    1.684117335
   18.520000000    1.661759046    1.679536777    1.686997685
   18.530000000    1.667695722    1.686855372    1.690487938
   18.540000000    1.673894962    1.693399117    1.694568284
   18.550000000    1.680404137    1.699252393    1.698870293
   18.560000000    1.687034836    1.704250924    1.702864038
   18.570000000    1.693327923    1.707958430    1.706090545
   18.580000000    1.698712816    1.710002832    1.708427117
   18.590000000    1.702559264    1.710205992    1.710174408
   18.600000000    1.704381428    1.708638497    1.711978630
   18.610000000    1.704179048    1.705651135    1.714429476
   18.620000000    1.702479058    1.701707198    1.717373700
   18.630000000    1.700090363    1.697358516    1.719706630
   18.640000000    1.697691627    1.693211614    1.720114262
   18.650000000    1.695393540    1.689478751    1.717919498
   18.660000000    1.692858698    1.685841294    1.713151553
   18.670000000    1.690023155    1.682086244    1.706237535
   18.680000000    1.687449029    1.678560186    1.697766547
   18.690000000    1.685901129    1.675867971    1.688393433
   18.700000000    1.685854301    1.674393887    1.678882052
   18.710000000    1.687324063    1.674081285    1.669879122
   18.720000000    1.689756426    1.674453578    1.661512417
   18.730000000    1.692064817    1.674847187    1.653484829
   18.740000000    1.693104897    1.674750940    1.645656164
   18.750000000    1.692373574    1.674162862    1.638534980
   18.760000000    1.690329068    1.673735038    1.633117893
   18.770000000    1.688074663    1.674534473    1.630104308
   18.780000000    1.686750991    1.677578619    1.629248998
   18.790000000    1.687062139    1.683338423    1.629552831
   18.800000000    1.689220557    1.691521331    1.630079113
   18.810000000    1.693259003    1.701317627    1.630402722
   18.820000000    1.699207491    1.711814013    1.630524205
   18.830000000    1.706867533    1.722226584    1.630904930
   18.840000000    1.715560759    1.731915124    1.632481583
   18.850000000    1.724184980    1.740312221    1.636159990
   18.860000000    1.731514885    1.746877584    1.642080117
   18.870000000    1.736650520    1.751192028    1.649405901
   18.880000000    1.739445519    1.753187435    1.656847062
   18.890000000    1.740643675    1.753302782    1.663361554
   18.900000000    1.741526347    1.752346017    1.668368361
   18.910000000    1.743092107    1.751052173    1.671433592
   18.920000000    1.745289434    1.749660759    1.672025888
   18.930000000    1.746997038    1.747791778    1.669701798
   18.940000000    1.746722006    1.744583185    1.664481750
   18.950000000    1.743294790    1.738988995    1.656934419
   18.960000000    1.736266814    1.730358206    1.647819908
   18.970000000    1.726245807    1.719143016    1.637707080
   18.980000000    1.714862412    1.706966179    1.626962765
   18.990000000    1.703947740    1.695728887    1.615923953
   19.000000000    1.694614119    1.686561043    1.604829448
   19.010000000    1.687187499    1.679606932    1.593727917
   19.020000000    1.681742971    1.674656646    1.582757518
   19.030000000    1.678411913    1.671715424    1.572354061
   19.040000000    1.677328377    1.670995266    1.563039492
   19.050000000    1.678421117    1.672531733    1.555184874
   19.060000000    1.681123687    1.675799766    1.549034388
   19.070000000    1.684255106    1.679682389    1.544840182
   19.080000000    1.686361277    1.682892985    1.542890640
   19.090000000    1.686375528    1.684564386    1.543459064
   19.100000000    1.684062387    1.684516185    1.546643816
   19.110000000    1.679949409    1.683022729    1.552098146
   19.120000000    1.674955055    1.680428309    1.559076771
   19.130000000    1.669951354    1.676945004    1.566775121
   19.140000000    1.665524039    1.672763664    1.574410686
   19.150000000    1.662163232    1.668395261    1.581170073
   19.160000000    1.660539155    1.664800873    1.586428420
   19.170000000    1.661355518    1.662974598    1.590009864
   19.180000000    1.664850269    1.663331226    1.592144786
   19.190000000    1.670387982    1.665446568    1.593206245
   19.200000000    1.676495047    1.668294251    1.593482629
   19.210000000    1.681492577    1.670883674    1.593173470
   19.220000000    1.684439218    1.672882628    1.592572904
   19.230000000    1.685564254    1.674673756    1.592069388
   19.240000000    1.685794855    1.676911885    1.591816862
   19.250000000    1.686057712    1.680129291    1.591569803
   19.260000000    1.687020184    1.684616524    1.590993090
   19.270000000    1.689135942    1.690385505    1.590112011
   19.280000000    1.692766509    1.697199994    1.589449277
   19.290000000    1.698254895    1.704793743    1.589722775
   19.300000000    1.705813227    1.713030844    1.591357914
   19.310000000    1.715336042    1.721756965    1.594341441
   19.320000000    1.726300847    1.730592672    1.598476914
   19.330000000    1.737908923    1.739045550    1.603535600
   19.340000000    1.749560222    1.746888920    1.609107003
   19.350000000    1.761076785    1.754235858    1.614416547
   19.360000000    1.772244846    1.761188109    1.618485076
   19.370000000    1.782381086    1.767635885    1.620664857
   19.380000000    1.790588866    1.773450808    1.621027771
   19.390000000    1.796246457    1.778660185    1.620186831
   19.400000000    1.798990287    1.783240236    1.618855468
   19.410000000    1.798595544    1.786949543    1.617525710
   19.420000000    1.795417673    1.789643324    1.616292974
   19.430000000    1.790752873    1.791557369    1.614924064
   19.440000000    1.786277628    1.793110898    1.613030094
   19.450000000    1.783027243    1.794584152    1.610000202
   19.460000000    1.781053546    1.796115606    1.605100743
   19.470000000    1.779887982    1.797875578    1.598161010
   19.480000000    1.779084960    1.800073474    1.590178690
   19.490000000    1.778581198    1.802870752    1.583078668
   19.500000000    1.778838072    1.806387681    1.578712833
   19.510000000    1.780544036    1.810661222    1.577770258
   19.520000000    1.784176337    1.815589799    1.579453037
   19.530000000    1.789944961    1.821093422    1.582269515
   19.540000000    1.797928412    1.827227816    1.585069193
   19.550000000    1.808114763    1.834118857    1.587317599
   19.560000000    1.820449462    1.841998357    1.588950982
   19.570000000    1.834892906    1.851244922    1.590387349
   19.580000000    1.851212193    1.862036304    1.592286343
   19.590000000    1.868567157    1.873810381    1.594997615
   19.600000000    1.885602251    1.885346892    1.598513648
   19.610000000    1.901154158    1.895617320    1.602865242
   19.620000000    1.914525118    1.904297578    1.607964201
   19.630000000    1.925078960    1.911387837    1.613056312
   19.640000000    1.932210346    1.916778839    1.616883218
   19.650000000    1.935894630    1.920327772    1.618511742
   19.660000000    1.937073627    1.922263342    1.617941404
   19.670000000    1.937414906    1.923435243    1.616185107
   19.680000000    1.938551373    1.925026953    1.614944133
   19.690000000    1.941377348    1.928013679    1.615870636
   19.700000000    1.946073438    1.932925734    1.619753694
   19.710000000    1.952687544    1.939917905    1.626175170
   19.720000000    1.961383685    1.948858630    1.633768114
   19.730000000    1.972214330    1.959511823    1.641043488
   19.740000000    1.985048805    1.971853025    1.647359302
   19.750000000    1.999770778    1.986111392    1.653169634
   19.760000000    2.016104320    2.002216126    1.659236197
   19.770000000    2.033064516    2.019200326    1.665618468
   19.780000000    2.049086903    2.035485957    1.671613856
   19.790000000    2.062967887    2.049821544    1.676611287
   19.800000000    2.074548089    2.061901757    1.680634944
   19.810000000    2.084681976    2.072358445    1.684190449
   19.820000000    2.094687016    2.082272192    1.688029882
   19.830000000    2.105486141    2.092529493    1.692825768
   19.840000000    2.117032895    2.103527811    1.698591398
   19.850000000    2.128555001    2.115278771    1.704545331
   19.860000000    2.139156555    2.127444881    1.709841080
   19.870000000    2.148072257    2.139251287    1.714345470
   19.880000000    2.154644831    2.149597350    1.718541240
   19.890000000    2.158380845    2.157369894    1.722750566
   19.900000000    2.159217378    2.161852208    1.726724376
   19.910000000    2.157836260    2.163266265    1.730135363
   19.920000000    2.155538161    2.163004937    1.733168011
   19.930000000    2.153562397    2.162853200    1.736311261
   19.940000000    2.152550274    2.163795995    1.739867092
   19.950000000    2.152661944    2.165819156    1.744004055
   19.960000000    2.153994934    2.168695458    1.749097874
   19.970000000    2.156685893    2.172476741    1.755575241
   19.980000000    2.160623268    2.177210447    1.763315766
   19.990000000    2.165332019    2.182592380    1.771502709
   20.000000000    2.170266603    2.188048144    1.779090595
   20.010000000    2.175125646    2.193023441    1.785220933
   20.020000000    2.180017497    2.197270286    1.789382214
   20.030000000    2.185542986    2.201090807    1.791552468
   20.040000000    2.192630066    2.205310156    1.792243085
   20.050000000    2.201948659    2.210790672    1.792265385
