# energy grid [eV]     epsi_x  epsi_y  epsi_z
#
    0.050000000    0.001375594    0.001375616    0.001404107
    0.060000000    0.001651150    0.001651177    0.001685351
    0.070000000    0.001926944    0.001926975    0.001966826
    0.080000000    0.002203017    0.002203053    0.002248571
    0.090000000    0.002479409    0.002479450    0.002530625
    0.100000000    0.002756161    0.002756206    0.002813026
    0.110000000    0.003033313    0.003033363    0.003095815
    0.120000000    0.003310906    0.003310960    0.003379031
    0.130000000    0.003588981    0.003589040    0.003662713
    0.140000000    0.003867579    0.003867644    0.003946901
    0.150000000    0.004146744    0.004146813    0.004231636
    0.160000000    0.004426515    0.004426590    0.004516958
    0.170000000    0.004706936    0.004707016    0.004802909
    0.180000000    0.004988050    0.004988135    0.005089529
    0.190000000    0.005269899    0.005269989    0.005376860
    0.200000000    0.005552528    0.005552623    0.005664943
    0.210000000    0.005835980    0.005836081    0.005953823
    0.220000000    0.006120299    0.006120406    0.006243540
    0.230000000    0.006405532    0.006405645    0.006534139
    0.240000000    0.006691723    0.006691842    0.006825663
    0.250000000    0.006978919    0.006979044    0.007118157
    0.260000000    0.007267166    0.007267297    0.007411665
    0.270000000    0.007556512    0.007556649    0.007706233
    0.280000000    0.007847004    0.007847148    0.008001908
    0.290000000    0.008138693    0.008138843    0.008298735
    0.300000000    0.008431626    0.008431783    0.008596762
    0.310000000    0.008725855    0.008726019    0.008896037
    0.320000000    0.009021430    0.009021602    0.009196609
    0.330000000    0.009318403    0.009318582    0.009498528
    0.340000000    0.009616827    0.009617015    0.009801843
    0.350000000    0.009916757    0.009916952    0.010106606
    0.360000000    0.010218245    0.010218449    0.010412869
    0.370000000    0.010521349    0.010521561    0.010720686
    0.380000000    0.010826125    0.010826345    0.011030109
    0.390000000    0.011132630    0.011132860    0.011341194
    0.400000000    0.011440924    0.011441163    0.011653997
    0.410000000    0.011751067    0.011751316    0.011968574
    0.420000000    0.012063120    0.012063379    0.012284985
    0.430000000    0.012377146    0.012377416    0.012603288
    0.440000000    0.012693210    0.012693490    0.012923543
    0.450000000    0.013011375    0.013011667    0.013245813
    0.460000000    0.013331710    0.013332013    0.013570161
    0.470000000    0.013654283    0.013654598    0.013896651
    0.480000000    0.013979164    0.013979492    0.014225348
    0.490000000    0.014306425    0.014306766    0.014556322
    0.500000000    0.014636139    0.014636493    0.014889639
    0.510000000    0.014968381    0.014968750    0.015225372
    0.520000000    0.015303229    0.015303613    0.015563592
    0.530000000    0.015640762    0.015641161    0.015904373
    0.540000000    0.015981060    0.015981476    0.016247792
    0.550000000    0.016324209    0.016324640    0.016593925
    0.560000000    0.016670291    0.016670741    0.016942853
    0.570000000    0.017019397    0.017019865    0.017294657
    0.580000000    0.017371616    0.017372103    0.017649421
    0.590000000    0.017727040    0.017727547    0.018007232
    0.600000000    0.018085766    0.018086294    0.018368178
    0.610000000    0.018447892    0.018448441    0.018732350
    0.620000000    0.018813518    0.018814091    0.019099842
    0.630000000    0.019182749    0.019183345    0.019470749
    0.640000000    0.019555692    0.019556314    0.019845170
    0.650000000    0.019932458    0.019933105    0.020223207
    0.660000000    0.020313160    0.020313835    0.020604965
    0.670000000    0.020697916    0.020698620    0.020990552
    0.680000000    0.021086847    0.021087582    0.021380079
    0.690000000    0.021480079    0.021480846    0.021773661
    0.700000000    0.021877740    0.021878541    0.022171415
    0.710000000    0.022279965    0.022280800    0.022573464
    0.720000000    0.022686890    0.022687763    0.022979933
    0.730000000    0.023098660    0.023099572    0.023390952
    0.740000000    0.023515421    0.023516375    0.023806655
    0.750000000    0.023937327    0.023938324    0.024227181
    0.760000000    0.024364535    0.024365578    0.024652672
    0.770000000    0.024797210    0.024798301    0.025083278
    0.780000000    0.025235521    0.025236664    0.025519151
    0.790000000    0.025679644    0.025680841    0.025960449
    0.800000000    0.026129761    0.026131016    0.026407338
    0.810000000    0.026586063    0.026587378    0.026859986
    0.820000000    0.027048747    0.027050126    0.027318571
    0.830000000    0.027518015    0.027519462    0.027783274
    0.840000000    0.027994081    0.027995600    0.028254286
    0.850000000    0.028477165    0.028478761    0.028731803
    0.860000000    0.028967498    0.028969174    0.029216029
    0.870000000    0.029465317    0.029467080    0.029707176
    0.880000000    0.029970872    0.029972726    0.030205464
    0.890000000    0.030484422    0.030486374    0.030711123
    0.900000000    0.031006238    0.031008293    0.031224391
    0.910000000    0.031536600    0.031538766    0.031745516
    0.920000000    0.032075804    0.032078088    0.032274756
    0.930000000    0.032624156    0.032626565    0.032812380
    0.940000000    0.033181977    0.033184520    0.033358669
    0.950000000    0.033749601    0.033752288    0.033913915
    0.960000000    0.034327381    0.034330220    0.034478422
    0.970000000    0.034915682    0.034918685    0.035052510
    0.980000000    0.035514889    0.035518068    0.035636512
    0.990000000    0.036125404    0.036128771    0.036230774
    1.000000000    0.036747650    0.036751219    0.036835661
    1.010000000    0.037382069    0.037385855    0.037451553
    1.020000000    0.038029126    0.038033145    0.038078848
    1.030000000    0.038689310    0.038693579    0.038717965
    1.040000000    0.039363134    0.039367673    0.039369341
    1.050000000    0.040051138    0.040055968    0.040033435
    1.060000000    0.040753891    0.040759035    0.040710729
    1.070000000    0.041471993    0.041477475    0.041401729
    1.080000000    0.042206074    0.042211923    0.042106968
    1.090000000    0.042956803    0.042963048    0.042827007
    1.100000000    0.043724883    0.043731557    0.043562433
    1.110000000    0.044511059    0.044518198    0.044313870
    1.120000000    0.045316118    0.045323763    0.045081971
    1.130000000    0.046140894    0.046149088    0.045867428
    1.140000000    0.046986272    0.046995064    0.046670970
    1.150000000    0.047853189    0.047862631    0.047493371
    1.160000000    0.048742640    0.048752793    0.048335445
    1.170000000    0.049655685    0.049666613    0.049198056
    1.180000000    0.050593449    0.050605226    0.050082123
    1.190000000    0.051557132    0.051569838    0.050988615
    1.200000000    0.052548014    0.052561739    0.051918565
    1.210000000    0.053567460    0.053582303    0.052873070
    1.220000000    0.054616930    0.054633003    0.053853297
    1.230000000    0.055697985    0.055715413    0.054860490
    1.240000000    0.056812300    0.056831223    0.055895974
    1.250000000    0.057961670    0.057982245    0.056961166
    1.260000000    0.059148025    0.059170427    0.058057579
    1.270000000    0.060373439    0.060397866    0.059186832
    1.280000000    0.061640148    0.061666825    0.060350661
    1.290000000    0.062950565    0.062979745    0.061550927
    1.300000000    0.064307298    0.064339266    0.062789633
    1.310000000    0.065713168    0.065748249    0.064068931
    1.320000000    0.067171235    0.067209800    0.065391141
    1.330000000    0.068684823    0.068727294    0.066758767
    1.340000000    0.070257550    0.070304408    0.068174517
    1.350000000    0.071893359    0.071945157    0.069641322
    1.360000000    0.073596558    0.073653930    0.071162361
    1.370000000    0.075371865    0.075435541    0.072741089
    1.380000000    0.077224455    0.077295279    0.074381268
    1.390000000    0.079160018    0.079238967    0.076087001
    1.400000000    0.081184830    0.081273039    0.077862774
    1.410000000    0.083305823    0.083404614    0.079713500
    1.420000000    0.085530681    0.085641600    0.081644575
    1.430000000    0.087867941    0.087992799    0.083661937
    1.440000000    0.090327117    0.090468047    0.085772138
    1.450000000    0.092918844    0.093078364    0.087982425
    1.460000000    0.095655052    0.095836147    0.090300839
    1.470000000    0.098549162    0.098755387    0.092736324
    1.480000000    0.101616337    0.101851937    0.095298862
    1.490000000    0.104873769    0.105143841    0.097999627
    1.500000000    0.108341026    0.108651716    0.100851174
    1.510000000    0.112040487    0.112399238    0.103867657
    1.520000000    0.115997853    0.116413729    0.107065094
    1.530000000    0.120242789    0.120726885    0.110461690
    1.540000000    0.124809715    0.125375682    0.114078222
    1.550000000    0.129738783    0.130403522    0.117938512
    1.560000000    0.135077114    0.135861670    0.122070009
    1.570000000    0.140880348    0.141811099    0.126504505
    1.580000000    0.147214629    0.148324862    0.131279028
    1.590000000    0.154159148    0.155491157    0.136436962
    1.600000000    0.161809435    0.163417361    0.142029464
    1.610000000    0.170281659    0.172235336    0.148117264
    1.620000000    0.179718297    0.182108508    0.154772984
    1.630000000    0.190295656    0.193241366    0.162084140
    1.640000000    0.202233953    0.205892288    0.170157068
    1.650000000    0.215810875    0.220390947    0.179122095
    1.660000000    0.231379926    0.237161907    0.189140406
    1.670000000    0.249395180    0.256756343    0.200413225
    1.680000000    0.270444371    0.279893715    0.213194111
    1.690000000    0.295291948    0.307513565    0.227805386
    1.700000000    0.324931686    0.340831783    0.244659841
    1.710000000    0.360641683    0.381379132    0.264288440
    1.720000000    0.404016276    0.430958673    0.287373104
    1.730000000    0.456907050    0.491370165    0.314778390
    1.740000000    0.521125189    0.563604298    0.347562691
    1.750000000    0.597666763    0.646134501    0.386921716
    1.760000000    0.685310475    0.732491489    0.433975212
    1.770000000    0.779109752    0.810348535    0.489305012
    1.780000000    0.870435716    0.866192318    0.552378300
    1.790000000    0.950052241    0.894751911    0.621617109
    1.800000000    1.013134442    0.903306302    0.696024084
    1.810000000    1.061891649    0.905789838    0.776992708
    1.820000000    1.101158361    0.914049479    0.866592314
    1.830000000    1.131113217    0.933593683    0.962158184
    1.840000000    1.148253419    0.965208406    1.052591046
    1.850000000    1.154347137    1.009141989    1.121861447
    1.860000000    1.160125873    1.066761425    1.158387810
    1.870000000    1.179052988    1.139016727    1.161507130
    1.880000000    1.219845235    1.224890213    1.141430391
    1.890000000    1.283089104    1.320201839    1.115279666
    1.900000000    1.361184583    1.417232133    1.099958208
    1.910000000    1.442123075    1.508577387    1.106303063
    1.920000000    1.515703178    1.591318158    1.138591802
    1.930000000    1.574720433    1.662830730    1.196777146
    1.940000000    1.609988447    1.714457487    1.278173513
    1.950000000    1.611359095    1.736963672    1.378316256
    1.960000000    1.577837990    1.731523585    1.489259792
    1.970000000    1.521684446    1.707682554    1.594418977
    1.980000000    1.460118614    1.672152448    1.669047481
    1.990000000    1.406846302    1.626865564    1.695753262
    2.000000000    1.371724137    1.577167705    1.681399408
    2.010000000    1.363091901    1.536100302    1.651224386
    2.020000000    1.386899604    1.518460695    1.626888422
    2.030000000    1.443909862    1.531933458    1.614935610
    2.040000000    1.528282929    1.573325960    1.613762234
    2.050000000    1.629504279    1.631782917    1.626457095
    2.060000000    1.737437478    1.697146713    1.663102032
    2.070000000    1.844690478    1.765368544    1.731343718
    2.080000000    1.941961494    1.833251128    1.827129248
    2.090000000    2.016454569    1.891187324    1.933834513
    2.100000000    2.061276518    1.926904753    2.030956428
    2.110000000    2.081826195    1.935203573    2.104324712
    2.120000000    2.088484822    1.920923499    2.145182523
    2.130000000    2.087943337    1.894760174    2.143653824
    2.140000000    2.082950069    1.868475316    2.094667328
    2.150000000    2.075497829    1.852320737    2.010270988
    2.160000000    2.067891306    1.853321590    1.916778022
    2.170000000    2.061034936    1.872715753    1.838753283
    2.180000000    2.052856027    1.905738088    1.788495917
    2.190000000    2.041190245    1.946858909    1.768822208
    2.200000000    2.029818092    1.994915986    1.781487087
    2.210000000    2.027250156    2.049849694    1.829446516
    2.220000000    2.037480698    2.106427614    1.910922374
    2.230000000    2.055101097    2.155406748    2.013832058
    2.240000000    2.068627608    2.188622226    2.118215498
    2.250000000    2.067635658    2.202312805    2.205181310
    2.260000000    2.050239802    2.200251600    2.263948495
    2.270000000    2.025022305    2.192768212    2.294277140
    2.280000000    2.004130557    2.188620774    2.303934433
    2.290000000    1.996054517    2.189357677    2.299405960
    2.300000000    2.005858161    2.192619523    2.281326882
    2.310000000    2.037290309    2.196527874    2.253203315
    2.320000000    2.091457691    2.200512861    2.229378927
    2.330000000    2.164188346    2.204889326    2.227766193
    2.340000000    2.244734944    2.209460509    2.256227872
    2.350000000    2.318048567    2.213235284    2.307139249
    2.360000000    2.369571215    2.215602825    2.362390250
    2.370000000    2.390013488    2.216840567    2.405235144
    2.380000000    2.379921470    2.218731011    2.429753026
    2.390000000    2.350812480    2.224821997    2.438152399
    2.400000000    2.318603639    2.236714617    2.430678708
    2.410000000    2.293412362    2.249247510    2.401962682
    2.420000000    2.275762727    2.252884214    2.348570699
    2.430000000    2.261114339    2.242142463    2.278008583
    2.440000000    2.245490376    2.220949359    2.209117579
    2.450000000    2.228999403    2.200910187    2.163440059
    2.460000000    2.216622866    2.194128878    2.154010833
    2.470000000    2.214395290    2.204931119    2.178323731
    2.480000000    2.224925092    2.227889394    2.219466383
    2.490000000    2.246658335    2.254443171    2.256903833
    2.500000000    2.275210134    2.279915540    2.280489138
    2.510000000    2.303635915    2.303103720    2.294095744
    2.520000000    2.323114237    2.322321448    2.307352876
    2.530000000    2.327546581    2.335895447    2.329015441
    2.540000000    2.318927910    2.345994127    2.366613785
    2.550000000    2.306685165    2.358218111    2.426892975
    2.560000000    2.301156193    2.375771500    2.513161142
    2.570000000    2.307172977    2.394947380    2.617303125
    2.580000000    2.321681530    2.406444009    2.713375365
    2.590000000    2.337503223    2.403459043    2.767930100
    2.600000000    2.351132555    2.391118997    2.765197894
    2.610000000    2.366288204    2.385337700    2.719073060
    2.620000000    2.388908573    2.400452763    2.657169218
    2.630000000    2.419684752    2.438527435    2.601338169
    2.640000000    2.453020794    2.489472195    2.565685810
    2.650000000    2.482337430    2.538569026    2.559887041
    2.660000000    2.503486914    2.572970823    2.585426881
    2.670000000    2.514122009    2.586734655    2.631536811
    2.680000000    2.515096983    2.584822018    2.677073627
    2.690000000    2.511686677    2.578344794    2.699954751
    2.700000000    2.508750732    2.573574634    2.691712056
    2.710000000    2.506011471    2.567952550    2.662060411
    2.720000000    2.500426368    2.555747573    2.628386879
    2.730000000    2.491632033    2.536261489    2.606671561
    2.740000000    2.483884421    2.517729409    2.608879461
    2.750000000    2.482850792    2.512081691    2.638910428
    2.760000000    2.491597545    2.524794858    2.687568809
    2.770000000    2.509845942    2.550284107    2.732386281
    2.780000000    2.535690894    2.575303702    2.746185197
    2.790000000    2.567410327    2.584947879    2.714364522
    2.800000000    2.602412803    2.567539089    2.647513218
    2.810000000    2.634953329    2.519564887    2.573033683
    2.820000000    2.658567317    2.449221663    2.517046292
    2.830000000    2.670944065    2.372765812    2.495363829
    2.840000000    2.672556816    2.304726557    2.511408055
    2.850000000    2.660634505    2.251099101    2.555420004
    2.860000000    2.629643114    2.211765812    2.607958243
    2.870000000    2.578567949    2.187411950    2.648447743
    2.880000000    2.514825412    2.182654314    2.664194187
    2.890000000    2.452155123    2.204674667    2.654712428
    2.900000000    2.405531558    2.259668050    2.629785182
    2.910000000    2.384969990    2.347864731    2.604947621
    2.920000000    2.392453629    2.460417350    2.595739881
    2.930000000    2.423427471    2.581496912    2.610427831
    2.940000000    2.468793725    2.694687607    2.646708981
    2.950000000    2.517006304    2.789530696    2.696031003
    2.960000000    2.558110334    2.863041444    2.749243847
    2.970000000    2.587101092    2.916011033    2.797589602
    2.980000000    2.603074941    2.947826228    2.832839698
    2.990000000    2.607485483    2.954900863    2.852786515
    3.000000000    2.605360757    2.936381233    2.867439387
    3.010000000    2.605604207    2.900356240    2.891531306
    3.020000000    2.616153035    2.860562028    2.927135201
    3.030000000    2.637276003    2.826444205    2.958709619
    3.040000000    2.659610214    2.796841699    2.967436947
    3.050000000    2.670406623    2.762615563    2.948212019
    3.060000000    2.664479345    2.716815349    2.911685065
    3.070000000    2.649557879    2.663161257    2.874467114
    3.080000000    2.640986018    2.613848439    2.851374357
    3.090000000    2.651559466    2.579947245    2.850335586
    3.100000000    2.683961743    2.564548953    2.866870558
    3.110000000    2.728830489    2.561707195    2.885179539
    3.120000000    2.769086100    2.560105281    2.890221467
    3.130000000    2.787983248    2.550325848    2.880551590
    3.140000000    2.775643542    2.530181138    2.868157147
    3.150000000    2.732189859    2.504202849    2.867722819
    3.160000000    2.668622438    2.480467076    2.887481549
    3.170000000    2.603670833    2.467664493    2.925552151
    3.180000000    2.556077922    2.473018646    2.969462584
    3.190000000    2.536818091    2.500637474    3.000517671
    3.200000000    2.545320409    2.548332245    3.003898882
    3.210000000    2.570196034    2.604682726    2.976176237
    3.220000000    2.595395662    2.652072647    2.924706861
    3.230000000    2.610412581    2.675804307    2.862103968
    3.240000000    2.615872907    2.672630017    2.798650678
    3.250000000    2.618994299    2.651727704    2.737420907
    3.260000000    2.624977590    2.627223052    2.677143588
    3.270000000    2.634715024    2.611491927    2.620143437
    3.280000000    2.649936843    2.614448394    2.577340186
    3.290000000    2.675760266    2.642415426    2.565268556
    3.300000000    2.715979988    2.694205244    2.598265028
    3.310000000    2.768243594    2.760379352    2.680532500
    3.320000000    2.823857399    2.827231333    2.800604378
    3.330000000    2.870773336    2.880856540    2.932693132
    3.340000000    2.898997357    2.910139803    3.048669788
    3.350000000    2.906051609    2.911719053    3.134034333
    3.360000000    2.897162879    2.893300486    3.192971047
    3.370000000    2.880106812    2.867817945    3.238480567
    3.380000000    2.860386601    2.843413569    3.279293692
    3.390000000    2.839849968    2.820039412    3.312615734
    3.400000000    2.818297995    2.793403558    3.323629638
    3.410000000    2.795562842    2.760740077    3.294715782
    3.420000000    2.770707402    2.724072620    3.221564631
    3.430000000    2.740944408    2.690523760    3.120478965
    3.440000000    2.705718073    2.671117311    3.018649358
    3.450000000    2.671608040    2.676597330    2.938012866
    3.460000000    2.649037868    2.710525083    2.885663173
    3.470000000    2.643768132    2.766036209    2.856081881
    3.480000000    2.654042782    2.830733730    2.842558947
    3.490000000    2.674905149    2.893926719    2.847065940
    3.500000000    2.702632972    2.948659679    2.878006347
    3.510000000    2.734319260    2.988996880    2.938284636
    3.520000000    2.764089068    3.007452451    3.015729301
    3.530000000    2.783443214    2.997715319    3.085910300
    3.540000000    2.788242120    2.960971083    3.127285104
    3.550000000    2.783519772    2.906933188    3.134007889
    3.560000000    2.780139861    2.848334483    3.115915318
    3.570000000    2.787289599    2.795324638    3.091332636
    3.580000000    2.806642661    2.752268920    3.076295963
    3.590000000    2.832760922    2.717893196    3.074166193
    3.600000000    2.859078665    2.689505078    3.076057952
    3.610000000    2.881860612    2.666966959    3.070434888
    3.620000000    2.898931302    2.652028567    3.050976367
    3.630000000    2.908505927    2.645462459    3.019022160
    3.640000000    2.911209586    2.645990359    2.981357811
    3.650000000    2.911062110    2.650765888    2.945997182
    3.660000000    2.912019789    2.656208114    2.920455173
    3.670000000    2.913982454    2.659580965    2.912880222
    3.680000000    2.912971661    2.660850206    2.930173407
    3.690000000    2.904645732    2.662787123    2.972018851
    3.700000000    2.887807568    2.668877247    3.027939646
    3.710000000    2.865978363    2.682541014    3.081685976
    3.720000000    2.845190440    2.708815117    3.121371204
    3.730000000    2.829942224    2.753960465    3.147844377
    3.740000000    2.821842420    2.820398764    3.172961682
    3.750000000    2.819988602    2.901243975    3.208675650
    3.760000000    2.821096239    2.981149693    3.256515115
    3.770000000    2.821815678    3.045629025    3.306725032
    3.780000000    2.823460399    3.091569420    3.346471480
    3.790000000    2.832038909    3.126650783    3.367633772
    3.800000000    2.851633520    3.158214166    3.368043407
    3.810000000    2.880073068    3.186102649    3.349422875
    3.820000000    2.910205381    3.204794264    3.315075846
    3.830000000    2.932366512    3.207702310    3.269262264
    3.840000000    2.938571553    3.190699982    3.219355746
    3.850000000    2.928690991    3.156350168    3.175817468
    3.860000000    2.912001400    3.114945563    3.149091811
    3.870000000    2.901343910    3.077805154    3.146827074
    3.880000000    2.905717990    3.048568820    3.169881393
    3.890000000    2.926594040    3.022062730    3.210205980
    3.900000000    2.958846364    2.991137150    3.256160886
    3.910000000    2.993924375    2.953130733    3.299309076
    3.920000000    3.023313817    2.910419167    3.334265140
    3.930000000    3.041000943    2.867070294    3.355257069
    3.940000000    3.043458550    2.825584582    3.357212085
    3.950000000    3.030310332    2.787045796    3.339501859
    3.960000000    3.008220695    2.755165538    3.307337443
    3.970000000    2.990559937    2.738310497    3.269788300
    3.980000000    2.989297511    2.745742706    3.234525690
    3.990000000    3.008316919    2.782088986    3.204084862
    4.000000000    3.042290211    2.843831571    3.178960456
    4.010000000    3.078167999    2.918900716    3.163015004
    4.020000000    3.099744071    2.990170251    3.162845096
    4.030000000    3.096083841    3.043191013    3.181501628
    4.040000000    3.068325999    3.073826731    3.213125141
    4.050000000    3.028677290    3.088125741    3.244880055
    4.060000000    2.993213147    3.094731074    3.265977860
    4.070000000    2.972852638    3.097042672    3.273281476
    4.080000000    2.967426285    3.091116247    3.267893452
    4.090000000    2.967717953    3.070821758    3.251341627
    4.100000000    2.962960894    3.034166185    3.226592569
    4.110000000    2.947111798    2.985329146    3.198371476
    4.120000000    2.921683277    2.933711532    3.170954430
    4.130000000    2.895532681    2.890713282    3.148618801
    4.140000000    2.880803570    2.865237499    3.139055003
    4.150000000    2.887114829    2.862526473    3.153141495
    4.160000000    2.919064000    2.886529689    3.199201887
    4.170000000    2.977387008    2.940214796    3.277488800
    4.180000000    3.059450633    3.021471666    3.378938718
    4.190000000    3.157577603    3.118831273    3.487207552
    4.200000000    3.258025556    3.212867382    3.583819518
    4.210000000    3.343290461    3.284647890    3.656068372
    4.220000000    3.397564978    3.324581450    3.702892417
    4.230000000    3.412250475    3.333224298    3.732409729
    4.240000000    3.388788909    3.316960978    3.751515455
    4.250000000    3.337917231    3.286142060    3.758076514
    4.260000000    3.276187170    3.254875081    3.744018108
    4.270000000    3.221170565    3.238539609    3.704540996
    4.280000000    3.185705380    3.248216219    3.643786272
    4.290000000    3.173346197    3.284977046    3.574176167
    4.300000000    3.178139353    3.338853549    3.511188865
    4.310000000    3.188180251    3.392795216    3.465544078
    4.320000000    3.192072530    3.429854398    3.438624192
    4.330000000    3.186030787    3.441972196    3.425714515
    4.340000000    3.174934354    3.433069165    3.423148416
    4.350000000    3.166296776    3.412698509    3.432035251
    4.360000000    3.165017551    3.389507072    3.454856943
    4.370000000    3.173279377    3.370012581    3.488506049
    4.380000000    3.192273326    3.358261735    3.521776993
    4.390000000    3.221605782    3.353781486    3.541837219
    4.400000000    3.257882792    3.350507043    3.543886412
    4.410000000    3.296296270    3.339647269    3.533253268
    4.420000000    3.332280202    3.313514848    3.518984971
    4.430000000    3.360522451    3.267529066    3.506871150
    4.440000000    3.376557590    3.203249730    3.498528446
    4.450000000    3.381941873    3.131103826    3.495313122
    4.460000000    3.384336397    3.066480879    3.498551900
    4.470000000    3.390827630    3.021510103    3.506539868
    4.480000000    3.403059450    3.001003221    3.516169751
    4.490000000    3.418283990    3.003966181    3.526490951
    4.500000000    3.432791641    3.026400241    3.539392516
    4.510000000    3.443823675    3.063290231    3.557947051
    4.520000000    3.448991428    3.109959524    3.582237519
    4.530000000    3.446113646    3.163579226    3.606524457
    4.540000000    3.436405667    3.224945441    3.623250838
    4.550000000    3.426686056    3.298039726    3.630282300
    4.560000000    3.425515167    3.385706014    3.633696357
    4.570000000    3.437032740    3.484594928    3.645138595
    4.580000000    3.459165116    3.584953895    3.675639313
    4.590000000    3.487428190    3.677095037    3.727751441
    4.600000000    3.519039368    3.757702970    3.792083286
    4.610000000    3.552170607    3.827939012    3.852807484
    4.620000000    3.583102650    3.887159757    3.898537260
    4.630000000    3.606443439    3.930891285    3.928973890
    4.640000000    3.619442502    3.954393498    3.952193394
    4.650000000    3.627007039    3.958151514    3.976949649
    4.660000000    3.640665881    3.949417967    4.006428054
    4.670000000    3.669960288    3.936385109    4.036573258
    4.680000000    3.714287408    3.921000563    4.059394027
    4.690000000    3.763384715    3.898938160    4.068533273
    4.700000000    3.804826291    3.865952025    4.062988361
    4.710000000    3.830473400    3.823264614    4.047014796
    4.720000000    3.837867291    3.777331631    4.026329818
    4.730000000    3.828257047    3.735086343    4.003175913
    4.740000000    3.805657710    3.700805741    3.976403849
    4.750000000    3.778887641    3.678243661    3.947510440
    4.760000000    3.760100230    3.672652996    3.923215115
    4.770000000    3.757355358    3.687713869    3.910790311
    4.780000000    3.771035470    3.722193379    3.914169420
    4.790000000    3.799192672    3.772343746    3.935021008
    4.800000000    3.843241437    3.836173221    3.974816324
    4.810000000    3.905302278    3.912364078    4.034097592
    4.820000000    3.981393490    3.995520888    4.108128895
    4.830000000    4.060305638    4.074923818    4.182195620
    4.840000000    4.129547455    4.139286661    4.234400665
    4.850000000    4.181808534    4.182964520    4.247961900
    4.860000000    4.216871618    4.207136148    4.222379061
    4.870000000    4.238391562    4.215005964    4.172525583
    4.880000000    4.249367814    4.207793199    4.118395736
    4.890000000    4.251843733    4.187235082    4.075846526
    4.900000000    4.248927378    4.159724835    4.052070599
    4.910000000    4.244548083    4.135416919    4.044190606
    4.920000000    4.243786297    4.124952549    4.042182579
    4.930000000    4.254148818    4.136783177    4.037375524
    4.940000000    4.282573849    4.173866216    4.029667075
    4.950000000    4.330285614    4.232254030    4.026530929
    4.960000000    4.393460604    4.304980598    4.037934695
    4.970000000    4.469271115    4.387419005    4.072034352
    4.980000000    4.558756099    4.479328895    4.131344242
    4.990000000    4.662186640    4.582387727    4.209786990
    5.000000000    4.772683151    4.694025599    4.294459288
    5.010000000    4.877169271    4.804495613    4.373695010
    5.020000000    4.965245426    4.903309076    4.446448523
    5.030000000    5.036246516    4.988695537    4.525035218
    5.040000000    5.096563456    5.068160778    4.625521238
    5.050000000    5.153793236    5.151414784    4.752178600
    5.060000000    5.217076066    5.246864959    4.891431303
    5.070000000    5.298091078    5.362054699    5.021109117
    5.080000000    5.405208770    5.500549004    5.124247784
    5.090000000    5.535443777    5.655377769    5.193988521
    5.100000000    5.673728104    5.808548154    5.229098207
    5.110000000    5.802156998    5.941922102    5.231252708
    5.120000000    5.910082899    6.047967973    5.207791109
    5.130000000    5.994992002    6.126757388    5.171347588
    5.140000000    6.056072545    6.177189984    5.134166020
    5.150000000    6.090447208    6.197779823    5.102736163
    5.160000000    6.096771874    6.192747682    5.076885644
    5.170000000    6.080099731    6.171979919    5.053601308
    5.180000000    6.051174454    6.146033709    5.031581452
    5.190000000    6.022089779    6.123142401    5.013216855
    5.200000000    6.003213501    6.110021209    5.003565979
    5.210000000    6.002750432    6.113247700    5.008935306
    5.220000000    6.026245424    6.137356712    5.037365274
    5.230000000    6.073998219    6.180614055    5.097715218
    5.240000000    6.141212616    6.235528162    5.194950055
    5.250000000    6.222605671    6.294483226    5.324797799
    5.260000000    6.314445178    6.351515142    5.470451005
    5.270000000    6.414614637    6.402055535    5.604522631
    5.280000000    6.524501866    6.448044805    5.701465063
    5.290000000    6.646404141    6.500488648    5.754090273
    5.300000000    6.778069946    6.571887030    5.777125580
    5.310000000    6.912927166    6.666287461    5.793240413
    5.320000000    7.043036482    6.776381817    5.816132291
    5.330000000    7.160573413    6.888939075    5.845990779
    5.340000000    7.260133919    6.993455746    5.877851722
    5.350000000    7.341135461    7.087505863    5.911966469
    5.360000000    7.408166352    7.176207807    5.957124017
    5.370000000    7.470884690    7.268897001    6.027079364
    5.380000000    7.543003751    7.376962291    6.135369237
    5.390000000    7.637056081    7.511024089    6.291462500
    5.400000000    7.757577607    7.674817205    6.498260340
    5.410000000    7.899553611    7.861702879    6.751769680
    5.420000000    8.052959153    8.059159822    7.043723280
    5.430000000    8.207820386    8.255053733    7.365897105
    5.440000000    8.355481130    8.439166737    7.713444030
    5.450000000    8.487475138    8.603827956    8.084739887
    5.460000000    8.596936057    8.747025668    8.478725177
    5.470000000    8.683834305    8.873070202    8.893110686
    5.480000000    8.756939335    8.987314329    9.323206390
    5.490000000    8.826773921    9.089580335    9.759881502
    5.500000000    8.895914137    9.173127143   10.187287428
    5.510000000    8.956229245    9.228661005   10.583176302
    5.520000000    8.995516287    9.248515253   10.924094882
    5.530000000    9.008825476    9.231492103   11.193048619
    5.540000000    9.002884516    9.186402173   11.385319100
    5.550000000    8.988105280    9.127349058   11.510539449
    5.560000000    8.969956144    9.064462587   11.589968023
    5.570000000    8.948775384    8.999466704   11.647503554
    5.580000000    8.921596931    8.927707246   11.697126881
    5.590000000    8.882952690    8.844069005   11.736894469
    5.600000000    8.830761014    8.751030003   11.758307185
    5.610000000    8.773129873    8.662804816   11.761557480
    5.620000000    8.724736280    8.598653202   11.758484296
    5.630000000    8.696036664    8.571306971   11.763782899
    5.640000000    8.688197027    8.581577677   11.786531646
    5.650000000    8.697349092    8.620211124   11.827039195
    5.660000000    8.721674850    8.673225930   11.878724085
    5.670000000    8.763546831    8.727960188   11.932581090
    5.680000000    8.824177295    8.775887259   11.980327982
    5.690000000    8.894972497    8.810572606   12.015761610
    5.700000000    8.955432183    8.826099295   12.039054494
    5.710000000    8.983976398    8.819811064   12.060134300
    5.720000000    8.971527716    8.794364962   12.091821551
    5.730000000    8.923227729    8.755530138   12.139053025
    5.740000000    8.849874370    8.709337773   12.195352502
    5.750000000    8.759794708    8.660666303   12.245589880
    5.760000000    8.656721192    8.610873407   12.270739587
    5.770000000    8.544750482    8.556536852   12.255927656
    5.780000000    8.432806537    8.491954428   12.198879635
    5.790000000    8.330109395    8.412578559   12.109776495
    5.800000000    8.239602238    8.319074203   12.004116881
    5.810000000    8.160074248    8.220745039   11.897023568
    5.820000000    8.093864521    8.132976662   11.799687740
    5.830000000    8.048992908    8.069508274   11.716528638
    5.840000000    8.032949820    8.036856175   11.645731876
    5.850000000    8.046638823    8.034505294   11.584196851
    5.860000000    8.084161432    8.056304339   11.532731009
    5.870000000    8.135199590    8.090028970   11.496326117
    5.880000000    8.187774250    8.120312054   11.478581913
    5.890000000    8.232013986    8.137207548   11.475441716
    5.900000000    8.262675378    8.142749545   11.476765769
    5.910000000    8.277232590    8.147008778   11.475671281
    5.920000000    8.271193471    8.156289238   11.472129290
    5.930000000    8.238419072    8.166397918   11.467019431
    5.940000000    8.177809528    8.167352673   11.458333186
    5.950000000    8.095426813    8.150483577   11.441668446
    5.960000000    7.999264096    8.110682753   11.411775529
    5.970000000    7.896100140    8.047989450   11.367374696
    5.980000000    7.793305561    7.970066656   11.313838475
    5.990000000    7.700926372    7.890575778   11.258456214
    6.000000000    7.630238361    7.822919473   11.205002916
    6.010000000    7.589363696    7.775151953   11.151881628
    6.020000000    7.580490640    7.749859030   11.093127261
    6.030000000    7.601090000    7.746390955   11.023636254
    6.040000000    7.646634389    7.761888056   10.944965748
    6.050000000    7.712169048    7.792369018   10.866154607
    6.060000000    7.792097887    7.834326553   10.798686656
    6.070000000    7.879249824    7.885118185   10.747027826
    6.080000000    7.966345175    7.943533434   10.704901480
    6.090000000    8.048879905    8.010321414   10.665721127
    6.100000000    8.125477123    8.086252018   10.634826067
    6.110000000    8.196558263    8.169236121   10.627205030
    6.120000000    8.262209418    8.252483200   10.652439574
    6.130000000    8.319798943    8.325009805   10.700704501
    6.140000000    8.365275059    8.376952621   10.742583419
    6.150000000    8.396985383    8.406853964   10.746266353
    6.160000000    8.417056796    8.423787919   10.698491806
    6.170000000    8.430495508    8.442326398   10.608935563
    6.180000000    8.444945853    8.475672878   10.498096326
    6.190000000    8.470005109    8.531346317   10.384872369
    6.200000000    8.513532395    8.609001593   10.281528746
    6.210000000    8.578131686    8.700183956   10.193872854
    6.220000000    8.661172286    8.790953950   10.121887276
    6.230000000    8.757173435    8.868178099   10.061010613
    6.240000000    8.860909871    8.926653572   10.007252143
    6.250000000    8.970007596    8.971387475    9.961584627
    6.260000000    9.084595905    9.013829220    9.925929336
    6.270000000    9.203254774    9.065006255    9.895734140
    6.280000000    9.320725563    9.129301155    9.860470083
    6.290000000    9.430930205    9.202900618    9.811991137
    6.300000000    9.529592318    9.277362112    9.751882290
    6.310000000    9.611979877    9.343796426    9.689574415
    6.320000000    9.670872588    9.395334856    9.633978293
    6.330000000    9.699403374    9.428346706    9.590227889
    6.340000000    9.696547200    9.443094219    9.562808316
    6.350000000    9.669599141    9.444063931    9.557044022
    6.360000000    9.630835606    9.439035782    9.577447043
    6.370000000    9.591847704    9.436624710    9.624897974
    6.380000000    9.558380488    9.441658643    9.693361058
    6.390000000    9.527803298    9.450932633    9.769610479
    6.400000000    9.492535203    9.455571021    9.838798290
    6.410000000    9.446187790    9.447772977    9.890650818
    6.420000000    9.386614606    9.424046498    9.920171169
    6.430000000    9.317857123    9.386005201    9.925131173
    6.440000000    9.251668708    9.341469210    9.906024764
    6.450000000    9.203347484    9.301676939    9.867944130
    6.460000000    9.183821185    9.275572345    9.818273212
    6.470000000    9.194785516    9.267311401    9.761733472
    6.480000000    9.228181613    9.276596180    9.698836272
    6.490000000    9.268519119    9.298555517    9.627881792
    6.500000000    9.298361027    9.324517518    9.548360443
    6.510000000    9.306028031    9.345329997    9.463144263
    6.520000000    9.289468143    9.354714065    9.377182488
    6.530000000    9.253049478    9.350051648    9.295451333
    6.540000000    9.201641432    9.330213688    9.221734314
    6.550000000    9.136482952    9.291657150    9.154272649
    6.560000000    9.055308608    9.228063921    9.083063194
    6.570000000    8.957334548    9.136492419    8.996764272
    6.580000000    8.847162694    9.023130131    8.892810687
    6.590000000    8.732729427    8.902074218    8.780497409
    6.600000000    8.621979630    8.789692900    8.676264598
    6.610000000    8.521963799    8.698401833    8.596941441
    6.620000000    8.437999943    8.631936919    8.555573953
    6.630000000    8.371564196    8.585033069    8.558756572
    6.640000000    8.319213130    8.547394755    8.602466441
    6.650000000    8.274697037    8.508281223    8.671272884
    6.660000000    8.232608526    8.459772113    8.747661447
    6.670000000    8.189890811    8.398214421    8.825040253
    6.680000000    8.144604284    8.323190019    8.909764556
    6.690000000    8.095479565    8.235872575    9.007551308
    6.700000000    8.043551661    8.139093118    9.107564323
    6.710000000    7.992112899    8.037350646    9.180406571
    6.720000000    7.944446531    7.935339449    9.193975199
    6.730000000    7.902748653    7.836590068    9.137409939
    6.740000000    7.867947427    7.743247704    9.031360200
    6.750000000    7.839944326    7.657041104    8.913898929
    6.760000000    7.818817366    7.580274035    8.817647201
    6.770000000    7.804138822    7.515357883    8.755244027
    6.780000000    7.792085311    7.463194950    8.719401484
    6.790000000    7.775827141    7.422822987    8.695640180
    6.800000000    7.751376647    7.393977537    8.674849382
    6.810000000    7.722230523    7.378952889    8.654258813
    6.820000000    7.695311787    7.379107314    8.632460616
    6.830000000    7.671998661    7.389658040    8.608016956
    6.840000000    7.644731890    7.399392971    8.580071735
    6.850000000    7.602269873    7.395702469    8.548200807
    6.860000000    7.538511784    7.371621474    8.512938824
    6.870000000    7.457496521    7.329717864    8.476456979
    6.880000000    7.371248684    7.279327969    8.442546462
    6.890000000    7.293325064    7.230330338    8.415849183
    6.900000000    7.233021046    7.189434854    8.399330034
    6.910000000    7.193067743    7.160151706    8.390935126
    6.920000000    7.170919259    7.143507483    8.383709834
    6.930000000    7.161976292    7.138654924    8.371898053
    6.940000000    7.161903736    7.144318654    8.356260409
    6.950000000    7.167576213    7.160467445    8.341030106
    6.960000000    7.177870140    7.188149825    8.328847437
    6.970000000    7.192562953    7.226380451    8.321059959
    6.980000000    7.209148197    7.268791395    8.318314736
    6.990000000    7.221215165    7.304525082    8.318240828
    7.000000000    7.220048099    7.322980711    8.315144574
    7.010000000    7.198068552    7.317973364    8.302227313
    7.020000000    7.153068254    7.289100190    8.273683702
    7.030000000    7.090248800    7.240288871    8.224391538
    7.040000000    7.019046379    7.177430037    8.148205775
    7.050000000    6.948412385    7.107993322    8.041316260
    7.060000000    6.884364910    7.041202553    7.910292811
    7.070000000    6.828753094    6.985811066    7.775402055
    7.080000000    6.779423747    6.946779177    7.663022548
    7.090000000    6.734105957    6.924731673    7.591937907
    7.100000000    6.695408770    6.919028222    7.566184358
    7.110000000    6.669814316    6.928681491    7.579917818
    7.120000000    6.661545580    6.948341286    7.626105986
    7.130000000    6.668882716    6.965827353    7.698610278
    7.140000000    6.685937256    6.967554936    7.786872468
    7.150000000    6.707314260    6.948254912    7.871736547
    7.160000000    6.731199206    6.913866646    7.928775492
    7.170000000    6.758984086    6.874757096    7.937883459
    7.180000000    6.792868545    6.838873743    7.893465995
    7.190000000    6.832835474    6.810033419    7.807560944
    7.200000000    6.873753003    6.787625011    7.701240495
    7.210000000    6.906398107    6.767733503    7.592412599
    7.220000000    6.924599440    6.748129657    7.492064250
    7.230000000    6.931632332    6.732678126    7.407672358
    7.240000000    6.938115062    6.729291447    7.345541302
    7.250000000    6.952881586    6.742516787    7.308789360
    7.260000000    6.975075474    6.767653699    7.294491664
    7.270000000    6.994344965    6.791885315    7.294963836
    7.280000000    6.997744662    6.801207868    7.302379052
    7.290000000    6.976820699    6.788624919    7.311013893
    7.300000000    6.931432086    6.758220689    7.315575742
    7.310000000    6.870439346    6.721536588    7.311243134
    7.320000000    6.809365266    6.690187092    7.297989226
    7.330000000    6.765017454    6.671713692    7.283481067
    7.340000000    6.749949502    6.670572701    7.279466358
    7.350000000    6.770296514    6.690913765    7.294274826
    7.360000000    6.825397051    6.735880056    7.326789350
    7.370000000    6.906499956    6.802945665    7.365862324
    7.380000000    6.998332817    6.883157732    7.397704583
    7.390000000    7.087108288    6.968313504    7.416545669
    7.400000000    7.168180232    7.057381171    7.427252814
    7.410000000    7.244513313    7.154178683    7.436282378
    7.420000000    7.319701659    7.261133761    7.441682835
    7.430000000    7.396015402    7.377722983    7.433671229
    7.440000000    7.477216261    7.503400883    7.402962051
    7.450000000    7.567659486    7.638278606    7.347110147
    7.460000000    7.667492625    7.779663293    7.272986430
    7.470000000    7.770675550    7.919231915    7.195240663
    7.480000000    7.866604043    8.042952694    7.128873128
    7.490000000    7.942647827    8.134075652    7.081042879
    7.500000000    7.988414465    8.181096016    7.048534110
    7.510000000    8.001351724    8.186034473    7.021038927
    7.520000000    7.988817509    8.164102838    6.988245380
    7.530000000    7.965419088    8.135911858    6.946989833
    7.540000000    7.949570509    8.120899786    6.903116124
    7.550000000    7.959592699    8.134369276    6.867300539
    7.560000000    8.007194189    8.183721238    6.848048979
    7.570000000    8.091970819    8.263827606    6.846510782
    7.580000000    8.203239424    8.358528421    6.857479681
    7.590000000    8.328795345    8.451205840    6.874667340
    7.600000000    8.462166832    8.534843378    6.895108999
    7.610000000    8.601842734    8.611294897    6.920131975
    7.620000000    8.745861635    8.683748358    6.954015650
    7.630000000    8.887065807    8.751250626    7.001460323
    7.640000000    9.010539739    8.807645764    7.062810048
    7.650000000    9.096373254    8.845161960    7.130324966
    7.660000000    9.130332647    8.861282550    7.191817528
    7.670000000    9.114901783    8.862870640    7.240205724
    7.680000000    9.068624252    8.862598023    7.278916412
    7.690000000    9.014639633    8.871069021    7.316885867
    7.700000000    8.970039057    8.892204465    7.359591047
    7.710000000    8.942135940    8.923852308    7.405985858
    7.720000000    8.929269870    8.959528427    7.452049940
    7.730000000    8.923888425    8.990114926    7.495040155
    7.740000000    8.918485837    9.006716974    7.534566808
    7.750000000    8.911950770    9.003588556    7.570759854
    7.760000000    8.910521818    8.981172615    7.602059857
    7.770000000    8.921832230    8.948361150    7.624109227
    7.780000000    8.948890149    8.920925802    7.629660302
    7.790000000    8.990296526    8.915792749    7.610801859
    7.800000000    9.042739066    8.942560701    7.563101278
    7.810000000    9.101594829    8.996835809    7.488550376
    7.820000000    9.160755681    9.061047769    7.396091880
    7.830000000    9.211351856    9.112347863    7.299686454
    7.840000000    9.242794995    9.134001171    7.213296557
    7.850000000    9.247407904    9.123318899    7.145134046
    7.860000000    9.220639776    9.087626924    7.094858892
    7.870000000    9.156142537    9.032311348    7.055355999
    7.880000000    9.045270414    8.954377320    7.018245727
    7.890000000    8.883852126    8.846571204    6.978228017
    7.900000000    8.680008472    8.707939512    6.932536794
    7.910000000    8.455602835    8.550757875    6.879375118
    7.920000000    8.237009305    8.393450900    6.819536190
    7.930000000    8.041799797    8.246484445    6.758098428
    7.940000000    7.872681204    8.106640381    6.701720361
    7.950000000    7.721905112    7.963801095    6.654169153
    7.960000000    7.580893117    7.812565758    6.614491714
    7.970000000    7.446680833    7.656723112    6.576486795
    7.980000000    7.321710362    7.504246736    6.529215250
    7.990000000    7.210301754    7.361789109    6.461685581
    8.000000000    7.115036250    7.233188604    6.368971112
    8.010000000    7.034651053    7.119571967    6.253703503
    8.020000000    6.964662326    7.020116356    6.124505126
    8.030000000    6.899600438    6.932506148    5.994641450
    8.040000000    6.833861452    6.851200790    5.877257937
    8.050000000    6.760561740    6.765953507    5.776762121
    8.060000000    6.673160238    6.665919060    5.685741032
    8.070000000    6.571092042    6.547727676    5.592881310
    8.080000000    6.461649053    6.418504850    5.493325986
    8.090000000    6.354506149    6.289877030    5.390066559
    8.100000000    6.255994046    6.170605533    5.287965094
    8.110000000    6.169820855    6.066771056    5.189831734
    8.120000000    6.100276130    5.986112611    5.097490058
    8.130000000    6.050910781    5.936913357    5.013534127
    8.140000000    6.020120459    5.921170436    4.940169406
    8.150000000    5.999186030    5.929697408    4.877386272
    8.160000000    5.975362675    5.944206442    4.823797590
    8.170000000    5.938471799    5.945749249    4.778378296
    8.180000000    5.886321983    5.923852520    4.740001565
    8.190000000    5.824699774    5.879827614    4.706107268
    8.200000000    5.762756620    5.823965758    4.673518514
    8.210000000    5.708822528    5.769732459    4.640775419
    8.220000000    5.668856298    5.727352297    4.608345373
    8.230000000    5.645417443    5.699562752    4.576095892
    8.240000000    5.636001997    5.681064599    4.541914795
    8.250000000    5.632588083    5.661833175    4.504667278
    8.260000000    5.623963025    5.632126414    4.468232205
    8.270000000    5.600305127    5.585721193    4.439360791
    8.280000000    5.558144147    5.521238929    4.420770636
    8.290000000    5.502179706    5.442562857    4.408536611
    8.300000000    5.442369535    5.358187111    4.396251042
    8.310000000    5.389192767    5.278866274    4.380454821
    8.320000000    5.349318246    5.212991655    4.361734683
    8.330000000    5.322672838    5.162187303    4.340858961
    8.340000000    5.303770336    5.121862442    4.315117935
    8.350000000    5.286983326    5.086561872    4.280387196
    8.360000000    5.269859412    5.054155281    4.236734501
    8.370000000    5.251218880    5.025166023    4.189987992
    8.380000000    5.228711600    5.000412441    4.147701675
    8.390000000    5.201101464    4.981233962    4.114446992
    8.400000000    5.171647903    4.970529933    4.089749619
    8.410000000    5.145939943    4.970991852    4.069370868
    8.420000000    5.127149424    4.982822262    4.049169957
    8.430000000    5.115122017    5.004209773    4.028420891
    8.440000000    5.107830175    5.032357560    4.009023499
    8.450000000    5.102580799    5.064099937    3.991422453
    8.460000000    5.098068298    5.098026940    3.971908360
    8.470000000    5.095834845    5.136016422    3.944379323
    8.480000000    5.098876331    5.181137671    3.904935612
    8.490000000    5.108831226    5.233729215    3.855124499
    8.500000000    5.124562467    5.289421642    3.801383421
    8.510000000    5.143073690    5.340756396    3.750750907
    8.520000000    5.161091099    5.381083563    3.706478732
    8.530000000    5.176277846    5.408416688    3.668403037
    8.540000000    5.188321400    5.426723319    3.636668445
    8.550000000    5.199444986    5.443282894    3.613430039
    8.560000000    5.213370610    5.463998169    3.601119000
    8.570000000    5.232783564    5.490213200    3.600079194
    8.580000000    5.257789253    5.519880576    3.608294701
    8.590000000    5.287141385    5.551540030    3.623338307
    8.600000000    5.320784379    5.585983900    3.644159620
    8.610000000    5.361160327    5.624260225    3.670751539
    8.620000000    5.411888870    5.665643620    3.702591926
    8.630000000    5.475004577    5.708465105    3.737570288
    8.640000000    5.549582924    5.752433868    3.771517259
    8.650000000    5.633064136    5.799423590    3.798689791
    8.660000000    5.723335708    5.851981689    3.814306960
    8.670000000    5.819183318    5.911409883    3.817522381
    8.680000000    5.920014581    5.977996945    3.811906929
    8.690000000    6.026228062    6.053087364    3.803250192
    8.700000000    6.138489836    6.138888535    3.796851052
    8.710000000    6.255735023    6.235078993    3.796305823
    8.720000000    6.374583965    6.336713829    3.803393505
    8.730000000    6.490549459    6.436027298    3.818105711
    8.740000000    6.599518388    6.526431309    3.839720727
    8.750000000    6.698885655    6.605561448    3.868419689
    8.760000000    6.788116074    6.675084531    3.905130299
    8.770000000    6.867954023    6.737151268    3.949198778
    8.780000000    6.939200662    6.791001619    3.996019340
    8.790000000    7.002369377    6.833770829    4.037930757
    8.800000000    7.057346467    6.864212601    4.068411242
    8.810000000    7.103610910    6.884886050    4.084850123
    8.820000000    7.141000172    6.900159884    4.087149360
    8.830000000    7.168636615    6.911686273    4.075345210
    8.840000000    7.183192815    6.916160559    4.050043306
    8.850000000    7.180323286    6.908222795    4.014124808
    8.860000000    7.158159840    6.885503236    3.972639169
    8.870000000    7.118949768    6.850904357    3.931698963
    8.880000000    7.068204807    6.811165107    3.897880043
    8.890000000    7.012848036    6.773711198    3.877224666
    8.900000000    6.958937144    6.743586309    3.873567622
    8.910000000    6.909097872    6.721243744    3.887849300
    8.920000000    6.860797373    6.701532743    3.918752233
    8.930000000    6.807518699    6.675346677    3.962791786
    8.940000000    6.743293937    6.634916499    4.013946425
    8.950000000    6.666833342    6.579124984    4.065247031
    8.960000000    6.581442666    6.513666464    4.111863300
    8.970000000    6.492120374    6.446443236    4.152413796
    8.980000000    6.403460455    6.383546264    4.188157072
    8.990000000    6.318994243    6.328297974    4.222032112
    9.000000000    6.240196861    6.280638473    4.257242258
    9.010000000    6.165278827    6.236173837    4.295422420
    9.020000000    6.090846492    6.188690580    4.336739071
    9.030000000    6.016087322    6.135547492    4.381670437
    9.040000000    5.944576591    6.080200207    4.432328087
    9.050000000    5.882235229    6.029839300    4.492201760
    9.060000000    5.833944959    5.990668234    4.563645641
    9.070000000    5.800860020    5.964256009    4.644746690
    9.080000000    5.779681741    5.947313929    4.729179557
    9.090000000    5.764013521    5.934048311    4.809403217
    9.100000000    5.746915099    5.918515932    4.879964238
    9.110000000    5.724638653    5.897289123    4.938864431
    9.120000000    5.700204617    5.872922956    4.986804808
    9.130000000    5.682586526    5.853637385    5.025077257
    9.140000000    5.680586173    5.847400367    5.054157071
    9.150000000    5.697060942    5.856396830    5.074084007
    9.160000000    5.728133701    5.876432323    5.084848542
    9.170000000    5.765012219    5.899350791    5.085820070
    9.180000000    5.796411882    5.916204954    5.076816298
    9.190000000    5.813785697    5.921448492    5.060990909
    9.200000000    5.816802682    5.916058823    5.045248929
    9.210000000    5.812540575    5.906072159    5.037047392
    9.220000000    5.809021865    5.897721592    5.040947306
    9.230000000    5.809726556    5.893301128    5.057165444
    9.240000000    5.813311466    5.890527950    5.082093500
    9.250000000    5.817307333    5.885785613    5.110985590
    9.260000000    5.820887521    5.877911891    5.141988708
    9.270000000    5.823908298    5.868560326    5.177378545
    9.280000000    5.825363322    5.859962435    5.220396674
    9.290000000    5.824616107    5.853206555    5.272169205
    9.300000000    5.822638604    5.847347275    5.330637479
    9.310000000    5.819870136    5.838751221    5.389956687
    9.320000000    5.814134337    5.822357551    5.441785456
    9.330000000    5.802666222    5.795195927    5.479368333
    9.340000000    5.785423830    5.758630810    5.501090748
    9.350000000    5.764951214    5.716855122    5.509370596
    9.360000000    5.743613011    5.673990360    5.506200345
    9.370000000    5.721740984    5.632427724    5.491322112
    9.380000000    5.697460128    5.592250166    5.464657074
    9.390000000    5.667610328    5.551527356    5.428476510
    9.400000000    5.628952890    5.507148447    5.385409373
    9.410000000    5.578699695    5.455394549    5.334775956
    9.420000000    5.514759508    5.392667997    5.272523573
    9.430000000    5.436728345    5.317091383    5.194947200
    9.440000000    5.347271271    5.230530246    5.102722506
    9.450000000    5.252196291    5.138834552    5.002635070
    9.460000000    5.158310073    5.049047830    4.905147993
    9.470000000    5.070773469    4.966384464    4.818682532
    9.480000000    4.991919631    4.893146491    4.745044426
    9.490000000    4.921102517    4.828312742    4.679856971
    9.500000000    4.855123324    4.767700285    4.617210895
    9.510000000    4.789756794    4.706155780    4.553383342
    9.520000000    4.722171195    4.641072452    4.486580400
    9.530000000    4.653099522    4.574310827    4.415421991
    9.540000000    4.587100379    4.511048617    4.339094286
    9.550000000    4.529921654    4.456971782    4.258146489
    9.560000000    4.484704171    4.415630638    4.174391252
    9.570000000    4.450743646    4.387426377    4.090780161
    9.580000000    4.425627406    4.370675211    4.011633842
    9.590000000    4.407163217    4.362920166    3.941958814
    9.600000000    4.392639821    4.360691675    3.885254044
    9.610000000    4.377690322    4.358620066    3.841631878
    9.620000000    4.357683790    4.350616792    3.808575442
    9.630000000    4.330585170    4.333473689    3.783002022
    9.640000000    4.297957501    4.308879121    3.761630835
    9.650000000    4.263344091    4.281364089    3.740163128
    9.660000000    4.230191106    4.254990939    3.713621645
    9.670000000    4.200486862    4.231236059    3.678003936
    9.680000000    4.173932370    4.208260892    3.632301854
    9.690000000    4.148638481    4.182585882    3.579644569
    9.700000000    4.123099420    4.152465223    3.526114019
    9.710000000    4.096727989    4.119313233    3.478002283
    9.720000000    4.069185167    4.086247728    3.439686929
    9.730000000    4.040856677    4.056334732    3.413158234
    9.740000000    4.013031964    4.031587258    3.398760912
    9.750000000    3.985849305    4.011966333    3.395700126
    9.760000000    3.956871739    3.994964258    3.401734599
    9.770000000    3.922815519    3.976650045    3.413146180
    9.780000000    3.882599866    3.953717708    3.425878742
    9.790000000    3.838845584    3.925650488    3.436999408
    9.800000000    3.796387044    3.895209585    3.444837265
    9.810000000    3.759203160    3.866020129    3.447931282
    9.820000000    3.728870327    3.839984998    3.444475682
    9.830000000    3.705631146    3.817675567    3.433238668
    9.840000000    3.689914039    3.799900708    3.415276873
    9.850000000    3.681877686    3.787278221    3.394380893
    9.860000000    3.679904341    3.778692360    3.375085102
    9.870000000    3.680316501    3.770970185    3.359771423
    9.880000000    3.678973279    3.760361651    3.347705049
    9.890000000    3.673474350    3.744791567    3.336812282
    9.900000000    3.663897243    3.724873586    3.325754045
    9.910000000    3.651760103    3.702803340    3.314330711
    9.920000000    3.638521834    3.680219774    3.303115728
    9.930000000    3.624792467    3.657149488    3.293165977
    9.940000000    3.610924745    3.633153685    3.285194299
    9.950000000    3.598104002    3.608897536    3.278661526
    9.960000000    3.587896580    3.585838364    3.272169276
    9.970000000    3.580255400    3.564492627    3.264788966
    9.980000000    3.572849160    3.543873066    3.256821957
    9.990000000    3.563072416    3.523049484    3.249504786
   10.000000000    3.550371030    3.502727251    3.244369212
   10.010000000    3.536485960    3.484951729    3.243120087
   10.020000000    3.523804056    3.471664309    3.247791068
   10.030000000    3.513733720    3.463943865    3.260581382
   10.040000000    3.506751101    3.462393805    3.283453415
   10.050000000    3.503673179    3.467605312    3.317679847
   10.060000000    3.506138814    3.479727295    3.363109873
   10.070000000    3.515693712    3.497754626    3.417406151
   10.080000000    3.533006453    3.520022614    3.476250047
   10.090000000    3.557756956    3.545233324    3.534370307
   10.100000000    3.588223135    3.572239175    3.586655326
   10.110000000    3.621194385    3.599261443    3.629385539
   10.120000000    3.653647547    3.624329983    3.661011337
   10.130000000    3.684561610    3.646517917    3.681976432
   10.140000000    3.714382856    3.666108202    3.694632420
   10.150000000    3.743240034    3.683649045    3.703889560
   10.160000000    3.770369327    3.699239821    3.717029589
   10.170000000    3.794804880    3.712460049    3.741138077
   10.180000000    3.815481545    3.722507237    3.780034483
   10.190000000    3.830072225    3.728205043    3.833856628
   10.200000000    3.834813280    3.728320497    3.901376189
   10.210000000    3.827062406    3.722698114    3.982499079
   10.220000000    3.808264460    3.713533119    4.078990346
   10.230000000    3.784130992    3.705466325    4.193587855
   10.240000000    3.762100396    3.704008946    4.328446283
   10.250000000    3.748530649    3.713441547    4.483847713
   10.260000000    3.747025704    3.735226572    4.658150277
   10.270000000    3.758155077    3.767647707    4.848965611
   10.280000000    3.780613238    3.807296010    5.054679940
   10.290000000    3.813071833    3.851397815    5.275553962
   10.300000000    3.855366568    3.899276559    5.513686413
   10.310000000    3.907994797    3.952124787    5.770311739
   10.320000000    3.970360485    4.011198660    6.040942837
   10.330000000    4.039741259    4.076023708    6.312949768
   10.340000000    4.112458528    4.144748905    6.568906900
   10.350000000    4.186019166    4.216121528    6.794586553
   10.360000000    4.260008106    4.290575057    6.986006153
   10.370000000    4.335086142    4.369044943    7.148572339
   10.380000000    4.411008865    4.450697684    7.289380544
   10.390000000    4.485777754    4.532275900    7.411205651
   10.400000000    4.557273316    4.610047330    7.513684458
   10.410000000    4.625166806    4.682162014    7.598098506
   10.420000000    4.690544870    4.749062865    7.668796994
   10.430000000    4.754457640    4.812412142    7.730633593
   10.440000000    4.817234580    4.873876331    7.786752431
   10.450000000    4.878129177    4.933624742    7.838760758
   10.460000000    4.935043580    4.989398470    7.887277258
   10.470000000    4.985062895    5.037702976    7.930526669
   10.480000000    5.025503611    5.075720044    7.962364226
   10.490000000    5.054818963    5.102200415    7.972984220
   10.500000000    5.073182864    5.117588556    7.953538177
   10.510000000    5.082351403    5.123591912    7.901804729
   10.520000000    5.084774670    5.122377429    7.823525346
   10.530000000    5.082344294    5.115648281    7.727418925
   10.540000000    5.075883008    5.104230534    7.619337789
   10.550000000    5.066437612    5.088803087    7.502459603
   10.560000000    5.056479100    5.070686855    7.381593587
   10.570000000    5.048509633    5.051445816    7.264169885
   10.580000000    5.042893004    5.032013029    7.156426810
   10.590000000    5.038367162    5.012971542    7.060753444
   10.600000000    5.035000266    4.996211908    6.976914176
   10.610000000    5.036052026    4.986024432    6.902966846
   10.620000000    5.046214322    4.987629070    6.834655634
   10.630000000    5.068158559    5.004247685    6.766936031
   10.640000000    5.101550227    5.035786757    6.697199744
   10.650000000    5.145105204    5.080130949    6.625788330
   10.660000000    5.197922604    5.134688311    6.553346918
   10.670000000    5.257807395    5.195846712    6.478618694
   10.680000000    5.319433821    5.257768048    6.398697950
   10.690000000    5.375660214    5.313280038    6.310922270
   10.700000000    5.421079745    5.356822381    6.214726480
   10.710000000    5.453997675    5.386712566    6.112712226
   10.720000000    5.474451445    5.404374976    6.010484012
   10.730000000    5.481256537    5.411698816    5.914181861
   10.740000000    5.472261355    5.409810786    5.826683408
   10.750000000    5.447029180    5.400099273    5.746341500
   10.760000000    5.408706840    5.384847722    5.669916850
   10.770000000    5.363692220    5.366191967    5.596168779
   10.780000000    5.319430921    5.345405755    5.526200481
   10.790000000    5.281556574    5.323288876    5.461487683
   10.800000000    5.252285875    5.300452316    5.402714773
   10.810000000    5.230960222    5.277206158    5.350271976
   10.820000000    5.215966556    5.253983198    5.305576951
   10.830000000    5.206309930    5.231925766    5.271266954
   10.840000000    5.201747316    5.212797912    5.248932887
   10.850000000    5.201692870    5.198651069    5.236639470
   10.860000000    5.204194809    5.191387946    5.229612138
   10.870000000    5.206710929    5.192270810    5.223507630
   10.880000000    5.208074405    5.201688225    5.216577629
   10.890000000    5.209155233    5.219038803    5.208845488
   10.900000000    5.211535984    5.242414574    5.199999938
   10.910000000    5.215704443    5.268143111    5.188914290
   10.920000000    5.220657130    5.291301849    5.175156786
   10.930000000    5.225248994    5.307801430    5.160031175
   10.940000000    5.229504463    5.316449334    5.145871734
   10.950000000    5.234565791    5.319233295    5.134929026
   10.960000000    5.241961693    5.319866995    5.129244125
   10.970000000    5.253403125    5.321990471    5.131355841
   10.980000000    5.270634761    5.327914167    5.144269144
   10.990000000    5.294455171    5.338222998    5.169793540
   11.000000000    5.324019895    5.352725738    5.207240042
   11.010000000    5.357325786    5.371406738    5.254356447
   11.020000000    5.391638156    5.393659517    5.308256634
   11.030000000    5.423166248    5.417167766    5.364596720
   11.040000000    5.447168306    5.438295194    5.417968680
   11.050000000    5.459103005    5.453134731    5.464619435
   11.060000000    5.456612635    5.458272243    5.504125519
   11.070000000    5.441597793    5.452052724    5.538791114
   11.080000000    5.420002894    5.435722414    5.572051880
   11.090000000    5.398472856    5.412714864    5.606852346
   11.100000000    5.380902749    5.386758585    5.645001848
   11.110000000    5.367375660    5.360297053    5.687534755
   11.120000000    5.355287364    5.333945378    5.735298968
   11.130000000    5.341611726    5.307365948    5.789544247
   11.140000000    5.324803719    5.280429064    5.852513207
   11.150000000    5.304838213    5.253153871    5.927298599
   11.160000000    5.281967935    5.224971042    6.015806253
   11.170000000    5.256390837    5.194921427    6.116345632
   11.180000000    5.229287394    5.163094262    6.223870238
   11.190000000    5.203625227    5.132059651    6.332478489
   11.200000000    5.183344091    5.106600938    6.437687199
   11.210000000    5.171018307    5.091157745    6.537035868
   11.220000000    5.165437997    5.086500915    6.628409218
   11.230000000    5.161041016    5.088199308    6.708097302
   11.240000000    5.150381225    5.088556773    6.772075640
   11.250000000    5.128608082    5.081227135    6.818609701
   11.260000000    5.096481917    5.064929523    6.847719238
   11.270000000    5.059305682    5.043229606    6.859194798
   11.280000000    5.023170755    5.021127326    6.853082597
   11.290000000    4.991514394    5.001412752    6.831598177
   11.300000000    4.963790958    4.983238515    6.799156280
   11.310000000    4.936903839    4.963699301    6.760309065
   11.320000000    4.908186314    4.940785718    6.718165439
   11.330000000    4.877295803    4.914981252    6.674120724
   11.340000000    4.845963022    4.888652038    6.627695975
   11.350000000    4.816797414    4.864239997    6.576249247
   11.360000000    4.792079350    4.842608321    6.515618049
   11.370000000    4.772552464    4.822666034    6.442412519
   11.380000000    4.756820992    4.802383264    6.356745760
   11.390000000    4.742090134    4.780413084    6.262531988
   11.400000000    4.725648836    4.756903533    6.164823890
   11.410000000    4.706135032    4.732901482    6.067567603
   11.420000000    4.684572677    4.709663025    5.973761739
   11.430000000    4.664237098    4.688508184    5.885837590
   11.440000000    4.648066259    4.670170822    5.804463239
   11.450000000    4.635820194    4.653606995    5.726533420
   11.460000000    4.624474855    4.636098315    5.644873193
   11.470000000    4.611246332    4.615213675    5.551581686
   11.480000000    4.595127038    4.590196065    5.442197123
   11.490000000    4.575621092    4.561180446    5.316509390
   11.500000000    4.551650821    4.528211938    5.176950090
   11.510000000    4.522017492    4.491547593    5.027595815
   11.520000000    4.486140755    4.452113306    4.873992338
   11.530000000    4.444526987    4.411216916    4.722337879
   11.540000000    4.398987687    4.369976327    4.577957081
   11.550000000    4.352013311    4.329194557    4.444551755
   11.560000000    4.305327325    4.289503626    4.324524030
   11.570000000    4.258945030    4.251175720    4.219284009
   11.580000000    4.212147418    4.214178089    4.129195696
   11.590000000    4.165858572    4.179046372    4.053762595
   11.600000000    4.123096737    4.146861622    3.991683200
   11.610000000    4.085963087    4.117337889    3.939745646
   11.620000000    4.053277240    4.088061621    3.892183954
   11.630000000    4.022171233    4.056685605    3.842418633
   11.640000000    3.991309761    4.023316179    3.785759558
   11.650000000    3.961758590    3.990219028    3.720741150
   11.660000000    3.934573287    3.958922954    3.648824802
   11.670000000    3.908323384    3.927738847    3.573519630
   11.680000000    3.879946212    3.893090152    3.499032772
   11.690000000    3.847900571    3.853690287    3.428524669
   11.700000000    3.813593149    3.812458399    3.363263872
   11.710000000    3.779558062    3.774008670    3.302969829
   11.720000000    3.747096388    3.740958257    3.246290119
   11.730000000    3.716082252    3.712644019    3.191566925
   11.740000000    3.686288775    3.686612303    3.138195110
   11.750000000    3.658098090    3.660748041    3.087182893
   11.760000000    3.632335486    3.634362657    3.039880392
   11.770000000    3.609901293    3.608025608    2.996187555
   11.780000000    3.591067634    3.582579412    2.954274774
   11.790000000    3.574695538    3.558168264    2.911971123
   11.800000000    3.558354638    3.533915443    2.868080707
   11.810000000    3.539663573    3.508651693    2.822271347
   11.820000000    3.517704669    3.482218363    2.774494909
   11.830000000    3.493032755    3.455666999    2.725277425
   11.840000000    3.466564730    3.429874507    2.676050387
   11.850000000    3.438629702    3.404232009    2.628597935
   11.860000000    3.408862434    3.377201781    2.584590187
   11.870000000    3.377157124    3.348480241    2.545717395
   11.880000000    3.344320125    3.319903262    2.513240808
   11.890000000    3.311168967    3.293478202    2.486919201
   11.900000000    3.277243442    3.268941502    2.465104560
   11.910000000    3.241157422    3.243986154    2.446171505
   11.920000000    3.202746577    3.216736109    2.429564570
   11.930000000    3.164504975    3.187582097    2.415793523
   11.940000000    3.130495106    3.159146953    2.405956546
   11.950000000    3.103954066    3.134852661    2.401191085
   11.960000000    3.085770501    3.116996386    2.401893981
   11.970000000    3.074706677    3.105730308    2.406795250
   11.980000000    3.068653760    3.099451491    2.412814786
   11.990000000    3.065551075    3.095562540    2.416255974
   12.000000000    3.063181733    3.090771726    2.414203935
   12.010000000    3.058687256    3.081517579    2.404993651
   12.020000000    3.049098078    3.065085856    2.388225224
   12.030000000    3.032783498    3.040844221    2.364684134
   12.040000000    3.010496598    3.010599824    2.335959261
   12.050000000    2.984795291    2.977571020    2.303983353
   12.060000000    2.958288913    2.944706298    2.270607602
   12.070000000    2.932455846    2.913724671    2.237347587
   12.080000000    2.907531931    2.885057518    2.205500215
   12.090000000    2.882615675    2.857967628    2.176166374
   12.100000000    2.856158560    2.831140333    2.150006244
   12.110000000    2.827524103    2.804188691    2.127181441
   12.120000000    2.797941820    2.778298363    2.107494901
   12.130000000    2.769156553    2.754695697    2.090454261
   12.140000000    2.741611653    2.733003165    2.075293751
   12.150000000    2.714326753    2.711424257    2.061183618
   12.160000000    2.686034627    2.688077176    2.047812377
   12.170000000    2.656250864    2.662046987    2.035925044
   12.180000000    2.625491165    2.633510588    2.026987960
   12.190000000    2.594790578    2.603219547    2.021898160
   12.200000000    2.565197950    2.571996244    2.019714583
   12.210000000    2.537391336    2.540503227    2.017691553
   12.220000000    2.511397660    2.509205407    2.012822459
   12.230000000    2.486535367    2.478282186    2.003437952
   12.240000000    2.461688459    2.447454114    1.989494197
   12.250000000    2.435919325    2.416361659    1.971798308
   12.260000000    2.408960824    2.385331635    1.951229109
   12.270000000    2.381005611    2.355302631    1.928715696
   12.280000000    2.352065773    2.326992870    1.905524187
   12.290000000    2.321893065    2.300683166    1.883062496
   12.300000000    2.290486312    2.276575038    1.862534643
   12.310000000    2.258280656    2.254667758    1.844961671
   12.320000000    2.225913877    2.234392624    1.831205642
   12.330000000    2.193976485    2.214815297    1.821607866
   12.340000000    2.162791460    2.195094353    1.815789945
   12.350000000    2.132191976    2.174367720    1.812969990
   12.360000000    2.101642325    2.151552568    1.812110658
   12.370000000    2.071031409    2.125996249    1.811695181
   12.380000000    2.041322979    2.098212410    1.809883596
   12.390000000    2.014152973    2.069631169    1.805138258
   12.400000000    1.990863759    2.041768978    1.796516890
   12.410000000    1.971859154    2.015560883    1.783556496
   12.420000000    1.956471341    1.991079209    1.766414263
   12.430000000    1.943323157    1.967732059    1.746025938
   12.440000000    1.931106396    1.944897244    1.723695242
   12.450000000    1.919347520    1.922627750    1.700565093
   12.460000000    1.908440564    1.901692956    1.677553714
   12.470000000    1.898870514    1.882878044    1.655556330
   12.480000000    1.890815342    1.866658983    1.635583627
   12.490000000    1.884599784    1.853534236    1.618732769
   12.500000000    1.880987512    1.844210348    1.605906473
   12.510000000    1.880709145    1.839399906    1.597474994
   12.520000000    1.883633065    1.839319195    1.593114027
   12.530000000    1.888304188    1.843064476    1.591708284
   12.540000000    1.892441857    1.848596189    1.591540082
   12.550000000    1.894138235    1.853649352    1.591007272
   12.560000000    1.892533050    1.856664596    1.589121203
   12.570000000    1.887555455    1.856932518    1.585339610
   12.580000000    1.879530994    1.854215779    1.579378508
   12.590000000    1.869017055    1.848457478    1.571342778
   12.600000000    1.856745152    1.839890023    1.561790996
   12.610000000    1.843623297    1.829303376    1.551456468
   12.620000000    1.830547824    1.817877750    1.540855768
   12.630000000    1.817927777    1.806617859    1.530233821
   12.640000000    1.805566935    1.796191373    1.519865364
   12.650000000    1.793226408    1.787294562    1.510254824
   12.660000000    1.781011550    1.780637505    1.501887986
   12.670000000    1.769144822    1.776382596    1.494998401
   12.680000000    1.757690116    1.773760548    1.489797259
   12.690000000    1.746544417    1.771288049    1.486611902
   12.700000000    1.735486325    1.767371149    1.485483013
   12.710000000    1.724193124    1.760801324    1.485836522
   12.720000000    1.712484558    1.751102783    1.486784518
   12.730000000    1.700618596    1.738749497    1.487474597
   12.740000000    1.689064021    1.724781118    1.487206211
   12.750000000    1.678063276    1.709991514    1.485759612
   12.760000000    1.667861521    1.694846365    1.483734397
   12.770000000    1.659298467    1.680316341    1.482446943
   12.780000000    1.653548041    1.668090150    1.483331882
   12.790000000    1.650987554    1.659415460    1.487185997
   12.800000000    1.650662398    1.654124749    1.493708235
   12.810000000    1.651153609    1.651134320    1.501523288
   12.820000000    1.651646787    1.649304767    1.508507105
   12.830000000    1.652036649    1.647538292    1.512375862
   12.840000000    1.652494581    1.644753387    1.511567999
   12.850000000    1.653029491    1.640242678    1.505955680
   12.860000000    1.653156454    1.633894320    1.496706313
   12.870000000    1.651887757    1.626029459    1.485325532
   12.880000000    1.648189298    1.617320032    1.472876724
   12.890000000    1.641738437    1.608852749    1.459877330
   12.900000000    1.633384373    1.601917431    1.446570444
   12.910000000    1.624703691    1.597453010    1.433388072
   12.920000000    1.616829613    1.595444546    1.421144166
   12.930000000    1.609695904    1.594870938    1.410610833
   12.940000000    1.602492176    1.594460444    1.401943257
   12.950000000    1.594605660    1.593505646    1.394473153
   12.960000000    1.586080677    1.592058504    1.387129257
   12.970000000    1.577445001    1.590478128    1.379402246
   12.980000000    1.569198247    1.588704395    1.372142547
   12.990000000    1.561420087    1.585980264    1.367293443
   13.000000000    1.553814665    1.581346440    1.366605666
   13.010000000    1.546118330    1.574417666    1.370578439
   13.020000000    1.538307950    1.565540435    1.378412787
   13.030000000    1.530370481    1.555229279    1.388571234
   13.040000000    1.522263519    1.543848741    1.399289066
   13.050000000    1.514212110    1.531744281    1.408896332
   13.060000000    1.506690785    1.519207887    1.416148195
   13.070000000    1.499993306    1.506413878    1.420346780
   13.080000000    1.493940204    1.493673190    1.421067362
   13.090000000    1.488126097    1.481684260    1.417940701
   13.100000000    1.482557845    1.471504783    1.410979462
   13.110000000    1.478056549    1.464336967    1.401165893
   13.120000000    1.475939317    1.461228846    1.390373535
   13.130000000    1.477345500    1.462850826    1.380519122
   13.140000000    1.482758012    1.469344341    1.372917034
   13.150000000    1.491672402    1.480017076    1.368350934
   13.160000000    1.502714262    1.493241249    1.367294232
   13.170000000    1.514518620    1.507132597    1.369709061
   13.180000000    1.526343506    1.520403398    1.374667176
   13.190000000    1.537602607    1.532403957    1.380515359
   13.200000000    1.547182144    1.542472715    1.385547182
   13.210000000    1.553506437    1.549464461    1.388433206
   13.220000000    1.555290301    1.552100303    1.388484008
   13.230000000    1.552336792    1.549857457    1.386028439
   13.240000000    1.545669453    1.543483433    1.382228253
   13.250000000    1.536688976    1.534428903    1.378036910
   13.260000000    1.526071272    1.523549817    1.373349673
   13.270000000    1.513755604    1.510595751    1.367299890
   13.280000000    1.500075756    1.495342460    1.359394068
   13.290000000    1.486381336    1.479005006    1.350414347
   13.300000000    1.474211692    1.464029567    1.342216138
   13.310000000    1.464251744    1.452582651    1.336634406
   13.320000000    1.456373793    1.445530840    1.334655145
   13.330000000    1.450252530    1.442455509    1.336354880
   13.340000000    1.445616519    1.441984385    1.341117984
   13.350000000    1.442315053    1.442310598    1.347898229
   13.360000000    1.440472406    1.442100160    1.355511131
   13.370000000    1.440317557    1.441167463    1.362763718
   13.380000000    1.441789399    1.440389122    1.368451853
   13.390000000    1.444448295    1.440966965    1.371413686
   13.400000000    1.447521418    1.443455166    1.370767050
   13.410000000    1.449981553    1.447351383    1.366353358
   13.420000000    1.450893513    1.451527518    1.358968044
   13.430000000    1.449875440    1.454919152    1.349885717
   13.440000000    1.447360952    1.457033678    1.340025786
   13.450000000    1.444478181    1.458171462    1.329749408
   13.460000000    1.442649258    1.459289552    1.319540620
   13.470000000    1.443112178    1.461570550    1.310510724
   13.480000000    1.446458210    1.465889971    1.303851710
   13.490000000    1.452404809    1.472432753    1.299999072
   13.500000000    1.459925715    1.480595089    1.298615827
   13.510000000    1.467557271    1.489064755    1.298959507
   13.520000000    1.473959487    1.496227698    1.299885192
   13.530000000    1.478708160    1.500951163    1.300008876
   13.540000000    1.482457663    1.503105830    1.298425320
   13.550000000    1.486096954    1.503387522    1.295230211
   13.560000000    1.489868858    1.502715572    1.291377657
   13.570000000    1.493317739    1.501631090    1.288188917
   13.580000000    1.495963132    1.500202321    1.286804103
   13.590000000    1.498065721    1.498645200    1.287832311
   13.600000000    1.500639580    1.497778410    1.291277723
   13.610000000    1.504474671    1.498362954    1.296499616
   13.620000000    1.509182106    1.499981787    1.302220663
   13.630000000    1.513387929    1.501044594    1.306954434
   13.640000000    1.515892140    1.500166202    1.309706503
   13.650000000    1.516562303    1.497366261    1.310226704
   13.660000000    1.516013010    1.493725392    1.308585854
   13.670000000    1.514548097    1.490107256    1.304801331
   13.680000000    1.511736708    1.486445439    1.299168200
   13.690000000    1.506906366    1.482000295    1.292660931
   13.700000000    1.499697485    1.475984030    1.286641736
   13.710000000    1.490356395    1.468157447    1.282250146
   13.720000000    1.479801063    1.459160865    1.279902449
   13.730000000    1.469176295    1.450170966    1.278985314
   13.740000000    1.459250260    1.442213883    1.278231872
   13.750000000    1.450385450    1.435936553    1.276789058
   13.760000000    1.442834466    1.431694821    1.274934495
   13.770000000    1.436657131    1.429361637    1.273790262
   13.780000000    1.431373858    1.427968606    1.274423865
   13.790000000    1.425947542    1.425708909    1.276978732
   13.800000000    1.419254063    1.420681555    1.280219778
   13.810000000    1.410681389    1.412115425    1.281799451
   13.820000000    1.400375457    1.400961082    1.279392015
   13.830000000    1.389068721    1.389267099    1.272239073
   13.840000000    1.377831480    1.379063476    1.261850024
   13.850000000    1.367695401    1.371439655    1.250838184
   13.860000000    1.359128336    1.366117420    1.241013145
   13.870000000    1.351884289    1.361942028    1.232805907
   13.880000000    1.345330168    1.357966014    1.226212086
   13.890000000    1.338667354    1.353842807    1.221706833
   13.900000000    1.330867852    1.349183707    1.219918853
   13.910000000    1.320920308    1.343041446    1.220680383
   13.920000000    1.308487017    1.334245301    1.222730299
   13.930000000    1.294191903    1.322092815    1.224262396
   13.940000000    1.279226868    1.306819953    1.223766687
   13.950000000    1.264868469    1.289686576    1.220688074
   13.960000000    1.252128579    1.272493728    1.215530573
   13.970000000    1.241376319    1.256736160    1.209342378
   13.980000000    1.232320180    1.243119187    1.203085823
   13.990000000    1.224402673    1.231600607    1.197354314
   14.000000000    1.217035456    1.221513598    1.192369488
   14.010000000    1.209654975    1.211794647    1.188047727
   14.020000000    1.201853154    1.201563080    1.184153501
   14.030000000    1.193444224    1.190625131    1.180540995
   14.040000000    1.184485678    1.179449938    1.177275564
   14.050000000    1.175296805    1.168791414    1.174515283
   14.060000000    1.166217378    1.159199422    1.172259649
   14.070000000    1.157250518    1.150678688    1.170237111
   14.080000000    1.148153945    1.142809327    1.168021977
   14.090000000    1.139007749    1.135207753    1.165180572
   14.100000000    1.130542419    1.127831591    1.161411232
   14.110000000    1.123710044    1.120863837    1.156739219
   14.120000000    1.118998877    1.114456726    1.151550280
   14.130000000    1.116256310    1.108660383    1.146374528
   14.140000000    1.114979284    1.103527356    1.141861188
   14.150000000    1.114588434    1.099265070    1.138894786
   14.160000000    1.114506911    1.096193693    1.138076399
   14.170000000    1.114222655    1.094424281    1.138838747
   14.180000000    1.113412215    1.093662638    1.139445770
   14.190000000    1.112006135    1.093438990    1.137994767
   14.200000000    1.110086479    1.093414940    1.133373809
   14.210000000    1.107628941    1.093369853    1.125625638
   14.220000000    1.104326063    1.092998676    1.115808460
   14.230000000    1.099620645    1.091741102    1.105355048
   14.240000000    1.093000198    1.088854299    1.095381861
   14.250000000    1.084399763    1.083790349    1.086616256
   14.260000000    1.074220793    1.076514379    1.079666743
   14.270000000    1.063101472    1.067552729    1.075005979
   14.280000000    1.051896788    1.057815285    1.072701092
   14.290000000    1.041566330    1.048203873    1.072332078
   14.300000000    1.032733226    1.039288036    1.073251844
   14.310000000    1.025394409    1.031345705    1.074822757
   14.320000000    1.019091393    1.024490824    1.076420082
   14.330000000    1.013283184    1.018581240    1.077455229
   14.340000000    1.007565293    1.013068971    1.077528287
   14.350000000    1.001620014    1.007060939    1.076550810
   14.360000000    0.995086070    0.999702303    1.074725971
   14.370000000    0.987767127    0.990772198    1.072454716
   14.380000000    0.979998515    0.980958470    1.070036879
   14.390000000    0.972497469    0.971466672    1.067401667
   14.400000000    0.965830740    0.963411410    1.064616159
   14.410000000    0.960164588    0.957493142    1.062670862
   14.420000000    0.955421279    0.953932340    1.063241012
   14.430000000    0.951576097    0.952533399    1.067607673
   14.440000000    0.948754935    0.952843770    1.075935818
   14.450000000    0.947011378    0.954265574    1.087297864
   14.460000000    0.946104897    0.956069820    1.100117774
   14.470000000    0.945521425    0.957459918    1.112839834
   14.480000000    0.944669941    0.957733847    1.124478480
   14.490000000    0.943131013    0.956464288    1.134597770
   14.500000000    0.940891786    0.953670793    1.143006137
   14.510000000    0.938382770    0.949858314    1.149723666
   14.520000000    0.936198178    0.945777837    1.155215508
   14.530000000    0.934899466    0.942210153    1.160562312
   14.540000000    0.935133787    0.939966159    1.167091442
   14.550000000    0.937507375    0.939712415    1.175393186
   14.560000000    0.941923267    0.941485971    1.184600093
   14.570000000    0.947142089    0.944391061    1.192779796
   14.580000000    0.951280078    0.946902125    1.198154286
   14.590000000    0.952844252    0.947602107    1.200132958
   14.600000000    0.951395479    0.945785739    1.199474212
   14.610000000    0.947461258    0.941541631    1.197520629
   14.620000000    0.942005869    0.935485062    1.195138493
   14.630000000    0.935927474    0.928486420    1.192254926
   14.640000000    0.929778335    0.921423201    1.188144616
   14.650000000    0.923789405    0.915000317    1.181880123
   14.660000000    0.918079351    0.909680788    1.172663432
   14.670000000    0.912742247    0.905576883    1.160278233
   14.680000000    0.907807870    0.902383228    1.145551159
   14.690000000    0.903251318    0.899545586    1.130208482
   14.700000000    0.899007854    0.896548407    1.116077691
   14.710000000    0.894947219    0.893142528    1.104242866
   14.720000000    0.890948838    0.889488060    1.094673322
   14.730000000    0.886974459    0.886021364    1.086600377
   14.740000000    0.882960477    0.883025177    1.079240442
   14.750000000    0.878753973    0.880363422    1.072140589
   14.760000000    0.874267823    0.877641668    1.065060808
   14.770000000    0.869637555    0.874538878    1.057793827
   14.780000000    0.865178208    0.871005250    1.050148630
   14.790000000    0.861224527    0.867298100    1.041993008
   14.800000000    0.858018193    0.863860998    1.033312630
   14.810000000    0.855694552    0.861017684    1.024364733
   14.820000000    0.854322803    0.858718348    1.015722324
   14.830000000    0.853862990    0.856612153    1.007975221
   14.840000000    0.854111984    0.854397661    1.001505031
   14.850000000    0.854832869    0.852099926    0.996507586
   14.860000000    0.855941528    0.850027458    0.992812725
   14.870000000    0.857526293    0.848592893    0.989847711
   14.880000000    0.859694764    0.848201226    0.987209001
   14.890000000    0.862369548    0.849097114    0.985185902
   14.900000000    0.865097559    0.851080533    0.984510029
   14.910000000    0.867021596    0.853363427    0.985621767
   14.920000000    0.867249389    0.854905200    0.988223315
   14.930000000    0.865375633    0.854982553    0.991391679
   14.940000000    0.861686848    0.853505392    0.994049185
   14.950000000    0.857016015    0.850992643    0.995459674
   14.960000000    0.852386795    0.848320880    0.995459327
   14.970000000    0.848500614    0.846291566    0.994291957
   14.980000000    0.845343686    0.845211496    0.992201821
   14.990000000    0.842388760    0.844851965    0.989355993
   15.000000000    0.839257111    0.844782779    0.986279596
   15.010000000    0.836063313    0.844708628    0.983965499
   15.020000000    0.833170980    0.844572079    0.983237991
   15.030000000    0.830783779    0.844373134    0.984188602
   15.040000000    0.828788904    0.843894046    0.986247362
   15.050000000    0.827002109    0.842775639    0.988566455
   15.060000000    0.825521391    0.840934522    0.990356446
   15.070000000    0.824652022    0.838677331    0.991086848
   15.080000000    0.824522087    0.836386262    0.990482536
   15.090000000    0.824963364    0.834317232    0.988464038
   15.100000000    0.825655471    0.832616733    0.985249999
   15.110000000    0.826239346    0.831327083    0.981451679
   15.120000000    0.826451508    0.830420241    0.977860056
   15.130000000    0.826322108    0.829883691    0.974972638
   15.140000000    0.826172062    0.829701202    0.972568427
   15.150000000    0.826288846    0.829727973    0.969753045
   15.160000000    0.826674544    0.829696113    0.965634299
   15.170000000    0.827136245    0.829398973    0.960152097
   15.180000000    0.827488275    0.828790195    0.954267799
   15.190000000    0.827622959    0.827857261    0.949313829
   15.200000000    0.827425970    0.826487174    0.946037908
   15.210000000    0.826638255    0.824460620    0.944065226
   15.220000000    0.824870474    0.821510196    0.942198547
   15.230000000    0.821861042    0.817502069    0.939348917
   15.240000000    0.817717399    0.812617653    0.935403820
   15.250000000    0.812875652    0.807275734    0.931260301
   15.260000000    0.807938668    0.801980136    0.927989516
   15.270000000    0.803561159    0.797289790    0.926067147
   15.280000000    0.800228642    0.793667618    0.925241500
   15.290000000    0.797997851    0.791245971    0.924698207
   15.300000000    0.796498745    0.789824777    0.923443367
   15.310000000    0.795175004    0.788979767    0.921055096
   15.320000000    0.793567180    0.788137072    0.918123715
   15.330000000    0.791566262    0.786805288    0.915891718
   15.340000000    0.789443930    0.784827651    0.915472114
   15.350000000    0.787426782    0.782224075    0.917111385
   15.360000000    0.785211633    0.778854949    0.920057535
   15.370000000    0.782122904    0.774495921    0.923127348
   15.380000000    0.777794215    0.769218567    0.925272609
   15.390000000    0.772610153    0.763555747    0.925863673
   15.400000000    0.767444803    0.758225570    0.924768319
   15.410000000    0.762950789    0.753676646    0.922196595
   15.420000000    0.759189032    0.750003424    0.918707463
   15.430000000    0.755832965    0.747206080    0.915152158
   15.440000000    0.752410004    0.745230400    0.911859226
   15.450000000    0.748457185    0.743800698    0.907978060
   15.460000000    0.743808837    0.742488946    0.902266902
   15.470000000    0.738690331    0.740899874    0.894359252
   15.480000000    0.733360866    0.738646402    0.884833859
   15.490000000    0.727829902    0.735351965    0.874387015
   15.500000000    0.722059394    0.730923889    0.863423402
   15.510000000    0.716284421    0.725769568    0.852297652
   15.520000000    0.710928041    0.720602595    0.841484064
   15.530000000    0.706208657    0.716012188    0.831376967
   15.540000000    0.702005013    0.712217357    0.822092455
   15.550000000    0.698098781    0.709063465    0.813438296
   15.560000000    0.694347632    0.706086957    0.805015663
   15.570000000    0.690596471    0.702703872    0.796457517
   15.580000000    0.686655005    0.698581549    0.787635384
   15.590000000    0.682453000    0.693835933    0.778652557
   15.600000000    0.678049873    0.688807225    0.769749761
   15.610000000    0.673507135    0.683803018    0.761266218
   15.620000000    0.668909318    0.679050052    0.753514494
   15.630000000    0.664431725    0.674588641    0.746481244
   15.640000000    0.660263352    0.670155436    0.739704154
   15.650000000    0.656515333    0.665396188    0.732596059
   15.660000000    0.653203621    0.660185889    0.724853689
   15.670000000    0.650215935    0.654586889    0.716539022
   15.680000000    0.647353531    0.648660543    0.707841618
   15.690000000    0.644549089    0.642585492    0.698837288
   15.700000000    0.642001758    0.636856192    0.689585538
   15.710000000    0.640050827    0.632136354    0.680389119
   15.720000000    0.638991935    0.628934872    0.671727709
   15.730000000    0.638987622    0.627432928    0.663923300
   15.740000000    0.639984980    0.627408328    0.657048635
   15.750000000    0.641650888    0.628258236    0.651144890
   15.760000000    0.643515405    0.629298220    0.646331736
   15.770000000    0.645186890    0.630088300    0.642601658
   15.780000000    0.646368410    0.630458819    0.639587920
   15.790000000    0.646787811    0.630390123    0.636688105
   15.800000000    0.646208645    0.629918918    0.633454447
   15.810000000    0.644536606    0.629084348    0.629797111
   15.820000000    0.641982369    0.628018764    0.625916773
   15.830000000    0.639042902    0.627037507    0.622225279
   15.840000000    0.636108895    0.626372922    0.619167162
   15.850000000    0.633135553    0.625860673    0.616922995
   15.860000000    0.629838923    0.625109177    0.615351226
   15.870000000    0.626062956    0.623883258    0.614141191
   15.880000000    0.621864039    0.622256238    0.612958886
   15.890000000    0.617434880    0.620549610    0.611658745
   15.900000000    0.613069512    0.619162783    0.610483712
   15.910000000    0.609166692    0.618384307    0.609946617
   15.920000000    0.606185074    0.618268529    0.610403093
   15.930000000    0.604498850    0.618619591    0.611700905
   15.940000000    0.604219090    0.619105580    0.613214188
   15.950000000    0.605087141    0.619407180    0.614112918
   15.960000000    0.606554239    0.619343460    0.613585395
   15.970000000    0.608014554    0.618944186    0.611073788
   15.980000000    0.609033584    0.618413795    0.606616696
   15.990000000    0.609545911    0.618070561    0.601040959
   16.000000000    0.609953016    0.618314007    0.595603738
   16.010000000    0.610897647    0.619498367    0.591253487
   16.020000000    0.612816554    0.621715702    0.588226931
   16.030000000    0.615693869    0.624700177    0.586215570
   16.040000000    0.619170339    0.627977302    0.584697570
   16.050000000    0.622816335    0.631117637    0.583200249
   16.060000000    0.626268352    0.633802260    0.581458412
   16.070000000    0.629160032    0.635708505    0.579406226
   16.080000000    0.631130997    0.636544931    0.577110243
   16.090000000    0.632088294    0.636283179    0.574821036
   16.100000000    0.632416927    0.635238943    0.572970427
   16.110000000    0.632745776    0.633850275    0.571846627
   16.120000000    0.633479330    0.632425361    0.571222112
   16.130000000    0.634612050    0.631114836    0.570356420
   16.140000000    0.635970117    0.630085307    0.568449776
   16.150000000    0.637575610    0.629672688    0.565329760
   16.160000000    0.639626543    0.630208597    0.561776725
   16.170000000    0.642089485    0.631610903    0.559041880
   16.180000000    0.644541771    0.633273803    0.558008152
   16.190000000    0.646565587    0.634451152    0.558772512
   16.200000000    0.648228503    0.634829791    0.560863521
   16.210000000    0.650028462    0.634835605    0.563771656
   16.220000000    0.652306040    0.635308966    0.567351788
   16.230000000    0.654841969    0.636827598    0.571764908
   16.240000000    0.657112284    0.639388585    0.577001104
   16.250000000    0.658807798    0.642656905    0.582537425
   16.260000000    0.660066459    0.646401826    0.587589142
   16.270000000    0.661400175    0.650725292    0.591661705
   16.280000000    0.663472566    0.655935605    0.594781513
   16.290000000    0.666770472    0.662235572    0.597271401
   16.300000000    0.671384622    0.669601824    0.599405216
   16.310000000    0.677100490    0.677930648    0.601182703
   16.320000000    0.683592571    0.687085535    0.602343985
   16.330000000    0.690478304    0.696720084    0.602611192
   16.340000000    0.697331288    0.706220699    0.601765422
   16.350000000    0.703823607    0.714991173    0.599475085
   16.360000000    0.709943919    0.722833392    0.595347544
   16.370000000    0.715969219    0.729914390    0.589278922
   16.380000000    0.722110870    0.736336785    0.581641007
   16.390000000    0.728340704    0.741990211    0.573149068
   16.400000000    0.734581650    0.746817035    0.564668318
   16.410000000    0.740798793    0.750968334    0.557035864
   16.420000000    0.746909879    0.754731918    0.550821992
   16.430000000    0.752817312    0.758429270    0.546151451
   16.440000000    0.758480815    0.762291058    0.542740536
   16.450000000    0.763858990    0.766327127    0.540095527
   16.460000000    0.768859842    0.770344779    0.537750260
   16.470000000    0.773364876    0.774134145    0.535427527
   16.480000000    0.777250053    0.777654947    0.533070626
   16.490000000    0.780398285    0.781026181    0.530775797
   16.500000000    0.782782906    0.784329454    0.528674801
   16.510000000    0.784575244    0.787443606    0.526877019
   16.520000000    0.786013572    0.789972654    0.525472711
   16.530000000    0.787107925    0.791338418    0.524423066
   16.540000000    0.787576311    0.791124584    0.523455100
   16.550000000    0.787103939    0.789392056    0.522297611
   16.560000000    0.785617939    0.786642367    0.521040919
   16.570000000    0.783309938    0.783518819    0.520107555
   16.580000000    0.780448080    0.780476064    0.519853682
   16.590000000    0.777155698    0.777591505    0.520244879
   16.600000000    0.773454575    0.774720472    0.520886615
   16.610000000    0.769549722    0.771821432    0.521328093
   16.620000000    0.765807268    0.768929620    0.521373428
   16.630000000    0.762369268    0.765840105    0.521178696
   16.640000000    0.758993755    0.762060887    0.521076927
   16.650000000    0.755295784    0.757121748    0.521323481
   16.660000000    0.751078416    0.750920583    0.522020454
   16.670000000    0.746501889    0.743857190    0.523162647
   16.680000000    0.741978327    0.736614082    0.524606144
   16.690000000    0.737860287    0.729755062    0.526046458
   16.700000000    0.734122265    0.723458035    0.527163792
   16.710000000    0.730261365    0.717526455    0.527776082
   16.720000000    0.725579969    0.711660278    0.527771552
   16.730000000    0.719617078    0.705691903    0.526957675
   16.740000000    0.712325680    0.699550799    0.525128857
   16.750000000    0.704031019    0.693190476    0.522271543
   16.760000000    0.695304726    0.686674723    0.518575698
   16.770000000    0.686721725    0.680209711    0.514304561
   16.780000000    0.678619848    0.673954661    0.509757666
   16.790000000    0.671106279    0.667906007    0.505303343
   16.800000000    0.664289082    0.662101395    0.501367679
   16.810000000    0.658396797    0.656806966    0.498340931
   16.820000000    0.653656672    0.652402980    0.496415572
   16.830000000    0.650130081    0.649139847    0.495444659
   16.840000000    0.647589170    0.646917473    0.494953026
   16.850000000    0.645435916    0.645173863    0.494316878
   16.860000000    0.642796675    0.643051474    0.493006496
   16.870000000    0.638877498    0.639825605    0.490793643
   16.880000000    0.633388302    0.635269395    0.487830076
   16.890000000    0.626678121    0.629677675    0.484576926
   16.900000000    0.619482365    0.623606280    0.481612833
   16.910000000    0.612562038    0.617598677    0.479377286
   16.920000000    0.606493287    0.612093135    0.478040490
   16.930000000    0.601578984    0.607384743    0.477573821
   16.940000000    0.597796710    0.603503034    0.477848343
   16.950000000    0.594836444    0.600178741    0.478634999
   16.960000000    0.592278477    0.597056035    0.479590788
   16.970000000    0.589841581    0.593997409    0.480375251
   16.980000000    0.587510623    0.591198753    0.480808027
   16.990000000    0.585330870    0.588955999    0.480849255
   17.000000000    0.583068766    0.587279494    0.480454162
   17.010000000    0.580262871    0.585780421    0.479525960
   17.020000000    0.576685913    0.583986320    0.477992631
   17.030000000    0.572640746    0.581719185    0.475902499
   17.040000000    0.568780403    0.579109211    0.473505169
   17.050000000    0.565744935    0.576383790    0.471265059
   17.060000000    0.563921621    0.573769079    0.469695584
   17.070000000    0.563334640    0.571430580    0.469092566
   17.080000000    0.563648455    0.569365665    0.469421523
   17.090000000    0.564358995    0.567460499    0.470463901
   17.100000000    0.565094561    0.565694200    0.472033329
   17.110000000    0.565744173    0.564180603    0.473975207
   17.120000000    0.566258550    0.562949194    0.476018935
   17.130000000    0.566399716    0.561749699    0.477791800
   17.140000000    0.565818703    0.560202824    0.479012729
   17.150000000    0.564361444    0.558159462    0.479671421
   17.160000000    0.562227592    0.555853058    0.480048441
   17.170000000    0.559873557    0.553737269    0.480591236
   17.180000000    0.557806282    0.552225401    0.481781261
   17.190000000    0.556380056    0.551503698    0.483982168
   17.200000000    0.555680353    0.551499997    0.487216899
   17.210000000    0.555549355    0.551985208    0.491041664
   17.220000000    0.555712037    0.552659186    0.494770743
   17.230000000    0.555913616    0.553178564    0.497956520
   17.240000000    0.555952020    0.553198199    0.500589768
   17.250000000    0.555619958    0.552459701    0.502818227
   17.260000000    0.554710378    0.550878481    0.504573772
   17.270000000    0.553140793    0.548582881    0.505513479
   17.280000000    0.551080842    0.545890544    0.505318258
   17.290000000    0.548923626    0.543215952    0.503990617
   17.300000000    0.547086768    0.540953690    0.501888916
   17.310000000    0.545783672    0.539395361    0.499597989
   17.320000000    0.544945063    0.538691804    0.497719826
   17.330000000    0.544377986    0.538847769    0.496674217
   17.340000000    0.543985154    0.539743535    0.496617436
   17.350000000    0.543790503    0.541161255    0.497404739
   17.360000000    0.543801316    0.542792817    0.498632575
   17.370000000    0.543924509    0.544267902    0.499887538
   17.380000000    0.544042420    0.545252467    0.501031665
   17.390000000    0.544149578    0.545577020    0.502235395
   17.400000000    0.544366317    0.545305696    0.503743379
   17.410000000    0.544794245    0.544692725    0.505622955
   17.420000000    0.545398637    0.544075174    0.507715120
   17.430000000    0.546021949    0.543788001    0.509801229
   17.440000000    0.546440842    0.544077134    0.511790604
   17.450000000    0.546470480    0.545034015    0.513702845
   17.460000000    0.546113296    0.546624668    0.515500231
   17.470000000    0.545599717    0.548733882    0.517080803
   17.480000000    0.545242401    0.551134210    0.518475390
   17.490000000    0.545238603    0.553502238    0.519960612
   17.500000000    0.545649784    0.555621370    0.521998639
   17.510000000    0.546542174    0.557571424    0.525120260
   17.520000000    0.548060641    0.559630481    0.529722618
   17.530000000    0.550326579    0.561977879    0.535790045
   17.540000000    0.553237728    0.564481611    0.542791331
   17.550000000    0.556443892    0.566795128    0.549912380
   17.560000000    0.559628245    0.568701913    0.556468844
   17.570000000    0.562779642    0.570330270    0.562160456
   17.580000000    0.566171353    0.572071649    0.567045514
   17.590000000    0.570053741    0.574282070    0.571359263
   17.600000000    0.574304605    0.576923940    0.575311727
   17.610000000    0.578427908    0.579529249    0.579013997
   17.620000000    0.581945003    0.581616086    0.582485747
   17.630000000    0.584772995    0.583122538    0.585653259
   17.640000000    0.587264677    0.584453873    0.588452000
   17.650000000    0.589943981    0.586175128    0.591001156
   17.660000000    0.593203316    0.588645012    0.593583220
   17.670000000    0.597183688    0.591904455    0.596369672
   17.680000000    0.601759352    0.595782899    0.599217376
   17.690000000    0.606521733    0.599981708    0.601841581
   17.700000000    0.610885494    0.604133471    0.604137638
   17.710000000    0.614336027    0.607871004    0.606201000
   17.720000000    0.616662519    0.610890703    0.608140864
   17.730000000    0.618048993    0.613060729    0.610073056
   17.740000000    0.618941187    0.614515651    0.612268986
   17.750000000    0.619775038    0.615614419    0.615161941
   17.760000000    0.620763929    0.616732144    0.619109778
   17.770000000    0.621805886    0.617993337    0.624138210
   17.780000000    0.622591147    0.619239840    0.629956122
   17.790000000    0.622931052    0.620316636    0.636195979
   17.800000000    0.622976061    0.621288603    0.642554988
   17.810000000    0.623049265    0.622311309    0.648755728
   17.820000000    0.623283383    0.623345098    0.654439675
   17.830000000    0.623472534    0.624060395    0.659092586
   17.840000000    0.623273348    0.624030754    0.662209591
   17.850000000    0.622471365    0.622996598    0.663641918
   17.860000000    0.621064575    0.620991699    0.663652655
   17.870000000    0.619228297    0.618331124    0.662642225
   17.880000000    0.617261487    0.615519956    0.661019600
   17.890000000    0.615471805    0.613090039    0.659282809
   17.900000000    0.614042631    0.611446420    0.657990579
   17.910000000    0.613036579    0.610835065    0.657591000
   17.920000000    0.612526693    0.611369461    0.658294497
   17.930000000    0.612665612    0.612979992    0.659992692
   17.940000000    0.613602750    0.615354775    0.662242526
   17.950000000    0.615324275    0.618029703    0.664480720
   17.960000000    0.617553780    0.620541729    0.666304376
   17.970000000    0.619833168    0.622473611    0.667448638
   17.980000000    0.621733226    0.623467049    0.667608375
   17.990000000    0.623018546    0.623349901    0.666485297
   18.000000000    0.623653879    0.622266774    0.664030966
   18.010000000    0.623683954    0.620614224    0.660529394
   18.020000000    0.623123566    0.618832814    0.656393177
   18.030000000    0.621990879    0.617283634    0.651961549
   18.040000000    0.620489777    0.616302840    0.647513838
   18.050000000    0.619079578    0.616234946    0.643341748
   18.060000000    0.618245943    0.617293804    0.639724887
   18.070000000    0.618244311    0.619453261    0.636859281
   18.080000000    0.619091617    0.622511026    0.634792458
   18.090000000    0.620705686    0.626186545    0.633389638
   18.100000000    0.623009770    0.630176525    0.632407100
   18.110000000    0.625905094    0.634155797    0.631629085
   18.120000000    0.629157403    0.637707373    0.630899767
   18.130000000    0.632384903    0.640342620    0.630049948
   18.140000000    0.635202299    0.641730280    0.628912224
   18.150000000    0.637382491    0.641913572    0.627472551
   18.160000000    0.638894172    0.641265765    0.625924847
   18.170000000    0.639786794    0.640236544    0.624454578
   18.180000000    0.640053802    0.639102853    0.622962942
   18.190000000    0.639653863    0.637926404    0.621125003
   18.200000000    0.638665568    0.636725019    0.618828217
   18.210000000    0.637361790    0.635611828    0.616438818
   18.220000000    0.636042116    0.634702765    0.614507373
   18.230000000    0.634788397    0.633958753    0.613308220
   18.240000000    0.633472493    0.633231455    0.612659753
   18.250000000    0.631983198    0.632415550    0.612073306
   18.260000000    0.630358378    0.631484711    0.611097414
   18.270000000    0.628741455    0.630422110    0.609562064
   18.280000000    0.627315119    0.629180531    0.607564451
   18.290000000    0.626265097    0.627746846    0.605345137
   18.300000000    0.625672430    0.626207177    0.603173195
   18.310000000    0.625349407    0.624648375    0.601261159
   18.320000000    0.624807860    0.622968425    0.599728095
   18.330000000    0.623484257    0.620893513    0.598599815
   18.340000000    0.621121468    0.618301914    0.597870048
   18.350000000    0.617958332    0.615474284    0.597574477
   18.360000000    0.614517680    0.612903643    0.597784911
   18.370000000    0.611279657    0.610929756    0.598561621
   18.380000000    0.608579460    0.609647926    0.599944135
   18.390000000    0.606653502    0.609031606    0.601886540
   18.400000000    0.605621116    0.608971442    0.604073564
   18.410000000    0.605418177    0.609240374    0.605901878
   18.420000000    0.605811430    0.609556500    0.606753287
   18.430000000    0.606490637    0.609700017    0.606282213
   18.440000000    0.607183297    0.609561379    0.604559629
   18.450000000    0.607738047    0.609117901    0.602060813
   18.460000000    0.608093995    0.608366585    0.599404008
   18.470000000    0.608172733    0.607260077    0.596983646
   18.480000000    0.607842942    0.605699888    0.594895552
   18.490000000    0.606992515    0.603606885    0.593146856
   18.500000000    0.605608776    0.601027650    0.591737466
   18.510000000    0.603805062    0.598181795    0.590550214
   18.520000000    0.601765541    0.595371762    0.589344800
   18.530000000    0.599625881    0.592809078    0.587932147
   18.540000000    0.597407987    0.590528118    0.586289021
   18.550000000    0.595094822    0.588486017    0.584518890
   18.560000000    0.592750730    0.586726199    0.582792027
   18.570000000    0.590529084    0.585384113    0.581271952
   18.580000000    0.588614727    0.584576226    0.580023641
   18.590000000    0.587209460    0.584361733    0.578972713
   18.600000000    0.586471203    0.584727529    0.577911053
   18.610000000    0.586406247    0.585573881    0.576604914
   18.620000000    0.586852539    0.586763908    0.575026891
   18.630000000    0.587549931    0.588126374    0.573475833
   18.640000000    0.588268546    0.589456530    0.572381906
   18.650000000    0.588962853    0.590668705    0.572025517
   18.660000000    0.589750099    0.591866459    0.572480721
   18.670000000    0.590668800    0.593136040    0.573693944
   18.680000000    0.591537728    0.594370129    0.575549104
   18.690000000    0.592084031    0.595351513    0.577895324
   18.700000000    0.592119267    0.595922808    0.580516696
   18.710000000    0.591611480    0.596079171    0.583176642
   18.720000000    0.590731854    0.595974291    0.585775268
   18.730000000    0.589848787    0.595843852    0.588389898
   18.740000000    0.589370265    0.595885211    0.591110628
   18.750000000    0.589504804    0.596125188    0.593820399
   18.760000000    0.590137494    0.596352827    0.596152474
   18.770000000    0.590912299    0.596187977    0.597729642
   18.780000000    0.591426595    0.595246085    0.598475030
   18.790000000    0.591406736    0.593333660    0.598659770
   18.800000000    0.590751657    0.590544633    0.598637699
   18.810000000    0.589435259    0.587170964    0.598625520
   18.820000000    0.587438691    0.583540292    0.598694527
   18.830000000    0.584822490    0.579922888    0.598745782
   18.840000000    0.581811368    0.576525132    0.598459968
   18.850000000    0.578770401    0.573517852    0.597435812
   18.860000000    0.576102078    0.571059578    0.595485550
   18.870000000    0.574107427    0.569277717    0.592793301
   18.880000000    0.572857678    0.568204234    0.589776711
   18.890000000    0.572144015    0.567722999    0.586819865
   18.900000000    0.571563255    0.567594908    0.584149700
   18.910000000    0.570760291    0.567579563    0.581921840
   18.920000000    0.569690034    0.567570572    0.580330308
   18.930000000    0.568661138    0.567652966    0.579585857
   18.940000000    0.568138491    0.568081793    0.579796781
   18.950000000    0.568533580    0.569214854    0.580896401
   18.960000000    0.570088995    0.571357646    0.582711170
   18.970000000    0.572759221    0.574522903    0.585088228
   18.980000000    0.576146873    0.578316213    0.587932599
   18.990000000    0.579682836    0.582127342    0.591153457
   19.000000000    0.582934282    0.585484356    0.594671699
   19.010000000    0.585706761    0.588225522    0.598481356
   19.020000000    0.587908724    0.590352924    0.602581295
   19.030000000    0.589438387    0.591823207    0.606856068
   19.040000000    0.590188803    0.592514068    0.611100443
   19.050000000    0.590118287    0.592348666    0.615116970
   19.060000000    0.589362133    0.591450929    0.618743027
   19.070000000    0.588295493    0.590183154    0.621808723
   19.080000000    0.587433074    0.589008760    0.624114614
   19.090000000    0.587203169    0.588278296    0.625444915
   19.100000000    0.587776902    0.588113859    0.625628175
   19.110000000    0.589060174    0.588467334    0.624675243
   19.120000000    0.590791080    0.589248117    0.622814518
   19.130000000    0.592678056    0.590404745    0.620355238
   19.140000000    0.594501542    0.591903187    0.617616710
   19.150000000    0.596069953    0.593603840    0.614947611
   19.160000000    0.597113615    0.595178376    0.612657427
   19.170000000    0.597317979    0.596225467    0.610903243
   19.180000000    0.596514069    0.596509595    0.609674439
   19.190000000    0.594860955    0.596106632    0.608874239
   19.200000000    0.592859265    0.595355838    0.608413629
   19.210000000    0.591130944    0.594635482    0.608236949
   19.220000000    0.590075378    0.594114706    0.608257279
   19.230000000    0.589687419    0.593696882    0.608324153
   19.240000000    0.589687685    0.593158681    0.608334813
   19.250000000    0.589759429    0.592298350    0.608343338
   19.260000000    0.589655025    0.590992883    0.608494425
   19.270000000    0.589194969    0.589220653    0.608846383
   19.280000000    0.588233181    0.587057879    0.609260754
   19.290000000    0.586631696    0.584602458    0.609457684
   19.300000000    0.584299994    0.581908543    0.609201099
   19.310000000    0.581264384    0.579030379    0.608412598
   19.320000000    0.577703748    0.576095215    0.607109140
   19.330000000    0.573898570    0.573272196    0.605328837
   19.340000000    0.570063964    0.570646266    0.603168586
   19.350000000    0.566263611    0.568185345    0.600868790
   19.360000000    0.562552950    0.565851914    0.598797594
   19.370000000    0.559125811    0.563675579    0.597275904
   19.380000000    0.556245912    0.561697372    0.596398382
   19.390000000    0.554100263    0.559909245    0.596033951
   19.400000000    0.552806681    0.558313580    0.595953323
   19.410000000    0.552467170    0.556984779    0.595948520
   19.420000000    0.553046490    0.555981277    0.595923474
   19.430000000    0.554226983    0.555248398    0.595909764
   19.440000000    0.555515735    0.554664699    0.596014706
   19.450000000    0.556547750    0.554142157    0.596449969
   19.460000000    0.557246634    0.553637191    0.597557571
   19.470000000    0.557726057    0.553098465    0.599607905
   19.480000000    0.558125799    0.552459308    0.602494196
   19.490000000    0.558485929    0.551664697    0.605634276
   19.500000000    0.558677025    0.550671316    0.608210274
   19.510000000    0.558472262    0.549459775    0.609640495
   19.520000000    0.557693875    0.548056375    0.609925808
   19.530000000    0.556252314    0.546488217    0.609515347
   19.540000000    0.554111074    0.544743210    0.608886942
   19.550000000    0.551273649    0.542787300    0.608337658
   19.560000000    0.547767571    0.540555387    0.607994683
   19.570000000    0.543621040    0.537933708    0.607786805
   19.580000000    0.538916478    0.534854634    0.607480969
   19.590000000    0.533906253    0.531458525    0.606893839
   19.600000000    0.528980258    0.528083078    0.605981216
   19.610000000    0.524459166    0.525025411    0.604698812
   19.620000000    0.520517697    0.522387261    0.603008373
   19.630000000    0.517306860    0.520172130    0.601104874
   19.640000000    0.514986262    0.518412457    0.599448099
   19.650000000    0.513596224    0.517164415    0.598495503
   19.660000000    0.512947037    0.516404602    0.598439543
   19.670000000    0.512645015    0.515945964    0.599099946
   19.680000000    0.512260230    0.515486740    0.599944078
   19.690000000    0.511521781    0.514749172    0.600287782
   19.700000000    0.510348948    0.513560602    0.599635041
   19.710000000    0.508713609    0.511851105    0.597925019
   19.720000000    0.506562517    0.509637440    0.595540825
   19.730000000    0.503870859    0.506979382    0.593047013
   19.740000000    0.500667516    0.503891825    0.590795565
   19.750000000    0.496981394    0.500317729    0.588730669
   19.760000000    0.492870023    0.496258312    0.586584251
   19.770000000    0.488553471    0.491930581    0.584260039
   19.780000000    0.484397445    0.487710595    0.581961525
   19.790000000    0.480699646    0.483910894    0.579943833
   19.800000000    0.477529710    0.480632485    0.578278611
   19.810000000    0.474725268    0.477759694    0.576855698
   19.820000000    0.471995708    0.475057684    0.575440710
   19.830000000    0.469102523    0.472312848    0.573759612
   19.840000000    0.466004352    0.469409618    0.571706886
   19.850000000    0.462829574    0.466314750    0.569471942
   19.860000000    0.459749848    0.463065668    0.567356975
   19.870000000    0.456917410    0.459791395    0.565484054
   19.880000000    0.454470964    0.456699495    0.563739061
   19.890000000    0.452536682    0.454023496    0.561991016
   19.900000000    0.451185994    0.451954985    0.560286334
   19.910000000    0.450361243    0.450538512    0.558755707
   19.920000000    0.449858039    0.449582444    0.557397676
   19.930000000    0.449428745    0.448747321    0.556077734
   19.940000000    0.448907964    0.447781831    0.554685390
   19.950000000    0.448228653    0.446631104    0.553160769
   19.960000000    0.447348990    0.445319794    0.551381714
   19.970000000    0.446212300    0.443827453    0.549161061
   19.980000000    0.444796993    0.442114681    0.546430878
   19.990000000    0.443163418    0.440202193    0.543352562
   20.000000000    0.441416067    0.438179737    0.540213820
   20.010000000    0.439638130    0.436160899    0.537293297
   20.020000000    0.437847064    0.434228175    0.534802415
   20.030000000    0.435957911    0.432372036    0.532838269
   20.040000000    0.433779432    0.430458913    0.531342740
   20.050000000    0.431096673    0.428282686    0.530128487
