# energy grid [eV]     epsr_x  epsr_y  epsr_z
# plasmon frequences [eV]:    17.798884058   17.798879774   17.822666043
    0.050000000    6.881303413    6.881309125    7.045410034
    0.060000000    6.881605719    6.881611436    7.045718624
    0.070000000    6.881963092    6.881968815    7.046083419
    0.080000000    6.882375584    6.882381315    7.046504472
    0.090000000    6.882843255    6.882848993    7.046981838
    0.100000000    6.883366173    6.883371919    7.047515584
    0.110000000    6.883944411    6.883950167    7.048105783
    0.120000000    6.884578055    6.884583821    7.048752515
    0.130000000    6.885267197    6.885272974    7.049455870
    0.140000000    6.886011935    6.886017725    7.050215944
    0.150000000    6.886812380    6.886818183    7.051032843
    0.160000000    6.887668647    6.887674464    7.051906678
    0.170000000    6.888580861    6.888586694    7.052837572
    0.180000000    6.889549157    6.889555005    7.053825653
    0.190000000    6.890573675    6.890579542    7.054871059
    0.200000000    6.891654568    6.891660453    7.055973935
    0.210000000    6.892791994    6.892797898    7.057134435
    0.220000000    6.893986122    6.893992047    7.058352723
    0.230000000    6.895237129    6.895243075    7.059628969
    0.240000000    6.896545200    6.896551170    7.060963353
    0.250000000    6.897910533    6.897916526    7.062356063
    0.260000000    6.899333330    6.899339349    7.063807298
    0.270000000    6.900813806    6.900819851    7.065317263
    0.280000000    6.902352184    6.902358257    7.066886175
    0.290000000    6.903948698    6.903954800    7.068514257
    0.300000000    6.905603589    6.905609722    7.070201744
    0.310000000    6.907317112    6.907323277    7.071948880
    0.320000000    6.909089528    6.909095726    7.073755918
    0.330000000    6.910921111    6.910927344    7.075623121
    0.340000000    6.912812144    6.912818413    7.077550761
    0.350000000    6.914762921    6.914769227    7.079539123
    0.360000000    6.916773746    6.916780092    7.081588498
    0.370000000    6.918844937    6.918851324    7.083699192
    0.380000000    6.920976818    6.920983248    7.085871518
    0.390000000    6.923169729    6.923176204    7.088105801
    0.400000000    6.925424020    6.925430541    7.090402377
    0.410000000    6.927740052    6.927746621    7.092761595
    0.420000000    6.930118199    6.930124818    7.095183813
    0.430000000    6.932558848    6.932565519    7.097669401
    0.440000000    6.935062395    6.935069121    7.100218742
    0.450000000    6.937629255    6.937636037    7.102832230
    0.460000000    6.940259850    6.940266690    7.105510272
    0.470000000    6.942954619    6.942961521    7.108253288
    0.480000000    6.945714014    6.945720979    7.111061710
    0.490000000    6.948538501    6.948545532    7.113935985
    0.500000000    6.951428559    6.951435659    7.116876571
    0.510000000    6.954384685    6.954391857    7.119883942
    0.520000000    6.957407388    6.957414634    7.122958585
    0.530000000    6.960497194    6.960504517    7.126101001
    0.540000000    6.963654645    6.963662048    7.129311708
    0.550000000    6.966880298    6.966887784    7.132591238
    0.560000000    6.970174728    6.970182301    7.135940137
    0.570000000    6.973538526    6.973546190    7.139358970
    0.580000000    6.976972302    6.976980060    7.142848316
    0.590000000    6.980476684    6.980484540    7.146408773
    0.600000000    6.984052318    6.984060275    7.150040954
    0.610000000    6.987699869    6.987707932    7.153745492
    0.620000000    6.991420022    6.991428196    7.157523035
    0.630000000    6.995213482    6.995221771    7.161374255
    0.640000000    6.999080976    6.999089385    7.165299838
    0.650000000    7.003023252    7.003031785    7.169300492
    0.660000000    7.007041079    7.007049743    7.173376947
    0.670000000    7.011135251    7.011144050    7.177529952
    0.680000000    7.015306583    7.015315524    7.181760278
    0.690000000    7.019555918    7.019565005    7.186068718
    0.700000000    7.023884119    7.023893361    7.190456090
    0.710000000    7.028292081    7.028301483    7.194923232
    0.720000000    7.032780720    7.032790290    7.199471012
    0.730000000    7.037350985    7.037360730    7.204100317
    0.740000000    7.042003848    7.042013776    7.208812064
    0.750000000    7.046740317    7.046750436    7.213607197
    0.760000000    7.051561424    7.051571743    7.218486686
    0.770000000    7.056468239    7.056478767    7.223451530
    0.780000000    7.061461860    7.061472607    7.228502760
    0.790000000    7.066543422    7.066554398    7.233641434
    0.800000000    7.071714094    7.071725309    7.238868645
    0.810000000    7.076975082    7.076986548    7.244185517
    0.820000000    7.082327630    7.082339360    7.249593210
    0.830000000    7.087773022    7.087785027    7.255092917
    0.840000000    7.093312581    7.093324876    7.260685870
    0.850000000    7.098947675    7.098960274    7.266373338
    0.860000000    7.104679715    7.104692633    7.272156629
    0.870000000    7.110510159    7.110523411    7.278037091
    0.880000000    7.116440511    7.116454115    7.284016118
    0.890000000    7.122472326    7.122486301    7.290095146
    0.900000000    7.128607212    7.128621576    7.296275655
    0.910000000    7.134846829    7.134861603    7.302559176
    0.920000000    7.141192894    7.141208101    7.308947289
    0.930000000    7.147647186    7.147662848    7.315441624
    0.940000000    7.154211540    7.154227682    7.322043866
    0.950000000    7.160887859    7.160904508    7.328755757
    0.960000000    7.167678112    7.167695296    7.335579097
    0.970000000    7.174584339    7.174602088    7.342515746
    0.980000000    7.181608651    7.181626998    7.349567630
    0.990000000    7.188753238    7.188772217    7.356736738
    1.000000000    7.196020371    7.196040019    7.364025133
    1.010000000    7.203412402    7.203432759    7.371434946
    1.020000000    7.210931775    7.210952884    7.378968389
    1.030000000    7.218581024    7.218602931    7.386627751
    1.040000000    7.226362783    7.226385536    7.394415403
    1.050000000    7.234279787    7.234303439    7.402333807
    1.060000000    7.242334878    7.242359487    7.410385513
    1.070000000    7.250531013    7.250556639    7.418573170
    1.080000000    7.258871267    7.258897977    7.426899528
    1.090000000    7.267358841    7.267386707    7.435367440
    1.100000000    7.275997069    7.276026168    7.443979875
    1.110000000    7.284789426    7.284819841    7.452739915
    1.120000000    7.293739532    7.293771354    7.461650771
    1.130000000    7.302851167    7.302884494    7.470715778
    1.140000000    7.312128273    7.312163212    7.479938415
    1.150000000    7.321574971    7.321611636    7.489322301
    1.160000000    7.331195563    7.331234081    7.498871211
    1.170000000    7.340994553    7.341035061    7.508589081
    1.180000000    7.350976651    7.351019297    7.518480019
    1.190000000    7.361146790    7.361191739    7.528548315
    1.200000000    7.371510141    7.371557570    7.538798450
    1.210000000    7.382072127    7.382122230    7.549235111
    1.220000000    7.392838438    7.392891429    7.559863199
    1.230000000    7.403815052    7.403871167    7.570687850
    1.240000000    7.415008256    7.415067750    7.581714442
    1.250000000    7.426424662    7.426487819    7.592948615
    1.260000000    7.438071235    7.438138366    7.604396287
    1.270000000    7.449955316    7.450026766    7.616063676
    1.280000000    7.462084653    7.462160802    7.627957316
    1.290000000    7.474467428    7.474548696    7.640084081
    1.300000000    7.487112292    7.487199144    7.652451210
    1.310000000    7.500028402    7.500121356    7.665066333
    1.320000000    7.513225459    7.513325091    7.677937499
    1.330000000    7.526713758    7.526820708    7.691073211
    1.340000000    7.540504231    7.540619214    7.704482456
    1.350000000    7.554608503    7.554732318    7.718174745
    1.360000000    7.569038957    7.569172497    7.732160159
    1.370000000    7.583808792    7.583953061    7.746449389
    1.380000000    7.598932106    7.599088230    7.761053790
    1.390000000    7.614423973    7.614593222    7.775985438
    1.400000000    7.630300538    7.630484343    7.791257195
    1.410000000    7.646579119    7.646779099    7.806882773
    1.420000000    7.663278326    7.663496314    7.822876815
    1.430000000    7.680418189    7.680656265    7.839254984
    1.440000000    7.698020306    7.698280837    7.856034055
    1.450000000    7.716108009    7.716393690    7.873232026
    1.460000000    7.734706553    7.735020464    7.890868240
    1.470000000    7.753843329    7.754188993    7.908963521
    1.480000000    7.773548105    7.773929561    7.927540329
    1.490000000    7.793853305    7.794275194    7.946622934
    1.500000000    7.814794322    7.815261984    7.966237616
    1.510000000    7.836409879    7.836929469    7.986412887
    1.520000000    7.858742441    7.859321063    8.007179747
    1.530000000    7.881838684    7.882484548    8.028571975
    1.540000000    7.905750038    7.906472633    8.050626461
    1.550000000    7.930533300    7.931343590    8.073383584
    1.560000000    7.956251329    7.957161977    8.096887644
    1.570000000    7.982973845    7.983999428    8.121187359
    1.580000000    8.010778307    8.011935534    8.146336419
    1.590000000    8.039750884    8.041058756    8.172394128
    1.600000000    8.069987487    8.071467343    8.199426120
    1.610000000    8.101594811    8.103270122    8.227505146
    1.620000000    8.134691269    8.136586965    8.256711940
    1.630000000    8.169407608    8.171548534    8.287136114
    1.640000000    8.205886816    8.208294617    8.318877031
    1.650000000    8.244282601    8.246969788    8.352044514
    1.660000000    8.284755140    8.287714127    8.386759167
    1.670000000    8.327461786    8.330644958    8.423151844
    1.680000000    8.372538552    8.375822331    8.461361461
    1.690000000    8.420064965    8.423185451    8.501529695
    1.700000000    8.469999364    8.472438077    8.543789920
    1.710000000    8.522063054    8.522847729    8.588245773
    1.720000000    8.575540813    8.572911555    8.634931409
    1.730000000    8.628960924    8.619857686    8.683740845
    1.740000000    8.679653799    8.659081266    8.734309640
    1.750000000    8.723346992    8.684039846    8.785837941
    1.760000000    8.754321856    8.687908922    8.836888394
    1.770000000    8.766980609    8.668302297    8.885327069
    1.780000000    8.758955648    8.632762637    8.928773721
    1.790000000    8.733804482    8.597607833    8.965734316
    1.800000000    8.700189760    8.578138663    8.996250321
    1.810000000    8.666311223    8.580219948    9.019918398
    1.820000000    8.634328943    8.600353774    9.032335605
    1.830000000    8.603002258    8.631305022    9.025031500
    1.840000000    8.575928760    8.667470640    8.991375137
    1.850000000    8.562495672    8.705819157    8.934340207
    1.860000000    8.569160001    8.743274421    8.868062334
    1.870000000    8.592903525    8.775104919    8.811393936
    1.880000000    8.622701532    8.795367105    8.780242504
    1.890000000    8.644495443    8.797990683    8.781815586
    1.900000000    8.646630369    8.779695471    8.812634401
    1.910000000    8.624452124    8.742460702    8.862427686
    1.920000000    8.579793210    8.689539240    8.919520476
    1.930000000    8.515568814    8.620295885    8.973290409
    1.940000000    8.435472032    8.535152451    9.014442654
    1.950000000    8.350920436    8.444079126    9.034216004
    1.960000000    8.281194673    8.362094493    9.022798934
    1.970000000    8.242257302    8.297131110    8.972178899
    1.980000000    8.238807897    8.249513201    8.887315486
    1.990000000    8.267507226    8.221311924    8.793259121
    2.000000000    8.322570731    8.219045682    8.721275528
    2.010000000    8.396318417    8.246021895    8.685783984
    2.020000000    8.477669796    8.295364850    8.680046042
    2.030000000    8.553035084    8.351751937    8.691192776
    2.040000000    8.609834007    8.399072295    8.714003283
    2.050000000    8.640609579    8.428126100    8.749660485
    2.060000000    8.643866027    8.438646465    8.794450303
    2.070000000    8.619566156    8.432520945    8.834087635
    2.080000000    8.567133093    8.407202039    8.849261700
    2.090000000    8.492203442    8.360382587    8.826549788
    2.100000000    8.409780105    8.298650185    8.765732592
    2.110000000    8.334290966    8.236496944    8.675803827
    2.120000000    8.270703536    8.187927699    8.566147967
    2.130000000    8.217585626    8.160901056    8.448732846
    2.140000000    8.173196791    8.156797722    8.345664331
    2.150000000    8.136879950    8.171812492    8.282034228
    2.160000000    8.107389597    8.197862334    8.269256013
    2.170000000    8.082095601    8.224679023    8.300269914
    2.180000000    8.059396187    8.244812220    8.359554308
    2.190000000    8.042215061    8.256835104    8.434296448
    2.200000000    8.035388934    8.261138219    8.515801751
    2.210000000    8.037335337    8.254040261    8.593330329
    2.220000000    8.038569823    8.230330674    8.651205461
    2.230000000    8.029381937    8.189628835    8.674396975
    2.240000000    8.007219573    8.137569794    8.657317784
    2.250000000    7.979253795    8.084158317    8.606825325
    2.260000000    7.958854347    8.040302111    8.537798345
    2.270000000    7.956520567    8.010797509    8.466472331
    2.280000000    7.973604561    7.991514746    8.402817320
    2.290000000    8.005286365    7.975779813    8.348536357
    2.300000000    8.045549338    7.960435542    8.305945805
    2.310000000    8.087068142    7.945206023    8.283821363
    2.320000000    8.119944220    7.930622899    8.288463711
    2.330000000    8.132941161    7.916707067    8.312341712
    2.340000000    8.117287809    7.902757048    8.336091347
    2.350000000    8.071079395    7.888716847    8.340194454
    2.360000000    8.000933048    7.875512958    8.316072778
    2.370000000    7.920922720    7.864482479    8.269515274
    2.380000000    7.848690538    7.856891833    8.212660710
    2.390000000    7.797492329    7.851688533    8.152795659
    2.400000000    7.769090809    7.843413620    8.091068330
    2.410000000    7.755261998    7.826239458    8.031157800
    2.420000000    7.746673874    7.801418489    7.985260987
    2.430000000    7.739283957    7.778479323    7.969080835
    2.440000000    7.734578418    7.768728729    7.990963427
    2.450000000    7.736899722    7.777343430    8.044726212
    2.460000000    7.748775708    7.799291968    8.111267918
    2.470000000    7.767472960    7.822575065    8.167637226
    2.480000000    7.786598411    7.837270976    8.199233760
    2.490000000    7.799678875    7.841429821    8.208097258
    2.500000000    7.801796512    7.838072897    8.208903494
    2.510000000    7.790262922    7.829409505    8.215464563
    2.520000000    7.767148281    7.816634950    8.233068882
    2.530000000    7.741088064    7.803093864    8.260890515
    2.540000000    7.723266555    7.793219746    8.294809872
    2.550000000    7.719892138    7.787374651    8.326715465
    2.560000000    7.728570887    7.780206074    8.342051253
    2.570000000    7.740892920    7.765353801    8.320870395
    2.580000000    7.748780994    7.742573276    8.250181704
    2.590000000    7.750716242    7.721638953    8.141190818
    2.600000000    7.751714971    7.716160613    8.028614462
    2.610000000    7.756164088    7.730644634    7.945922663
    2.620000000    7.761634086    7.754994758    7.905097468
    2.630000000    7.760902394    7.771876339    7.901255872
    2.640000000    7.749091054    7.768307903    7.924248703
    2.650000000    7.726847247    7.741203977    7.959741848
    2.660000000    7.697626448    7.696641777    7.988604663
    2.670000000    7.666135062    7.647423916    7.992940553
    2.680000000    7.638427099    7.606122267    7.964989854
    2.690000000    7.618009139    7.575869432    7.914031023
    2.700000000    7.602717084    7.550686542    7.862548611
    2.710000000    7.588849122    7.524862376    7.830263435
    2.720000000    7.576649990    7.499861503    7.824050592
    2.730000000    7.570117038    7.483325682    7.840300127
    2.740000000    7.572303378    7.481287289    7.867587223
    2.750000000    7.581782378    7.490029934    7.887793532
    2.760000000    7.593815040    7.496680304    7.881659410
    2.770000000    7.603532050    7.487683527    7.838892395
    2.780000000    7.607695551    7.456332000    7.768120273
    2.790000000    7.603900756    7.405083448    7.697499817
    2.800000000    7.588885245    7.344902515    7.657888157
    2.810000000    7.560485898    7.292895980    7.662838749
    2.820000000    7.521241019    7.265516154    7.705943715
    2.830000000    7.476340800    7.269878562    7.769325374
    2.840000000    7.428059299    7.301614294    7.830659745
    2.850000000    7.376741854    7.351723192    7.869944929
    2.860000000    7.327578412    7.414794035    7.877288239
    2.870000000    7.291761150    7.490112401    7.856792608
    2.880000000    7.280470426    7.577258092    7.823644659
    2.890000000    7.298921218    7.672086975    7.796153114
    2.900000000    7.343359708    7.764640925    7.788229319
    2.910000000    7.402258446    7.840160255    7.805258272
    2.920000000    7.461658959    7.884397159    7.842035925
    2.930000000    7.509605131    7.890035942    7.884978471
    2.940000000    7.538048259    7.859675674    7.919952955
    2.950000000    7.544768492    7.802904679    7.938826140
    2.960000000    7.533976907    7.729810522    7.939210446
    2.970000000    7.513182889    7.646622036    7.922229298
    2.980000000    7.489497983    7.556303818    7.893912857
    2.990000000    7.469470158    7.463886156    7.866385323
    3.000000000    7.458948240    7.379982947    7.849586487
    3.010000000    7.459363053    7.315279266    7.838679712
    3.020000000    7.464505713    7.271535353    7.816685670
    3.030000000    7.463384956    7.240408700    7.772744193
    3.040000000    7.448445938    7.211130762    7.714666374
    3.050000000    7.423070511    7.180323656    7.662337122
    3.060000000    7.400525825    7.155439279    7.631689986
    3.070000000    7.393696153    7.147491873    7.626970144
    3.080000000    7.405124442    7.160214979    7.642002637
    3.090000000    7.425161939    7.186837011    7.662471222
    3.100000000    7.437381325    7.215115157    7.671864494
    3.110000000    7.427173492    7.234376512    7.662790367
    3.120000000    7.389343104    7.241431589    7.643543272
    3.130000000    7.330427384    7.242001399    7.630529532
    3.140000000    7.265476593    7.245893654    7.633770754
    3.150000000    7.212945071    7.261119799    7.650394111
    3.160000000    7.188664270    7.291169446    7.668070920
    3.170000000    7.199138793    7.334550472    7.671350420
    3.180000000    7.238370836    7.385377460    7.648462403
    3.190000000    7.290903469    7.433739453    7.598667483
    3.200000000    7.338644438    7.466718713    7.534083833
    3.210000000    7.368589092    7.473572664    7.472559630
    3.220000000    7.379239767    7.453330668    7.428735603
    3.230000000    7.380150971    7.417522104    7.408748642
    3.240000000    7.382934326    7.384569390    7.410105296
    3.250000000    7.392449099    7.369325651    7.427880328
    3.260000000    7.406862575    7.376884256    7.462097160
    3.270000000    7.424323063    7.404914604    7.518766253
    3.280000000    7.445583365    7.446660161    7.603194969
    3.290000000    7.469172954    7.490515828    7.711981228
    3.300000000    7.488014657    7.522034077    7.830136094
    3.310000000    7.492597877    7.529792791    7.933836934
    3.320000000    7.476157084    7.509380349    7.998401303
    3.330000000    7.438521193    7.463647380    8.010327733
    3.340000000    7.387447318    7.402530696    7.975968900
    3.350000000    7.334932086    7.341515245    7.916674685
    3.360000000    7.290265609    7.294093588    7.852541531
    3.370000000    7.256358616    7.263572225    7.790295554
    3.380000000    7.231363520    7.244313042    7.723924278
    3.390000000    7.212299055    7.229842663    7.642811615
    3.400000000    7.197588453    7.218788987    7.542720415
    3.410000000    7.186633806    7.215266766    7.435552300
    3.420000000    7.178628785    7.225534835    7.347097102
    3.430000000    7.174934639    7.254348567    7.300676474
    3.440000000    7.181477843    7.301472408    7.302347058
    3.450000000    7.204096973    7.358557899    7.340195669
    3.460000000    7.241089717    7.410609248    7.395164194
    3.470000000    7.283518459    7.443637416    7.454173397
    3.480000000    7.322440202    7.451534910    7.515462588
    3.490000000    7.353479088    7.435338869    7.581445728
    3.500000000    7.375248041    7.398258801    7.646851708
    3.510000000    7.385725932    7.343092717    7.695438618
    3.520000000    7.382816051    7.274477551    7.709245414
    3.530000000    7.369703383    7.202790277    7.683241745
    3.540000000    7.356428630    7.142238088    7.631284854
    3.550000000    7.353277580    7.103367744    7.576641877
    3.560000000    7.363344121    7.088668423    7.538514215
    3.570000000    7.380903305    7.093620614    7.523887878
    3.580000000    7.396065091    7.110401472    7.525016580
    3.590000000    7.402113601    7.132883684    7.526663392
    3.600000000    7.398459485    7.159440414    7.518918069
    3.610000000    7.387336703    7.190620006    7.502751696
    3.620000000    7.370935418    7.225435138    7.486704641
    3.630000000    7.352358800    7.260964305    7.480749685
    3.640000000    7.335984623    7.294152895    7.491239033
    3.650000000    7.324232580    7.323140687    7.519820913
    3.660000000    7.315035858    7.348130597    7.565422194
    3.670000000    7.304145223    7.371829876    7.624181488
    3.680000000    7.289609046    7.398313558    7.686516029
    3.690000000    7.273833844    7.430518612    7.738171385
    3.700000000    7.262356952    7.469217593    7.767401844
    3.710000000    7.260289283    7.514414265    7.772782006
    3.720000000    7.268657340    7.565123913    7.765012410
    3.730000000    7.284589278    7.616033813    7.759038818
    3.740000000    7.303972175    7.655876033    7.762085850
    3.750000000    7.322964694    7.672059291    7.768169324
    3.760000000    7.339556513    7.659543434    7.763932331
    3.770000000    7.355809741    7.625990348    7.740027155
    3.780000000    7.376155113    7.585725813    7.697257526
    3.790000000    7.400943142    7.547023731    7.643520055
    3.800000000    7.424088557    7.507649712    7.588087089
    3.810000000    7.437852206    7.461837640    7.538719502
    3.820000000    7.437509563    7.407256321    7.501240368
    3.830000000    7.423776692    7.346776073    7.481097146
    3.840000000    7.404639603    7.288368672    7.483156242
    3.850000000    7.392706788    7.242626703    7.508305733
    3.860000000    7.397246716    7.215815645    7.551880691
    3.870000000    7.418354178    7.204389054    7.603801469
    3.880000000    7.447892864    7.198479356    7.650090053
    3.890000000    7.474758815    7.191073274    7.679197833
    3.900000000    7.490107283    7.182974598    7.687698784
    3.910000000    7.490023841    7.179803664    7.677961594
    3.920000000    7.475897413    7.186450626    7.652808731
    3.930000000    7.452651633    7.204454190    7.615660401
    3.940000000    7.427031386    7.233310499    7.573524189
    3.950000000    7.408235636    7.273930768    7.536194861
    3.960000000    7.405953143    7.329263230    7.512423108
    3.970000000    7.422929081    7.399670937    7.505862642
    3.980000000    7.451439633    7.478758577    7.513950779
    3.990000000    7.477911398    7.553990149    7.532470358
    4.000000000    7.489103856    7.610777611    7.560525616
    4.010000000    7.477317290    7.638103996    7.598642549
    4.020000000    7.445140952    7.634030748    7.642848672
    4.030000000    7.406055727    7.607777403    7.682895961
    4.040000000    7.377513565    7.574272236    7.707467054
    4.050000000    7.371231436    7.544385765    7.712623060
    4.060000000    7.387542699    7.519842846    7.704264809
    4.070000000    7.416112890    7.496031473    7.691376407
    4.080000000    7.443304632    7.469625480    7.680158242
    4.090000000    7.461297818    7.444001393    7.675267157
    4.100000000    7.471671021    7.427734783    7.681303759
    4.110000000    7.482935302    7.429993551    7.701072837
    4.120000000    7.505805245    7.456623853    7.735573705
    4.130000000    7.547820934    7.507373863    7.786460134
    4.140000000    7.609110407    7.576687311    7.855066520
    4.150000000    7.682796727    7.657464779    7.937327291
    4.160000000    7.759029410    7.742259180    8.021295441
    4.170000000    7.827521635    7.820776353    8.090635438
    4.180000000    7.877411027    7.878867794    8.130476221
    4.190000000    7.897948461    7.903060212    8.132672665
    4.200000000    7.881892429    7.888498380    8.099719908
    4.210000000    7.829795080    7.843329131    8.044300534
    4.220000000    7.751776189    7.784087269    7.982086944
    4.230000000    7.665112576    7.727086439    7.921666100
    4.240000000    7.589013826    7.684896604    7.861149906
    4.250000000    7.538926701    7.666497848    7.795724083
    4.260000000    7.522485677    7.675707567    7.727442302
    4.270000000    7.537591318    7.708283820    7.666943823
    4.280000000    7.573160059    7.751094280    7.627457622
    4.290000000    7.613857565    7.786316774    7.617597540
    4.300000000    7.646653269    7.798974847    7.636529547
    4.310000000    7.665961657    7.783157861    7.674409968
    4.320000000    7.675926955    7.745043035    7.719311839
    4.330000000    7.686797461    7.699829104    7.764515127
    4.340000000    7.706617414    7.661890179    7.809345416
    4.350000000    7.736678534    7.637771567    7.853741001
    4.360000000    7.773949952    7.627678804    7.892706948
    4.370000000    7.814770829    7.628480751    7.917295087
    4.380000000    7.855344912    7.634238383    7.922277979
    4.390000000    7.890826544    7.637188144    7.912823827
    4.400000000    7.916936312    7.631492404    7.901697587
    4.410000000    7.932041898    7.616794063    7.899666889
    4.420000000    7.936228009    7.598124491    7.909626081
    4.430000000    7.931266866    7.584855054    7.928681516
    4.440000000    7.923228115    7.589588700    7.953908643
    4.450000000    7.920751236    7.622838118    7.983807515
    4.460000000    7.928054260    7.686149959    8.015392184
    4.470000000    7.942087181    7.771852207    8.045375553
    4.480000000    7.956788675    7.868850986    8.073647377
    4.490000000    7.968087440    7.967543414    8.102396518
    4.500000000    7.975204042    8.061438625    8.133170361
    4.510000000    7.979186328    8.147215095    8.164334512
    4.520000000    7.981798730    8.224423496    8.190795022
    4.530000000    7.986908246    8.295061154    8.208908805
    4.540000000    8.000881981    8.361687203    8.222027814
    4.550000000    8.028135542    8.423663610    8.239328253
    4.560000000    8.066475835    8.474908526    8.269334993
    4.570000000    8.108445491    8.506796406    8.313969153
    4.580000000    8.147064505    8.514890215    8.365487297
    4.590000000    8.179684142    8.502727417    8.409078969
    4.600000000    8.206233048    8.477334048    8.431842679
    4.610000000    8.225908668    8.442222679    8.431730098
    4.620000000    8.237831244    8.397088334    8.418345746
    4.630000000    8.244467141    8.342842048    8.404655603
    4.640000000    8.253350910    8.285355368    8.397763986
    4.650000000    8.273190352    8.234002213    8.395947118
    4.660000000    8.305849416    8.195173510    8.391950126
    4.670000000    8.342631151    8.167459607    8.379135621
    4.680000000    8.370029341    8.145043337    8.356508603
    4.690000000    8.379486830    8.125447527    8.329333126
    4.700000000    8.371856426    8.112815980    8.305641943
    4.710000000    8.354623685    8.114397334    8.291467699
    4.720000000    8.336966874    8.134715937    8.287826650
    4.730000000    8.327146977    8.173313973    8.292593283
    4.740000000    8.333039871    8.227859529    8.306273095
    4.750000000    8.360890993    8.296797153    8.333311332
    4.760000000    8.410103996    8.376992792    8.376297419
    4.770000000    8.472535072    8.461438171    8.432317191
    4.780000000    8.539701966    8.542419070    8.495704808
    4.790000000    8.608094865    8.615686075    8.561087348
    4.800000000    8.675557532    8.678934655    8.622782245
    4.810000000    8.735342978    8.727580684    8.672329618
    4.820000000    8.777547731    8.755254983    8.697887942
    4.830000000    8.796465692    8.759201018    8.689667008
    4.840000000    8.795014843    8.744282604    8.649850418
    4.850000000    8.782453422    8.720802033    8.596506033
    4.860000000    8.768548759    8.698121824    8.554692081
    4.870000000    8.759153911    8.681205137    8.542433055
    4.880000000    8.756913877    8.673760246    8.563966584
    4.890000000    8.764548048    8.682109094    8.612073497
    4.900000000    8.784952466    8.712996276    8.673598202
    4.910000000    8.820205810    8.769169843    8.735798932
    4.920000000    8.872039180    8.848067606    8.793376653
    4.930000000    8.939862411    8.942021587    8.851292708
    4.940000000    9.017683301    9.039880636    8.918972215
    4.950000000    9.096589565    9.131997102    9.002302390
    4.960000000    9.170997797    9.214551592    9.100505198
    4.970000000    9.239994666    9.288558552    9.206370563
    4.980000000    9.302049550    9.355449263    9.308087252
    4.990000000    9.350666948    9.412648668    9.393995062
    5.000000000    9.377950298    9.453662772    9.459768463
    5.010000000    9.383041685    9.475186599    9.512268419
    5.020000000    9.375333771    9.483634660    9.565137168
    5.030000000    9.367867706    9.491563346    9.626885016
    5.040000000    9.369183754    9.507812911    9.690338248
    5.050000000    9.383197661    9.533885745    9.735366494
    5.060000000    9.411532739    9.566797872    9.744008571
    5.070000000    9.450114420    9.599423887    9.713079791
    5.080000000    9.485679184    9.618502673    9.653129139
    5.090000000    9.500307146    9.608100324    9.578560489
    5.100000000    9.482247282    9.560189822    9.501865663
    5.110000000    9.432761500    9.481154586    9.435338076
    5.120000000    9.361903571    9.384408377    9.390720338
    5.130000000    9.279230201    9.279286538    9.374014940
    5.140000000    9.190353281    9.171754421    9.383036016
    5.150000000    9.101234124    9.071023953    9.410519187
    5.160000000    9.022075177    8.988408037    9.450041885
    5.170000000    8.964478914    8.931187520    9.499923815
    5.180000000    8.935902521    8.900640721    9.562654224
    5.190000000    8.937685686    8.894686348    9.641730703
    5.200000000    8.966634794    8.910206477    9.738989719
    5.210000000    9.016766889    8.942238690    9.854350179
    5.220000000    9.079211128    8.981967586    9.985313675
    5.230000000    9.143554862    9.018833916   10.124034957
    5.240000000    9.202519444    9.046610493   10.255808274
    5.250000000    9.253570598    9.064959520   10.361910634
    5.260000000    9.296364148    9.076449589   10.426188427
    5.270000000    9.332160869    9.087447047   10.445281960
    5.280000000    9.361858657    9.107977409   10.436176195
    5.290000000    9.381800945    9.143621141   10.429220936
    5.300000000    9.385665182    9.188672145   10.448950536
    5.310000000    9.369564310    9.229376078   10.500960716
    5.320000000    9.333391504    9.253524045   10.576259634
    5.330000000    9.280959967    9.258147446   10.665675180
    5.340000000    9.220237925    9.250130698   10.769403459
    5.350000000    9.161359913    9.240702241   10.895186385
    5.360000000    9.113941799    9.239161676   11.050331168
    5.370000000    9.084915696    9.250072917   11.235785371
    5.380000000    9.074915907    9.272395401   11.444993188
    5.390000000    9.075329020    9.297602633   11.665478365
    5.400000000    9.071303134    9.310535257   11.881901867
    5.410000000    9.049231815    9.296613511   12.080279663
    5.420000000    9.001736363    9.248525636   12.251512955
    5.430000000    8.927074659    9.165775634   12.392094562
    5.440000000    8.826366293    9.051842251   12.501444549
    5.450000000    8.703290544    8.914050239   12.577973434
    5.460000000    8.566268650    8.762090488   12.617461829
    5.470000000    8.427309569    8.602540757   12.613528410
    5.480000000    8.294377209    8.434781448   12.557879436
    5.490000000    8.164956384    8.253636429   12.440983819
    5.500000000    8.029140309    8.056036414   12.254932189
    5.510000000    7.879503853    7.844883914   11.998869730
    5.520000000    7.719327582    7.629560401   11.683577214
    5.530000000    7.561422926    7.424590091   11.331155301
    5.540000000    7.417023187    7.243018895   10.969866464
    5.550000000    7.287696589    7.088534154   10.626473919
    5.560000000    7.168916055    6.955651635   10.317682063
    5.570000000    7.056218001    6.836675588   10.044196657
    5.580000000    6.947021005    6.728522470    9.793519244
    5.590000000    6.843372594    6.636351585    9.553453523
    5.600000000    6.754437028    6.571711696    9.324872558
    5.610000000    6.690207562    6.543103915    9.118675000
    5.620000000    6.651332109    6.546357391    8.942221480
    5.630000000    6.628194072    6.565302632    8.792175888
    5.640000000    6.609225729    6.580200014    8.656973115
    5.650000000    6.588004203    6.575524798    8.523175569
    5.660000000    6.562659857    6.544022541    8.381198965
    5.670000000    6.529543775    6.486175341    8.227512236
    5.680000000    6.478227169    6.405833891    8.063561363
    5.690000000    6.394461015    6.307197271    7.895447959
    5.700000000    6.271698983    6.196401395    7.733359285
    5.710000000    6.119871197    6.082514344    7.584079369
    5.720000000    5.959809946    5.974145374    7.442772820
    5.730000000    5.809807731    5.876162175    7.295324862
    5.740000000    5.678651543    5.789660285    7.127192025
    5.750000000    5.567883874    5.712437605    6.930208138
    5.760000000    5.478360304    5.639822828    6.706902787
    5.770000000    5.414111238    5.568387320    6.472262197
    5.780000000    5.377792349    5.499202399    6.247661237
    5.790000000    5.365323855    5.438580195    6.050192700
    5.800000000    5.369655797    5.397142477    5.887637625
    5.810000000    5.388199586    5.384764464    5.759319266
    5.820000000    5.422733575    5.403399047    5.658067485
    5.830000000    5.471966004    5.444985679    5.573868047
    5.840000000    5.527065376    5.496029855    5.499291189
    5.850000000    5.575127234    5.542812702    5.432499422
    5.860000000    5.604651499    5.573162600    5.374642421
    5.870000000    5.608403271    5.578947416    5.323944370
    5.880000000    5.584934852    5.561180430    5.272428271
    5.890000000    5.538313291    5.530878734    5.210064803
    5.900000000    5.474657106    5.500908460    5.133363727
    5.910000000    5.398077352    5.475107882    5.046795922
    5.920000000    5.311481785    5.446395743    4.954551285
    5.930000000    5.222128335    5.406066530    4.856262306
    5.940000000    5.142175688    5.352478142    4.750273392
    5.950000000    5.081867910    5.290927125    4.636467647
    5.960000000    5.046210545    5.230781447    4.518632227
    5.970000000    5.037975837    5.184310590    4.404766548
    5.980000000    5.059898527    5.163225668    4.301232721
    5.990000000    5.112882322    5.172830202    4.207992738
    6.000000000    5.192702615    5.209741200    4.120366049
    6.010000000    5.289632064    5.265364499    4.033111026
    6.020000000    5.392077396    5.330719803    3.945011993
    6.030000000    5.490377637    5.398275770    3.861643618
    6.040000000    5.577798443    5.462241815    3.792093566
    6.050000000    5.649609820    5.519321465    3.742196358
    6.060000000    5.702052153    5.568297950    3.708879706
    6.070000000    5.733166742    5.609124972    3.681271763
    6.080000000    5.744662134    5.642556503    3.651812138
    6.090000000    5.740915056    5.668380567    3.624572295
    6.100000000    5.726207244    5.683581449    3.607685313
    6.110000000    5.703132217    5.683030609    3.598340013
    6.120000000    5.671953145    5.662203921    3.577283560
    6.130000000    5.632610890    5.621694430    3.518975381
    6.140000000    5.588265466    5.570697990    3.410804245
    6.150000000    5.545294509    5.524194751    3.265684067
    6.160000000    5.510434562    5.494756396    3.114332154
    6.170000000    5.489071487    5.486142363    2.984717678
    6.180000000    5.484468277    5.492912518    2.889727205
    6.190000000    5.495536701    5.503472858    2.828599525
    6.200000000    5.515552066    5.504028772    2.793512433
    6.210000000    5.534901119    5.483331658    2.774467729
    6.220000000    5.545138569    5.437568880    2.761881775
    6.230000000    5.541432332    5.372984596    2.750052036
    6.240000000    5.522900998    5.302655919    2.738943299
    6.250000000    5.490566002    5.238849674    2.729350876
    6.260000000    5.443586966    5.186484728    2.716831892
    6.270000000    5.378086007    5.141106050    2.694564551
    6.280000000    5.290895415    5.092199446    2.661870129
    6.290000000    5.182394996    5.029798023    2.627570619
    6.300000000    5.054201289    4.949053103    2.604021632
    6.310000000    4.907174908    4.850612639    2.597767376
    6.320000000    4.744243603    4.739235179    2.607725263
    6.330000000    4.573886890    4.622114800    2.630745513
    6.340000000    4.409130227    4.507328800    2.664130173
    6.350000000    4.261635293    4.401801625    2.703473316
    6.360000000    4.136194891    4.308882400    2.740895010
    6.370000000    4.029460712    4.226318130    2.764925673
    6.380000000    3.932313839    4.146009608    2.763034998
    6.390000000    3.835819040    4.058846297    2.727469397
    6.400000000    3.737287383    3.961735528    2.659382480
    6.410000000    3.640769771    3.858753379    2.566287030
    6.420000000    3.554273601    3.757677650    2.456910676
    6.430000000    3.487436922    3.667676364    2.339566745
    6.440000000    3.446527469    3.595936664    2.223172983
    6.450000000    3.428376636    3.543041415    2.115286689
    6.460000000    3.420195365    3.502924399    2.018229661
    6.470000000    3.404791633    3.466554686    1.929790120
    6.480000000    3.366585589    3.424319963    1.847369305
    6.490000000    3.296841338    3.367611773    1.771058851
    6.500000000    3.197357538    3.291574708    1.704022902
    6.510000000    3.079118363    3.196726431    1.649800614
    6.520000000    2.955089876    3.087322452    1.609389867
    6.530000000    2.833579109    2.968043119    1.580954329
    6.540000000    2.716943792    2.841376545    1.559194876
    6.550000000    2.604719950    2.708598963    1.535734923
    6.560000000    2.498753064    2.575010412    1.506284600
    6.570000000    2.405460978    2.452625923    1.477675084
    6.580000000    2.331873048    2.355103811    1.464991264
    6.590000000    2.281210337    2.290282559    1.482124926
    6.600000000    2.252852619    2.256509756    1.534524531
    6.610000000    2.243381562    2.243167936    1.617942969
    6.620000000    2.246438876    2.235093568    1.720580792
    6.630000000    2.253526791    2.219105435    1.824837111
    6.640000000    2.257103723    2.188255400    1.910782509
    6.650000000    2.253697374    2.142287643    1.965184561
    6.660000000    2.243905353    2.085890646    1.989020401
    6.670000000    2.229814516    2.025702608    1.992553691
    6.680000000    2.213534720    1.967715016    1.980163019
    6.690000000    2.198096418    1.917004149    1.940880729
    6.700000000    2.187174992    1.878032551    1.856345093
    6.710000000    2.182671338    1.853536149    1.719913082
    6.720000000    2.184018604    1.843825739    1.551081742
    6.730000000    2.189316435    1.847570197    1.390650826
    6.740000000    2.196101808    1.863165601    1.276296294
    6.750000000    2.202290027    1.889542630    1.220874716
    6.760000000    2.205997687    1.925520036    1.210562274
    6.770000000    2.203868255    1.968598943    1.218429711
    6.780000000    2.192132789    2.015129875    1.222353069
    6.790000000    2.171194836    2.062392324    1.214930439
    6.800000000    2.147313606    2.109588890    1.198847730
    6.810000000    2.126806816    2.154691660    1.177360074
    6.820000000    2.108612579    2.191130284    1.151877533
    6.830000000    2.085072657    2.210378094    1.123865921
    6.840000000    2.050306739    2.208267351    1.095084075
    6.850000000    2.007403391    2.189276349    1.067558444
    6.860000000    1.968245539    2.165509377    1.043844690
    6.870000000    1.946531057    2.150226120    1.026304543
    6.880000000    1.950057327    2.151012714    1.015974875
    6.890000000    1.977611573    2.168231600    1.011154942
    6.900000000    2.021115204    2.198105157    1.006520449
    6.910000000    2.070313064    2.235662227    0.995318789
    6.920000000    2.117012989    2.275980297    0.974794232
    6.930000000    2.156716702    2.315195785    0.949050583
    6.940000000    2.187748817    2.351145572    0.923952123
    6.950000000    2.210195491    2.382351641    0.900991840
    6.960000000    2.224391444    2.405524544    0.878382491
    6.970000000    2.228622113    2.414287434    0.853853608
    6.980000000    2.219137704    2.401993391    0.823685788
    6.990000000    2.193290782    2.366760159    0.783051879
    7.000000000    2.152736851    2.313547516    0.729011464
    7.010000000    2.104774456    2.252096229    0.662089148
    7.020000000    2.060907182    2.193153030    0.585538445
    7.030000000    2.031754676    2.145349928    0.503710388
    7.040000000    2.022325250    2.114687603    0.423792554
    7.050000000    2.031884629    2.105178473    0.359853295
    7.060000000    2.056071970    2.117597889    0.330745522
    7.070000000    2.089237209    2.147925419    0.349786447
    7.080000000    2.127895550    2.188647676    0.414546523
    7.090000000    2.173398950    2.232553013    0.507134639
    7.100000000    2.229043180    2.274164307    0.605374277
    7.110000000    2.293821628    2.306947098    0.693064939
    7.120000000    2.361042055    2.322680788    0.760364345
    7.130000000    2.422849635    2.317129570    0.797777261
    7.140000000    2.475222765    2.296350376    0.793929518
    7.150000000    2.519105072    2.274590580    0.741199509
    7.160000000    2.557568338    2.264237838    0.643678523
    7.170000000    2.592313002    2.269232896    0.520237389
    7.180000000    2.621876097    2.286997695    0.399054378
    7.190000000    2.641735835    2.312317582    0.304920844
    7.200000000    2.647191443    2.339961643    0.248649608
    7.210000000    2.639102337    2.368275797    0.228389906
    7.220000000    2.626300261    2.400748100    0.237937930
    7.230000000    2.619604752    2.441594177    0.271001129
    7.240000000    2.622652458    2.489096112    0.319857772
    7.250000000    2.628616399    2.533838913    0.373861224
    7.260000000    2.625967696    2.564341941    0.422063423
    7.270000000    2.607939699    2.575293822    0.457816864
    7.280000000    2.577561842    2.572018976    0.479859598
    7.290000000    2.546258313    2.568490294    0.489340587
    7.300000000    2.529200065    2.579546314    0.488449891
    7.310000000    2.539921068    2.613101661    0.482729463
    7.320000000    2.585217861    2.668776481    0.481320160
    7.330000000    2.662435171    2.742011154    0.491544701
    7.340000000    2.761209069    2.828058530    0.512672962
    7.350000000    2.867370207    2.921959800    0.534952172
    7.360000000    2.965445628    3.015714909    0.544608786
    7.370000000    3.041771403    3.099193854    0.532517963
    7.380000000    3.090579410    3.166883321    0.500900444
    7.390000000    3.117209864    3.221671528    0.460406346
    7.400000000    3.132311970    3.269478966    0.418835789
    7.410000000    3.142931606    3.311982299    0.373888805
    7.420000000    3.150910637    3.346259126    0.318314754
    7.430000000    3.157046738    3.369116505    0.250391694
    7.440000000    3.161474657    3.378399091    0.177654305
    7.450000000    3.160145394    3.370152070    0.113338330
    7.460000000    3.145083046    3.337553142    0.070667770
    7.470000000    3.108861596    3.273889426    0.055859282
    7.480000000    3.048264708    3.176892991    0.063896759
    7.490000000    2.966576259    3.053579153    0.081967547
    7.500000000    2.875052436    2.922344540    0.097298566
    7.510000000    2.790558620    2.806649139    0.104000366
    7.520000000    2.729263018    2.724050597    0.105902667
    7.530000000    2.701583948    2.680645783    0.113124852
    7.540000000    2.709926510    2.672369462    0.134520323
    7.550000000    2.746799234    2.687036443    0.171722338
    7.560000000    2.795243133    2.705700045    0.218186097
    7.570000000    2.835331504    2.708163654    0.264070929
    7.580000000    2.853514842    2.682935288    0.302925554
    7.590000000    2.846541775    2.632466776    0.334306712
    7.600000000    2.816457521    2.566687070    0.361616166
    7.610000000    2.763234801    2.492449217    0.388270314
    7.620000000    2.682273256    2.409942133    0.414922331
    7.630000000    2.566534698    2.315867305    0.437465534
    7.640000000    2.411921447    2.208793073    0.447168338
    7.650000000    2.225085680    2.093785516    0.436265479
    7.660000000    2.027057426    1.982211308    0.405517344
    7.670000000    1.845081571    1.885060655    0.364826024
    7.680000000    1.698004872    1.805459272    0.324650444
    7.690000000    1.588912620    1.737554937    0.287406399
    7.700000000    1.508694870    1.671450703    0.247936911
    7.710000000    1.443524260    1.597951384    0.200318153
    7.720000000    1.380916559    1.510713037    0.142417301
    7.730000000    1.314365101    1.408027253    0.075194620
    7.740000000    1.245549373    1.293783178   -0.000399378
    7.750000000    1.180986654    1.176898945   -0.085373832
    7.760000000    1.124483750    1.069559024   -0.182218384
    7.770000000    1.072539666    0.982761202   -0.293252507
    7.780000000    1.017270389    0.920327615   -0.418221971
    7.790000000    0.951350979    0.874719941   -0.551727730
    7.800000000    0.868927526    0.827512836   -0.683245331
    7.810000000    0.765080515    0.756790316   -0.800210095
    7.820000000    0.635527364    0.647664413   -0.892139168
    7.830000000    0.477440403    0.499429706   -0.954872271
    7.840000000    0.292660653    0.325379772   -0.993012708
    7.850000000    0.087308263    0.143089907   -1.017981741
    7.860000000   -0.133073195   -0.037866381   -1.042591838
    7.870000000   -0.363645055   -0.217991871   -1.075191557
    7.880000000   -0.594355003   -0.399218654   -1.117264427
    7.890000000   -0.806771462   -0.575812607   -1.166310774
    7.900000000   -0.978806308   -0.733238836   -1.219351451
    7.910000000   -1.095784703   -0.858429650   -1.272697623
    7.920000000   -1.159537030   -0.951744671   -1.321266606
    7.930000000   -1.186231619   -1.025902356   -1.361558986
    7.940000000   -1.195152378   -1.093858383   -1.395260764
    7.950000000   -1.198103906   -1.158292192   -1.428618963
    7.960000000   -1.196731898   -1.212040356   -1.469482249
    7.970000000   -1.187600245   -1.247345065   -1.524728275
    7.980000000   -1.168408590   -1.262330937   -1.596390751
    7.990000000   -1.140842711   -1.260109190   -1.678353665
    8.000000000   -1.110277521   -1.246026011   -1.758621792
    8.010000000   -1.083219269   -1.225951825   -1.824839915
    8.020000000   -1.064372600   -1.205326854   -1.867670901
    8.030000000   -1.055768642   -1.189597058   -1.883790564
    8.040000000   -1.057872034   -1.184251755   -1.879600279
    8.050000000   -1.069072488   -1.191117181   -1.868969285
    8.060000000   -1.082648257   -1.203502585   -1.862937647
    8.070000000   -1.087602784   -1.207718963   -1.861574298
    8.080000000   -1.075472098   -1.191711923   -1.857116980
    8.090000000   -1.045051524   -1.151739023   -1.843151102
    8.100000000   -0.999682480   -1.090116976   -1.818427510
    8.110000000   -0.942595563   -1.009514605   -1.784050756
    8.120000000   -0.877523392   -0.913452329   -1.740693455
    8.130000000   -0.811848942   -0.811386774   -1.689405764
    8.140000000   -0.755858298   -0.719337135   -1.633135420
    8.150000000   -0.717705577   -0.653431042   -1.575501802
    8.160000000   -0.698116167   -0.621205713   -1.518789759
    8.170000000   -0.689170777   -0.617055263   -1.464398543
    8.180000000   -0.678724159   -0.625630086   -1.414185551
    8.190000000   -0.657193799   -0.630202206   -1.369720639
    8.200000000   -0.621199057   -0.619826865   -1.330490102
    8.210000000   -0.572726990   -0.592890109   -1.294324565
    8.220000000   -0.517320738   -0.556400527   -1.259953000
    8.230000000   -0.463154204   -0.521636113   -1.227793696
    8.240000000   -0.419342827   -0.498391946   -1.197326747
    8.250000000   -0.392488538   -0.490436132   -1.164705504
    8.260000000   -0.383187163   -0.494760012   -1.125789509
    8.270000000   -0.384672709   -0.503744236   -1.082016105
    8.280000000   -0.385182004   -0.507662109   -1.040350153
    8.290000000   -0.373656321   -0.497236691   -1.006960244
    8.300000000   -0.344694594   -0.466412003   -0.982515541
    8.310000000   -0.299986144   -0.415018800   -0.963509259
    8.320000000   -0.246984035   -0.349537019   -0.947153631
    8.330000000   -0.194828491   -0.279415750   -0.934022052
    8.340000000   -0.148901444   -0.210874778   -0.925091767
    8.350000000   -0.109083946   -0.144252500   -0.917065679
    8.360000000   -0.073231047   -0.076922700   -0.902986234
    8.370000000   -0.040338222   -0.007064137   -0.877872729
    8.380000000   -0.008921507    0.066112485   -0.842471674
    8.390000000    0.025401846    0.143581563   -0.802215099
    8.400000000    0.067165406    0.225296237   -0.763483293
    8.410000000    0.116531099    0.308537118   -0.729730945
    8.420000000    0.169944744    0.389356846   -0.700062847
    8.430000000    0.223715669    0.464731819   -0.671782935
    8.440000000    0.275650371    0.532994917   -0.644510449
    8.450000000    0.325751437    0.594489895   -0.621154070
    8.460000000    0.376250889    0.651703105   -0.604556926
    8.470000000    0.429362672    0.706548282   -0.593346991
    8.480000000    0.484773308    0.757343550   -0.581250586
    8.490000000    0.539592846    0.799152787   -0.560426631
    8.500000000    0.590572749    0.827342187   -0.526158262
    8.510000000    0.636152739    0.841358558   -0.479346494
    8.520000000    0.676952093    0.846064088   -0.424057081
    8.530000000    0.715500123    0.849820870   -0.362918580
    8.540000000    0.755441993    0.860058866   -0.296087589
    8.550000000    0.799912541    0.879313635   -0.223897544
    8.560000000    0.849653877    0.904755937   -0.148928765
    8.570000000    0.902754037    0.931580160   -0.075207437
    8.580000000    0.956871933    0.957342700   -0.005815836
    8.590000000    1.011570498    0.982666630    0.058349120
    8.600000000    1.068359473    1.008302724    0.117407033
    8.610000000    1.128487417    1.033189400    0.170631758
    8.620000000    1.190617419    1.055822986    0.216017497
    8.630000000    1.250811920    1.076453723    0.251090308
    8.640000000    1.304908355    1.096977222    0.274163537
    8.650000000    1.350688843    1.118813788    0.286240444
    8.660000000    1.387698134    1.141348643    0.292247902
    8.670000000    1.415953458    1.162639658    0.299416702
    8.680000000    1.435608423    1.181353989    0.313834900
    8.690000000    1.446457883    1.196553116    0.338091992
    8.700000000    1.446640066    1.205028122    0.371421524
    8.710000000    1.432937924    1.200765575    0.411211259
    8.720000000    1.402805582    1.178268561    0.454107177
    8.730000000    1.355758056    1.136210598    0.497055374
    8.740000000    1.293467555    1.078179246    0.538323720
    8.750000000    1.219102617    1.010055512    0.576808744
    8.760000000    1.135985986    0.935992799    0.610035502
    8.770000000    1.046250733    0.856350866    0.633341835
    8.780000000    0.950890943    0.769962244    0.642021580
    8.790000000    0.850210751    0.677961695    0.635176785
    8.800000000    0.744143327    0.584447072    0.616845586
    8.810000000    0.632961912    0.493303365    0.592929379
    8.820000000    0.516828492    0.404577439    0.568094359
    8.830000000    0.394812850    0.314562893    0.546197327
    8.840000000    0.266527140    0.220171970    0.532000226
    8.850000000    0.134966919    0.123182417    0.530587136
    8.860000000    0.006365902    0.029857202    0.545574818
    8.870000000   -0.112650330   -0.053093153    0.578481925
    8.880000000   -0.217696611   -0.122289936    0.628522285
    8.890000000   -0.308013441   -0.179206280    0.692105042
    8.900000000   -0.386864882   -0.229543783    0.763318610
    8.910000000   -0.460536072   -0.281162639    0.835638457
    8.920000000   -0.535345518   -0.340771838    0.903004435
    8.930000000   -0.613543837   -0.409727593    0.960016687
    8.940000000   -0.691505128   -0.482075441    1.003236884
    8.950000000   -0.762517890   -0.548006370    1.033163672
    8.960000000   -0.821259735   -0.600215447    1.053881868
    8.970000000   -0.865685038   -0.637161759    1.070484777
    8.980000000   -0.896338751   -0.661637085    1.087174471
    8.990000000   -0.915592416   -0.678512016    1.106400998
    9.000000000   -0.927269895   -0.693655984    1.128192416
    9.010000000   -0.934652910   -0.711316816    1.151081267
    9.020000000   -0.937400417   -0.730420831    1.174199190
    9.030000000   -0.931708419   -0.744963455    1.197893620
    9.040000000   -0.914164529   -0.748925710    1.222510800
    9.050000000   -0.885030134   -0.740891628    1.246286547
    9.060000000   -0.848803421   -0.725108423    1.264012097
    9.070000000   -0.812407271   -0.708746879    1.268828709
    9.080000000   -0.782108467   -0.697780920    1.256266092
    9.090000000   -0.760844812   -0.694595899    1.226551687
    9.100000000   -0.746684474   -0.697476816    1.183675873
    9.110000000   -0.732883210   -0.700581196    1.132842878
    9.120000000   -0.711469453   -0.696603796    1.078029596
    9.130000000   -0.679451991   -0.682728557    1.021174224
    9.140000000   -0.641931488   -0.663734112    0.963319105
    9.150000000   -0.608889880   -0.648760740    0.905732437
    9.160000000   -0.589868716   -0.645983696    0.849732896
    9.170000000   -0.590717015   -0.659338673    0.797152444
    9.180000000   -0.610958282   -0.686982675    0.751901589
    9.190000000   -0.642514754   -0.721723384    0.719083244
    9.200000000   -0.674098585   -0.755081414    0.701251275
    9.210000000   -0.698775546   -0.782555862    0.696113153
    9.220000000   -0.717177356   -0.805503818    0.697649712
    9.230000000   -0.734328319   -0.828738124    0.698923119
    9.240000000   -0.754293504   -0.856054708    0.695063055
    9.250000000   -0.777824647   -0.887335948    0.685466852
    9.260000000   -0.804296433   -0.919916591    0.672870110
    9.270000000   -0.833922163   -0.952016643    0.659019917
    9.280000000   -0.866906468   -0.984220066    0.641876564
    9.290000000   -0.902238164   -1.018844578    0.616679364
    9.300000000   -0.939430401   -1.058988081    0.577766056
    9.310000000   -0.980069819   -1.106837561    0.520682888
    9.320000000   -1.025532354   -1.161211383    0.445210346
    9.330000000   -1.074233354   -1.217231437    0.356423433
    9.340000000   -1.122909723   -1.269481935    0.261488491
    9.350000000   -1.170031972   -1.315343611    0.164865429
    9.360000000   -1.216879151   -1.355481706    0.067462256
    9.370000000   -1.266132115   -1.392618339   -0.030034854
    9.380000000   -1.320082261   -1.430086899   -0.125139151
    9.390000000   -1.379416991   -1.470457381   -0.215679677
    9.400000000   -1.443085296   -1.514856758   -0.302561628
    9.410000000   -1.508700756   -1.562679118   -0.388371004
    9.420000000   -1.572479574   -1.611042559   -0.473118945
    9.430000000   -1.629123768   -1.654568396   -0.552066589
    9.440000000   -1.672936265   -1.686787234   -0.617308884
    9.450000000   -1.700252065   -1.703389793   -0.662146911
    9.460000000   -1.711247467   -1.704466664   -0.685835765
    9.470000000   -1.709411219   -1.693644966   -0.694762836
    9.480000000   -1.699760447   -1.676207169   -0.698518529
    9.490000000   -1.687232546   -1.657545285   -0.704022263
    9.500000000   -1.675043641   -1.640967697   -0.712882402
    9.510000000   -1.663290782   -1.625641104   -0.723572440
    9.520000000   -1.648824772   -1.607006265   -0.734324616
    9.530000000   -1.627029471   -1.579937014   -0.743374349
    9.540000000   -1.595060856   -1.542016197   -0.748167932
    9.550000000   -1.554390818   -1.494803301   -0.745764307
    9.560000000   -1.510057054   -1.442903734   -0.733584588
    9.570000000   -1.467186417   -1.391610601   -0.709613959
    9.580000000   -1.428790839   -1.345108262   -0.673061798
    9.590000000   -1.396724996   -1.306566356   -0.625699382
    9.600000000   -1.372909209   -1.278755967   -0.572267577
    9.610000000   -1.358110178   -1.263031612   -0.518533817
    9.620000000   -1.350001919   -1.257084256   -0.468723595
    9.630000000   -1.343710248   -1.254929979   -0.425228051
    9.640000000   -1.334668000   -1.250555855   -0.389725807
    9.650000000   -1.320781632   -1.241381578   -0.362966095
    9.660000000   -1.302577709   -1.228564519   -0.343446286
    9.670000000   -1.282409047   -1.215392039   -0.326777936
    9.680000000   -1.263000388   -1.204717987   -0.306465754
    9.690000000   -1.245575338   -1.196343958   -0.276328873
    9.700000000   -1.229687956   -1.187095029   -0.233244661
    9.710000000   -1.214618414   -1.173683702   -0.177998898
    9.720000000   -1.199624826   -1.154859288   -0.114066056
    9.730000000   -1.183734160   -1.131514638   -0.045742980
    9.740000000   -1.167086046   -1.106233809    0.022907385
    9.750000000   -1.151534587   -1.082538206    0.088021874
    9.760000000   -1.138360997   -1.063221966    0.146067979
    9.770000000   -1.125863296   -1.048686329    0.194822319
    9.780000000   -1.109673099   -1.036394524    0.234207316
    9.790000000   -1.085538561   -1.022050275    0.265715338
    9.800000000   -1.052182656   -1.002478241    0.290980917
    9.810000000   -1.011563452   -0.977619217    0.311313157
    9.820000000   -0.966670521   -0.949236221    0.328576437
    9.830000000   -0.919662234   -0.918680911    0.346121925
    9.840000000   -0.872331551   -0.887084524    0.368178460
    9.850000000   -0.827379100   -0.856648001    0.397542476
    9.860000000   -0.788016727   -0.830240962    0.433676715
    9.870000000   -0.756124355   -0.809580942    0.473378224
    9.880000000   -0.730838796   -0.793769631    0.513590939
    9.890000000   -0.709112144   -0.779662432    0.553423489
    9.900000000   -0.687750512   -0.763975012    0.593668893
    9.910000000   -0.664938108   -0.745248125    0.635456962
    9.920000000   -0.640341928   -0.723990424    0.679637324
    9.930000000   -0.614106001   -0.700953581    0.726351809
    9.940000000   -0.585867006   -0.675669461    0.774732992
    9.950000000   -0.555237149   -0.647125632    0.823701844
    9.960000000   -0.523252732   -0.615399415    0.873280633
    9.970000000   -0.492258906   -0.581730517    0.924818181
    9.980000000   -0.463593983   -0.546759580    0.980075447
    9.990000000   -0.435939414   -0.509408868    1.040313431
   10.000000000   -0.406348406   -0.467926342    1.106163320
   10.010000000   -0.372562129   -0.421610102    1.177885535
   10.020000000   -0.334250257   -0.371216814    1.255245244
   10.030000000   -0.292271268   -0.318082676    1.337166476
   10.040000000   -0.247161893   -0.263437062    1.421565551
   10.050000000   -0.198842746   -0.208658259    1.505307859
   10.060000000   -0.147738261   -0.155719982    1.584339017
   10.070000000   -0.095469843   -0.106607677    1.654603016
   10.080000000   -0.044395618   -0.062323344    1.713460212
   10.090000000    0.002818850   -0.023167798    1.760512091
   10.100000000    0.043545533    0.010403161    1.797830999
   10.110000000    0.076500208    0.038127073    1.829663081
   10.120000000    0.102738213    0.060901246    1.861341650
   10.130000000    0.124333498    0.080527515    1.898337409
   10.140000000    0.142290490    0.098442812    1.946046888
   10.150000000    0.156338861    0.115152030    2.009108043
   10.160000000    0.166128010    0.130637387    2.089346575
   10.170000000    0.171719829    0.144900119    2.184287250
   10.180000000    0.172971481    0.158219273    2.288674114
   10.190000000    0.169724307    0.171419217    2.397846380
   10.200000000    0.163879019    0.186472340    2.509737158
   10.210000000    0.160818730    0.206759335    2.624196569
   10.220000000    0.167617116    0.236096063    2.741007183
   10.230000000    0.189436446    0.276763055    2.858384338
   10.240000000    0.227343397    0.328030563    2.972629970
   10.250000000    0.278590731    0.386233075    3.079083242
   10.260000000    0.338279680    0.446118105    3.173717906
   10.270000000    0.401490251    0.503090973    3.254151079
   10.280000000    0.464931626    0.555107860    3.319446660
   10.290000000    0.527172487    0.602759483    3.368820733
   10.300000000    0.587375502    0.647695208    3.399305598
   10.310000000    0.643692001    0.690591817    3.403447702
   10.320000000    0.693026942    0.730131515    3.370472382
   10.330000000    0.732718120    0.764139531    3.292026397
   10.340000000    0.762326975    0.791645483    3.168557315
   10.350000000    0.783440691    0.813276009    3.011161701
   10.360000000    0.797839286    0.829577519    2.835829429
   10.370000000    0.805824065    0.839272162    2.654199696
   10.380000000    0.806234656    0.839665823    2.469776361
   10.390000000    0.798378209    0.829072032    2.282158743
   10.400000000    0.783538020    0.808549174    2.092915068
   10.410000000    0.763870565    0.781037086    1.906112082
   10.420000000    0.740474779    0.749226361    1.724613892
   10.430000000    0.713057243    0.714309544    1.548025637
   10.440000000    0.680497781    0.675622235    1.373891717
   10.450000000    0.641289582    0.630972654    1.199236247
   10.460000000    0.594352794    0.578459196    1.020266330
   10.470000000    0.539995854    0.518332659    0.831891588
   10.480000000    0.480168081    0.452953061    0.629766866
   10.490000000    0.418080507    0.385732704    0.414325372
   10.500000000    0.357339985    0.320090636    0.193281922
   10.510000000    0.300828480    0.258587613   -0.020893658
   10.520000000    0.249960030    0.202513835   -0.217622788
   10.530000000    0.204849357    0.152089898   -0.392886130
   10.540000000    0.165644314    0.107421323   -0.547013075
   10.550000000    0.133438216    0.069228282   -0.679471341
   10.560000000    0.108919698    0.038335426   -0.788289551
   10.570000000    0.090760927    0.014890544   -0.874073151
   10.580000000    0.076782152   -0.001265270   -0.941829330
   10.590000000    0.066648629   -0.009416662   -0.998142969
   10.600000000    0.062424236   -0.007830439   -1.048741935
   10.610000000    0.065873084    0.004310991   -1.098696466
   10.620000000    0.075453498    0.024633372   -1.151580024
   10.630000000    0.086638350    0.047724501   -1.207446100
   10.640000000    0.094895764    0.067615845   -1.263651680
   10.650000000    0.097209492    0.079739501   -1.318252837
   10.660000000    0.090565453    0.080499242   -1.371624237
   10.670000000    0.070739575    0.066313880   -1.424957770
   10.680000000    0.034217913    0.034709145   -1.477930341
   10.690000000   -0.018864815   -0.013439850   -1.527712238
   10.700000000   -0.084451206   -0.073397097   -1.569643027
   10.710000000   -0.157656900   -0.138934017   -1.598907733
   10.720000000   -0.235649344   -0.205431553   -1.612976561
   10.730000000   -0.316671488   -0.270582321   -1.613675502
   10.740000000   -0.397224617   -0.332751025   -1.606222428
   10.750000000   -0.471426651   -0.390003261   -1.595144290
   10.760000000   -0.533014839   -0.441087521   -1.581253898
   10.770000000   -0.578048244   -0.486039973   -1.562797872
   10.780000000   -0.606641730   -0.525370581   -1.538496504
   10.790000000   -0.622588606   -0.559429709   -1.508617333
   10.800000000   -0.631091202   -0.588505787   -1.473954818
   10.810000000   -0.636302727   -0.612679627   -1.434728647
   10.820000000   -0.640321099   -0.631480189   -1.390833264
   10.830000000   -0.643959895   -0.644286517   -1.343696447
   10.840000000   -0.648131341   -0.650952941   -1.297452000
   10.850000000   -0.654464246   -0.652113246   -1.257001165
   10.860000000   -0.664326383   -0.649346048   -1.224621710
   10.870000000   -0.677274938   -0.645016105   -1.199001505
   10.880000000   -0.691255357   -0.641939437   -1.177415000
   10.890000000   -0.704516460   -0.643159908   -1.158174126
   10.900000000   -0.717039814   -0.651727161   -1.140721590
   10.910000000   -0.730093069   -0.669875948   -1.123915593
   10.920000000   -0.744480709   -0.697470030   -1.105312908
   10.930000000   -0.759530803   -0.731280235   -1.082415940
   10.940000000   -0.773817544   -0.766335217   -1.053932525
   10.950000000   -0.786374030   -0.798345242   -1.019668119
   10.960000000   -0.797041049   -0.825352301   -0.979760938
   10.970000000   -0.806338367   -0.847867371   -0.934700015
   10.980000000   -0.815870792   -0.868059634   -0.886477309
   10.990000000   -0.828469076   -0.888364269   -0.839091616
   11.000000000   -0.847191999   -0.910490531   -0.796950365
   11.010000000   -0.874439468   -0.936082501   -0.763291783
   11.020000000   -0.912021358   -0.967583108   -0.740613298
   11.030000000   -0.960971132   -1.007398646   -0.730594066
   11.040000000   -1.020531982   -1.056500734   -0.732151131
   11.050000000   -1.087254955   -1.114026933   -0.741020897
   11.060000000   -1.154983136   -1.177208592   -0.751976749
   11.070000000   -1.216741878   -1.241510894   -0.761059306
   11.080000000   -1.268336963   -1.302210680   -0.766587317
   11.090000000   -1.310443327   -1.356471572   -0.768832128
   11.100000000   -1.347247965   -1.404013151   -0.768835371
   11.110000000   -1.383466026   -1.446371529   -0.767533622
   11.120000000   -1.421890517   -1.485355800   -0.765491393
   11.130000000   -1.462533599   -1.521837178   -0.762997902
   11.140000000   -1.503715835   -1.555994791   -0.760684817
   11.150000000   -1.543895678   -1.588149375   -0.760985393
   11.160000000   -1.582139556   -1.618566742   -0.769141403
   11.170000000   -1.617231108   -1.646419109   -0.791547346
   11.180000000   -1.647399624   -1.669439252   -0.832634152
   11.190000000   -1.671576148   -1.685258318   -0.893471341
   11.200000000   -1.691167981   -1.693882219   -0.972698959
   11.210000000   -1.710664294   -1.699300053   -1.068693940
   11.220000000   -1.736043317   -1.708397210   -1.181071304
   11.230000000   -1.771401169   -1.727326565   -1.309288504
   11.240000000   -1.815833935   -1.757580444   -1.450325292
   11.250000000   -1.863313005   -1.794939066   -1.599669610
   11.260000000   -1.906353991   -1.832563221   -1.753791947
   11.270000000   -1.940517119   -1.865605274   -1.909818066
   11.280000000   -1.966231011   -1.893643369   -2.063852754
   11.290000000   -1.987458309   -1.919714357   -2.211516750
   11.300000000   -2.008551016   -1.947150547   -2.350249701
   11.310000000   -2.031318962   -1.976752801   -2.480329937
   11.320000000   -2.054449698   -2.006552520   -2.603912596
   11.330000000   -2.075331409   -2.033861524   -2.723951117
   11.340000000   -2.092109258   -2.057408919   -2.843594765
   11.350000000   -2.104615258   -2.078134795   -2.965147413
   11.360000000   -2.114506042   -2.098364264   -3.088409027
   11.370000000   -2.124718716   -2.120107987   -3.209710688
   11.380000000   -2.138031397   -2.143757422   -3.323419108
   11.390000000   -2.155577544   -2.168091235   -3.425371690
   11.400000000   -2.176428748   -2.191568714   -3.514776195
   11.410000000   -2.198076594   -2.213395308   -3.593063852
   11.420000000   -2.217632661   -2.233541510   -3.662532710
   11.430000000   -2.234108194   -2.252786174   -3.726722539
   11.440000000   -2.249875950   -2.273062611   -3.790978457
   11.450000000   -2.268857109   -2.296759375   -3.861210553
   11.460000000   -2.293121927   -2.324849919   -3.940452201
   11.470000000   -2.321976850   -2.356113863   -4.026177954
   11.480000000   -2.354083490   -2.388601673   -4.111773046
   11.490000000   -2.388912016   -2.421035448   -4.190139229
   11.500000000   -2.425980367   -2.452451076   -4.255473884
   11.510000000   -2.463996612   -2.481626755   -4.303322672
   11.520000000   -2.500920473   -2.507452237   -4.330936404
   11.530000000   -2.534397459   -2.529478196   -4.338083846
   11.540000000   -2.562566189   -2.547867387   -4.326931528
   11.550000000   -2.585041415   -2.562998102   -4.300853840
   11.560000000   -2.602975179   -2.575399140   -4.263579090
   11.570000000   -2.617651261   -2.585735280   -4.219068725
   11.580000000   -2.628750670   -2.594298589   -4.171386044
   11.590000000   -2.634689560   -2.601067020   -4.124454152
   11.600000000   -2.635478487   -2.607058466   -4.082424560
   11.610000000   -2.634121978   -2.614534059   -4.049637786
   11.620000000   -2.634023630   -2.624701849   -4.028723650
   11.630000000   -2.635941400   -2.636135938   -4.018671597
   11.640000000   -2.638299704   -2.646257095   -4.015166661
   11.650000000   -2.640129229   -2.654213781   -4.012635480
   11.660000000   -2.642846417   -2.661986862   -4.006132301
   11.670000000   -2.648514507   -2.672006037   -3.992532906
   11.680000000   -2.656855751   -2.683540920   -3.971312879
   11.690000000   -2.664976858   -2.692501841   -3.944238486
   11.700000000   -2.670126723   -2.695285737   -3.913933223
   11.710000000   -2.671905063   -2.692045593   -3.882731668
   11.720000000   -2.671571854   -2.686144182   -3.852096171
   11.730000000   -2.670085822   -2.681173228   -3.822041949
   11.740000000   -2.667476244   -2.678698095   -3.791393121
   11.750000000   -2.663554483   -2.678184500   -3.759362130
   11.760000000   -2.658529126   -2.678233424   -3.726870285
   11.770000000   -2.653347933   -2.677917070   -3.695963433
   11.780000000   -2.649814177   -2.677392995   -3.667986264
   11.790000000   -2.649915092   -2.677554742   -3.642562955
   11.800000000   -2.654508637   -2.679058618   -3.618278823
   11.810000000   -2.662589089   -2.681424885   -3.593757535
   11.820000000   -2.672082374   -2.683353625   -3.567661374
   11.830000000   -2.681386372   -2.684198559   -3.538424473
   11.840000000   -2.690025385   -2.684725096   -3.504839780
   11.850000000   -2.698201333   -2.686046434   -3.466590376
   11.860000000   -2.705805632   -2.687815809   -3.423984441
   11.870000000   -2.711977807   -2.688117151   -3.377923969
   11.880000000   -2.716041025   -2.685719389   -3.330359348
   11.890000000   -2.718402831   -2.681818502   -3.283754668
   11.900000000   -2.719803229   -2.678771773   -3.239566673
   11.910000000   -2.719531159   -2.677334178   -3.197663863
   11.920000000   -2.715014305   -2.675730746   -3.157137455
   11.930000000   -2.703816436   -2.671147539   -3.117312703
   11.940000000   -2.685926216   -2.661809629   -3.078303766
   11.950000000   -2.664083314   -2.648307942   -3.041286656
   11.960000000   -2.642230758   -2.633441060   -3.008558785
   11.970000000   -2.623683443   -2.620746086   -2.982894735
   11.980000000   -2.610374851   -2.613130231   -2.966098134
   11.990000000   -2.603340185   -2.612458812   -2.957940580
   12.000000000   -2.603309342   -2.619414930   -2.956487025
   12.010000000   -2.610279743   -2.632991579   -2.958981967
   12.020000000   -2.622604510   -2.650262203   -2.962434804
   12.030000000   -2.636976419   -2.667169156   -2.964167256
   12.040000000   -2.649837111   -2.680165336   -2.962250763
   12.050000000   -2.659200856   -2.687667661   -2.955636997
   12.060000000   -2.665191974   -2.690193107   -2.944086826
   12.070000000   -2.669144131   -2.689393138   -2.927844064
   12.080000000   -2.672629451   -2.687150678   -2.907404176
   12.090000000   -2.676809235   -2.684913704   -2.883615594
   12.100000000   -2.681543500   -2.682857421   -2.857622818
   12.110000000   -2.685224769   -2.679924700   -2.830572767
   12.120000000   -2.686480322   -2.675552682   -2.803457948
   12.130000000   -2.685735837   -2.670919425   -2.777071175
   12.140000000   -2.684548838   -2.667962828   -2.751864152
   12.150000000   -2.683952765   -2.667673860   -2.727693961
   12.160000000   -2.683688349   -2.669493007   -2.703791401
   12.170000000   -2.682632978   -2.671926773   -2.679436103
   12.180000000   -2.679743584   -2.673527267   -2.655026232
   12.190000000   -2.674621901   -2.673430405   -2.632490852
   12.200000000   -2.667576845   -2.671341971   -2.614352934
   12.210000000   -2.659490251   -2.667329012   -2.601966348
   12.220000000   -2.651500373   -2.661663526   -2.594509833
   12.230000000   -2.644548327   -2.654777266   -2.589675426
   12.240000000   -2.638922806   -2.646955789   -2.585108374
   12.250000000   -2.634134092   -2.637849315   -2.579234215
   12.260000000   -2.629391838   -2.626757083   -2.571092840
   12.270000000   -2.624261390   -2.613527319   -2.559872710
   12.280000000   -2.618658561   -2.598695397   -2.545014144
   12.290000000   -2.612281268   -2.582882704   -2.526529606
   12.300000000   -2.604490020   -2.566698025   -2.504894309
   12.310000000   -2.594723793   -2.551008139   -2.480841086
   12.320000000   -2.582764091   -2.536681891   -2.455490149
   12.330000000   -2.568749481   -2.524102497   -2.430372941
   12.340000000   -2.553094151   -2.513248071   -2.406976000
   12.350000000   -2.536214938   -2.503982408   -2.386442619
   12.360000000   -2.517967969   -2.495683055   -2.369726725
   12.370000000   -2.497429255   -2.486867582   -2.357488291
   12.380000000   -2.473656143   -2.475837790   -2.349609017
   12.390000000   -2.446662316   -2.461657056   -2.345124944
   12.400000000   -2.417582360   -2.444459497   -2.342673995
   12.410000000   -2.388136175   -2.425134865   -2.340709971
   12.420000000   -2.359891835   -2.404718693   -2.337525299
   12.430000000   -2.333595510   -2.383749373   -2.331686250
   12.440000000   -2.308913135   -2.361946421   -2.322472212
   12.450000000   -2.284883475   -2.338547146   -2.309722497
   12.460000000   -2.260844510   -2.313130998   -2.293450347
   12.470000000   -2.236791820   -2.285912213   -2.273720935
   12.480000000   -2.212830227   -2.257259371   -2.250760332
   12.490000000   -2.188882827   -2.227472084   -2.225178958
   12.500000000   -2.165189348   -2.197071377   -2.198123194
   12.510000000   -2.142829538   -2.167123362   -2.171135221
   12.520000000   -2.123575336   -2.139356816   -2.145869952
   12.530000000   -2.109006290   -2.115730689   -2.123748169
   12.540000000   -2.099471778   -2.097440578   -2.105406479
   12.550000000   -2.093927791   -2.084308958   -2.090488848
   12.560000000   -2.090778652   -2.075189820   -2.078151321
   12.570000000   -2.088602981   -2.068750822   -2.067515039
   12.580000000   -2.086287222   -2.063850190   -2.057643006
   12.590000000   -2.082988645   -2.059434408   -2.047535374
   12.600000000   -2.078113042   -2.054356683   -2.036412497
   12.610000000   -2.071390100   -2.047589589   -2.023977077
   12.620000000   -2.063076880   -2.038697939   -2.010294095
   12.630000000   -2.053850863   -2.027867812   -1.995414017
   12.640000000   -2.044193714   -2.015432074   -1.979217656
   12.650000000   -2.034074398   -2.001770447   -1.961674993
   12.660000000   -2.023346960   -1.987724879   -1.943075466
   12.670000000   -2.012101752   -1.974666621   -1.923795641
   12.680000000   -2.000573356   -1.963949665   -1.904112240
   12.690000000   -1.988959667   -1.956242262   -1.884495603
   12.700000000   -1.977364132   -1.951272901   -1.865791201
   12.710000000   -1.965682099   -1.947990197   -1.848781001
   12.720000000   -1.953479166   -1.944852108   -1.833740624
   12.730000000   -1.940269131   -1.940379885   -1.820486395
   12.740000000   -1.925925291   -1.933815549   -1.808398835
   12.750000000   -1.910495277   -1.925039985   -1.796430346
   12.760000000   -1.893745389   -1.913787329   -1.783519004
   12.770000000   -1.875470424   -1.899540450   -1.769234847
   12.780000000   -1.856361022   -1.882558109   -1.754199618
   12.790000000   -1.838049635   -1.864431055   -1.739958887
   12.800000000   -1.821948287   -1.847104463   -1.728380804
   12.810000000   -1.808294429   -1.831747971   -1.720965670
   12.820000000   -1.796519003   -1.818792065   -1.718312587
   12.830000000   -1.786091717   -1.808293930   -1.719733717
   12.840000000   -1.776905630   -1.799831300   -1.723298010
   12.850000000   -1.769270884   -1.792471759   -1.726596744
   12.860000000   -1.763615961   -1.785148126   -1.727869991
   12.870000000   -1.759973048   -1.776940167   -1.726523615
   12.880000000   -1.757559532   -1.767092375   -1.722714509
   12.890000000   -1.754878958   -1.755200510   -1.716738302
   12.900000000   -1.750522329   -1.741564935   -1.708649414
   12.910000000   -1.744141935   -1.727311957   -1.698255852
   12.920000000   -1.736627079   -1.713983311   -1.685595847
   12.930000000   -1.729149421   -1.702655431   -1.671318927
   12.940000000   -1.722128651   -1.693383180   -1.656478438
   12.950000000   -1.715149315   -1.685513174   -1.641890475
   12.960000000   -1.707555069   -1.678427588   -1.627451614
   12.970000000   -1.699042351   -1.672108184   -1.612021796
   12.980000000   -1.689838461   -1.667050689   -1.594260096
   12.990000000   -1.680406669   -1.663568925   -1.573915028
   13.000000000   -1.670988657   -1.661203946   -1.552328550
   13.010000000   -1.661460801   -1.658894454   -1.531702335
   13.020000000   -1.651640848   -1.655736983   -1.514031667
   13.030000000   -1.641439510   -1.651327511   -1.500547662
   13.040000000   -1.630631543   -1.645449340   -1.491666832
   13.050000000   -1.618893208   -1.637919007   -1.487060248
   13.060000000   -1.606185567   -1.628642997   -1.485821333
   13.070000000   -1.592857780   -1.617438102   -1.486872840
   13.080000000   -1.579251329   -1.603895187   -1.489211602
   13.090000000   -1.565202513   -1.587592818   -1.491686268
   13.100000000   -1.550008004   -1.568414211   -1.492703414
   13.110000000   -1.533027244   -1.546757444   -1.490579667
   13.120000000   -1.514371335   -1.523575103   -1.484420266
   13.130000000   -1.495031664   -1.500249393   -1.474496129
   13.140000000   -1.476608322   -1.478493307   -1.461774751
   13.150000000   -1.460832107   -1.460142800   -1.447396348
   13.160000000   -1.448777883   -1.446490656   -1.432665221
   13.170000000   -1.440524620   -1.437716305   -1.419178058
   13.180000000   -1.435849178   -1.433238832   -1.408474621
   13.190000000   -1.434895520   -1.432542055   -1.401347515
   13.200000000   -1.437876665   -1.435475577   -1.397615559
   13.210000000   -1.444317129   -1.441748441   -1.396370661
   13.220000000   -1.452711142   -1.450246656   -1.396163752
   13.230000000   -1.460976594   -1.459047079   -1.395456518
   13.240000000   -1.467470147   -1.466307088   -1.393507341
   13.250000000   -1.471727227   -1.471288318   -1.390716822
   13.260000000   -1.474044094   -1.474321580   -1.387825618
   13.270000000   -1.474293346   -1.475500476   -1.384775695
   13.280000000   -1.471584949   -1.473687292   -1.380385152
   13.290000000   -1.465296817   -1.467298636   -1.373155461
   13.300000000   -1.455966452   -1.455966558   -1.362492643
   13.310000000   -1.444828455   -1.441046700   -1.349165351
   13.320000000   -1.432867656   -1.424745950   -1.334747553
   13.330000000   -1.420585671   -1.409155687   -1.320919959
   13.340000000   -1.408220163   -1.395690165   -1.309099343
   13.350000000   -1.395819706   -1.384615206   -1.300229641
   13.360000000   -1.383429787   -1.375007670   -1.294766612
   13.370000000   -1.371423319   -1.365479259   -1.292797460
   13.380000000   -1.360438761   -1.355132225   -1.294066385
   13.390000000   -1.351080653   -1.344159657   -1.297875901
   13.400000000   -1.343744205   -1.333665654   -1.302972240
   13.410000000   -1.338372752   -1.324779758   -1.307688155
   13.420000000   -1.334259098   -1.317910058   -1.310569133
   13.430000000   -1.330182144   -1.312609257   -1.311015556
   13.440000000   -1.324863036   -1.307862141   -1.309170136
   13.450000000   -1.317490426   -1.302583564   -1.305129558
   13.460000000   -1.308029419   -1.296143132   -1.298571759
   13.470000000   -1.297268244   -1.288682105   -1.289383749
   13.480000000   -1.286587069   -1.281092601   -1.278354191
   13.490000000   -1.277455520   -1.274670175   -1.266862162
   13.500000000   -1.270939344   -1.270668614   -1.256137063
   13.510000000   -1.267348370   -1.269851759   -1.247075720
   13.520000000   -1.265995816   -1.272032346   -1.240200266
   13.530000000   -1.265536341   -1.276053088   -1.235244055
   13.540000000   -1.264985958   -1.280441125   -1.231048068
   13.550000000   -1.264361930   -1.284162500   -1.226177912
   13.560000000   -1.264265119   -1.286947255   -1.219638905
   13.570000000   -1.265017514   -1.289055363   -1.211243673
   13.580000000   -1.266208871   -1.290632172   -1.201600967
   13.590000000   -1.267077706   -1.291420109   -1.191802049
   13.600000000   -1.267478866   -1.291406932   -1.183100746
   13.610000000   -1.268376551   -1.291563656   -1.176678085
   13.620000000   -1.271131752   -1.293366984   -1.173248853
   13.630000000   -1.276283306   -1.297393371   -1.172641625
   13.640000000   -1.283133017   -1.302676426   -1.173922592
   13.650000000   -1.290550365   -1.307685111   -1.176051815
   13.660000000   -1.298078561   -1.311757147   -1.178309562
   13.670000000   -1.306052953   -1.315386698   -1.180017847
   13.680000000   -1.314769798   -1.319394581   -1.180234113
   13.690000000   -1.323909135   -1.324099946   -1.178168026
   13.700000000   -1.332623095   -1.329050052   -1.173771472
   13.710000000   -1.339860453   -1.333201585   -1.167827795
   13.720000000   -1.344869901   -1.335536011   -1.161670422
   13.730000000   -1.347642079   -1.335737044   -1.156543391
   13.740000000   -1.348716070   -1.334220403   -1.152749553
   13.750000000   -1.348679094   -1.331733262   -1.149485071
   13.760000000   -1.348116187   -1.329246911   -1.145686998
   13.770000000   -1.347830676   -1.328009751   -1.141050283
   13.780000000   -1.348694511   -1.329230652   -1.136415153
   13.790000000   -1.351137936   -1.333352092   -1.133422992
   13.800000000   -1.354795709   -1.339394290   -1.133648697
   13.810000000   -1.358662230   -1.345178451   -1.137508579
   13.820000000   -1.361623806   -1.348573347   -1.143548257
   13.830000000   -1.362890494   -1.348670436   -1.148872600
   13.840000000   -1.362223585   -1.346068226   -1.150878006
   13.850000000   -1.360109763   -1.342432626   -1.148888761
   13.860000000   -1.357572082   -1.339542094   -1.143944397
   13.870000000   -1.355603524   -1.338290765   -1.137263777
   13.880000000   -1.354827556   -1.338621044   -1.129336154
   13.890000000   -1.355568101   -1.340391848   -1.120447405
   13.900000000   -1.357774770   -1.343854010   -1.111571969
   13.910000000   -1.360682515   -1.349139412   -1.104268641
   13.920000000   -1.362903636   -1.355627379   -1.099771143
   13.930000000   -1.363134046   -1.361919636   -1.098266290
   13.940000000   -1.360721538   -1.366299803   -1.098806067
   13.950000000   -1.355735457   -1.367427959   -1.099806508
   13.960000000   -1.348899593   -1.364989115   -1.099864480
   13.970000000   -1.341314927   -1.359734627   -1.098326186
   13.980000000   -1.333909648   -1.352921939   -1.095255550
   13.990000000   -1.327190031   -1.345805829   -1.091086551
   14.000000000   -1.321352518   -1.339341598   -1.086343284
   14.010000000   -1.316322413   -1.333827848   -1.081455697
   14.020000000   -1.311786917   -1.328763922   -1.076609927
   14.030000000   -1.307322160   -1.323269477   -1.071762708
   14.040000000   -1.302482126   -1.316681819   -1.066852986
   14.050000000   -1.296976409   -1.308899108   -1.062013407
   14.060000000   -1.290863957   -1.300383982   -1.057567634
   14.070000000   -1.284350726   -1.291782800   -1.053805186
   14.080000000   -1.277307299   -1.283426541   -1.050799222
   14.090000000   -1.269183214   -1.275186131   -1.048369101
   14.100000000   -1.259579332   -1.266771585   -1.046072987
   14.110000000   -1.248819845   -1.258060491   -1.043314500
   14.120000000   -1.237815056   -1.249111121   -1.039626971
   14.130000000   -1.227487999   -1.239999879   -1.034801805
   14.140000000   -1.218435828   -1.230721844   -1.028797431
   14.150000000   -1.210949743   -1.221272315   -1.022003561
   14.160000000   -1.205096488   -1.211889997   -1.015661072
   14.170000000   -1.200719711   -1.203114687   -1.011403318
   14.180000000   -1.197495988   -1.195465976   -1.010077799
   14.190000000   -1.195103838   -1.189146385   -1.011131199
   14.200000000   -1.193421826   -1.184148104   -1.012977650
   14.210000000   -1.192559869   -1.180506343   -1.013755068
   14.220000000   -1.192654552   -1.178359678   -1.012080952
   14.230000000   -1.193584984   -1.177785950   -1.007517120
   14.240000000   -1.194764261   -1.178489081   -1.000330831
   14.250000000   -1.195312290   -1.179683330   -0.990965047
   14.260000000   -1.194473433   -1.180341340   -0.979933374
   14.270000000   -1.191740108   -1.179560042   -0.968001309
   14.280000000   -1.186869823   -1.176885015   -0.956135282
   14.290000000   -1.180122968   -1.172438361   -0.945160351
   14.300000000   -1.172294305   -1.166680503   -0.935525496
   14.310000000   -1.164300157   -1.160118825   -0.927391858
   14.320000000   -1.156737739   -1.153295344   -0.920727855
   14.330000000   -1.149787235   -1.146830697   -0.915256683
   14.340000000   -1.143390886   -1.141245110   -0.910452052
   14.350000000   -1.137436676   -1.136619446   -0.905689847
   14.360000000   -1.131673741   -1.132327431   -0.900426730
   14.370000000   -1.125520150   -1.127181635   -0.894356167
   14.380000000   -1.118322832   -1.120097147   -0.887487564
   14.390000000   -1.109881535   -1.110694824   -0.879733047
   14.400000000   -1.100513905   -1.099340015   -0.870415066
   14.410000000   -1.090679409   -1.086839285   -0.858762287
   14.420000000   -1.080659431   -1.074143331   -0.844967292
   14.430000000   -1.070545974   -1.062110447   -0.830440535
   14.440000000   -1.060496559   -1.051383744   -0.817120224
   14.450000000   -1.050888125   -1.042401538   -0.806650621
   14.460000000   -1.042157739   -1.035381739   -0.799844443
   14.470000000   -1.034539012   -1.030228959   -0.796531944
   14.480000000   -1.027907767   -1.026489831   -0.795948875
   14.490000000   -1.021780057   -1.023406804   -0.797285117
   14.500000000   -1.015483396   -1.020077420   -0.799808074
   14.510000000   -1.008506100   -1.015765962   -0.802716466
   14.520000000   -1.000707408   -1.010133615   -0.805173201
   14.530000000   -0.992183323   -1.003181518   -0.806717302
   14.540000000   -0.983252598   -0.995247298   -0.807876158
   14.550000000   -0.974795763   -0.987196314   -0.810226787
   14.560000000   -0.968263120   -0.980347105   -0.815454408
   14.570000000   -0.964888347   -0.975890457   -0.824131181
   14.580000000   -0.964786906   -0.974207913   -0.835307418
   14.590000000   -0.966848770   -0.974661500   -0.847175757
   14.600000000   -0.969432828   -0.975994200   -0.858230512
   14.610000000   -0.971187589   -0.976936715   -0.868103237
   14.620000000   -0.971446842   -0.976563078   -0.877458228
   14.630000000   -0.970176373   -0.974401997   -0.887184624
   14.640000000   -0.967679669   -0.970442059   -0.897727764
   14.650000000   -0.964264620   -0.965013988   -0.908903776
   14.660000000   -0.960136646   -0.958684867   -0.919870729
   14.670000000   -0.955482879   -0.952163230   -0.929186528
   14.680000000   -0.950494660   -0.946057740   -0.935326818
   14.690000000   -0.945330467   -0.940622901   -0.937538846
   14.700000000   -0.940128903   -0.935715666   -0.936284399
   14.710000000   -0.934975033   -0.930917012   -0.932957476
   14.720000000   -0.929845992   -0.925792162   -0.929085652
   14.730000000   -0.924704657   -0.920248930   -0.925568648
   14.740000000   -0.919567021   -0.914612709   -0.922578582
   14.750000000   -0.914367686   -0.909279636   -0.919973638
   14.760000000   -0.908863876   -0.904353662   -0.917617411
   14.770000000   -0.902764167   -0.899597507   -0.915388407
   14.780000000   -0.895922508   -0.894612595   -0.913096765
   14.790000000   -0.888397139   -0.889064221   -0.910461777
   14.800000000   -0.880383302   -0.882907230   -0.907088409
   14.810000000   -0.872119845   -0.876452576   -0.902522633
   14.820000000   -0.863869465   -0.870123212   -0.896531836
   14.830000000   -0.855936177   -0.864091780   -0.889287005
   14.840000000   -0.848552700   -0.858149823   -0.881179583
   14.850000000   -0.841755103   -0.851933056   -0.872732549
   14.860000000   -0.835461191   -0.845219741   -0.864549654
   14.870000000   -0.829674549   -0.838032329   -0.856871220
   14.880000000   -0.824615497   -0.830653086   -0.849315298
   14.890000000   -0.820706203   -0.823669471   -0.841380358
   14.900000000   -0.818404368   -0.817870021   -0.833162568
   14.910000000   -0.817837739   -0.813815149   -0.825466051
   14.920000000   -0.818486900   -0.811395227   -0.819288198
   14.930000000   -0.819325682   -0.809851873   -0.815220701
   14.940000000   -0.819290401   -0.808180604   -0.813156052
   14.950000000   -0.817708860   -0.805568247   -0.812413396
   14.960000000   -0.814565541   -0.801719113   -0.812152135
   14.970000000   -0.810487729   -0.796969908   -0.811784777
   14.980000000   -0.806275659   -0.792029318   -0.811013067
   14.990000000   -0.802254572   -0.787487490   -0.809461562
   15.000000000   -0.798156790   -0.783543304   -0.806632470
   15.010000000   -0.793611056   -0.780094641   -0.802491296
   15.020000000   -0.788574165   -0.777010054   -0.797795210
   15.030000000   -0.783314411   -0.774337346   -0.793648709
   15.040000000   -0.778079080   -0.772181769   -0.790895646
   15.050000000   -0.772818889   -0.770355828   -0.789865890
   15.060000000   -0.767349840   -0.768377137   -0.790409604
   15.070000000   -0.761748306   -0.765884377   -0.792086301
   15.080000000   -0.756375459   -0.762838557   -0.794364766
   15.090000000   -0.751577884   -0.759369526   -0.796654485
   15.100000000   -0.747524530   -0.755660257   -0.798320492
   15.110000000   -0.744179144   -0.751906125   -0.798930014
   15.120000000   -0.741273399   -0.748249634   -0.798572521
   15.130000000   -0.738428460   -0.744796691   -0.797912445
   15.140000000   -0.735470837   -0.741711553   -0.797798472
   15.150000000   -0.732581617   -0.739190630   -0.798574054
   15.160000000   -0.730067647   -0.737296897   -0.799641823
   15.170000000   -0.728098213   -0.735914114   -0.799808520
   15.180000000   -0.726685569   -0.734913992   -0.798215340
   15.190000000   -0.725812020   -0.734285279   -0.795041330
   15.200000000   -0.725523126   -0.734062112   -0.791422044
   15.210000000   -0.725861878   -0.734207493   -0.788642803
   15.220000000   -0.726655553   -0.734508622   -0.787206074
   15.230000000   -0.727411183   -0.734522812   -0.786480753
   15.240000000   -0.727514726   -0.733752778   -0.785248754
   15.250000000   -0.726514329   -0.731881726   -0.782749926
   15.260000000   -0.724228765   -0.728800724   -0.779227377
   15.270000000   -0.720807543   -0.724629965   -0.775561679
   15.280000000   -0.716778615   -0.719811463   -0.772653343
   15.290000000   -0.712853709   -0.714976181   -0.770997579
   15.300000000   -0.709577964   -0.710690565   -0.770305245
   15.310000000   -0.707122503   -0.707346588   -0.769537113
   15.320000000   -0.705278217   -0.705060462   -0.767657721
   15.330000000   -0.703638737   -0.703586427   -0.764417073
   15.340000000   -0.702001477   -0.702546461   -0.760593564
   15.350000000   -0.700638056   -0.701760656   -0.757582541
   15.360000000   -0.699951502   -0.701142991   -0.756538655
   15.370000000   -0.699837336   -0.700356725   -0.757844176
   15.380000000   -0.699560039   -0.698813647   -0.761191262
   15.390000000   -0.698308899   -0.696055968   -0.765855821
   15.400000000   -0.695875003   -0.692113511   -0.771041152
   15.410000000   -0.692752834   -0.687421268   -0.776081192
   15.420000000   -0.689621386   -0.682419955   -0.780492755
   15.430000000   -0.686925553   -0.677433788   -0.784402569
   15.440000000   -0.684813770   -0.672833951   -0.788760851
   15.450000000   -0.683092283   -0.668984411   -0.794380579
   15.460000000   -0.681296185   -0.666034178   -0.800866421
   15.470000000   -0.679077858   -0.663942621   -0.806994130
   15.480000000   -0.676433917   -0.662562519   -0.811870319
   15.490000000   -0.673432737   -0.661512044   -0.815293263
   15.500000000   -0.669917872   -0.660134223   -0.817289605
   15.510000000   -0.665660473   -0.657819434   -0.817822589
   15.520000000   -0.660726423   -0.654403578   -0.816984253
   15.530000000   -0.655497387   -0.650218540   -0.815143843
   15.540000000   -0.650321600   -0.645829508   -0.812815565
   15.550000000   -0.645317492   -0.641781564   -0.810452094
   15.560000000   -0.640508515   -0.638407421   -0.808254159
   15.570000000   -0.635917019   -0.635630194   -0.806096548
   15.580000000   -0.631452306   -0.632978334   -0.803679226
   15.590000000   -0.626911580   -0.629955955   -0.800738450
   15.600000000   -0.622143814   -0.626350944   -0.797127102
   15.610000000   -0.617060209   -0.622187931   -0.792868916
   15.620000000   -0.611551642   -0.617643325   -0.788276128
   15.630000000   -0.605552284   -0.613031822   -0.783892124
   15.640000000   -0.599122782   -0.608588374   -0.780101011
   15.650000000   -0.592407530   -0.604211316   -0.776812360
   15.660000000   -0.585579818   -0.599587499   -0.773592175
   15.670000000   -0.578784320   -0.594471751   -0.770026209
   15.680000000   -0.571995878   -0.588647155   -0.765931456
   15.690000000   -0.564985963   -0.581781691   -0.761223800
   15.700000000   -0.557539075   -0.573616259   -0.755683130
   15.710000000   -0.549656358   -0.564266219   -0.749050828
   15.720000000   -0.541560614   -0.554234380   -0.741342452
   15.730000000   -0.533628785   -0.544230873   -0.732860657
   15.740000000   -0.526331708   -0.534985502   -0.723905103
   15.750000000   -0.520065049   -0.526968655   -0.714653501
   15.760000000   -0.514961700   -0.520187229   -0.705347123
   15.770000000   -0.510942189   -0.514336474   -0.696425051
   15.780000000   -0.507861540   -0.509073835   -0.688313668
   15.790000000   -0.505522110   -0.504129526   -0.681073500
   15.800000000   -0.503611853   -0.499315240   -0.674350470
   15.810000000   -0.501673286   -0.494463341   -0.667655542
   15.820000000   -0.499217966   -0.489371181   -0.660587848
   15.830000000   -0.496042863   -0.483983333   -0.652955680
   15.840000000   -0.492389158   -0.478579246   -0.644916760
   15.850000000   -0.488599378   -0.473503896   -0.636886154
   15.860000000   -0.484708588   -0.468769533   -0.629238057
   15.870000000   -0.480473028   -0.464059557   -0.622143982
   15.880000000   -0.475602245   -0.458984872   -0.615520154
   15.890000000   -0.469860325   -0.453306404   -0.609033410
   15.900000000   -0.463081368   -0.447051835   -0.602344642
   15.910000000   -0.455212220   -0.440490360   -0.595486202
   15.920000000   -0.446405478   -0.434005854   -0.588981311
   15.930000000   -0.437073947   -0.427916017   -0.583548007
   15.940000000   -0.427821002   -0.422336689   -0.579673582
   15.950000000   -0.419235614   -0.417159625   -0.577416421
   15.960000000   -0.411641062   -0.412104968   -0.576379259
   15.970000000   -0.404977339   -0.406846048   -0.575699419
   15.980000000   -0.398842103   -0.401133333   -0.574208244
   15.990000000   -0.392636034   -0.394841465   -0.570943297
   16.000000000   -0.385877456   -0.388029734   -0.565732760
   16.010000000   -0.378550966   -0.381028053   -0.559231392
   16.020000000   -0.371119447   -0.374373995   -0.552368295
   16.030000000   -0.364184812   -0.368565146   -0.545836732
   16.040000000   -0.358145918   -0.363826854   -0.539932934
   16.050000000   -0.353112677   -0.360118136   -0.534595816
   16.060000000   -0.349042447   -0.357310427   -0.529566653
   16.070000000   -0.345802921   -0.355217529   -0.524562275
   16.080000000   -0.343039749   -0.353453975   -0.519317280
   16.090000000   -0.340137545   -0.351460033   -0.513610409
   16.100000000   -0.336543088   -0.348782386   -0.507481646
   16.110000000   -0.332160607   -0.345277650   -0.501387009
   16.120000000   -0.327324206   -0.341022187   -0.495934834
   16.130000000   -0.322403537   -0.336092953   -0.491370107
   16.140000000   -0.317486324   -0.330473243   -0.487200338
   16.150000000   -0.312483253   -0.324221974   -0.482335212
   16.160000000   -0.307508475   -0.317737325   -0.475832728
   16.170000000   -0.302929132   -0.311660314   -0.467620626
   16.180000000   -0.298936100   -0.306388032   -0.458483601
   16.190000000   -0.295227984   -0.301691872   -0.449437938
   16.200000000   -0.291276658   -0.296799078   -0.441122952
   16.210000000   -0.286913970   -0.290951632   -0.433631246
   16.220000000   -0.282519738   -0.284008103   -0.426810991
   16.230000000   -0.278550922   -0.276464013   -0.420749617
   16.240000000   -0.275011875   -0.268925756   -0.415926453
   16.250000000   -0.271446411   -0.261650049   -0.412805639
   16.260000000   -0.267289671   -0.254513732   -0.411339306
   16.270000000   -0.262188281   -0.247315465   -0.410980422
   16.280000000   -0.256198275   -0.240095717   -0.411136072
   16.290000000   -0.249790583   -0.233167674   -0.411537021
   16.300000000   -0.243584283   -0.226883358   -0.412274814
   16.310000000   -0.238058871   -0.221517125   -0.413608110
   16.320000000   -0.233505300   -0.217384149   -0.415676793
   16.330000000   -0.230073773   -0.214841097   -0.418411755
   16.340000000   -0.227725717   -0.214021316   -0.421708763
   16.350000000   -0.226169180   -0.214620183   -0.425421236
   16.360000000   -0.224994402   -0.216085752   -0.429102410
   16.370000000   -0.224010234   -0.218077198   -0.431979475
   16.380000000   -0.223346274   -0.220560333   -0.433274202
   16.390000000   -0.223167545   -0.223459249   -0.432486446
   16.400000000   -0.223514587   -0.226502384   -0.429489794
   16.410000000   -0.224424268   -0.229403504   -0.424574232
   16.420000000   -0.225946914   -0.232014099   -0.418400852
   16.430000000   -0.228065944   -0.234371573   -0.411769785
   16.440000000   -0.230752123   -0.236705518   -0.405329465
   16.450000000   -0.234023949   -0.239326531   -0.399402100
   16.460000000   -0.237899343   -0.242426367   -0.393975348
   16.470000000   -0.242355110   -0.245979234   -0.388833734
   16.480000000   -0.247322615   -0.249850886   -0.383726796
   16.490000000   -0.252665366   -0.254021042   -0.378496229
   16.500000000   -0.258155092   -0.258670746   -0.373109753
   16.510000000   -0.263603856   -0.264085215   -0.367609769
   16.520000000   -0.269076243   -0.270470453   -0.362117274
   16.530000000   -0.274828550   -0.277699539   -0.356851517
   16.540000000   -0.280991395   -0.285208204   -0.351926164
   16.550000000   -0.287374492   -0.292258612   -0.347115971
   16.560000000   -0.293598431   -0.298343876   -0.342033368
   16.570000000   -0.299361762   -0.303396497   -0.336558768
   16.580000000   -0.304591165   -0.307734485   -0.331002761
   16.590000000   -0.309345928   -0.311774841   -0.325853878
   16.600000000   -0.313565883   -0.315717951   -0.321395570
   16.610000000   -0.317105748   -0.319600419   -0.317520321
   16.620000000   -0.320074632   -0.323597223   -0.313845505
   16.630000000   -0.322878211   -0.327999974   -0.310013302
   16.640000000   -0.325855260   -0.332867707   -0.305929563
   16.650000000   -0.328998506   -0.337829249   -0.301745259
   16.660000000   -0.331995409   -0.342216255   -0.297693155
   16.670000000   -0.334500423   -0.345434458   -0.294026781
   16.680000000   -0.336442880   -0.347318426   -0.291009551
   16.690000000   -0.338147805   -0.348172972   -0.288793690
   16.700000000   -0.340176595   -0.348519848   -0.287320779
   16.710000000   -0.342937335   -0.348752084   -0.286430670
   16.720000000   -0.346341911   -0.348953671   -0.286019896
   16.730000000   -0.349852519   -0.349031841   -0.285981648
   16.740000000   -0.352785783   -0.348888864   -0.286034624
   16.750000000   -0.354559070   -0.348393759   -0.285768495
   16.760000000   -0.354874212   -0.347362797   -0.284842551
   16.770000000   -0.353801892   -0.345711705   -0.283039020
   16.780000000   -0.351635317   -0.343532879   -0.280211812
   16.790000000   -0.348614962   -0.340894622   -0.276296766
   16.800000000   -0.344845884   -0.337696131   -0.271386160
   16.810000000   -0.340476261   -0.333856769   -0.265797601
   16.820000000   -0.335845846   -0.329555846   -0.260061722
   16.830000000   -0.331467539   -0.325274834   -0.254767324
   16.840000000   -0.327927381   -0.321670728   -0.250319637
   16.850000000   -0.325685786   -0.319283120   -0.246768114
   16.860000000   -0.324787742   -0.318182586   -0.243785895
   16.870000000   -0.324690875   -0.317858628   -0.240801349
   16.880000000   -0.324447340   -0.317489450   -0.237228447
   16.890000000   -0.323167962   -0.316363294   -0.232688570
   16.900000000   -0.320393080   -0.314129337   -0.227155518
   16.910000000   -0.316139356   -0.310769175   -0.220927675
   16.920000000   -0.310757409   -0.306472577   -0.214422489
   16.930000000   -0.304787465   -0.301603300   -0.208006624
   16.940000000   -0.298804829   -0.296625265   -0.201977647
   16.950000000   -0.293225020   -0.291869136   -0.196581215
   16.960000000   -0.288163963   -0.287338499   -0.191935834
   16.970000000   -0.283473755   -0.282782154   -0.187947951
   16.980000000   -0.278996745   -0.278011153   -0.184397267
   16.990000000   -0.274814586   -0.273180588   -0.181111602
   17.000000000   -0.271104594   -0.268711425   -0.177993953
   17.010000000   -0.267718659   -0.264889993   -0.174912909
   17.020000000   -0.264078013   -0.261580400   -0.171633854
   17.030000000   -0.259562881   -0.258379431   -0.167836362
   17.040000000   -0.253928187   -0.254961915   -0.163196230
   17.050000000   -0.247384258   -0.251191833   -0.157553786
   17.060000000   -0.240452521   -0.247072115   -0.151075263
   17.070000000   -0.233765585   -0.242741613   -0.144203649
   17.080000000   -0.227824674   -0.238387607   -0.137403957
   17.090000000   -0.222794888   -0.234066936   -0.130947853
   17.100000000   -0.218532273   -0.229713911   -0.124950233
   17.110000000   -0.214857693   -0.225351180   -0.119536184
   17.120000000   -0.211769447   -0.221194195   -0.114820841
   17.130000000   -0.209305603   -0.217438871   -0.110732015
   17.140000000   -0.207258524   -0.213963049   -0.106942446
   17.150000000   -0.205150711   -0.210342530   -0.102995203
   17.160000000   -0.202486642   -0.206168692   -0.098520969
   17.170000000   -0.198998518   -0.201317277   -0.093380804
   17.180000000   -0.194739935   -0.195990248   -0.087711055
   17.190000000   -0.190035252   -0.190584749   -0.081947996
   17.200000000   -0.185314199   -0.185494060   -0.076738617
   17.210000000   -0.180929267   -0.180990424   -0.072627185
   17.220000000   -0.177053430   -0.177220332   -0.069692789
   17.230000000   -0.173703226   -0.174203463   -0.067562084
   17.240000000   -0.170834770   -0.171800537   -0.065843016
   17.250000000   -0.168362158   -0.169706203   -0.064454508
   17.260000000   -0.166080625   -0.167509568   -0.063521667
   17.270000000   -0.163635979   -0.164797173   -0.063013956
   17.280000000   -0.160647314   -0.161268557   -0.062541688
   17.290000000   -0.156917777   -0.156818727   -0.061516205
   17.300000000   -0.152553025   -0.151544571   -0.059430392
   17.310000000   -0.147881014   -0.145691856   -0.056049959
   17.320000000   -0.143213205   -0.139585991   -0.051491293
   17.330000000   -0.138653383   -0.133565327   -0.046140081
   17.340000000   -0.134149942   -0.127928718   -0.040505421
   17.350000000   -0.129681780   -0.122909398   -0.035080427
   17.360000000   -0.125321722   -0.118647403   -0.030133019
   17.370000000   -0.121133877   -0.115128005   -0.025566145
   17.380000000   -0.117065733   -0.112135368   -0.021060089
   17.390000000   -0.112987856   -0.109296071   -0.016388726
   17.400000000   -0.108848906   -0.106210595   -0.011601531
   17.410000000   -0.104749609   -0.102594365   -0.006931218
   17.420000000   -0.100847779   -0.098336312   -0.002556178
   17.430000000   -0.097241165   -0.093499266    0.001547338
   17.440000000   -0.093899010   -0.088299469    0.005525352
   17.450000000   -0.090613999   -0.083018390    0.009464377
   17.460000000   -0.087065074   -0.077910901    0.013388309
   17.470000000   -0.083005605   -0.073196722    0.017435043
   17.480000000   -0.078410496   -0.069043762    0.021896034
   17.490000000   -0.073419698   -0.065441758    0.027043483
   17.500000000   -0.068156016   -0.062135155    0.032961673
   17.510000000   -0.062669332   -0.058819918    0.039442918
   17.520000000   -0.057050938   -0.055425314    0.045922007
   17.530000000   -0.051552386   -0.052170243    0.051604336
   17.540000000   -0.046519884   -0.049334809    0.055828608
   17.550000000   -0.042119720   -0.046939061    0.058406702
   17.560000000   -0.038185093   -0.044678287    0.059656584
   17.570000000   -0.034406905   -0.042184962    0.060130277
   17.580000000   -0.030666549   -0.039335128    0.060314131
   17.590000000   -0.027214202   -0.036398623    0.060466234
   17.600000000   -0.024478343   -0.033863346    0.060636054
   17.610000000   -0.022630229   -0.031971775    0.060785832
   17.620000000   -0.021365436   -0.030450229    0.060858264
   17.630000000   -0.020115915   -0.028731676    0.060849889
   17.640000000   -0.018450316   -0.026406089    0.060901532
   17.650000000   -0.016321605   -0.023498730    0.061214242
   17.660000000   -0.014021131   -0.020391949    0.061807324
   17.670000000   -0.011994873   -0.017541827    0.062434935
   17.680000000   -0.010715830   -0.015313767    0.062837983
   17.690000000   -0.010539893   -0.013946814    0.063040731
   17.700000000   -0.011515691   -0.013521618    0.063285018
   17.710000000   -0.013319112   -0.013951981    0.063758506
   17.720000000   -0.015381979   -0.014981987    0.064551770
   17.730000000   -0.017156418   -0.016210079    0.065789774
   17.740000000   -0.018376281   -0.017225908    0.067603351
   17.750000000   -0.019126559   -0.017810733    0.069917283
   17.760000000   -0.019721197   -0.018062475    0.072325621
   17.770000000   -0.020482008   -0.018285868    0.074254315
   17.780000000   -0.021474975   -0.018673667    0.075266899
   17.790000000   -0.022449470   -0.019158333    0.075172739
   17.800000000   -0.023124490   -0.019624510    0.073903066
   17.810000000   -0.023513867   -0.020166622    0.071397553
   17.820000000   -0.023918390   -0.021058467    0.067599325
   17.830000000   -0.024605635   -0.022475205    0.062600953
   17.840000000   -0.025556118   -0.024276909    0.056853439
   17.850000000   -0.026506913   -0.026041345    0.051076695
   17.860000000   -0.027129664   -0.027248313    0.045881061
   17.870000000   -0.027149064   -0.027459951    0.041611803
   17.880000000   -0.026424857   -0.026458964    0.038482250
   17.890000000   -0.025006531   -0.024311858    0.036598562
   17.900000000   -0.023063154   -0.021299817    0.035828811
   17.910000000   -0.020733182   -0.017799281    0.035771400
   17.920000000   -0.018083637   -0.014246259    0.035847881
   17.930000000   -0.015220575   -0.011129158    0.035427650
   17.940000000   -0.012399950   -0.008868903    0.034044635
   17.950000000   -0.010013467   -0.007671206    0.031592632
   17.960000000   -0.008424792   -0.007524236    0.028215181
   17.970000000   -0.007770251   -0.008264777    0.024061829
   17.980000000   -0.007901017   -0.009557700    0.019305640
   17.990000000   -0.008502657   -0.010882260    0.014324516
   18.000000000   -0.009273839   -0.011687971    0.009681126
   18.010000000   -0.010013374   -0.011618427    0.005852889
   18.020000000   -0.010560434   -0.010576952    0.003047693
   18.030000000   -0.010666241   -0.008610538    0.001292508
   18.040000000   -0.010000593   -0.005823933    0.000572142
   18.050000000   -0.008391559   -0.002459273    0.000819878
   18.060000000   -0.006008124    0.001058199    0.001858815
   18.070000000   -0.003233494    0.004261041    0.003399732
   18.080000000   -0.000431543    0.006781271    0.005087060
   18.090000000    0.002145874    0.008374487    0.006601127
   18.100000000    0.004303876    0.008894689    0.007772409
   18.110000000    0.005810191    0.008247842    0.008574300
   18.120000000    0.006420235    0.006415206    0.009018674
   18.130000000    0.006026364    0.003606996    0.009138542
   18.140000000    0.004750423    0.000335141    0.009079140
   18.150000000    0.002874619   -0.002785014    0.009087894
   18.160000000    0.000674778   -0.005336593    0.009306739
   18.170000000   -0.001693074   -0.007243513    0.009612051
   18.180000000   -0.004135979   -0.008664777    0.009779107
   18.190000000   -0.006485104   -0.009753870    0.009859535
   18.200000000   -0.008484387   -0.010537142    0.010273961
   18.210000000   -0.009967471   -0.011028187    0.011390540
   18.220000000   -0.011023449   -0.011370682    0.013112509
   18.230000000   -0.011892107   -0.011759618    0.014947147
   18.240000000   -0.012695586   -0.012272439    0.016370701
   18.250000000   -0.013356184   -0.012867972    0.017170599
   18.260000000   -0.013737172   -0.013496695    0.017538089
   18.270000000   -0.013769804   -0.014146007    0.017866120
   18.280000000   -0.013481273   -0.014786568    0.018505543
   18.290000000   -0.013024249   -0.015330782    0.019657264
   18.300000000   -0.012714688   -0.015718903    0.021356431
   18.310000000   -0.012933252   -0.016034577    0.023514060
   18.320000000   -0.013868099   -0.016422829    0.025981530
   18.330000000   -0.015282655   -0.016818834    0.028621402
   18.340000000   -0.016562573   -0.016844790    0.031360030
   18.350000000   -0.017090564   -0.016112299    0.034153508
   18.360000000   -0.016588847   -0.014581336    0.036915972
   18.370000000   -0.015111453   -0.012530177    0.039503582
   18.380000000   -0.012859519   -0.010291226    0.041710190
   18.390000000   -0.010107507   -0.008141239    0.043208434
   18.400000000   -0.007214034   -0.006334305    0.043623422
   18.410000000   -0.004559901   -0.005059272    0.042822949
   18.420000000   -0.002430016   -0.004352286    0.041096796
   18.430000000   -0.000941884   -0.004112392    0.039058659
   18.440000000   -0.000047477   -0.004189221    0.037415808
   18.450000000    0.000378234   -0.004461507    0.036674114
   18.460000000    0.000420683   -0.004870097    0.036901648
   18.470000000    0.000112698   -0.005383678    0.037820063
   18.480000000   -0.000474989   -0.005922246    0.039136714
   18.490000000   -0.001177628   -0.006300563    0.040675217
   18.500000000   -0.001771616   -0.006258482    0.042258189
   18.510000000   -0.002060870   -0.005587472    0.043692532
   18.520000000   -0.001965568   -0.004261462    0.044922805
   18.530000000   -0.001526854   -0.002431381    0.046089277
   18.540000000   -0.000797154   -0.000268680    0.047397608
   18.550000000    0.000265509    0.002180406    0.048999493
   18.560000000    0.001765404    0.004955609    0.050948084
   18.570000000    0.003763372    0.008032893    0.053169201
   18.580000000    0.006246875    0.011292120    0.055497490
   18.590000000    0.009118822    0.014567473    0.057763330
   18.600000000    0.012155079    0.017666764    0.059899049
   18.610000000    0.015055856    0.020425736    0.062059931
   18.620000000    0.017572733    0.022739556    0.064601018
   18.630000000    0.019603957    0.024544812    0.067812459
   18.640000000    0.021235690    0.025889640    0.071673049
   18.650000000    0.022645347    0.026952237    0.075911451
   18.660000000    0.023876481    0.027836391    0.080212189
   18.670000000    0.024773888    0.028441480    0.084312502
   18.680000000    0.025190887    0.028624540    0.088016515
   18.690000000    0.025176650    0.028394146    0.091171640
   18.700000000    0.024955818    0.027921390    0.093680910
   18.710000000    0.024839334    0.027442297    0.095592115
   18.720000000    0.025134404    0.027134863    0.097071063
   18.730000000    0.025989396    0.027022830    0.098212567
   18.740000000    0.027257236    0.026945978    0.098907615
   18.750000000    0.028535477    0.026614933    0.098927675
   18.760000000    0.029386083    0.025766697    0.098192097
   18.770000000    0.029558400    0.024330386    0.096959332
   18.780000000    0.029072870    0.022508933    0.095705159
   18.790000000    0.028147518    0.020725444    0.094779729
   18.800000000    0.027036394    0.019428166    0.094220344
   18.810000000    0.025943101    0.018906204    0.093870615
   18.820000000    0.025082279    0.019254495    0.093509544
   18.830000000    0.024733725    0.020445292    0.092889029
   18.840000000    0.025164539    0.022400659    0.091874375
   18.850000000    0.026504628    0.025022009    0.090639705
   18.860000000    0.028671114    0.028177826    0.089654581
   18.870000000    0.031366039    0.031670213    0.089410146
   18.880000000    0.034169857    0.035238804    0.090148261
   18.890000000    0.036715543    0.038634520    0.091836673
   18.900000000    0.038886718    0.041734227    0.094347534
   18.910000000    0.040914040    0.044606436    0.097592481
   18.920000000    0.043232603    0.047461255    0.101483319
   18.930000000    0.046176789    0.050527793    0.105828241
   18.940000000    0.049784315    0.053936645    0.110319585
   18.950000000    0.053809542    0.057616071    0.114649029
   18.960000000    0.057795775    0.061209531    0.118630567
   18.970000000    0.061168466    0.064147387    0.122198092
   18.980000000    0.063462060    0.065939791    0.125313426
   18.990000000    0.064557733    0.066468753    0.127935876
   19.000000000    0.064652659    0.065991819    0.130065016
   19.010000000    0.064010665    0.064860729    0.131692762
   19.020000000    0.062819700    0.063286606    0.132709829
   19.030000000    0.061241696    0.061374218    0.132964432
   19.040000000    0.059494416    0.059284059    0.132384062
   19.050000000    0.057894057    0.057323154    0.130987415
   19.060000000    0.056820622    0.055877662    0.128821412
   19.070000000    0.056565153    0.055224709    0.125939435
   19.080000000    0.057148349    0.055375371    0.122437322
   19.090000000    0.058281336    0.056084871    0.118496964
   19.100000000    0.059510910    0.057020444    0.114439233
   19.110000000    0.060412966    0.057924673    0.110690217
   19.120000000    0.060716201    0.058653099    0.107603752
   19.130000000    0.060333236    0.059108864    0.105372660
   19.140000000    0.059275250    0.059144615    0.104086374
   19.150000000    0.057546254    0.058547173    0.103724488
   19.160000000    0.055186374    0.057183452    0.104103293
   19.170000000    0.052418990    0.055178817    0.104931979
   19.180000000    0.049698036    0.052912760    0.105941416
   19.190000000    0.047559153    0.050822099    0.106963954
   19.200000000    0.046347424    0.049157222    0.107919589
   19.210000000    0.045994919    0.047848530    0.108741847
   19.220000000    0.046051464    0.046604742    0.109347124
   19.230000000    0.045983206    0.045154863    0.109718878
   19.240000000    0.045458152    0.043400682    0.109966247
   19.250000000    0.044382918    0.041401397    0.110212898
   19.260000000    0.042796420    0.039304813    0.110437997
   19.270000000    0.040788549    0.037293207    0.110459774
   19.280000000    0.038468760    0.035509522    0.110077090
   19.290000000    0.035990536    0.034011638    0.109246941
   19.300000000    0.033586955    0.032829216    0.108131523
   19.310000000    0.031543433    0.032029051    0.106965306
   19.320000000    0.030112118    0.031674516    0.105939851
   19.330000000    0.029394690    0.031726825    0.105229984
   19.340000000    0.029322277    0.032049186    0.105044950
   19.350000000    0.029824272    0.032538793    0.105575268
   19.360000000    0.030953564    0.033188710    0.106843638
   19.370000000    0.032776885    0.034008003    0.108623542
   19.380000000    0.035216410    0.034953100    0.110556345
   19.390000000    0.038074208    0.035976928    0.112353436
   19.400000000    0.041133553    0.037085396    0.113895322
   19.410000000    0.044112345    0.038259878    0.115228204
   19.420000000    0.046602567    0.039380047    0.116502772
   19.430000000    0.048231642    0.040301435    0.117869748
   19.440000000    0.048918004    0.040963674    0.119442555
   19.450000000    0.048898134    0.041379943    0.121298010
   19.460000000    0.048486195    0.041560342    0.123335293
   19.470000000    0.047860321    0.041498197    0.125126049
   19.480000000    0.047017899    0.041207076    0.126037020
   19.490000000    0.045824613    0.040723872    0.125596635
   19.500000000    0.044141735    0.040097353    0.123843969
   19.510000000    0.041968206    0.039395864    0.121376156
   19.520000000    0.039437541    0.038672379    0.118967148
   19.530000000    0.036720585    0.037928781    0.117076572
   19.540000000    0.033986739    0.037152891    0.115739888
   19.550000000    0.031400684    0.036344830    0.114778710
   19.560000000    0.029113094    0.035514187    0.113936423
   19.570000000    0.027289264    0.034738499    0.112951098
   19.580000000    0.026162645    0.034238966    0.111721864
   19.590000000    0.025969453    0.034297696    0.110354618
   19.600000000    0.026765415    0.035027005    0.108982519
   19.610000000    0.028392771    0.036281628    0.107705681
   19.620000000    0.030652169    0.037838250    0.106744828
   19.630000000    0.033368049    0.039555535    0.106407625
   19.640000000    0.036279029    0.041337151    0.106793980
   19.650000000    0.038995689    0.043028580    0.107631368
   19.660000000    0.041115314    0.044388438    0.108384757
   19.670000000    0.042399121    0.045184987    0.108475612
   19.680000000    0.042877041    0.045332011    0.107528394
   19.690000000    0.042771744    0.044916372    0.105591332
   19.700000000    0.042301582    0.044117085    0.103146451
   19.710000000    0.041595461    0.043132210    0.100864387
   19.720000000    0.040771960    0.042134039    0.099251826
   19.730000000    0.039987444    0.041222538    0.098383604
   19.740000000    0.039386367    0.040438998    0.097941213
   19.750000000    0.039098261    0.039879338    0.097563097
   19.760000000    0.039314991    0.039776945    0.097188417
   19.770000000    0.040242693    0.040382429    0.097040405
   19.780000000    0.041902818    0.041741876    0.097284631
   19.790000000    0.044062288    0.043645068    0.097813751
   19.800000000    0.046371412    0.045759801    0.098373080
   19.810000000    0.048545172    0.047799536    0.098740354
   19.820000000    0.050497479    0.049639598    0.098807130
   19.830000000    0.052372924    0.051326452    0.098670755
   19.840000000    0.054418699    0.052991717    0.098632088
   19.850000000    0.056808241    0.054783980    0.098954217
   19.860000000    0.059591629    0.056859603    0.099622313
   19.870000000    0.062744940    0.059353703    0.100409087
   19.880000000    0.066198978    0.062319581    0.101152112
   19.890000000    0.069824359    0.065688534    0.101898894
   19.900000000    0.073411947    0.069252015    0.102754727
   19.910000000    0.076709824    0.072682593    0.103667585
   19.920000000    0.079539030    0.075673572    0.104470510
   19.930000000    0.081881884    0.078135564    0.105078097
   19.940000000    0.083837156    0.080213172    0.105513870
   19.950000000    0.085508579    0.082089911    0.105791145
   19.960000000    0.086961373    0.083846409    0.105905503
   19.970000000    0.088271151    0.085514900    0.105980582
   19.980000000    0.089558732    0.087174265    0.106308837
   19.990000000    0.090935239    0.088937060    0.107174818
   20.000000000    0.092435976    0.090879445    0.108697157
   20.010000000    0.094016551    0.093001738    0.110830094
   20.020000000    0.095580404    0.095223632    0.113409995
   20.030000000    0.097026805    0.097415446    0.116191392
   20.040000000    0.098339287    0.099484321    0.118923934
   20.050000000    0.099675871    0.101477598    0.121452096
