# energy grid [eV]     ieps_x  ieps_y  ieps_z
#
    0.050000000    6.736873104    6.736875027    6.902718217
    0.060000000    6.736347335    6.736349248    6.902181464
    0.070000000    6.735753602    6.735755507    6.901575314
    0.080000000    6.735096058    6.735097952    6.900903997
    0.090000000    6.734377562    6.734379445    6.900170431
    0.100000000    6.733600103    6.733601973    6.899376636
    0.110000000    6.732765083    6.732766941    6.898524042
    0.120000000    6.731873524    6.731875368    6.897613682
    0.130000000    6.730926188    6.730928017    6.896646329
    0.140000000    6.729923665    6.729925479    6.895622579
    0.150000000    6.728866431    6.728868228    6.894542908
    0.160000000    6.727754879    6.727756660    6.893407713
    0.170000000    6.726589352    6.726591115    6.892217333
    0.180000000    6.725370152    6.725371897    6.890972071
    0.190000000    6.724097558    6.724099284    6.889672200
    0.200000000    6.722771831    6.722773537    6.888317980
    0.210000000    6.721393221    6.721394907    6.886909655
    0.220000000    6.719961972    6.719963637    6.885447466
    0.230000000    6.718478322    6.718479965    6.883931646
    0.240000000    6.716942509    6.716944131    6.882362429
    0.250000000    6.715354772    6.715356371    6.880740045
    0.260000000    6.713715349    6.713716925    6.879064730
    0.270000000    6.712024481    6.712026034    6.877336719
    0.280000000    6.710282413    6.710283942    6.875556249
    0.290000000    6.708489392    6.708490896    6.873723562
    0.300000000    6.706645670    6.706647148    6.871838903
    0.310000000    6.704751500    6.704752954    6.869902521
    0.320000000    6.702807143    6.702808571    6.867914669
    0.330000000    6.700812862    6.700814264    6.865875603
    0.340000000    6.698768925    6.698770300    6.863785585
    0.350000000    6.696675604    6.696676953    6.861644881
    0.360000000    6.694533175    6.694534497    6.859453760
    0.370000000    6.692341920    6.692343214    6.857212497
    0.380000000    6.690102123    6.690103390    6.854921370
    0.390000000    6.687814074    6.687815313    6.852580662
    0.400000000    6.685478067    6.685479278    6.850190659
    0.410000000    6.683094398    6.683095581    6.847751652
    0.420000000    6.680663370    6.680664525    6.845263937
    0.430000000    6.678185289    6.678186415    6.842727812
    0.440000000    6.675660462    6.675661560    6.840143580
    0.450000000    6.673089205    6.673090274    6.837511547
    0.460000000    6.670471831    6.670472872    6.834832023
    0.470000000    6.667808663    6.667809675    6.832105322
    0.480000000    6.665100023    6.665101006    6.829331761
    0.490000000    6.662346238    6.662347192    6.826511660
    0.500000000    6.659547637    6.659548562    6.823645342
    0.510000000    6.656704553    6.656705449    6.820733134
    0.520000000    6.653817321    6.653818188    6.817775365
    0.530000000    6.650886280    6.650887119    6.814772367
    0.540000000    6.647911771    6.647912580    6.811724476
    0.550000000    6.644894135    6.644894916    6.808632030
    0.560000000    6.641833721    6.641834473    6.805495367
    0.570000000    6.638730874    6.638731598    6.802314830
    0.580000000    6.635585945    6.635586641    6.799090765
    0.590000000    6.632399286    6.632399954    6.795823519
    0.600000000    6.629171252    6.629171891    6.792513438
    0.610000000    6.625902196    6.625902808    6.789160876
    0.620000000    6.622592477    6.622593061    6.785766184
    0.630000000    6.619242453    6.619243010    6.782329716
    0.640000000    6.615852484    6.615853014    6.778851828
    0.650000000    6.612422932    6.612423434    6.775332878
    0.660000000    6.608954158    6.608954634    6.771773224
    0.670000000    6.605446528    6.605446977    6.768173225
    0.680000000    6.601900404    6.601900827    6.764533243
    0.690000000    6.598316152    6.598316550    6.760853640
    0.700000000    6.594694139    6.594694511    6.757134778
    0.710000000    6.591034731    6.591035077    6.753377020
    0.720000000    6.587338294    6.587338615    6.749580733
    0.730000000    6.583605196    6.583605493    6.745746279
    0.740000000    6.579835806    6.579836078    6.741874026
    0.750000000    6.576030491    6.576030738    6.737964338
    0.760000000    6.572189618    6.572189842    6.734017581
    0.770000000    6.568313557    6.568313757    6.730034123
    0.780000000    6.564402674    6.564402851    6.726014330
    0.790000000    6.560457339    6.560457493    6.721958568
    0.800000000    6.556477917    6.556478048    6.717867203
    0.810000000    6.552464777    6.552464886    6.713740603
    0.820000000    6.548418284    6.548418372    6.709579133
    0.830000000    6.544338806    6.544338871    6.705383158
    0.840000000    6.540226707    6.540226751    6.701153045
    0.850000000    6.536082352    6.536082376    6.696889158
    0.860000000    6.531906105    6.531906108    6.692591862
    0.870000000    6.527698330    6.527698313    6.688261520
    0.880000000    6.523459388    6.523459351    6.683898496
    0.890000000    6.519189640    6.519189584    6.679503152
    0.900000000    6.514889448    6.514889373    6.675075848
    0.910000000    6.510559169    6.510559075    6.670616946
    0.920000000    6.506199162    6.506199050    6.666126806
    0.930000000    6.501809782    6.501809652    6.661605785
    0.940000000    6.497391386    6.497391239    6.657054241
    0.950000000    6.492944327    6.492944162    6.652472530
    0.960000000    6.488468957    6.488468775    6.647861008
    0.970000000    6.483965628    6.483965429    6.643220028
    0.980000000    6.479434687    6.479434472    6.638549941
    0.990000000    6.474876484    6.474876253    6.633851100
    1.000000000    6.470291363    6.470291117    6.629123854
    1.010000000    6.465679670    6.465679408    6.624368551
    1.020000000    6.461041746    6.461041470    6.619585536
    1.030000000    6.456377933    6.456377642    6.614775156
    1.040000000    6.451688569    6.451688264    6.609937753
    1.050000000    6.446973991    6.446973673    6.605073669
    1.060000000    6.442234534    6.442234203    6.600183243
    1.070000000    6.437470532    6.437470188    6.595266814
    1.080000000    6.432682316    6.432681958    6.590324718
    1.090000000    6.427870214    6.427869844    6.585357290
    1.100000000    6.423034553    6.423034171    6.580364861
    1.110000000    6.418175659    6.418175265    6.575347763
    1.120000000    6.413293854    6.413293449    6.570306324
    1.130000000    6.408389459    6.408389042    6.565240871
    1.140000000    6.403462792    6.403462364    6.560151728
    1.150000000    6.398514170    6.398513731    6.555039219
    1.160000000    6.393543906    6.393543457    6.549903664
    1.170000000    6.388552312    6.388551854    6.544745381
    1.180000000    6.383539699    6.383539230    6.539564687
    1.190000000    6.378506372    6.378505894    6.534361896
    1.200000000    6.373452637    6.373452150    6.529137320
    1.210000000    6.368378796    6.368378300    6.523891270
    1.220000000    6.363285151    6.363284646    6.518624053
    1.230000000    6.358171997    6.358171484    6.513335974
    1.240000000    6.353039632    6.353039111    6.508027338
    1.250000000    6.347888348    6.347887819    6.502698445
    1.260000000    6.342718437    6.342717900    6.497349594
    1.270000000    6.337530186    6.337529641    6.491981083
    1.280000000    6.332323881    6.332323329    6.486593204
    1.290000000    6.327099806    6.327099248    6.481186251
    1.300000000    6.321858243    6.321857678    6.475760512
    1.310000000    6.316599469    6.316598898    6.470316277
    1.320000000    6.311323762    6.311323184    6.464853829
    1.330000000    6.306031395    6.306030811    6.459373451
    1.340000000    6.300722639    6.300722050    6.453875426
    1.350000000    6.295397765    6.295397170    6.448360029
    1.360000000    6.290057037    6.290056437    6.442827538
    1.370000000    6.284700722    6.284700116    6.437278226
    1.380000000    6.279329079    6.279328468    6.431712364
    1.390000000    6.273942369    6.273941754    6.426130222
    1.400000000    6.268540849    6.268540229    6.420532065
    1.410000000    6.263124773    6.263124148    6.414918158
    1.420000000    6.257694393    6.257693764    6.409288763
    1.430000000    6.252249959    6.252249326    6.403644140
    1.440000000    6.246791718    6.246791082    6.397984546
    1.450000000    6.241319916    6.241319275    6.392310236
    1.460000000    6.235834794    6.235834150    6.386621462
    1.470000000    6.230336593    6.230335945    6.380918474
    1.480000000    6.224825550    6.224824900    6.375201522
    1.490000000    6.219301901    6.219301248    6.369470850
    1.500000000    6.213765880    6.213765223    6.363726702
    1.510000000    6.208217716    6.208217057    6.357969319
    1.520000000    6.202657638    6.202656976    6.352198940
    1.530000000    6.197085873    6.197085208    6.346415801
    1.540000000    6.191502643    6.191501976    6.340620137
    1.550000000    6.185908171    6.185907502    6.334812180
    1.560000000    6.180302675    6.180302004    6.328992160
    1.570000000    6.174686373    6.174685700    6.323160304
    1.580000000    6.169059478    6.169058803    6.317316837
    1.590000000    6.163422205    6.163421528    6.311461983
    1.600000000    6.157774761    6.157774083    6.305595962
    1.610000000    6.152117357    6.152116677    6.299718993
    1.620000000    6.146450196    6.146449515    6.293831294
    1.630000000    6.140773483    6.140772801    6.287933077
    1.640000000    6.135087420    6.135086736    6.282024555
    1.650000000    6.129392204    6.129391519    6.276105939
    1.660000000    6.123688034    6.123687348    6.270177436
    1.670000000    6.117975104    6.117974417    6.264239252
    1.680000000    6.112253607    6.112252920    6.258291591
    1.690000000    6.106523734    6.106523045    6.252334653
    1.700000000    6.100785673    6.100784984    6.246368640
    1.710000000    6.095039610    6.095038921    6.240393747
    1.720000000    6.089285731    6.089285041    6.234410171
    1.730000000    6.083524217    6.083523527    6.228418105
    1.740000000    6.077755250    6.077754559    6.222417740
    1.750000000    6.071979006    6.071978316    6.216409265
    1.760000000    6.066195664    6.066194973    6.210392867
    1.770000000    6.060405397    6.060404706    6.204368733
    1.780000000    6.054608377    6.054607686    6.198337045
    1.790000000    6.048804776    6.048804085    6.192297984
    1.800000000    6.042994762    6.042994071    6.186251731
    1.810000000    6.037178501    6.037177810    6.180198462
    1.820000000    6.031356159    6.031355468    6.174138353
    1.830000000    6.025527897    6.025527207    6.168071578
    1.840000000    6.019693879    6.019693189    6.161998309
    1.850000000    6.013854262    6.013853572    6.155918716
    1.860000000    6.008009204    6.008008515    6.149832966
    1.870000000    6.002158860    6.002158172    6.143741226
    1.880000000    5.996303386    5.996302698    6.137643661
    1.890000000    5.990442932    5.990442244    6.131540434
    1.900000000    5.984577648    5.984576962    6.125431704
    1.910000000    5.978707685    5.978706999    6.119317632
    1.920000000    5.972833187    5.972832502    6.113198375
    1.930000000    5.966954301    5.966953617    6.107074088
    1.940000000    5.961071171    5.961070487    6.100944925
    1.950000000    5.955183937    5.955183254    6.094811039
    1.960000000    5.949292739    5.949292058    6.088672579
    1.970000000    5.943397718    5.943397037    6.082529696
    1.980000000    5.937499009    5.937498329    6.076382536
    1.990000000    5.931596747    5.931596068    6.070231244
    2.000000000    5.925691067    5.925690389    6.064075965
    2.010000000    5.919782100    5.919781423    6.057916840
    2.020000000    5.913869977    5.913869301    6.051754011
    2.030000000    5.907954827    5.907954153    6.045587617
    2.040000000    5.902036778    5.902036105    6.039417796
    2.050000000    5.896115956    5.896115284    6.033244682
    2.060000000    5.890192485    5.890191814    6.027068411
    2.070000000    5.884266488    5.884265819    6.020889116
    2.080000000    5.878338087    5.878337419    6.014706928
    2.090000000    5.872407402    5.872406735    6.008521978
    2.100000000    5.866474552    5.866473887    6.002334393
    2.110000000    5.860539654    5.860538990    5.996144301
    2.120000000    5.854602825    5.854602161    5.989951827
    2.130000000    5.848664177    5.848663516    5.983757095
    2.140000000    5.842723826    5.842723165    5.977560229
    2.150000000    5.836781882    5.836781223    5.971361349
    2.160000000    5.830838456    5.830837799    5.965160575
    2.170000000    5.824893658    5.824893002    5.958958027
    2.180000000    5.818947595    5.818946940    5.952753821
    2.190000000    5.813000373    5.812999720    5.946548073
    2.200000000    5.807052099    5.807051448    5.940340897
    2.210000000    5.801102876    5.801102226    5.934132408
    2.220000000    5.795152807    5.795152158    5.927922716
    2.230000000    5.789201994    5.789201347    5.921711933
    2.240000000    5.783250536    5.783249891    5.915500167
    2.250000000    5.777298534    5.777297890    5.909287528
    2.260000000    5.771346084    5.771345442    5.903074121
    2.270000000    5.765393285    5.765392644    5.896860053
    2.280000000    5.759440231    5.759439591    5.890645427
    2.290000000    5.753487016    5.753486379    5.884430347
    2.300000000    5.747533735    5.747533099    5.878214915
    2.310000000    5.741580480    5.741579845    5.871999232
    2.320000000    5.735627341    5.735626708    5.865783397
    2.330000000    5.729674408    5.729673777    5.859567509
    2.340000000    5.723721771    5.723721141    5.853351665
    2.350000000    5.717769517    5.717768889    5.847135961
    2.360000000    5.711817733    5.711817106    5.840920493
    2.370000000    5.705866505    5.705865880    5.834705354
    2.380000000    5.699915917    5.699915294    5.828490637
    2.390000000    5.693966054    5.693965432    5.822276434
    2.400000000    5.688016997    5.688016376    5.816062836
    2.410000000    5.682068828    5.682068209    5.809849932
    2.420000000    5.676121628    5.676121011    5.803637811
    2.430000000    5.670175477    5.670174862    5.797426560
    2.440000000    5.664230454    5.664229840    5.791216267
    2.450000000    5.658286635    5.658286023    5.785007016
    2.460000000    5.652344099    5.652343488    5.778798892
    2.470000000    5.646402920    5.646402311    5.772591978
    2.480000000    5.640463174    5.640462567    5.766386358
    2.490000000    5.634524935    5.634524329    5.760182112
    2.500000000    5.628588276    5.628587672    5.753979322
    2.510000000    5.622653269    5.622652666    5.747778066
    2.520000000    5.616719985    5.616719385    5.741578424
    2.530000000    5.610788496    5.610787897    5.735380473
    2.540000000    5.604858870    5.604858273    5.729184291
    2.550000000    5.598931177    5.598930581    5.722989953
    2.560000000    5.593005485    5.593004890    5.716797534
    2.570000000    5.587081860    5.587081267    5.710607109
    2.580000000    5.581160368    5.581159777    5.704418751
    2.590000000    5.575241076    5.575240487    5.698232531
    2.600000000    5.569324049    5.569323461    5.692048523
    2.610000000    5.563409349    5.563408762    5.685866796
    2.620000000    5.557497040    5.557496455    5.679687420
    2.630000000    5.551587185    5.551586602    5.673510465
    2.640000000    5.545679844    5.545679263    5.667335998
    2.650000000    5.539775080    5.539774500    5.661164087
    2.660000000    5.533872951    5.533872373    5.654994799
    2.670000000    5.527973518    5.527972941    5.648828199
    2.680000000    5.522076839    5.522076263    5.642664353
    2.690000000    5.516182971    5.516182397    5.636503325
    2.700000000    5.510291972    5.510291400    5.630345177
    2.710000000    5.504403899    5.504403329    5.624189974
    2.720000000    5.498518807    5.498518238    5.618037777
    2.730000000    5.492636752    5.492636184    5.611888646
    2.740000000    5.486757787    5.486757221    5.605742644
    2.750000000    5.480881967    5.480881402    5.599599828
    2.760000000    5.475009344    5.475008781    5.593460259
    2.770000000    5.469139971    5.469139410    5.587323995
    2.780000000    5.463273900    5.463273341    5.581191093
    2.790000000    5.457411182    5.457410624    5.575061611
    2.800000000    5.451551868    5.451551311    5.568935604
    2.810000000    5.445696007    5.445695452    5.562813128
    2.820000000    5.439843649    5.439843095    5.556694238
    2.830000000    5.433994842    5.433994289    5.550578989
    2.840000000    5.428149634    5.428149083    5.544467433
    2.850000000    5.422308073    5.422307524    5.538359624
    2.860000000    5.416470206    5.416469658    5.532255614
    2.870000000    5.410636079    5.410635532    5.526155455
    2.880000000    5.404805737    5.404805192    5.520059197
    2.890000000    5.398979226    5.398978683    5.513966892
    2.900000000    5.393156591    5.393156049    5.507878588
    2.910000000    5.387337875    5.387337334    5.501794336
    2.920000000    5.381523122    5.381522583    5.495714183
    2.930000000    5.375712374    5.375711837    5.489638177
    2.940000000    5.369905675    5.369905139    5.483566367
    2.950000000    5.364103066    5.364102531    5.477498798
    2.960000000    5.358304588    5.358304055    5.471435518
    2.970000000    5.352510283    5.352509751    5.465376570
    2.980000000    5.346720189    5.346719659    5.459322002
    2.990000000    5.340934348    5.340933819    5.453271857
    3.000000000    5.335152799    5.335152271    5.447226179
    3.010000000    5.329375580    5.329375053    5.441185011
    3.020000000    5.323602729    5.323602204    5.435148397
    3.030000000    5.317834285    5.317833762    5.429116379
    3.040000000    5.312070285    5.312069763    5.423088999
    3.050000000    5.306310765    5.306310244    5.417066298
    3.060000000    5.300555763    5.300555243    5.411048317
    3.070000000    5.294805313    5.294804794    5.405035095
    3.080000000    5.289059451    5.289058934    5.399026674
    3.090000000    5.283318213    5.283317698    5.393023092
    3.100000000    5.277581633    5.277581119    5.387024387
    3.110000000    5.271849745    5.271849232    5.381030599
    3.120000000    5.266122583    5.266122072    5.375041765
    3.130000000    5.260400180    5.260399670    5.369057922
    3.140000000    5.254682569    5.254682060    5.363079108
    3.150000000    5.248969782    5.248969274    5.357105358
    3.160000000    5.243261851    5.243261344    5.351136708
    3.170000000    5.237558808    5.237558302    5.345173194
    3.180000000    5.231860683    5.231860179    5.339214852
    3.190000000    5.226167509    5.226167006    5.333261715
    3.200000000    5.220479314    5.220478813    5.327313817
    3.210000000    5.214796130    5.214795630    5.321371193
    3.220000000    5.209117985    5.209117486    5.315433875
    3.230000000    5.203444908    5.203444411    5.309501897
    3.240000000    5.197776930    5.197776433    5.303575290
    3.250000000    5.192114077    5.192113581    5.297654087
    3.260000000    5.186456377    5.186455883    5.291738319
    3.270000000    5.180803860    5.180803367    5.285828018
    3.280000000    5.175156551    5.175156059    5.279923213
    3.290000000    5.169514478    5.169513988    5.274023936
    3.300000000    5.163877668    5.163877178    5.268130216
    3.310000000    5.158246146    5.158245657    5.262242083
    3.320000000    5.152619938    5.152619451    5.256359566
    3.330000000    5.146999070    5.146998584    5.250482693
    3.340000000    5.141383568    5.141383083    5.244611494
    3.350000000    5.135773455    5.135772971    5.238745995
    3.360000000    5.130168757    5.130168274    5.232886225
    3.370000000    5.124569497    5.124569016    5.227032210
    3.380000000    5.118975700    5.118975220    5.221183978
    3.390000000    5.113387389    5.113386909    5.215341556
    3.400000000    5.107804586    5.107804108    5.209504968
    3.410000000    5.102227316    5.102226839    5.203674242
    3.420000000    5.096655600    5.096655124    5.197849402
    3.430000000    5.091089461    5.091088986    5.192030473
    3.440000000    5.085528920    5.085528447    5.186217481
    3.450000000    5.079974000    5.079973527    5.180410449
    3.460000000    5.074424721    5.074424250    5.174609402
    3.470000000    5.068881105    5.068880635    5.168814363
    3.480000000    5.063343172    5.063342703    5.163025356
    3.490000000    5.057810943    5.057810475    5.157242404
    3.500000000    5.052284438    5.052283971    5.151465529
    3.510000000    5.046763676    5.046763210    5.145694754
    3.520000000    5.041248678    5.041248213    5.139930101
    3.530000000    5.035739462    5.035738998    5.134171592
    3.540000000    5.030236048    5.030235585    5.128419248
    3.550000000    5.024738454    5.024737992    5.122673090
    3.560000000    5.019246699    5.019246237    5.116933139
    3.570000000    5.013760800    5.013760340    5.111199416
    3.580000000    5.008280777    5.008280318    5.105471941
    3.590000000    5.002806646    5.002806187    5.099750733
    3.600000000    4.997338424    4.997337967    5.094035813
    3.610000000    4.991876130    4.991875674    5.088327200
    3.620000000    4.986419780    4.986419324    5.082624912
    3.630000000    4.980969390    4.980968935    5.076928970
    3.640000000    4.975524976    4.975524523    5.071239390
    3.650000000    4.970086556    4.970086104    5.065556192
    3.660000000    4.964654145    4.964653693    5.059879393
    3.670000000    4.959227758    4.959227308    5.054209010
    3.680000000    4.953807411    4.953806961    5.048545062
    3.690000000    4.948393119    4.948392670    5.042887566
    3.700000000    4.942984897    4.942984449    5.037236537
    3.710000000    4.937582759    4.937582313    5.031591994
    3.720000000    4.932186721    4.932186275    5.025953952
    3.730000000    4.926796796    4.926796351    5.020322426
    3.740000000    4.921412998    4.921412554    5.014697434
    3.750000000    4.916035341    4.916034898    5.009078991
    3.760000000    4.910663839    4.910663396    5.003467111
    3.770000000    4.905298504    4.905298063    4.997861810
    3.780000000    4.899939351    4.899938910    4.992263103
    3.790000000    4.894586391    4.894585952    4.986671004
    3.800000000    4.889239638    4.889239200    4.981085528
    3.810000000    4.883899104    4.883898666    4.975506689
    3.820000000    4.878564802    4.878564365    4.969934500
    3.830000000    4.873236742    4.873236306    4.964368975
    3.840000000    4.867914938    4.867914503    4.958810128
    3.850000000    4.862599401    4.862598967    4.953257971
    3.860000000    4.857290142    4.857289708    4.947712518
    3.870000000    4.851987173    4.851986740    4.942173781
    3.880000000    4.846690504    4.846690072    4.936641774
    3.890000000    4.841400146    4.841399715    4.931116507
    3.900000000    4.836116110    4.836115680    4.925597993
    3.910000000    4.830838407    4.830837978    4.920086244
    3.920000000    4.825567047    4.825566618    4.914581272
    3.930000000    4.820302040    4.820301612    4.909083087
    3.940000000    4.815043395    4.815042968    4.903591701
    3.950000000    4.809791123    4.809790696    4.898107126
    3.960000000    4.804545232    4.804544807    4.892629371
    3.970000000    4.799305733    4.799305309    4.887158447
    3.980000000    4.794072635    4.794072211    4.881694365
    3.990000000    4.788845946    4.788845523    4.876237135
    4.000000000    4.783625676    4.783625253    4.870786767
    4.010000000    4.778411832    4.778411410    4.865343270
    4.020000000    4.773204424    4.773204003    4.859906654
    4.030000000    4.768003459    4.768003039    4.854476929
    4.040000000    4.762808947    4.762808527    4.849054103
    4.050000000    4.757620894    4.757620475    4.843638186
    4.060000000    4.752439308    4.752438891    4.838229187
    4.070000000    4.747264198    4.747263781    4.832827113
    4.080000000    4.742095571    4.742095155    4.827431974
    4.090000000    4.736933434    4.736933018    4.822043777
    4.100000000    4.731777794    4.731777379    4.816662531
    4.110000000    4.726628658    4.726628244    4.811288244
    4.120000000    4.721486033    4.721485620    4.805920923
    4.130000000    4.716349926    4.716349513    4.800560576
    4.140000000    4.711220343    4.711219931    4.795207210
    4.150000000    4.706097291    4.706096879    4.789860832
    4.160000000    4.700980775    4.700980364    4.784521450
    4.170000000    4.695870802    4.695870392    4.779189070
    4.180000000    4.690767378    4.690766969    4.773863699
    4.190000000    4.685670509    4.685670100    4.768545343
    4.200000000    4.680580200    4.680579792    4.763234009
    4.210000000    4.675496457    4.675496049    4.757929703
    4.220000000    4.670419284    4.670418878    4.752632431
    4.230000000    4.665348688    4.665348282    4.747342199
    4.240000000    4.660284674    4.660284268    4.742059012
    4.250000000    4.655227245    4.655226841    4.736782876
    4.260000000    4.650176408    4.650176004    4.731513797
    4.270000000    4.645132166    4.645131763    4.726251779
    4.280000000    4.640094525    4.640094122    4.720996828
    4.290000000    4.635063488    4.635063086    4.715748949
    4.300000000    4.630039060    4.630038659    4.710508146
    4.310000000    4.625021246    4.625020845    4.705274424
    4.320000000    4.620010048    4.620009648    4.700047788
    4.330000000    4.615005471    4.615005071    4.694828242
    4.340000000    4.610007519    4.610007120    4.689615789
    4.350000000    4.605016195    4.605015796    4.684410435
    4.360000000    4.600031502    4.600031105    4.679212183
    4.370000000    4.595053445    4.595053048    4.674021037
    4.380000000    4.590082027    4.590081630    4.668837000
    4.390000000    4.585117249    4.585116854    4.663660076
    4.400000000    4.580159117    4.580158721    4.658490268
    4.410000000    4.575207631    4.575207237    4.653327580
    4.420000000    4.570262796    4.570262402    4.648172015
    4.430000000    4.565324613    4.565324220    4.643023575
    4.440000000    4.560393086    4.560392694    4.637882263
    4.450000000    4.555468217    4.555467825    4.632748082
    4.460000000    4.550550008    4.550549616    4.627621035
    4.470000000    4.545638461    4.545638070    4.622501124
    4.480000000    4.540733578    4.540733187    4.617388352
    4.490000000    4.535835362    4.535834972    4.612282720
    4.500000000    4.530943813    4.530943424    4.607184230
    4.510000000    4.526058935    4.526058546    4.602092885
    4.520000000    4.521180728    4.521180340    4.597008687
    4.530000000    4.516309195    4.516308807    4.591931636
    4.540000000    4.511444336    4.511443949    4.586861735
    4.550000000    4.506586153    4.506585766    4.581798985
    4.560000000    4.501734647    4.501734261    4.576743388
    4.570000000    4.496889819    4.496889434    4.571694944
    4.580000000    4.492051671    4.492051286    4.566653655
    4.590000000    4.487220202    4.487219818    4.561619521
    4.600000000    4.482395415    4.482395031    4.556592545
    4.610000000    4.477577310    4.477576926    4.551572725
    4.620000000    4.472765886    4.472765504    4.546560064
    4.630000000    4.467961146    4.467960764    4.541554561
    4.640000000    4.463163089    4.463162708    4.536556217
    4.650000000    4.458371716    4.458371335    4.531565033
    4.660000000    4.453587027    4.453586646    4.526581008
    4.670000000    4.448809022    4.448808642    4.521604143
    4.680000000    4.444037701    4.444037321    4.516634438
    4.690000000    4.439273064    4.439272685    4.511671892
    4.700000000    4.434515111    4.434514733    4.506716506
    4.710000000    4.429763842    4.429763464    4.501768278
    4.720000000    4.425019257    4.425018879    4.496827210
    4.730000000    4.420281354    4.420280977    4.491893300
    4.740000000    4.415550134    4.415549758    4.486966547
    4.750000000    4.410825597    4.410825220    4.482046951
    4.760000000    4.406107740    4.406107365    4.477134512
    4.770000000    4.401396565    4.401396189    4.472229228
    4.780000000    4.396692069    4.396691694    4.467331098
    4.790000000    4.391994252    4.391993878    4.462440121
    4.800000000    4.387303113    4.387302739    4.457556296
    4.810000000    4.382618651    4.382618278    4.452679622
    4.820000000    4.377940865    4.377940492    4.447810098
    4.830000000    4.373269753    4.373269381    4.442947722
    4.840000000    4.368605315    4.368604943    4.438092492
    4.850000000    4.363947548    4.363947177    4.433244407
    4.860000000    4.359296452    4.359296081    4.428403465
    4.870000000    4.354652025    4.354651655    4.423569664
    4.880000000    4.350014265    4.350013895    4.418743003
    4.890000000    4.345383171    4.345382801    4.413923479
    4.900000000    4.340758740    4.340758371    4.409111091
    4.910000000    4.336140971    4.336140603    4.404305836
    4.920000000    4.331529863    4.331529494    4.399507712
    4.930000000    4.326925412    4.326925044    4.394716717
    4.940000000    4.322327617    4.322327250    4.389932849
    4.950000000    4.317736476    4.317736110    4.385156104
    4.960000000    4.313151987    4.313151621    4.380386480
    4.970000000    4.308574148    4.308573782    4.375623976
    4.980000000    4.304002955    4.304002589    4.370868587
    4.990000000    4.299438407    4.299438042    4.366120312
    5.000000000    4.294880501    4.294880136    4.361379147
    5.010000000    4.290329235    4.290328870    4.356645090
    5.020000000    4.285784605    4.285784241    4.351918137
    5.030000000    4.281246610    4.281246247    4.347198285
    5.040000000    4.276715247    4.276714884    4.342485532
    5.050000000    4.272190512    4.272190150    4.337779873
    5.060000000    4.267672403    4.267672041    4.333081307
    5.070000000    4.263160918    4.263160556    4.328389828
    5.080000000    4.258656052    4.258655690    4.323705435
    5.090000000    4.254157803    4.254157442    4.319028123
    5.100000000    4.249666167    4.249665807    4.314357888
    5.110000000    4.245181143    4.245180783    4.309694728
    5.120000000    4.240702725    4.240702366    4.305038638
    5.130000000    4.236230912    4.236230553    4.300389615
    5.140000000    4.231765699    4.231765340    4.295747654
    5.150000000    4.227307084    4.227306725    4.291112753
    5.160000000    4.222855062    4.222854704    4.286484906
    5.170000000    4.218409630    4.218409273    4.281864110
    5.180000000    4.213970785    4.213970428    4.277250360
    5.190000000    4.209538523    4.209538166    4.272643653
    5.200000000    4.205112841    4.205112484    4.268043985
    5.210000000    4.200693733    4.200693377    4.263451350
    5.220000000    4.196281197    4.196280842    4.258865744
    5.230000000    4.191875230    4.191874874    4.254287164
    5.240000000    4.187475825    4.187475470    4.249715605
    5.250000000    4.183082981    4.183082626    4.245151061
    5.260000000    4.178696693    4.178696338    4.240593529
    5.270000000    4.174316956    4.174316602    4.236043004
    5.280000000    4.169943766    4.169943413    4.231499481
    5.290000000    4.165577121    4.165576767    4.226962955
    5.300000000    4.161217014    4.161216661    4.222433422
    5.310000000    4.156863442    4.156863089    4.217910876
    5.320000000    4.152516401    4.152516048    4.213395313
    5.330000000    4.148175885    4.148175533    4.208886727
    5.340000000    4.143841891    4.143841540    4.204385114
    5.350000000    4.139514415    4.139514064    4.199890469
    5.360000000    4.135193451    4.135193100    4.195402785
    5.370000000    4.130878995    4.130878645    4.190922059
    5.380000000    4.126571043    4.126570693    4.186448284
    5.390000000    4.122269589    4.122269239    4.181981456
    5.400000000    4.117974629    4.117974280    4.177521569
    5.410000000    4.113686159    4.113685810    4.173068618
    5.420000000    4.109404173    4.109403824    4.168622596
    5.430000000    4.105128666    4.105128318    4.164183500
    5.440000000    4.100859634    4.100859286    4.159751322
    5.450000000    4.096597072    4.096596725    4.155326058
    5.460000000    4.092340975    4.092340628    4.150907701
    5.470000000    4.088091337    4.088090990    4.146496247
    5.480000000    4.083848154    4.083847807    4.142091689
    5.490000000    4.079611420    4.079611074    4.137694021
    5.500000000    4.075381131    4.075380785    4.133303238
    5.510000000    4.071157281    4.071156935    4.128919334
    5.520000000    4.066939864    4.066939519    4.124542302
    5.530000000    4.062728877    4.062728532    4.120172138
    5.540000000    4.058524312    4.058523968    4.115808834
    5.550000000    4.054326166    4.054325822    4.111452384
    5.560000000    4.050134432    4.050134088    4.107102783
    5.570000000    4.045949105    4.045948762    4.102760025
    5.580000000    4.041770180    4.041769837    4.098424102
    5.590000000    4.037597651    4.037597308    4.094095010
    5.600000000    4.033431513    4.033431170    4.089772741
    5.610000000    4.029271759    4.029271417    4.085457290
    5.620000000    4.025118385    4.025118043    4.081148649
    5.630000000    4.020971385    4.020971043    4.076846813
    5.640000000    4.016830752    4.016830411    4.072551775
    5.650000000    4.012696482    4.012696141    4.068263529
    5.660000000    4.008568569    4.008568228    4.063982067
    5.670000000    4.004447006    4.004446665    4.059707385
    5.680000000    4.000331788    4.000331448    4.055439474
    5.690000000    3.996222909    3.996222569    4.051178328
    5.700000000    3.992120364    3.992120024    4.046923941
    5.710000000    3.988024145    3.988023806    4.042676306
    5.720000000    3.983934248    3.983933909    4.038435416
    5.730000000    3.979850666    3.979850327    4.034201264
    5.740000000    3.975773393    3.975773055    4.029973844
    5.750000000    3.971702424    3.971702086    4.025753149
    5.760000000    3.967637751    3.967637413    4.021539171
    5.770000000    3.963579370    3.963579032    4.017331904
    5.780000000    3.959527273    3.959526936    4.013131342
    5.790000000    3.955481455    3.955481118    4.008937476
    5.800000000    3.951441910    3.951441573    4.004750300
    5.810000000    3.947408630    3.947408294    4.000569807
    5.820000000    3.943381611    3.943381274    3.996395990
    5.830000000    3.939360845    3.939360509    3.992228842
    5.840000000    3.935346326    3.935345991    3.988068355
    5.850000000    3.931338049    3.931337713    3.983914522
    5.860000000    3.927336006    3.927335671    3.979767337
    5.870000000    3.923340191    3.923339856    3.975626792
    5.880000000    3.919350598    3.919350263    3.971492880
    5.890000000    3.915367220    3.915366886    3.967365593
    5.900000000    3.911390051    3.911389717    3.963244924
    5.910000000    3.907419084    3.907418750    3.959130866
    5.920000000    3.903454313    3.903453980    3.955023411
    5.930000000    3.899495731    3.899495398    3.950922552
    5.940000000    3.895543332    3.895542999    3.946828282
    5.950000000    3.891597109    3.891596776    3.942740593
    5.960000000    3.887657055    3.887656722    3.938659478
    5.970000000    3.883723163    3.883722831    3.934584928
    5.980000000    3.879795428    3.879795096    3.930516938
    5.990000000    3.875873842    3.875873511    3.926455498
    6.000000000    3.871958399    3.871958067    3.922400602
    6.010000000    3.868049091    3.868048760    3.918352242
    6.020000000    3.864145912    3.864145582    3.914310410
    6.030000000    3.860248856    3.860248525    3.910275099
    6.040000000    3.856357915    3.856357585    3.906246300
    6.050000000    3.852473082    3.852472752    3.902224007
    6.060000000    3.848594352    3.848594022    3.898208211
    6.070000000    3.844721716    3.844721386    3.894198905
    6.080000000    3.840855167    3.840854838    3.890196081
    6.090000000    3.836994700    3.836994371    3.886199731
    6.100000000    3.833140307    3.833139978    3.882209848
    6.110000000    3.829291981    3.829291653    3.878226423
    6.120000000    3.825449715    3.825449387    3.874249448
    6.130000000    3.821613502    3.821613174    3.870278917
    6.140000000    3.817783335    3.817783007    3.866314820
    6.150000000    3.813959207    3.813958880    3.862357150
    6.160000000    3.810141111    3.810140784    3.858405900
    6.170000000    3.806329040    3.806328713    3.854461060
    6.180000000    3.802522987    3.802522660    3.850522624
    6.190000000    3.798722944    3.798722617    3.846590583
    6.200000000    3.794928904    3.794928578    3.842664929
    6.210000000    3.791140861    3.791140535    3.838745654
    6.220000000    3.787358807    3.787358482    3.834832750
    6.230000000    3.783582736    3.783582410    3.830926209
    6.240000000    3.779812638    3.779812313    3.827026023
    6.250000000    3.776048509    3.776048184    3.823132183
    6.260000000    3.772290339    3.772290015    3.819244683
    6.270000000    3.768538123    3.768537798    3.815363513
    6.280000000    3.764791853    3.764791528    3.811488665
    6.290000000    3.761051521    3.761051196    3.807620131
    6.300000000    3.757317120    3.757316796    3.803757904
    6.310000000    3.753588643    3.753588319    3.799901974
    6.320000000    3.749866083    3.749865759    3.796052334
    6.330000000    3.746149432    3.746149108    3.792208976
    6.340000000    3.742438682    3.742438359    3.788371890
    6.350000000    3.738733827    3.738733505    3.784541070
    6.360000000    3.735034860    3.735034537    3.780716506
    6.370000000    3.731341772    3.731341449    3.776898190
    6.380000000    3.727654556    3.727654234    3.773086115
    6.390000000    3.723973205    3.723972883    3.769280271
    6.400000000    3.720297711    3.720297390    3.765480650
    6.410000000    3.716628068    3.716627746    3.761687245
    6.420000000    3.712964267    3.712963946    3.757900046
    6.430000000    3.709306301    3.709305980    3.754119046
    6.440000000    3.705654162    3.705653842    3.750344235
    6.450000000    3.702007844    3.702007523    3.746575606
    6.460000000    3.698367338    3.698367018    3.742813151
    6.470000000    3.694732637    3.694732317    3.739056860
    6.480000000    3.691103734    3.691103414    3.735306725
    6.490000000    3.687480620    3.687480300    3.731562738
    6.500000000    3.683863289    3.683862969    3.727824891
    6.510000000    3.680251732    3.680251413    3.724093175
    6.520000000    3.676645943    3.676645624    3.720367581
    6.530000000    3.673045913    3.673045594    3.716648101
    6.540000000    3.669451636    3.669451317    3.712934727
    6.550000000    3.665863102    3.665862784    3.709227450
    6.560000000    3.662280306    3.662279988    3.705526261
    6.570000000    3.658703239    3.658702921    3.701831152
    6.580000000    3.655131893    3.655131575    3.698142115
    6.590000000    3.651566261    3.651565943    3.694459141
    6.600000000    3.648006335    3.648006018    3.690782221
    6.610000000    3.644452108    3.644451791    3.687111347
    6.620000000    3.640903572    3.640903255    3.683446511
    6.630000000    3.637360719    3.637360402    3.679787703
    6.640000000    3.633823541    3.633823225    3.676134915
    6.650000000    3.630292032    3.630291715    3.672488139
    6.660000000    3.626766182    3.626765866    3.668847366
    6.670000000    3.623245985    3.623245669    3.665212587
    6.680000000    3.619731432    3.619731116    3.661583794
    6.690000000    3.616222516    3.616222201    3.657960978
    6.700000000    3.612719230    3.612718915    3.654344131
    6.710000000    3.609221565    3.609221250    3.650733244
    6.720000000    3.605729514    3.605729199    3.647128307
    6.730000000    3.602243068    3.602242754    3.643529314
    6.740000000    3.598762221    3.598761907    3.639936255
    6.750000000    3.595286965    3.595286650    3.636349120
    6.760000000    3.591817291    3.591816976    3.632767903
    6.770000000    3.588353192    3.588352877    3.629192594
    6.780000000    3.584894659    3.584894346    3.625623184
    6.790000000    3.581441687    3.581441373    3.622059664
    6.800000000    3.577994265    3.577993952    3.618502027
    6.810000000    3.574552388    3.574552074    3.614950263
    6.820000000    3.571116046    3.571115733    3.611404363
    6.830000000    3.567685232    3.567684919    3.607864320
    6.840000000    3.564259939    3.564259626    3.604330124
    6.850000000    3.560840158    3.560839845    3.600801766
    6.860000000    3.557425882    3.557425569    3.597279238
    6.870000000    3.554017102    3.554016790    3.593762532
    6.880000000    3.550613811    3.550613499    3.590251637
    6.890000000    3.547216002    3.547215690    3.586746547
    6.900000000    3.543823665    3.543823354    3.583247251
    6.910000000    3.540436794    3.540436483    3.579753742
    6.920000000    3.537055381    3.537055070    3.576266011
    6.930000000    3.533679417    3.533679106    3.572784048
    6.940000000    3.530308895    3.530308584    3.569307845
    6.950000000    3.526943807    3.526943497    3.565837394
    6.960000000    3.523584145    3.523583835    3.562372685
    6.970000000    3.520229902    3.520229591    3.558913710
    6.980000000    3.516881068    3.516880758    3.555460461
    6.990000000    3.513537638    3.513537328    3.552012927
    7.000000000    3.510199601    3.510199292    3.548571102
    7.010000000    3.506866952    3.506866642    3.545134975
    7.020000000    3.503539681    3.503539372    3.541704539
    7.030000000    3.500217782    3.500217472    3.538279784
    7.040000000    3.496901245    3.496900936    3.534860702
    7.050000000    3.493590063    3.493589755    3.531447284
    7.060000000    3.490284229    3.490283921    3.528039521
    7.070000000    3.486983735    3.486983426    3.524637404
    7.080000000    3.483688571    3.483688263    3.521240925
    7.090000000    3.480398732    3.480398423    3.517850076
    7.100000000    3.477114208    3.477113900    3.514464846
    7.110000000    3.473834992    3.473834684    3.511085228
    7.120000000    3.470561075    3.470560768    3.507711213
    7.130000000    3.467292451    3.467292144    3.504342791
    7.140000000    3.464029111    3.464028804    3.500979955
    7.150000000    3.460771047    3.460770740    3.497622695
    7.160000000    3.457518252    3.457517945    3.494271003
    7.170000000    3.454270717    3.454270410    3.490924870
    7.180000000    3.451028434    3.451028127    3.487584288
    7.190000000    3.447791396    3.447791089    3.484249247
    7.200000000    3.444559595    3.444559288    3.480919738
    7.210000000    3.441333022    3.441332716    3.477595754
    7.220000000    3.438111670    3.438111364    3.474277285
    7.230000000    3.434895532    3.434895226    3.470964322
    7.240000000    3.431684598    3.431684293    3.467656857
    7.250000000    3.428478862    3.428478556    3.464354881
    7.260000000    3.425278315    3.425278009    3.461058386
    7.270000000    3.422082949    3.422082644    3.457767362
    7.280000000    3.418892757    3.418892452    3.454481801
    7.290000000    3.415707730    3.415707425    3.451201694
    7.300000000    3.412527861    3.412527557    3.447927033
    7.310000000    3.409353142    3.409352838    3.444657808
    7.320000000    3.406183565    3.406183260    3.441394011
    7.330000000    3.403019121    3.403018817    3.438135634
    7.340000000    3.399859804    3.399859500    3.434882667
    7.350000000    3.396705605    3.396705301    3.431635101
    7.360000000    3.393556517    3.393556213    3.428392929
    7.370000000    3.390412530    3.390412227    3.425156141
    7.380000000    3.387273639    3.387273335    3.421924729
    7.390000000    3.384139834    3.384139530    3.418698684
    7.400000000    3.381011107    3.381010804    3.415477997
    7.410000000    3.377887452    3.377887149    3.412262660
    7.420000000    3.374768860    3.374768557    3.409052664
    7.430000000    3.371655322    3.371655020    3.405848000
    7.440000000    3.368546832    3.368546530    3.402648659
    7.450000000    3.365443382    3.365443079    3.399454633
    7.460000000    3.362344963    3.362344661    3.396265914
    7.470000000    3.359251567    3.359251265    3.393082492
    7.480000000    3.356163187    3.356162886    3.389904358
    7.490000000    3.353079816    3.353079514    3.386731505
    7.500000000    3.350001444    3.350001142    3.383563924
    7.510000000    3.346928064    3.346927763    3.380401605
    7.520000000    3.343859669    3.343859368    3.377244541
    7.530000000    3.340796251    3.340795950    3.374092722
    7.540000000    3.337737800    3.337737500    3.370946140
    7.550000000    3.334684311    3.334684010    3.367804786
    7.560000000    3.331635775    3.331635474    3.364668652
    7.570000000    3.328592184    3.328591883    3.361537729
    7.580000000    3.325553530    3.325553230    3.358412008
    7.590000000    3.322519805    3.322519505    3.355291481
    7.600000000    3.319491003    3.319490703    3.352176139
    7.610000000    3.316467114    3.316466814    3.349065974
    7.620000000    3.313448131    3.313447831    3.345960977
    7.630000000    3.310434046    3.310433746    3.342861139
    7.640000000    3.307424851    3.307424552    3.339766452
    7.650000000    3.304420539    3.304420240    3.336676907
    7.660000000    3.301421102    3.301420803    3.333592496
    7.670000000    3.298426532    3.298426233    3.330513210
    7.680000000    3.295436821    3.295436522    3.327439040
    7.690000000    3.292451961    3.292451662    3.324369978
    7.700000000    3.289471945    3.289471646    3.321306016
    7.710000000    3.286496764    3.286496466    3.318247144
    7.720000000    3.283526412    3.283526114    3.315193355
    7.730000000    3.280560880    3.280560582    3.312144639
    7.740000000    3.277600160    3.277599862    3.309100989
    7.750000000    3.274644245    3.274643947    3.306062395
    7.760000000    3.271693127    3.271692829    3.303028849
    7.770000000    3.268746798    3.268746501    3.300000343
    7.780000000    3.265805251    3.265804953    3.296976869
    7.790000000    3.262868477    3.262868180    3.293958417
    7.800000000    3.259936469    3.259936172    3.290944979
    7.810000000    3.257009220    3.257008923    3.287936546
    7.820000000    3.254086721    3.254086424    3.284933111
    7.830000000    3.251168965    3.251168668    3.281934665
    7.840000000    3.248255944    3.248255647    3.278941199
    7.850000000    3.245347650    3.245347353    3.275952704
    7.860000000    3.242444076    3.242443779    3.272969173
    7.870000000    3.239545213    3.239544917    3.269990597
    7.880000000    3.236651055    3.236650759    3.267016968
    7.890000000    3.233761594    3.233761298    3.264048276
    7.900000000    3.230876821    3.230876526    3.261084515
    7.910000000    3.227996730    3.227996435    3.258125674
    7.920000000    3.225121312    3.225121017    3.255171746
    7.930000000    3.222250560    3.222250265    3.252222723
    7.940000000    3.219384466    3.219384171    3.249278596
    7.950000000    3.216523023    3.216522728    3.246339356
    7.960000000    3.213666223    3.213665928    3.243404995
    7.970000000    3.210814057    3.210813763    3.240475506
    7.980000000    3.207966520    3.207966225    3.237550879
    7.990000000    3.205123602    3.205123308    3.234631106
    8.000000000    3.202285297    3.202285003    3.231716179
    8.010000000    3.199451596    3.199451302    3.228806090
    8.020000000    3.196622493    3.196622199    3.225900830
    8.030000000    3.193797979    3.193797685    3.223000390
    8.040000000    3.190978047    3.190977753    3.220104764
    8.050000000    3.188162689    3.188162396    3.217213941
    8.060000000    3.185351898    3.185351605    3.214327915
    8.070000000    3.182545667    3.182545373    3.211446676
    8.080000000    3.179743986    3.179743693    3.208570216
    8.090000000    3.176946850    3.176946557    3.205698528
    8.100000000    3.174154251    3.174153958    3.202831603
    8.110000000    3.171366180    3.171365887    3.199969432
    8.120000000    3.168582630    3.168582338    3.197112007
    8.130000000    3.165803595    3.165803302    3.194259321
    8.140000000    3.163029065    3.163028773    3.191411365
    8.150000000    3.160259035    3.160258742    3.188568130
    8.160000000    3.157493495    3.157493203    3.185729609
    8.170000000    3.154732440    3.154732148    3.182895793
    8.180000000    3.151975860    3.151975568    3.180066674
    8.190000000    3.149223749    3.149223458    3.177242244
    8.200000000    3.146476100    3.146475809    3.174422495
    8.210000000    3.143732904    3.143732613    3.171607419
    8.220000000    3.140994155    3.140993864    3.168797007
    8.230000000    3.138259844    3.138259553    3.165991251
    8.240000000    3.135529965    3.135529674    3.163190143
    8.250000000    3.132804510    3.132804219    3.160393675
    8.260000000    3.130083471    3.130083180    3.157601840
    8.270000000    3.127366841    3.127366551    3.154814628
    8.280000000    3.124654613    3.124654323    3.152032031
    8.290000000    3.121946779    3.121946489    3.149254043
    8.300000000    3.119243332    3.119243042    3.146480653
    8.310000000    3.116544264    3.116543974    3.143711856
    8.320000000    3.113849568    3.113849278    3.140947641
    8.330000000    3.111159236    3.111158947    3.138188002
    8.340000000    3.108473262    3.108472973    3.135432930
    8.350000000    3.105791638    3.105791348    3.132682418
    8.360000000    3.103114356    3.103114066    3.129936457
    8.370000000    3.100441409    3.100441120    3.127195039
    8.380000000    3.097772790    3.097772501    3.124458156
    8.390000000    3.095108491    3.095108202    3.121725800
    8.400000000    3.092448505    3.092448216    3.118997964
    8.410000000    3.089792825    3.089792536    3.116274638
    8.420000000    3.087141443    3.087141155    3.113555817
    8.430000000    3.084494352    3.084494064    3.110841490
    8.440000000    3.081851546    3.081851257    3.108131651
    8.450000000    3.079213015    3.079212727    3.105426291
    8.460000000    3.076578754    3.076578466    3.102725403
    8.470000000    3.073948755    3.073948467    3.100028978
    8.480000000    3.071323010    3.071322722    3.097337009
    8.490000000    3.068701513    3.068701225    3.094649488
    8.500000000    3.066084255    3.066083968    3.091966406
    8.510000000    3.063471231    3.063470944    3.089287757
    8.520000000    3.060862432    3.060862145    3.086613532
    8.530000000    3.058257852    3.058257565    3.083943723
    8.540000000    3.055657483    3.055657196    3.081278323
    8.550000000    3.053061318    3.053061031    3.078617323
    8.560000000    3.050469349    3.050469063    3.075960716
    8.570000000    3.047881570    3.047881284    3.073308494
    8.580000000    3.045297974    3.045297687    3.070660649
    8.590000000    3.042718553    3.042718266    3.068017174
    8.600000000    3.040143299    3.040143013    3.065378060
    8.610000000    3.037572207    3.037571921    3.062743300
    8.620000000    3.035005268    3.035004982    3.060112886
    8.630000000    3.032442476    3.032442190    3.057486810
    8.640000000    3.029883824    3.029883538    3.054865065
    8.650000000    3.027329303    3.027329017    3.052247642
    8.660000000    3.024778908    3.024778622    3.049634535
    8.670000000    3.022232631    3.022232345    3.047025735
    8.680000000    3.019690465    3.019690179    3.044421235
    8.690000000    3.017152402    3.017152117    3.041821026
    8.700000000    3.014618437    3.014618152    3.039225102
    8.710000000    3.012088561    3.012088276    3.036633455
    8.720000000    3.009562768    3.009562483    3.034046077
    8.730000000    3.007041050    3.007040766    3.031462959
    8.740000000    3.004523401    3.004523117    3.028884096
    8.750000000    3.002009814    3.002009529    3.026309479
    8.760000000    2.999500281    2.999499996    3.023739100
    8.770000000    2.996994795    2.996994511    3.021172951
    8.780000000    2.994493350    2.994493066    3.018611027
    8.790000000    2.991995938    2.991995654    3.016053317
    8.800000000    2.989502553    2.989502269    3.013499816
    8.810000000    2.987013187    2.987012904    3.010950515
    8.820000000    2.984527834    2.984527550    3.008405407
    8.830000000    2.982046486    2.982046203    3.005864485
    8.840000000    2.979569137    2.979568854    3.003327741
    8.850000000    2.977095779    2.977095496    3.000795166
    8.860000000    2.974626406    2.974626123    2.998266755
    8.870000000    2.972161011    2.972160728    2.995742499
    8.880000000    2.969699587    2.969699304    2.993222391
    8.890000000    2.967242126    2.967241844    2.990706423
    8.900000000    2.964788623    2.964788340    2.988194588
    8.910000000    2.962339069    2.962338787    2.985686878
    8.920000000    2.959893459    2.959893177    2.983183287
    8.930000000    2.957451785    2.957451503    2.980683806
    8.940000000    2.955014041    2.955013759    2.978188428
    8.950000000    2.952580219    2.952579937    2.975697146
    8.960000000    2.950150313    2.950150032    2.973209952
    8.970000000    2.947724316    2.947724035    2.970726839
    8.980000000    2.945302221    2.945301940    2.968247800
    8.990000000    2.942884022    2.942883740    2.965772827
    9.000000000    2.940469711    2.940469429    2.963301913
    9.010000000    2.938059281    2.938059000    2.960835050
    9.020000000    2.935652727    2.935652446    2.958372231
    9.030000000    2.933250040    2.933249759    2.955913449
    9.040000000    2.930851215    2.930850934    2.953458697
    9.050000000    2.928456244    2.928455964    2.951007966
    9.060000000    2.926065122    2.926064841    2.948561251
    9.070000000    2.923677840    2.923677559    2.946118543
    9.080000000    2.921294393    2.921294112    2.943679836
    9.090000000    2.918914773    2.918914493    2.941245122
    9.100000000    2.916538974    2.916538694    2.938814393
    9.110000000    2.914166989    2.914166709    2.936387643
    9.120000000    2.911798812    2.911798532    2.933964865
    9.130000000    2.909434436    2.909434156    2.931546051
    9.140000000    2.907073853    2.907073574    2.929131193
    9.150000000    2.904717059    2.904716779    2.926720286
    9.160000000    2.902364045    2.902363765    2.924313321
    9.170000000    2.900014805    2.900014525    2.921910291
    9.180000000    2.897669332    2.897669053    2.919511190
    9.190000000    2.895327621    2.895327342    2.917116009
    9.200000000    2.892989664    2.892989385    2.914724743
    9.210000000    2.890655454    2.890655175    2.912337384
    9.220000000    2.888324985    2.888324707    2.909953924
    9.230000000    2.885998251    2.885997973    2.907574357
    9.240000000    2.883675245    2.883674966    2.905198675
    9.250000000    2.881355960    2.881355682    2.902826872
    9.260000000    2.879040390    2.879040111    2.900458940
    9.270000000    2.876728528    2.876728250    2.898094873
    9.280000000    2.874420367    2.874420089    2.895734663
    9.290000000    2.872115902    2.872115624    2.893378303
    9.300000000    2.869815125    2.869814847    2.891025786
    9.310000000    2.867518031    2.867517753    2.888677106
    9.320000000    2.865224612    2.865224334    2.886332254
    9.330000000    2.862934861    2.862934584    2.883991225
    9.340000000    2.860648774    2.860648497    2.881654011
    9.350000000    2.858366343    2.858366065    2.879320606
    9.360000000    2.856087561    2.856087284    2.876991002
    9.370000000    2.853812422    2.853812145    2.874665192
    9.380000000    2.851540920    2.851540643    2.872343169
    9.390000000    2.849273049    2.849272772    2.870024927
    9.400000000    2.847008801    2.847008524    2.867710458
    9.410000000    2.844748171    2.844747894    2.865399757
    9.420000000    2.842491152    2.842490875    2.863092815
    9.430000000    2.840237737    2.840237461    2.860789626
    9.440000000    2.837987921    2.837987645    2.858490182
    9.450000000    2.835741696    2.835741420    2.856194479
    9.460000000    2.833499057    2.833498781    2.853902507
    9.470000000    2.831259998    2.831259722    2.851614261
    9.480000000    2.829024511    2.829024235    2.849329734
    9.490000000    2.826792590    2.826792314    2.847048918
    9.500000000    2.824564230    2.824563954    2.844771808
    9.510000000    2.822339423    2.822339148    2.842498396
    9.520000000    2.820118164    2.820117889    2.840228675
    9.530000000    2.817900446    2.817900171    2.837962639
    9.540000000    2.815686263    2.815685988    2.835700281
    9.550000000    2.813475609    2.813475334    2.833441594
    9.560000000    2.811268477    2.811268202    2.831186572
    9.570000000    2.809064861    2.809064586    2.828935208
    9.580000000    2.806864754    2.806864480    2.826687494
    9.590000000    2.804668152    2.804667877    2.824443425
    9.600000000    2.802475047    2.802474772    2.822202994
    9.610000000    2.800285433    2.800285158    2.819966194
    9.620000000    2.798099304    2.798099029    2.817733018
    9.630000000    2.795916653    2.795916379    2.815503459
    9.640000000    2.793737475    2.793737201    2.813277512
    9.650000000    2.791561764    2.791561490    2.811055169
    9.660000000    2.789389513    2.789389239    2.808836424
    9.670000000    2.787220715    2.787220442    2.806621270
    9.680000000    2.785055366    2.785055092    2.804409701
    9.690000000    2.782893458    2.782893185    2.802201710
    9.700000000    2.780734986    2.780734712    2.799997290
    9.710000000    2.778579943    2.778579670    2.797796435
    9.720000000    2.776428324    2.776428051    2.795599138
    9.730000000    2.774280122    2.774279849    2.793405393
    9.740000000    2.772135330    2.772135058    2.791215193
    9.750000000    2.769993945    2.769993672    2.789028532
    9.760000000    2.767855958    2.767855685    2.786845403
    9.770000000    2.765721363    2.765721091    2.784665800
    9.780000000    2.763590156    2.763589884    2.782489716
    9.790000000    2.761462330    2.761462057    2.780317145
    9.800000000    2.759337878    2.759337606    2.778148080
    9.810000000    2.757216795    2.757216523    2.775982515
    9.820000000    2.755099075    2.755098803    2.773820443
    9.830000000    2.752984712    2.752984440    2.771661858
    9.840000000    2.750873699    2.750873427    2.769506754
    9.850000000    2.748766031    2.748765759    2.767355124
    9.860000000    2.746661702    2.746661430    2.765206961
    9.870000000    2.744560705    2.744560434    2.763062260
    9.880000000    2.742463036    2.742462764    2.760921014
    9.890000000    2.740368687    2.740368416    2.758783217
    9.900000000    2.738277653    2.738277382    2.756648861
    9.910000000    2.736189928    2.736189657    2.754517942
    9.920000000    2.734105507    2.734105236    2.752390452
    9.930000000    2.732024382    2.732024111    2.750266385
    9.940000000    2.729946549    2.729946278    2.748145736
    9.950000000    2.727872001    2.727871731    2.746028497
    9.960000000    2.725800733    2.725800462    2.743914662
    9.970000000    2.723732738    2.723732468    2.741804225
    9.980000000    2.721668011    2.721667741    2.739697180
    9.990000000    2.719606546    2.719606276    2.737593521
   10.000000000    2.717548338    2.717548068    2.735493241
   10.010000000    2.715493379    2.715493109    2.733396334
   10.020000000    2.713441665    2.713441395    2.731302795
   10.030000000    2.711393189    2.711392920    2.729212615
   10.040000000    2.709347947    2.709347677    2.727125790
   10.050000000    2.707305931    2.707305662    2.725042314
   10.060000000    2.705267137    2.705266867    2.722962179
   10.070000000    2.703231558    2.703231288    2.720885381
   10.080000000    2.701199188    2.701198919    2.718811912
   10.090000000    2.699170023    2.699169754    2.716741767
   10.100000000    2.697144056    2.697143787    2.714674939
   10.110000000    2.695121281    2.695121013    2.712611423
   10.120000000    2.693101694    2.693101425    2.710551212
   10.130000000    2.691085287    2.691085018    2.708494301
   10.140000000    2.689072055    2.689071787    2.706440682
   10.150000000    2.687061994    2.687061725    2.704390350
   10.160000000    2.685055096    2.685054827    2.702343299
   10.170000000    2.683051356    2.683051088    2.700299524
   10.180000000    2.681050769    2.681050501    2.698259017
   10.190000000    2.679053329    2.679053061    2.696221772
   10.200000000    2.677059030    2.677058762    2.694187785
   10.210000000    2.675067867    2.675067599    2.692157048
   10.220000000    2.673079834    2.673079567    2.690129556
   10.230000000    2.671094926    2.671094658    2.688105303
   10.240000000    2.669113136    2.669112868    2.686084283
   10.250000000    2.667134459    2.667134192    2.684066489
   10.260000000    2.665158890    2.665158623    2.682051917
   10.270000000    2.663186423    2.663186156    2.680040559
   10.280000000    2.661217053    2.661216786    2.678032410
   10.290000000    2.659250773    2.659250506    2.676027465
   10.300000000    2.657287579    2.657287312    2.674025716
   10.310000000    2.655327464    2.655327198    2.672027159
   10.320000000    2.653370424    2.653370158    2.670031787
   10.330000000    2.651416453    2.651416186    2.668039594
   10.340000000    2.649465545    2.649465278    2.666050575
   10.350000000    2.647517694    2.647517428    2.664064724
   10.360000000    2.645572896    2.645572630    2.662082035
   10.370000000    2.643631145    2.643630879    2.660102502
   10.380000000    2.641692434    2.641692168    2.658126119
   10.390000000    2.639756760    2.639756494    2.656152880
   10.400000000    2.637824116    2.637823850    2.654182780
   10.410000000    2.635894497    2.635894231    2.652215813
   10.420000000    2.633967897    2.633967632    2.650251973
   10.430000000    2.632044312    2.632044046    2.648291254
   10.440000000    2.630123735    2.630123470    2.646333650
   10.450000000    2.628206161    2.628205896    2.644379156
   10.460000000    2.626291585    2.626291320    2.642427766
   10.470000000    2.624380002    2.624379737    2.640479475
   10.480000000    2.622471406    2.622471141    2.638534275
   10.490000000    2.620565791    2.620565526    2.636592163
   10.500000000    2.618663152    2.618662888    2.634653132
   10.510000000    2.616763485    2.616763220    2.632717176
   10.520000000    2.614866783    2.614866519    2.630784290
   10.530000000    2.612973042    2.612972777    2.628854468
   10.540000000    2.611082255    2.611081991    2.626927704
   10.550000000    2.609194418    2.609194154    2.625003993
   10.560000000    2.607309525    2.607309261    2.623083329
   10.570000000    2.605427572    2.605427308    2.621165706
   10.580000000    2.603548552    2.603548288    2.619251120
   10.590000000    2.601672461    2.601672197    2.617339564
   10.600000000    2.599799293    2.599799029    2.615431032
   10.610000000    2.597929042    2.597928779    2.613525519
   10.620000000    2.596061705    2.596061442    2.611623020
   10.630000000    2.594197275    2.594197012    2.609723529
   10.640000000    2.592335747    2.592335484    2.607827040
   10.650000000    2.590477116    2.590476853    2.605933548
   10.660000000    2.588621377    2.588621114    2.604043047
   10.670000000    2.586768525    2.586768262    2.602155532
   10.680000000    2.584918554    2.584918291    2.600270997
   10.690000000    2.583071459    2.583071197    2.598389437
   10.700000000    2.581227236    2.581226973    2.596510847
   10.710000000    2.579385878    2.579385615    2.594635220
   10.720000000    2.577547381    2.577547118    2.592762551
   10.730000000    2.575711739    2.575711477    2.590892835
   10.740000000    2.573878948    2.573878686    2.589026067
   10.750000000    2.572049002    2.572048740    2.587162240
   10.760000000    2.570221897    2.570221635    2.585301350
   10.770000000    2.568397626    2.568397364    2.583443391
   10.780000000    2.566576185    2.566575924    2.581588358
   10.790000000    2.564757570    2.564757308    2.579736245
   10.800000000    2.562941774    2.562941512    2.577887047
   10.810000000    2.561128792    2.561128531    2.576040758
   10.820000000    2.559318621    2.559318360    2.574197373
   10.830000000    2.557511254    2.557510993    2.572356888
   10.840000000    2.555706686    2.555706425    2.570519295
   10.850000000    2.553904914    2.553904653    2.568684591
   10.860000000    2.552105930    2.552105669    2.566852770
   10.870000000    2.550309731    2.550309470    2.565023826
   10.880000000    2.548516312    2.548516051    2.563197754
   10.890000000    2.546725667    2.546725406    2.561374548
   10.900000000    2.544937791    2.544937531    2.559554205
   10.910000000    2.543152680    2.543152419    2.557736718
   10.920000000    2.541370328    2.541370068    2.555922081
   10.930000000    2.539590731    2.539590471    2.554110290
   10.940000000    2.537813884    2.537813623    2.552301340
   10.950000000    2.536039781    2.536039521    2.550495225
   10.960000000    2.534268417    2.534268158    2.548691940
   10.970000000    2.532499789    2.532499529    2.546891480
   10.980000000    2.530733890    2.530733631    2.545093840
   10.990000000    2.528970717    2.528970457    2.543299013
   11.000000000    2.527210263    2.527210004    2.541506996
   11.010000000    2.525452524    2.525452265    2.539717783
   11.020000000    2.523697496    2.523697237    2.537931369
   11.030000000    2.521945173    2.521944914    2.536147748
   11.040000000    2.520195551    2.520195292    2.534366916
   11.050000000    2.518448624    2.518448365    2.532588868
   11.060000000    2.516704388    2.516704129    2.530813597
   11.070000000    2.514962838    2.514962579    2.529041100
   11.080000000    2.513223969    2.513223710    2.527271370
   11.090000000    2.511487776    2.511487518    2.525504404
   11.100000000    2.509754255    2.509753997    2.523740195
   11.110000000    2.508023401    2.508023143    2.521978740
   11.120000000    2.506295208    2.506294950    2.520220031
   11.130000000    2.504569673    2.504569415    2.518464066
   11.140000000    2.502846790    2.502846532    2.516710838
   11.150000000    2.501126554    2.501126296    2.514960342
   11.160000000    2.499408961    2.499408704    2.513212574
   11.170000000    2.497694006    2.497693749    2.511467529
   11.180000000    2.495981685    2.495981427    2.509725200
   11.190000000    2.494271992    2.494271735    2.507985585
   11.200000000    2.492564923    2.492564666    2.506248676
   11.210000000    2.490860473    2.490860216    2.504514470
   11.220000000    2.489158637    2.489158380    2.502782962
   11.230000000    2.487459411    2.487459154    2.501054146
   11.240000000    2.485762790    2.485762534    2.499328018
   11.250000000    2.484068770    2.484068513    2.497604572
   11.260000000    2.482377345    2.482377088    2.495883804
   11.270000000    2.480688511    2.480688254    2.494165709
   11.280000000    2.479002263    2.479002007    2.492450281
   11.290000000    2.477318597    2.477318341    2.490737517
   11.300000000    2.475637509    2.475637252    2.489027410
   11.310000000    2.473958992    2.473958736    2.487319956
   11.320000000    2.472283043    2.472282787    2.485615151
   11.330000000    2.470609658    2.470609402    2.483912989
   11.340000000    2.468938831    2.468938575    2.482213466
   11.350000000    2.467270558    2.467270302    2.480516576
   11.360000000    2.465604834    2.465604579    2.478822315
   11.370000000    2.463941655    2.463941400    2.477130678
   11.380000000    2.462281017    2.462280761    2.475441661
   11.390000000    2.460622914    2.460622658    2.473755257
   11.400000000    2.458967342    2.458967087    2.472071463
   11.410000000    2.457314297    2.457314042    2.470390274
   11.420000000    2.455663774    2.455663518    2.468711685
   11.430000000    2.454015768    2.454015513    2.467035691
   11.440000000    2.452370275    2.452370020    2.465362287
   11.450000000    2.450727291    2.450727036    2.463691469
   11.460000000    2.449086810    2.449086556    2.462023232
   11.470000000    2.447448829    2.447448575    2.460357571
   11.480000000    2.445813344    2.445813089    2.458694482
   11.490000000    2.444180348    2.444180094    2.457033959
   11.500000000    2.442549839    2.442549585    2.455375998
   11.510000000    2.440921811    2.440921557    2.453720595
   11.520000000    2.439296260    2.439296006    2.452067744
   11.530000000    2.437673182    2.437672928    2.450417441
   11.540000000    2.436052572    2.436052319    2.448769681
   11.550000000    2.434434426    2.434434173    2.447124460
   11.560000000    2.432818740    2.432818486    2.445481772
   11.570000000    2.431205508    2.431205254    2.443841614
   11.580000000    2.429594727    2.429594473    2.442203981
   11.590000000    2.427986392    2.427986139    2.440568867
   11.600000000    2.426380499    2.426380246    2.438936269
   11.610000000    2.424777043    2.424776790    2.437306182
   11.620000000    2.423176020    2.423175767    2.435678600
   11.630000000    2.421577426    2.421577173    2.434053521
   11.640000000    2.419981256    2.419981004    2.432430938
   11.650000000    2.418387507    2.418387254    2.430810848
   11.660000000    2.416796172    2.416795920    2.429193245
   11.670000000    2.415207250    2.415206997    2.427578126
   11.680000000    2.413620734    2.413620481    2.425965485
   11.690000000    2.412036620    2.412036368    2.424355319
   11.700000000    2.410454905    2.410454653    2.422747622
   11.710000000    2.408875585    2.408875332    2.421142391
   11.720000000    2.407298653    2.407298401    2.419539619
   11.730000000    2.405724108    2.405723856    2.417939305
   11.740000000    2.404151943    2.404151692    2.416341441
   11.750000000    2.402582156    2.402581904    2.414746025
   11.760000000    2.401014741    2.401014490    2.413153051
   11.770000000    2.399449695    2.399449443    2.411562516
   11.780000000    2.397887013    2.397886761    2.409974414
   11.790000000    2.396326691    2.396326439    2.408388741
   11.800000000    2.394768724    2.394768473    2.406805494
   11.810000000    2.393213109    2.393212858    2.405224666
   11.820000000    2.391659842    2.391659591    2.403646255
   11.830000000    2.390108917    2.390108666    2.402070255
   11.840000000    2.388560332    2.388560081    2.400496662
   11.850000000    2.387014081    2.387013830    2.398925472
   11.860000000    2.385470160    2.385469910    2.397356680
   11.870000000    2.383928566    2.383928316    2.395790282
   11.880000000    2.382389295    2.382389044    2.394226274
   11.890000000    2.380852341    2.380852091    2.392664651
   11.900000000    2.379317701    2.379317451    2.391105409
   11.910000000    2.377785371    2.377785121    2.389548543
   11.920000000    2.376255347    2.376255097    2.387994049
   11.930000000    2.374727624    2.374727375    2.386441923
   11.940000000    2.373202199    2.373201949    2.384892161
   11.950000000    2.371679067    2.371678817    2.383344758
   11.960000000    2.370158224    2.370157975    2.381799709
   11.970000000    2.368639666    2.368639417    2.380257011
   11.980000000    2.367123390    2.367123140    2.378716660
   11.990000000    2.365609390    2.365609141    2.377178650
   12.000000000    2.364097663    2.364097414    2.375642979
   12.010000000    2.362588205    2.362587956    2.374109640
   12.020000000    2.361081012    2.361080763    2.372578631
   12.030000000    2.359576079    2.359575830    2.371049947
   12.040000000    2.358073404    2.358073155    2.369523584
   12.050000000    2.356572980    2.356572732    2.367999537
   12.060000000    2.355074806    2.355074557    2.366477802
   12.070000000    2.353578876    2.353578627    2.364958375
   12.080000000    2.352085187    2.352084938    2.363441252
   12.090000000    2.350593734    2.350593486    2.361926429
   12.100000000    2.349104514    2.349104266    2.360413901
   12.110000000    2.347617522    2.347617274    2.358903665
   12.120000000    2.346132756    2.346132508    2.357395716
   12.130000000    2.344650210    2.344649962    2.355890049
   12.140000000    2.343169880    2.343169633    2.354386662
   12.150000000    2.341691764    2.341691516    2.352885549
   12.160000000    2.340215856    2.340215609    2.351386706
   12.170000000    2.338742153    2.338741906    2.349890130
   12.180000000    2.337270652    2.337270404    2.348395816
   12.190000000    2.335801347    2.335801100    2.346903760
   12.200000000    2.334334235    2.334333988    2.345413959
   12.210000000    2.332869313    2.332869066    2.343926407
   12.220000000    2.331406576    2.331406329    2.342441101
   12.230000000    2.329946020    2.329945773    2.340958037
   12.240000000    2.328487642    2.328487395    2.339477210
   12.250000000    2.327031437    2.327031191    2.337998617
   12.260000000    2.325577403    2.325577156    2.336522254
   12.270000000    2.324125534    2.324125287    2.335048116
   12.280000000    2.322675827    2.322675581    2.333576199
   12.290000000    2.321228279    2.321228032    2.332106500
   12.300000000    2.319782884    2.319782638    2.330639014
   12.310000000    2.318339641    2.318339395    2.329173738
   12.320000000    2.316898544    2.316898298    2.327710667
   12.330000000    2.315459590    2.315459344    2.326249798
   12.340000000    2.314022775    2.314022529    2.324791125
   12.350000000    2.312588095    2.312587850    2.323334647
   12.360000000    2.311155547    2.311155302    2.321880357
   12.370000000    2.309725127    2.309724881    2.320428253
   12.380000000    2.308296830    2.308296585    2.318978331
   12.390000000    2.306870654    2.306870409    2.317530586
   12.400000000    2.305446594    2.305446349    2.316085014
   12.410000000    2.304024646    2.304024401    2.314641612
   12.420000000    2.302604808    2.302604563    2.313200376
   12.430000000    2.301187074    2.301186829    2.311761302
   12.440000000    2.299771442    2.299771197    2.310324385
   12.450000000    2.298357907    2.298357663    2.308889623
   12.460000000    2.296946467    2.296946222    2.307457010
   12.470000000    2.295537116    2.295536872    2.306026544
   12.480000000    2.294129852    2.294129608    2.304598220
   12.490000000    2.292724671    2.292724427    2.303172034
   12.500000000    2.291321569    2.291321325    2.301747983
   12.510000000    2.289920542    2.289920298    2.300326062
   12.520000000    2.288521587    2.288521343    2.298906269
   12.530000000    2.287124700    2.287124456    2.297488598
   12.540000000    2.285729877    2.285729633    2.296073046
   12.550000000    2.284337115    2.284336871    2.294659610
   12.560000000    2.282946410    2.282946166    2.293248285
   12.570000000    2.281557758    2.281557515    2.291839067
   12.580000000    2.280171156    2.280170913    2.290431954
   12.590000000    2.278786601    2.278786357    2.289026941
   12.600000000    2.277404087    2.277403844    2.287624024
   12.610000000    2.276023613    2.276023370    2.286223199
   12.620000000    2.274645174    2.274644931    2.284824463
   12.630000000    2.273268766    2.273268523    2.283427812
   12.640000000    2.271894386    2.271894144    2.282033242
   12.650000000    2.270522031    2.270521789    2.280640749
   12.660000000    2.269151697    2.269151455    2.279250330
   12.670000000    2.267783380    2.267783138    2.277861981
   12.680000000    2.266417077    2.266416835    2.276475698
   12.690000000    2.265052784    2.265052542    2.275091478
   12.700000000    2.263690497    2.263690255    2.273709316
   12.710000000    2.262330214    2.262329972    2.272329209
   12.720000000    2.260971930    2.260971688    2.270951154
   12.730000000    2.259615642    2.259615400    2.269575146
   12.740000000    2.258261347    2.258261105    2.268201182
   12.750000000    2.256909040    2.256908798    2.266829259
   12.760000000    2.255558719    2.255558477    2.265459372
   12.770000000    2.254210379    2.254210138    2.264091518
   12.780000000    2.252864019    2.252863777    2.262725693
   12.790000000    2.251519632    2.251519391    2.261361893
   12.800000000    2.250177218    2.250176977    2.260000116
   12.810000000    2.248836771    2.248836530    2.258640357
   12.820000000    2.247498289    2.247498048    2.257282612
   12.830000000    2.246161767    2.246161526    2.255926879
   12.840000000    2.244827203    2.244826963    2.254573153
   12.850000000    2.243494594    2.243494353    2.253221431
   12.860000000    2.242163934    2.242163694    2.251871709
   12.870000000    2.240835222    2.240834982    2.250523984
   12.880000000    2.239508454    2.239508214    2.249178252
   12.890000000    2.238183626    2.238183386    2.247834509
   12.900000000    2.236860735    2.236860495    2.246492752
   12.910000000    2.235539777    2.235539537    2.245152977
   12.920000000    2.234220749    2.234220509    2.243815182
   12.930000000    2.232903648    2.232903408    2.242479361
   12.940000000    2.231588470    2.231588231    2.241145512
   12.950000000    2.230275212    2.230274973    2.239813631
   12.960000000    2.228963871    2.228963631    2.238483715
   12.970000000    2.227654442    2.227654203    2.237155760
   12.980000000    2.226346924    2.226346684    2.235829762
   12.990000000    2.225041311    2.225041072    2.234505719
   13.000000000    2.223737602    2.223737363    2.233183626
   13.010000000    2.222435792    2.222435553    2.231863480
   13.020000000    2.221135879    2.221135640    2.230545277
   13.030000000    2.219837859    2.219837620    2.229229015
   13.040000000    2.218541728    2.218541489    2.227914689
   13.050000000    2.217247483    2.217247245    2.226602297
   13.060000000    2.215955122    2.215954883    2.225291834
   13.070000000    2.214664640    2.214664402    2.223983297
   13.080000000    2.213376035    2.213375796    2.222676683
   13.090000000    2.212089302    2.212089064    2.221371988
   13.100000000    2.210804440    2.210804202    2.220069210
   13.110000000    2.209521444    2.209521206    2.218768343
   13.120000000    2.208240311    2.208240073    2.217469386
   13.130000000    2.206961038    2.206960800    2.216172335
   13.140000000    2.205683622    2.205683384    2.214877185
   13.150000000    2.204408059    2.204407821    2.213583935
   13.160000000    2.203134346    2.203134109    2.212292580
   13.170000000    2.201862481    2.201862243    2.211003117
   13.180000000    2.200592459    2.200592221    2.209715542
   13.190000000    2.199324277    2.199324040    2.208429853
   13.200000000    2.198057932    2.198057695    2.207146046
   13.210000000    2.196793422    2.196793185    2.205864118
   13.220000000    2.195530742    2.195530505    2.204584064
   13.230000000    2.194269890    2.194269653    2.203305883
   13.240000000    2.193010862    2.193010626    2.202029570
   13.250000000    2.191753656    2.191753419    2.200755122
   13.260000000    2.190498267    2.190498030    2.199482536
   13.270000000    2.189244693    2.189244457    2.198211809
   13.280000000    2.187992931    2.187992694    2.196942937
   13.290000000    2.186742977    2.186742740    2.195675917
   13.300000000    2.185494828    2.185494592    2.194410746
   13.310000000    2.184248482    2.184248245    2.193147420
   13.320000000    2.183003934    2.183003698    2.191885936
   13.330000000    2.181761182    2.181760946    2.190626291
   13.340000000    2.180520223    2.180519987    2.189368481
   13.350000000    2.179281053    2.179280817    2.188112503
   13.360000000    2.178043670    2.178043434    2.186858355
   13.370000000    2.176808070    2.176807834    2.185606032
   13.380000000    2.175574250    2.175574014    2.184355532
   13.390000000    2.174342207    2.174341971    2.183106851
   13.400000000    2.173111937    2.173111702    2.181859986
   13.410000000    2.171883439    2.171883204    2.180614934
   13.420000000    2.170656709    2.170656474    2.179371691
   13.430000000    2.169431743    2.169431508    2.178130255
   13.440000000    2.168208538    2.168208303    2.176890622
   13.450000000    2.166987092    2.166986858    2.175652789
   13.460000000    2.165767402    2.165767167    2.174416752
   13.470000000    2.164549464    2.164549229    2.173182509
   13.480000000    2.163333275    2.163333040    2.171950057
   13.490000000    2.162118832    2.162118598    2.170719391
   13.500000000    2.160906132    2.160905898    2.169490510
   13.510000000    2.159695173    2.159694939    2.168263410
   13.520000000    2.158485951    2.158485716    2.167038087
   13.530000000    2.157278462    2.157278228    2.165814539
   13.540000000    2.156072705    2.156072471    2.164592762
   13.550000000    2.154868676    2.154868442    2.163372753
   13.560000000    2.153666372    2.153666138    2.162154510
   13.570000000    2.152465789    2.152465556    2.160938029
   13.580000000    2.151266926    2.151266693    2.159723306
   13.590000000    2.150069779    2.150069545    2.158510339
   13.600000000    2.148874345    2.148874111    2.157299125
   13.610000000    2.147680621    2.147680387    2.156089661
   13.620000000    2.146488603    2.146488370    2.154881943
   13.630000000    2.145298290    2.145298057    2.153675968
   13.640000000    2.144109679    2.144109446    2.152471734
   13.650000000    2.142922765    2.142922532    2.151269237
   13.660000000    2.141737546    2.141737314    2.150068474
   13.670000000    2.140554020    2.140553787    2.148869442
   13.680000000    2.139372183    2.139371951    2.147672139
   13.690000000    2.138192032    2.138191800    2.146476560
   13.700000000    2.137013565    2.137013333    2.145282703
   13.710000000    2.135836779    2.135836547    2.144090565
   13.720000000    2.134661670    2.134661438    2.142900143
   13.730000000    2.133488236    2.133488003    2.141711434
   13.740000000    2.132316473    2.132316241    2.140524434
   13.750000000    2.131146379    2.131146148    2.139339141
   13.760000000    2.129977952    2.129977720    2.138155552
   13.770000000    2.128811187    2.128810956    2.136973664
   13.780000000    2.127646083    2.127645851    2.135793474
   13.790000000    2.126482636    2.126482404    2.134614978
   13.800000000    2.125320843    2.125320612    2.133438175
   13.810000000    2.124160702    2.124160471    2.132263060
   13.820000000    2.123002210    2.123001979    2.131089631
   13.830000000    2.121845364    2.121845132    2.129917885
   13.840000000    2.120690160    2.120689929    2.128747818
   13.850000000    2.119536597    2.119536366    2.127579429
   13.860000000    2.118384671    2.118384440    2.126412714
   13.870000000    2.117234379    2.117234149    2.125247670
   13.880000000    2.116085720    2.116085489    2.124084293
   13.890000000    2.114938689    2.114938458    2.122922583
   13.900000000    2.113793284    2.113793053    2.121762534
   13.910000000    2.112649502    2.112649272    2.120604145
   13.920000000    2.111507341    2.111507110    2.119447412
   13.930000000    2.110366797    2.110366567    2.118292333
   13.940000000    2.109227868    2.109227638    2.117138904
   13.950000000    2.108090551    2.108090321    2.115987123
   13.960000000    2.106954843    2.106954613    2.114836987
   13.970000000    2.105820741    2.105820512    2.113688493
   13.980000000    2.104688244    2.104688014    2.112541637
   13.990000000    2.103557347    2.103557117    2.111396418
   14.000000000    2.102428048    2.102427819    2.110252833
   14.010000000    2.101300345    2.101300115    2.109110878
   14.020000000    2.100174234    2.100174004    2.107970550
   14.030000000    2.099049713    2.099049484    2.106831847
   14.040000000    2.097926779    2.097926550    2.105694766
   14.050000000    2.096805429    2.096805200    2.104559304
   14.060000000    2.095685661    2.095685433    2.103425459
   14.070000000    2.094567472    2.094567244    2.102293226
   14.080000000    2.093450860    2.093450631    2.101162605
   14.090000000    2.092335820    2.092335592    2.100033591
   14.100000000    2.091222352    2.091222123    2.098906182
   14.110000000    2.090110451    2.090110223    2.097780375
   14.120000000    2.089000116    2.088999888    2.096656167
   14.130000000    2.087891343    2.087891115    2.095533556
   14.140000000    2.086784131    2.086783903    2.094412539
   14.150000000    2.085678475    2.085678247    2.093293113
   14.160000000    2.084574375    2.084574147    2.092175274
   14.170000000    2.083471826    2.083471598    2.091059022
   14.180000000    2.082370826    2.082370598    2.089944352
   14.190000000    2.081271373    2.081271146    2.088831261
   14.200000000    2.080173464    2.080173236    2.087719748
   14.210000000    2.079077096    2.079076869    2.086609809
   14.220000000    2.077982267    2.077982040    2.085501442
   14.230000000    2.076888974    2.076888746    2.084394644
   14.240000000    2.075797214    2.075796987    2.083289412
   14.250000000    2.074706984    2.074706757    2.082185743
   14.260000000    2.073618283    2.073618056    2.081083635
   14.270000000    2.072531107    2.072530881    2.079983085
   14.280000000    2.071445454    2.071445228    2.078884090
   14.290000000    2.070361322    2.070361095    2.077786648
   14.300000000    2.069278707    2.069278480    2.076690755
   14.310000000    2.068197606    2.068197380    2.075596410
   14.320000000    2.067118019    2.067117792    2.074503609
   14.330000000    2.066039941    2.066039715    2.073412350
   14.340000000    2.064963370    2.064963144    2.072322630
   14.350000000    2.063888304    2.063888078    2.071234446
   14.360000000    2.062814740    2.062814514    2.070147796
   14.370000000    2.061742675    2.061742449    2.069062677
   14.380000000    2.060672108    2.060671882    2.067979087
   14.390000000    2.059603034    2.059602809    2.066897022
   14.400000000    2.058535453    2.058535227    2.065816480
   14.410000000    2.057469360    2.057469135    2.064737459
   14.420000000    2.056404755    2.056404529    2.063659956
   14.430000000    2.055341633    2.055341408    2.062583968
   14.440000000    2.054279993    2.054279768    2.061509492
   14.450000000    2.053219832    2.053219607    2.060436526
   14.460000000    2.052161148    2.052160923    2.059365068
   14.470000000    2.051103938    2.051103713    2.058295114
   14.480000000    2.050048199    2.050047974    2.057226663
   14.490000000    2.048993929    2.048993704    2.056159711
   14.500000000    2.047941126    2.047940901    2.055094255
   14.510000000    2.046889786    2.046889562    2.054030294
   14.520000000    2.045839908    2.045839684    2.052967825
   14.530000000    2.044791489    2.044791265    2.051906845
   14.540000000    2.043744526    2.043744302    2.050847351
   14.550000000    2.042699018    2.042698794    2.049789342
   14.560000000    2.041654961    2.041654737    2.048732814
   14.570000000    2.040612353    2.040612129    2.047677764
   14.580000000    2.039571191    2.039570967    2.046624191
   14.590000000    2.038531474    2.038531250    2.045572092
   14.600000000    2.037493198    2.037492975    2.044521464
   14.610000000    2.036456362    2.036456138    2.043472304
   14.620000000    2.035420962    2.035420738    2.042424611
   14.630000000    2.034386996    2.034386773    2.041378381
   14.640000000    2.033354462    2.033354239    2.040333612
   14.650000000    2.032323358    2.032323135    2.039290302
   14.660000000    2.031293681    2.031293458    2.038248447
   14.670000000    2.030265428    2.030265205    2.037208047
   14.680000000    2.029238597    2.029238374    2.036169097
   14.690000000    2.028213186    2.028212963    2.035131595
   14.700000000    2.027189192    2.027188969    2.034095540
   14.710000000    2.026166613    2.026166391    2.033060928
   14.720000000    2.025145447    2.025145224    2.032027757
   14.730000000    2.024125690    2.024125468    2.030996025
   14.740000000    2.023107341    2.023107119    2.029965729
   14.750000000    2.022090398    2.022090176    2.028936866
   14.760000000    2.021074857    2.021074635    2.027909435
   14.770000000    2.020060717    2.020060495    2.026883432
   14.780000000    2.019047975    2.019047753    2.025858855
   14.790000000    2.018036629    2.018036407    2.024835702
   14.800000000    2.017026676    2.017026454    2.023813970
   14.810000000    2.016018114    2.016017893    2.022793657
   14.820000000    2.015010941    2.015010719    2.021774761
   14.830000000    2.014005154    2.014004933    2.020757278
   14.840000000    2.013000751    2.013000530    2.019741207
   14.850000000    2.011997730    2.011997509    2.018726545
   14.860000000    2.010996088    2.010995867    2.017713290
   14.870000000    2.009995823    2.009995601    2.016701439
   14.880000000    2.008996932    2.008996711    2.015690990
   14.890000000    2.007999414    2.007999193    2.014681941
   14.900000000    2.007003265    2.007003045    2.013674288
   14.910000000    2.006008485    2.006008264    2.012668030
   14.920000000    2.005015069    2.005014849    2.011663165
   14.930000000    2.004023017    2.004022796    2.010659689
   14.940000000    2.003032325    2.003032105    2.009657601
   14.950000000    2.002042992    2.002042772    2.008656898
   14.960000000    2.001055015    2.001054795    2.007657578
   14.970000000    2.000068391    2.000068171    2.006659638
   14.980000000    1.999083120    1.999082899    2.005663076
   14.990000000    1.998099197    1.998098977    2.004667890
   15.000000000    1.997116621    1.997116401    2.003674077
   15.010000000    1.996135390    1.996135171    2.002681635
   15.020000000    1.995155502    1.995155282    2.001690562
   15.030000000    1.994176953    1.994176734    2.000700855
   15.040000000    1.993199743    1.993199523    1.999712512
   15.050000000    1.992223868    1.992223648    1.998725530
   15.060000000    1.991249326    1.991249107    1.997739908
   15.070000000    1.990276116    1.990275897    1.996755643
   15.080000000    1.989304235    1.989304015    1.995772732
   15.090000000    1.988333680    1.988333461    1.994791174
   15.100000000    1.987364449    1.987364230    1.993810966
   15.110000000    1.986396541    1.986396322    1.992832106
   15.120000000    1.985429953    1.985429734    1.991854591
   15.130000000    1.984464682    1.984464463    1.990878419
   15.140000000    1.983500727    1.983500508    1.989903588
   15.150000000    1.982538085    1.982537867    1.988930095
   15.160000000    1.981576755    1.981576536    1.987957939
   15.170000000    1.980616733    1.980616515    1.986987117
   15.180000000    1.979658018    1.979657800    1.986017627
   15.190000000    1.978700607    1.978700389    1.985049466
   15.200000000    1.977744499    1.977744281    1.984082632
   15.210000000    1.976789691    1.976789473    1.983117123
   15.220000000    1.975836180    1.975835963    1.982152937
   15.230000000    1.974883966    1.974883748    1.981190071
   15.240000000    1.973933045    1.973932827    1.980228524
   15.250000000    1.972983415    1.972983198    1.979268292
   15.260000000    1.972035075    1.972034857    1.978309375
   15.270000000    1.971088022    1.971087804    1.977351768
   15.280000000    1.970142253    1.970142036    1.976395471
   15.290000000    1.969197768    1.969197550    1.975440481
   15.300000000    1.968254562    1.968254345    1.974486796
   15.310000000    1.967312636    1.967312419    1.973534413
   15.320000000    1.966371986    1.966371769    1.972583331
   15.330000000    1.965432610    1.965432393    1.971633547
   15.340000000    1.964494505    1.964494289    1.970685059
   15.350000000    1.963557671    1.963557455    1.969737864
   15.360000000    1.962622105    1.962621888    1.968791962
   15.370000000    1.961687804    1.961687588    1.967847348
   15.380000000    1.960754767    1.960754551    1.966904022
   15.390000000    1.959822991    1.959822775    1.965961981
   15.400000000    1.958892475    1.958892259    1.965021223
   15.410000000    1.957963215    1.957962999    1.964081746
   15.420000000    1.957035211    1.957034995    1.963143547
   15.430000000    1.956108460    1.956108244    1.962206624
   15.440000000    1.955182960    1.955182744    1.961270976
   15.450000000    1.954258709    1.954258493    1.960336599
   15.460000000    1.953335704    1.953335488    1.959403493
   15.470000000    1.952413944    1.952413728    1.958471654
   15.480000000    1.951493426    1.951493211    1.957541081
   15.490000000    1.950574150    1.950573934    1.956611771
   15.500000000    1.949656111    1.949655896    1.955683723
   15.510000000    1.948739309    1.948739094    1.954756934
   15.520000000    1.947823741    1.947823526    1.953831402
   15.530000000    1.946909406    1.946909191    1.952907125
   15.540000000    1.945996300    1.945996085    1.951984101
   15.550000000    1.945084423    1.945084208    1.951062327
   15.560000000    1.944173772    1.944173557    1.950141802
   15.570000000    1.943264345    1.943264130    1.949222524
   15.580000000    1.942356140    1.942355925    1.948304490
   15.590000000    1.941449155    1.941448940    1.947387698
   15.600000000    1.940543388    1.940543173    1.946472147
   15.610000000    1.939638837    1.939638622    1.945557834
   15.620000000    1.938735499    1.938735285    1.944644757
   15.630000000    1.937833374    1.937833160    1.943732913
   15.640000000    1.936932458    1.936932245    1.942822302
   15.650000000    1.936032751    1.936032537    1.941912920
   15.660000000    1.935134249    1.935134035    1.941004767
   15.670000000    1.934236951    1.934236737    1.940097839
   15.680000000    1.933340855    1.933340641    1.939192134
   15.690000000    1.932445959    1.932445745    1.938287651
   15.700000000    1.931552260    1.931552047    1.937384388
   15.710000000    1.930659758    1.930659544    1.936482342
   15.720000000    1.929768449    1.929768236    1.935581512
   15.730000000    1.928878332    1.928878119    1.934681895
   15.740000000    1.927989406    1.927989193    1.933783489
   15.750000000    1.927101667    1.927101454    1.932886293
   15.760000000    1.926215114    1.926214901    1.931990304
   15.770000000    1.925329745    1.925329532    1.931095520
   15.780000000    1.924445558    1.924445346    1.930201939
   15.790000000    1.923562551    1.923562339    1.929309560
   15.800000000    1.922680723    1.922680511    1.928418380
   15.810000000    1.921800071    1.921799858    1.927528397
   15.820000000    1.920920593    1.920920380    1.926639609
   15.830000000    1.920042287    1.920042075    1.925752015
   15.840000000    1.919165151    1.919164939    1.924865612
   15.850000000    1.918289184    1.918288972    1.923980398
   15.860000000    1.917414384    1.917414172    1.923096371
   15.870000000    1.916540748    1.916540536    1.922213529
   15.880000000    1.915668275    1.915668063    1.921331871
   15.890000000    1.914796962    1.914796750    1.920451394
   15.900000000    1.913926808    1.913926597    1.919572096
   15.910000000    1.913057811    1.913057600    1.918693976
   15.920000000    1.912189969    1.912189758    1.917817031
   15.930000000    1.911323281    1.911323069    1.916941259
   15.940000000    1.910457743    1.910457532    1.916066659
   15.950000000    1.909593355    1.909593144    1.915193228
   15.960000000    1.908730114    1.908729903    1.914320965
   15.970000000    1.907868018    1.907867807    1.913449868
   15.980000000    1.907007066    1.907006855    1.912579934
   15.990000000    1.906147256    1.906147045    1.911711162
   16.000000000    1.905288586    1.905288375    1.910843550
   16.010000000    1.904431053    1.904430843    1.909977095
   16.020000000    1.903574657    1.903574446    1.909111797
   16.030000000    1.902719395    1.902719184    1.908247652
   16.040000000    1.901865265    1.901865055    1.907384660
   16.050000000    1.901012266    1.901012055    1.906522817
   16.060000000    1.900160395    1.900160185    1.905662123
   16.070000000    1.899309651    1.899309441    1.904802575
   16.080000000    1.898460032    1.898459822    1.903944172
   16.090000000    1.897611536    1.897611326    1.903086911
   16.100000000    1.896764161    1.896763951    1.902230791
   16.110000000    1.895917906    1.895917696    1.901375810
   16.120000000    1.895072768    1.895072558    1.900521965
   16.130000000    1.894228746    1.894228536    1.899669255
   16.140000000    1.893385837    1.893385628    1.898817679
   16.150000000    1.892544041    1.892543832    1.897967233
   16.160000000    1.891703355    1.891703146    1.897117917
   16.170000000    1.890863777    1.890863568    1.896269729
   16.180000000    1.890025306    1.890025097    1.895422665
   16.190000000    1.889187940    1.889187731    1.894576726
   16.200000000    1.888351676    1.888351468    1.893731909
   16.210000000    1.887516514    1.887516305    1.892888211
   16.220000000    1.886682451    1.886682243    1.892045632
   16.230000000    1.885849486    1.885849277    1.891204168
   16.240000000    1.885017616    1.885017408    1.890363820
   16.250000000    1.884186840    1.884186632    1.889524584
   16.260000000    1.883357157    1.883356948    1.888686458
   16.270000000    1.882528563    1.882528355    1.887849442
   16.280000000    1.881701059    1.881700851    1.887013532
   16.290000000    1.880874641    1.880874433    1.886178728
   16.300000000    1.880049308    1.880049100    1.885345027
   16.310000000    1.879225058    1.879224851    1.884512428
   16.320000000    1.878401890    1.878401683    1.883680929
   16.330000000    1.877579802    1.877579594    1.882850527
   16.340000000    1.876758791    1.876758584    1.882021222
   16.350000000    1.875938857    1.875938650    1.881193011
   16.360000000    1.875119997    1.875119790    1.880365892
   16.370000000    1.874302210    1.874302003    1.879539865
   16.380000000    1.873485494    1.873485287    1.878714926
   16.390000000    1.872669847    1.872669640    1.877891074
   16.400000000    1.871855267    1.871855060    1.877068308
   16.410000000    1.871041753    1.871041546    1.876246625
   16.420000000    1.870229303    1.870229096    1.875426024
   16.430000000    1.869417915    1.869417709    1.874606503
   16.440000000    1.868607588    1.868607381    1.873788060
   16.450000000    1.867798319    1.867798113    1.872970694
   16.460000000    1.866990108    1.866989902    1.872154402
   16.470000000    1.866182952    1.866182745    1.871339183
   16.480000000    1.865376849    1.865376643    1.870525035
   16.490000000    1.864571798    1.864571592    1.869711957
   16.500000000    1.863767798    1.863767592    1.868899946
   16.510000000    1.862964846    1.862964640    1.868089001
   16.520000000    1.862162941    1.862162735    1.867279120
   16.530000000    1.861362080    1.861361875    1.866470302
   16.540000000    1.860562263    1.860562058    1.865662544
   16.550000000    1.859763488    1.859763283    1.864855845
   16.560000000    1.858965753    1.858965548    1.864050203
   16.570000000    1.858169056    1.858168851    1.863245616
   16.580000000    1.857373396    1.857373190    1.862442084
   16.590000000    1.856578770    1.856578565    1.861639603
   16.600000000    1.855785178    1.855784973    1.860838172
   16.610000000    1.854992617    1.854992412    1.860037790
   16.620000000    1.854201087    1.854200882    1.859238454
   16.630000000    1.853410584    1.853410379    1.858440164
   16.640000000    1.852621108    1.852620903    1.857642917
   16.650000000    1.851832657    1.851832453    1.856846712
   16.660000000    1.851045229    1.851045025    1.856051546
   16.670000000    1.850258823    1.850258619    1.855257419
   16.680000000    1.849473437    1.849473232    1.854464328
   16.690000000    1.848689069    1.848688864    1.853672273
   16.700000000    1.847905717    1.847905513    1.852881250
   16.710000000    1.847123381    1.847123177    1.852091259
   16.720000000    1.846342057    1.846341853    1.851302297
   16.730000000    1.845561746    1.845561542    1.850514364
   16.740000000    1.844782445    1.844782241    1.849727457
   16.750000000    1.844004152    1.844003948    1.848941575
   16.760000000    1.843226865    1.843226662    1.848156716
   16.770000000    1.842450584    1.842450381    1.847372878
   16.780000000    1.841675307    1.841675104    1.846590060
   16.790000000    1.840901031    1.840900828    1.845808260
   16.800000000    1.840127756    1.840127553    1.845027476
   16.810000000    1.839355480    1.839355277    1.844247708
   16.820000000    1.838584200    1.838583997    1.843468952
   16.830000000    1.837813916    1.837813713    1.842691208
   16.840000000    1.837044626    1.837044423    1.841914473
   16.850000000    1.836276328    1.836276126    1.841138747
   16.860000000    1.835509021    1.835508819    1.840364027
   16.870000000    1.834742703    1.834742501    1.839590312
   16.880000000    1.833977373    1.833977170    1.838817601
   16.890000000    1.833213028    1.833212825    1.838045890
   16.900000000    1.832449667    1.832449465    1.837275180
   16.910000000    1.831687290    1.831687088    1.836505469
   16.920000000    1.830925893    1.830925691    1.835736754
   16.930000000    1.830165476    1.830165274    1.834969034
   16.940000000    1.829406037    1.829405835    1.834202307
   16.950000000    1.828647575    1.828647373    1.833436573
   16.960000000    1.827890087    1.827889885    1.832671829
   16.970000000    1.827133573    1.827133371    1.831908073
   16.980000000    1.826378030    1.826377828    1.831145305
   16.990000000    1.825623457    1.825623256    1.830383522
   17.000000000    1.824869853    1.824869652    1.829622723
   17.010000000    1.824117216    1.824117015    1.828862906
   17.020000000    1.823365545    1.823365344    1.828104070
   17.030000000    1.822614837    1.822614636    1.827346213
   17.040000000    1.821865092    1.821864891    1.826589333
   17.050000000    1.821116308    1.821116107    1.825833429
   17.060000000    1.820368483    1.820368282    1.825078500
   17.070000000    1.819621616    1.819621415    1.824324544
   17.080000000    1.818875705    1.818875504    1.823571558
   17.090000000    1.818130749    1.818130548    1.822819543
   17.100000000    1.817386746    1.817386545    1.822068495
   17.110000000    1.816643694    1.816643494    1.821318414
   17.120000000    1.815901593    1.815901393    1.820569298
   17.130000000    1.815160440    1.815160240    1.819821145
   17.140000000    1.814420235    1.814420035    1.819073954
   17.150000000    1.813680975    1.813680775    1.818327723
   17.160000000    1.812942659    1.812942459    1.817582451
   17.170000000    1.812205286    1.812205086    1.816838136
   17.180000000    1.811468853    1.811468653    1.816094777
   17.190000000    1.810733361    1.810733161    1.815352372
   17.200000000    1.809998806    1.809998606    1.814610919
   17.210000000    1.809265188    1.809264988    1.813870417
   17.220000000    1.808532505    1.808532305    1.813130865
   17.230000000    1.807800755    1.807800556    1.812392261
   17.240000000    1.807069938    1.807069738    1.811654603
   17.250000000    1.806340051    1.806339852    1.810917890
   17.260000000    1.805611093    1.805610894    1.810182121
   17.270000000    1.804883063    1.804882864    1.809447293
   17.280000000    1.804155959    1.804155760    1.808713406
   17.290000000    1.803429779    1.803429581    1.807980457
   17.300000000    1.802704523    1.802704325    1.807248446
   17.310000000    1.801980189    1.801979990    1.806517371
   17.320000000    1.801256775    1.801256576    1.805787230
   17.330000000    1.800534279    1.800534081    1.805058022
   17.340000000    1.799812701    1.799812503    1.804329745
   17.350000000    1.799092039    1.799091841    1.803602398
   17.360000000    1.798372292    1.798372093    1.802875979
   17.370000000    1.797653457    1.797653259    1.802150487
   17.380000000    1.796935533    1.796935335    1.801425920
   17.390000000    1.796218520    1.796218322    1.800702278
   17.400000000    1.795502416    1.795502218    1.799979557
   17.410000000    1.794787218    1.794787021    1.799257758
   17.420000000    1.794072927    1.794072729    1.798536878
   17.430000000    1.793359539    1.793359342    1.797816916
   17.440000000    1.792647055    1.792646857    1.797097870
   17.450000000    1.791935472    1.791935274    1.796379740
   17.460000000    1.791224789    1.791224591    1.795662523
   17.470000000    1.790515004    1.790514807    1.794946218
   17.480000000    1.789806117    1.789805920    1.794230824
   17.490000000    1.789098125    1.789097928    1.793516339
   17.500000000    1.788391028    1.788390831    1.792802761
   17.510000000    1.787684823    1.787684627    1.792090090
   17.520000000    1.786979510    1.786979314    1.791378324
   17.530000000    1.786275088    1.786274891    1.790667461
   17.540000000    1.785571553    1.785571357    1.789957500
   17.550000000    1.784868906    1.784868710    1.789248440
   17.560000000    1.784167145    1.784166949    1.788540278
   17.570000000    1.783466269    1.783466072    1.787833015
   17.580000000    1.782766275    1.782766079    1.787126647
   17.590000000    1.782067163    1.782066967    1.786421174
   17.600000000    1.781368931    1.781368735    1.785716595
   17.610000000    1.780671579    1.780671383    1.785012907
   17.620000000    1.779975103    1.779974907    1.784310110
   17.630000000    1.779279504    1.779279308    1.783608202
   17.640000000    1.778584779    1.778584584    1.782907182
   17.650000000    1.777890928    1.777890733    1.782207048
   17.660000000    1.777197949    1.777197753    1.781507799
   17.670000000    1.776505840    1.776505645    1.780809433
   17.680000000    1.775814601    1.775814405    1.780111949
   17.690000000    1.775124229    1.775124034    1.779415346
   17.700000000    1.774434724    1.774434529    1.778719622
   17.710000000    1.773746084    1.773745889    1.778024776
   17.720000000    1.773058308    1.773058113    1.777330806
   17.730000000    1.772371394    1.772371199    1.776637711
   17.740000000    1.771685341    1.771685146    1.775945490
   17.750000000    1.771000148    1.770999953    1.775254142
   17.760000000    1.770315813    1.770315618    1.774563664
   17.770000000    1.769632335    1.769632140    1.773874055
   17.780000000    1.768949713    1.768949518    1.773185315
   17.790000000    1.768267945    1.768267750    1.772497442
   17.800000000    1.767587030    1.767586835    1.771810434
   17.810000000    1.766906966    1.766906772    1.771124289
   17.820000000    1.766227753    1.766227559    1.770439008
   17.830000000    1.765549389    1.765549195    1.769754588
   17.840000000    1.764871872    1.764871678    1.769071027
   17.850000000    1.764195201    1.764195008    1.768388325
   17.860000000    1.763519376    1.763519182    1.767706481
   17.870000000    1.762844394    1.762844200    1.767025492
   17.880000000    1.762170254    1.762170061    1.766345357
   17.890000000    1.761496956    1.761496762    1.765666076
   17.900000000    1.760824497    1.760824303    1.764987646
   17.910000000    1.760152876    1.760152683    1.764310067
   17.920000000    1.759482092    1.759481899    1.763633337
   17.930000000    1.758812144    1.758811951    1.762957455
   17.940000000    1.758143031    1.758142838    1.762282419
   17.950000000    1.757474750    1.757474557    1.761608228
   17.960000000    1.756807302    1.756807109    1.760934881
   17.970000000    1.756140684    1.756140491    1.760262376
   17.980000000    1.755474895    1.755474702    1.759590713
   17.990000000    1.754809933    1.754809741    1.758919889
   18.000000000    1.754145799    1.754145606    1.758249903
   18.010000000    1.753482490    1.753482297    1.757580755
   18.020000000    1.752820004    1.752819812    1.756912442
   18.030000000    1.752158342    1.752158150    1.756244964
   18.040000000    1.751497501    1.751497309    1.755578319
   18.050000000    1.750837480    1.750837288    1.754912506
   18.060000000    1.750178278    1.750178086    1.754247523
   18.070000000    1.749519894    1.749519702    1.753583370
   18.080000000    1.748862326    1.748862134    1.752920044
   18.090000000    1.748205573    1.748205381    1.752257545
   18.100000000    1.747549634    1.747549442    1.751595871
   18.110000000    1.746894507    1.746894315    1.750935022
   18.120000000    1.746240192    1.746240000    1.750274995
   18.130000000    1.745586686    1.745586495    1.749615790
   18.140000000    1.744933989    1.744933798    1.748957404
   18.150000000    1.744282100    1.744281909    1.748299838
   18.160000000    1.743631017    1.743630826    1.747643089
   18.170000000    1.742980739    1.742980548    1.746987156
   18.180000000    1.742331265    1.742331074    1.746332039
   18.190000000    1.741682593    1.741682402    1.745677735
   18.200000000    1.741034722    1.741034531    1.745024243
   18.210000000    1.740387652    1.740387461    1.744371563
   18.220000000    1.739741380    1.739741189    1.743719693
   18.230000000    1.739095905    1.739095714    1.743068631
   18.240000000    1.738451227    1.738451036    1.742418377
   18.250000000    1.737807344    1.737807153    1.741768928
   18.260000000    1.737164254    1.737164064    1.741120285
   18.270000000    1.736521957    1.736521767    1.740472445
   18.280000000    1.735880451    1.735880261    1.739825408
   18.290000000    1.735239736    1.735239546    1.739179171
   18.300000000    1.734599809    1.734599619    1.738533735
   18.310000000    1.733960670    1.733960480    1.737889097
   18.320000000    1.733322318    1.733322128    1.737245256
   18.330000000    1.732684750    1.732684560    1.736602212
   18.340000000    1.732047967    1.732047777    1.735959962
   18.350000000    1.731411966    1.731411776    1.735318506
   18.360000000    1.730776747    1.730776557    1.734677842
   18.370000000    1.730142308    1.730142119    1.734037969
   18.380000000    1.729508649    1.729508459    1.733398887
   18.390000000    1.728875767    1.728875578    1.732760592
   18.400000000    1.728243662    1.728243473    1.732123086
   18.410000000    1.727612333    1.727612143    1.731486365
   18.420000000    1.726981777    1.726981588    1.730850430
   18.430000000    1.726351995    1.726351807    1.730215278
   18.440000000    1.725722985    1.725722797    1.729580909
   18.450000000    1.725094746    1.725094558    1.728947321
   18.460000000    1.724467277    1.724467088    1.728314513
   18.470000000    1.723840575    1.723840387    1.727682484
   18.480000000    1.723214641    1.723214453    1.727051233
   18.490000000    1.722589473    1.722589285    1.726420758
   18.500000000    1.721965070    1.721964881    1.725791059
   18.510000000    1.721341430    1.721341242    1.725162134
   18.520000000    1.720718553    1.720718365    1.724533981
   18.530000000    1.720096437    1.720096249    1.723906600
   18.540000000    1.719475081    1.719474893    1.723279990
   18.550000000    1.718854485    1.718854297    1.722654149
   18.560000000    1.718234646    1.718234458    1.722029075
   18.570000000    1.717615563    1.717615376    1.721404769
   18.580000000    1.716997236    1.716997049    1.720781229
   18.590000000    1.716379664    1.716379476    1.720158453
   18.600000000    1.715762844    1.715762657    1.719536440
   18.610000000    1.715146777    1.715146589    1.718915189
   18.620000000    1.714531460    1.714531273    1.718294700
   18.630000000    1.713916893    1.713916706    1.717674970
   18.640000000    1.713303074    1.713302887    1.717055999
   18.650000000    1.712690003    1.712689816    1.716437785
   18.660000000    1.712077678    1.712077491    1.715820327
   18.670000000    1.711466098    1.711465912    1.715203625
   18.680000000    1.710855262    1.710855076    1.714587676
   18.690000000    1.710245169    1.710244983    1.713972480
   18.700000000    1.709635818    1.709635631    1.713358036
   18.710000000    1.709027207    1.709027020    1.712744342
   18.720000000    1.708419335    1.708419149    1.712131398
   18.730000000    1.707812202    1.707812015    1.711519201
   18.740000000    1.707205806    1.707205619    1.710907752
   18.750000000    1.706600145    1.706599959    1.710297048
   18.760000000    1.705995220    1.705995034    1.709687089
   18.770000000    1.705391028    1.705390842    1.709077873
   18.780000000    1.704787569    1.704787383    1.708469400
   18.790000000    1.704184842    1.704184656    1.707861668
   18.800000000    1.703582844    1.703582659    1.707254676
   18.810000000    1.702981576    1.702981391    1.706648423
   18.820000000    1.702381037    1.702380851    1.706042908
   18.830000000    1.701781224    1.701781038    1.705438130
   18.840000000    1.701182137    1.701181952    1.704834087
   18.850000000    1.700583775    1.700583590    1.704230778
   18.860000000    1.699986137    1.699985951    1.703628203
   18.870000000    1.699389221    1.699389036    1.703026360
   18.880000000    1.698793027    1.698792842    1.702425247
   18.890000000    1.698197553    1.698197368    1.701824865
   18.900000000    1.697602798    1.697602613    1.701225212
   18.910000000    1.697008762    1.697008577    1.700626286
   18.920000000    1.696415443    1.696415258    1.700028086
   18.930000000    1.695822839    1.695822655    1.699430612
   18.940000000    1.695230951    1.695230767    1.698833863
   18.950000000    1.694639777    1.694639592    1.698237836
   18.960000000    1.694049315    1.694049131    1.697642532
   18.970000000    1.693459565    1.693459381    1.697047948
   18.980000000    1.692870525    1.692870341    1.696454085
   18.990000000    1.692282195    1.692282011    1.695860940
   19.000000000    1.691694574    1.691694390    1.695268513
   19.010000000    1.691107660    1.691107476    1.694676802
   19.020000000    1.690521452    1.690521268    1.694085807
   19.030000000    1.689935949    1.689935765    1.693495526
   19.040000000    1.689351150    1.689350966    1.692905959
   19.050000000    1.688767055    1.688766871    1.692317103
   19.060000000    1.688183661    1.688183477    1.691728959
   19.070000000    1.687600968    1.687600785    1.691141525
   19.080000000    1.687018975    1.687018792    1.690554800
   19.090000000    1.686437681    1.686437498    1.689968782
   19.100000000    1.685857085    1.685856902    1.689383472
   19.110000000    1.685277185    1.685277002    1.688798867
   19.120000000    1.684697981    1.684697798    1.688214966
   19.130000000    1.684119472    1.684119289    1.687631769
   19.140000000    1.683541656    1.683541473    1.687049275
   19.150000000    1.682964533    1.682964350    1.686467482
   19.160000000    1.682388101    1.682387918    1.685886389
   19.170000000    1.681812359    1.681812176    1.685305995
   19.180000000    1.681237306    1.681237124    1.684726300
   19.190000000    1.680662942    1.680662760    1.684147302
   19.200000000    1.680089266    1.680089083    1.683569000
   19.210000000    1.679516275    1.679516093    1.682991392
   19.220000000    1.678943969    1.678943787    1.682414479
   19.230000000    1.678372348    1.678372166    1.681838259
   19.240000000    1.677801410    1.677801228    1.681262730
   19.250000000    1.677231154    1.677230972    1.680687892
   19.260000000    1.676661578    1.676661397    1.680113744
   19.270000000    1.676092683    1.676092501    1.679540285
   19.280000000    1.675524467    1.675524285    1.678967513
   19.290000000    1.674956929    1.674956747    1.678395428
   19.300000000    1.674390068    1.674389886    1.677824028
   19.310000000    1.673823882    1.673823701    1.677253313
   19.320000000    1.673258372    1.673258190    1.676683281
   19.330000000    1.672693535    1.672693354    1.676113932
   19.340000000    1.672129371    1.672129190    1.675545264
   19.350000000    1.671565879    1.671565698    1.674977276
   19.360000000    1.671003058    1.671002877    1.674409968
   19.370000000    1.670440907    1.670440726    1.673843338
   19.380000000    1.669879425    1.669879244    1.673277385
   19.390000000    1.669318610    1.669318429    1.672712108
   19.400000000    1.668758462    1.668758282    1.672147507
   19.410000000    1.668198980    1.668198800    1.671583580
   19.420000000    1.667640163    1.667639982    1.671020326
   19.430000000    1.667082010    1.667081829    1.670457744
   19.440000000    1.666524519    1.666524339    1.669895833
   19.450000000    1.665967690    1.665967510    1.669334593
   19.460000000    1.665411522    1.665411342    1.668774021
   19.470000000    1.664856014    1.664855834    1.668214118
   19.480000000    1.664301165    1.664300985    1.667654881
   19.490000000    1.663746973    1.663746793    1.667096311
   19.500000000    1.663193439    1.663193259    1.666538406
   19.510000000    1.662640560    1.662640380    1.665981164
   19.520000000    1.662088336    1.662088156    1.665424586
   19.530000000    1.661536766    1.661536586    1.664868670
   19.540000000    1.660985849    1.660985670    1.664313415
   19.550000000    1.660435584    1.660435405    1.663758820
   19.560000000    1.659885970    1.659885791    1.663204884
   19.570000000    1.659337006    1.659336827    1.662651606
   19.580000000    1.658788691    1.658788512    1.662098986
   19.590000000    1.658241024    1.658240845    1.661547021
   19.600000000    1.657694004    1.657693825    1.660995711
   19.610000000    1.657147630    1.657147451    1.660445056
   19.620000000    1.656601901    1.656601723    1.659895054
   19.630000000    1.656056817    1.656056638    1.659345703
   19.640000000    1.655512376    1.655512197    1.658797004
   19.650000000    1.654968577    1.654968398    1.658248955
   19.660000000    1.654425419    1.654425240    1.657701556
   19.670000000    1.653882902    1.653882723    1.657154804
   19.680000000    1.653341024    1.653340845    1.656608700
   19.690000000    1.652799784    1.652799606    1.656063242
   19.700000000    1.652259182    1.652259004    1.655518430
   19.710000000    1.651719217    1.651719039    1.654974261
   19.720000000    1.651179887    1.651179709    1.654430737
   19.730000000    1.650641192    1.650641014    1.653887854
   19.740000000    1.650103130    1.650102952    1.653345613
   19.750000000    1.649565701    1.649565524    1.652804013
   19.760000000    1.649028904    1.649028727    1.652263052
   19.770000000    1.648492738    1.648492561    1.651722729
   19.780000000    1.647957202    1.647957024    1.651183044
   19.790000000    1.647422295    1.647422117    1.650643996
   19.800000000    1.646888016    1.646887838    1.650105584
   19.810000000    1.646354364    1.646354186    1.649567806
   19.820000000    1.645821338    1.645821161    1.649030662
   19.830000000    1.645288937    1.645288760    1.648494151
   19.840000000    1.644757161    1.644756984    1.647958272
   19.850000000    1.644226008    1.644225831    1.647423024
   19.860000000    1.643695478    1.643695301    1.646888405
   19.870000000    1.643165569    1.643165392    1.646354416
   19.880000000    1.642636281    1.642636104    1.645821055
   19.890000000    1.642107612    1.642107435    1.645288322
   19.900000000    1.641579563    1.641579386    1.644756214
   19.910000000    1.641052131    1.641051954    1.644224732
   19.920000000    1.640525316    1.640525139    1.643693874
   19.930000000    1.639999117    1.639998940    1.643163640
   19.940000000    1.639473533    1.639473357    1.642634028
   19.950000000    1.638948564    1.638948387    1.642105037
   19.960000000    1.638424207    1.638424031    1.641576668
   19.970000000    1.637900464    1.637900288    1.641048918
   19.980000000    1.637377331    1.637377155    1.640521787
   19.990000000    1.636854810    1.636854634    1.639995274
   20.000000000    1.636332898    1.636332722    1.639469378
   20.010000000    1.635811594    1.635811418    1.638944098
   20.020000000    1.635290899    1.635290723    1.638419433
   20.030000000    1.634770810    1.634770635    1.637895382
   20.040000000    1.634251328    1.634251153    1.637371945
   20.050000000    1.633732451    1.633732276    1.636849120
