# energy grid [eV]     epsi_x  epsi_y  epsi_z
#
    0.050000000    0.001179972    0.001317272    0.001280565
    0.060000000    0.001416253    0.001581094    0.001536994
    0.070000000    0.001652691    0.001845115    0.001793595
    0.080000000    0.001889312    0.002109371    0.002050398
    0.090000000    0.002126141    0.002373895    0.002307431
    0.100000000    0.002363207    0.002638720    0.002564723
    0.110000000    0.002600535    0.002903880    0.002822304
    0.120000000    0.002838151    0.003169411    0.003080203
    0.130000000    0.003076083    0.003435345    0.003338449
    0.140000000    0.003314357    0.003701718    0.003597072
    0.150000000    0.003553001    0.003968565    0.003856102
    0.160000000    0.003792042    0.004235919    0.004115568
    0.170000000    0.004031506    0.004503817    0.004375501
    0.180000000    0.004271422    0.004772294    0.004635931
    0.190000000    0.004511817    0.005041385    0.004896888
    0.200000000    0.004752719    0.005311126    0.005158403
    0.210000000    0.004994156    0.005581555    0.005420508
    0.220000000    0.005236156    0.005852706    0.005683232
    0.230000000    0.005478749    0.006124618    0.005946609
    0.240000000    0.005721962    0.006397327    0.006210668
    0.250000000    0.005965826    0.006670872    0.006475443
    0.260000000    0.006210368    0.006945290    0.006740966
    0.270000000    0.006455620    0.007220620    0.007007269
    0.280000000    0.006701610    0.007496900    0.007274385
    0.290000000    0.006948370    0.007774171    0.007542347
    0.300000000    0.007195929    0.008052471    0.007811190
    0.310000000    0.007444319    0.008331842    0.008080947
    0.320000000    0.007693571    0.008612324    0.008351653
    0.330000000    0.007943716    0.008893959    0.008623342
    0.340000000    0.008194788    0.009176789    0.008896050
    0.350000000    0.008446817    0.009460856    0.009169812
    0.360000000    0.008699838    0.009746203    0.009444665
    0.370000000    0.008953883    0.010032875    0.009720646
    0.380000000    0.009208987    0.010320916    0.009997791
    0.390000000    0.009465183    0.010610371    0.010276138
    0.400000000    0.009722507    0.010901287    0.010555726
    0.410000000    0.009980993    0.011193709    0.010836593
    0.420000000    0.010240678    0.011487686    0.011118778
    0.430000000    0.010501598    0.011783266    0.011402322
    0.440000000    0.010763789    0.012080497    0.011687266
    0.450000000    0.011027291    0.012379430    0.011973650
    0.460000000    0.011292140    0.012680116    0.012261517
    0.470000000    0.011558375    0.012982607    0.012550908
    0.480000000    0.011826036    0.013286956    0.012841868
    0.490000000    0.012095164    0.013593216    0.013134441
    0.500000000    0.012365798    0.013901442    0.013428672
    0.510000000    0.012637981    0.014211691    0.013724605
    0.520000000    0.012911755    0.014524019    0.014022289
    0.530000000    0.013187164    0.014838485    0.014321769
    0.540000000    0.013464251    0.015155148    0.014623095
    0.550000000    0.013743060    0.015474069    0.014926315
    0.560000000    0.014023639    0.015795311    0.015231481
    0.570000000    0.014306033    0.016118936    0.015538642
    0.580000000    0.014590289    0.016445009    0.015847851
    0.590000000    0.014876458    0.016773597    0.016159162
    0.600000000    0.015164587    0.017104767    0.016472628
    0.610000000    0.015454728    0.017438589    0.016788306
    0.620000000    0.015746932    0.017775134    0.017106251
    0.630000000    0.016041253    0.018114474    0.017426521
    0.640000000    0.016337743    0.018456684    0.017749177
    0.650000000    0.016636459    0.018801839    0.018074277
    0.660000000    0.016937456    0.019150018    0.018401884
    0.670000000    0.017240792    0.019501301    0.018732061
    0.680000000    0.017546527    0.019855770    0.019064873
    0.690000000    0.017854720    0.020213508    0.019400385
    0.700000000    0.018165433    0.020574602    0.019738666
    0.710000000    0.018478730    0.020939141    0.020079783
    0.720000000    0.018794675    0.021307215    0.020423809
    0.730000000    0.019113335    0.021678916    0.020770816
    0.740000000    0.019434778    0.022054342    0.021120878
    0.750000000    0.019759073    0.022433590    0.021474071
    0.760000000    0.020086292    0.022816762    0.021830473
    0.770000000    0.020416508    0.023203960    0.022190165
    0.780000000    0.020749797    0.023595291    0.022553229
    0.790000000    0.021086236    0.023990866    0.022919749
    0.800000000    0.021425903    0.024390797    0.023289811
    0.810000000    0.021768880    0.024795200    0.023663504
    0.820000000    0.022115251    0.025204195    0.024040919
    0.830000000    0.022465102    0.025617905    0.024422149
    0.840000000    0.022818520    0.026036456    0.024807292
    0.850000000    0.023175597    0.026459978    0.025196445
    0.860000000    0.023536425    0.026888607    0.025589710
    0.870000000    0.023901100    0.027322481    0.025987191
    0.880000000    0.024269721    0.027761742    0.026388996
    0.890000000    0.024642389    0.028206539    0.026795234
    0.900000000    0.025019209    0.028657023    0.027206020
    0.910000000    0.025400288    0.029113350    0.027621471
    0.920000000    0.025785737    0.029575683    0.028041706
    0.930000000    0.026175669    0.030044190    0.028466849
    0.940000000    0.026570203    0.030519041    0.028897028
    0.950000000    0.026969459    0.031000417    0.029332375
    0.960000000    0.027373563    0.031488501    0.029773024
    0.970000000    0.027782642    0.031983484    0.030219116
    0.980000000    0.028196831    0.032485563    0.030670795
    0.990000000    0.028616266    0.032994942    0.031128209
    1.000000000    0.029041088    0.033511831    0.031591511
    1.010000000    0.029471445    0.034036450    0.032060859
    1.020000000    0.029907486    0.034569023    0.032536418
    1.030000000    0.030349369    0.035109786    0.033018355
    1.040000000    0.030797253    0.035658981    0.033506844
    1.050000000    0.031251307    0.036216859    0.034002067
    1.060000000    0.031711702    0.036783681    0.034504208
    1.070000000    0.032178617    0.037359718    0.035013461
    1.080000000    0.032652236    0.037945249    0.035530024
    1.090000000    0.033132751    0.038540566    0.036054103
    1.100000000    0.033620360    0.039145972    0.036585911
    1.110000000    0.034115267    0.039761780    0.037125669
    1.120000000    0.034617686    0.040388315    0.037673606
    1.130000000    0.035127837    0.041025918    0.038229957
    1.140000000    0.035645948    0.041674941    0.038794969
    1.150000000    0.036172256    0.042335750    0.039368896
    1.160000000    0.036707008    0.043008726    0.039952001
    1.170000000    0.037250458    0.043694266    0.040544558
    1.180000000    0.037802873    0.044392785    0.041146850
    1.190000000    0.038364528    0.045104711    0.041759173
    1.200000000    0.038935709    0.045830495    0.042381833
    1.210000000    0.039516714    0.046570604    0.043015147
    1.220000000    0.040107854    0.047325526    0.043659446
    1.230000000    0.040709450    0.048095770    0.044315073
    1.240000000    0.041321839    0.048881868    0.044982386
    1.250000000    0.041945370    0.049684373    0.045661757
    1.260000000    0.042580407    0.050503867    0.046353572
    1.270000000    0.043227330    0.051340956    0.047058234
    1.280000000    0.043886536    0.052196272    0.047776164
    1.290000000    0.044558436    0.053070479    0.048507798
    1.300000000    0.045243463    0.053964272    0.049253592
    1.310000000    0.045942067    0.054878376    0.050014023
    1.320000000    0.046654717    0.055813553    0.050789587
    1.330000000    0.047381907    0.056770601    0.051580801
    1.340000000    0.048124149    0.057750357    0.052388207
    1.350000000    0.048881982    0.058753699    0.053212371
    1.360000000    0.049655969    0.059781548    0.054053883
    1.370000000    0.050446699    0.060834874    0.054913362
    1.380000000    0.051254791    0.061914694    0.055791454
    1.390000000    0.052080892    0.063022077    0.056688838
    1.400000000    0.052925681    0.064158150    0.057606222
    1.410000000    0.053789872    0.065324098    0.058544350
    1.420000000    0.054674214    0.066521168    0.059504001
    1.430000000    0.055579494    0.067750677    0.060485993
    1.440000000    0.056506538    0.069014012    0.061491185
    1.450000000    0.057456218    0.070312637    0.062520477
    1.460000000    0.058429449    0.071648099    0.063574816
    1.470000000    0.059427196    0.073022029    0.064655199
    1.480000000    0.060450476    0.074436157    0.065762673
    1.490000000    0.061500362    0.075892309    0.066898341
    1.500000000    0.062577986    0.077392419    0.068063364
    1.510000000    0.063684542    0.078938539    0.069258967
    1.520000000    0.064821295    0.080532840    0.070486440
    1.530000000    0.065989581    0.082177629    0.071747146
    1.540000000    0.067190812    0.083875356    0.073042524
    1.550000000    0.068426488    0.085628622    0.074374093
    1.560000000    0.069698195    0.087440194    0.075743462
    1.570000000    0.071007617    0.089313020    0.077152331
    1.580000000    0.072356541    0.091250237    0.078602503
    1.590000000    0.073746867    0.093255191    0.080095885
    1.600000000    0.075180615    0.095331454    0.081634505
    1.610000000    0.076659935    0.097482839    0.083220509
    1.620000000    0.078187116    0.099713423    0.084856183
    1.630000000    0.079764601    0.102027571    0.086543952
    1.640000000    0.081394995    0.104429956    0.088286400
    1.650000000    0.083081082    0.106925589    0.090086276
    1.660000000    0.084825841    0.109519850    0.091946512
    1.670000000    0.086632457    0.112218519    0.093870237
    1.680000000    0.088504346    0.115027812    0.095860789
    1.690000000    0.090445171    0.117954424    0.097921739
    1.700000000    0.092458867    0.121005572    0.100056906
    1.710000000    0.094549663    0.124189046    0.102270382
    1.720000000    0.096722112    0.127513266    0.104566551
    1.730000000    0.098981123    0.130987340    0.106950122
    1.740000000    0.101331990    0.134621140    0.109426152
    1.750000000    0.103780434    0.138425371    0.112000082
    1.760000000    0.106332645    0.142411669    0.114677770
    1.770000000    0.108995331    0.146592690    0.117465536
    1.780000000    0.111775766    0.150982223    0.120370198
    1.790000000    0.114681858    0.155595319    0.123399129
    1.800000000    0.117722210    0.160448424    0.126560309
    1.810000000    0.120906198    0.165559546    0.129862386
    1.820000000    0.124244059    0.170948429    0.133314746
    1.830000000    0.127746988    0.176636767    0.136927592
    1.840000000    0.131427247    0.182648431    0.140712030
    1.850000000    0.135298294    0.189009743    0.144680168
    1.860000000    0.139374927    0.195749784    0.148845228
    1.870000000    0.143673446    0.202900747    0.153221670
    1.880000000    0.148211847    0.210498345    0.157825342
    1.890000000    0.153010038    0.218582284    0.162673633
    1.900000000    0.158090088    0.227196815    0.167785670
    1.910000000    0.163476524    0.236391362    0.173182521
    1.920000000    0.169196665    0.246221276    0.178887448
    1.930000000    0.175281015    0.256748698    0.184926179
    1.940000000    0.181763730    0.268043588    0.191327237
    1.950000000    0.188683151    0.280184928    0.198122313
    1.960000000    0.196082445    0.293262151    0.205346696
    1.970000000    0.204010355    0.307376845    0.213039780
    1.980000000    0.212522095    0.322644774    0.221245652
    1.990000000    0.221680411    0.339198311    0.230013779
    2.000000000    0.231556858    0.357189368    0.239399816
    2.010000000    0.242233329    0.376792937    0.249466564
    2.020000000    0.253803910    0.398211395    0.260285094
    2.030000000    0.266377127    0.421679780    0.271936093
    2.040000000    0.280078696    0.447472260    0.284511465
    2.050000000    0.295054895    0.475910143    0.298116248
    2.060000000    0.311476737    0.507371836    0.312870930
    2.070000000    0.329545150    0.542305315    0.328914246
    2.080000000    0.349497466    0.581243835    0.346406576
    2.090000000    0.371615590    0.624825868    0.365534107
    2.100000000    0.396236370    0.673820581    0.386513939
    2.110000000    0.423764853    0.729160654    0.409600406
    2.120000000    0.454691359    0.791984857    0.435092929
    2.130000000    0.489613653    0.863693769    0.463345846
    2.140000000    0.529265986    0.946023259    0.494780795
    2.150000000    0.574557423    1.041142213    0.529902421
    2.160000000    0.626622864    1.151783551    0.569318441
    2.170000000    0.686891504    1.281421197    0.613765465
    2.180000000    0.757179311    1.434510712    0.664142501
    2.190000000    0.839814646    1.616818022    0.721554750
    2.200000000    0.937809315    1.835869135    0.787371348
    2.210000000    1.055090854    2.101562672    0.863302100
    2.220000000    1.196814082    2.426991594    0.951500299
    2.230000000    1.369766300    2.829506285    1.054701540
    2.240000000    1.582857960    3.331979307    1.176412420
    2.250000000    1.847616934    3.964005024    1.321168328
    2.260000000    2.178404044    4.762158519    1.494886411
    2.270000000    2.591586848    5.766987875    1.705347293
    2.280000000    3.101929209    7.011469913    1.962844205
    2.290000000    3.713065407    8.491501477    2.281030745
    2.300000000    4.399157577   10.109739997    2.677951325
    2.310000000    5.083640410   11.610694183    3.177082282
    2.320000000    5.644346156   12.595603835    3.807782659
    2.330000000    5.980736298   12.726096965    4.603507399
    2.340000000    6.102240109   11.997862312    5.593924278
    2.350000000    6.122012667   10.745340961    6.783589721
    2.360000000    6.149037321    9.365550586    8.108679823
    2.370000000    6.193826511    8.098476911    9.379359269
    2.380000000    6.157106381    7.004597108   10.269336883
    2.390000000    5.908499473    6.048071693   10.455055979
    2.400000000    5.406255330    5.187646675    9.859998176
    2.410000000    4.735921064    4.416757481    8.723804538
    2.420000000    4.030903190    3.747863699    7.399531020
    2.430000000    3.387221360    3.186965075    6.143978238
    2.440000000    2.844254784    2.727063906    5.071047166
    2.450000000    2.404301166    2.353663859    4.200162182
    2.460000000    2.053954256    2.050790446    3.509187101
    2.470000000    1.776280958    1.804113373    2.964846337
    2.480000000    1.555820743    1.601886780    2.535524915
    2.490000000    1.379973479    1.434869993    2.195130505
    2.500000000    1.238955305    1.295915015    1.923346842
    2.510000000    1.125323117    1.179517448    1.704741661
    2.520000000    1.033454378    1.081430627    1.527694634
    2.530000000    0.959104207    0.998361924    1.383461086
    2.540000000    0.899061029    0.927742627    1.265437400
    2.550000000    0.850889387    0.867556320    1.168610457
    2.560000000    0.812741390    0.816211594    1.089153304
    2.570000000    0.783219727    0.772447644    1.024130553
    2.580000000    0.761278759    0.735264162    0.971284176
    2.590000000    0.746153664    0.703869211    0.928877663
    2.600000000    0.737310503    0.677640563    0.895582623
    2.610000000    0.734412229    0.656097260    0.870396498
    2.620000000    0.737297332    0.638879164    0.852583402
    2.630000000    0.745969028    0.625732922    0.841632592
    2.640000000    0.760593934    0.616503398    0.837230807
    2.650000000    0.781510017    0.611130017    0.839246103
    2.660000000    0.809244452    0.609647899    0.847721823
    2.670000000    0.844542922    0.612194073    0.862880293
    2.680000000    0.888412991    0.619019463    0.885136676
    2.690000000    0.942185576    0.630507922    0.915124320
    2.700000000    1.007600406    0.647204237    0.953734058
    2.710000000    1.086923960    0.669853984    1.002171220
    2.720000000    1.183111816    0.699459331    1.062035890
    2.730000000    1.300032010    0.737356515    1.135434076
    2.740000000    1.442771647    0.785322762    1.225130004
    2.750000000    1.618054758    0.845722441    1.334751843
    2.760000000    1.834801425    0.921703189    1.469062623
    2.770000000    2.104845751    1.017448867    1.634298476
    2.780000000    2.443774499    1.138478054    1.838541307
    2.790000000    2.871678725    1.291920829    2.091994288
    2.800000000    3.413170101    1.486560376    2.406788581
    2.810000000    4.095009888    1.732092052    2.795458881
    2.820000000    4.937827767    2.036429093    3.266536513
    2.830000000    5.936317247    2.399185625    3.815869891
    2.840000000    7.024495638    2.800194110    4.416811130
    2.850000000    8.039576834    3.187545894    5.024074892
    2.860000000    8.731398788    3.480717503    5.608281442
    2.870000000    8.869681731    3.605990854    6.198104072
    2.880000000    8.406056825    3.549340533    6.869534575
    2.890000000    7.520718532    3.369288707    7.675321110
    2.900000000    6.482602945    3.145539086    8.566136097
    2.910000000    5.489287089    2.921065061    9.345294665
    2.920000000    4.624140326    2.691556309    9.714310593
    2.930000000    3.897012813    2.437632525    9.456363171
    2.940000000    3.293236547    2.160223400    8.619011187
    2.950000000    2.796876486    1.883070586    7.467184741
    2.960000000    2.393344439    1.631411160    6.276666970
    2.970000000    2.067837291    1.418164651    5.210024653
    2.980000000    1.805879734    1.244705731    4.321931454
    2.990000000    1.594596978    1.106523202    3.607800763
    3.000000000    1.423356704    0.997460913    3.041178579
    3.010000000    1.283754476    0.911721927    2.592344252
    3.020000000    1.169289844    0.844512998    2.235217585
    3.030000000    1.074977219    0.792092600    1.948927002
    3.040000000    0.996997165    0.751619966    1.717411223
    3.050000000    0.932416730    0.720970345    1.528500752
    3.060000000    0.878976080    0.698572844    1.373008200
    3.070000000    0.834929474    0.683283626    1.243979317
    3.080000000    0.798928046    0.674292284    1.136118996
    3.090000000    0.769933944    0.671055456    1.045364925
    3.100000000    0.747157860    0.673251930    0.968574914
    3.110000000    0.730014183    0.680754799    0.903298325
    3.120000000    0.718089703    0.693617703    0.847608666
    3.130000000    0.711123151    0.712073545    0.799980402
    3.140000000    0.708993885    0.736545331    0.759197755
    3.150000000    0.711718905    0.767670002    0.724286747
    3.160000000    0.719458155    0.806337475    0.694464248
    3.170000000    0.732528876    0.853748706    0.669099591
    3.180000000    0.751430633    0.911498630    0.647685566
    3.190000000    0.776883730    0.981692515    0.629816520
    3.200000000    0.809885003    1.067107653    0.615171942
    3.210000000    0.851786516    1.171416364    0.603504388
    3.220000000    0.904404084    1.299489966    0.594630956
    3.230000000    0.970162783    1.457803301    0.588427820
    3.240000000    1.052282506    1.654946223    0.584827550
    3.250000000    1.154989941    1.902197105    0.583819205
    3.260000000    1.283693843    2.213963258    0.585451359
    3.270000000    1.444933145    2.607508609    0.589838567
    3.280000000    1.645618640    3.100519352    0.597172008
    3.290000000    1.890556970    3.703457523    0.607735549
    3.300000000    2.176709581    4.402038185    0.621928927
    3.310000000    2.483709768    5.128369844    0.640300437
    3.320000000    2.766668787    5.738814066    0.663592062
    3.330000000    2.968210135    6.049343204    0.692800185
    3.340000000    3.058115393    5.953528256    0.729253326
    3.350000000    3.064961440    5.516362030    0.774701631
    3.360000000    3.057913993    4.918729535    0.831392407
    3.370000000    3.103961546    4.329348753    0.902053004
    3.380000000    3.245950395    3.842742978    0.989579971
    3.390000000    3.501647199    3.489292978    1.095998961
    3.400000000    3.862371411    3.261760340    1.219984388
    3.410000000    4.280046887    3.129813145    1.352534712
    3.420000000    4.652152358    3.043956694    1.472997527
    3.430000000    4.840351986    2.944928349    1.552852185
    3.440000000    4.749990601    2.790839451    1.572871512
    3.450000000    4.407124434    2.582591971    1.539826980
    3.460000000    3.932674500    2.354784912    1.480954889
    3.470000000    3.449742171    2.144369564    1.423963977
    3.480000000    3.030474741    1.972584811    1.385602974
    3.490000000    2.699781792    1.845945182    1.372536818
    3.500000000    2.457091112    1.763332952    1.386143410
    3.510000000    2.292669963    1.721357269    1.426164466
    3.520000000    2.195608826    1.717005113    1.492587203
    3.530000000    2.156935090    1.748738336    1.586476657
    3.540000000    2.171117265    1.817127274    1.710400182
    3.550000000    2.237360845    1.925493591    1.868780895
    3.560000000    2.360145292    2.080376836    2.068289867
    3.570000000    2.548570658    2.291645313    2.318321164
    3.580000000    2.815428025    2.572421437    2.631602200
    3.590000000    3.176217346    2.938511048    3.024873421
    3.600000000    3.646304937    3.405798897    3.519278457
    3.610000000    4.232661366    3.982546324    4.139613398
    3.620000000    4.915860130    4.652618709    4.910957982
    3.630000000    5.623439634    5.350517023    5.851315578
    3.640000000    6.217708755    5.949278142    6.961381685
    3.650000000    6.545905524    6.305047345    8.214332515
    3.660000000    6.551388668    6.356283504    9.536527086
    3.670000000    6.326083690    6.166849904   10.759728189
    3.680000000    6.030303196    5.849519715   11.588300318
    3.690000000    5.789980801    5.482166637   11.710135567
    3.700000000    5.668415161    5.107401661   11.040783106
    3.710000000    5.677720423    4.762040342    9.815259741
    3.720000000    5.775819272    4.471901896    8.396053020
    3.730000000    5.856531049    4.230174534    7.053973634
    3.740000000    5.781196238    4.002075579    5.911973603
    3.750000000    5.468843366    3.760687582    4.992501418
    3.760000000    4.961438119    3.516022630    4.273095195
    3.770000000    4.379734936    3.304889904    3.719165923
    3.780000000    3.833278671    3.163028105    3.298050141
    3.790000000    3.380493759    3.112595983    2.983402247
    3.800000000    3.038577495    3.165491810    2.755668209
    3.810000000    2.804406799    3.329325176    2.601334043
    3.820000000    2.667677941    3.608511662    2.512012661
    3.830000000    2.614556581    3.997462985    2.483698950
    3.840000000    2.624363984    4.464570264    2.516181990
    3.850000000    2.663730934    4.933649477    2.612346900
    3.860000000    2.688209803    5.289509742    2.776727984
    3.870000000    2.661272836    5.436060540    3.012130763
    3.880000000    2.576893916    5.365071012    3.312994467
    3.890000000    2.454212773    5.140960084    3.656786418
    3.900000000    2.310336804    4.819804964    4.003175902
    3.910000000    2.149614398    4.417666102    4.316300337
    3.920000000    1.976675088    3.950303634    4.600624557
    3.930000000    1.805812715    3.462366014    4.903715862
    3.940000000    1.653329031    3.006434954    5.268797598
    3.950000000    1.527021858    2.614733670    5.677158384
    3.960000000    1.423781643    2.294676995    6.019723836
    3.970000000    1.333961269    2.038886282    6.130942091
    3.980000000    1.249087777    1.835919115    5.899724216
    3.990000000    1.167644372    1.676546065    5.365724270
    4.000000000    1.093784713    1.554843638    4.680699754
    4.010000000    1.032026719    1.466394152    3.992802212
    4.020000000    0.984078269    1.406244769    3.384954032
    4.030000000    0.948543607    1.367130561    2.882051236
    4.040000000    0.921598434    1.338183294    2.478111714
    4.050000000    0.898251330    1.306306319    2.156266941
    4.060000000    0.874652719    1.261934666    1.898977462
    4.070000000    0.850124110    1.204698975    1.691974916
    4.080000000    0.826753458    1.142119212    1.524623581
    4.090000000    0.807229761    1.083134540    1.388908853
    4.100000000    0.793295759    1.033515526    1.278567453
    4.110000000    0.785573120    0.995388811    1.188647922
    4.120000000    0.784031421    0.968678325    1.115266398
    4.130000000    0.788436029    0.952466687    1.055408324
    4.140000000    0.798600095    0.945752771    1.006750131
    4.150000000    0.814493772    0.947765116    0.967508055
    4.160000000    0.836286389    0.958057638    0.936317962
    4.170000000    0.864367765    0.976524656    0.912143843
    4.180000000    0.899370666    1.003399153    0.894209963
    4.190000000    0.942203287    1.039260341    0.881951323
    4.200000000    0.994093259    1.085060279    0.874977421
    4.210000000    1.056637309    1.142172326    0.873044123
    4.220000000    1.131840502    1.212460415    0.876027383
    4.230000000    1.222124159    1.298367862    0.883892103
    4.240000000    1.330325507    1.403040870    0.896657276
    4.250000000    1.459880702    1.530558808    0.914388439
    4.260000000    1.615559236    1.686398363    0.937280679
    4.270000000    1.804702783    1.878103121    0.965827763
    4.280000000    2.037940470    2.115750755    1.000915006
    4.290000000    2.328478477    2.411715813    1.043729297
    4.300000000    2.689885484    2.779190233    1.095599638
    4.310000000    3.131224893    3.227992514    1.157835121
    4.320000000    3.646491269    3.754981519    1.231439311
    4.330000000    4.197097093    4.328130589    1.316615172
    4.340000000    4.698502391    4.874458587    1.412423230
    4.350000000    5.042592538    5.300632897    1.517668494
    4.360000000    5.171304052    5.560181947    1.633557310
    4.370000000    5.134548578    5.705566071    1.765894317
    4.380000000    5.054365663    5.852566327    1.924223111
    4.390000000    5.042780712    6.098464188    2.119543848
    4.400000000    5.158392341    6.470606816    2.363456733
    4.410000000    5.407114570    6.916251915    2.668691942
    4.420000000    5.760904349    7.330503422    3.049489754
    4.430000000    6.182085733    7.628725007    3.520548058
    4.440000000    6.632460010    7.808269401    4.093964761
    4.450000000    7.048726037    7.915032986    4.775984814
    4.460000000    7.327197562    7.958236581    5.569871629
    4.470000000    7.379569888    7.891145407    6.488154929
    4.480000000    7.214407236    7.669647380    7.555181402
    4.490000000    6.934116564    7.306983238    8.769348736
    4.500000000    6.652035733    6.863852379   10.030968738
    4.510000000    6.424104578    6.390960895   11.093114536
    4.520000000    6.244094730    5.900440794   11.622773312
    4.530000000    6.083333748    5.395206719   11.400037850
    4.540000000    5.918836712    4.895813132   10.493031706
    4.550000000    5.719351181    4.424186411    9.202356507
    4.560000000    5.431873237    3.981904001    7.846231534
    4.570000000    5.019189580    3.560084051    6.621165475
    4.580000000    4.507656808    3.161696839    5.601101548
    4.590000000    3.971800110    2.802614768    4.789671484
    4.600000000    3.480101132    2.496796631    4.162426347
    4.610000000    3.067366380    2.248092509    3.689003255
    4.620000000    2.740245113    2.051977855    3.342499699
    4.630000000    2.491534079    1.900036979    3.102523864
    4.640000000    2.310371836    1.783711212    2.955513609
    4.650000000    2.187272548    1.696890951    2.893952914
    4.660000000    2.115550537    1.636386735    2.914810566
    4.670000000    2.090322118    1.599938362    3.016445905
    4.680000000    2.106015149    1.583567253    3.192169095
    4.690000000    2.152887208    1.580128082    3.418582673
    4.700000000    2.213679836    1.579761277    3.641726705
    4.710000000    2.264655583    1.572426845    3.777974701
    4.720000000    2.286553588    1.552599915    3.752759211
    4.730000000    2.279745914    1.523491694    3.557629114
    4.740000000    2.265533777    1.495499665    3.256959380
    4.750000000    2.271931605    1.480060042    2.934541152
    4.760000000    2.321723694    1.485584381    2.647133768
    4.770000000    2.430272154    1.517298097    2.416717326
    4.780000000    2.607276152    1.578349089    2.241601623
    4.790000000    2.856252269    1.669928165    2.107748608
    4.800000000    3.168249938    1.789297701    1.998145813
    4.810000000    3.509371863    1.925650450    1.901982489
    4.820000000    3.811098603    2.056808311    1.818957907
    4.830000000    3.987759996    2.154850403    1.755100840
    4.840000000    3.992386254    2.204466493    1.716409006
    4.850000000    3.859320002    2.217181238    1.706527357
    4.860000000    3.676554473    2.222999160    1.727610836
    4.870000000    3.526621196    2.252031241    1.781553358
    4.880000000    3.458483597    2.324966091    1.870155056
    4.890000000    3.488964849    2.450707751    1.993528419
    4.900000000    3.606805136    2.622982143    2.146049838
    4.910000000    3.768916759    2.813710046    2.310353198
    4.920000000    3.899574500    2.970854348    2.454825634
    4.930000000    3.917091235    3.037588926    2.545513070
    4.940000000    3.788057027    2.992152824    2.571739593
    4.950000000    3.552710921    2.866563829    2.558108707
    4.960000000    3.287241452    2.718871684    2.546590275
    4.970000000    3.053531365    2.596341867    2.573144155
    4.980000000    2.882318392    2.523597697    2.660754789
    4.990000000    2.781505726    2.509141550    2.824002215
    5.000000000    2.749091361    2.554672551    3.074353237
    5.010000000    2.781555593    2.660812021    3.421081617
    5.020000000    2.875682020    2.828463933    3.865357852
    5.030000000    3.023976065    3.056192658    4.384877855
    5.040000000    3.205882599    3.334748080    4.910826928
    5.050000000    3.383126411    3.643563886    5.317903184
    5.060000000    3.513455057    3.958851255    5.469051269
    5.070000000    3.582166254    4.274710676    5.312707496
    5.080000000    3.617194216    4.614071178    4.928600325
    5.090000000    3.664994151    5.007702644    4.458898541
    5.100000000    3.755829507    5.457078911    4.017102305
    5.110000000    3.889417930    5.911549276    3.659185454
    5.120000000    4.043796129    6.281836122    3.399967871
    5.130000000    4.201180959    6.500541452    3.235452831
    5.140000000    4.373549916    6.589089219    3.156569360
    5.150000000    4.600898448    6.651063594    3.155093520
    5.160000000    4.923482128    6.797139616    3.225111706
    5.170000000    5.353863251    7.083392424    3.362253591
    5.180000000    5.858551337    7.493683972    3.562374162
    5.190000000    6.352569876    7.953284012    3.822067739
    5.200000000    6.727082848    8.369456216    4.142910423
    5.210000000    6.914750871    8.678193479    4.537174474
    5.220000000    6.933875724    8.849294031    5.029568442
    5.230000000    6.859000603    8.854768102    5.651622422
    5.240000000    6.769082312    8.675572697    6.428057076
    5.250000000    6.732480253    8.352907144    7.354855967
    5.260000000    6.805484739    7.993986109    8.371660636
    5.270000000    7.014190429    7.710302010    9.350423002
    5.280000000    7.332942216    7.563465347   10.146096254
    5.290000000    7.682234161    7.561762333   10.702805429
    5.300000000    7.958589309    7.687977617   11.091222534
    5.310000000    8.087890239    7.929897934   11.414837577
    5.320000000    8.064485278    8.296688715   11.719152780
    5.330000000    7.952611689    8.816127103   11.996634871
    5.340000000    7.853615211    9.513358771   12.208832311
    5.350000000    7.850910757   10.376492674   12.281122881
    5.360000000    7.970449304   11.333688794   12.139711565
    5.370000000    8.183707846   12.272042043   11.773683324
    5.380000000    8.440164807   13.093879263   11.236493670
    5.390000000    8.695937327   13.751954160   10.622935251
    5.400000000    8.915438950   14.225516712   10.061142467
    5.410000000    9.053385584   14.473208905    9.681733202
    5.420000000    9.053019954   14.424186604    9.576363211
    5.430000000    8.888709854   14.042360794    9.779714866
    5.440000000    8.602246316   13.386338856   10.261424893
    5.450000000    8.272187521   12.579776799   10.905527065
    5.460000000    7.956709833   11.739537495   11.496516393
    5.470000000    7.675333992   10.935671720   11.777753301
    5.480000000    7.436202911   10.203137508   11.604890175
    5.490000000    7.263453910    9.562078565   11.059376883
    5.500000000    7.191072476    9.013407194   10.374860986
    5.510000000    7.245033315    8.542487907    9.763536144
    5.520000000    7.436064695    8.139173549    9.315441665
    5.530000000    7.752216738    7.794814953    9.000833221
    5.540000000    8.149262575    7.485573898    8.731867743
    5.550000000    8.550088782    7.181288099    8.444503096
    5.560000000    8.853863147    6.863793471    8.135283337
    5.570000000    8.971485969    6.529977139    7.822227173
    5.580000000    8.893860512    6.196072034    7.504394561
    5.590000000    8.717796713    5.900432684    7.181790504
    5.600000000    8.578332947    5.685634842    6.889398978
    5.610000000    8.560163329    5.574825258    6.686960772
    5.620000000    8.664515582    5.564197018    6.627360020
    5.630000000    8.839259612    5.634455866    6.744298831
    5.640000000    9.046783518    5.773623217    7.057639953
    5.650000000    9.307517836    5.990839784    7.579118538
    5.660000000    9.667218027    6.303988258    8.310822612
    5.670000000   10.134672109    6.717432600    9.240177924
    5.680000000   10.671093803    7.219003544   10.340953382
    5.690000000   11.235344257    7.798658808   11.575936034
    5.700000000   11.815156052    8.460927909   12.872419479
    5.710000000   12.406239959    9.209559489   14.073723845
    5.720000000   12.980091787   10.014257072   14.940477941
    5.730000000   13.464317606   10.777552435   15.247428856
    5.740000000   13.725327111   11.324579981   14.910273923
    5.750000000   13.597602138   11.462670265   14.042259956
    5.760000000   13.002269454   11.116173892   12.902416079
    5.770000000   12.049139100   10.410838347   11.775196237
    5.780000000   10.981152014    9.594012592   10.866139328
    5.790000000   10.025321780    8.885787293   10.269041481
    5.800000000    9.305438710    8.406721515    9.983079633
    5.810000000    8.843123861    8.186345326    9.933483378
    5.820000000    8.592627796    8.190618628    9.990813127
    5.830000000    8.481948799    8.341244825   10.022761303
    5.840000000    8.454489116    8.534146309    9.974265398
    5.850000000    8.488838656    8.667161690    9.885822421
    5.860000000    8.585089229    8.675676022    9.809708745
    5.870000000    8.738690292    8.553152748    9.726543761
    5.880000000    8.921009757    8.331024845    9.561337586
    5.890000000    9.081497237    8.044537692    9.276162579
    5.900000000    9.172690864    7.721564005    8.920219744
    5.910000000    9.162894818    7.381133221    8.580381085
    5.920000000    9.019791471    7.028746058    8.320111687
    5.930000000    8.713288259    6.665933051    8.178832968
    5.940000000    8.260044344    6.312486687    8.197056847
    5.950000000    7.745805684    6.011584684    8.419197492
    5.960000000    7.282124227    5.808832742    8.878742055
    5.970000000    6.947322252    5.727570093    9.583661156
    5.980000000    6.765130962    5.758741165   10.502210803
    5.990000000    6.717579545    5.867606082   11.551626876
    6.000000000    6.772628261    6.016313790   12.604316547
    6.010000000    6.910160511    6.187500582   13.513737750
    6.020000000    7.129817227    6.381360690   14.155883552
    6.030000000    7.443010576    6.593285034   14.501057956
    6.040000000    7.860617081    6.808209351   14.665181769
    6.050000000    8.375565245    7.015661135   14.843172948
    6.060000000    8.940338220    7.212559511   15.157079076
    6.070000000    9.454370477    7.379186395   15.546590105
    6.080000000    9.791402838    7.465935888   15.781544196
    6.090000000    9.870286374    7.425525539   15.610740523
    6.100000000    9.708078072    7.261587888   14.964597333
    6.110000000    9.396648033    7.036018237   14.017190388
    6.120000000    9.040875917    6.832408472   13.035818058
    6.130000000    8.732357082    6.722892327   12.202839924
    6.140000000    8.548607837    6.755613722   11.572187770
    6.150000000    8.538773580    6.946827864   11.130670912
    6.160000000    8.701416387    7.269658237   10.852621511
    6.170000000    8.970713243    7.647270122   10.692937797
    6.180000000    9.230802047    7.973571122   10.572792166
    6.190000000    9.373339939    8.169824860   10.420262892
    6.200000000    9.359997555    8.227986140   10.226518877
    6.210000000    9.234596490    8.198056358   10.046603183
    6.220000000    9.092908472    8.152523783    9.955571414
    6.230000000    9.036087891    8.155399545    9.996966404
    6.240000000    9.120798713    8.235875946   10.136191638
    6.250000000    9.329309319    8.382255606   10.248944396
    6.260000000    9.570258643    8.554279144   10.183536277
    6.270000000    9.714168037    8.701644812    9.870650830
    6.280000000    9.667986172    8.794948677    9.375101073
    6.290000000    9.440195404    8.850171336    8.842149901
    6.300000000    9.117780840    8.904338347    8.405639073
    6.310000000    8.778628663    8.961762603    8.130541349
    6.320000000    8.438954693    8.976084049    8.001974553
    6.330000000    8.071998986    8.885507110    7.943848105
    6.340000000    7.663954589    8.668911227    7.863134338
    6.350000000    7.249277951    8.374876019    7.708645044
    6.360000000    6.893515170    8.094569883    7.499121799
    6.370000000    6.652309713    7.904881357    7.289167782
    6.380000000    6.545871099    7.830272863    7.112278209
    6.390000000    6.557716161    7.847138443    6.965790472
    6.400000000    6.647260548    7.914984541    6.844410876
    6.410000000    6.765419806    7.994495620    6.768478069
    6.420000000    6.871189294    8.045535080    6.771600804
    6.430000000    6.943421092    8.040163305    6.874851190
    6.440000000    6.975961795    7.986357524    7.074600974
    6.450000000    6.967359446    7.921928477    7.341268605
    6.460000000    6.926060362    7.889211255    7.635739185
    6.470000000    6.880940213    7.926917359    7.947953945
    6.480000000    6.877291933    8.071169277    8.316872074
    6.490000000    6.958481055    8.339414523    8.793496905
    6.500000000    7.140505432    8.701196182    9.376910300
    6.510000000    7.394353687    9.068630706    9.978421145
    6.520000000    7.653363910    9.331045918   10.453264512
    6.530000000    7.845753074    9.413999539   10.701957833
    6.540000000    7.933411700    9.312904949   10.753102301
    6.550000000    7.930432753    9.079427960   10.737861837
    6.560000000    7.891522748    8.792196183   10.803910290
    6.570000000    7.887558557    8.539987252   11.051277262
    6.580000000    7.976465165    8.398053017   11.495481134
    6.590000000    8.169973364    8.394480695   12.051062714
    6.600000000    8.419419987    8.498209693   12.569642641
    6.610000000    8.639939444    8.642340285   12.945817781
    6.620000000    8.755591580    8.763553807   13.191008579
    6.630000000    8.730442219    8.827782628   13.371111257
    6.640000000    8.580290324    8.838911868   13.503046749
    6.650000000    8.373367548    8.843463511   13.564648394
    6.660000000    8.207856098    8.918767560   13.575850526
    6.670000000    8.168715863    9.136125291   13.599712926
    6.680000000    8.293442312    9.524549681   13.667741736
    6.690000000    8.562665301   10.055196802   13.737723522
    6.700000000    8.910609518   10.644275128   13.703661911
    6.710000000    9.255194334   11.182563763   13.450307339
    6.720000000    9.545296913   11.593381674   12.945700449
    6.730000000    9.787970333   11.866328481   12.280836024
    6.740000000   10.019836336   12.024492889   11.589774195
    6.750000000   10.259640535   12.082359031   10.941084476
    6.760000000   10.490084385   12.042918477   10.311274360
    6.770000000   10.660064332   11.896644499    9.644784769
    6.780000000   10.702076241   11.619373970    8.937128737
    6.790000000   10.572617142   11.198392167    8.257605060
    6.800000000   10.284209810   10.659844758    7.697626401
    6.810000000    9.903859013   10.072428807    7.318187306
    6.820000000    9.519868449    9.524212760    7.137592680
    6.830000000    9.188269511    9.075636185    7.139908477
    6.840000000    8.905153765    8.732041943    7.284689340
    6.850000000    8.636974995    8.467131491    7.516806086
    6.860000000    8.371507950    8.265533742    7.771300214
    6.870000000    8.129907861    8.134195098    7.966225504
    6.880000000    7.937728192    8.079523074    8.005240318
    6.890000000    7.797626409    8.082943951    7.816702434
    6.900000000    7.684017217    8.092790796    7.404602432
    6.910000000    7.554309209    8.040403658    6.855719543
    6.920000000    7.369626895    7.884100377    6.289070533
    6.930000000    7.116314023    7.646366038    5.797349613
    6.940000000    6.821232841    7.402096342    5.427536382
    6.950000000    6.547874040    7.233509577    5.192411741
    6.960000000    6.365388113    7.192667748    5.086130687
    6.970000000    6.317128931    7.290147205    5.095261805
    6.980000000    6.410816233    7.502185209    5.206271707
    6.990000000    6.617262280    7.772866308    5.405607638
    7.000000000    6.866263573    8.010392680    5.671816021
    7.010000000    7.055987837    8.114021124    5.973659437
    7.020000000    7.093351489    8.035515176    6.285543213
    7.030000000    6.949276341    7.815001254    6.608012732
    7.040000000    6.680385559    7.554343504    6.967823326
    7.050000000    6.388371888    7.358889680    7.392512716
    7.060000000    6.161080526    7.298158597    7.885355551
    7.070000000    6.045538627    7.396510153    8.417736153
    7.080000000    6.045496143    7.628972968    8.940132154
    7.090000000    6.125511714    7.915753027    9.414789970
    7.100000000    6.224915612    8.139301521    9.834747314
    7.110000000    6.287043948    8.200653986   10.181053679
    7.120000000    6.289267990    8.082314194   10.365260829
    7.130000000    6.250767875    7.854978001   10.260680256
    7.140000000    6.215675095    7.621740625    9.819144760
    7.150000000    6.223312523    7.454428374    9.127147276
    7.160000000    6.280665235    7.362032698    8.327890376
    7.170000000    6.355148593    7.296295690    7.529391579
    7.180000000    6.396378842    7.185013519    6.790827390
    7.190000000    6.378689651    6.980458796    6.144644358
    7.200000000    6.327426465    6.694061519    5.604807136
    7.210000000    6.294886575    6.384097995    5.163671794
    7.220000000    6.310117129    6.107804005    4.795586944
    7.230000000    6.352982360    5.885861726    4.473995697
    7.240000000    6.374791460    5.707091869    4.189506119
    7.250000000    6.349035445    5.560197597    3.951525849
    7.260000000    6.301643726    5.456157617    3.775865948
    7.270000000    6.284853601    5.417538733    3.672460711
    7.280000000    6.325292264    5.449910411    3.639296345
    7.290000000    6.397657940    5.525737667    3.660346310
    7.300000000    6.439589664    5.593975845    3.706308077
    7.310000000    6.390910252    5.605869126    3.741447088
    7.320000000    6.228160517    5.537043003    3.739020122
    7.330000000    5.974490523    5.394981299    3.697559549
    7.340000000    5.678503614    5.207907596    3.642760474
    7.350000000    5.384113183    5.006327291    3.612613447
    7.360000000    5.124192307    4.819813340    3.640233799
    7.370000000    4.930050299    4.682868447    3.745875203
    7.380000000    4.830257299    4.629721531    3.935776556
    7.390000000    4.840641081    4.683444337    4.200746292
    7.400000000    4.959311450    4.852141886    4.514434495
    7.410000000    5.169008847    5.131269641    4.840160000
    7.420000000    5.443441867    5.505601731    5.148692395
    7.430000000    5.753014268    5.945948876    5.426584749
    7.440000000    6.068542407    6.405570286    5.664758882
    7.450000000    6.369619490    6.833588473    5.856600993
    7.460000000    6.652722056    7.201618396    6.015531672
    7.470000000    6.917443185    7.502489624    6.176082361
    7.480000000    7.137868129    7.711928806    6.365475793
    7.490000000    7.262738212    7.772416096    6.579101077
    7.500000000    7.257007232    7.640318295    6.782092586
    7.510000000    7.133935335    7.340907875    6.928571376
    7.520000000    6.943955677    6.957314072    6.991923007
    7.530000000    6.751146720    6.580659627    6.989856780
    7.540000000    6.619604177    6.281172750    6.977298837
    7.550000000    6.603814961    6.104929345    7.018408777
    7.560000000    6.742187327    6.079068511    7.166263953
    7.570000000    7.052507184    6.215428472    7.452585954
    7.580000000    7.524091715    6.509244969    7.876403450
    7.590000000    8.109479323    6.935419261    8.390983044
    7.600000000    8.725402699    7.447572174    8.906129496
    7.610000000    9.271839904    7.983680701    9.322461732
    7.620000000    9.676048964    8.482402137    9.581649303
    7.630000000    9.939460087    8.906041201    9.682154356
    7.640000000   10.127788522    9.248670169    9.641603830
    7.650000000   10.300752015    9.523427068    9.463071762
    7.660000000   10.452129667    9.745634011    9.161035155
    7.670000000   10.510210353    9.920655584    8.802230317
    7.680000000   10.399728361   10.045317213    8.488968680
    7.690000000   10.109496578   10.117813091    8.304546005
    7.700000000    9.695638367   10.135143938    8.279746189
    7.710000000    9.237169175   10.091847352    8.398661761
    7.720000000    8.803315058    9.996237648    8.621283383
    7.730000000    8.443669237    9.874925355    8.894395005
    7.740000000    8.189348377    9.756251171    9.153504666
    7.750000000    8.059161056    9.658635347    9.339192252
    7.760000000    8.062841506    9.586746165    9.429498367
    7.770000000    8.200788867    9.534251726    9.457439270
    7.780000000    8.462993350    9.502457663    9.490267606
    7.790000000    8.817509010    9.508422552    9.591594273
    7.800000000    9.188938225    9.555647833    9.800919302
    7.810000000    9.464191947    9.610930689   10.127266854
    7.820000000    9.553945539    9.632466733   10.533467383
    7.830000000    9.458580214    9.612086811   10.930715129
    7.840000000    9.257507692    9.566501805   11.208722182
    7.850000000    9.044610459    9.495943006   11.277777547
    7.860000000    8.888192754    9.381907280   11.108489567
    7.870000000    8.827653831    9.227612282   10.753920486
    7.880000000    8.873413566    9.069188252   10.308972539
    7.890000000    9.002135922    8.936547453    9.850578428
    7.900000000    9.164745098    8.823115151    9.428012712
    7.910000000    9.297691315    8.689144303    9.066555655
    7.920000000    9.323773690    8.479939416    8.746340586
    7.930000000    9.174038632    8.157014048    8.396572700
    7.940000000    8.846003576    7.734770126    7.945592275
    7.950000000    8.430749349    7.283807914    7.388946307
    7.960000000    8.058986711    6.888476642    6.794315226
    7.970000000    7.830359269    6.605321563    6.245166123
    7.980000000    7.792323672    6.455724705    5.797785115
    7.990000000    7.955209037    6.439676554    5.477406832
    8.000000000    8.303813983    6.546606882    5.289713083
    8.010000000    8.788265814    6.750288529    5.228534720
    8.020000000    9.313482945    6.998150732    5.277347853
    8.030000000    9.764111401    7.221904244    5.412739699
    8.040000000   10.063525104    7.372707876    5.615569164
    8.050000000   10.214054957    7.448651833    5.880678865
    8.060000000   10.280098749    7.487019167    6.207848327
    8.070000000   10.321350455    7.521633551    6.576367804
    8.080000000   10.332842824    7.542903874    6.925101447
    8.090000000   10.262618577    7.508995581    7.156593493
    8.100000000   10.092803394    7.399623453    7.177370272
    8.110000000    9.875461356    7.243495956    6.958446864
    8.120000000    9.672877061    7.086031931    6.564040122
    8.130000000    9.489928512    6.947559964    6.116857262
    8.140000000    9.288240537    6.824343300    5.731385513
    8.150000000    9.060508905    6.723376068    5.471631277
    8.160000000    8.862388926    6.676379125    5.347719900
    8.170000000    8.765606638    6.712567598    5.330271121
    8.180000000    8.805896337    6.831813057    5.367679905
    8.190000000    8.970605180    7.005487778    5.405830508
    8.200000000    9.204860373    7.190178735    5.411289753
    8.210000000    9.424170419    7.339590669    5.383255002
    8.220000000    9.548021214    7.418665293    5.336326460
    8.230000000    9.537437763    7.412523883    5.270011695
    8.240000000    9.387282942    7.313333769    5.161389001
    8.250000000    9.092712389    7.105755420    4.987858324
    8.260000000    8.655948923    6.783432346    4.749134191
    8.270000000    8.117208952    6.376649735    4.469127439
    8.280000000    7.542297528    5.942628404    4.184369949
    8.290000000    6.981643627    5.526018035    3.925437130
    8.300000000    6.457563390    5.139660778    3.702507455
    8.310000000    5.974513994    4.777433331    3.504592612
    8.320000000    5.526654265    4.435160405    3.311921855
    8.330000000    5.104338441    4.118674458    3.113193968
    8.340000000    4.703300211    3.837518837    2.912173619
    8.350000000    4.331240978    3.597550865    2.721390072
    8.360000000    4.005103985    3.400031680    2.555054233
    8.370000000    3.740754626    3.245415540    2.424742041
    8.380000000    3.545152156    3.136649633    2.336013442
    8.390000000    3.414216859    3.076955381    2.286684514
    8.400000000    3.334845580    3.065468416    2.267806159
    8.410000000    3.291847934    3.097445924    2.268381030
    8.420000000    3.276594830    3.168037786    2.281900581
    8.430000000    3.288122550    3.273297964    2.308497086
    8.440000000    3.325323771    3.407559810    2.351711960
    8.450000000    3.379793790    3.561975212    2.415307875
    8.460000000    3.437228359    3.726985289    2.501488472
    8.470000000    3.488912943    3.899672592    2.609641689
    8.480000000    3.543418989    4.091765244    2.736763043
    8.490000000    3.624565042    4.328417434    2.880520127
    8.500000000    3.758064135    4.635631396    3.042544187
    8.510000000    3.958332167    5.023238806    3.225888225
    8.520000000    4.219504552    5.468450533    3.425459180
    8.530000000    4.511456813    5.907791698    3.619479476
    8.540000000    4.786832984    6.256744706    3.775503045
    8.550000000    5.000513985    6.459399290    3.872208884
    8.560000000    5.126638009    6.520944542    3.911640284
    8.570000000    5.164691908    6.488739713    3.909004040
    8.580000000    5.138329291    6.416724132    3.880012958
    8.590000000    5.080428722    6.343706579    3.835984085
    8.600000000    5.011143921    6.280825328    3.783246985
    8.610000000    4.930484226    6.208212689    3.726380978
    8.620000000    4.828478560    6.085886757    3.674446171
    8.630000000    4.703864872    5.883126576    3.642171936
    8.640000000    4.578248425    5.612530960    3.636109517
    8.650000000    4.488945974    5.327712343    3.637405639
    8.660000000    4.467504664    5.083758857    3.606854096
    8.670000000    4.527589572    4.909705399    3.517731263
    8.680000000    4.664387028    4.809949366    3.382580313
    8.690000000    4.854221962    4.773704929    3.241176672
    8.700000000    5.055832406    4.781300131    3.130577662
    8.710000000    5.225000288    4.812925957    3.071801030
    8.720000000    5.340927054    4.860929060    3.072853513
    8.730000000    5.419248499    4.933717828    3.132520714
    8.740000000    5.495182775    5.044524329    3.240235526
    8.750000000    5.597158608    5.196837088    3.374390067
    8.760000000    5.732677061    5.377478686    3.501729715
    8.770000000    5.883874051    5.557444077    3.584169433
    8.780000000    6.015704341    5.705283477    3.595444926
    8.790000000    6.101145692    5.810661258    3.537824632
    8.800000000    6.142018446    5.894993589    3.443874199
    8.810000000    6.162607030    5.995228500    3.357515909
    8.820000000    6.189193001    6.141257075    3.311751099
    8.830000000    6.242187725    6.351534878    3.321917403
    8.840000000    6.339755644    6.638190398    3.390493326
    8.850000000    6.491930329    6.998383093    3.510899527
    8.860000000    6.680107905    7.393508913    3.667648614
    8.870000000    6.845713209    7.746410790    3.840876803
    8.880000000    6.913852737    7.978901594    4.017790922
    8.890000000    6.841089336    8.062267838    4.198633237
    8.900000000    6.644413227    8.024336494    4.388444807
    8.910000000    6.385165835    7.908026754    4.583715382
    8.920000000    6.129072484    7.736736699    4.768556284
    8.930000000    5.921978325    7.521504134    4.923231740
    8.940000000    5.791268925    7.288891297    5.031499412
    8.950000000    5.751700944    7.087279465    5.079027491
    8.960000000    5.803430413    6.963132953    5.058275309
    8.970000000    5.931486100    6.936759863    4.981532246
    8.980000000    6.111384331    6.995769271    4.874880449
    8.990000000    6.312946381    7.101950625    4.756662943
    9.000000000    6.498777564    7.205164829    4.631936137
    9.010000000    6.627352846    7.263265255    4.503485720
    9.020000000    6.668335098    7.261979857    4.379671505
    9.030000000    6.618016626    7.220119042    4.273524952
    9.040000000    6.497958709    7.173469478    4.197766675
    9.050000000    6.339140547    7.148749176    4.159503311
    9.060000000    6.165536804    7.142757914    4.156720933
    9.070000000    5.985645944    7.116937834    4.178845178
    9.080000000    5.796368637    7.020054678    4.212990804
    9.090000000    5.596813898    6.832996319    4.250248082
    9.100000000    5.398904766    6.593480652    4.285076264
    9.110000000    5.225152292    6.374643933    4.310897344
    9.120000000    5.096751773    6.243878836    4.317819924
    9.130000000    5.023697739    6.237070685    4.297207079
    9.140000000    5.005122271    6.354854673    4.249039635
    9.150000000    5.033927508    6.568326805    4.182881297
    9.160000000    5.097580873    6.826945776    4.116417920
    9.170000000    5.180953366    7.076244783    4.074739194
    9.180000000    5.276719123    7.283625404    4.084752647
    9.190000000    5.390468540    7.443479459    4.163927321
    9.200000000    5.529160959    7.548910625    4.311422658
    9.210000000    5.686695551    7.572080882    4.510117897
    9.220000000    5.847481722    7.493148892    4.739983044
    9.230000000    6.000739062    7.338575442    4.991300233
    9.240000000    6.144409727    7.170565092    5.265462559
    9.250000000    6.278959288    7.045274343    5.566937688
    9.260000000    6.403288723    6.986705398    5.894292436
    9.270000000    6.511953769    6.983539865    6.227154158
    9.280000000    6.586248781    6.993170824    6.511248428
    9.290000000    6.593778001    6.957722759    6.670042915
    9.300000000    6.509755102    6.839547676    6.656784436
    9.310000000    6.338241149    6.648399903    6.496385435
    9.320000000    6.110796199    6.431587967    6.261323537
    9.330000000    5.868034107    6.239140876    6.011151412
    9.340000000    5.637452467    6.094224235    5.767169782
    9.350000000    5.423562017    5.987209372    5.529037255
    9.360000000    5.219633411    5.890209920    5.291979633
    9.370000000    5.025322911    5.777199314    5.054714967
    9.380000000    4.851771870    5.641619470    4.828394859
    9.390000000    4.712838555    5.498775309    4.636913170
    9.400000000    4.612970260    5.367602236    4.505345558
    9.410000000    4.543622176    5.252912361    4.452405845
    9.420000000    4.490033359    5.143287243    4.491952243
    9.430000000    4.441050402    5.020923547    4.632948253
    9.440000000    4.392983127    4.873939147    4.871249865
    9.450000000    4.343871289    4.702199283    5.178245175
    9.460000000    4.285476870    4.512459866    5.498253150
    9.470000000    4.206941732    4.311154258    5.764282842
    9.480000000    4.109916800    4.106958747    5.923065184
    9.490000000    4.012593172    3.914983530    5.951867629
    9.500000000    3.932560645    3.749265947    5.863859500
    9.510000000    3.868405233    3.610336083    5.697044600
    9.520000000    3.800443429    3.483659312    5.491441076
    9.530000000    3.710749222    3.353447040    5.275389748
    9.540000000    3.600794026    3.217822014    5.062698608
    9.550000000    3.485520252    3.087885690    4.852614684
    9.560000000    3.377550818    2.976405679    4.633439179
    9.570000000    3.285464070    2.893047595    4.391842558
    9.580000000    3.219469637    2.845723443    4.126096495
    9.590000000    3.189180383    2.840275127    3.853718402
    9.600000000    3.197474743    2.879086156    3.604635993
    9.610000000    3.240554956    2.961424333    3.405795942
    9.620000000    3.315190146    3.085335491    3.270848120
    9.630000000    3.423347058    3.247242504    3.200356756
    9.640000000    3.566104921    3.436532650    3.187589244
    9.650000000    3.733218442    3.630651184    3.223320271
    9.660000000    3.898922866    3.798897592    3.295912394
    9.670000000    4.028765960    3.915379868    3.389754328
    9.680000000    4.096319736    3.972902839    3.489645629
    9.690000000    4.097300885    3.987062416    3.586583919
    9.700000000    4.047473008    3.984026674    3.671283844
    9.710000000    3.967565176    3.978428377    3.724409145
    9.720000000    3.866126155    3.958373693    3.727296950
    9.730000000    3.736457478    3.893884353    3.683797311
    9.740000000    3.575431949    3.766463260    3.621562413
    9.750000000    3.400127024    3.589503621    3.570980060
    9.760000000    3.239701697    3.398643998    3.544821519
    9.770000000    3.117592478    3.228961500    3.534712914
    9.780000000    3.045292484    3.101880927    3.523077792
    9.790000000    3.025692038    3.023692040    3.496074672
    9.800000000    3.056192444    2.988369785    3.447206852
    9.810000000    3.129813219    2.982601596    3.378386700
    9.820000000    3.236538287    2.993380549    3.304305385
    9.830000000    3.366168468    3.015538012    3.250191125
    9.840000000    3.510412611    3.052500399    3.240302942
    9.850000000    3.661874188    3.109329382    3.287713170
    9.860000000    3.813484928    3.187382828    3.390188743
    9.870000000    3.960296243    3.285094630    3.528805292
    9.880000000    4.099219145    3.399251104    3.668737754
    9.890000000    4.225796814    3.522376749    3.767396117
    9.900000000    4.334959482    3.641406428    3.792720376
    9.910000000    4.427076127    3.742022254    3.740535023
    9.920000000    4.506612153    3.812531697    3.630512703
    9.930000000    4.572002979    3.844501203    3.486288590
    9.940000000    4.612821302    3.835347544    3.328107504
    9.950000000    4.617180472    3.792295228    3.179292112
    9.960000000    4.580765909    3.731462561    3.065779710
    9.970000000    4.511611856    3.670406413    3.006268239
    9.980000000    4.425888077    3.619583007    3.003994442
    9.990000000    4.340571630    3.581076191    3.045716580
   10.000000000    4.267251251    3.552425953    3.108499520
   10.010000000    4.205871973    3.527332913    3.170842452
   10.020000000    4.147089228    3.496922220    3.220744428
   10.030000000    4.083904175    3.456568854    3.258381560
   10.040000000    4.015551544    3.409250369    3.294964317
   10.050000000    3.939938432    3.361515897    3.346926834
   10.060000000    3.850849811    3.320506566    3.425821225
   10.070000000    3.744142362    3.292619704    3.526521362
   10.080000000    3.622444869    3.280764872    3.621598850
   10.090000000    3.494384032    3.282724284    3.672846237
   10.100000000    3.371028103    3.291983570    3.658387713
   10.110000000    3.262232238    3.300748908    3.591152718
   10.120000000    3.176644169    3.307113939    3.508963833
   10.130000000    3.125041611    3.322904731    3.450788046
   10.140000000    3.120083469    3.371471981    3.440432792
   10.150000000    3.169224309    3.474151363    3.480029204
   10.160000000    3.265942136    3.636591509    3.550560017
   10.170000000    3.386581625    3.844056551    3.621907657
   10.180000000    3.498008105    4.067401954    3.672023878
   10.190000000    3.573883198    4.273811487    3.700471139
   10.200000000    3.607349064    4.434249320    3.722574820
   10.210000000    3.610975495    4.530090453    3.755632431
   10.220000000    3.608060431    4.562317647    3.814129600
   10.230000000    3.622266788    4.552669013    3.911284397
   10.240000000    3.670235618    4.532932147    4.058249141
   10.250000000    3.759863197    4.533384669    4.261255079
   10.260000000    3.890366959    4.573182632    4.519672036
   10.270000000    4.050623197    4.651403128    4.826190638
   10.280000000    4.220417847    4.746518191    5.171189606
   10.290000000    4.378294072    4.828133734    5.546582329
   10.300000000    4.510785061    4.872826577    5.941880058
   10.310000000    4.615213701    4.873957618    6.333999151
   10.320000000    4.694995954    4.840419145    6.681151880
   10.330000000    4.757338756    4.791363112    6.940612437
   10.340000000    4.816042918    4.752829281    7.103173558
   10.350000000    4.885079075    4.747198674    7.194818497
   10.360000000    4.965157343    4.778685113    7.241936288
   10.370000000    5.046473481    4.833085195    7.255122939
   10.380000000    5.126072115    4.893284381    7.244818453
   10.390000000    5.209276796    4.950442298    7.233382631
   10.400000000    5.291210845    4.997590337    7.245793867
   10.410000000    5.348238221    5.019809928    7.291310916
   10.420000000    5.353546556    5.002438034    7.356553288
   10.430000000    5.301534493    4.951250903    7.422174779
   10.440000000    5.217422859    4.897340710    7.484887694
   10.450000000    5.144362653    4.879962800    7.553114388
   10.460000000    5.121316836    4.925340416    7.620750011
   10.470000000    5.167403215    5.036500722    7.657232656
   10.480000000    5.277059026    5.195663682    7.628298250
   10.490000000    5.424504787    5.372883890    7.525066085
   10.500000000    5.575587804    5.535605110    7.371470971
   10.510000000    5.703658665    5.659962508    7.202794641
   10.520000000    5.800167367    5.741384600    7.043403718
   10.530000000    5.869158075    5.791915103    6.901004425
   10.540000000    5.911630019    5.823582172    6.771244146
   10.550000000    5.918133194    5.836189270    6.651380795
   10.560000000    5.878908324    5.820051029    6.553334503
   10.570000000    5.797796296    5.764532063    6.496872954
   10.580000000    5.688000219    5.662167274    6.487386116
   10.590000000    5.557706169    5.511519425    6.503316614
   10.600000000    5.411475282    5.323592661    6.508544795
   10.610000000    5.264245831    5.127589634    6.479914812
   10.620000000    5.141158665    4.964567681    6.422672243
   10.630000000    5.059943957    4.867022734    6.359428671
   10.640000000    5.020231892    4.842109303    6.311256879
   10.650000000    5.009008626    4.870062413    6.288154610
   10.660000000    5.012257821    4.915767262    6.287502302
   10.670000000    5.024509757    4.948579660    6.300286551
   10.680000000    5.049330051    4.955809344    6.318141355
   10.690000000    5.088865835    4.936744077    6.332649425
   10.700000000    5.132109518    4.888325519    6.336035765
   10.710000000    5.154956663    4.802120758    6.328881726
   10.720000000    5.136177546    4.677037122    6.323855327
   10.730000000    5.074188789    4.530585932    6.331117225
   10.740000000    4.987653256    4.392231753    6.334704492
   10.750000000    4.899569146    4.286455330    6.293253434
   10.760000000    4.819588445    4.221744436    6.169387688
   10.770000000    4.743924287    4.193255973    5.959690222
   10.780000000    4.672999670    4.195428554    5.704774257
   10.790000000    4.625107682    4.233054499    5.469723993
   10.800000000    4.630175573    4.321374014    5.307396539
   10.810000000    4.712370601    4.475429533    5.234215030
   10.820000000    4.877765146    4.695956963    5.230881661
   10.830000000    5.110750052    4.960095542    5.259437382
   10.840000000    5.377870479    5.223824527    5.282758028
   10.850000000    5.641308820    5.438290771    5.279237157
   10.860000000    5.875498801    5.572246949    5.250634747
   10.870000000    6.070291106    5.623287610    5.216984409
   10.880000000    6.220210204    5.609706948    5.198073821
   10.890000000    6.318278618    5.556307292    5.195852269
   10.900000000    6.361814876    5.486565734    5.194422536
   10.910000000    6.356897501    5.418611291    5.178955348
   10.920000000    6.311982066    5.360950214    5.154168172
   10.930000000    6.229771998    5.310159255    5.140417391
   10.940000000    6.109699178    5.255274820    5.154301405
   10.950000000    5.957974119    5.188758778    5.198731857
   10.960000000    5.793051948    5.117657799    5.271160662
   10.970000000    5.641675072    5.065731728    5.376201267
   10.980000000    5.530867921    5.062174841    5.524204270
   10.990000000    5.480386918    5.125096415    5.713014184
   11.000000000    5.494480075    5.251829232    5.908755656
   11.010000000    5.559358305    5.423654261    6.051586299
   11.020000000    5.652360471    5.620303323    6.095029983
   11.030000000    5.751939858    5.827423372    6.046242671
   11.040000000    5.836947361    6.032710069    5.963429596
   11.050000000    5.885952136    6.224053644    5.916484593
   11.060000000    5.887623167    6.390974013    5.954092763
   11.070000000    5.847358758    6.519466387    6.094076503
   11.080000000    5.779912513    6.589098415    6.322903530
   11.090000000    5.701173395    6.586060666    6.595167226
   11.100000000    5.627473124    6.518634661    6.840916831
   11.110000000    5.572997652    6.411291619    6.987310768
   11.120000000    5.539588235    6.280897355    6.985436188
   11.130000000    5.511787524    6.124806473    6.829265652
   11.140000000    5.469434025    5.935810292    6.560189920
   11.150000000    5.407181614    5.723343993    6.251706051
   11.160000000    5.339710166    5.514788953    5.978247810
   11.170000000    5.289521362    5.336227034    5.786716318
   11.180000000    5.271454429    5.194874251    5.686634317
   11.190000000    5.285693139    5.081146179    5.659224681
   11.200000000    5.317912916    4.981958983    5.675839297
   11.210000000    5.340679950    4.887147650    5.713676704
   11.220000000    5.319964674    4.788747651    5.761712836
   11.230000000    5.229369140    4.681109730    5.823114804
   11.240000000    5.065569617    4.563327208    5.913560165
   11.250000000    4.854591288    4.442689779    6.047182695
   11.260000000    4.641181971    4.335676025    6.224951871
   11.270000000    4.467117219    4.260721606    6.440931414
   11.280000000    4.356044876    4.227267001    6.694211811
   11.290000000    4.312454805    4.231616729    6.988607930
   11.300000000    4.325451581    4.258789804    7.314767326
   11.310000000    4.371684852    4.287968142    7.628467977
   11.320000000    4.421479566    4.302095884    7.857464772
   11.330000000    4.449362098    4.294283045    7.945508395
   11.340000000    4.443048407    4.266022945    7.890221740
   11.350000000    4.402559179    4.222119249    7.740556420
   11.360000000    4.332972228    4.167676412    7.570059527
   11.370000000    4.242573550    4.108655806    7.442931595
   11.380000000    4.145061978    4.053200960    7.383700487
   11.390000000    4.057074164    4.010494330    7.370696733
   11.400000000    3.991100831    3.987642441    7.359144680
   11.410000000    3.950357865    3.985993376    7.308103332
   11.420000000    3.930582318    3.998468425    7.183444426
   11.430000000    3.928351877    4.013032847    6.958091884
   11.440000000    3.947428718    4.022544430    6.634343847
   11.450000000    3.994796406    4.029783040    6.251915095
   11.460000000    4.070127575    4.040358263    5.859252038
   11.470000000    4.161046178    4.053254838    5.487002330
   11.480000000    4.251194052    4.062330606    5.148754939
   11.490000000    4.332926825    4.066071507    4.853886137
   11.500000000    4.411525826    4.072864925    4.611598704
   11.510000000    4.498171363    4.096517795    4.422829385
   11.520000000    4.596674069    4.144908234    4.273263197
   11.530000000    4.696063653    4.211094434    4.137798844
   11.540000000    4.781761397    4.278660412    3.993495965
   11.550000000    4.854882656    4.338159749    3.831421159
   11.560000000    4.934883656    4.396383927    3.660072094
   11.570000000    5.041960494    4.468688765    3.498954793
   11.580000000    5.175530670    4.561562662    3.367233362
   11.590000000    5.307082708    4.661034980    3.275822306
   11.600000000    5.396770587    4.738557979    3.226576217
   11.610000000    5.419151563    4.768406042    3.214987806
   11.620000000    5.372051184    4.741108234    3.232159801
   11.630000000    5.269709776    4.666999653    3.265576512
   11.640000000    5.133248412    4.568580506    3.299675481
   11.650000000    4.974601439    4.462166940    3.317639957
   11.660000000    4.786129210    4.347486439    3.306188531
   11.670000000    4.557394100    4.220531349    3.261095571
   11.680000000    4.299349173    4.088857427    3.189248830
   11.690000000    4.041893430    3.966882503    3.106029241
   11.700000000    3.812825432    3.863453337    3.028106903
   11.710000000    3.626051023    3.779512618    2.965166924
   11.720000000    3.484378158    3.713435506    2.916370151
   11.730000000    3.387233981    3.665656559    2.873561089
   11.740000000    3.334300362    3.640028308    2.828401483
   11.750000000    3.321964235    3.641624608    2.778264660
   11.760000000    3.339067156    3.672451237    2.725947664
   11.770000000    3.370165414    3.729736639    2.673739767
   11.780000000    3.403299322    3.807510566    2.618933726
   11.790000000    3.430843438    3.894893220    2.555386950
   11.800000000    3.444501633    3.971419792    2.477952088
   11.810000000    3.436106865    4.011942742    2.385670791
   11.820000000    3.402933559    4.002118510    2.282092193
   11.830000000    3.348656196    3.946932467    2.173381353
   11.840000000    3.280815699    3.865828963    2.067348334
   11.850000000    3.210325404    3.784798587    1.972717795
   11.860000000    3.150415948    3.728444769    1.896511262
   11.870000000    3.110795121    3.709342534    1.841172586
   11.880000000    3.092024109    3.720496875    1.804575634
   11.890000000    3.085714479    3.738460012    1.783154005
   11.900000000    3.080668388    3.738496250    1.775293429
   11.910000000    3.071353352    3.713226088    1.781936613
   11.920000000    3.061746239    3.675290468    1.804032959
   11.930000000    3.059888738    3.639278346    1.840555951
   11.940000000    3.068953535    3.607190270    1.889390481
   11.950000000    3.084805071    3.574747046    1.948703202
   11.960000000    3.099394267    3.543921303    2.018009684
   11.970000000    3.103344971    3.521955254    2.100151108
   11.980000000    3.088117945    3.510876872    2.200612025
   11.990000000    3.049987722    3.502460895    2.321082614
   12.000000000    2.992700766    3.483741017    2.452746865
   12.010000000    2.925944503    3.447120434    2.577069703
   12.020000000    2.861378658    3.395629227    2.674903387
   12.030000000    2.808378951    3.339188789    2.735051360
   12.040000000    2.770387593    3.286279843    2.755355504
   12.050000000    2.743038727    3.237743747    2.741088427
   12.060000000    2.716107347    3.186722948    2.704607115
   12.070000000    2.680105386    3.123772027    2.663994057
   12.080000000    2.632936278    3.043200693    2.637684598
   12.090000000    2.580411214    2.947208684    2.637166033
   12.100000000    2.531043274    2.843468061    2.664205855
   12.110000000    2.490771587    2.738205073    2.712955793
   12.120000000    2.461208297    2.633556823    2.771144794
   12.130000000    2.442179861    2.532740932    2.821515502
   12.140000000    2.434860216    2.444991676    2.847507841
   12.150000000    2.439816638    2.381692626    2.838375187
   12.160000000    2.452443174    2.348708995    2.790519041
   12.170000000    2.464108841    2.344155160    2.707554869
   12.180000000    2.470535394    2.362081746    2.599533925
   12.190000000    2.476489407    2.394931312    2.480011865
   12.200000000    2.487404805    2.430495010    2.360237666
   12.210000000    2.496464489    2.449431676    2.246515371
   12.220000000    2.482388560    2.431181500    2.144053280
   12.230000000    2.422845835    2.365857341    2.059162515
   12.240000000    2.313277908    2.261542277    1.995943328
   12.250000000    2.172312191    2.140664270    1.953306574
   12.260000000    2.028797271    2.028471332    1.926301040
   12.270000000    1.905808166    1.942351210    1.910501431
   12.280000000    1.814313102    1.888011096    1.905403117
   12.290000000    1.755421550    1.861854280    1.914332468
   12.300000000    1.724936519    1.855943463    1.942236072
   12.310000000    1.715955931    1.861246797    1.991011398
   12.320000000    1.719725013    1.868531982    2.053388166
   12.330000000    1.728294462    1.870681059    2.112343879
   12.340000000    1.738388645    1.865056796    2.149327965
   12.350000000    1.751350789    1.852248168    2.154714012
   12.360000000    1.768738565    1.833141788    2.131964516
   12.370000000    1.788787067    1.807466614    2.093060106
   12.380000000    1.807499208    1.775701597    2.048339129
   12.390000000    1.821502260    1.741595699    1.998743552
   12.400000000    1.828588535    1.710328767    1.937758799
   12.410000000    1.827048257    1.684255070    1.861784084
   12.420000000    1.814075276    1.660427842    1.777389696
   12.430000000    1.785689665    1.632500058    1.696767878
   12.440000000    1.742995200    1.597593644    1.629039747
   12.450000000    1.696591370    1.560539474    1.575927330
   12.460000000    1.660390049    1.530086841    1.531817674
   12.470000000    1.643705108    1.513975146    1.488487468
   12.480000000    1.650497424    1.518045230    1.442746463
   12.490000000    1.682234392    1.546857885    1.399934372
   12.500000000    1.738781338    1.603280967    1.369691205
   12.510000000    1.817543606    1.686840681    1.359472551
   12.520000000    1.912863597    1.791587758    1.370909214
   12.530000000    2.015734834    1.905280824    1.398999459
   12.540000000    2.114365728    2.012173074    1.433601182
   12.550000000    2.195992456    2.098839024    1.463262144
   12.560000000    2.248360534    2.159004710    1.480440097
   12.570000000    2.262263758    2.194519931    1.484763998
   12.580000000    2.237755237    2.212813605    1.481145400
   12.590000000    2.187249828    2.221483251    1.474536715
   12.600000000    2.127392044    2.222043556    1.466028044
   12.610000000    2.068001210    2.209288631    1.452979061
   12.620000000    2.009771074    2.177463445    1.432839855
   12.630000000    1.949528470    2.125788116    1.407911568
   12.640000000    1.886322820    2.058999353    1.386566011
   12.650000000    1.823768122    1.984215330    1.378696081
   12.660000000    1.767839489    1.906432449    1.389484785
   12.670000000    1.723610330    1.827377798    1.416545385
   12.680000000    1.694016735    1.749352312    1.451118989
   12.690000000    1.679282622    1.676901393    1.482158070
   12.700000000    1.676886129    1.614155876    1.502448915
   12.710000000    1.683253162    1.563375271    1.513600613
   12.720000000    1.694940286    1.525408481    1.524877726
   12.730000000    1.708436004    1.500050678    1.546111508
   12.740000000    1.721289128    1.486646203    1.580623726
   12.750000000    1.735033381    1.485440291    1.622483060
   12.760000000    1.754793015    1.497323200    1.658182130
   12.770000000    1.783947327    1.521026715    1.672993127
   12.780000000    1.821181972    1.552089599    1.660238431
   12.790000000    1.862245301    1.585198254    1.624141918
   12.800000000    1.901828374    1.616668887    1.573237289
   12.810000000    1.935214747    1.645533903    1.514683217
   12.820000000    1.959321147    1.672711725    1.454426724
   12.830000000    1.969935604    1.697756732    1.398154446
   12.840000000    1.960201979    1.716804868    1.350435480
   12.850000000    1.927598309    1.725407617    1.314363038
   12.860000000    1.880550040    1.722316162    1.292030269
   12.870000000    1.833874479    1.709929264    1.284169151
   12.880000000    1.799675443    1.692818495    1.288858804
   12.890000000    1.781876374    1.674074998    1.299822725
   12.900000000    1.776001361    1.652471278    1.306799539
   12.910000000    1.773363351    1.625538480    1.300685142
   12.920000000    1.764907546    1.594063348    1.279898651
   12.930000000    1.743211712    1.562000804    1.251133095
   12.940000000    1.706077738    1.534479845    1.224912787
   12.950000000    1.659950133    1.517613444    1.211249817
   12.960000000    1.617819071    1.517732042    1.216939149
   12.970000000    1.591849886    1.537662942    1.244020855
   12.980000000    1.586800099    1.573393825    1.289278782
   12.990000000    1.599060774    1.615604606    1.343982342
   13.000000000    1.620934992    1.655635870    1.394570898
   13.010000000    1.645803557    1.689992579    1.427969055
   13.020000000    1.670727347    1.719870885    1.440219008
   13.030000000    1.696946215    1.749353543    1.438421991
   13.040000000    1.728344457    1.783824591    1.432865432
   13.050000000    1.767550521    1.826180154    1.429252884
   13.060000000    1.812750111    1.872409855    1.428280787
   13.070000000    1.857930825    1.911353967    1.430160333
   13.080000000    1.896209283    1.931085059    1.437868022
   13.090000000    1.925225139    1.928248561    1.455968412
   13.100000000    1.949395254    1.909920411    1.486857815
   13.110000000    1.974588921    1.885027555    1.528025813
   13.120000000    2.001767958    1.857345738    1.572357976
   13.130000000    2.025900577    1.826805571    1.610779657
   13.140000000    2.038312866    1.792774406    1.634127479
   13.150000000    2.031086619    1.754531644    1.634673491
   13.160000000    2.002170559    1.711092491    1.610887431
   13.170000000    1.957460803    1.662998673    1.571266444
   13.180000000    1.907978691    1.614607447    1.529192300
   13.190000000    1.861611886    1.571607275    1.492116093
   13.200000000    1.815641624    1.534804032    1.457702355
   13.210000000    1.761021061    1.499800402    1.421438903
   13.220000000    1.695384979    1.464098909    1.385153391
   13.230000000    1.627748388    1.431223154    1.355660004
   13.240000000    1.570009095    1.407127985    1.337589670
   13.250000000    1.528010794    1.395196000    1.329316397
   13.260000000    1.499623495    1.394156686    1.324190852
   13.270000000    1.477525884    1.398708220    1.314962197
   13.280000000    1.454541787    1.402945858    1.297897608
   13.290000000    1.429346031    1.404962058    1.273874237
   13.300000000    1.407421670    1.407858902    1.246028371
   13.310000000    1.396228448    1.416319114    1.216642588
   13.320000000    1.399993561    1.433520998    1.186663807
   13.330000000    1.417022112    1.460205159    1.157036314
   13.340000000    1.439634004    1.494584877    1.128894148
   13.350000000    1.458269316    1.533818448    1.103103847
   13.360000000    1.467596691    1.576075124    1.080897831
   13.370000000    1.466823215    1.619000405    1.064501662
   13.380000000    1.454455410    1.655605790    1.056817032
   13.390000000    1.427342988    1.674873864    1.060745995
   13.400000000    1.385502118    1.668833166    1.078729328
   13.410000000    1.334329173    1.637628082    1.112166264
   13.420000000    1.281427562    1.587533774    1.160669935
   13.430000000    1.233306547    1.527105556    1.221909602
   13.440000000    1.194450944    1.465296065    1.291150382
   13.450000000    1.166989236    1.409789131    1.360395624
   13.460000000    1.150165651    1.364479106    1.421172292
   13.470000000    1.140400450    1.328409437    1.471373502
   13.480000000    1.132673521    1.297846908    1.517539624
   13.490000000    1.123246362    1.270129678    1.568139352
   13.500000000    1.112157963    1.246410640    1.625241081
   13.510000000    1.102473022    1.230636678    1.681172716
   13.520000000    1.096708663    1.225778929    1.722027348
   13.530000000    1.095282833    1.231870811    1.737128199
   13.540000000    1.097906897    1.246807780    1.726181402
   13.550000000    1.104543677    1.267245749    1.697183847
   13.560000000    1.115657356    1.289460748    1.659726157
   13.570000000    1.133214795    1.311376639    1.621834909
   13.580000000    1.161082649    1.334355545    1.590279523
   13.590000000    1.203602518    1.362966351    1.569906608
   13.600000000    1.262757291    1.401908241    1.560553827
   13.610000000    1.335184421    1.451034211    1.554985490
   13.620000000    1.411968153    1.502807360    1.543905454
   13.630000000    1.483138828    1.546197579    1.524751051
   13.640000000    1.543185286    1.574522832    1.502880816
   13.650000000    1.591963887    1.589495087    1.484394131
   13.660000000    1.630921587    1.597235767    1.469805737
   13.670000000    1.658552026    1.600456697    1.453218396
   13.680000000    1.669522693    1.595715609    1.426401516
   13.690000000    1.659770661    1.579096494    1.385179924
   13.700000000    1.632737819    1.552477350    1.332783189
   13.710000000    1.598615783    1.521994234    1.277406888
   13.720000000    1.567192647    1.492029929    1.227787435
   13.730000000    1.542201075    1.462646172    1.189965247
   13.740000000    1.521511002    1.432119995    1.165363543
   13.750000000    1.500934081    1.400440803    1.150841319
   13.760000000    1.477733286    1.370161483    1.141720156
   13.770000000    1.452217529    1.345302165    1.136071477
   13.780000000    1.426347205    1.329092304    1.135369031
   13.790000000    1.400598363    1.320999689    1.140867509
   13.800000000    1.372942551    1.315897826    1.150406198
   13.810000000    1.340930307    1.307409782    1.158046577
   13.820000000    1.304578762    1.293183068    1.156711863
   13.830000000    1.267240307    1.276776932    1.142477323
   13.840000000    1.233731745    1.264005800    1.116919015
   13.850000000    1.207352408    1.257123505    1.086208327
   13.860000000    1.187884154    1.252047090    1.057744613
   13.870000000    1.172730796    1.241934462    1.036090950
   13.880000000    1.160815960    1.224204833    1.022297720
   13.890000000    1.154829391    1.203468025    1.016725669
   13.900000000    1.158666038    1.187576135    1.019954035
   13.910000000    1.172402194    1.181303471    1.030555584
   13.920000000    1.190069925    1.183261188    1.044347681
   13.930000000    1.202756989    1.187650264    1.056280595
   13.940000000    1.204425992    1.188754083    1.062618194
   13.950000000    1.194755071    1.184440952    1.062803253
   13.960000000    1.176766273    1.176149558    1.059981587
   13.970000000    1.153502066    1.166676749    1.059151903
   13.980000000    1.127634902    1.158416377    1.064459958
   13.990000000    1.102788693    1.152412588    1.077191596
   14.000000000    1.083227972    1.147610927    1.095516042
   14.010000000    1.071996498    1.141285623    1.116564285
   14.020000000    1.070129237    1.131412585    1.139578811
   14.030000000    1.076823012    1.118285421    1.167002391
   14.040000000    1.089204673    1.102824503    1.201554984
   14.050000000    1.102902117    1.084968545    1.241893092
   14.060000000    1.114012506    1.065153545    1.281617289
   14.070000000    1.119829060    1.045188484    1.313616734
   14.080000000    1.118319737    1.026823715    1.335554452
   14.090000000    1.108708869    1.010892159    1.349504513
   14.100000000    1.092058144    0.997339607    1.356515206
   14.110000000    1.070115242    0.985206691    1.352366896
   14.120000000    1.043642223    0.972629143    1.328266698
   14.130000000    1.012198630    0.956824601    1.277424888
   14.140000000    0.975797672    0.935171659    1.202776516
   14.150000000    0.936584380    0.907493898    1.116497990
   14.160000000    0.898877954    0.877126442    1.031455384
   14.170000000    0.868008210    0.849398594    0.955470877
   14.180000000    0.848698043    0.829114176    0.892592401
   14.190000000    0.843809917    0.819407239    0.845702907
   14.200000000    0.853478297    0.821653536    0.816570774
   14.210000000    0.874397436    0.835124292    0.805017336
   14.220000000    0.900516463    0.857254932    0.808997083
   14.230000000    0.925756968    0.885192495    0.825333560
   14.240000000    0.946505704    0.916894528    0.850223042
   14.250000000    0.961727897    0.950916372    0.879247698
   14.260000000    0.972218920    0.986657250    0.907822719
   14.270000000    0.980695486    1.025232736    0.933168323
   14.280000000    0.990916803    1.068427542    0.956021589
   14.290000000    1.004877902    1.115554462    0.979242037
   14.300000000    1.020774116    1.161551752    1.005199232
   14.310000000    1.034263686    1.199146930    1.035075864
   14.320000000    1.041966460    1.224015698    1.069035351
   14.330000000    1.043894356    1.237984441    1.105510955
   14.340000000    1.043054635    1.246674418    1.140742955
   14.350000000    1.043560898    1.255008560    1.170202217
   14.360000000    1.048841518    1.265426269    1.190733492
   14.370000000    1.060426204    1.278203416    1.201898102
   14.380000000    1.078184492    1.292708707    1.206953488
   14.390000000    1.101582925    1.308722368    1.211561631
   14.400000000    1.129595635    1.324915751    1.218433233
   14.410000000    1.159498929    1.336494662    1.223109440
   14.420000000    1.187923827    1.338220677    1.217492197
   14.430000000    1.213959509    1.330883925    1.198609522
   14.440000000    1.240007450    1.322075948    1.172125500
   14.450000000    1.269964156    1.320442984    1.147091751
   14.460000000    1.307569013    1.330969737    1.129300617
   14.470000000    1.354517193    1.353571394    1.118550219
   14.480000000    1.407807944    1.382729215    1.109965121
   14.490000000    1.458525421    1.408183853    1.097974590
   14.500000000    1.493492738    1.417651379    1.080020232
   14.510000000    1.498732487    1.400848742    1.056652506
   14.520000000    1.464541115    1.353811140    1.028728961
   14.530000000    1.392317484    1.281792591    0.996507361
   14.540000000    1.296257366    1.196913494    0.961554898
   14.550000000    1.195062194    1.111128573    0.927652996
   14.560000000    1.101795939    1.030979183    0.899595975
   14.570000000    1.020503978    0.957603891    0.882161808
   14.580000000    0.949558606    0.890368016    0.879760149
   14.590000000    0.887001958    0.830302055    0.895427109
   14.600000000    0.833239125    0.780348312    0.929071663
   14.610000000    0.790364623    0.743339809    0.976416789
   14.620000000    0.760237390    0.720457822    1.030587919
   14.630000000    0.742780620    0.710883386    1.086167556
   14.640000000    0.735341409    0.711930968    1.140618210
   14.650000000    0.733718848    0.719663536    1.190373176
   14.660000000    0.734650166    0.730587552    1.228927579
   14.670000000    0.737544551    0.743238416    1.252260679
   14.680000000    0.743476324    0.757578434    1.263922972
   14.690000000    0.753378893    0.773615935    1.272025717
   14.700000000    0.768058718    0.791823516    1.283550799
   14.710000000    0.789071116    0.814014832    1.302573407
   14.720000000    0.818170771    0.842351638    1.329323357
   14.730000000    0.855504538    0.877699925    1.358615606
   14.740000000    0.898652001    0.919557469    1.383024536
   14.750000000    0.942983393    0.966362464    1.399408071
   14.760000000    0.982291269    1.014146631    1.409233529
   14.770000000    1.009576191    1.055050888    1.412519807
   14.780000000    1.018670505    1.078865375    1.404954320
   14.790000000    1.007048856    1.078127045    1.382023310
   14.800000000    0.977882508    1.052803085    1.344757605
   14.810000000    0.938803905    1.009881500    1.301249013
   14.820000000    0.898247000    0.958843943    1.263274688
   14.830000000    0.862509904    0.907980674    1.239847575
   14.840000000    0.834972757    0.863387158    1.231510165
   14.850000000    0.816445075    0.828825055    1.229944551
   14.860000000    0.805915997    0.805652835    1.224968662
   14.870000000    0.801871455    0.793563439    1.213842272
   14.880000000    0.803520040    0.791762607    1.202556579
   14.890000000    0.810956381    0.799500089    1.198519588
   14.900000000    0.823864117    0.815176831    1.203755435
   14.910000000    0.839819415    0.834708425    1.213563856
   14.920000000    0.854516581    0.851823460    1.219585816
   14.930000000    0.864289230    0.861136613    1.213538511
   14.940000000    0.868010127    0.860552896    1.189474156
   14.950000000    0.866750632    0.850989416    1.146344492
   14.960000000    0.862858429    0.835401761    1.090353524
   14.970000000    0.859014907    0.817733682    1.032648145
   14.980000000    0.856872610    0.801359728    0.983230565
   14.990000000    0.855900454    0.787706890    0.946746664
   15.000000000    0.854121625    0.776503155    0.922459305
   15.010000000    0.850962527    0.767658225    0.906883911
   15.020000000    0.848570327    0.761971763    0.896335381
   15.030000000    0.849459308    0.759787915    0.887941910
   15.040000000    0.853304826    0.759710193    0.880034053
   15.050000000    0.856159504    0.758444184    0.872148661
   15.060000000    0.853126805    0.752365686    0.864459705
   15.070000000    0.842157888    0.740385017    0.858279477
   15.080000000    0.824881236    0.725054821    0.856840335
   15.090000000    0.804586529    0.710710369    0.863685647
   15.100000000    0.785275423    0.701521844    0.879822799
   15.110000000    0.771973876    0.700995219    0.902524490
   15.120000000    0.769597489    0.711482772    0.926631639
   15.130000000    0.780812508    0.733348977    0.947847034
   15.140000000    0.804841364    0.764641708    0.965572186
   15.150000000    0.837342846    0.801123685    0.981689314
   15.160000000    0.871039977    0.836460970    0.996928262
   15.170000000    0.897768662    0.863741310    1.010383871
   15.180000000    0.912278463    0.878709292    1.022337644
   15.190000000    0.915619168    0.882052269    1.035171060
   15.200000000    0.914200927    0.877916016    1.050393966
   15.210000000    0.914526548    0.869951011    1.065776331
   15.220000000    0.918566595    0.858992693    1.076173242
   15.230000000    0.923598333    0.844139124    1.076568965
   15.240000000    0.925644417    0.824913747    1.064157484
   15.250000000    0.922431408    0.801927899    1.039031867
   15.260000000    0.913586672    0.776214780    1.003969707
   15.270000000    0.899959797    0.748989728    0.963260052
   15.280000000    0.883685709    0.722223127    0.921592584
   15.290000000    0.868025947    0.698731323    0.884130208
   15.300000000    0.855823881    0.680848564    0.855930339
   15.310000000    0.847663948    0.668775896    0.839987596
   15.320000000    0.841748869    0.660496064    0.836859727
   15.330000000    0.835339498    0.653264055    0.846301803
   15.340000000    0.826053433    0.645130498    0.867652981
   15.350000000    0.812268105    0.635568493    0.897904455
   15.360000000    0.793060663    0.625260757    0.930400395
   15.370000000    0.768369489    0.615520169    0.957552179
   15.380000000    0.739573744    0.608048076    0.976630767
   15.390000000    0.709434055    0.604836764    0.991331684
   15.400000000    0.680798764    0.607488968    1.005425126
   15.410000000    0.655454107    0.616368781    1.016304858
   15.420000000    0.633765760    0.630298199    1.016256760
   15.430000000    0.614839116    0.647050196    0.999131476
   15.440000000    0.597580022    0.664708261    0.964598787
   15.450000000    0.581933039    0.682468545    0.917259811
   15.460000000    0.568383955    0.698855716    0.863768184
   15.470000000    0.556290885    0.709273535    0.810064748
   15.480000000    0.543923942    0.707795482    0.759782902
   15.490000000    0.530661277    0.693016535    0.715068030
   15.500000000    0.518262294    0.670387981    0.678095689
   15.510000000    0.509624744    0.647685978    0.650808721
   15.520000000    0.507005953    0.629926622    0.633967191
   15.530000000    0.511161982    0.618308874    0.627150354
   15.540000000    0.521165779    0.611628236    0.629118535
   15.550000000    0.534833099    0.607973731    0.638079226
   15.560000000    0.549887440    0.606169060    0.652734248
   15.570000000    0.565038005    0.606545204    0.673304770
   15.580000000    0.579814014    0.610436217    0.700277384
   15.590000000    0.593849689    0.619066463    0.731919415
   15.600000000    0.606677266    0.632793624    0.763868178
   15.610000000    0.617190552    0.650230630    0.790536859
   15.620000000    0.622910730    0.667443290    0.805486223
   15.630000000    0.620941542    0.678846117    0.801864530
   15.640000000    0.610343561    0.679948393    0.776072950
   15.650000000    0.593316641    0.669840515    0.731637033
   15.660000000    0.573961804    0.651406220    0.677530323
   15.670000000    0.556233965    0.629382295    0.622866156
   15.680000000    0.543088499    0.608340896    0.573845234
   15.690000000    0.536894206    0.592034559    0.533769336
   15.700000000    0.539656924    0.583205982    0.503682055
   15.710000000    0.552489157    0.583183482    0.482984234
   15.720000000    0.575191263    0.591991637    0.470489045
   15.730000000    0.606399004    0.609166841    0.465534739
   15.740000000    0.643625824    0.634183209    0.468329317
   15.750000000    0.683208584    0.666023035    0.479273626
   15.760000000    0.720975168    0.702620204    0.497996337
   15.770000000    0.752749726    0.740353650    0.523033496
   15.780000000    0.773988391    0.773881180    0.552165475
   15.790000000    0.780718119    0.797886616    0.582806359
   15.800000000    0.772554325    0.810657960    0.612283589
   15.810000000    0.754249912    0.815553896    0.638159810
   15.820000000    0.732852462    0.817703656    0.658103934
   15.830000000    0.712799498    0.819216843    0.669262958
   15.840000000    0.693941123    0.817962721    0.669374574
   15.850000000    0.673955511    0.810443023    0.659357112
   15.860000000    0.651710010    0.794982817    0.642442141
   15.870000000    0.628196857    0.772943901    0.620514353
   15.880000000    0.605670458    0.748646370    0.594024571
   15.890000000    0.586878953    0.728175157    0.565204944
   15.900000000    0.574584988    0.717356319    0.538684481
   15.910000000    0.570968010    0.720147970    0.518832052
   15.920000000    0.577164995    0.737997988    0.507804341
   15.930000000    0.593134514    0.769623160    0.505728896
   15.940000000    0.617098448    0.810187499    0.511538141
   15.950000000    0.644806505    0.850727100    0.523321767
   15.960000000    0.670502240    0.880594679    0.538607022
   15.970000000    0.690005885    0.893284368    0.555255307
   15.980000000    0.703104395    0.890876137    0.572578750
   15.990000000    0.712466854    0.881615022    0.591019684
   16.000000000    0.720589495    0.872752754    0.609933984
   16.010000000    0.728451801    0.866445575    0.626161184
   16.020000000    0.736479863    0.861524954    0.635593728
   16.030000000    0.745316653    0.856821883    0.635908316
   16.040000000    0.755234199    0.851728073    0.627306929
   16.050000000    0.765506621    0.844965757    0.611570816
   16.060000000    0.775022454    0.834374270    0.591414449
   16.070000000    0.783752297    0.818428764    0.570300149
   16.080000000    0.793055810    0.797939174    0.551707624
   16.090000000    0.804076376    0.775568525    0.537903882
   16.100000000    0.815995014    0.753688849    0.529205496
   16.110000000    0.825340603    0.732900226    0.524210284
   16.120000000    0.826609156    0.711910798    0.520966114
   16.130000000    0.814963357    0.688612282    0.518281094
   16.140000000    0.790021500    0.661919065    0.516092702
   16.150000000    0.757054212    0.633115815    0.515214120
   16.160000000    0.724403192    0.605816503    0.517527207
   16.170000000    0.699493908    0.584350050    0.525825050
   16.180000000    0.685994516    0.571492034    0.542259516
   16.190000000    0.683486378    0.567329374    0.566714455
   16.200000000    0.688921709    0.569648699    0.596533980
   16.210000000    0.698270435    0.575019570    0.627693540
   16.220000000    0.708167826    0.580219219    0.657297595
   16.230000000    0.717190162    0.583554818    0.685632568
   16.240000000    0.725116293    0.584878316    0.714742228
   16.250000000    0.730923968    0.584279579    0.745130507
   16.260000000    0.732532043    0.581506401    0.774912990
   16.270000000    0.728978255    0.577103775    0.800789161
   16.280000000    0.722018262    0.573260512    0.817571812
   16.290000000    0.715314024    0.573077198    0.818125069
   16.300000000    0.712736001    0.579355741    0.797823531
   16.310000000    0.716922740    0.593528053    0.759670326
   16.320000000    0.728315019    0.614838051    0.712485927
   16.330000000    0.745271564    0.640395109    0.664774277
   16.340000000    0.764999564    0.666179968    0.621897382
   16.350000000    0.783967953    0.688151539    0.586626958
   16.360000000    0.797795503    0.702690471    0.559593385
   16.370000000    0.802636624    0.707191379    0.539758816
   16.380000000    0.798400889    0.701977116    0.525826587
   16.390000000    0.789555174    0.691000493    0.517284967
   16.400000000    0.781519924    0.679209888    0.514170466
   16.410000000    0.776739288    0.669703177    0.516263076
   16.420000000    0.773731973    0.663282853    0.522491732
   16.430000000    0.768913438    0.659618366    0.530826571
   16.440000000    0.759668503    0.658777217    0.538791113
   16.450000000    0.747054191    0.662419835    0.544797769
   16.460000000    0.735655907    0.673391402    0.549146749
   16.470000000    0.729901838    0.693294277    0.552837616
   16.480000000    0.730199938    0.720000368    0.555133278
   16.490000000    0.732177009    0.747529583    0.553141242
   16.500000000    0.729623972    0.768986381    0.544534629
   16.510000000    0.719068754    0.780267216    0.530400697
   16.520000000    0.701739833    0.780879438    0.514653664
   16.530000000    0.681391119    0.771971383    0.501361274
   16.540000000    0.661679935    0.755409140    0.493536965
   16.550000000    0.645729398    0.734979225    0.493241288
   16.560000000    0.636371723    0.716595760    0.501464239
   16.570000000    0.635798970    0.706136862    0.517913782
   16.580000000    0.644985450    0.707197657    0.540863276
   16.590000000    0.662634591    0.719790379    0.566696337
   16.600000000    0.683862341    0.739474759    0.589787821
   16.610000000    0.700880991    0.758292512    0.603796959
   16.620000000    0.707361203    0.768984044    0.604654774
   16.630000000    0.703424078    0.769751310    0.593812666
   16.640000000    0.695300425    0.764602421    0.577765770
   16.650000000    0.689959389    0.759450024    0.563493002
   16.660000000    0.690930326    0.758437464    0.554899305
   16.670000000    0.697840640    0.762677418    0.552695786
   16.680000000    0.707861867    0.770857154    0.556098518
   16.690000000    0.717591646    0.780861768    0.564161937
   16.700000000    0.724651610    0.791253495    0.575773816
   16.710000000    0.728208290    0.801389341    0.589326206
   16.720000000    0.728331823    0.810080924    0.603066558
   16.730000000    0.724900924    0.814260683    0.615534411
   16.740000000    0.716908085    0.809563554    0.625492266
   16.750000000    0.702887807    0.792537800    0.631289856
   16.760000000    0.682393063    0.762627067    0.630334681
   16.770000000    0.657137340    0.723004070    0.620031066
   16.780000000    0.630545937    0.679676651    0.600196081
   16.790000000    0.606300149    0.639028008    0.574453991
   16.800000000    0.586813696    0.605219814    0.548502537
   16.810000000    0.572132720    0.578908123    0.526756702
   16.820000000    0.560013681    0.557783427    0.510337082
   16.830000000    0.547456573    0.538535920    0.497310915
   16.840000000    0.532785042    0.519109395    0.484187990
   16.850000000    0.516935133    0.499927361    0.467949446
   16.860000000    0.503026680    0.483324449    0.448060302
   16.870000000    0.494697221    0.471777044    0.426805110
   16.880000000    0.494620319    0.466447677    0.407324096
   16.890000000    0.503770993    0.466752602    0.391397901
   16.900000000    0.521285719    0.470854669    0.378896514
   16.910000000    0.544585224    0.476739139    0.369053726
   16.920000000    0.569352777    0.482912854    0.362027262
   16.930000000    0.589911784    0.488205124    0.358909723
   16.940000000    0.601298436    0.491697302    0.360450326
   16.950000000    0.601998724    0.493229212    0.365970711
   16.960000000    0.594328319    0.493656103    0.373374810
   16.970000000    0.582103426    0.494398672    0.380412014
   16.980000000    0.568243485    0.496395724    0.386121242
   16.990000000    0.554155097    0.499247958    0.390756753
   17.000000000    0.540737654    0.501719316    0.394623388
   17.010000000    0.529347450    0.503232549    0.397943816
   17.020000000    0.521445064    0.504531591    0.401665684
   17.030000000    0.517933591    0.507010004    0.407365910
   17.040000000    0.519334754    0.512026962    0.416178703
   17.050000000    0.526118416    0.520922319    0.428109444
   17.060000000    0.538363163    0.534889021    0.442079804
   17.070000000    0.554861497    0.554032989    0.455847334
   17.080000000    0.572497725    0.576434125    0.465961476
   17.090000000    0.587343474    0.598484075    0.469338615
   17.100000000    0.597147641    0.616396735    0.465871628
   17.110000000    0.602351137    0.627636124    0.458796240
   17.120000000    0.604617332    0.631528194    0.451973343
   17.130000000    0.605087935    0.629035153    0.447385249
   17.140000000    0.604017707    0.622110732    0.444871483
   17.150000000    0.601125577    0.612714046    0.442794414
   17.160000000    0.595781893    0.601993129    0.438887116
   17.170000000    0.587842247    0.591089744    0.431816760
   17.180000000    0.578586746    0.582215859    0.422327008
   17.190000000    0.569784621    0.577529837    0.412583062
   17.200000000    0.561811707    0.576884165    0.404649075
   17.210000000    0.553182707    0.576955308    0.399384960
   17.220000000    0.541791419    0.572836775    0.396306112
   17.230000000    0.526795856    0.561456564    0.394555849
   17.240000000    0.509634165    0.543846853    0.393922610
   17.250000000    0.493140229    0.523696377    0.394646813
   17.260000000    0.479893694    0.504308770    0.396645556
   17.270000000    0.471419821    0.487439615    0.399396653
   17.280000000    0.468156675    0.473906148    0.402244682
   17.290000000    0.469611351    0.464302421    0.404461410
   17.300000000    0.474692136    0.459200086    0.405495745
   17.310000000    0.482224023    0.458890434    0.405443252
   17.320000000    0.491354244    0.463116769    0.404872756
   17.330000000    0.501489281    0.471003464    0.404339327
   17.340000000    0.511808169    0.480900978    0.404382364
   17.350000000    0.520542509    0.490077309    0.405413245
   17.360000000    0.525020722    0.495208738    0.407195084
   17.370000000    0.523556001    0.494369258    0.409030746
   17.380000000    0.517398916    0.488633510    0.411001674
   17.390000000    0.510149249    0.481244295    0.414697254
   17.400000000    0.505462729    0.475549816    0.422419671
   17.410000000    0.505671307    0.473964243    0.435953669
   17.420000000    0.511499801    0.477698542    0.455677008
   17.430000000    0.521818039    0.486236202    0.479759726
   17.440000000    0.534078639    0.497426578    0.504058848
   17.450000000    0.545772770    0.508784363    0.523840729
   17.460000000    0.555295895    0.518708113    0.536353231
   17.470000000    0.561711636    0.526810974    0.541441110
   17.480000000    0.564495181    0.533603363    0.540022816
   17.490000000    0.563716798    0.539808397    0.532909848
   17.500000000    0.560441067    0.545983139    0.521051823
   17.510000000    0.556536206    0.552397869    0.506445625
   17.520000000    0.553603951    0.558521119    0.492241123
   17.530000000    0.551883437    0.562622106    0.481406940
   17.540000000    0.550063754    0.562517682    0.475184340
   17.550000000    0.546270958    0.557154675    0.472692514
   17.560000000    0.539683508    0.547630564    0.471854851
   17.570000000    0.531417010    0.536636329    0.471124603
   17.580000000    0.523561356    0.526705847    0.470951216
   17.590000000    0.517248328    0.518862448    0.473595317
   17.600000000    0.512146540    0.512922469    0.481524487
   17.610000000    0.507916049    0.508777481    0.495987094
   17.620000000    0.505220515    0.506816193    0.516221861
   17.630000000    0.504771600    0.507044491    0.539245903
   17.640000000    0.506186111    0.508447519    0.561114308
   17.650000000    0.508601012    0.509872971    0.579579781
   17.660000000    0.511874469    0.511208350    0.595476127
   17.670000000    0.516361033    0.513086064    0.611418263
   17.680000000    0.522160812    0.516182340    0.630060846
   17.690000000    0.529291650    0.521416623    0.653478209
   17.700000000    0.538000008    0.530052937    0.682882072
   17.710000000    0.548621683    0.543138368    0.717912301
   17.720000000    0.561617982    0.561139571    0.756200782
   17.730000000    0.577625661    0.583925501    0.794340110
   17.740000000    0.597030960    0.610507489    0.829489905
   17.750000000    0.619553562    0.638690149    0.859975207
   17.760000000    0.644149108    0.665254312    0.885107688
   17.770000000    0.669092325    0.686961201    0.904783446
   17.780000000    0.692410376    0.701871979    0.918602410
   17.790000000    0.712657152    0.710064536    0.925794958
   17.800000000    0.729540490    0.713484945    0.927146012
   17.810000000    0.743538945    0.714704844    0.926062840
   17.820000000    0.754531785    0.715026171    0.926282503
   17.830000000    0.761890546    0.714300527    0.929533354
   17.840000000    0.766729061    0.713043672    0.935973449
   17.850000000    0.772548155    0.713596183    0.944716776
   17.860000000    0.782504920    0.718492095    0.953245558
   17.870000000    0.796789560    0.728421884    0.958484069
   17.880000000    0.812958499    0.742135421    0.959544759
   17.890000000    0.827934278    0.757709007    0.958234482
   17.900000000    0.839088744    0.773412497    0.955903059
   17.910000000    0.844270531    0.787843716    0.950775860
   17.920000000    0.842693886    0.800580692    0.939656665
   17.930000000    0.836012673    0.812962918    0.921467299
   17.940000000    0.827013174    0.826913753    0.897630743
   17.950000000    0.817387786    0.842469778    0.870110614
   17.960000000    0.807740826    0.856711331    0.840727519
   17.970000000    0.798331525    0.864567338    0.811352969
   17.980000000    0.788725107    0.861190189    0.783351235
   17.990000000    0.777850938    0.844828688    0.757231013
   18.000000000    0.764834070    0.817506336    0.733074945
   18.010000000    0.749624232    0.783601494    0.710766218
   18.020000000    0.733295532    0.748498213    0.690433068
   18.030000000    0.717887444    0.717574598    0.673675304
   18.040000000    0.705230111    0.694822891    0.663691491
   18.050000000    0.695719359    0.681775224    0.663624028
   18.060000000    0.688822561    0.677789205    0.674819097
   18.070000000    0.684240007    0.680768529    0.695696832
   18.080000000    0.681598971    0.687288298    0.721367397
   18.090000000    0.679384956    0.693118633    0.744842459
   18.100000000    0.675216314    0.694907937    0.760088742
   18.110000000    0.667321585    0.691417828    0.764935649
   18.120000000    0.655204737    0.682838045    0.760822919
   18.130000000    0.639530561    0.669654141    0.749687730
   18.140000000    0.622272718    0.652804201    0.732042002
   18.150000000    0.606328616    0.634289481    0.707945874
   18.160000000    0.594186834    0.616649131    0.677982675
   18.170000000    0.586996132    0.601884422    0.643117041
   18.180000000    0.584902078    0.591343811    0.604937354
   18.190000000    0.587726371    0.586061175    0.565925936
   18.200000000    0.595028554    0.586643136    0.529041486
   18.210000000    0.605735170    0.592974502    0.496953875
   18.220000000    0.617912057    0.603938132    0.471352595
   18.230000000    0.629168662    0.617383946    0.452897122
   18.240000000    0.637701949    0.630728314    0.441531353
   18.250000000    0.643067689    0.641816501    0.436493444
   18.260000000    0.645940436    0.649414301    0.436404752
   18.270000000    0.647411137    0.653337347    0.439834995
   18.280000000    0.648558154    0.654369481    0.445870631
   18.290000000    0.649955752    0.653736893    0.453899164
   18.300000000    0.651084553    0.652246045    0.462607052
   18.310000000    0.650461138    0.649872937    0.469634966
   18.320000000    0.646524085    0.646045377    0.472604045
   18.330000000    0.638322623    0.640053214    0.470165637
   18.340000000    0.625338906    0.631010486    0.462279467
   18.350000000    0.607315541    0.617765345    0.450263468
   18.360000000    0.584965805    0.599744958    0.436426260
   18.370000000    0.560663691    0.578447230    0.423025390
   18.380000000    0.538095804    0.557689341    0.411375129
   18.390000000    0.520910930    0.541727945    0.401933831
   18.400000000    0.511197631    0.532958651    0.395035592
   18.410000000    0.508870470    0.531267888    0.391397069
   18.420000000    0.512207044    0.534998795    0.391949784
   18.430000000    0.518771854    0.541916264    0.397172617
   18.440000000    0.526090595    0.549446297    0.406690485
   18.450000000    0.532130726    0.554922549    0.419603471
   18.460000000    0.535760691    0.556243267    0.435048199
   18.470000000    0.536903266    0.552559436    0.452106938
   18.480000000    0.536064668    0.544426366    0.469200922
   18.490000000    0.533609557    0.533345243    0.484006936
   18.500000000    0.529564655    0.521209073    0.494470022
   18.510000000    0.524267064    0.509788153    0.500337105
   18.520000000    0.519132713    0.500391305    0.503597677
   18.530000000    0.516449643    0.493992009    0.506994896
   18.540000000    0.518304291    0.491627952    0.512232893
   18.550000000    0.525805686    0.494539628    0.519727342
   18.560000000    0.539145107    0.503717447    0.529472039
   18.570000000    0.557912048    0.519254036    0.541318986
   18.580000000    0.581024018    0.540142040    0.554382959
   18.590000000    0.606539574    0.564588100    0.567180151
   18.600000000    0.631556401    0.590016958    0.578661443
   18.610000000    0.652113510    0.612559093    0.588769035
   18.620000000    0.663814413    0.627556373    0.598292054
   18.630000000    0.663833328    0.631853367    0.608039337
   18.640000000    0.652974669    0.625872427    0.617660231
   18.650000000    0.635429311    0.613128176    0.625740691
   18.660000000    0.616527262    0.598064946    0.631750196
   18.670000000    0.600802722    0.584589801    0.637520139
   18.680000000    0.591123745    0.575611867    0.646202834
   18.690000000    0.588442098    0.572780508    0.659934584
   18.700000000    0.592216752    0.576319704    0.678542457
   18.710000000    0.601379302    0.585288837    0.699815658
   18.720000000    0.614901751    0.598219308    0.720410617
   18.730000000    0.631204602    0.613404106    0.737128906
   18.740000000    0.647121085    0.628552819    0.748301154
   18.750000000    0.658226181    0.640833902    0.754139987
   18.760000000    0.660901910    0.647808692    0.755716038
   18.770000000    0.654525195    0.648719471    0.753952280
   18.780000000    0.641984127    0.645389350    0.749328557
   18.790000000    0.627915331    0.641514117    0.741662498
   18.800000000    0.616305521    0.640429764    0.730572796
   18.810000000    0.609523526    0.643541652    0.716816241
   18.820000000    0.608550406    0.650621859    0.702714266
   18.830000000    0.613053322    0.660641820    0.690717460
   18.840000000    0.621103260    0.671725505    0.681498347
   18.850000000    0.629635629    0.681047879    0.673880736
   18.860000000    0.636225456    0.686085553    0.666386960
   18.870000000    0.640584526    0.686212860    0.657990843
   18.880000000    0.643751855    0.682412351    0.647689170
   18.890000000    0.645608644    0.675431731    0.634463779
   18.900000000    0.643730034    0.664940491    0.617936045
   18.910000000    0.635142131    0.650457706    0.598398164
   18.920000000    0.619185718    0.632697552    0.576217081
   18.930000000    0.598523851    0.613934888    0.551972268
   18.940000000    0.577197615    0.596605382    0.526984632
   18.950000000    0.557923531    0.581378052    0.503060248
   18.960000000    0.541353293    0.567117411    0.481883332
   18.970000000    0.527180099    0.552923231    0.465013839
   18.980000000    0.515284111    0.539808306    0.453887757
   18.990000000    0.506165069    0.530315880    0.449122993
   19.000000000    0.500725361    0.526838043    0.449773138
   19.010000000    0.499290263    0.530017416    0.453467225
   19.020000000    0.500670856    0.538159680    0.457669141
   19.030000000    0.502529769    0.548032046    0.461016562
   19.040000000    0.502899511    0.556509400    0.463595504
   19.050000000    0.501278675    0.561753998    0.466447561
   19.060000000    0.498400292    0.563259295    0.470987941
   19.070000000    0.495475044    0.561457750    0.478470467
   19.080000000    0.493866411    0.557725519    0.489350436
   19.090000000    0.494841457    0.554198864    0.502595848
   19.100000000    0.498910072    0.552752996    0.515522151
   19.110000000    0.505439809    0.554130917    0.524767025
   19.120000000    0.513179012    0.558151468    0.528172065
   19.130000000    0.521148777    0.564390286    0.526287610
   19.140000000    0.528922157    0.572272371    0.522020281
   19.150000000    0.536394602    0.580902609    0.518691688
   19.160000000    0.543667782    0.589521095    0.518529585
   19.170000000    0.551125961    0.598117439    0.522531459
   19.180000000    0.559415646    0.607231461    0.530916883
   19.190000000    0.568720498    0.616857336    0.543436026
   19.200000000    0.577646510    0.625361624    0.559414687
   19.210000000    0.583600181    0.629996006    0.577702578
   19.220000000    0.585036495    0.629065004    0.596606019
   19.230000000    0.582748746    0.623156331    0.613615444
   19.240000000    0.578708193    0.614194913    0.625743817
   19.250000000    0.574647986    0.604145598    0.631219215
   19.260000000    0.571802057    0.594606013    0.630636812
   19.270000000    0.570853087    0.586692380    0.626069158
   19.280000000    0.571609499    0.580679753    0.619486213
   19.290000000    0.573049421    0.575833217    0.611898467
   19.300000000    0.574144724    0.571043093    0.603616623
   19.310000000    0.574909350    0.565929713    0.595166536
   19.320000000    0.576691068    0.561436292    0.587808957
   19.330000000    0.581085816    0.559232957    0.583216553
   19.340000000    0.588275217    0.560423063    0.582929776
   19.350000000    0.596590019    0.564901203    0.587987502
   19.360000000    0.603960559    0.571884089    0.598406469
   19.370000000    0.609748575    0.580700303    0.612833644
   19.380000000    0.614611096    0.590647039    0.628987075
   19.390000000    0.618292410    0.599951498    0.644046932
   19.400000000    0.618175021    0.605261130    0.654314996
   19.410000000    0.611004219    0.603152978    0.655884184
   19.420000000    0.596145525    0.592636330    0.646913979
   19.430000000    0.576485793    0.575778977    0.628989152
   19.440000000    0.556484592    0.556207387    0.606284930
   19.450000000    0.539711251    0.537232079    0.583841891
   19.460000000    0.527464312    0.520681955    0.565990434
   19.470000000    0.518946363    0.506913698    0.555088378
   19.480000000    0.512498864    0.495728331    0.550993340
   19.490000000    0.506665269    0.487151841    0.551549925
   19.500000000    0.500405845    0.481324289    0.553896929
   19.510000000    0.493217848    0.478050210    0.556111703
   19.520000000    0.485383380    0.476550775    0.558108703
   19.530000000    0.477612264    0.475475112    0.560886257
   19.540000000    0.470502625    0.473669983    0.564993478
   19.550000000    0.464668186    0.471280825    0.570055361
   19.560000000    0.461095917    0.469733696    0.575629108
   19.570000000    0.460950927    0.470602375    0.582205804
   19.580000000    0.464831616    0.474519010    0.590987553
   19.590000000    0.472064433    0.480560530    0.602038505
   19.600000000    0.480751049    0.486335796    0.612939076
   19.610000000    0.488724045    0.489296771    0.620465836
   19.620000000    0.494628523    0.488585661    0.623945596
   19.630000000    0.498155208    0.485444401    0.625975042
   19.640000000    0.499557254    0.481826109    0.629680542
   19.650000000    0.499321820    0.479010825    0.636003198
   19.660000000    0.498122531    0.477332728    0.643107372
   19.670000000    0.496545964    0.476488746    0.647414944
   19.680000000    0.494897090    0.476016657    0.645902794
   19.690000000    0.493519925    0.475876926    0.638438685
   19.700000000    0.492844951    0.476478804    0.627567839
   19.710000000    0.493089188    0.478228076    0.616264276
   19.720000000    0.494321953    0.481269933    0.606351348
   19.730000000    0.496519444    0.485354899    0.598080408
   19.740000000    0.499378498    0.489929397    0.590596683
   19.750000000    0.502329934    0.494514668    0.583106789
   19.760000000    0.504696642    0.498802658    0.575438350
   19.770000000    0.505758373    0.502356213    0.567797529
   19.780000000    0.505016858    0.504577402    0.561079889
   19.790000000    0.502569871    0.505112371    0.557337361
   19.800000000    0.499092103    0.504115545    0.558924434
   19.810000000    0.495543484    0.502189334    0.567122207
   19.820000000    0.492976760    0.500226742    0.581992981
   19.830000000    0.492397269    0.498989865    0.603214962
   19.840000000    0.494348277    0.498494398    0.630399166
   19.850000000    0.498378546    0.497943675    0.662165560
   19.860000000    0.502957788    0.496260646    0.694668177
   19.870000000    0.506193880    0.492713636    0.721714909
   19.880000000    0.506936151    0.487415961    0.737981385
   19.890000000    0.505123009    0.481200337    0.742551025
   19.900000000    0.501160483    0.474819674    0.738564966
   19.910000000    0.495518858    0.468458471    0.730104976
   19.920000000    0.488853056    0.461915282    0.720019603
   19.930000000    0.481734850    0.454893268    0.709244236
   19.940000000    0.474161728    0.447135272    0.696858185
   19.950000000    0.465795138    0.438468820    0.681002032
   19.960000000    0.456714740    0.428820079    0.660397820
   19.970000000    0.447596132    0.418370714    0.635633031
   19.980000000    0.439083752    0.407812074    0.609298579
   19.990000000    0.431077102    0.398065273    0.584359700
   20.000000000    0.422819025    0.389611360    0.562309832
   20.010000000    0.413765102    0.382372535    0.543369000
   20.020000000    0.404158719    0.376195808    0.528018995
   20.030000000    0.394900741    0.371282146    0.517582207
   20.040000000    0.387107687    0.368127407    0.513417029
   20.050000000    0.381670377    0.367156125    0.515902201
