# energy grid [eV]     ieps_x  ieps_y  ieps_z
#
    0.050000000    6.601744454    6.720124838    6.838781715
    0.060000000    6.601293182    6.719621191    6.838291966
    0.070000000    6.600783521    6.719052409    6.837738851
    0.080000000    6.600219014    6.718422455    6.837126218
    0.090000000    6.599602097    6.717734058    6.836456708
    0.100000000    6.598934452    6.716989108    6.835732150
    0.110000000    6.598217262    6.716188938    6.834953830
    0.120000000    6.597451379    6.715334511    6.834122670
    0.130000000    6.596637430    6.714426541    6.833239357
    0.140000000    6.595775898    6.713465581    6.832304411
    0.150000000    6.594867160    6.712452068    6.831318247
    0.160000000    6.593911527    6.711386363    6.830281202
    0.170000000    6.592909260    6.710268775    6.829193561
    0.180000000    6.591860588    6.709099578    6.828055575
    0.190000000    6.590765717    6.707879018    6.826867469
    0.200000000    6.589624837    6.706607326    6.825629451
    0.210000000    6.588438127    6.705284722    6.824341717
    0.220000000    6.587205760    6.703911418    6.823004457
    0.230000000    6.585927903    6.702487621    6.821617854
    0.240000000    6.584604722    6.701013539    6.820182091
    0.250000000    6.583236381    6.699489376    6.818697348
    0.260000000    6.581823046    6.697915337    6.817163806
    0.270000000    6.580364881    6.696291633    6.815581648
    0.280000000    6.578862054    6.694618471    6.813951057
    0.290000000    6.577314734    6.692896066    6.812272220
    0.300000000    6.575723093    6.691124633    6.810545324
    0.310000000    6.574087305    6.689304392    6.808770563
    0.320000000    6.572407547    6.687435565    6.806948131
    0.330000000    6.570683999    6.685518381    6.805078225
    0.340000000    6.568916844    6.683553070    6.803161048
    0.350000000    6.567106269    6.681539866    6.801196805
    0.360000000    6.565252462    6.679479009    6.799185704
    0.370000000    6.563355616    6.677370741    6.797127957
    0.380000000    6.561415928    6.675215309    6.795023780
    0.390000000    6.559433597    6.673012964    6.792873392
    0.400000000    6.557408824    6.670763959    6.790677016
    0.410000000    6.555341815    6.668468554    6.788434878
    0.420000000    6.553232779    6.666127011    6.786147208
    0.430000000    6.551081927    6.663739596    6.783814239
    0.440000000    6.548889474    6.661306577    6.781436207
    0.450000000    6.546655638    6.658828229    6.779013353
    0.460000000    6.544380640    6.656304828    6.776545918
    0.470000000    6.542064702    6.653736654    6.774034150
    0.480000000    6.539708052    6.651123990    6.771478298
    0.490000000    6.537310918    6.648467124    6.768878614
    0.500000000    6.534873532    6.645766344    6.766235353
    0.510000000    6.532396129    6.643021944    6.763548773
    0.520000000    6.529878945    6.640234219    6.760819136
    0.530000000    6.527322220    6.637403468    6.758046706
    0.540000000    6.524726197    6.634529993    6.755231748
    0.550000000    6.522091118    6.631614097    6.752374532
    0.560000000    6.519417231    6.628656087    6.749475329
    0.570000000    6.516704785    6.625656272    6.746534414
    0.580000000    6.513954030    6.622614963    6.743552063
    0.590000000    6.511165220    6.619532476    6.740528555
    0.600000000    6.508338609    6.616409124    6.737464169
    0.610000000    6.505474454    6.613245227    6.734359190
    0.620000000    6.502573013    6.610041103    6.731213903
    0.630000000    6.499634549    6.606797076    6.728028594
    0.640000000    6.496659322    6.603513469    6.724803552
    0.650000000    6.493647596    6.600190607    6.721539068
    0.660000000    6.490599637    6.596828816    6.718235434
    0.670000000    6.487515712    6.593428426    6.714892944
    0.680000000    6.484396089    6.589989765    6.711511894
    0.690000000    6.481241038    6.586513166    6.708092581
    0.700000000    6.478050829    6.582998961    6.704635304
    0.710000000    6.474825736    6.579447482    6.701140362
    0.720000000    6.471566030    6.575859064    6.697608056
    0.730000000    6.468271987    6.572234043    6.694038688
    0.740000000    6.464943881    6.568572754    6.690432562
    0.750000000    6.461581990    6.564875536    6.686789983
    0.760000000    6.458186590    6.561142724    6.683111255
    0.770000000    6.454757959    6.557374658    6.679396684
    0.780000000    6.451296376    6.553571676    6.675646578
    0.790000000    6.447802120    6.549734118    6.671861245
    0.800000000    6.444275471    6.545862322    6.668040992
    0.810000000    6.440716710    6.541956628    6.664186129
    0.820000000    6.437126117    6.538017376    6.660296966
    0.830000000    6.433503975    6.534044906    6.656373811
    0.840000000    6.429850564    6.530039558    6.652416976
    0.850000000    6.426166166    6.526001671    6.648426771
    0.860000000    6.422451065    6.521931586    6.644403507
    0.870000000    6.418705542    6.517829641    6.640347495
    0.880000000    6.414929880    6.513696176    6.636259046
    0.890000000    6.411124362    6.509531529    6.632138471
    0.900000000    6.407289269    6.505336039    6.627986083
    0.910000000    6.403424886    6.501110044    6.623802191
    0.920000000    6.399531494    6.496853880    6.619587108
    0.930000000    6.395609375    6.492567885    6.615341143
    0.940000000    6.391658812    6.488252394    6.611064607
    0.950000000    6.387680086    6.483907742    6.606757812
    0.960000000    6.383673479    6.479534265    6.602421066
    0.970000000    6.379639273    6.475132294    6.598054680
    0.980000000    6.375577747    6.470702163    6.593658963
    0.990000000    6.371489183    6.466244202    6.589234222
    1.000000000    6.367373859    6.461758744    6.584780767
    1.010000000    6.363232056    6.457246116    6.580298904
    1.020000000    6.359064052    6.452706646    6.575788941
    1.030000000    6.354870125    6.448140663    6.571251183
    1.040000000    6.350650552    6.443548491    6.566685935
    1.050000000    6.346405610    6.438930454    6.562093504
    1.060000000    6.342135575    6.434286876    6.557474190
    1.070000000    6.337840722    6.429618079    6.552828299
    1.080000000    6.333521326    6.424924382    6.548156131
    1.090000000    6.329177659    6.420206105    6.543457987
    1.100000000    6.324809995    6.415463563    6.538734167
    1.110000000    6.320418605    6.410697073    6.533984971
    1.120000000    6.316003759    6.405906950    6.529210695
    1.130000000    6.311565727    6.401093504    6.524411636
    1.140000000    6.307104777    6.396257047    6.519588089
    1.150000000    6.302621178    6.391397888    6.514740350
    1.160000000    6.298115195    6.386516333    6.509868710
    1.170000000    6.293587094    6.381612690    6.504973462
    1.180000000    6.289037138    6.376687260    6.500054895
    1.190000000    6.284465592    6.371740345    6.495113300
    1.200000000    6.279872716    6.366772247    6.490148963
    1.210000000    6.275258771    6.361783263    6.485162171
    1.220000000    6.270624016    6.356773688    6.480153209
    1.230000000    6.265968709    6.351743818    6.475122361
    1.240000000    6.261293106    6.346693944    6.470069908
    1.250000000    6.256597464    6.341624357    6.464996131
    1.260000000    6.251882036    6.336535345    6.459901310
    1.270000000    6.247147074    6.331427195    6.454785721
    1.280000000    6.242392830    6.326300190    6.449649641
    1.290000000    6.237619554    6.321154613    6.444493343
    1.300000000    6.232827494    6.315990744    6.439317102
    1.310000000    6.228016896    6.310808862    6.434121187
    1.320000000    6.223188006    6.305609242    6.428905869
    1.330000000    6.218341069    6.300392157    6.423671415
    1.340000000    6.213476327    6.295157881    6.418418092
    1.350000000    6.208594020    6.289906682    6.413146164
    1.360000000    6.203694389    6.284638828    6.407855894
    1.370000000    6.198777670    6.279354585    6.402547543
    1.380000000    6.193844102    6.274054216    6.397221371
    1.390000000    6.188893917    6.268737981    6.391877635
    1.400000000    6.183927351    6.263406140    6.386516591
    1.410000000    6.178944634    6.258058949    6.381138494
    1.420000000    6.173945997    6.252696664    6.375743595
    1.430000000    6.168931668    6.247319536    6.370332146
    1.440000000    6.163901874    6.241927815    6.364904395
    1.450000000    6.158856841    6.236521751    6.359460590
    1.460000000    6.153796792    6.231101588    6.354000976
    1.470000000    6.148721950    6.225667570    6.348525795
    1.480000000    6.143632534    6.220219940    6.343035291
    1.490000000    6.138528765    6.214758935    6.337529702
    1.500000000    6.133410859    6.209284794    6.332009267
    1.510000000    6.128279031    6.203797751    6.326474221
    1.520000000    6.123133497    6.198298040    6.320924800
    1.530000000    6.117974468    6.192785890    6.315361236
    1.540000000    6.112802155    6.187261531    6.309783759
    1.550000000    6.107616766    6.181725188    6.304192599
    1.560000000    6.102418511    6.176177086    6.298587982
    1.570000000    6.097207593    6.170617446    6.292970134
    1.580000000    6.091984218    6.165046490    6.287339278
    1.590000000    6.086748589    6.159464433    6.281695635
    1.600000000    6.081500905    6.153871493    6.276039426
    1.610000000    6.076241366    6.148267882    6.270370868
    1.620000000    6.070970169    6.142653812    6.264690177
    1.630000000    6.065687512    6.137029492    6.258997567
    1.640000000    6.060393587    6.131395130    6.253293251
    1.650000000    6.055088588    6.125750929    6.247577439
    1.660000000    6.049772705    6.120097094    6.241850340
    1.670000000    6.044446129    6.114433826    6.236112161
    1.680000000    6.039109047    6.108761322    6.230363106
    1.690000000    6.033761644    6.103079780    6.224603381
    1.700000000    6.028404107    6.097389395    6.218833184
    1.710000000    6.023036616    6.091690360    6.213052718
    1.720000000    6.017659355    6.085982865    6.207262178
    1.730000000    6.012272503    6.080267099    6.201461762
    1.740000000    6.006876237    6.074543248    6.195651664
    1.750000000    6.001470734    6.068811498    6.189832076
    1.760000000    5.996056170    6.063072031    6.184003189
    1.770000000    5.990632718    6.057325029    6.178165192
    1.780000000    5.985200549    6.051570669    6.172318272
    1.790000000    5.979759833    6.045809130    6.166462615
    1.800000000    5.974310741    6.040040586    6.160598405
    1.810000000    5.968853437    6.034265210    6.154725824
    1.820000000    5.963388089    6.028483174    6.148845051
    1.830000000    5.957914861    6.022694647    6.142956267
    1.840000000    5.952433914    6.016899797    6.137059646
    1.850000000    5.946945410    6.011098789    6.131155366
    1.860000000    5.941449508    6.005291787    6.125243599
    1.870000000    5.935946366    5.999478954    6.119324517
    1.880000000    5.930436141    5.993660449    6.113398290
    1.890000000    5.924918988    5.987836431    6.107465088
    1.900000000    5.919395060    5.982007057    6.101525076
    1.910000000    5.913864510    5.976172482    6.095578420
    1.920000000    5.908327487    5.970332858    6.089625283
    1.930000000    5.902784141    5.964488339    6.083665828
    1.940000000    5.897234620    5.958639072    6.077700215
    1.950000000    5.891679070    5.952785207    6.071728603
    1.960000000    5.886117636    5.946926889    6.065751149
    1.970000000    5.880550461    5.941064264    6.059768009
    1.980000000    5.874977687    5.935197475    6.053779336
    1.990000000    5.869399455    5.929326662    6.047785283
    2.000000000    5.863815903    5.923451966    6.041786001
    2.010000000    5.858227171    5.917573525    6.035781640
    2.020000000    5.852633394    5.911691475    6.029772347
    2.030000000    5.847034707    5.905805952    6.023758269
    2.040000000    5.841431244    5.899917090    6.017739551
    2.050000000    5.835823137    5.894025019    6.011716335
    2.060000000    5.830210518    5.888129870    6.005688765
    2.070000000    5.824593517    5.882231773    5.999656980
    2.080000000    5.818972261    5.876330854    5.993621119
    2.090000000    5.813346878    5.870427239    5.987581321
    2.100000000    5.807717493    5.864521054    5.981537720
    2.110000000    5.802084232    5.858612420    5.975490452
    2.120000000    5.796447217    5.852701459    5.969439651
    2.130000000    5.790806571    5.846788292    5.963385447
    2.140000000    5.785162415    5.840873037    5.957327971
    2.150000000    5.779514867    5.834955811    5.951267353
    2.160000000    5.773864046    5.829036730    5.945203721
    2.170000000    5.768210070    5.823115908    5.939137200
    2.180000000    5.762553054    5.817193459    5.933067915
    2.190000000    5.756893112    5.811269495    5.926995991
    2.200000000    5.751230359    5.805344125    5.920921550
    2.210000000    5.745564907    5.799417460    5.914844713
    2.220000000    5.739896866    5.793489606    5.908765600
    2.230000000    5.734226347    5.787560671    5.902684329
    2.240000000    5.728553458    5.781630760    5.896601017
    2.250000000    5.722878308    5.775699976    5.890515781
    2.260000000    5.717201002    5.769768423    5.884428735
    2.270000000    5.711521647    5.763836202    5.878339993
    2.280000000    5.705840346    5.757903413    5.872249666
    2.290000000    5.700157202    5.751970156    5.866157867
    2.300000000    5.694472319    5.746036528    5.860064704
    2.310000000    5.688785796    5.740102626    5.853970286
    2.320000000    5.683097734    5.734168546    5.847874722
    2.330000000    5.677408231    5.728234382    5.841778116
    2.340000000    5.671717387    5.722300227    5.835680575
    2.350000000    5.666025296    5.716366174    5.829582202
    2.360000000    5.660332056    5.710432313    5.823483100
    2.370000000    5.654637760    5.704498734    5.817383370
    2.380000000    5.648942503    5.698565527    5.811283114
    2.390000000    5.643246378    5.692632780    5.805182431
    2.400000000    5.637549475    5.686700577    5.799081418
    2.410000000    5.631851887    5.680769006    5.792980174
    2.420000000    5.626153702    5.674838151    5.786878794
    2.430000000    5.620455009    5.668908096    5.780777373
    2.440000000    5.614755896    5.662978923    5.774676007
    2.450000000    5.609056451    5.657050713    5.768574786
    2.460000000    5.603356758    5.651123547    5.762473805
    2.470000000    5.597656904    5.645197506    5.756373153
    2.480000000    5.591956971    5.639272666    5.750272920
    2.490000000    5.586257044    5.633349106    5.744173196
    2.500000000    5.580557205    5.627426903    5.738074068
    2.510000000    5.574857534    5.621506132    5.731975624
    2.520000000    5.569158113    5.615586869    5.725877948
    2.530000000    5.563459021    5.609669186    5.719781127
    2.540000000    5.557760337    5.603753157    5.713685244
    2.550000000    5.552062139    5.597838854    5.707590382
    2.560000000    5.546364503    5.591926349    5.701496623
    2.570000000    5.540667506    5.586015711    5.695404050
    2.580000000    5.534971223    5.580107010    5.689312741
    2.590000000    5.529275730    5.574200315    5.683222776
    2.600000000    5.523581098    5.568295693    5.677134234
    2.610000000    5.517887402    5.562393211    5.671047193
    2.620000000    5.512194713    5.556492936    5.664961728
    2.630000000    5.506503103    5.550594932    5.658877917
    2.640000000    5.500812641    5.544699264    5.652795833
    2.650000000    5.495123399    5.538805996    5.646715551
    2.660000000    5.489435445    5.532915191    5.640637144
    2.670000000    5.483748846    5.527026911    5.634560685
    2.680000000    5.478063671    5.521141216    5.628486245
    2.690000000    5.472379985    5.515258168    5.622413895
    2.700000000    5.466697856    5.509377827    5.616343705
    2.710000000    5.461017348    5.503500251    5.610275744
    2.720000000    5.455338525    5.497625499    5.604210080
    2.730000000    5.449661451    5.491753628    5.598146781
    2.740000000    5.443986190    5.485884696    5.592085914
    2.750000000    5.438312803    5.480018758    5.586027544
    2.760000000    5.432641353    5.474155870    5.579971738
    2.770000000    5.426971900    5.468296087    5.573918558
    2.780000000    5.421304504    5.462439463    5.567868069
    2.790000000    5.415639225    5.456586052    5.561820335
    2.800000000    5.409976122    5.450735905    5.555775417
    2.810000000    5.404315253    5.444889076    5.549733376
    2.820000000    5.398656675    5.439045615    5.543694274
    2.830000000    5.393000446    5.433205574    5.537658171
    2.840000000    5.387346622    5.427369002    5.531625125
    2.850000000    5.381695258    5.421535949    5.525595196
    2.860000000    5.376046410    5.415706465    5.519568442
    2.870000000    5.370400131    5.409880597    5.513544920
    2.880000000    5.364756476    5.404058393    5.507524687
    2.890000000    5.359115497    5.398239900    5.501507798
    2.900000000    5.353477248    5.392425164    5.495494308
    2.910000000    5.347841780    5.386614232    5.489484274
    2.920000000    5.342209145    5.380807149    5.483477747
    2.930000000    5.336579393    5.375003960    5.477474783
    2.940000000    5.330952574    5.369204708    5.471475433
    2.950000000    5.325328738    5.363409438    5.465479750
    2.960000000    5.319707934    5.357618192    5.459487784
    2.970000000    5.314090211    5.351831013    5.453499588
    2.980000000    5.308475616    5.346047943    5.447515211
    2.990000000    5.302864197    5.340269023    5.441534702
    3.000000000    5.297256001    5.334494295    5.435558112
    3.010000000    5.291651074    5.328723799    5.429585487
    3.020000000    5.286049461    5.322957574    5.423616877
    3.030000000    5.280451207    5.317195659    5.417652328
    3.040000000    5.274856359    5.311438095    5.411691888
    3.050000000    5.269264958    5.305684919    5.405735601
    3.060000000    5.263677051    5.299936169    5.399783515
    3.070000000    5.258092678    5.294191882    5.393835673
    3.080000000    5.252511883    5.288452095    5.387892121
    3.090000000    5.246934709    5.282716845    5.381952902
    3.100000000    5.241361196    5.276986168    5.376018060
    3.110000000    5.235791386    5.271260098    5.370087637
    3.120000000    5.230225320    5.265538672    5.364161677
    3.130000000    5.224663037    5.259821924    5.358240220
    3.140000000    5.219104578    5.254109887    5.352323308
    3.150000000    5.213549981    5.248402596    5.346410982
    3.160000000    5.207999285    5.242700083    5.340503282
    3.170000000    5.202452530    5.237002382    5.334600249
    3.180000000    5.196909752    5.231309524    5.328701920
    3.190000000    5.191370988    5.225621543    5.322808335
    3.200000000    5.185836277    5.219938468    5.316919533
    3.210000000    5.180305654    5.214260332    5.311035551
    3.220000000    5.174779156    5.208587165    5.305156426
    3.230000000    5.169256818    5.202918998    5.299282196
    3.240000000    5.163738675    5.197255859    5.293412897
    3.250000000    5.158224762    5.191597780    5.287548565
    3.260000000    5.152715114    5.185944788    5.281689235
    3.270000000    5.147209764    5.180296912    5.275834942
    3.280000000    5.141708746    5.174654181    5.269985722
    3.290000000    5.136212093    5.169016623    5.264141608
    3.300000000    5.130719838    5.163384265    5.258302633
    3.310000000    5.125232013    5.157757135    5.252468832
    3.320000000    5.119748650    5.152135259    5.246640237
    3.330000000    5.114269781    5.146518663    5.240816881
    3.340000000    5.108795437    5.140907374    5.234998795
    3.350000000    5.103325648    5.135301418    5.229186012
    3.360000000    5.097860446    5.129700820    5.223378562
    3.370000000    5.092399859    5.124105605    5.217576476
    3.380000000    5.086943918    5.118515797    5.211779785
    3.390000000    5.081492652    5.112931422    5.205988518
    3.400000000    5.076046089    5.107352502    5.200202706
    3.410000000    5.070604259    5.101779062    5.194422377
    3.420000000    5.065167190    5.096211125    5.188647561
    3.430000000    5.059734908    5.090648714    5.182878285
    3.440000000    5.054307443    5.085091852    5.177114578
    3.450000000    5.048884821    5.079540561    5.171356467
    3.460000000    5.043467068    5.073994863    5.165603980
    3.470000000    5.038054212    5.068454780    5.159857144
    3.480000000    5.032646278    5.062920334    5.154115985
    3.490000000    5.027243292    5.057391545    5.148380530
    3.500000000    5.021845280    5.051868435    5.142650804
    3.510000000    5.016452266    5.046351023    5.136926833
    3.520000000    5.011064276    5.040839331    5.131208642
    3.530000000    5.005681334    5.035333378    5.125496256
    3.540000000    5.000303464    5.029833183    5.119789700
    3.550000000    4.994930690    5.024338767    5.114088996
    3.560000000    4.989563036    5.018850148    5.108394170
    3.570000000    4.984200524    5.013367345    5.102705245
    3.580000000    4.978843179    5.007890377    5.097022244
    3.590000000    4.973491021    5.002419262    5.091345189
    3.600000000    4.968144074    4.996954017    5.085674104
    3.610000000    4.962802360    4.991494661    5.080009010
    3.620000000    4.957465900    4.986041211    5.074349929
    3.630000000    4.952134716    4.980593684    5.068696883
    3.640000000    4.946808829    4.975152097    5.063049893
    3.650000000    4.941488259    4.969716468    5.057408980
    3.660000000    4.936173028    4.964286811    5.051774164
    3.670000000    4.930863156    4.958863144    5.046145466
    3.680000000    4.925558663    4.953445482    5.040522906
    3.690000000    4.920259568    4.948033841    5.034906503
    3.700000000    4.914965891    4.942628236    5.029296278
    3.710000000    4.909677651    4.937228683    5.023692248
    3.720000000    4.904394868    4.931835196    5.018094434
    3.730000000    4.899117559    4.926447791    5.012502853
    3.740000000    4.893845743    4.921066481    5.006917524
    3.750000000    4.888579439    4.915691281    5.001338465
    3.760000000    4.883318664    4.910322205    4.995765693
    3.770000000    4.878063436    4.904959267    4.990199227
    3.780000000    4.872813772    4.899602480    4.984639083
    3.790000000    4.867569690    4.894251857    4.979085278
    3.800000000    4.862331207    4.888907412    4.973537828
    3.810000000    4.857098338    4.883569158    4.967996751
    3.820000000    4.851871101    4.878237107    4.962462063
    3.830000000    4.846649511    4.872911271    4.956933778
    3.840000000    4.841433585    4.867591664    4.951411914
    3.850000000    4.836223339    4.862278296    4.945896485
    3.860000000    4.831018787    4.856971180    4.940387506
    3.870000000    4.825819945    4.851670328    4.934884992
    3.880000000    4.820626828    4.846375750    4.929388958
    3.890000000    4.815439451    4.841087459    4.923899419
    3.900000000    4.810257828    4.835805464    4.918416388
    3.910000000    4.805081974    4.830529778    4.912939879
    3.920000000    4.799911903    4.825260410    4.907469906
    3.930000000    4.794747629    4.819997371    4.902006483
    3.940000000    4.789589165    4.814740671    4.896549622
    3.950000000    4.784436525    4.809490320    4.891099338
    3.960000000    4.779289722    4.804246328    4.885655641
    3.970000000    4.774148769    4.799008705    4.880218545
    3.980000000    4.769013679    4.793777460    4.874788063
    3.990000000    4.763884465    4.788552603    4.869364206
    4.000000000    4.758761139    4.783334142    4.863946986
    4.010000000    4.753643713    4.778122088    4.858536415
    4.020000000    4.748532200    4.772916447    4.853132504
    4.030000000    4.743426611    4.767717229    4.847735265
    4.040000000    4.738326958    4.762524443    4.842344709
    4.050000000    4.733233252    4.757338097    4.836960845
    4.060000000    4.728145504    4.752158198    4.831583686
    4.070000000    4.723063726    4.746984755    4.826213241
    4.080000000    4.717987929    4.741817775    4.820849520
    4.090000000    4.712918122    4.736657266    4.815492535
    4.100000000    4.707854318    4.731503236    4.810142293
    4.110000000    4.702796525    4.726355691    4.804798806
    4.120000000    4.697744754    4.721214639    4.799462081
    4.130000000    4.692699015    4.716080087    4.794132130
    4.140000000    4.687659318    4.710952041    4.788808960
    4.150000000    4.682625673    4.705830508    4.783492580
    4.160000000    4.677598088    4.700715495    4.778183000
    4.170000000    4.672576573    4.695607007    4.772880227
    4.180000000    4.667561138    4.690505051    4.767584270
    4.190000000    4.662551790    4.685409634    4.762295137
    4.200000000    4.657548539    4.680320760    4.757012835
    4.210000000    4.652551393    4.675238436    4.751737374
    4.220000000    4.647560361    4.670162667    4.746468759
    4.230000000    4.642575451    4.665093459    4.741206999
    4.240000000    4.637596671    4.660030816    4.735952101
    4.250000000    4.632624029    4.654974744    4.730704072
    4.260000000    4.627657533    4.649925249    4.725462919
    4.270000000    4.622697189    4.644882334    4.720228647
    4.280000000    4.617743007    4.639846005    4.715001265
    4.290000000    4.612794992    4.634816266    4.709780778
    4.300000000    4.607853153    4.629793121    4.704567193
    4.310000000    4.602917495    4.624776576    4.699360515
    4.320000000    4.597988026    4.619766634    4.694160751
    4.330000000    4.593064753    4.614763298    4.688967906
    4.340000000    4.588147682    4.609766574    4.683781986
    4.350000000    4.583236820    4.604776465    4.678602996
    4.360000000    4.578332172    4.599792974    4.673430941
    4.370000000    4.573433744    4.594816106    4.668265827
    4.380000000    4.568541544    4.589845863    4.663107658
    4.390000000    4.563655576    4.584882249    4.657956440
    4.400000000    4.558775846    4.579925266    4.652812177
    4.410000000    4.553902359    4.574974919    4.647674873
    4.420000000    4.549035122    4.570031210    4.642544533
    4.430000000    4.544174139    4.565094142    4.637421161
    4.440000000    4.539319415    4.560163717    4.632304762
    4.450000000    4.534470956    4.555239938    4.627195338
    4.460000000    4.529628766    4.550322807    4.622092894
    4.470000000    4.524792850    4.545412328    4.616997434
    4.480000000    4.519963212    4.540508501    4.611908961
    4.490000000    4.515139857    4.535611330    4.606827478
    4.500000000    4.510322790    4.530720816    4.601752989
    4.510000000    4.505512014    4.525836961    4.596685496
    4.520000000    4.500707534    4.520959767    4.591625004
    4.530000000    4.495909353    4.516089235    4.586571514
    4.540000000    4.491117475    4.511225368    4.581525029
    4.550000000    4.486331904    4.506368166    4.576485552
    4.560000000    4.481552644    4.501517631    4.571453086
    4.570000000    4.476779698    4.496673764    4.566427632
    4.580000000    4.472013069    4.491836567    4.561409193
    4.590000000    4.467252761    4.487006040    4.556397771
    4.600000000    4.462498776    4.482182185    4.551393368
    4.610000000    4.457751119    4.477365002    4.546395986
    4.620000000    4.453009790    4.472554492    4.541405627
    4.630000000    4.448274794    4.467750655    4.536422291
    4.640000000    4.443546133    4.462953493    4.531445981
    4.650000000    4.438823810    4.458163005    4.526476698
    4.660000000    4.434107826    4.453379192    4.521514443
    4.670000000    4.429398185    4.448602054    4.516559217
    4.680000000    4.424694888    4.443831592    4.511611022
    4.690000000    4.419997938    4.439067805    4.506669857
    4.700000000    4.415307336    4.434310694    4.501735725
    4.710000000    4.410623084    4.429560258    4.496808626
    4.720000000    4.405945185    4.424816498    4.491888559
    4.730000000    4.401273640    4.420079412    4.486975527
    4.740000000    4.396608450    4.415349001    4.482069528
    4.750000000    4.391949617    4.410625264    4.477170564
    4.760000000    4.387297142    4.405908200    4.472278635
    4.770000000    4.382651027    4.401197809    4.467393739
    4.780000000    4.378011273    4.396494091    4.462515879
    4.790000000    4.373377880    4.391797044    4.457645052
    4.800000000    4.368750851    4.387106667    4.452781260
    4.810000000    4.364130184    4.382422959    4.447924501
    4.820000000    4.359515883    4.377745921    4.443074775
    4.830000000    4.354907947    4.373075549    4.438232082
    4.840000000    4.350306376    4.368411844    4.433396420
    4.850000000    4.345711172    4.363754803    4.428567790
    4.860000000    4.341122334    4.359104425    4.423746190
    4.870000000    4.336539863    4.354460710    4.418931620
    4.880000000    4.331963760    4.349823655    4.414124078
    4.890000000    4.327394024    4.345193259    4.409323562
    4.900000000    4.322830656    4.340569520    4.404530073
    4.910000000    4.318273655    4.335952436    4.399743609
    4.920000000    4.313723021    4.331342006    4.394964167
    4.930000000    4.309178754    4.326738228    4.390191747
    4.940000000    4.304640854    4.322141099    4.385426348
    4.950000000    4.300109321    4.317550617    4.380667966
    4.960000000    4.295584154    4.312966781    4.375916601
    4.970000000    4.291065352    4.308389589    4.371172251
    4.980000000    4.286552914    4.303819037    4.366434914
    4.990000000    4.282046841    4.299255124    4.361704588
    5.000000000    4.277547132    4.294697847    4.356981270
    5.010000000    4.273053785    4.290147204    4.352264959
    5.020000000    4.268566799    4.285603192    4.347555652
    5.030000000    4.264086174    4.281065809    4.342853347
    5.040000000    4.259611908    4.276535052    4.338158041
    5.050000000    4.255144000    4.272010917    4.333469732
    5.060000000    4.250682450    4.267493404    4.328788418
    5.070000000    4.246227255    4.262982507    4.324114095
    5.080000000    4.241778414    4.258478225    4.319446761
    5.090000000    4.237335926    4.253980555    4.314786414
    5.100000000    4.232899790    4.249489493    4.310133049
    5.110000000    4.228470003    4.245005037    4.305486665
    5.120000000    4.224046564    4.240527183    4.300847258
    5.130000000    4.219629471    4.236055928    4.296214824
    5.140000000    4.215218722    4.231591268    4.291589362
    5.150000000    4.210814316    4.227133200    4.286970867
    5.160000000    4.206416250    4.222681722    4.282359337
    5.170000000    4.202024522    4.218236828    4.277754767
    5.180000000    4.197639131    4.213798517    4.273157155
    5.190000000    4.193260074    4.209366783    4.268566496
    5.200000000    4.188887349    4.204941625    4.263982788
    5.210000000    4.184520953    4.200523036    4.259406026
    5.220000000    4.180160885    4.196111015    4.254836207
    5.230000000    4.175807141    4.191705558    4.250273327
    5.240000000    4.171459720    4.187306659    4.245717382
    5.250000000    4.167118618    4.182914316    4.241168368
    5.260000000    4.162783833    4.178528524    4.236626282
    5.270000000    4.158455362    4.174149280    4.232091118
    5.280000000    4.154133203    4.169776579    4.227562873
    5.290000000    4.149817353    4.165410417    4.223041543
    5.300000000    4.145507809    4.161050790    4.218527123
    5.310000000    4.141204568    4.156697693    4.214019609
    5.320000000    4.136907626    4.152351123    4.209518997
    5.330000000    4.132616982    4.148011075    4.205025283
    5.340000000    4.128332631    4.143677545    4.200538461
    5.350000000    4.124054571    4.139350528    4.196058527
    5.360000000    4.119782798    4.135030019    4.191585477
    5.370000000    4.115517309    4.130716015    4.187119306
    5.380000000    4.111258102    4.126408510    4.182660009
    5.390000000    4.107005171    4.122107500    4.178207581
    5.400000000    4.102758515    4.117812981    4.173762018
    5.410000000    4.098518129    4.113524946    4.169323315
    5.420000000    4.094284009    4.109243393    4.164891466
    5.430000000    4.090056153    4.104968315    4.160466467
    5.440000000    4.085834557    4.100699709    4.156048312
    5.450000000    4.081619216    4.096437569    4.151636997
    5.460000000    4.077410128    4.092181889    4.147232517
    5.470000000    4.073207288    4.087932666    4.142834865
    5.480000000    4.069010692    4.083689895    4.138444038
    5.490000000    4.064820337    4.079453569    4.134060029
    5.500000000    4.060636218    4.075223684    4.129682833
    5.510000000    4.056458332    4.071000235    4.125312445
    5.520000000    4.052286674    4.066783217    4.120948859
    5.530000000    4.048121241    4.062572624    4.116592070
    5.540000000    4.043962028    4.058368451    4.112242072
    5.550000000    4.039809031    4.054170692    4.107898859
    5.560000000    4.035662245    4.049979343    4.103562427
    5.570000000    4.031521667    4.045794398    4.099232769
    5.580000000    4.027387292    4.041615852    4.094909879
    5.590000000    4.023259116    4.037443698    4.090593752
    5.600000000    4.019137134    4.033277933    4.086284382
    5.610000000    4.015021342    4.029118549    4.081981763
    5.620000000    4.010911735    4.024965541    4.077685888
    5.630000000    4.006808309    4.020818904    4.073396753
    5.640000000    4.002711058    4.016678633    4.069114351
    5.650000000    3.998619980    4.012544721    4.064838676
    5.660000000    3.994535068    4.008417162    4.060569722
    5.670000000    3.990456317    4.004295951    4.056307483
    5.680000000    3.986383725    4.000181083    4.052051952
    5.690000000    3.982317284    3.996072551    4.047803123
    5.700000000    3.978256991    3.991970349    4.043560991
    5.710000000    3.974202841    3.987874471    4.039325549
    5.720000000    3.970154828    3.983784913    4.035096790
    5.730000000    3.966112948    3.979701666    4.030874708
    5.740000000    3.962077196    3.975624727    4.026659296
    5.750000000    3.958047567    3.971554088    4.022450550
    5.760000000    3.954024055    3.967489743    4.018248460
    5.770000000    3.950006655    3.963431687    4.014053022
    5.780000000    3.945995363    3.959379914    4.009864229
    5.790000000    3.941990173    3.955334416    4.005682074
    5.800000000    3.937991080    3.951295188    4.001506550
    5.810000000    3.933998078    3.947262224    3.997337651
    5.820000000    3.930011162    3.943235518    3.993175370
    5.830000000    3.926030328    3.939215063    3.989019700
    5.840000000    3.922055569    3.935200852    3.984870635
    5.850000000    3.918086880    3.931192881    3.980728168
    5.860000000    3.914124256    3.927191141    3.976592291
    5.870000000    3.910167691    3.923195628    3.972462999
    5.880000000    3.906217180    3.919206333    3.968340284
    5.890000000    3.902272716    3.915223252    3.964224139
    5.900000000    3.898334296    3.911246378    3.960114557
    5.910000000    3.894401912    3.907275703    3.956011532
    5.920000000    3.890475560    3.903311222    3.951915056
    5.930000000    3.886555233    3.899352928    3.947825122
    5.940000000    3.882640927    3.895400815    3.943741723
    5.950000000    3.878732634    3.891454875    3.939664852
    5.960000000    3.874830350    3.887515103    3.935594502
    5.970000000    3.870934069    3.883581491    3.931530666
    5.980000000    3.867043785    3.879654033    3.927473336
    5.990000000    3.863159491    3.875732722    3.923422506
    6.000000000    3.859281183    3.871817552    3.919378167
    6.010000000    3.855408854    3.867908515    3.915340313
    6.020000000    3.851542498    3.864005606    3.911308937
    6.030000000    3.847682109    3.860108817    3.907284030
    6.040000000    3.843827682    3.856218141    3.903265587
    6.050000000    3.839979210    3.852333572    3.899253599
    6.060000000    3.836136688    3.848455103    3.895248058
    6.070000000    3.832300108    3.844582726    3.891248958
    6.080000000    3.828469466    3.840716436    3.887256291
    6.090000000    3.824644754    3.836856225    3.883270050
    6.100000000    3.820825968    3.833002086    3.879290227
    6.110000000    3.817013100    3.829154012    3.875316814
    6.120000000    3.813206144    3.825311996    3.871349804
    6.130000000    3.809405095    3.821476032    3.867389190
    6.140000000    3.805609946    3.817646112    3.863434963
    6.150000000    3.801820690    3.813822229    3.859487117
    6.160000000    3.798037322    3.810004376    3.855545642
    6.170000000    3.794259835    3.806192547    3.851610533
    6.180000000    3.790488222    3.802386733    3.847681781
    6.190000000    3.786722478    3.798586929    3.843759378
    6.200000000    3.782962596    3.794793126    3.839843317
    6.210000000    3.779208570    3.791005318    3.835933590
    6.220000000    3.775460392    3.787223497    3.832030189
    6.230000000    3.771718058    3.783447657    3.828133106
    6.240000000    3.767981559    3.779677790    3.824242334
    6.250000000    3.764250891    3.775913889    3.820357865
    6.260000000    3.760526045    3.772155946    3.816479691
    6.270000000    3.756807017    3.768403955    3.812607803
    6.280000000    3.753093798    3.764657908    3.808742195
    6.290000000    3.749386383    3.760917799    3.804882858
    6.300000000    3.745684765    3.757183619    3.801029784
    6.310000000    3.741988937    3.753455361    3.797182966
    6.320000000    3.738298893    3.749733018    3.793342394
    6.330000000    3.734614626    3.746016583    3.789508063
    6.340000000    3.730936129    3.742306049    3.785679963
    6.350000000    3.727263397    3.738601407    3.781858086
    6.360000000    3.723596421    3.734902652    3.778042424
    6.370000000    3.719935195    3.731209774    3.774232970
    6.380000000    3.716279713    3.727522767    3.770429716
    6.390000000    3.712629967    3.723841624    3.766632652
    6.400000000    3.708985952    3.720166337    3.762841772
    6.410000000    3.705347659    3.716496898    3.759057066
    6.420000000    3.701715083    3.712833301    3.755278528
    6.430000000    3.698088217    3.709175537    3.751506148
    6.440000000    3.694467053    3.705523599    3.747739919
    6.450000000    3.690851585    3.701877480    3.743979833
    6.460000000    3.687241806    3.698237173    3.740225881
    6.470000000    3.683637709    3.694602669    3.736478055
    6.480000000    3.680039288    3.690973961    3.732736347
    6.490000000    3.676446534    3.687351042    3.729000748
    6.500000000    3.672859442    3.683733903    3.725271252
    6.510000000    3.669278004    3.680122539    3.721547848
    6.520000000    3.665702213    3.676516940    3.717830530
    6.530000000    3.662132063    3.672917100    3.714119288
    6.540000000    3.658567546    3.669323010    3.710414115
    6.550000000    3.655008656    3.665734664    3.706715002
    6.560000000    3.651455385    3.662152053    3.703021941
    6.570000000    3.647907727    3.658575171    3.699334923
    6.580000000    3.644365673    3.655004008    3.695653941
    6.590000000    3.640829218    3.651438559    3.691978986
    6.600000000    3.637298354    3.647878814    3.688310049
    6.610000000    3.633773075    3.644324767    3.684647123
    6.620000000    3.630253372    3.640776409    3.680990199
    6.630000000    3.626739239    3.637233734    3.677339268
    6.640000000    3.623230669    3.633696733    3.673694323
    6.650000000    3.619727654    3.630165399    3.670055354
    6.660000000    3.616230188    3.626639723    3.666422354
    6.670000000    3.612738263    3.623119700    3.662795314
    6.680000000    3.609251873    3.619605319    3.659174225
    6.690000000    3.605771009    3.616096575    3.655559080
    6.700000000    3.602295666    3.612593458    3.651949869
    6.710000000    3.598825835    3.609095962    3.648346585
    6.720000000    3.595361509    3.605604079    3.644749219
    6.730000000    3.591902681    3.602117801    3.641157762
    6.740000000    3.588449345    3.598637120    3.637572206
    6.750000000    3.585001492    3.595162028    3.633992542
    6.760000000    3.581559116    3.591692518    3.630418763
    6.770000000    3.578122209    3.588228582    3.626850860
    6.780000000    3.574690764    3.584770212    3.623288823
    6.790000000    3.571264773    3.581317400    3.619732645
    6.800000000    3.567844230    3.577870139    3.616182317
    6.810000000    3.564429127    3.574428420    3.612637831
    6.820000000    3.561019457    3.570992236    3.609099178
    6.830000000    3.557615213    3.567561580    3.605566349
    6.840000000    3.554216387    3.564136443    3.602039337
    6.850000000    3.550822971    3.560716817    3.598518132
    6.860000000    3.547434959    3.557302695    3.595002726
    6.870000000    3.544052344    3.553894069    3.591493111
    6.880000000    3.540675117    3.550490931    3.587989277
    6.890000000    3.537303272    3.547093273    3.584491217
    6.900000000    3.533936801    3.543701088    3.580998922
    6.910000000    3.530575697    3.540314367    3.577512383
    6.920000000    3.527219952    3.536933102    3.574031592
    6.930000000    3.523869559    3.533557287    3.570556540
    6.940000000    3.520524511    3.530186912    3.567087219
    6.950000000    3.517184801    3.526821971    3.563623619
    6.960000000    3.513850420    3.523462454    3.560165734
    6.970000000    3.510521362    3.520108356    3.556713553
    6.980000000    3.507197619    3.516759666    3.553267068
    6.990000000    3.503879183    3.513416379    3.549826272
    7.000000000    3.500566048    3.510078485    3.546391154
    7.010000000    3.497258206    3.506745977    3.542961707
    7.020000000    3.493955649    3.503418847    3.539537922
    7.030000000    3.490658370    3.500097087    3.536119791
    7.040000000    3.487366361    3.496780690    3.532707304
    7.050000000    3.484079616    3.493469647    3.529300453
    7.060000000    3.480798126    3.490163950    3.525899230
    7.070000000    3.477521885    3.486863592    3.522503627
    7.080000000    3.474250884    3.483568565    3.519113633
    7.090000000    3.470985117    3.480278861    3.515729242
    7.100000000    3.467724575    3.476994472    3.512350443
    7.110000000    3.464469252    3.473715389    3.508977229
    7.120000000    3.461219140    3.470441606    3.505609592
    7.130000000    3.457974231    3.467173115    3.502247522
    7.140000000    3.454734518    3.463909906    3.498891010
    7.150000000    3.451499993    3.460651973    3.495540049
    7.160000000    3.448270650    3.457399308    3.492194629
    7.170000000    3.445046480    3.454151903    3.488854743
    7.180000000    3.441827476    3.450909749    3.485520380
    7.190000000    3.438613631    3.447672839    3.482191534
    7.200000000    3.435404936    3.444441165    3.478868195
    7.210000000    3.432201385    3.441214719    3.475550354
    7.220000000    3.429002971    3.437993494    3.472238004
    7.230000000    3.425809684    3.434777481    3.468931134
    7.240000000    3.422621519    3.431566672    3.465629738
    7.250000000    3.419438467    3.428361060    3.462333805
    7.260000000    3.416260521    3.425160636    3.459043329
    7.270000000    3.413087674    3.421965393    3.455758299
    7.280000000    3.409919918    3.418775323    3.452478707
    7.290000000    3.406757245    3.415590418    3.449204545
    7.300000000    3.403599649    3.412410670    3.445935805
    7.310000000    3.400447120    3.409236071    3.442672477
    7.320000000    3.397299653    3.406066614    3.439414553
    7.330000000    3.394157239    3.402902290    3.436162024
    7.340000000    3.391019871    3.399743091    3.432914882
    7.350000000    3.387887541    3.396589010    3.429673119
    7.360000000    3.384760243    3.393440038    3.426436725
    7.370000000    3.381637967    3.390296169    3.423205692
    7.380000000    3.378520708    3.387157393    3.419980011
    7.390000000    3.375408457    3.384023704    3.416759674
    7.400000000    3.372301207    3.380895092    3.413544673
    7.410000000    3.369198950    3.377771551    3.410334998
    7.420000000    3.366101678    3.374653073    3.407130642
    7.430000000    3.363009385    3.371539648    3.403931595
    7.440000000    3.359922063    3.368431271    3.400737849
    7.450000000    3.356839704    3.365327933    3.397549395
    7.460000000    3.353762301    3.362229625    3.394366226
    7.470000000    3.350689846    3.359136340    3.391188331
    7.480000000    3.347622331    3.356048071    3.388015704
    7.490000000    3.344559750    3.352964809    3.384848335
    7.500000000    3.341502094    3.349886547    3.381686215
    7.510000000    3.338449357    3.346813276    3.378529337
    7.520000000    3.335401530    3.343744989    3.375377691
    7.530000000    3.332358606    3.340681678    3.372231269
    7.540000000    3.329320578    3.337623335    3.369090063
    7.550000000    3.326287438    3.334569953    3.365954063
    7.560000000    3.323259178    3.331521523    3.362823263
    7.570000000    3.320235792    3.328478037    3.359697652
    7.580000000    3.317217271    3.325439489    3.356577223
    7.590000000    3.314203608    3.322405869    3.353461966
    7.600000000    3.311194796    3.319377170    3.350351874
    7.610000000    3.308190827    3.316353385    3.347246938
    7.620000000    3.305191693    3.313334505    3.344147150
    7.630000000    3.302197388    3.310320523    3.341052500
    7.640000000    3.299207903    3.307311431    3.337962981
    7.650000000    3.296223231    3.304307221    3.334878584
    7.660000000    3.293243365    3.301307885    3.331799300
    7.670000000    3.290268297    3.298313415    3.328725122
    7.680000000    3.287298019    3.295323805    3.325656040
    7.690000000    3.284332525    3.292339045    3.322592046
    7.700000000    3.281371806    3.289359128    3.319533132
    7.710000000    3.278415856    3.286384047    3.316479289
    7.720000000    3.275464666    3.283413793    3.313430509
    7.730000000    3.272518230    3.280448359    3.310386783
    7.740000000    3.269576539    3.277487737    3.307348103
    7.750000000    3.266639587    3.274531919    3.304314460
    7.760000000    3.263707366    3.271580898    3.301285847
    7.770000000    3.260779868    3.268634666    3.298262254
    7.780000000    3.257857086    3.265693214    3.295243673
    7.790000000    3.254939012    3.262756536    3.292230096
    7.800000000    3.252025640    3.259824623    3.289221515
    7.810000000    3.249116961    3.256897469    3.286217921
    7.820000000    3.246212969    3.253975064    3.283219305
    7.830000000    3.243313655    3.251057402    3.280225660
    7.840000000    3.240419013    3.248144474    3.277236976
    7.850000000    3.237529034    3.245236273    3.274253246
    7.860000000    3.234643712    3.242332792    3.271274461
    7.870000000    3.231763039    3.239434022    3.268300613
    7.880000000    3.228887008    3.236539956    3.265331694
    7.890000000    3.226015611    3.233650586    3.262367695
    7.900000000    3.223148840    3.230765904    3.259408607
    7.910000000    3.220286689    3.227885903    3.256454423
    7.920000000    3.217429151    3.225010576    3.253505134
    7.930000000    3.214576216    3.222139914    3.250560732
    7.940000000    3.211727879    3.219273909    3.247621209
    7.950000000    3.208884132    3.216412555    3.244686556
    7.960000000    3.206044968    3.213555844    3.241756764
    7.970000000    3.203210378    3.210703767    3.238831827
    7.980000000    3.200380356    3.207856317    3.235911735
    7.990000000    3.197554895    3.205013487    3.232996480
    8.000000000    3.194733986    3.202175270    3.230086053
    8.010000000    3.191917624    3.199341656    3.227180448
    8.020000000    3.189105799    3.196512639    3.224279655
    8.030000000    3.186298505    3.193688212    3.221383666
    8.040000000    3.183495735    3.190868365    3.218492473
    8.050000000    3.180697482    3.188053093    3.215606068
    8.060000000    3.177903737    3.185242388    3.212724442
    8.070000000    3.175114494    3.182436241    3.209847587
    8.080000000    3.172329745    3.179634645    3.206975496
    8.090000000    3.169549483    3.176837593    3.204108159
    8.100000000    3.166773701    3.174045077    3.201245569
    8.110000000    3.164002391    3.171257090    3.198387718
    8.120000000    3.161235546    3.168473624    3.195534597
    8.130000000    3.158473159    3.165694671    3.192686198
    8.140000000    3.155715222    3.162920224    3.189842513
    8.150000000    3.152961729    3.160150276    3.187003535
    8.160000000    3.150212671    3.157384818    3.184169254
    8.170000000    3.147468042    3.154623844    3.181339662
    8.180000000    3.144727835    3.151867346    3.178514753
    8.190000000    3.141992042    3.149115316    3.175694516
    8.200000000    3.139260655    3.146367748    3.172878945
    8.210000000    3.136533668    3.143624632    3.170068031
    8.220000000    3.133811074    3.140885963    3.167261767
    8.230000000    3.131092864    3.138151732    3.164460143
    8.240000000    3.128379033    3.135421933    3.161663153
    8.250000000    3.125669572    3.132696556    3.158870787
    8.260000000    3.122964475    3.129975596    3.156083039
    8.270000000    3.120263734    3.127259045    3.153299899
    8.280000000    3.117567342    3.124546895    3.150521360
    8.290000000    3.114875292    3.121839139    3.147747414
    8.300000000    3.112187577    3.119135770    3.144978053
    8.310000000    3.109504189    3.116436779    3.142213268
    8.320000000    3.106825122    3.113742160    3.139453053
    8.330000000    3.104150367    3.111051906    3.136697398
    8.340000000    3.101479919    3.108366008    3.133946296
    8.350000000    3.098813769    3.105684460    3.131199739
    8.360000000    3.096151912    3.103007254    3.128457719
    8.370000000    3.093494338    3.100334383    3.125720228
    8.380000000    3.090841042    3.097665839    3.122987258
    8.390000000    3.088192017    3.095001615    3.120258801
    8.400000000    3.085547254    3.092341705    3.117534849
    8.410000000    3.082906748    3.089686099    3.114815395
    8.420000000    3.080270490    3.087034792    3.112100430
    8.430000000    3.077638474    3.084387775    3.109389947
    8.440000000    3.075010693    3.081745042    3.106683937
    8.450000000    3.072387140    3.079106586    3.103982392
    8.460000000    3.069767807    3.076472398    3.101285306
    8.470000000    3.067152687    3.073842472    3.098592670
    8.480000000    3.064541774    3.071216800    3.095904476
    8.490000000    3.061935061    3.068595375    3.093220716
    8.500000000    3.059332539    3.065978190    3.090541383
    8.510000000    3.056734203    3.063365238    3.087866468
    8.520000000    3.054140045    3.060756511    3.085195965
    8.530000000    3.051550059    3.058152003    3.082529864
    8.540000000    3.048964236    3.055551705    3.079868159
    8.550000000    3.046382571    3.052955611    3.077210841
    8.560000000    3.043805055    3.050363714    3.074557903
    8.570000000    3.041231683    3.047776005    3.071909337
    8.580000000    3.038662447    3.045192479    3.069265136
    8.590000000    3.036097340    3.042613128    3.066625291
    8.600000000    3.033536355    3.040037945    3.063989794
    8.610000000    3.030979486    3.037466923    3.061358639
    8.620000000    3.028426724    3.034900054    3.058731817
    8.630000000    3.025878064    3.032337331    3.056109321
    8.640000000    3.023333499    3.029778747    3.053491143
    8.650000000    3.020793020    3.027224296    3.050877275
    8.660000000    3.018256623    3.024673969    3.048267709
    8.670000000    3.015724298    3.022127760    3.045662439
    8.680000000    3.013196040    3.019585663    3.043061456
    8.690000000    3.010671842    3.017047668    3.040464753
    8.700000000    3.008151697    3.014513771    3.037872322
    8.710000000    3.005635598    3.011983962    3.035284155
    8.720000000    3.003123538    3.009458237    3.032700245
    8.730000000    3.000615510    3.006936586    3.030120585
    8.740000000    2.998111507    3.004419004    3.027545166
    8.750000000    2.995611522    3.001905484    3.024973981
    8.760000000    2.993115550    2.999396017    3.022407023
    8.770000000    2.990623582    2.996890598    3.019844284
    8.780000000    2.988135611    2.994389219    3.017285756
    8.790000000    2.985651632    2.991891873    3.014731432
    8.800000000    2.983171637    2.989398554    3.012181304
    8.810000000    2.980695620    2.986909254    3.009635365
    8.820000000    2.978223573    2.984423966    3.007093608
    8.830000000    2.975755490    2.981942683    3.004556025
    8.840000000    2.973291364    2.979465399    3.002022608
    8.850000000    2.970831188    2.976992106    2.999493349
    8.860000000    2.968374956    2.974522798    2.996968243
    8.870000000    2.965922660    2.972057467    2.994447280
    8.880000000    2.963474295    2.969596107    2.991930454
    8.890000000    2.961029853    2.967138710    2.989417757
    8.900000000    2.958589327    2.964685271    2.986909182
    8.910000000    2.956152711    2.962235781    2.984404721
    8.920000000    2.953719998    2.959790234    2.981904367
    8.930000000    2.951291181    2.957348624    2.979408112
    8.940000000    2.948866254    2.954910943    2.976915950
    8.950000000    2.946445209    2.952477184    2.974427872
    8.960000000    2.944028042    2.950047341    2.971943872
    8.970000000    2.941614743    2.947621406    2.969463942
    8.980000000    2.939205308    2.945199374    2.966988075
    8.990000000    2.936799728    2.942781237    2.964516263
    9.000000000    2.934397999    2.940366988    2.962048500
    9.010000000    2.932000112    2.937956620    2.959584777
    9.020000000    2.929606061    2.935550127    2.957125087
    9.030000000    2.927215841    2.933147502    2.954669424
    9.040000000    2.924829443    2.930748739    2.952217780
    9.050000000    2.922446861    2.928353829    2.949770148
    9.060000000    2.920068090    2.925962768    2.947326520
    9.070000000    2.917693122    2.923575547    2.944886889
    9.080000000    2.915321950    2.921192160    2.942451249
    9.090000000    2.912954569    2.918812601    2.940019591
    9.100000000    2.910590971    2.916436863    2.937591909
    9.110000000    2.908231150    2.914064939    2.935168195
    9.120000000    2.905875099    2.911696821    2.932748442
    9.130000000    2.903522812    2.909332505    2.930332644
    9.140000000    2.901174283    2.906971983    2.927920792
    9.150000000    2.898829504    2.904615247    2.925512880
    9.160000000    2.896488470    2.902262293    2.923108901
    9.170000000    2.894151174    2.899913112    2.920708847
    9.180000000    2.891817608    2.897567699    2.918312712
    9.190000000    2.889487768    2.895226047    2.915920487
    9.200000000    2.887161646    2.892888149    2.913532167
    9.210000000    2.884839236    2.890553998    2.911147744
    9.220000000    2.882520531    2.888223588    2.908767212
    9.230000000    2.880205526    2.885896912    2.906390562
    9.240000000    2.877894212    2.883573964    2.904017787
    9.250000000    2.875586585    2.881254738    2.901648882
    9.260000000    2.873282638    2.878939225    2.899283839
    9.270000000    2.870982364    2.876627421    2.896922650
    9.280000000    2.868685756    2.874319319    2.894565309
    9.290000000    2.866392809    2.872014911    2.892211809
    9.300000000    2.864103516    2.869714192    2.889862143
    9.310000000    2.861817871    2.867417154    2.887516304
    9.320000000    2.859535867    2.865123793    2.885174284
    9.330000000    2.857257498    2.862834100    2.882836078
    9.340000000    2.854982758    2.860548069    2.880501677
    9.350000000    2.852711640    2.858265694    2.878171076
    9.360000000    2.850444138    2.855986969    2.875844266
    9.370000000    2.848180245    2.853711887    2.873521242
    9.380000000    2.845919956    2.851440442    2.871201996
    9.390000000    2.843663264    2.849172627    2.868886522
    9.400000000    2.841410162    2.846908435    2.866574812
    9.410000000    2.839160645    2.844647861    2.864266860
    9.420000000    2.836914705    2.842390898    2.861962659
    9.430000000    2.834672338    2.840137539    2.859662202
    9.440000000    2.832433536    2.837887778    2.857365482
    9.450000000    2.830198294    2.835641609    2.855072492
    9.460000000    2.827966604    2.833399026    2.852783226
    9.470000000    2.825738462    2.831160021    2.850497677
    9.480000000    2.823513860    2.828924590    2.848215837
    9.490000000    2.821292792    2.826692724    2.845937701
    9.500000000    2.819075253    2.824464419    2.843663261
    9.510000000    2.816861236    2.822239667    2.841392511
    9.520000000    2.814650734    2.820018462    2.839125444
    9.530000000    2.812443742    2.817800799    2.836862053
    9.540000000    2.810240254    2.815586670    2.834602332
    9.550000000    2.808040263    2.813376070    2.832346273
    9.560000000    2.805843763    2.811168993    2.830093870
    9.570000000    2.803650748    2.808965431    2.827845117
    9.580000000    2.801461212    2.806765379    2.825600007
    9.590000000    2.799275148    2.804568830    2.823358532
    9.600000000    2.797092552    2.802375779    2.821120687
    9.610000000    2.794913415    2.800186218    2.818886465
    9.620000000    2.792737734    2.798000143    2.816655858
    9.630000000    2.790565500    2.795817546    2.814428862
    9.640000000    2.788396709    2.793638421    2.812205468
    9.650000000    2.786231354    2.791462763    2.809985670
    9.660000000    2.784069430    2.789290565    2.807769462
    9.670000000    2.781910929    2.787121820    2.805556838
    9.680000000    2.779755846    2.784956524    2.803347790
    9.690000000    2.777604176    2.782794669    2.801142311
    9.700000000    2.775455911    2.780636249    2.798940397
    9.710000000    2.773311047    2.778481259    2.796742039
    9.720000000    2.771169576    2.776329692    2.794547232
    9.730000000    2.769031493    2.774181543    2.792355968
    9.740000000    2.766896793    2.772036804    2.790168242
    9.750000000    2.764765468    2.769895470    2.787984047
    9.760000000    2.762637514    2.767757535    2.785803376
    9.770000000    2.760512924    2.765622993    2.783626223
    9.780000000    2.758391691    2.763491838    2.781452582
    9.790000000    2.756273811    2.761364063    2.779282446
    9.800000000    2.754159278    2.759239663    2.777115808
    9.810000000    2.752048084    2.757118632    2.774952663
    9.820000000    2.749940226    2.755000963    2.772793003
    9.830000000    2.747835695    2.752886651    2.770636823
    9.840000000    2.745734488    2.750775690    2.768484116
    9.850000000    2.743636597    2.748668073    2.766334875
    9.860000000    2.741542017    2.746563795    2.764189095
    9.870000000    2.739450742    2.744462849    2.762046769
    9.880000000    2.737362767    2.742365231    2.759907890
    9.890000000    2.735278084    2.740270933    2.757772452
    9.900000000    2.733196690    2.738179950    2.755640450
    9.910000000    2.731118577    2.736092275    2.753511876
    9.920000000    2.729043739    2.734007904    2.751386724
    9.930000000    2.726972172    2.731926830    2.749264988
    9.940000000    2.724903870    2.729849047    2.747146662
    9.950000000    2.722838825    2.727774550    2.745031739
    9.960000000    2.720777034    2.725703332    2.742920214
    9.970000000    2.718718489    2.723635387    2.740812080
    9.980000000    2.716663185    2.721570711    2.738707330
    9.990000000    2.714611117    2.719509296    2.736605958
   10.000000000    2.712562279    2.717451137    2.734507959
   10.010000000    2.710516664    2.715396228    2.732413326
   10.020000000    2.708474268    2.713344563    2.730322053
   10.030000000    2.706435084    2.711296137    2.728234134
   10.040000000    2.704399107    2.709250944    2.726149562
   10.050000000    2.702366331    2.707208978    2.724068332
   10.060000000    2.700336750    2.705170233    2.721990436
   10.070000000    2.698310359    2.703134703    2.719915870
   10.080000000    2.696287153    2.701102383    2.717844627
   10.090000000    2.694267124    2.699073267    2.715776700
   10.100000000    2.692250269    2.697047349    2.713712085
   10.110000000    2.690236580    2.695024623    2.711650773
   10.120000000    2.688226053    2.693005085    2.709592761
   10.130000000    2.686218682    2.690988727    2.707538041
   10.140000000    2.684214461    2.688975544    2.705486607
   10.150000000    2.682213385    2.686965531    2.703438454
   10.160000000    2.680215447    2.684958681    2.701393575
   10.170000000    2.678220644    2.682954990    2.699351964
   10.180000000    2.676228968    2.680954452    2.697313616
   10.190000000    2.674240414    2.678957060    2.695278524
   10.200000000    2.672254977    2.676962809    2.693246682
   10.210000000    2.670272652    2.674971695    2.691218084
   10.220000000    2.668293431    2.672983710    2.689192725
   10.230000000    2.666317312    2.670998849    2.687170598
   10.240000000    2.664344286    2.669017107    2.685151697
   10.250000000    2.662374350    2.667038478    2.683136017
   10.260000000    2.660407498    2.665062957    2.681123551
   10.270000000    2.658443723    2.663090538    2.679114294
   10.280000000    2.656483021    2.661121215    2.677108240
   10.290000000    2.654525387    2.659154983    2.675105382
   10.300000000    2.652570814    2.657191837    2.673105715
   10.310000000    2.650619297    2.655231770    2.671109233
   10.320000000    2.648670831    2.653274777    2.669115930
   10.330000000    2.646725410    2.651320853    2.667125801
   10.340000000    2.644783029    2.649369992    2.665138839
   10.350000000    2.642843683    2.647422189    2.663155039
   10.360000000    2.640907366    2.645477438    2.661174394
   10.370000000    2.638974072    2.643535733    2.659196899
   10.380000000    2.637043797    2.641597070    2.657222548
   10.390000000    2.635116535    2.639661443    2.655251336
   10.400000000    2.633192280    2.637728845    2.653283256
   10.410000000    2.631271027    2.635799273    2.651318303
   10.420000000    2.629352771    2.633872720    2.649356471
   10.430000000    2.627437507    2.631949181    2.647397755
   10.440000000    2.625525228    2.630028651    2.645442148
   10.450000000    2.623615931    2.628111124    2.643489644
   10.460000000    2.621709609    2.626196595    2.641540239
   10.470000000    2.619806257    2.624285058    2.639593926
   10.480000000    2.617905870    2.622376507    2.637650700
   10.490000000    2.616008442    2.620470939    2.635710554
   10.500000000    2.614113969    2.618568347    2.633773484
   10.510000000    2.612222445    2.616668726    2.631839484
   10.520000000    2.610333864    2.614772070    2.629908547
   10.530000000    2.608448222    2.612878374    2.627980669
   10.540000000    2.606565514    2.610987634    2.626055843
   10.550000000    2.604685733    2.609099843    2.624134065
   10.560000000    2.602808875    2.607214996    2.622215327
   10.570000000    2.600934935    2.605333088    2.620299626
   10.580000000    2.599063906    2.603454114    2.618386955
   10.590000000    2.597195785    2.601578069    2.616477309
   10.600000000    2.595330566    2.599704946    2.614570681
   10.610000000    2.593468244    2.597834742    2.612667067
   10.620000000    2.591608814    2.595967450    2.610766461
   10.630000000    2.589752269    2.594103065    2.608868858
   10.640000000    2.587898606    2.592241583    2.606974251
   10.650000000    2.586047819    2.590382997    2.605082635
   10.660000000    2.584199904    2.588527304    2.603194006
   10.670000000    2.582354854    2.586674496    2.601308356
   10.680000000    2.580512664    2.584824571    2.599425682
   10.690000000    2.578673331    2.582977521    2.597545977
   10.700000000    2.576836847    2.581133342    2.595669235
   10.710000000    2.575003210    2.579292030    2.593795453
   10.720000000    2.573172412    2.577453577    2.591924623
   10.730000000    2.571344450    2.575617981    2.590056740
   10.740000000    2.569519318    2.573785235    2.588191800
   10.750000000    2.567697011    2.571955334    2.586329796
   10.760000000    2.565877524    2.570128273    2.584470723
   10.770000000    2.564060852    2.568304047    2.582614577
   10.780000000    2.562246990    2.566482651    2.580761351
   10.790000000    2.560435934    2.564664080    2.578911039
   10.800000000    2.558627677    2.562848328    2.577063638
   10.810000000    2.556822215    2.561035392    2.575219141
   10.820000000    2.555019543    2.559225264    2.573377542
   10.830000000    2.553219656    2.557417942    2.571538838
   10.840000000    2.551422549    2.555613419    2.569703022
   10.850000000    2.549628217    2.553811690    2.567870088
   10.860000000    2.547836655    2.552012751    2.566040033
   10.870000000    2.546047858    2.550216596    2.564212849
   10.880000000    2.544261822    2.548423221    2.562388533
   10.890000000    2.542478540    2.546632620    2.560567079
   10.900000000    2.540698009    2.544844788    2.558748481
   10.910000000    2.538920223    2.543059721    2.556932734
   10.920000000    2.537145178    2.541277414    2.555119834
   10.930000000    2.535372869    2.539497860    2.553309774
   10.940000000    2.533603290    2.537721057    2.551502549
   10.950000000    2.531836436    2.535946998    2.549698155
   10.960000000    2.530072304    2.534175678    2.547896587
   10.970000000    2.528310888    2.532407093    2.546097837
   10.980000000    2.526552183    2.530641238    2.544301903
   10.990000000    2.524796184    2.528878108    2.542508778
   11.000000000    2.523042887    2.527117698    2.540718458
   11.010000000    2.521292287    2.525360003    2.538930937
   11.020000000    2.519544378    2.523605019    2.537146209
   11.030000000    2.517799157    2.521852739    2.535364271
   11.040000000    2.516056618    2.520103160    2.533585117
   11.050000000    2.514316756    2.518356277    2.531808741
   11.060000000    2.512579567    2.516612084    2.530035138
   11.070000000    2.510845045    2.514870577    2.528264304
   11.080000000    2.509113187    2.513131752    2.526496234
   11.090000000    2.507383987    2.511395602    2.524730921
   11.100000000    2.505657441    2.509662124    2.522968362
   11.110000000    2.503933544    2.507931313    2.521208551
   11.120000000    2.502212290    2.506203163    2.519451483
   11.130000000    2.500493677    2.504477671    2.517697152
   11.140000000    2.498777697    2.502754831    2.515945555
   11.150000000    2.497064348    2.501034638    2.514196686
   11.160000000    2.495353624    2.499317088    2.512450540
   11.170000000    2.493645521    2.497602176    2.510707111
   11.180000000    2.491940033    2.495889898    2.508966396
   11.190000000    2.490237157    2.494180248    2.507228388
   11.200000000    2.488536887    2.492473221    2.505493083
   11.210000000    2.486839219    2.490768814    2.503760477
   11.220000000    2.485144148    2.489067021    2.502030563
   11.230000000    2.483451670    2.487367838    2.500303337
   11.240000000    2.481761780    2.485671259    2.498578795
   11.250000000    2.480074473    2.483977281    2.496856930
   11.260000000    2.478389745    2.482285899    2.495137739
   11.270000000    2.476707591    2.480597107    2.493421217
   11.280000000    2.475028006    2.478910902    2.491707357
   11.290000000    2.473350987    2.477227279    2.489996157
   11.300000000    2.471676527    2.475546232    2.488287610
   11.310000000    2.470004624    2.473867758    2.486581711
   11.320000000    2.468335271    2.472191852    2.484878457
   11.330000000    2.466668465    2.470518508    2.483177842
   11.340000000    2.465004202    2.468847723    2.481479861
   11.350000000    2.463342475    2.467179493    2.479784509
   11.360000000    2.461683282    2.465513811    2.478091782
   11.370000000    2.460026617    2.463850674    2.476401675
   11.380000000    2.458372476    2.462190078    2.474714182
   11.390000000    2.456720855    2.460532017    2.473029300
   11.400000000    2.455071748    2.458876487    2.471347023
   11.410000000    2.453425152    2.457223484    2.469667347
   11.420000000    2.451781062    2.455573002    2.467990267
   11.430000000    2.450139474    2.453925039    2.466315777
   11.440000000    2.448500382    2.452279588    2.464643874
   11.450000000    2.446863783    2.450636645    2.462974552
   11.460000000    2.445229672    2.448996207    2.461307807
   11.470000000    2.443598045    2.447358267    2.459643635
   11.480000000    2.441968896    2.445722823    2.457982029
   11.490000000    2.440342223    2.444089870    2.456322986
   11.500000000    2.438718020    2.442459402    2.454666501
   11.510000000    2.437096283    2.440831416    2.453012570
   11.520000000    2.435477008    2.439205906    2.451361187
   11.530000000    2.433860190    2.437582870    2.449712348
   11.540000000    2.432245824    2.435962302    2.448066048
   11.550000000    2.430633907    2.434344197    2.446422282
   11.560000000    2.429024434    2.432728552    2.444781047
   11.570000000    2.427417401    2.431115362    2.443142337
   11.580000000    2.425812803    2.429504622    2.441506148
   11.590000000    2.424210636    2.427896328    2.439872474
   11.600000000    2.422610895    2.426290476    2.438241312
   11.610000000    2.421013577    2.424687062    2.436612657
   11.620000000    2.419418677    2.423086080    2.434986505
   11.630000000    2.417826190    2.421487528    2.433362849
   11.640000000    2.416236113    2.419891399    2.431741688
   11.650000000    2.414648441    2.418297690    2.430123014
   11.660000000    2.413063170    2.416706397    2.428506825
   11.670000000    2.411480295    2.415117515    2.426893115
   11.680000000    2.409899812    2.413531041    2.425281880
   11.690000000    2.408321718    2.411946968    2.423673115
   11.700000000    2.406746007    2.410365294    2.422066816
   11.710000000    2.405172675    2.408786015    2.420462979
   11.720000000    2.403601719    2.407209124    2.418861598
   11.730000000    2.402033133    2.405634620    2.417262670
   11.740000000    2.400466915    2.404062496    2.415666189
   11.750000000    2.398903059    2.402492750    2.414072152
   11.760000000    2.397341561    2.400925376    2.412480554
   11.770000000    2.395782417    2.399360370    2.410891391
   11.780000000    2.394225623    2.397797729    2.409304657
   11.790000000    2.392671175    2.396237447    2.407720349
   11.800000000    2.391119069    2.394679522    2.406138462
   11.810000000    2.389569300    2.393123947    2.404558992
   11.820000000    2.388021864    2.391570720    2.402981934
   11.830000000    2.386476757    2.390019837    2.401407284
   11.840000000    2.384933975    2.388471292    2.399835038
   11.850000000    2.383393513    2.386925081    2.398265191
   11.860000000    2.381855369    2.385381201    2.396697738
   11.870000000    2.380319536    2.383839648    2.395132676
   11.880000000    2.378786013    2.382300417    2.393570000
   11.890000000    2.377254793    2.380763504    2.392009705
   11.900000000    2.375725874    2.379228904    2.390451788
   11.910000000    2.374199251    2.377696615    2.388896244
   11.920000000    2.372674919    2.376166631    2.387343068
   11.930000000    2.371152876    2.374638948    2.385792257
   11.940000000    2.369633116    2.373113563    2.384243806
   11.950000000    2.368115637    2.371590472    2.382697710
   11.960000000    2.366600433    2.370069669    2.381153966
   11.970000000    2.365087500    2.368551152    2.379612569
   11.980000000    2.363576836    2.367034915    2.378073515
   11.990000000    2.362068434    2.365520956    2.376536799
   12.000000000    2.360562293    2.364009269    2.375002418
   12.010000000    2.359058407    2.362499851    2.373470366
   12.020000000    2.357556772    2.360992698    2.371940641
   12.030000000    2.356057385    2.359487805    2.370413237
   12.040000000    2.354560242    2.357985170    2.368888151
   12.050000000    2.353065338    2.356484786    2.367365377
   12.060000000    2.351572670    2.354986652    2.365844913
   12.070000000    2.350082233    2.353490762    2.364326753
   12.080000000    2.348594024    2.351997113    2.362810894
   12.090000000    2.347108039    2.350505700    2.361297331
   12.100000000    2.345624273    2.349016520    2.359786060
   12.110000000    2.344142723    2.347529568    2.358277077
   12.120000000    2.342663385    2.346044841    2.356770378
   12.130000000    2.341186255    2.344562335    2.355265959
   12.140000000    2.339711329    2.343082046    2.353763815
   12.150000000    2.338238602    2.341603969    2.352263943
   12.160000000    2.336768073    2.340128101    2.350766338
   12.170000000    2.335299735    2.338654438    2.349270996
   12.180000000    2.333833586    2.337182976    2.347777913
   12.190000000    2.332369621    2.335713711    2.346287085
   12.200000000    2.330907837    2.334246639    2.344798508
   12.210000000    2.329448229    2.332781756    2.343312178
   12.220000000    2.327990795    2.331319058    2.341828090
   12.230000000    2.326535529    2.329858542    2.340346241
   12.240000000    2.325082429    2.328400204    2.338866626
   12.250000000    2.323631490    2.326944039    2.337389242
   12.260000000    2.322182709    2.325490044    2.335914084
   12.270000000    2.320736081    2.324038214    2.334441149
   12.280000000    2.319291603    2.322588547    2.332970432
   12.290000000    2.317849271    2.321141038    2.331501929
   12.300000000    2.316409081    2.319695683    2.330035636
   12.310000000    2.314971030    2.318252479    2.328571550
   12.320000000    2.313535114    2.316811422    2.327109666
   12.330000000    2.312101328    2.315372507    2.325649981
   12.340000000    2.310669670    2.313935732    2.324192490
   12.350000000    2.309240135    2.312501091    2.322737189
   12.360000000    2.307812719    2.311068582    2.321284074
   12.370000000    2.306387419    2.309638201    2.319833142
   12.380000000    2.304964231    2.308209944    2.318384389
   12.390000000    2.303543152    2.306783807    2.316937809
   12.400000000    2.302124177    2.305359786    2.315493401
   12.410000000    2.300707303    2.303937878    2.314051159
   12.420000000    2.299292527    2.302518078    2.312611080
   12.430000000    2.297879843    2.301100384    2.311173159
   12.440000000    2.296469250    2.299684791    2.309737394
   12.450000000    2.295060742    2.298271295    2.308303779
   12.460000000    2.293654317    2.296859894    2.306872312
   12.470000000    2.292249971    2.295450582    2.305442988
   12.480000000    2.290847699    2.294043357    2.304015803
   12.490000000    2.289447499    2.292638215    2.302590754
   12.500000000    2.288049367    2.291235152    2.301167836
   12.510000000    2.286653298    2.289834164    2.299747046
   12.520000000    2.285259290    2.288435248    2.298328380
   12.530000000    2.283867339    2.287038400    2.296911834
   12.540000000    2.282477440    2.285643616    2.295497405
   12.550000000    2.281089591    2.284250893    2.294085087
   12.560000000    2.279703788    2.282860226    2.292674879
   12.570000000    2.278320028    2.281471614    2.291266775
   12.580000000    2.276938305    2.280085051    2.289860772
   12.590000000    2.275558618    2.278700534    2.288456867
   12.600000000    2.274180962    2.277318059    2.287055055
   12.610000000    2.272805335    2.275937623    2.285655332
   12.620000000    2.271431731    2.274559223    2.284257696
   12.630000000    2.270060148    2.273182854    2.282862141
   12.640000000    2.268690582    2.271808513    2.281468665
   12.650000000    2.267323030    2.270436197    2.280077264
   12.660000000    2.265957487    2.269065901    2.278687934
   12.670000000    2.264593951    2.267697623    2.277300670
   12.680000000    2.263232418    2.266331358    2.275915470
   12.690000000    2.261872885    2.264967104    2.274532330
   12.700000000    2.260515347    2.263604856    2.273151246
   12.710000000    2.259159802    2.262244611    2.271772214
   12.720000000    2.257806245    2.260886366    2.270395231
   12.730000000    2.256454674    2.259530116    2.269020292
   12.740000000    2.255105085    2.258175859    2.267647395
   12.750000000    2.253757474    2.256823591    2.266276536
   12.760000000    2.252411837    2.255473309    2.264907710
   12.770000000    2.251068173    2.254125008    2.263540915
   12.780000000    2.249726476    2.252778685    2.262176146
   12.790000000    2.248386743    2.251434338    2.260813400
   12.800000000    2.247048972    2.250091961    2.259452673
   12.810000000    2.245713158    2.248751553    2.258093963
   12.820000000    2.244379298    2.247413109    2.256737264
   12.830000000    2.243047389    2.246076626    2.255382573
   12.840000000    2.241717427    2.244742100    2.254029888
   12.850000000    2.240389408    2.243409529    2.252679204
   12.860000000    2.239063330    2.242078908    2.251330517
   12.870000000    2.237739189    2.240750234    2.249983824
   12.880000000    2.236416982    2.239423504    2.248639122
   12.890000000    2.235096705    2.238098714    2.247296407
   12.900000000    2.233778354    2.236775861    2.245955675
   12.910000000    2.232461927    2.235454942    2.244616923
   12.920000000    2.231147420    2.234135952    2.243280147
   12.930000000    2.229834830    2.232818889    2.241945344
   12.940000000    2.228524152    2.231503750    2.240612510
   12.950000000    2.227215385    2.230190530    2.239281641
   12.960000000    2.225908524    2.228879227    2.237952735
   12.970000000    2.224603567    2.227569836    2.236625787
   12.980000000    2.223300509    2.226262356    2.235300794
   12.990000000    2.221999347    2.224956781    2.233977753
   13.000000000    2.220700079    2.223653110    2.232656660
   13.010000000    2.219402701    2.222351338    2.231337511
   13.020000000    2.218107209    2.221051463    2.230020304
   13.030000000    2.216813601    2.219753481    2.228705034
   13.040000000    2.215521872    2.218457388    2.227391698
   13.050000000    2.214232021    2.217163181    2.226080293
   13.060000000    2.212944042    2.215870858    2.224770816
   13.070000000    2.211657934    2.214580414    2.223463262
   13.080000000    2.210373692    2.213291847    2.222157628
   13.090000000    2.209091314    2.212005152    2.220853912
   13.100000000    2.207810796    2.210720327    2.219552108
   13.110000000    2.206532135    2.209437369    2.218252215
   13.120000000    2.205255328    2.208156274    2.216954229
   13.130000000    2.203980371    2.206877039    2.215658146
   13.140000000    2.202707262    2.205599661    2.214363963
   13.150000000    2.201435996    2.204324136    2.213071676
   13.160000000    2.200166572    2.203050461    2.211781282
   13.170000000    2.198898984    2.201778633    2.210492778
   13.180000000    2.197633232    2.200508649    2.209206160
   13.190000000    2.196369310    2.199240505    2.207921426
   13.200000000    2.195107217    2.197974198    2.206638571
   13.210000000    2.193846948    2.196709725    2.205357592
   13.220000000    2.192588500    2.195447083    2.204078486
   13.230000000    2.191331872    2.194186269    2.202801250
   13.240000000    2.190077058    2.192927279    2.201525879
   13.250000000    2.188824056    2.191670109    2.200252372
   13.260000000    2.187572863    2.190414758    2.198980725
   13.270000000    2.186323476    2.189161222    2.197710933
   13.280000000    2.185075891    2.187909497    2.196442995
   13.290000000    2.183830106    2.186659581    2.195176906
   13.300000000    2.182586117    2.185411470    2.193912664
   13.310000000    2.181343921    2.184165161    2.192650265
   13.320000000    2.180103515    2.182920651    2.191389706
   13.330000000    2.178864896    2.181677936    2.190130983
   13.340000000    2.177628061    2.180437015    2.188874094
   13.350000000    2.176393007    2.179197882    2.187619034
   13.360000000    2.175159729    2.177960536    2.186365801
   13.370000000    2.173928227    2.176724974    2.185114392
   13.380000000    2.172698495    2.175491191    2.183864803
   13.390000000    2.171470532    2.174259186    2.182617032
   13.400000000    2.170244334    2.173028954    2.181371074
   13.410000000    2.169019899    2.171800493    2.180126926
   13.420000000    2.167797222    2.170573800    2.178884586
   13.430000000    2.166576301    2.169348871    2.177644050
   13.440000000    2.165357133    2.168125704    2.176405316
   13.450000000    2.164139715    2.166904296    2.175168379
   13.460000000    2.162924044    2.165684642    2.173933236
   13.470000000    2.161710116    2.164466741    2.172699885
   13.480000000    2.160497929    2.163250590    2.171468322
   13.490000000    2.159287480    2.162036184    2.170238545
   13.500000000    2.158078766    2.160823522    2.169010549
   13.510000000    2.156871783    2.159612600    2.167784332
   13.520000000    2.155666529    2.158403415    2.166559890
   13.530000000    2.154463000    2.157195964    2.165337221
   13.540000000    2.153261194    2.155990243    2.164116321
   13.550000000    2.152061108    2.154786251    2.162897188
   13.560000000    2.150862738    2.153583984    2.161679817
   13.570000000    2.149666082    2.152383439    2.160464207
   13.580000000    2.148471137    2.151184613    2.159250353
   13.590000000    2.147277900    2.149987503    2.158038253
   13.600000000    2.146086367    2.148792106    2.156827904
   13.610000000    2.144896536    2.147598419    2.155619302
   13.620000000    2.143708404    2.146406439    2.154412444
   13.630000000    2.142521968    2.145216163    2.153207328
   13.640000000    2.141337225    2.144027588    2.152003950
   13.650000000    2.140154171    2.142840711    2.150802307
   13.660000000    2.138972805    2.141655530    2.149602397
   13.670000000    2.137793123    2.140472041    2.148404215
   13.680000000    2.136615123    2.139290241    2.147207760
   13.690000000    2.135438800    2.138110127    2.146013028
   13.700000000    2.134264153    2.136931697    2.144820015
   13.710000000    2.133091179    2.135754947    2.143628719
   13.720000000    2.131919874    2.134579875    2.142439138
   13.730000000    2.130750236    2.133406478    2.141251267
   13.740000000    2.129582262    2.132234752    2.140065104
   13.750000000    2.128415949    2.131064695    2.138880645
   13.760000000    2.127251293    2.129896305    2.137697889
   13.770000000    2.126088293    2.128729577    2.136516831
   13.780000000    2.124926946    2.127564510    2.135337469
   13.790000000    2.123767248    2.126401099    2.134159801
   13.800000000    2.122609196    2.125239344    2.132983821
   13.810000000    2.121452789    2.124079239    2.131809529
   13.820000000    2.120298022    2.122920784    2.130636921
   13.830000000    2.119144893    2.121763974    2.129465994
   13.840000000    2.117993400    2.120608808    2.128296744
   13.850000000    2.116843539    2.119455281    2.127129170
   13.860000000    2.115695308    2.118303392    2.125963268
   13.870000000    2.114548703    2.117153137    2.124799035
   13.880000000    2.113403723    2.116004514    2.123636468
   13.890000000    2.112260364    2.114857520    2.122475565
   13.900000000    2.111118623    2.113712151    2.121316322
   13.910000000    2.109978498    2.112568406    2.120158736
   13.920000000    2.108839986    2.111426282    2.119002805
   13.930000000    2.107703083    2.110285774    2.117848526
   13.940000000    2.106567788    2.109146882    2.116695895
   13.950000000    2.105434098    2.108009602    2.115544910
   13.960000000    2.104302009    2.106873930    2.114395568
   13.970000000    2.103171519    2.105739865    2.113247867
   13.980000000    2.102042626    2.104607404    2.112101802
   13.990000000    2.100915326    2.103476544    2.110957372
   14.000000000    2.099789616    2.102347282    2.109814573
   14.010000000    2.098665495    2.101219615    2.108673403
   14.020000000    2.097542959    2.100093540    2.107533859
   14.030000000    2.096422005    2.098969056    2.106395938
   14.040000000    2.095302631    2.097846159    2.105259637
   14.050000000    2.094184835    2.096724846    2.104124953
   14.060000000    2.093068612    2.095605114    2.102991883
   14.070000000    2.091953962    2.094486962    2.101860425
   14.080000000    2.090840880    2.093370385    2.100730576
   14.090000000    2.089729364    2.092255382    2.099602333
   14.100000000    2.088619412    2.091141950    2.098475693
   14.110000000    2.087511021    2.090030086    2.097350653
   14.120000000    2.086404188    2.088919787    2.096227211
   14.130000000    2.085298911    2.087811051    2.095105363
   14.140000000    2.084195187    2.086703875    2.093985108
   14.150000000    2.083093012    2.085598256    2.092866442
   14.160000000    2.081992385    2.084494191    2.091749362
   14.170000000    2.080893303    2.083391679    2.090633866
   14.180000000    2.079795764    2.082290715    2.089519951
   14.190000000    2.078699763    2.081191299    2.088407614
   14.200000000    2.077605300    2.080093426    2.087296852
   14.210000000    2.076512371    2.078997094    2.086187663
   14.220000000    2.075420974    2.077902301    2.085080044
   14.230000000    2.074331106    2.076809044    2.083973992
   14.240000000    2.073242764    2.075717320    2.082869504
   14.250000000    2.072155945    2.074627127    2.081766578
   14.260000000    2.071070649    2.073538462    2.080665211
   14.270000000    2.069986870    2.072451323    2.079565401
   14.280000000    2.068904608    2.071365706    2.078467144
   14.290000000    2.067823859    2.070281609    2.077370437
   14.300000000    2.066744621    2.069199030    2.076275279
   14.310000000    2.065666891    2.068117966    2.075181667
   14.320000000    2.064590666    2.067038415    2.074089597
   14.330000000    2.063515945    2.065960373    2.072999067
   14.340000000    2.062442724    2.064883838    2.071910075
   14.350000000    2.061371001    2.063808808    2.070822617
   14.360000000    2.060300773    2.062735280    2.069736692
   14.370000000    2.059232039    2.061663252    2.068652296
   14.380000000    2.058164794    2.060592720    2.067569426
   14.390000000    2.057099037    2.059523683    2.066488081
   14.400000000    2.056034765    2.058456137    2.065408257
   14.410000000    2.054971976    2.057390081    2.064329952
   14.420000000    2.053910667    2.056325511    2.063253164
   14.430000000    2.052850836    2.055262425    2.062177889
   14.440000000    2.051792479    2.054200821    2.061104124
   14.450000000    2.050735595    2.053140697    2.060031868
   14.460000000    2.049680181    2.052082048    2.058961118
   14.470000000    2.048626235    2.051024874    2.057891871
   14.480000000    2.047573754    2.049969171    2.056824124
   14.490000000    2.046522735    2.048914937    2.055757876
   14.500000000    2.045473176    2.047862169    2.054693122
   14.510000000    2.044425075    2.046810866    2.053629862
   14.520000000    2.043378428    2.045761024    2.052568091
   14.530000000    2.042333234    2.044712640    2.051507808
   14.540000000    2.041289491    2.043665714    2.050449010
   14.550000000    2.040247195    2.042620241    2.049391694
   14.560000000    2.039206344    2.041576220    2.048335858
   14.570000000    2.038166936    2.040533647    2.047281500
   14.580000000    2.037128968    2.039492522    2.046228616
   14.590000000    2.036092437    2.038452840    2.045177204
   14.600000000    2.035057343    2.037414600    2.044127262
   14.610000000    2.034023681    2.036377799    2.043078787
   14.620000000    2.032991449    2.035342435    2.042031777
   14.630000000    2.031960646    2.034308505    2.040986228
   14.640000000    2.030931268    2.033276007    2.039942140
   14.650000000    2.029903313    2.032244939    2.038899508
   14.660000000    2.028876779    2.031215297    2.037858331
   14.670000000    2.027851664    2.030187080    2.036818605
   14.680000000    2.026827964    2.029160285    2.035780329
   14.690000000    2.025805678    2.028134909    2.034743500
   14.700000000    2.024784803    2.027110951    2.033708116
   14.710000000    2.023765337    2.026088408    2.032674174
   14.720000000    2.022747278    2.025067277    2.031641671
   14.730000000    2.021730622    2.024047556    2.030610605
   14.740000000    2.020715368    2.023029243    2.029580974
   14.750000000    2.019701513    2.022012335    2.028552774
   14.760000000    2.018689055    2.020996830    2.027526005
   14.770000000    2.017677991    2.019982725    2.026500663
   14.780000000    2.016668320    2.018970019    2.025476745
   14.790000000    2.015660038    2.017958708    2.024454249
   14.800000000    2.014653144    2.016948791    2.023433174
   14.810000000    2.013647635    2.015940264    2.022413516
   14.820000000    2.012643508    2.014933126    2.021395272
   14.830000000    2.011640762    2.013927375    2.020378442
   14.840000000    2.010639394    2.012923008    2.019363021
   14.850000000    2.009639402    2.011920022    2.018349008
   14.860000000    2.008640783    2.010918415    2.017336400
   14.870000000    2.007643535    2.009918185    2.016325196
   14.880000000    2.006647656    2.008919330    2.015315391
   14.890000000    2.005653143    2.007921847    2.014306985
   14.900000000    2.004659995    2.006925734    2.013299974
   14.910000000    2.003668208    2.005930989    2.012294357
   14.920000000    2.002677781    2.004937609    2.011290130
   14.930000000    2.001688711    2.003945592    2.010287292
   14.940000000    2.000700996    2.002954936    2.009285840
   14.950000000    1.999714634    2.001965638    2.008285771
   14.960000000    1.998729622    2.000977696    2.007287084
   14.970000000    1.997745958    1.999991108    2.006289777
   14.980000000    1.996763640    1.999005871    2.005293845
   14.990000000    1.995782666    1.998021984    2.004299288
   15.000000000    1.994803033    1.997039443    2.003306103
   15.010000000    1.993824738    1.996058248    2.002314288
   15.020000000    1.992847781    1.995078394    2.001323839
   15.030000000    1.991872158    1.994099881    2.000334756
   15.040000000    1.990897868    1.993122706    1.999347035
   15.050000000    1.989924907    1.992146866    1.998360675
   15.060000000    1.988953275    1.991172360    1.997375672
   15.070000000    1.987982968    1.990199185    1.996392025
   15.080000000    1.987013984    1.989227338    1.995409732
   15.090000000    1.986046321    1.988256819    1.994428789
   15.100000000    1.985079978    1.987287623    1.993449195
   15.110000000    1.984114950    1.986319750    1.992470947
   15.120000000    1.983151238    1.985353197    1.991494044
   15.130000000    1.982188838    1.984387961    1.990518482
   15.140000000    1.981227747    1.983424042    1.989544260
   15.150000000    1.980267965    1.982461435    1.988571375
   15.160000000    1.979309488    1.981500139    1.987599825
   15.170000000    1.978352315    1.980540153    1.986629608
   15.180000000    1.977396443    1.979581472    1.985660721
   15.190000000    1.976441870    1.978624097    1.984693162
   15.200000000    1.975488594    1.977668024    1.983726929
   15.210000000    1.974536612    1.976713250    1.982762020
   15.220000000    1.973585924    1.975759775    1.981798432
   15.230000000    1.972636525    1.974807596    1.980836163
   15.240000000    1.971688415    1.973856710    1.979875211
   15.250000000    1.970741591    1.972907115    1.978915574
   15.260000000    1.969796051    1.971958809    1.977957250
   15.270000000    1.968851793    1.971011791    1.977000235
   15.280000000    1.967908814    1.970066058    1.976044528
   15.290000000    1.966967113    1.969121607    1.975090128
   15.300000000    1.966026687    1.968178437    1.974137030
   15.310000000    1.965087534    1.967236545    1.973185234
   15.320000000    1.964149653    1.966295930    1.972234738
   15.330000000    1.963213040    1.965356588    1.971285538
   15.340000000    1.962277695    1.964418519    1.970337633
   15.350000000    1.961343614    1.963481720    1.969391020
   15.360000000    1.960410795    1.962546188    1.968445698
   15.370000000    1.959479237    1.961611922    1.967501664
   15.380000000    1.958548938    1.960678920    1.966558915
   15.390000000    1.957619895    1.959747179    1.965617451
   15.400000000    1.956692106    1.958816697    1.964677268
   15.410000000    1.955765569    1.957887473    1.963738365
   15.420000000    1.954840282    1.956959503    1.962800739
   15.430000000    1.953916243    1.956032787    1.961864388
   15.440000000    1.952993450    1.955107322    1.960929310
   15.450000000    1.952071901    1.954183105    1.959995503
   15.460000000    1.951151593    1.953260135    1.959062965
   15.470000000    1.950232525    1.952338410    1.958131693
   15.480000000    1.949314695    1.951417927    1.957201685
   15.490000000    1.948398100    1.950498685    1.956272940
   15.500000000    1.947482738    1.949580681    1.955345455
   15.510000000    1.946568608    1.948663913    1.954419228
   15.520000000    1.945655708    1.947748380    1.953494256
   15.530000000    1.944744034    1.946834079    1.952570539
   15.540000000    1.943833586    1.945921008    1.951648073
   15.550000000    1.942924361    1.945009166    1.950726857
   15.560000000    1.942016357    1.944098549    1.949806888
   15.570000000    1.941109573    1.943189157    1.948888164
   15.580000000    1.940204005    1.942280986    1.947970684
   15.590000000    1.939299653    1.941374036    1.947054445
   15.600000000    1.938396513    1.940468303    1.946139445
   15.610000000    1.937494585    1.939563787    1.945225682
   15.620000000    1.936593866    1.938660484    1.944313153
   15.630000000    1.935694354    1.937758393    1.943401858
   15.640000000    1.934796047    1.936857512    1.942491793
   15.650000000    1.933898943    1.935957839    1.941582957
   15.660000000    1.933003040    1.935059371    1.940675348
   15.670000000    1.932108336    1.934162108    1.939768963
   15.680000000    1.931214829    1.933266046    1.938863800
   15.690000000    1.930322517    1.932371184    1.937959858
   15.700000000    1.929431399    1.931477520    1.937057134
   15.710000000    1.928541471    1.930585052    1.936155627
   15.720000000    1.927652733    1.929693778    1.935255334
   15.730000000    1.926765182    1.928803696    1.934356253
   15.740000000    1.925878816    1.927914803    1.933458383
   15.750000000    1.924993633    1.927027099    1.932561720
   15.760000000    1.924109632    1.926140580    1.931666264
   15.770000000    1.923226810    1.925255246    1.930772012
   15.780000000    1.922345166    1.924371093    1.929878962
   15.790000000    1.921464696    1.923488121    1.928987112
   15.800000000    1.920585401    1.922606327    1.928096461
   15.810000000    1.919707277    1.921725709    1.927207005
   15.820000000    1.918830322    1.920846265    1.926318743
   15.830000000    1.917954536    1.919967993    1.925431674
   15.840000000    1.917079915    1.919090892    1.924545795
   15.850000000    1.916206458    1.918214959    1.923661103
   15.860000000    1.915334163    1.917340193    1.922777598
   15.870000000    1.914463028    1.916466591    1.921895277
   15.880000000    1.913593051    1.915594152    1.921014139
   15.890000000    1.912724230    1.914722874    1.920134180
   15.900000000    1.911856563    1.913852754    1.919255400
   15.910000000    1.910990049    1.912983792    1.918377796
   15.920000000    1.910124685    1.912115984    1.917501366
   15.930000000    1.909260470    1.911249329    1.916626108
   15.940000000    1.908397402    1.910383826    1.915752021
   15.950000000    1.907535478    1.909519471    1.914879103
   15.960000000    1.906674698    1.908656264    1.914007350
   15.970000000    1.905815058    1.907794203    1.913136763
   15.980000000    1.904956558    1.906933285    1.912267338
   15.990000000    1.904099195    1.906073509    1.911399073
   16.000000000    1.903242967    1.905214873    1.910531967
   16.010000000    1.902387873    1.904357374    1.909666018
   16.020000000    1.901533910    1.903501012    1.908801224
   16.030000000    1.900681077    1.902645784    1.907937583
   16.040000000    1.899829373    1.901791688    1.907075093
   16.050000000    1.898978794    1.900938723    1.906213752
   16.060000000    1.898129340    1.900086886    1.905353558
   16.070000000    1.897281008    1.899236176    1.904494510
   16.080000000    1.896433796    1.898386591    1.903636605
   16.090000000    1.895587704    1.897538129    1.902779841
   16.100000000    1.894742728    1.896690788    1.901924217
   16.110000000    1.893898867    1.895844566    1.901069731
   16.120000000    1.893056120    1.894999463    1.900216380
   16.130000000    1.892214484    1.894155474    1.899364164
   16.140000000    1.891373958    1.893312600    1.898513079
   16.150000000    1.890534539    1.892470837    1.897663125
   16.160000000    1.889696226    1.891630185    1.896814299
   16.170000000    1.888859018    1.890790641    1.895966599
   16.180000000    1.888022912    1.889952204    1.895120024
   16.190000000    1.887187906    1.889114871    1.894274572
   16.200000000    1.886353999    1.888278642    1.893430240
   16.210000000    1.885521189    1.887443513    1.892587028
   16.220000000    1.884689475    1.886609484    1.891744932
   16.230000000    1.883858853    1.885776553    1.890903952
   16.240000000    1.883029323    1.884944717    1.890064085
   16.250000000    1.882200883    1.884113975    1.889225330
   16.260000000    1.881373531    1.883284325    1.888387684
   16.270000000    1.880547265    1.882455765    1.887551147
   16.280000000    1.879722084    1.881628294    1.886715716
   16.290000000    1.878897985    1.880801910    1.885881388
   16.300000000    1.878074968    1.879976611    1.885048164
   16.310000000    1.877253029    1.879152395    1.884216039
   16.320000000    1.876432168    1.878329261    1.883385014
   16.330000000    1.875612382    1.877507206    1.882555086
   16.340000000    1.874793670    1.876686229    1.881726253
   16.350000000    1.873976031    1.875866328    1.880898513
   16.360000000    1.873159461    1.875047502    1.880071864
   16.370000000    1.872343961    1.874229748    1.879246306
   16.380000000    1.871529527    1.873413066    1.878421835
   16.390000000    1.870716159    1.872597452    1.877598451
   16.400000000    1.869903853    1.871782906    1.876776151
   16.410000000    1.869092610    1.870969426    1.875954933
   16.420000000    1.868282426    1.870157009    1.875134797
   16.430000000    1.867473301    1.869345655    1.874315739
   16.440000000    1.866665232    1.868535361    1.873497759
   16.450000000    1.865858219    1.867726126    1.872680854
   16.460000000    1.865052258    1.866917948    1.871865023
   16.470000000    1.864247348    1.866110826    1.871050264
   16.480000000    1.863443488    1.865304756    1.870236575
   16.490000000    1.862640677    1.864499739    1.869423954
   16.500000000    1.861838911    1.863695772    1.868612400
   16.510000000    1.861038190    1.862892853    1.867801911
   16.520000000    1.860238512    1.862090982    1.866992486
   16.530000000    1.859439875    1.861290155    1.866184121
   16.540000000    1.858642277    1.860490371    1.865376817
   16.550000000    1.857845718    1.859691629    1.864570570
   16.560000000    1.857050194    1.858893928    1.863765379
   16.570000000    1.856255705    1.858097264    1.862961243
   16.580000000    1.855462248    1.857301637    1.862158160
   16.590000000    1.854669823    1.856507045    1.861356128
   16.600000000    1.853878427    1.855713486    1.860555145
   16.610000000    1.853088059    1.854920959    1.859755209
   16.620000000    1.852298717    1.854129461    1.858956320
   16.630000000    1.851510399    1.853338992    1.858158474
   16.640000000    1.850723104    1.852549549    1.857361671
   16.650000000    1.849936830    1.851761132    1.856565909
   16.660000000    1.849151576    1.850973737    1.855771186
   16.670000000    1.848367339    1.850187364    1.854977500
   16.680000000    1.847584119    1.849402011    1.854184850
   16.690000000    1.846801913    1.848617676    1.853393234
   16.700000000    1.846020720    1.847834358    1.852602650
   16.710000000    1.845240538    1.847052054    1.851813096
   16.720000000    1.844461366    1.846270764    1.851024572
   16.730000000    1.843683202    1.845490486    1.850237074
   16.740000000    1.842906044    1.844711218    1.849450603
   16.750000000    1.842129891    1.843932958    1.848665155
   16.760000000    1.841354741    1.843155705    1.847880729
   16.770000000    1.840580593    1.842379457    1.847097324
   16.780000000    1.839807444    1.841604213    1.846314937
   16.790000000    1.839035294    1.840829970    1.845533568
   16.800000000    1.838264140    1.840056728    1.844753215
   16.810000000    1.837493982    1.839284485    1.843973875
   16.820000000    1.836724817    1.838513238    1.843195547
   16.830000000    1.835956643    1.837742987    1.842418230
   16.840000000    1.835189460    1.836973730    1.841641922
   16.850000000    1.834423266    1.836205466    1.840866622
   16.860000000    1.833658058    1.835438191    1.840092327
   16.870000000    1.832893837    1.834671906    1.839319036
   16.880000000    1.832130599    1.833906609    1.838546747
   16.890000000    1.831368343    1.833142297    1.837775459
   16.900000000    1.830607068    1.832378970    1.837005171
   16.910000000    1.829846772    1.831616625    1.836235880
   16.920000000    1.829087454    1.830855261    1.835467584
   16.930000000    1.828329112    1.830094877    1.834700283
   16.940000000    1.827571744    1.829335471    1.833933975
   16.950000000    1.826815350    1.828577041    1.833168658
   16.960000000    1.826059926    1.827819587    1.832404330
   16.970000000    1.825305472    1.827063105    1.831640990
   16.980000000    1.824551987    1.826307595    1.830878636
   16.990000000    1.823799468    1.825553055    1.830117267
   17.000000000    1.823047914    1.824799484    1.829356881
   17.010000000    1.822297324    1.824046880    1.828597476
   17.020000000    1.821547696    1.823295242    1.827839051
   17.030000000    1.820799028    1.822544567    1.827081605
   17.040000000    1.820051320    1.821794854    1.826325135
   17.050000000    1.819304568    1.821046103    1.825569640
   17.060000000    1.818558773    1.820298311    1.824815119
   17.070000000    1.817813932    1.819551476    1.824061570
   17.080000000    1.817070043    1.818805598    1.823308991
   17.090000000    1.816327106    1.818060675    1.822557381
   17.100000000    1.815585119    1.817316704    1.821806739
   17.110000000    1.814844080    1.816573686    1.821057061
   17.120000000    1.814103988    1.815831617    1.820308349
   17.130000000    1.813364841    1.815090497    1.819560598
   17.140000000    1.812626637    1.814350324    1.818813809
   17.150000000    1.811889376    1.813611097    1.818067979
   17.160000000    1.811153056    1.812872814    1.817323107
   17.170000000    1.810417675    1.812135473    1.816579191
   17.180000000    1.809683231    1.811399073    1.815836231
   17.190000000    1.808949724    1.810663613    1.815094223
   17.200000000    1.808217151    1.809929091    1.814353168
   17.210000000    1.807485512    1.809195505    1.813613062
   17.220000000    1.806754804    1.808462855    1.812873905
   17.230000000    1.806025027    1.807731138    1.812135696
   17.240000000    1.805296178    1.807000353    1.811398432
   17.250000000    1.804568257    1.806270499    1.810662112
   17.260000000    1.803841261    1.805541573    1.809926735
   17.270000000    1.803115190    1.804813576    1.809192299
   17.280000000    1.802390042    1.804086504    1.808458802
   17.290000000    1.801665815    1.803360357    1.807726244
   17.300000000    1.800942508    1.802635134    1.806994622
   17.310000000    1.800220119    1.801910832    1.806263935
   17.320000000    1.799498648    1.801187450    1.805534181
   17.330000000    1.798778092    1.800464987    1.804805360
   17.340000000    1.798058450    1.799743441    1.804077469
   17.350000000    1.797339721    1.799022812    1.803350508
   17.360000000    1.796621903    1.798303096    1.802624473
   17.370000000    1.795904995    1.797584294    1.801899365
   17.380000000    1.795188995    1.796866403    1.801175182
   17.390000000    1.794473902    1.796149422    1.800451922
   17.400000000    1.793759714    1.795433350    1.799729583
   17.410000000    1.793046430    1.794718185    1.799008164
   17.420000000    1.792334049    1.794003926    1.798287664
   17.430000000    1.791622569    1.793290571    1.797568082
   17.440000000    1.790911989    1.792578118    1.796849415
   17.450000000    1.790202307    1.791866567    1.796131662
   17.460000000    1.789493522    1.791155917    1.795414822
   17.470000000    1.788785633    1.790446164    1.794698894
   17.480000000    1.788078637    1.789737309    1.793983875
   17.490000000    1.787372534    1.789029350    1.793269765
   17.500000000    1.786667322    1.788322285    1.792556562
   17.510000000    1.785963000    1.787616113    1.791844265
   17.520000000    1.785259566    1.786910832    1.791132871
   17.530000000    1.784557019    1.786206441    1.790422380
   17.540000000    1.783855358    1.785502939    1.789712791
   17.550000000    1.783154581    1.784800324    1.789004101
   17.560000000    1.782454687    1.784098595    1.788296309
   17.570000000    1.781755674    1.783397751    1.787589415
   17.580000000    1.781057541    1.782697789    1.786883416
   17.590000000    1.780360287    1.781998709    1.786178311
   17.600000000    1.779663910    1.781300510    1.785474098
   17.610000000    1.778968409    1.780603189    1.784770777
   17.620000000    1.778273782    1.779906746    1.784068345
   17.630000000    1.777580028    1.779211179    1.783366802
   17.640000000    1.776887146    1.778516486    1.782666146
   17.650000000    1.776195135    1.777822667    1.781966376
   17.660000000    1.775503992    1.777129720    1.781267489
   17.670000000    1.774813717    1.776437643    1.780569485
   17.680000000    1.774124308    1.775746436    1.779872363
   17.690000000    1.773435764    1.775056096    1.779176121
   17.700000000    1.772748083    1.774366623    1.778480757
   17.710000000    1.772061265    1.773678015    1.777786270
   17.720000000    1.771375307    1.772990270    1.777092659
   17.730000000    1.770690208    1.772303388    1.776399922
   17.740000000    1.770005968    1.771617367    1.775708058
   17.750000000    1.769322585    1.770932206    1.775017066
   17.760000000    1.768640057    1.770247903    1.774326944
   17.770000000    1.767958383    1.769564457    1.773637691
   17.780000000    1.767277561    1.768881867    1.772949305
   17.790000000    1.766597591    1.768200130    1.772261785
   17.800000000    1.765918471    1.767519247    1.771575130
   17.810000000    1.765240200    1.766839216    1.770889338
   17.820000000    1.764562776    1.766160034    1.770204408
   17.830000000    1.763886198    1.765481702    1.769520339
   17.840000000    1.763210464    1.764804217    1.768837129
   17.850000000    1.762535574    1.764127578    1.768154777
   17.860000000    1.761861527    1.763451784    1.767473281
   17.870000000    1.761188319    1.762776834    1.766792641
   17.880000000    1.760515952    1.762102726    1.766112854
   17.890000000    1.759844422    1.761429459    1.765433920
   17.900000000    1.759173729    1.760757032    1.764755837
   17.910000000    1.758503872    1.760085443    1.764078603
   17.920000000    1.757834849    1.759414691    1.763402218
   17.930000000    1.757166658    1.758744775    1.762726680
   17.940000000    1.756499300    1.758075693    1.762051988
   17.950000000    1.755832771    1.757407444    1.761378140
   17.960000000    1.755167072    1.756740027    1.760705136
   17.970000000    1.754502200    1.756073440    1.760032973
   17.980000000    1.753838154    1.755407683    1.759361650
   17.990000000    1.753174934    1.754742753    1.758691167
   18.000000000    1.752512538    1.754078651    1.758021521
   18.010000000    1.751850964    1.753415373    1.757352712
   18.020000000    1.751190211    1.752752919    1.756684737
   18.030000000    1.750530278    1.752091288    1.756017597
   18.040000000    1.749871164    1.751430479    1.755351289
   18.050000000    1.749212867    1.750770490    1.754685813
   18.060000000    1.748555386    1.750111319    1.754021166
   18.070000000    1.747898720    1.749452966    1.753357348
   18.080000000    1.747242868    1.748795430    1.752694357
   18.090000000    1.746587828    1.748138708    1.752032192
   18.100000000    1.745933599    1.747482800    1.751370852
   18.110000000    1.745280180    1.746827705    1.750710335
   18.120000000    1.744627570    1.746173421    1.750050640
   18.130000000    1.743975767    1.745519947    1.749391766
   18.140000000    1.743324769    1.744867282    1.748733712
   18.150000000    1.742674577    1.744215424    1.748076475
   18.160000000    1.742025188    1.743564372    1.747420056
   18.170000000    1.741376601    1.742914126    1.746764452
   18.180000000    1.740728816    1.742264683    1.746109663
   18.190000000    1.740081830    1.741616042    1.745455687
   18.200000000    1.739435642    1.740968203    1.744802523
   18.210000000    1.738790252    1.740321164    1.744150169
   18.220000000    1.738145658    1.739674923    1.743498625
   18.230000000    1.737501859    1.739029480    1.742847888
   18.240000000    1.736858853    1.738384833    1.742197958
   18.250000000    1.736216640    1.737740981    1.741548834
   18.260000000    1.735575218    1.737097922    1.740900514
   18.270000000    1.734934586    1.736455657    1.740252997
   18.280000000    1.734294742    1.735814182    1.739606282
   18.290000000    1.733655686    1.735173498    1.738960367
   18.300000000    1.733017416    1.734533603    1.738315252
   18.310000000    1.732379931    1.733894495    1.737670934
   18.320000000    1.731743230    1.733256173    1.737027413
   18.330000000    1.731107312    1.732618637    1.736384688
   18.340000000    1.730472175    1.731981885    1.735742757
   18.350000000    1.729837818    1.731345915    1.735101618
   18.360000000    1.729204240    1.730710727    1.734461272
   18.370000000    1.728571440    1.730076320    1.733821716
   18.380000000    1.727939416    1.729442691    1.733182950
   18.390000000    1.727308168    1.728809840    1.732544971
   18.400000000    1.726677694    1.728177767    1.731907780
   18.410000000    1.726047993    1.727546468    1.731271373
   18.420000000    1.725419064    1.726915944    1.730635752
   18.430000000    1.724790905    1.726286193    1.730000913
   18.440000000    1.724163516    1.725657214    1.729366857
   18.450000000    1.723536895    1.725029006    1.728733581
   18.460000000    1.722911041    1.724401567    1.728101085
   18.470000000    1.722285953    1.723774897    1.727469367
   18.480000000    1.721661629    1.723148994    1.726838426
   18.490000000    1.721038069    1.722523857    1.726208261
   18.500000000    1.720415271    1.721899485    1.725578871
   18.510000000    1.719793235    1.721275876    1.724950254
   18.520000000    1.719171958    1.720653030    1.724322409
   18.530000000    1.718551440    1.720030945    1.723695336
   18.540000000    1.717931680    1.719409620    1.723069032
   18.550000000    1.717312676    1.718789054    1.722443497
   18.560000000    1.716694428    1.718169246    1.721818730
   18.570000000    1.716076933    1.717550194    1.721194729
   18.580000000    1.715460192    1.716931898    1.720571493
   18.590000000    1.714844203    1.716314356    1.719949021
   18.600000000    1.714228964    1.715697568    1.719327311
   18.610000000    1.713614475    1.715081531    1.718706364
   18.620000000    1.713000734    1.714466245    1.718086176
   18.630000000    1.712387740    1.713851709    1.717466748
   18.640000000    1.711775492    1.713237921    1.716848078
   18.650000000    1.711163990    1.712624881    1.716230165
   18.660000000    1.710553231    1.712012586    1.715613008
   18.670000000    1.709943215    1.711401037    1.714996605
   18.680000000    1.709333940    1.710790232    1.714380955
   18.690000000    1.708725405    1.710180170    1.713766058
   18.700000000    1.708117610    1.709570849    1.713151911
   18.710000000    1.707510553    1.708962268    1.712538515
   18.720000000    1.706904233    1.708354428    1.711925867
   18.730000000    1.706298649    1.707747325    1.711313967
   18.740000000    1.705693800    1.707140959    1.710702813
   18.750000000    1.705089684    1.706535330    1.710092404
   18.760000000    1.704486300    1.705930435    1.709482740
   18.770000000    1.703883648    1.705326274    1.708873818
   18.780000000    1.703281726    1.704722845    1.708265638
   18.790000000    1.702680534    1.704120148    1.707658199
   18.800000000    1.702080069    1.703518182    1.707051500
   18.810000000    1.701480331    1.702916944    1.706445539
   18.820000000    1.700881319    1.702316435    1.705840315
   18.830000000    1.700283032    1.701716653    1.705235827
   18.840000000    1.699685468    1.701117596    1.704632074
   18.850000000    1.699088627    1.700519265    1.704029056
   18.860000000    1.698492507    1.699921657    1.703426769
   18.870000000    1.697897108    1.699324772    1.702825215
   18.880000000    1.697302427    1.698728608    1.702224391
   18.890000000    1.696708465    1.698133165    1.701624296
   18.900000000    1.696115219    1.697538440    1.701024930
   18.910000000    1.695522690    1.696944434    1.700426290
   18.920000000    1.694930875    1.696351146    1.699828377
   18.930000000    1.694339774    1.695758573    1.699231188
   18.940000000    1.693749386    1.695166715    1.698634724
   18.950000000    1.693159709    1.694575571    1.698038981
   18.960000000    1.692570743    1.693985139    1.697443961
   18.970000000    1.691982486    1.693395420    1.696849661
   18.980000000    1.691394937    1.692806410    1.696256080
   18.990000000    1.690808096    1.692218111    1.695663218
   19.000000000    1.690221961    1.691630520    1.695071072
   19.010000000    1.689636530    1.691043636    1.694479643
   19.020000000    1.689051804    1.690457458    1.693888929
   19.030000000    1.688467781    1.689871985    1.693298928
   19.040000000    1.687884460    1.689287217    1.692709641
   19.050000000    1.687301839    1.688703152    1.692121064
   19.060000000    1.686719918    1.688119788    1.691533199
   19.070000000    1.686138696    1.687537126    1.690946043
   19.080000000    1.685558172    1.686955163    1.690359595
   19.090000000    1.684978344    1.686373899    1.689773855
   19.100000000    1.684399211    1.685793333    1.689188821
   19.110000000    1.683820774    1.685213464    1.688604492
   19.120000000    1.683243029    1.684634290    1.688020868
   19.130000000    1.682665977    1.684055810    1.687437946
   19.140000000    1.682089616    1.683478025    1.686855726
   19.150000000    1.681513945    1.682900931    1.686274207
   19.160000000    1.680938964    1.682324529    1.685693388
   19.170000000    1.680364671    1.681748818    1.685113268
   19.180000000    1.679791065    1.681173795    1.684533845
   19.190000000    1.679218145    1.680599461    1.683955119
   19.200000000    1.678645910    1.680025815    1.683377089
   19.210000000    1.678074359    1.679452854    1.682799753
   19.220000000    1.677503491    1.678880579    1.682223110
   19.230000000    1.676933305    1.678308987    1.681647160
   19.240000000    1.676363800    1.677738079    1.681071901
   19.250000000    1.675794975    1.677167853    1.680497333
   19.260000000    1.675226829    1.676598308    1.679923453
   19.270000000    1.674659361    1.676029442    1.679350262
   19.280000000    1.674092569    1.675461256    1.678777758
   19.290000000    1.673526454    1.674893748    1.678205940
   19.300000000    1.672961013    1.674326916    1.677634807
   19.310000000    1.672396246    1.673760761    1.677064359
   19.320000000    1.671832151    1.673195280    1.676494593
   19.330000000    1.671268729    1.672630474    1.675925509
   19.340000000    1.670705977    1.672066340    1.675357106
   19.350000000    1.670143895    1.671502878    1.674789382
   19.360000000    1.669582482    1.670940086    1.674222338
   19.370000000    1.669021736    1.670377965    1.673655971
   19.380000000    1.668461657    1.669816512    1.673090282
   19.390000000    1.667902244    1.669255728    1.672525268
   19.400000000    1.667343495    1.668695610    1.671960928
   19.410000000    1.666785411    1.668136157    1.671397263
   19.420000000    1.666227989    1.667577370    1.670834270
   19.430000000    1.665671228    1.667019246    1.670271949
   19.440000000    1.665115129    1.666461785    1.669710298
   19.450000000    1.664559689    1.665904986    1.669149317
   19.460000000    1.664004908    1.665348848    1.668589005
   19.470000000    1.663450785    1.664793369    1.668029360
   19.480000000    1.662897318    1.664238550    1.667470382
   19.490000000    1.662344507    1.663684388    1.666912070
   19.500000000    1.661792351    1.663130883    1.666354422
   19.510000000    1.661240849    1.662578034    1.665797437
   19.520000000    1.660690000    1.662025840    1.665241116
   19.530000000    1.660139803    1.661474299    1.664685456
   19.540000000    1.659590256    1.660923412    1.664130456
   19.550000000    1.659041360    1.660373176    1.663576116
   19.560000000    1.658493112    1.659823592    1.663022435
   19.570000000    1.657945512    1.659274657    1.662469411
   19.580000000    1.657398560    1.658726372    1.661917044
   19.590000000    1.656852253    1.658178734    1.661365333
   19.600000000    1.656306592    1.657631744    1.660814276
   19.610000000    1.655761574    1.657085400    1.660263873
   19.620000000    1.655217200    1.656539701    1.659714122
   19.630000000    1.654673468    1.655994646    1.659165024
   19.640000000    1.654130377    1.655450234    1.658616576
   19.650000000    1.653587926    1.654906464    1.658068777
   19.660000000    1.653046115    1.654363336    1.657521628
   19.670000000    1.652504942    1.653820848    1.656975126
   19.680000000    1.651964407    1.653279000    1.656429271
   19.690000000    1.651424508    1.652737790    1.655884062
   19.700000000    1.650885245    1.652197217    1.655339498
   19.710000000    1.650346616    1.651657281    1.654795577
   19.720000000    1.649808620    1.651117980    1.654252300
   19.730000000    1.649271258    1.650579315    1.653709664
   19.740000000    1.648734527    1.650041282    1.653167670
   19.750000000    1.648198427    1.649503883    1.652626316
   19.760000000    1.647662957    1.648967115    1.652085600
   19.770000000    1.647128116    1.648430978    1.651545523
   19.780000000    1.646593902    1.647895471    1.651006083
   19.790000000    1.646060316    1.647360594    1.650467279
   19.800000000    1.645527356    1.646826344    1.649929111
   19.810000000    1.644995021    1.646292721    1.649391576
   19.820000000    1.644463311    1.645759724    1.648854676
   19.830000000    1.643932223    1.645227353    1.648318407
   19.840000000    1.643401758    1.644695606    1.647782770
   19.850000000    1.642871915    1.644164482    1.647247764
   19.860000000    1.642342692    1.643633981    1.646713387
   19.870000000    1.641814089    1.643104101    1.646179639
   19.880000000    1.641286105    1.642574842    1.645646518
   19.890000000    1.640758738    1.642046203    1.645114025
   19.900000000    1.640231988    1.641518182    1.644582157
   19.910000000    1.639705854    1.640990780    1.644050914
   19.920000000    1.639180336    1.640463994    1.643520295
   19.930000000    1.638655431    1.639937824    1.642990299
   19.940000000    1.638131140    1.639412269    1.642460925
   19.950000000    1.637607461    1.638887329    1.641932172
   19.960000000    1.637084393    1.638363002    1.641404040
   19.970000000    1.636561936    1.637839287    1.640876526
   19.980000000    1.636040089    1.637316184    1.640349632
   19.990000000    1.635518850    1.636793691    1.639823354
   20.000000000    1.634998220    1.636271808    1.639297694
   20.010000000    1.634478196    1.635750534    1.638772649
   20.020000000    1.633958778    1.635229867    1.638248218
   20.030000000    1.633439965    1.634709808    1.637724402
   20.040000000    1.632921757    1.634190354    1.637201198
   20.050000000    1.632404152    1.633671506    1.636678607
